ZIP,INSAGNT1,BKCLASS,CNTRYNAB,ZIPBR,CHRTAGNT,MSABR,UNINUMBR,STNAME,SIMS_ESTABLISHED_DATE,YEAR,CHRTAGNN,BRSERTYP,STNUMBR,SIMS_DESCRIPTION,FDICDBS,DOCKET,CNTRYNA,NAMEHCR,UNIT,OCCDIST,DEPSUM,DEPDOM,ESCROW,CITY2BR,HCTMULT,INSURED,SIMS_PROJECTION,BRCENM,CHARTER,BKMO,CONSOLD,DIVISIONB,ADDRESS,CSABR,DEPSUMBR,RSSDHCR,CNTYNUMB,CERT,SIMS_LATITUDE,STALP,SPECGRP,CALL,DENOVO,FDICNAME,RSSDID,NAMEBR,METROBR,NECNAMB,CNTYNAMB,SPECDESC,OCCNAME,NECTABR,SIMS_ACQUIRED_DATE,MICROBR,BRNUM,CB,STALPBR,USA,STNAMEBR,FED,REGAGNT,FEDNAME,ASSET,INSBRTS,PLACENUM,ADDRESBR,SIMS_LONGITUDE,INSBRDD,CITYHCR,STCNTY,CSANAMBR,CITY,CLCODE,STCNTYBR,CBSA_DIV_NAMB,MSANAMB,NAMEFULL,CITYBR,STALPHCR,ID
53946,DIF,NM,United States,53946,STATE,0,6394,Wisconsin,01/20/1910,2023,State Agency,11,55,100.0,9,13641,United States,"FS BANCSHARES, INC.",0,,179224,179224,,Markesan,ONE,CB,EXACT,M,STATE,1,0,0,86 E Water St,0,70255,1249691,47,10004,43.706249996883,WI,2,CALL,0,Chicago,599643,Ergo Bank,0,,Green Lake,AGRICULTURAL,,,,0,0,1,WI,1,Wisconsin,7,FDIC,Chicago,221162,,0,86 E Water St,-88.9863210027042,,MARKESAN,55047,,Markesan,21,55047,,,Ergo Bank,Markesan,WI,2023_10004_0
53946,DIF,NM,United States,53933,STATE,0,6890,Wisconsin,03/02/1891,2023,State Agency,11,55,US_Streets,9,13641,United States,"FS BANCSHARES, INC.",0,,0,179224,,Fox Lake,ONE,CB,M,,STATE,0,0,0,86 E Water St,376,50231,1249691,27,10004,43.566038,WI,2,CALL,0,Chicago,599643,314 West State Street Branch,0,,Dodge,AGRICULTURAL,,,09/28/1991,1,1,1,WI,1,Wisconsin,7,FDIC,Chicago,221162,,0,314 West State Street,-88.909526,,MARKESAN,55047,"Milwaukee-Racine-Waukesha, WI",Markesan,21,55027,,,Ergo Bank,Fox Lake,WI,2023_10004_1
53946,DIF,NM,United States,54648,STATE,0,9502,Wisconsin,03/25/1933,2023,State Agency,11,55,100.0,9,13641,United States,"FS BANCSHARES, INC.",0,,0,179224,,Norwalk,ONE,CB,EXACT,,STATE,0,0,0,86 E Water St,317,12157,1249691,81,10004,43.8322380063274,WI,2,CALL,0,Chicago,599643,Norwalk Branch,0,,Monroe,AGRICULTURAL,,,03/22/2023,1,2,1,WI,1,Wisconsin,7,FDIC,Chicago,221162,,0,108 Main St,-90.6222599607996,,MARKESAN,55047,"La Crosse-Onalaska-Sparta, WI-MN",Markesan,21,55081,,,Ergo Bank,Norwalk,WI,2023_10004_2
53946,DIF,NM,United States,54670,STATE,0,441046,Wisconsin,01/01/2005,2023,State Agency,11,55,US_Streets,9,13641,United States,"FS BANCSHARES, INC.",0,,0,179224,,Wilton,ONE,CB,M,,STATE,0,0,0,86 E Water St,317,21584,1249691,81,10004,43.814413,WI,2,CALL,0,Chicago,599643,Wilton Branch,0,,Monroe,AGRICULTURAL,,,03/22/2023,1,3,1,WI,1,Wisconsin,7,FDIC,Chicago,221162,,0,406 Main Street,-90.528106,,MARKESAN,55047,"La Crosse-Onalaska-Sparta, WI-MN",Markesan,21,55081,,,Ergo Bank,Wilton,WI,2023_10004_3
53946,DIF,NM,United States,54638,STATE,0,7860,Wisconsin,03/22/2023,2023,State Agency,11,55,100.0,9,13641,United States,"FS BANCSHARES, INC.",0,,0,179224,,Kendall,ONE,CB,EXACT,,STATE,0,,0,86 E Water St,317,24997,1249691,81,10004,43.7922609801368,WI,2,CALL,0,Chicago,599643,Kendall Branch,0,,Monroe,AGRICULTURAL,,,03/22/2023,1,4,1,WI,1,Wisconsin,7,FDIC,Chicago,221162,,0,102 E South Railroad St,-90.3684499814959,,MARKESAN,55047,"La Crosse-Onalaska-Sparta, WI-MN",Markesan,21,55081,,,Ergo Bank,Kendall,WI,2023_10004_4
53566,DIF,NM,United States,53566,STATE,31540,6400,Wisconsin,01/01/1915,2023,State Agency,11,55,100.0,9,0,United States,"WOODFORD BANCSHARES, INC.",0,,318154,318154,,Monroe,ONE,CB,EXACT,"M,E",STATE,1,,0,403 W 8th St,357,200528,2961347,45,10011,42.6040529890936,WI,4,CALL,0,Chicago,93244,Woodford State Bank,1,,Green,COMMERCIAL LENDING,,,,0,0,1,WI,1,Wisconsin,7,FDIC,Chicago,412304,,0,403 W 8th St,-89.6620579667678,,MONROE,55045,"Madison-Janesville-Beloit, WI",Monroe,21,55045,,"Madison, WI",Woodford State Bank,Monroe,WI,2023_10011_0
53566,DIF,NM,United States,53504,STATE,0,221691,Wisconsin,08/06/1999,2023,State Agency,11,55,US_Streets,9,0,United States,"WOODFORD BANCSHARES, INC.",0,,0,318154,,Argyle,ONE,CB,M,E,STATE,0,,0,403 W 8th St,0,27724,2961347,65,10011,42.70099,WI,4,CALL,0,Chicago,93244,Argyle Branch,0,,Lafayette,COMMERCIAL LENDING,,,,0,2,1,WI,1,Wisconsin,7,FDIC,Chicago,412304,,0,101 Spruce Street,-89.8756,,MONROE,55045,,Monroe,21,55065,,,Woodford State Bank,Argyle,WI,2023_10011_2
53566,DIF,NM,United States,53587,STATE,0,362475,Wisconsin,10/15/2001,2023,State Agency,11,55,US_Zipcode,9,0,United States,"WOODFORD BANCSHARES, INC.",0,,0,318154,,South Wayne,ONE,CB,M,E,STATE,0,,0,403 W 8th St,0,26030,2961347,65,10011,42.577433,WI,4,CALL,0,Chicago,93244,South Wayne Branch,0,,Lafayette,COMMERCIAL LENDING,,,,0,4,1,WI,1,Wisconsin,7,FDIC,Chicago,412304,,0,212 West High 11,-89.902103,,MONROE,55045,,Monroe,21,55065,,,Woodford State Bank,South Wayne,WI,2023_10011_4
53566,DIF,NM,United States,53516,STATE,0,7441,Wisconsin,01/01/1917,2023,State Agency,11,55,100.0,9,0,United States,"WOODFORD BANCSHARES, INC.",0,,0,318154,,Blanchardville,ONE,CB,EXACT,E,STATE,0,,0,403 W 8th St,0,19374,2961347,65,10011,42.8096800170884,WI,4,CALL,0,Chicago,93244,Blanchardville Branch,0,,Lafayette,COMMERCIAL LENDING,,,10/01/2007,0,5,1,WI,1,Wisconsin,7,FDIC,Chicago,412304,,0,319 S Main St,-89.8627229919018,,MONROE,55045,,Monroe,21,55065,,,Woodford State Bank,Blanchardville,WI,2023_10011_5
53566,DIF,NM,United States,53574,STATE,31540,632210,Wisconsin,03/15/2021,2023,State Agency,11,55,100.0,9,0,United States,"WOODFORD BANCSHARES, INC.",0,,0,318154,,New Glarus,ONE,CB,EXACT,E,STATE,0,,0,403 W 8th St,357,9000,2961347,45,10011,42.8133600078585,WI,4,CALL,0,Chicago,93244,New Glarus Branch,1,,Green,COMMERCIAL LENDING,,,,0,6,1,WI,1,Wisconsin,7,FDIC,Chicago,412304,,0,618 State Road 69,-89.6308880157913,,MONROE,55045,"Madison-Janesville-Beloit, WI",Monroe,21,55045,,"Madison, WI",Woodford State Bank,New Glarus,WI,2023_10011_6
53566,DIF,NM,United States,53530,STATE,0,360880,Wisconsin,05/29/2001,2023,State Agency,11,55,100.0,9,0,United States,"WOODFORD BANCSHARES, INC.",0,,0,318154,,Darlington,ONE,CB,EXACT,E,STATE,0,,0,403 W 8th St,0,35498,2961347,65,10011,42.6673420158529,WI,4,CALL,0,Chicago,93244,Darlington Branch,0,,Lafayette,COMMERCIAL LENDING,,,02/14/2022,0,7,1,WI,1,Wisconsin,7,FDIC,Chicago,412304,,0,15815 Highway 81,-90.1290650061001,,MONROE,55045,,Monroe,21,55065,,,Woodford State Bank,Darlington,WI,2023_10011_7
54909,DIF,NM,United States,54909,STATE,0,6401,Wisconsin,01/01/1901,2023,State Agency,11,55,100.0,9,11965,United States,"PORTAGE COUNTY BANCSHARES, INC.",0,,167197,167197,,Almond,ONE,CB,EXACT,M,STATE,1,,0,1155 County Road D,554,53907,1141133,97,10012,44.2578870171019,WI,2,CALL,0,Chicago,12647,The Portage County Bank,0,,Portage,AGRICULTURAL,,,,1,0,1,WI,1,Wisconsin,7,FDIC,Chicago,200304,,0,1155 County Road D,-89.4103400266777,,ALMOND,55097,"Wausau-Stevens Point-Wisconsin Rapids, WI",Almond,21,55097,,,The Portage County Bank,Almond,WI,2023_10012_0
54909,DIF,NM,United States,54467,STATE,0,221692,Wisconsin,09/23/1991,2023,State Agency,11,55,100.0,9,11965,United States,"PORTAGE COUNTY BANCSHARES, INC.",0,,0,167197,,Plover,ONE,CB,EXACT,,STATE,0,,0,1155 County Road D,554,15863,1141133,97,10012,44.4603759862764,WI,2,CALL,0,Chicago,12647,Plover Branch,0,,Portage,AGRICULTURAL,,,,1,1,1,WI,1,Wisconsin,7,FDIC,Chicago,200304,,0,2520 Post Rd,-89.5429149966421,,ALMOND,55097,"Wausau-Stevens Point-Wisconsin Rapids, WI",Almond,21,55097,,,The Portage County Bank,Plover,WI,2023_10012_1
54909,DIF,NM,United States,54482,STATE,0,469744,Wisconsin,12/17/2007,2023,State Agency,11,55,100.0,9,11965,United States,"PORTAGE COUNTY BANCSHARES, INC.",0,,0,167197,,Stevens Point,ONE,CB,EXACT,,STATE,0,,0,1155 County Road D,554,30169,1141133,97,10012,44.4981970193322,WI,2,CALL,0,Chicago,12647,Vern Holmes Drive Branch,0,,Portage,AGRICULTURAL,,,,1,4,1,WI,1,Wisconsin,7,FDIC,Chicago,200304,,0,5417 Vern Holmes Dr,-89.514678963234,,ALMOND,55097,"Wausau-Stevens Point-Wisconsin Rapids, WI",Almond,21,55097,,,The Portage County Bank,Stevens Point,WI,2023_10012_4
54909,DIF,NM,United States,54921,STATE,0,7850,Wisconsin,10/07/1912,2023,State Agency,11,55,100.0,9,11965,United States,"PORTAGE COUNTY BANCSHARES, INC.",0,,0,167197,,Bancroft,ONE,CB,EXACT,,STATE,0,,0,1155 County Road D,554,16059,1141133,97,10012,44.3097020146948,WI,2,CALL,0,Chicago,12647,Bancroft Branch,0,,Portage,AGRICULTURAL,,,12/04/2016,1,5,1,WI,1,Wisconsin,7,FDIC,Chicago,200304,,0,5496 County Rd W,-89.5142140190649,,ALMOND,55097,"Wausau-Stevens Point-Wisconsin Rapids, WI",Almond,21,55097,,,The Portage County Bank,Bancroft,WI,2023_10012_5
54909,DIF,NM,United States,54494,STATE,0,226864,Wisconsin,10/16/1992,2023,State Agency,11,55,US_Streets,9,11965,United States,"PORTAGE COUNTY BANCSHARES, INC.",0,,0,167197,,Wisconsin Rapids,ONE,CB,M,,STATE,0,,0,1155 County Road D,554,13997,1141133,141,10012,44.305188,WI,2,CALL,0,Chicago,12647,Saratoga Branch,0,,Wood,AGRICULTURAL,,,12/04/2016,1,7,1,WI,1,Wisconsin,7,FDIC,Chicago,200304,,0,9031 Highway 13 South,-89.810049,,ALMOND,55097,"Wausau-Stevens Point-Wisconsin Rapids, WI",Almond,21,55141,,,The Portage County Bank,Wisconsin Rapids,WI,2023_10012_7
54909,DIF,NM,United States,54966,STATE,0,365860,Wisconsin,11/01/2002,2023,State Agency,11,55,100.0,9,11965,United States,"PORTAGE COUNTY BANCSHARES, INC.",0,,0,167197,,Plainfield,ONE,CB,EXACT,,STATE,0,,0,1155 County Road D,0,37202,1141133,137,10012,44.2135029957693,WI,2,CALL,0,Chicago,12647,Plainfield Branch,0,,Waushara,AGRICULTURAL,,,12/04/2016,0,9,1,WI,1,Wisconsin,7,FDIC,Chicago,200304,,0,123 W North St,-89.4935090418409,,ALMOND,55097,,Almond,21,55137,,,The Portage County Bank,Plainfield,WI,2023_10012_9
54757,DIF,NM,United States,54757,STATE,20740,6404,Wisconsin,08/28/1907,2023,State Agency,11,55,100.0,9,0,United States,"SECURITY BANK SHARES, INC.",0,,138032,138032,,New Auburn,MULT,CB,EXACT,M,STATE,1,,0,112 E Main St,232,76978,1128497,17,10015,45.2041540132855,WI,4,CALL,0,Chicago,20053,Security Bank,1,,Chippewa,COMMERCIAL LENDING,,,,0,0,1,WI,1,Wisconsin,9,FDIC,Minneapolis,166170,,0,112 E Main St,-91.5608120018434,,IRON RIVER,55017,"Eau Claire-Menomonie, WI",New Auburn,21,55017,,"Eau Claire, WI",Security Bank,New Auburn,WI,2023_10015_0
54757,DIF,NM,United States,54765,STATE,0,221699,Wisconsin,10/02/1935,2023,State Agency,11,55,US_Zipcode,9,0,United States,"SECURITY BANK SHARES, INC.",0,,0,138032,,Sand Creek,MULT,CB,M,,STATE,0,,0,112 E Main St,232,9413,1128497,33,10015,45.17767,WI,4,CALL,0,Chicago,20053,Sand Creek Branch,0,,Dunn,COMMERCIAL LENDING,,,,1,1,1,WI,1,Wisconsin,9,FDIC,Minneapolis,166170,,0,County Road 1,-91.676218,,IRON RIVER,55017,"Eau Claire-Menomonie, WI",New Auburn,21,55033,,,Security Bank,Sand Creek,WI,2023_10015_1
54757,DIF,NM,United States,54763,STATE,0,461649,Wisconsin,02/20/2007,2023,State Agency,11,55,US_Streets,9,0,United States,"SECURITY BANK SHARES, INC.",0,,0,138032,,Ridgeland,MULT,CB,M,,STATE,0,,0,112 E Main St,232,33822,1128497,33,10015,45.203791,WI,4,CALL,0,Chicago,20053,Ridgeland Office Branch,0,,Dunn,COMMERCIAL LENDING,,,,1,2,1,WI,1,Wisconsin,9,FDIC,Minneapolis,166170,,0,101 Main Street,-91.897244,,IRON RIVER,55017,"Eau Claire-Menomonie, WI",New Auburn,21,55033,,,Security Bank,Ridgeland,WI,2023_10015_2
54757,DIF,NM,United States,54724,STATE,20740,614811,Wisconsin,04/01/2019,2023,State Agency,11,55,100.0,9,0,United States,"SECURITY BANK SHARES, INC.",0,,0,138032,,Bloomer,MULT,CB,EXACT,,STATE,0,,0,112 E Main St,232,17819,1128497,17,10015,45.0999190123286,WI,4,CALL,0,Chicago,20053,Bloomer Office,1,,Chippewa,COMMERCIAL LENDING,,,,0,4,1,WI,1,Wisconsin,9,FDIC,Minneapolis,166170,,0,1923 17th Ave,-91.4989610163024,,IRON RIVER,55017,"Eau Claire-Menomonie, WI",New Auburn,21,55017,,"Eau Claire, WI",Security Bank,Bloomer,WI,2023_10015_4
54935,DIF,N,United States,54935,OCC,22540,6419,Wisconsin,12/20/1933,2023,Comptroller of the Currency,11,55,100.0,9,10433,United States,NEB CORPORATION,0,4,2162251,2162251,,Fond du Lac,ONE,CB,EXACT,M,FED,1,,0,130 S Main St,0,755234,1202052,39,10044,43.7751139950823,WI,4,CALL,0,Chicago,722544,National Exchange Bank And Trust,1,,Fond Du Lac,COMMERCIAL LENDING,Western,,,0,0,1,WI,1,Wisconsin,7,OCC,Chicago,2726831,,0,130 S Main St,-88.4475480245648,,FOND DU LAC,55039,,Fond Du Lac,3,55039,,"Fond du Lac, WI",National Exchange Bank and Trust,Fond Du Lac,WI,2023_10044_0
54935,DIF,N,United States,53057,OCC,22540,7968,Wisconsin,10/18/1909,2023,Comptroller of the Currency,11,55,100.0,9,10433,United States,NEB CORPORATION,0,4,0,2162251,,Mount Calvary,ONE,CB,EXACT,,FED,0,,0,130 S Main St,0,60095,1202052,39,10044,43.826055011631,WI,4,CALL,0,Chicago,722544,Mount Calvary Branch,1,,Fond Du Lac,COMMERCIAL LENDING,Western,,06/23/1989,0,1,1,WI,1,Wisconsin,7,OCC,Chicago,2726831,,0,516 Fond Du Lac St,-88.2451030184725,,FOND DU LAC,55039,,Fond Du Lac,3,55039,,"Fond du Lac, WI",National Exchange Bank and Trust,Mount Calvary,WI,2023_10044_1
54935,DIF,N,United States,53095,OCC,33340,221732,Wisconsin,12/11/1995,2023,Comptroller of the Currency,11,55,100.0,9,10433,United States,NEB CORPORATION,0,4,0,2162251,,West Bend,ONE,CB,EXACT,,FED,0,,0,130 S Main St,376,70220,1202052,131,10044,43.3987157481717,WI,4,CALL,0,Chicago,722544,West Bend Branch,1,,Washington,COMMERCIAL LENDING,Western,,,0,10,1,WI,1,Wisconsin,7,OCC,Chicago,2726831,,0,1320 W Paradise Dr,-88.194094108508,,FOND DU LAC,55039,"Milwaukee-Racine-Waukesha, WI",Fond Du Lac,3,55131,,"Milwaukee-Waukesha, WI",National Exchange Bank and Trust,West Bend,WI,2023_10044_10
54935,DIF,N,United States,54935,OCC,22540,221733,Wisconsin,07/31/1997,2023,Comptroller of the Currency,11,55,100.0,9,10433,United States,NEB CORPORATION,0,4,0,2162251,,Fond du Lac,ONE,CB,EXACT,,FED,0,,0,130 S Main St,0,17962,1202052,39,10044,43.7884149857743,WI,4,CALL,0,Chicago,722544,North Main Street Branch,1,,Fond Du Lac,COMMERCIAL LENDING,Western,,,0,11,1,WI,1,Wisconsin,7,OCC,Chicago,2726831,,0,346 N Main St,-88.447421960741,,FOND DU LAC,55039,,Fond Du Lac,3,55039,,"Fond du Lac, WI",National Exchange Bank and Trust,Fond Du Lac,WI,2023_10044_11
54935,DIF,N,United States,53019,OCC,22540,221734,Wisconsin,12/14/1998,2023,Comptroller of the Currency,11,55,100.0,9,10433,United States,NEB CORPORATION,0,4,0,2162251,,Eden,ONE,CB,EXACT,,FED,0,,0,130 S Main St,0,43953,1202052,39,10044,43.6933559894997,WI,4,CALL,0,Chicago,722544,Eden Branch,1,,Fond Du Lac,COMMERCIAL LENDING,Western,,,0,12,1,WI,1,Wisconsin,7,OCC,Chicago,2726831,,0,404 E Main St,-88.3577390333441,,FOND DU LAC,55039,,Fond Du Lac,3,55039,,"Fond du Lac, WI",National Exchange Bank and Trust,Eden,WI,2023_10044_12
54935,DIF,N,United States,53010,OCC,22540,270766,Wisconsin,01/01/1927,2023,Comptroller of the Currency,11,55,100.0,9,10433,United States,NEB CORPORATION,0,4,0,2162251,,Campbellsport,ONE,CB,EXACT,,FED,0,,0,130 S Main St,0,106368,1202052,39,10044,43.5987119812512,WI,4,CALL,0,Chicago,722544,Campbellsport Branch,1,,Fond Du Lac,COMMERCIAL LENDING,Western,,05/21/1999,0,13,1,WI,1,Wisconsin,7,OCC,Chicago,2726831,,0,114 N Fond Du Lac Ave,-88.2851189786033,,FOND DU LAC,55039,,Fond Du Lac,3,55039,,"Fond du Lac, WI",National Exchange Bank and Trust,Campbellsport,WI,2023_10044_13
54935,DIF,N,United States,53956,OCC,31540,8109,Wisconsin,12/08/1923,2023,Comptroller of the Currency,11,55,100.0,9,10433,United States,NEB CORPORATION,0,4,0,2162251,,Randolph,ONE,CB,EXACT,,FED,0,,0,130 S Main St,357,43009,1202052,21,10044,43.5379570133695,WI,4,CALL,0,Chicago,722544,Randolph Branch,1,,Columbia,COMMERCIAL LENDING,Western,,05/21/1999,0,14,1,WI,1,Wisconsin,7,OCC,Chicago,2726831,,0,103 N High St,-89.0072959610295,,FOND DU LAC,55039,"Madison-Janesville-Beloit, WI",Fond Du Lac,3,55021,,"Madison, WI",National Exchange Bank and Trust,Randolph,WI,2023_10044_14
54935,DIF,N,United States,53954,OCC,31540,227891,Wisconsin,09/13/1938,2023,Comptroller of the Currency,11,55,100.0,9,10433,United States,NEB CORPORATION,0,4,0,2162251,,Pardeeville,ONE,CB,EXACT,,FED,0,,0,130 S Main St,357,44048,1202052,21,10044,43.5378809895077,WI,4,CALL,0,Chicago,722544,Pardeeville Branch,1,,Columbia,COMMERCIAL LENDING,Western,,05/21/1999,0,15,1,WI,1,Wisconsin,7,OCC,Chicago,2726831,,0,113 Lake St,-89.2987309625832,,FOND DU LAC,55039,"Madison-Janesville-Beloit, WI",Fond Du Lac,3,55021,,"Madison, WI",National Exchange Bank and Trust,Pardeeville,WI,2023_10044_15
54935,DIF,N,United States,53956,OCC,0,227892,Wisconsin,05/31/1990,2023,Comptroller of the Currency,23,55,100.0,9,10433,United States,NEB CORPORATION,0,4,0,2162251,,Randolph,ONE,CB,EXACT,N,FED,0,,0,130 S Main St,376,0,1202052,27,10044,43.5378219809094,WI,4,CALL,0,Chicago,722544,Randolph Drive-In Branch,0,,Dodge,COMMERCIAL LENDING,Western,,05/21/1999,1,17,1,WI,1,Wisconsin,7,OCC,Chicago,2726831,,0,154 Stark St,-89.0058619850342,,FOND DU LAC,55039,"Milwaukee-Racine-Waukesha, WI",Fond Du Lac,3,55027,,,National Exchange Bank and Trust,Randolph,WI,2023_10044_17
54935,DIF,N,United States,53926,OCC,0,233497,Wisconsin,01/15/1934,2023,Comptroller of the Currency,11,55,US_Streets,9,10433,United States,NEB CORPORATION,0,4,0,2162251,,Dalton,ONE,CB,M,,FED,0,,0,130 S Main St,0,8089,1202052,47,10044,43.654343,WI,4,CALL,0,Chicago,722544,Dalton Branch,0,,Green Lake,COMMERCIAL LENDING,Western,,03/07/2003,0,20,1,WI,1,Wisconsin,7,OCC,Chicago,2726831,,0,509 Main Street,-89.206807,,FOND DU LAC,55039,,Fond Du Lac,3,55047,,,National Exchange Bank and Trust,Dalton,WI,2023_10044_20
54935,DIF,N,United States,53939,OCC,0,233498,Wisconsin,03/26/1990,2023,Comptroller of the Currency,11,55,US_Streets,9,10433,United States,NEB CORPORATION,0,4,0,2162251,,Kingston,ONE,CB,M,,FED,0,,0,130 S Main St,0,24269,1202052,47,10044,43.683574,WI,4,CALL,0,Chicago,722544,Kingston Branch,0,,Green Lake,COMMERCIAL LENDING,Western,,03/07/2003,0,21,1,WI,1,Wisconsin,7,OCC,Chicago,2726831,,0,120 North South Street,-89.13693,,FOND DU LAC,55039,,Fond Du Lac,3,55047,,,National Exchange Bank and Trust,Kingston,WI,2023_10044_21
54935,DIF,N,United States,53949,OCC,0,9543,Wisconsin,02/12/1900,2023,Comptroller of the Currency,11,55,100.0,9,10433,United States,NEB CORPORATION,0,4,0,2162251,,Montello,ONE,CB,EXACT,,FED,0,,0,130 S Main St,0,57723,1202052,77,10044,43.7924629840034,WI,4,CALL,0,Chicago,722544,Montello Branch,0,,Marquette,COMMERCIAL LENDING,Western,,03/07/2003,0,22,1,WI,1,Wisconsin,7,OCC,Chicago,2726831,,0,24 West St,-89.330036029839,,FOND DU LAC,55039,,Fond Du Lac,3,55077,,,National Exchange Bank and Trust,Montello,WI,2023_10044_22
54935,DIF,N,United States,53964,OCC,0,233334,Wisconsin,08/06/1990,2023,Comptroller of the Currency,11,55,100.0,9,10433,United States,NEB CORPORATION,0,4,0,2162251,,Westfield,ONE,CB,EXACT,,FED,0,,0,130 S Main St,0,31452,1202052,77,10044,43.8860629843017,WI,4,CALL,0,Chicago,722544,Westfield Branch,0,,Marquette,COMMERCIAL LENDING,Western,,03/07/2003,0,23,1,WI,1,Wisconsin,7,OCC,Chicago,2726831,,0,326 E 2nd St,-89.4868160083363,,FOND DU LAC,55039,,Fond Du Lac,3,55077,,,National Exchange Bank and Trust,Westfield,WI,2023_10044_23
54935,DIF,N,United States,53083,OCC,43100,7861,Wisconsin,01/25/1913,2023,Comptroller of the Currency,11,55,100.0,9,10433,United States,NEB CORPORATION,0,4,0,2162251,,Sheboygan,ONE,CB,EXACT,,FED,0,,0,130 S Main St,0,53763,1202052,117,10044,43.83480798166,WI,4,CALL,0,Chicago,722544,State Bank Of Howards Grove Branch,1,,Sheboygan,COMMERCIAL LENDING,Western,,04/15/2005,0,24,1,WI,1,Wisconsin,7,OCC,Chicago,2726831,,0,211 N Wisconsin Dr,-87.819927962413,,FOND DU LAC,55039,,Fond Du Lac,3,55117,,"Sheboygan, WI",National Exchange Bank and Trust,Howards Grove,WI,2023_10044_24
54935,DIF,N,United States,53916,OCC,0,437182,Wisconsin,04/19/2004,2023,Comptroller of the Currency,11,55,100.0,9,10433,United States,NEB CORPORATION,0,4,0,2162251,,Beaver Dam,ONE,CB,EXACT,,FED,0,,0,130 S Main St,376,30389,1202052,27,10044,43.4738789980644,WI,4,CALL,0,Chicago,722544,Beaver Dam Regular Branch,0,,Dodge,COMMERCIAL LENDING,Western,,04/15/2005,1,25,1,WI,1,Wisconsin,7,OCC,Chicago,2726831,,0,1609 N Spring St,-88.8244879938776,,FOND DU LAC,55039,"Milwaukee-Racine-Waukesha, WI",Fond Du Lac,3,55027,,,National Exchange Bank and Trust,Beaver Dam,WI,2023_10044_25
54935,DIF,N,United States,53002,OCC,33340,220326,Wisconsin,05/24/1973,2023,Comptroller of the Currency,11,55,100.0,9,10433,United States,NEB CORPORATION,0,4,0,2162251,,Allenton,ONE,CB,EXACT,,FED,0,,0,130 S Main St,376,21240,1202052,131,10044,43.4210356247709,WI,4,CALL,0,Chicago,722544,Allenton Branch,1,,Washington,COMMERCIAL LENDING,Western,,10/14/2005,0,26,1,WI,1,Wisconsin,7,OCC,Chicago,2726831,,0,6278 Blueberry Rd,-88.3503555824749,,FOND DU LAC,55039,"Milwaukee-Racine-Waukesha, WI",Fond Du Lac,3,55131,,"Milwaukee-Waukesha, WI",National Exchange Bank and Trust,Allenton,WI,2023_10044_26
54935,DIF,N,United States,54930,OCC,0,207566,Wisconsin,10/04/1902,2023,Comptroller of the Currency,11,55,100.0,9,10433,United States,NEB CORPORATION,0,4,0,2162251,,Coloma,ONE,CB,EXACT,,FED,0,,0,130 S Main St,0,39629,1202052,137,10044,44.0344970179882,WI,4,CALL,0,Chicago,722544,Coloma Branch,0,,Waushara,COMMERCIAL LENDING,Western,,10/14/2005,0,28,1,WI,1,Wisconsin,7,OCC,Chicago,2726831,,0,209 N Front St,-89.5227339721856,,FOND DU LAC,55039,,Fond Du Lac,3,55137,,,National Exchange Bank and Trust,Coloma,WI,2023_10044_28
54935,DIF,N,United States,54935,OCC,22540,475452,Wisconsin,10/05/2007,2023,Comptroller of the Currency,11,55,100.0,9,10433,United States,NEB CORPORATION,0,4,0,2162251,,Fond du Lac,ONE,CB,EXACT,,FED,0,,0,130 S Main St,0,12135,1202052,39,10044,43.7850589974714,WI,4,CALL,0,Chicago,722544,E. Johnson Street Branch,1,,Fond Du Lac,COMMERCIAL LENDING,Western,,,0,30,1,WI,1,Wisconsin,7,OCC,Chicago,2726831,,0,1125 E Johnson St,-88.4040710089747,,FOND DU LAC,55039,,Fond Du Lac,3,55039,,"Fond du Lac, WI",National Exchange Bank and Trust,Fond Du Lac,WI,2023_10044_30
54935,DIF,N,United States,54935,OCC,22540,13631,Wisconsin,07/10/1968,2023,Comptroller of the Currency,11,55,100.0,9,10433,United States,NEB CORPORATION,0,4,0,2162251,,Fond du Lac,ONE,CB,EXACT,,FED,0,,0,130 S Main St,0,108692,1202052,39,10044,43.7840190128349,WI,4,CALL,0,Chicago,722544,Fond Du Lac Branch,1,,Fond Du Lac,COMMERCIAL LENDING,Western,,09/10/2016,0,31,1,WI,1,Wisconsin,7,OCC,Chicago,2726831,,0,676 W Johnson St,-88.4724609686399,,FOND DU LAC,55039,,Fond Du Lac,3,55039,,"Fond du Lac, WI",National Exchange Bank and Trust,Fond Du Lac,WI,2023_10044_31
54935,DIF,N,United States,53006,OCC,0,7421,Wisconsin,02/09/1908,2023,Comptroller of the Currency,11,55,100.0,9,10433,United States,NEB CORPORATION,0,4,0,2162251,,Brownsville,ONE,CB,EXACT,,FED,0,,0,130 S Main St,376,55937,1202052,27,10044,43.6161279834882,WI,4,CALL,0,Chicago,722544,Brownsville Branch,0,,Dodge,COMMERCIAL LENDING,Western,,09/10/2016,1,32,1,WI,1,Wisconsin,7,OCC,Chicago,2726831,,0,505 Main St,-88.4884369599113,,FOND DU LAC,55039,"Milwaukee-Racine-Waukesha, WI",Fond Du Lac,3,55027,,,National Exchange Bank and Trust,Brownsville,WI,2023_10044_32
54935,DIF,N,United States,53050,OCC,0,249661,Wisconsin,07/20/1998,2023,Comptroller of the Currency,11,55,100.0,9,10433,United States,NEB CORPORATION,0,4,0,2162251,,Mayville,ONE,CB,EXACT,,FED,0,,0,130 S Main St,376,13858,1202052,27,10044,43.4948939799773,WI,4,CALL,0,Chicago,722544,Mayville Branch,0,,Dodge,COMMERCIAL LENDING,Western,,09/10/2016,1,33,1,WI,1,Wisconsin,7,OCC,Chicago,2726831,,0,1802 Horicon St,-88.5666510130123,,FOND DU LAC,55039,"Milwaukee-Racine-Waukesha, WI",Fond Du Lac,3,55027,,,National Exchange Bank and Trust,Mayville,WI,2023_10044_33
54935,DIF,N,United States,54968,OCC,0,270768,Wisconsin,01/01/1927,2023,Comptroller of the Currency,11,55,100.0,9,10433,United States,NEB CORPORATION,0,4,0,2162251,,Princeton,ONE,CB,EXACT,,FED,0,,0,130 S Main St,0,18970,1202052,47,10044,43.8508690073392,WI,4,CALL,0,Chicago,722544,Princeton Branch,0,,Green Lake,COMMERCIAL LENDING,Western,,09/10/2016,0,34,1,WI,1,Wisconsin,7,OCC,Chicago,2726831,,0,705 W Water St,-89.1327289627552,,FOND DU LAC,55039,,Fond Du Lac,3,55047,,,National Exchange Bank and Trust,Princeton,WI,2023_10044_34
54935,DIF,N,United States,54963,OCC,36780,270767,Wisconsin,01/01/1927,2023,Comptroller of the Currency,11,55,100.0,9,10433,United States,NEB CORPORATION,0,4,0,2162251,,Omro,ONE,CB,EXACT,,FED,0,,0,130 S Main St,118,19665,1202052,139,10044,44.0392729845081,WI,4,CALL,0,Chicago,722544,Omro Branch,1,,Winnebago,COMMERCIAL LENDING,Western,,09/10/2016,0,35,1,WI,1,Wisconsin,7,OCC,Chicago,2726831,,0,200 W Main St,-88.7461359746503,,FOND DU LAC,55039,"Appleton-Oshkosh-Neenah, WI",Fond Du Lac,3,55139,,"Oshkosh-Neenah, WI",National Exchange Bank and Trust,Omro,WI,2023_10044_35
54935,DIF,N,United States,53188,OCC,33340,57106,Wisconsin,09/08/1997,2023,Comptroller of the Currency,11,55,100.0,9,10433,United States,NEB CORPORATION,0,4,0,2162251,,Waukesha,ONE,CB,POSTAL,,FED,0,,0,130 S Main St,376,162093,1202052,133,10044,43.0217393105219,WI,4,CALL,0,Chicago,722544,Waukesha Branch,1,,Waukesha,COMMERCIAL LENDING,Western,,09/10/2016,0,36,1,WI,1,Wisconsin,7,OCC,Chicago,2726831,,0,W239 N1700 Busse Road,-88.2634392382295,,FOND DU LAC,55039,"Milwaukee-Racine-Waukesha, WI",Fond Du Lac,3,55133,,"Milwaukee-Waukesha, WI",National Exchange Bank and Trust,Waukesha,WI,2023_10044_36
54935,DIF,N,United States,53020,OCC,43100,262167,Wisconsin,10/16/1995,2023,Comptroller of the Currency,11,55,100.0,9,10433,United States,NEB CORPORATION,0,4,0,2162251,,Elkhart Lake,ONE,CB,EXACT,,FED,0,,0,130 S Main St,0,69182,1202052,117,10044,43.8320580049567,WI,4,CALL,0,Chicago,722544,Elkhart Lake Branch,1,,Sheboygan,COMMERCIAL LENDING,Western,,02/22/2019,0,37,1,WI,1,Wisconsin,7,OCC,Chicago,2726831,,0,274 Osthoff Ave,-88.0143189653821,,FOND DU LAC,55039,,Fond Du Lac,3,55117,,"Sheboygan, WI",National Exchange Bank and Trust,Elkhart Lake,WI,2023_10044_37
54935,DIF,N,United States,53014,OCC,11540,262169,Wisconsin,09/28/1998,2023,Comptroller of the Currency,11,55,100.0,9,10433,United States,NEB CORPORATION,0,4,0,2162251,,Chilton,ONE,CB,EXACT,,FED,0,,0,130 S Main St,118,24737,1202052,15,10044,44.017045979396,WI,4,CALL,0,Chicago,722544,Chilton Branch,1,,Calumet,COMMERCIAL LENDING,Western,,02/22/2019,0,38,1,WI,1,Wisconsin,7,OCC,Chicago,2726831,,0,1265 E Chestnut St,-88.1506969724552,,FOND DU LAC,55039,"Appleton-Oshkosh-Neenah, WI",Fond Du Lac,3,55015,,"Appleton, WI",National Exchange Bank and Trust,Chilton,WI,2023_10044_38
54935,DIF,N,United States,53963,OCC,22540,3596,Wisconsin,09/01/1905,2023,Comptroller of the Currency,11,55,100.0,9,10433,United States,NEB CORPORATION,0,4,0,2162251,,Waupun,ONE,CB,EXACT,,FED,0,,0,130 S Main St,0,108564,1202052,39,10044,43.633446001277,WI,4,CALL,0,Chicago,722544,Nbw Bank Branch,1,,Fond Du Lac,COMMERCIAL LENDING,Western,,01/24/2020,0,39,1,WI,1,Wisconsin,7,OCC,Chicago,2726831,,0,210 E Main St,-88.7316510401348,,FOND DU LAC,55039,,Fond Du Lac,3,55039,,"Fond du Lac, WI",National Exchange Bank and Trust,Waupun,WI,2023_10044_39
54935,DIF,N,United States,53061,OCC,22540,8450,Wisconsin,02/18/1918,2023,Comptroller of the Currency,11,55,100.0,9,10433,United States,NEB CORPORATION,0,4,0,2162251,,New Holstein,ONE,CB,EXACT,,FED,0,,0,130 S Main St,0,24187,1202052,39,10044,43.9209899976481,WI,4,CALL,0,Chicago,722544,Marytown Branch,1,,Fond Du Lac,COMMERCIAL LENDING,Western,,11/14/1994,0,4,1,WI,1,Wisconsin,7,OCC,Chicago,2726831,,0,N10504 County Road G,-88.202656976973,,FOND DU LAC,55039,,Fond Du Lac,3,55039,,"Fond du Lac, WI",National Exchange Bank and Trust,New Holstein,WI,2023_10044_4
54935,DIF,N,United States,53919,OCC,22540,207577,Wisconsin,02/26/1999,2023,Comptroller of the Currency,11,55,100.0,9,10433,United States,NEB CORPORATION,0,4,0,2162251,,Brandon,ONE,CB,EXACT,,FED,0,,0,130 S Main St,0,30157,1202052,39,10044,43.7344890058667,WI,4,CALL,0,Chicago,722544,Brandon Branch,1,,Fond Du Lac,COMMERCIAL LENDING,Western,,01/24/2020,0,40,1,WI,1,Wisconsin,7,OCC,Chicago,2726831,,0,102 S Woodward St,-88.7780469696867,,FOND DU LAC,55039,,Fond Du Lac,3,55039,,"Fond du Lac, WI",National Exchange Bank and Trust,Brandon,WI,2023_10044_40
54935,DIF,N,United States,54974,OCC,22540,8237,Wisconsin,01/01/1903,2023,Comptroller of the Currency,11,55,100.0,9,10433,United States,NEB CORPORATION,0,4,0,2162251,,Rosendale,ONE,CB,EXACT,,FED,0,,0,130 S Main St,0,24526,1202052,39,10044,43.8084069983142,WI,4,CALL,0,Chicago,722544,Rosendale Branch,1,,Fond Du Lac,COMMERCIAL LENDING,Western,,01/24/2020,0,42,1,WI,1,Wisconsin,7,OCC,Chicago,2726831,,0,100 Lafayette St,-88.6763309820911,,FOND DU LAC,55039,,Fond Du Lac,3,55039,,"Fond du Lac, WI",National Exchange Bank and Trust,Rosendale,WI,2023_10044_42
54935,DIF,N,United States,53001,OCC,43100,6127,Wisconsin,01/08/1908,2023,Comptroller of the Currency,11,55,100.0,9,10433,United States,NEB CORPORATION,0,4,0,2162251,,Adell,ONE,CB,EXACT,,FED,0,,0,130 S Main St,0,32343,1202052,117,10044,43.6236519988736,WI,4,CALL,0,Chicago,722544,Adell Branch,1,,Sheboygan,COMMERCIAL LENDING,Western,,11/01/1995,0,6,1,WI,1,Wisconsin,7,OCC,Chicago,2726831,,0,901 Wisconsin St,-87.9504010025181,,FOND DU LAC,55039,,Fond Du Lac,3,55117,,"Sheboygan, WI",National Exchange Bank and Trust,Adell,WI,2023_10044_6
54935,DIF,N,United States,53013,OCC,43100,220322,Wisconsin,11/12/1990,2023,Comptroller of the Currency,11,55,100.0,9,10433,United States,NEB CORPORATION,0,4,0,2162251,,Cedar Grove,ONE,CB,EXACT,,FED,0,,0,130 S Main St,0,24531,1202052,117,10044,43.5681800188349,WI,4,CALL,0,Chicago,722544,Cedar Grove Branch,1,,Sheboygan,COMMERCIAL LENDING,Western,,11/01/1995,0,7,1,WI,1,Wisconsin,7,OCC,Chicago,2726831,,0,323 S Main St,-87.8206840100794,,FOND DU LAC,55039,,Fond Du Lac,3,55117,,"Sheboygan, WI",National Exchange Bank and Trust,Cedar Grove,WI,2023_10044_7
54935,DIF,N,United States,53085,OCC,43100,221685,Wisconsin,11/16/1990,2023,Comptroller of the Currency,11,55,100.0,9,10433,United States,NEB CORPORATION,0,4,0,2162251,,Sheboygan Falls,ONE,CB,EXACT,,FED,0,,0,130 S Main St,0,25231,1202052,117,10044,43.7375789944723,WI,4,CALL,0,Chicago,722544,Sheboygan Falls Branch,1,,Sheboygan,COMMERCIAL LENDING,Western,,11/01/1995,0,9,1,WI,1,Wisconsin,7,OCC,Chicago,2726831,,0,191 N Main St,-87.8191129899673,,FOND DU LAC,55039,,Fond Du Lac,3,55117,,"Sheboygan, WI",National Exchange Bank and Trust,Sheboygan Falls,WI,2023_10044_9
55003,DIF,NM,United States,54016,STATE,33460,580089,Minnesota,06/15/2016,2023,State Agency,29,55,100.0,11,13379,United States,"UNIVERSAL FINANCIAL SERVICES, INC.",0,,0,337051,,Hudson,ONE,CB,EXACT,C,STATE,0,7,0,950 Highway 95 N,378,0,2387152,109,10159,44.9603140144424,MN,4,CALL,0,Kansas City,144856,Woodland Hill Branch,1,,St. Croix,COMMERCIAL LENDING,,,,0,6,1,WI,1,Wisconsin,9,FDIC,Minneapolis,367361,,0,441 Stageline Rd,-92.7149559802911,,BAYPORT,27163,"Minneapolis-St. Paul, MN-WI",Bayport,21,55109,,"Minneapolis-St. Paul-Bloomington, MN-WI",First State Bank and Trust,Hudson,MN,2023_10159_6
55003,DIF,NM,United States,54016,STATE,33460,641288,Minnesota,10/07/2021,2023,State Agency,11,55,100.0,11,13379,United States,"UNIVERSAL FINANCIAL SERVICES, INC.",0,,0,337051,,Hudson,ONE,CB,EXACT,E,STATE,0,,0,950 Highway 95 N,378,24100,2387152,109,10159,44.9774630111537,MN,4,CALL,0,Kansas City,144856,"Hudson, Wi Branch",1,,St. Croix,COMMERCIAL LENDING,,,,0,7,1,WI,1,Wisconsin,9,FDIC,Minneapolis,367361,,0,680 Annabelle Way,-92.7221439651782,,BAYPORT,27163,"Minneapolis-St. Paul, MN-WI",Bayport,21,55109,,"Minneapolis-St. Paul-Bloomington, MN-WI",First State Bank and Trust,Hudson,MN,2023_10159_7
53818,DIF,N,United States,53818,OCC,0,678,Wisconsin,10/28/1905,2023,Comptroller of the Currency,11,55,100.0,9,10108,United States,"MONTFORT BANCORPORATION, INC.",0,4,278360,278360,,Platteville,ONE,CB,EXACT,M,FED,1,,0,345 W Pine St,0,106244,1205325,43,1022,42.7332870162713,WI,2,CALL,0,Chicago,988144,"Clare Bank, National Association",0,,Grant,AGRICULTURAL,Western,,,1,0,1,WI,1,Wisconsin,7,OCC,Chicago,324870,,0,345 W Pine St,-90.4821390148635,,PLATTEVILLE,55043,,Platteville,3,55043,,,"Clare Bank, National Association",Platteville,WI,2023_1022_0
53818,DIF,N,United States,53807,OCC,0,187693,Wisconsin,03/25/1975,2023,Comptroller of the Currency,11,55,US_Streets,9,10108,United States,"MONTFORT BANCORPORATION, INC.",0,4,0,278360,,Cuba City,ONE,CB,M,,FED,0,,0,345 W Pine St,0,11779,1205325,43,1022,42.580716,WI,2,CALL,0,Chicago,988144,Jamestown Branch,0,,Grant,AGRICULTURAL,Western,,,1,1,1,WI,1,Wisconsin,7,OCC,Chicago,324870,,0,3810 Dry Hollow Road,-90.616125,,PLATTEVILLE,55043,,Platteville,3,55043,,,"Clare Bank, National Association",Jamestown Township,WI,2023_1022_1
53818,DIF,N,United States,53804,OCC,0,8949,Wisconsin,08/26/1909,2023,Comptroller of the Currency,11,55,100.0,9,10108,United States,"MONTFORT BANCORPORATION, INC.",0,4,0,278360,,Bloomington,ONE,CB,EXACT,,FED,0,,0,345 W Pine St,0,17546,1205325,43,1022,42.8833380028994,WI,2,CALL,0,Chicago,988144,Bloomington Main Branch,0,,Grant,AGRICULTURAL,Western,,09/30/1990,1,2,1,WI,1,Wisconsin,7,OCC,Chicago,324870,,0,475 Canal St,-90.9259020308619,,PLATTEVILLE,55043,,Platteville,3,55043,,,"Clare Bank, National Association",Bloomington,WI,2023_1022_2
53818,DIF,N,United States,53805,OCC,0,15621,Wisconsin,02/22/1977,2023,Comptroller of the Currency,11,55,100.0,9,10108,United States,"MONTFORT BANCORPORATION, INC.",0,4,0,278360,,Boscobel,ONE,CB,EXACT,,FED,0,,0,345 W Pine St,0,23958,1205325,43,1022,43.1263429965481,WI,2,CALL,0,Chicago,988144,Boscobel Main Branch,0,,Grant,AGRICULTURAL,Western,,09/30/1990,1,3,1,WI,1,Wisconsin,7,OCC,Chicago,324870,,0,1701 Elm St,-90.7079189879391,,PLATTEVILLE,55043,,Platteville,3,55043,,,"Clare Bank, National Association",Boscobel,WI,2023_1022_3
53818,DIF,N,United States,53569,OCC,0,7969,Wisconsin,03/28/1905,2023,Comptroller of the Currency,11,55,100.0,9,10108,United States,"MONTFORT BANCORPORATION, INC.",0,4,0,278360,,Montfort,ONE,CB,StreetAddress,,FED,0,,0,345 W Pine St,0,27116,1205325,43,1022,42.9685018878904,WI,2,CALL,0,Chicago,988144,Montfort Main Branch,0,,Grant,AGRICULTURAL,Western,,09/30/1990,1,4,1,WI,1,Wisconsin,7,OCC,Chicago,324870,,0,2 S Wall St,-90.4312571500149,,PLATTEVILLE,55043,,Platteville,3,55043,,,"Clare Bank, National Association",Montfort,WI,2023_1022_4
53818,DIF,N,United States,53586,OCC,0,5543,Wisconsin,01/01/1909,2023,Comptroller of the Currency,11,55,100.0,9,10108,United States,"MONTFORT BANCORPORATION, INC.",0,4,0,278360,,Shullsburg,ONE,CB,StreetAddress,,FED,0,,0,345 W Pine St,0,37460,1205325,65,1022,42.5721089290149,WI,2,CALL,0,Chicago,988144,Shullsburg Main Branch,0,,Lafayette,AGRICULTURAL,Western,,09/30/1990,0,5,1,WI,1,Wisconsin,7,OCC,Chicago,324870,,0,105 W Water St,-90.2312206438115,,PLATTEVILLE,55043,,Platteville,3,55065,,,"Clare Bank, National Association",Shullsburg,WI,2023_1022_5
53818,DIF,N,United States,53809,OCC,0,285301,Wisconsin,11/08/1971,2023,Comptroller of the Currency,11,55,100.0,9,10108,United States,"MONTFORT BANCORPORATION, INC.",0,4,0,278360,,Fennimore,ONE,CB,EXACT,,FED,0,,0,345 W Pine St,0,28533,1205325,43,1022,42.9886890123546,WI,2,CALL,0,Chicago,988144,1290 4Th Street Branch,0,,Grant,AGRICULTURAL,Western,,10/01/1992,1,7,1,WI,1,Wisconsin,7,OCC,Chicago,324870,,0,1290 4th St,-90.6563810122462,,PLATTEVILLE,55043,,Platteville,3,55043,,,"Clare Bank, National Association",Fennimore,WI,2023_1022_7
53818,DIF,N,United States,53573,OCC,0,285302,Wisconsin,06/30/1989,2023,Comptroller of the Currency,11,55,100.0,9,10108,United States,"MONTFORT BANCORPORATION, INC.",0,4,0,278360,,Muscoda,ONE,CB,EXACT,,FED,0,,0,345 W Pine St,0,25724,1205325,43,1022,43.1851259959792,WI,2,CALL,0,Chicago,988144,107 W Nebraska Branch,0,,Grant,AGRICULTURAL,Western,,10/01/1992,1,8,1,WI,1,Wisconsin,7,OCC,Chicago,324870,,0,107 W Nebraska St,-90.4435789913142,,PLATTEVILLE,55043,,Platteville,3,55043,,,"Clare Bank, National Association",Muscoda,WI,2023_1022_8
54414,DIF,NM,United States,54414,STATE,0,6646,Wisconsin,01/01/1900,2023,State Agency,11,55,100.0,9,9734,United States,"BANNER BANCORP, LTD",0,,107736,107736,,Birnamwood,ONE,CB,EXACT,M,STATE,1,,0,416 Main St,267,44972,1207691,115,10374,44.9316510068866,WI,2,CALL,0,Chicago,453147,Banner Banks,0,,Shawano,AGRICULTURAL,,,,1,0,1,WI,1,Wisconsin,7,FDIC,Chicago,120620,,0,416 Main St,-89.20870404188,,BIRNAMWOOD,55115,"Green Bay-Shawano, WI",Birnamwood,21,55115,,,Banner Banks,Birnamwood,WI,2023_10374_0
54414,DIF,NM,United States,54440,STATE,48140,222348,Wisconsin,11/02/1945,2023,State Agency,11,55,100.0,9,9734,United States,"BANNER BANCORP, LTD",0,,0,107736,,Hatley,ONE,CB,StreetAddress,,STATE,0,,0,416 Main St,554,29974,1207691,73,10374,44.881895916278,WI,2,CALL,0,Chicago,453147,Hatley Branch,1,,Marathon,AGRICULTURAL,,,,0,1,1,WI,1,Wisconsin,7,FDIC,Chicago,120620,,0,410 State Road,-89.336928290861,,BIRNAMWOOD,55115,"Wausau-Stevens Point-Wisconsin Rapids, WI",Birnamwood,21,55073,,"Wausau, WI",Banner Banks,Hatley,WI,2023_10374_1
54414,DIF,NM,United States,54409,STATE,0,222349,Wisconsin,10/15/1990,2023,State Agency,11,55,100.0,9,9734,United States,"BANNER BANCORP, LTD",0,,0,107736,,Antigo,ONE,CB,EXACT,,STATE,0,,0,416 Main St,0,14796,1207691,67,10374,45.1324959914817,WI,2,CALL,0,Chicago,453147,Antigo Branch,0,,Langlade,AGRICULTURAL,,,,0,2,1,WI,1,Wisconsin,7,FDIC,Chicago,120620,,0,100 S Superior St,-89.1535099638409,,BIRNAMWOOD,55115,,Birnamwood,21,55067,,,Banner Banks,Antigo,WI,2023_10374_2
54414,DIF,NM,United States,54499,STATE,0,439655,Wisconsin,04/04/2005,2023,State Agency,11,55,100.0,9,9734,United States,"BANNER BANCORP, LTD",0,,0,107736,,Wittenberg,ONE,CB,EXACT,,STATE,0,,0,416 Main St,267,17994,1207691,115,10374,44.8274320153647,WI,2,CALL,0,Chicago,453147,Wittenberg Branch,0,,Shawano,AGRICULTURAL,,,,1,4,1,WI,1,Wisconsin,7,FDIC,Chicago,120620,,0,201 E Westgor Ave,-89.1682300107406,,BIRNAMWOOD,55115,"Green Bay-Shawano, WI",Birnamwood,21,55115,,,Banner Banks,Wittenberg,WI,2023_10374_4
53574,DIF,NM,United States,53574,STATE,31540,6649,Wisconsin,10/30/1893,2023,State Agency,11,55,100.0,9,10875,United States,"BANCORP OF NEW GLARUS, INC.",0,,385184,385184,,New Glarus,ONE,CB,EXACT,M,STATE,1,,0,501 1st St,357,36396,2339544,45,10378,42.8152349976894,WI,4,CALL,0,Chicago,797140,The Bank Of New Glarus,1,,Green,COMMERCIAL LENDING,,,,0,0,1,WI,1,Wisconsin,7,FDIC,Chicago,458643,,0,501 1st St,-89.6341850374053,,NEW GLARUS,55045,"Madison-Janesville-Beloit, WI",New Glarus,21,55045,,"Madison, WI",The Bank of New Glarus,New Glarus,WI,2023_10378_0
53574,DIF,NM,United States,53520,STATE,31540,222352,Wisconsin,08/07/1995,2023,State Agency,11,55,100.0,9,10875,United States,"BANCORP OF NEW GLARUS, INC.",0,,0,385184,,Brodhead,ONE,CB,EXACT,,STATE,0,,0,501 1st St,357,81614,2339544,45,10378,42.6103439846124,WI,4,CALL,0,Chicago,797140,Brodhead Branch,1,,Green,COMMERCIAL LENDING,,,,0,2,1,WI,1,Wisconsin,7,FDIC,Chicago,458643,,0,2006 1st Center Ave,-89.376171030745,,NEW GLARUS,55045,"Madison-Janesville-Beloit, WI",New Glarus,21,55045,,"Madison, WI",The Bank of New Glarus,Brodhead,WI,2023_10378_2
53574,DIF,NM,United States,53508,STATE,31540,222353,Wisconsin,06/30/1998,2023,State Agency,11,55,100.0,9,10875,United States,"BANCORP OF NEW GLARUS, INC.",0,,0,385184,,Belleville,ONE,CB,EXACT,,STATE,0,,0,501 1st St,357,46006,2339544,25,10378,42.8678459827173,WI,4,CALL,0,Chicago,797140,Belleville Branch,1,,Dane,COMMERCIAL LENDING,,,,0,3,1,WI,1,Wisconsin,7,FDIC,Chicago,458643,,0,12 North Shore Dr,-89.5336199689347,,NEW GLARUS,55045,"Madison-Janesville-Beloit, WI",New Glarus,21,55025,,"Madison, WI",The Bank of New Glarus,Belleville,WI,2023_10378_3
53574,DIF,NM,United States,53574,STATE,31540,357769,Wisconsin,02/28/2000,2023,State Agency,11,55,US_Streets,9,10875,United States,"BANCORP OF NEW GLARUS, INC.",0,,0,385184,,New Glarus,ONE,CB,M,,STATE,0,,0,501 1st St,357,103401,2339544,45,10378,42.808534,WI,4,CALL,0,Chicago,797140,New Glarus Branch,1,,Green,COMMERCIAL LENDING,,,,0,4,1,WI,1,Wisconsin,7,FDIC,Chicago,458643,,0,1101 Hwy 69,-89.631452,,NEW GLARUS,55045,"Madison-Janesville-Beloit, WI",New Glarus,21,55045,,"Madison, WI",The Bank of New Glarus,New Glarus,WI,2023_10378_4
53574,DIF,NM,United States,53550,STATE,31540,9581,Wisconsin,08/03/1903,2023,State Agency,11,55,US_Zipcode,9,10875,United States,"BANCORP OF NEW GLARUS, INC.",0,,0,385184,,Juda,ONE,CB,M,,STATE,0,,0,501 1st St,357,35507,2339544,45,10378,42.556129,WI,4,CALL,0,Chicago,797140,Juda Branch,1,,Green,COMMERCIAL LENDING,,,09/26/2008,0,5,1,WI,1,Wisconsin,7,FDIC,Chicago,458643,,0,201 Main Street,-89.495721,,NEW GLARUS,55045,"Madison-Janesville-Beloit, WI",New Glarus,21,55045,,"Madison, WI",The Bank of New Glarus,Juda,WI,2023_10378_5
53574,DIF,NM,United States,53566,STATE,31540,506567,Wisconsin,03/23/2010,2023,State Agency,11,55,100.0,9,10875,United States,"BANCORP OF NEW GLARUS, INC.",0,,0,385184,,Monroe,ONE,CB,EXACT,,STATE,0,,0,501 1st St,357,82260,2339544,45,10378,42.6155419799572,WI,4,CALL,0,Chicago,797140,Monroe Wi Branch,1,,Green,COMMERCIAL LENDING,,,,0,6,1,WI,1,Wisconsin,7,FDIC,Chicago,458643,,0,250 N 18th Ave,-89.6358930178154,,NEW GLARUS,55045,"Madison-Janesville-Beloit, WI",New Glarus,21,55045,,"Madison, WI",The Bank of New Glarus,Monroe,WI,2023_10378_6
53070,DIF,NM,United States,53070,STATE,43100,6651,Wisconsin,03/01/1908,2023,State Agency,11,55,100.0,9,13267,United States,"OOSTBURG BANCORP, INC.",0,,295195,295195,,Oostburg,ONE,CB,EXACT,M,STATE,1,,0,905 Center Ave,0,238014,2128944,117,10380,43.6228589870142,WI,4,CALL,0,Chicago,248745,Oostburg State Bank,1,,Sheboygan,COMMERCIAL LENDING,,,,0,0,1,WI,1,Wisconsin,7,FDIC,Chicago,335361,,0,905 Center Ave,-87.7969919740208,,OOSTBURG,55117,,Oostburg,21,55117,,"Sheboygan, WI",Oostburg State Bank,Oostburg,WI,2023_10380_0
53070,DIF,NM,United States,53013,STATE,43100,510993,Wisconsin,07/21/2010,2023,State Agency,11,55,100.0,9,13267,United States,"OOSTBURG BANCORP, INC.",0,,0,295195,,Cedar Grove,ONE,CB,EXACT,,STATE,0,,0,905 Center Ave,0,57181,2128944,117,10380,43.5665550192662,WI,4,CALL,0,Chicago,248745,Cedar Grove Branch,1,,Sheboygan,COMMERCIAL LENDING,,,,0,1,1,WI,1,Wisconsin,7,FDIC,Chicago,335361,,0,10 Phoenix St,-87.8206990136861,,OOSTBURG,55117,,Oostburg,21,55117,,"Sheboygan, WI",Oostburg State Bank,Cedar Grove,WI,2023_10380_1
53070,DIF,NM,United States,53070,STATE,43100,614812,Wisconsin,12/17/2018,2023,State Agency,21,55,100.0,9,13267,United States,"OOSTBURG BANCORP, INC.",0,,0,295195,,Oostburg,ONE,CB,EXACT,N,STATE,0,,0,905 Center Ave,0,0,2128944,117,10380,43.6227139800893,WI,4,CALL,0,Chicago,248745,Loan Processing,1,,Sheboygan,COMMERCIAL LENDING,,,,0,2,1,WI,1,Wisconsin,7,FDIC,Chicago,335361,,0,20 S Business Park Dr,-87.777309002251,,OOSTBURG,55117,,Oostburg,21,55117,,"Sheboygan, WI",Oostburg State Bank,Oostburg,WI,2023_10380_2
54143,DIF,NM,United States,54143,STATE,0,6653,Wisconsin,12/02/1902,2023,State Agency,11,55,100.0,9,0,United States,"F & M BANKSHARES, INC.",0,,138033,138033,,Marinette,ONE,CB,EXACT,M,STATE,1,,0,1644 Ludington St,361,108955,1204300,75,10382,45.0998149929102,WI,4,CALL,0,Chicago,672247,Farmers & Merchants Bank & Trust,0,,Marinette,COMMERCIAL LENDING,,,,1,0,1,WI,1,Wisconsin,7,FDIC,Chicago,165195,,0,1644 Ludington St,-87.6293320337447,,MARINETTE,55075,"Marinette-Iron Mountain, WI-MI",Marinette,21,55075,,,Farmers & Merchants Bank & Trust,Marinette,WI,2023_10382_0
54143,DIF,NM,United States,54143,STATE,0,16567,Wisconsin,02/16/1982,2023,State Agency,11,55,100.0,9,0,United States,"F & M BANKSHARES, INC.",0,,0,138033,,Marinette,ONE,CB,EXACT,,STATE,0,,0,1644 Ludington St,361,15141,1204300,75,10382,45.075941991562,WI,4,CALL,0,Chicago,672247,Roosevelt Road Branch,0,,Marinette,COMMERCIAL LENDING,,,12/31/1982,1,1,1,WI,1,Wisconsin,7,FDIC,Chicago,165195,,0,2811 Roosevelt Rd,-87.6606400346666,,MARINETTE,55075,"Marinette-Iron Mountain, WI-MI",Marinette,21,55075,,,Farmers & Merchants Bank & Trust,Marinette,WI,2023_10382_1
54143,DIF,NM,United States,54114,STATE,0,441090,Wisconsin,06/20/2005,2023,State Agency,11,55,100.0,9,0,United States,"F & M BANKSHARES, INC.",0,,0,138033,,Crivitz,ONE,CB,EXACT,,STATE,0,,0,1644 Ludington St,361,13937,1204300,75,10382,45.2235810017323,WI,4,CALL,0,Chicago,672247,Crivitz Branch,0,,Marinette,COMMERCIAL LENDING,,,,1,2,1,WI,1,Wisconsin,7,FDIC,Chicago,165195,,0,114 S Highway 141,-87.9960920140129,,MARINETTE,55075,"Marinette-Iron Mountain, WI-MI",Marinette,21,55075,,,Farmers & Merchants Bank & Trust,Crivitz,WI,2023_10382_2
54601,DIF,SM,United States,54601,STATE,29100,6654,Wisconsin,07/26/1858,2023,State Agency,11,55,100.0,9,12546,United States,"FIRST BANCORPORATION, INC.",0,,351865,351865,,La Crosse,ONE,CB,EXACT,M,STATE,1,,0,401 Main St,317,190737,1842935,63,10383,43.8124800165242,WI,4,CALL,0,Chicago,2631172,State Bank Financial,1,,La Crosse,COMMERCIAL LENDING,,,,0,0,1,WI,1,Wisconsin,9,FED,Minneapolis,437657,,0,401 Main St,-91.2507850170372,,LA CROSSE,55063,"La Crosse-Onalaska-Sparta, WI-MN",La Crosse,13,55063,,"La Crosse-Onalaska, WI-MN",State Bank Financial,La Crosse,WI,2023_10383_0
54601,DIF,SM,United States,54449,STATE,0,446065,Wisconsin,11/21/2005,2023,State Agency,11,55,100.0,9,12546,United States,"FIRST BANCORPORATION, INC.",0,,0,351865,,Marshfield,ONE,CB,EXACT,,STATE,0,,0,401 Main St,554,19951,1842935,141,10383,44.6680549879875,WI,4,CALL,0,Chicago,2631172,Marshfield Branch,0,,Wood,COMMERCIAL LENDING,,,,1,10,1,WI,1,Wisconsin,9,FED,Minneapolis,437657,,0,124 N Central Ave,-90.1734490274328,,LA CROSSE,55063,"Wausau-Stevens Point-Wisconsin Rapids, WI",La Crosse,13,55141,,,State Bank Financial,Marshfield,WI,2023_10383_10
54601,DIF,SM,United States,54656,STATE,0,466122,Wisconsin,04/13/2007,2023,State Agency,11,55,100.0,9,12546,United States,"FIRST BANCORPORATION, INC.",0,,0,351865,,Sparta,ONE,CB,EXACT,,STATE,0,,0,401 Main St,317,53595,1842935,81,10383,43.9387400187267,WI,4,CALL,0,Chicago,2631172,Sparta Branch,0,,Monroe,COMMERCIAL LENDING,,,,1,11,1,WI,1,Wisconsin,9,FED,Minneapolis,437657,,0,203 W Wisconsin St,-90.8126399716421,,LA CROSSE,55063,"La Crosse-Onalaska-Sparta, WI-MN",La Crosse,13,55081,,,State Bank Financial,Sparta,WI,2023_10383_11
54601,DIF,SM,United States,54601,STATE,29100,225231,Wisconsin,03/17/1972,2023,State Agency,11,55,100.0,9,12546,United States,"FIRST BANCORPORATION, INC.",0,,0,351865,,La Crosse,ONE,CB,EXACT,,STATE,0,,0,401 Main St,317,40002,1842935,63,10383,43.7738800112968,WI,4,CALL,0,Chicago,2631172,Shelby Branch,1,,La Crosse,COMMERCIAL LENDING,,,02/02/1998,0,4,1,WI,1,Wisconsin,9,FED,Minneapolis,437657,,0,4020 Mormon Coulee Rd,-91.2192210327923,,LA CROSSE,55063,"La Crosse-Onalaska-Sparta, WI-MN",La Crosse,13,55063,,"La Crosse-Onalaska, WI-MN",State Bank Financial,La Crosse,WI,2023_10383_4
54601,DIF,SM,United States,54650,STATE,29100,225233,Wisconsin,11/17/1990,2023,State Agency,11,55,100.0,9,12546,United States,"FIRST BANCORPORATION, INC.",0,,0,351865,,Onalaska,ONE,CB,EXACT,,STATE,0,,0,401 Main St,317,47580,1842935,63,10383,43.8820569794076,WI,4,CALL,0,Chicago,2631172,Onalaska Branch,1,,La Crosse,COMMERCIAL LENDING,,,02/02/1998,0,6,1,WI,1,Wisconsin,9,FED,Minneapolis,437657,,0,1836 E Main St,-91.2093260284557,,LA CROSSE,55063,"La Crosse-Onalaska-Sparta, WI-MN",La Crosse,13,55063,,"La Crosse-Onalaska, WI-MN",State Bank Financial,Onalaska,WI,2023_10383_6
54622,DIF,NM,United States,54622,STATE,0,6655,Wisconsin,01/01/1914,2023,State Agency,11,55,100.0,9,0,United States,"WAUMANDEE BANCSHARES, LTD.",0,,273245,273245,,Cochrane,ONE,CB,EXACT,M,STATE,1,,0,S2021 County Road U,0,35890,2892067,11,10384,44.3022300090186,WI,4,CALL,0,Chicago,780955,Waumandee State Bank,0,,Buffalo,COMMERCIAL LENDING,,,,0,0,1,WI,1,Wisconsin,9,FDIC,Minneapolis,330935,,0,S2021 County Road U,-91.7069120107716,,WAUMANDEE,55011,,Waumandee,21,55011,,,Waumandee State Bank,Waumandee,WI,2023_10384_0
54622,DIF,NM,United States,54612,STATE,0,231835,Wisconsin,12/06/1989,2023,State Agency,11,55,100.0,9,0,United States,"WAUMANDEE BANCSHARES, LTD.",0,,0,273245,,Arcadia,ONE,CB,EXACT,,STATE,0,,0,S2021 County Road U,0,39701,2892067,121,10384,44.2491050037784,WI,4,CALL,0,Chicago,780955,Arcadia Branch,0,,Trempealeau,COMMERCIAL LENDING,,,01/24/2003,0,2,1,WI,1,Wisconsin,9,FDIC,Minneapolis,330935,,0,350 S Nelson Dr,-91.4727349632758,,WAUMANDEE,55011,,Waumandee,21,55121,,,Waumandee State Bank,Arcadia,WI,2023_10384_2
54622,DIF,NM,United States,54629,STATE,0,5780,Wisconsin,08/11/1906,2023,State Agency,11,55,100.0,9,0,United States,"WAUMANDEE BANCSHARES, LTD.",0,,0,273245,,Fountain City,ONE,CB,EXACT,,STATE,0,,0,S2021 County Road U,0,34648,2892067,11,10384,44.1303190189089,WI,4,CALL,0,Chicago,780955,Fountain City Branch,0,,Buffalo,COMMERCIAL LENDING,,,07/09/2004,0,3,1,WI,1,Wisconsin,9,FDIC,Minneapolis,330935,,0,46 S Main St,-91.7162249757518,,WAUMANDEE,55011,,Waumandee,21,55011,,,Waumandee State Bank,Fountain City,WI,2023_10384_3
54622,DIF,NM,United States,54736,STATE,0,42140,Wisconsin,12/01/1934,2023,State Agency,11,55,100.0,9,0,United States,"WAUMANDEE BANCSHARES, LTD.",0,,0,273245,,Durand,ONE,CB,EXACT,,STATE,0,,0,S2021 County Road U,0,38275,2892067,91,10384,44.6277420151177,WI,4,CALL,0,Chicago,780955,Durand Branch,0,,Pepin,COMMERCIAL LENDING,,,10/19/2007,0,4,1,WI,1,Wisconsin,9,FDIC,Minneapolis,330935,,0,308 3rd Ave W,-91.9672130197134,,WAUMANDEE,55011,,Waumandee,21,55091,,,Waumandee State Bank,Durand,WI,2023_10384_4
54622,DIF,NM,United States,54755,STATE,0,274345,Wisconsin,12/01/1934,2023,State Agency,11,55,100.0,9,0,United States,"WAUMANDEE BANCSHARES, LTD.",0,,0,273245,,Mondovi,ONE,CB,EXACT,,STATE,0,,0,S2021 County Road U,0,20369,2892067,11,10384,44.5684239988068,WI,4,CALL,0,Chicago,780955,Mondovi Branch,0,,Buffalo,COMMERCIAL LENDING,,,10/19/2007,0,5,1,WI,1,Wisconsin,9,FDIC,Minneapolis,330935,,0,600 E Main St,-91.6620949803209,,WAUMANDEE,55011,,Waumandee,21,55011,,,Waumandee State Bank,Mondovi,WI,2023_10384_5
54622,DIF,NM,United States,54615,STATE,0,42156,Wisconsin,01/01/1935,2023,State Agency,11,55,100.0,9,0,United States,"WAUMANDEE BANCSHARES, LTD.",0,,0,273245,,Black River Falls,ONE,CB,EXACT,,STATE,0,,0,S2021 County Road U,0,16138,2892067,53,10384,44.2952089916427,WI,4,CALL,0,Chicago,780955,Black River Falls Branch,0,,Jackson,COMMERCIAL LENDING,,,10/19/2007,0,6,1,WI,1,Wisconsin,9,FDIC,Minneapolis,330935,,0,203 Main St,-90.8500319769839,,WAUMANDEE,55011,,Waumandee,21,55053,,,Waumandee State Bank,Black River Falls,WI,2023_10384_6
54622,DIF,NM,United States,54773,STATE,0,285101,Wisconsin,01/01/1964,2023,State Agency,11,55,100.0,9,0,United States,"WAUMANDEE BANCSHARES, LTD.",0,,0,273245,,Whitehall,ONE,CB,EXACT,,STATE,0,,0,S2021 County Road U,0,32003,2892067,121,10384,44.3697800181665,WI,4,CALL,0,Chicago,780955,Whitehall Branch,0,,Trempealeau,COMMERCIAL LENDING,,,10/19/2007,0,7,1,WI,1,Wisconsin,9,FDIC,Minneapolis,330935,,0,36427 Main St,-91.3170729630241,,WAUMANDEE,55011,,Waumandee,21,55121,,,Waumandee State Bank,Whitehall,WI,2023_10384_7
54622,DIF,NM,United States,54616,STATE,0,8489,Wisconsin,08/07/2020,2023,State Agency,11,55,100.0,9,0,United States,"WAUMANDEE BANCSHARES, LTD.",0,,0,273245,,Blair,ONE,CB,EXACT,,STATE,0,,0,S2021 County Road U,0,56221,2892067,121,10384,44.2940110081313,WI,4,CALL,0,Chicago,780955,Union Bank Of Blair Branch,0,,Trempealeau,COMMERCIAL LENDING,,,08/07/2020,0,9,1,WI,1,Wisconsin,9,FDIC,Minneapolis,330935,,0,123 Urberg St,-91.232896024004,,WAUMANDEE,55011,,Waumandee,21,55121,,,Waumandee State Bank,Blair,WI,2023_10384_9
54747,DIF,NM,United States,54747,STATE,0,6892,Wisconsin,01/01/1897,2023,State Agency,11,55,100.0,9,0,United States,NORTHERN FINANCIAL CORPORATION,0,,62849,62849,,Independence,ONE,CB,StreetAddress,M,STATE,1,,0,23942 Senty Dr,0,45274,1121724,121,10741,44.3664280113156,WI,2,CALL,0,Chicago,396057,Independence State Bank,0,,Trempealeau,AGRICULTURAL,,,,0,0,1,WI,1,Wisconsin,9,FDIC,Minneapolis,76715,,0,23942 Senty Dr,-91.592416178408,,INDEPENDENCE,55121,,Independence,21,55121,,,Independence State Bank,Independence,WI,2023_10741_0
54747,DIF,NM,United States,54739,STATE,0,222964,Wisconsin,01/13/1999,2023,State Agency,11,55,US_Zipcode,9,0,United States,NORTHERN FINANCIAL CORPORATION,0,,0,62849,,Elk Mound,ONE,CB,M,,STATE,0,,0,23942 Senty Dr,232,12880,1121724,33,10741,44.860905,WI,2,CALL,0,Chicago,396057,Elk Mound Branch,0,,Dunn,AGRICULTURAL,,,,1,1,1,WI,1,Wisconsin,9,FDIC,Minneapolis,76715,,0,E401 Menomonie Street,-91.702659,,INDEPENDENCE,55121,"Eau Claire-Menomonie, WI",Independence,21,55033,,,Independence State Bank,Elk Mound,WI,2023_10741_1
54747,DIF,NM,United States,54729,STATE,20740,457010,Wisconsin,11/16/2006,2023,State Agency,11,55,100.0,9,0,United States,NORTHERN FINANCIAL CORPORATION,0,,0,62849,,Chippewa Falls,ONE,CB,EXACT,,STATE,0,,0,23942 Senty Dr,232,4695,1121724,17,10741,44.8786909994104,WI,2,CALL,0,Chicago,396057,Chippewa Falls Branch,1,,Chippewa,AGRICULTURAL,,,,0,2,1,WI,1,Wisconsin,9,FDIC,Minneapolis,76715,,0,2495 Commercial Blvd,-91.4183700230989,,INDEPENDENCE,55121,"Eau Claire-Menomonie, WI",Independence,21,55017,,"Eau Claire, WI",Independence State Bank,Chippewa Falls,WI,2023_10741_2
55964,DIF,SM,United States,54725,STATE,0,775,Minnesota,01/01/1909,2023,State Agency,11,55,US_Streets,11,10666,United States,"WRZ BANKSHARES, INC.",0,,0,316217,,Boyceville,ONE,CB,M,,STATE,0,,0,100 4th Ave Se,232,33078,1427640,33,1100,45.044375,MN,8,CALL,0,Kansas City,786555,Boyceville Branch,0,,Dunn,ALL OTHER < $1 BILLION,,,12/31/2004,1,3,1,WI,1,Wisconsin,9,FED,Minneapolis,358451,,0,715 Highway 79,-92.033935,,PLAINVIEW,27157,"Eau Claire-Menomonie, WI",Plainview,13,55033,,,Peoples State Bank of Plainview,Boyceville,MN,2023_1100_3
55964,DIF,SM,United States,54751,STATE,0,187940,Minnesota,07/08/1998,2023,State Agency,11,55,100.0,11,10666,United States,"WRZ BANKSHARES, INC.",0,,0,316217,,Menomonie,ONE,CB,EXACT,,STATE,0,,0,100 4th Ave Se,232,33026,1427640,33,1100,44.899503013538,MN,8,CALL,0,Kansas City,786555,Menomonie Branch,0,,Dunn,ALL OTHER < $1 BILLION,,,12/31/2004,1,5,1,WI,1,Wisconsin,9,FED,Minneapolis,358451,,0,1428 Broadway St N,-91.931551039187,,PLAINVIEW,27157,"Eau Claire-Menomonie, WI",Plainview,13,55033,,,Peoples State Bank of Plainview,Menomonie,MN,2023_1100_5
27601,DIF,NM,United States,53221,STATE,33340,278138,North Carolina,01/01/1923,2023,State Agency,11,55,100.0,5,0,United States,"FIRST CITIZENS BANCSHARES, INC.",0,,0,141343883,,Milwaukee,ONE,CB,EXACT,,STATE,0,,0,239 Fayetteville St,376,87799,1075612,79,11063,42.9603239814566,NC,4,CALL,0,Atlanta,491224,Milwaukee -  South Branch,1,,Milwaukee,COMMERCIAL LENDING,,,05/05/2017,0,1059,0,WI,1,Wisconsin,5,FDIC,Richmond,209405900,,0,4661 S 27th St,-87.9491930026324,,RALEIGH,37183,"Milwaukee-Racine-Waukesha, WI",Raleigh,21,55079,,"Milwaukee-Waukesha, WI",First-Citizens Bank & Trust Company,Milwaukee,NC,2023_11063_1059
27601,DIF,NM,United States,53005,STATE,33340,278139,North Carolina,01/01/1923,2023,State Agency,11,55,100.0,5,0,United States,"FIRST CITIZENS BANCSHARES, INC.",0,,0,141343883,,Brookfield,ONE,CB,EXACT,,STATE,0,,0,239 Fayetteville St,376,69316,1075612,133,11063,43.088487010956,NC,4,CALL,0,Atlanta,491224,Brookfield Branch,1,,Waukesha,COMMERCIAL LENDING,,,05/05/2017,0,1060,0,WI,1,Wisconsin,5,FDIC,Richmond,209405900,,0,12655 W Capitol Dr,-88.0695899892922,,RALEIGH,37183,"Milwaukee-Racine-Waukesha, WI",Raleigh,21,55133,,"Milwaukee-Waukesha, WI",First-Citizens Bank & Trust Company,Brookfield,NC,2023_11063_1060
27601,DIF,NM,United States,53217,STATE,33340,278141,North Carolina,01/01/1923,2023,State Agency,11,55,100.0,5,0,United States,"FIRST CITIZENS BANCSHARES, INC.",0,,0,141343883,,Milwaukee,ONE,CB,EXACT,,STATE,0,,0,239 Fayetteville St,376,70850,1075612,79,11063,43.1189310052986,NC,4,CALL,0,Atlanta,491224,Bayshore Branch,1,,Milwaukee,COMMERCIAL LENDING,,,05/05/2017,0,1062,0,WI,1,Wisconsin,5,FDIC,Richmond,209405900,,0,5610 N Bayshore Dr,-87.9137450120942,,RALEIGH,37183,"Milwaukee-Racine-Waukesha, WI",Raleigh,21,55079,,"Milwaukee-Waukesha, WI",First-Citizens Bank & Trust Company,Milwaukee,NC,2023_11063_1062
27601,DIF,NM,United States,53225,STATE,33340,432059,North Carolina,07/07/2002,2023,State Agency,12,55,100.0,5,0,United States,"FIRST CITIZENS BANCSHARES, INC.",0,,0,141343883,,Milwaukee,ONE,CB,EXACT,,STATE,0,,0,239 Fayetteville St,376,51931,1075612,79,11063,43.1199149988219,NC,4,CALL,0,Atlanta,491224,Milwaukee - Timmerman Branch,1,,Milwaukee,COMMERCIAL LENDING,,,05/05/2017,0,1098,0,WI,1,Wisconsin,5,FDIC,Richmond,209405900,,0,10380 W Silver Spring Dr,-88.0417510066376,,RALEIGH,37183,"Milwaukee-Racine-Waukesha, WI",Raleigh,21,55079,,"Milwaukee-Waukesha, WI",First-Citizens Bank & Trust Company,Milwaukee,NC,2023_11063_1098
27601,DIF,NM,United States,53051,STATE,33340,7963,North Carolina,12/23/1914,2023,State Agency,11,55,US_Zipcode,5,0,United States,"FIRST CITIZENS BANCSHARES, INC.",0,,0,141343883,,Menomonee Falls,ONE,CB,M,,STATE,0,,0,239 Fayetteville St,376,198091,1075612,133,11063,43.148866,NC,4,CALL,0,Atlanta,491224,Milwaukee Main,1,,Waukesha,COMMERCIAL LENDING,,,10/02/2018,0,1213,0,WI,1,Wisconsin,5,FDIC,Richmond,209405900,,0,W178 N9358 Water Tower Place,-88.121946,,RALEIGH,37183,"Milwaukee-Racine-Waukesha, WI",Raleigh,21,55133,,"Milwaukee-Waukesha, WI",First-Citizens Bank & Trust Company,Menomonee Falls,NC,2023_11063_1213
27601,DIF,NM,United States,53029,STATE,33340,227290,North Carolina,12/15/1997,2023,State Agency,11,55,100.0,5,0,United States,"FIRST CITIZENS BANCSHARES, INC.",0,,0,141343883,,Hartland,ONE,CB,EXACT,,STATE,0,,0,239 Fayetteville St,376,41172,1075612,133,11063,43.0965560176859,NC,4,CALL,0,Atlanta,491224,Hartland Branch,1,,Waukesha,COMMERCIAL LENDING,,,10/02/2018,0,1214,0,WI,1,Wisconsin,5,FDIC,Richmond,209405900,,0,400 Cardinal Ln,-88.3486320117249,,RALEIGH,37183,"Milwaukee-Racine-Waukesha, WI",Raleigh,21,55133,,"Milwaukee-Waukesha, WI",First-Citizens Bank & Trust Company,Hartland,NC,2023_11063_1214
27601,DIF,NM,United States,53226,STATE,33340,625164,North Carolina,12/18/2019,2023,State Agency,11,55,100.0,5,0,United States,"FIRST CITIZENS BANCSHARES, INC.",0,,0,141343883,,Milwaukee,ONE,CB,EXACT,,STATE,0,,0,239 Fayetteville St,376,21686,1075612,79,11063,43.0422500022884,NC,4,CALL,0,Atlanta,491224,Wauwatosa Banking Office Branch,1,,Milwaukee,COMMERCIAL LENDING,,,,0,1262,0,WI,1,Wisconsin,5,FDIC,Richmond,209405900,,0,"10401 W Innovation Dr, Ste 150",-88.0432950370215,,RALEIGH,37183,"Milwaukee-Racine-Waukesha, WI",Raleigh,21,55079,,"Milwaukee-Waukesha, WI",First-Citizens Bank & Trust Company,Wauwatosa,NC,2023_11063_1262
53563,DIF,NM,United States,53563,STATE,27500,7161,Wisconsin,01/01/1911,2023,State Agency,11,55,100.0,9,14233,United States,FIRST COMMUNITY BANCSHARES CORP.,1,,120359,120359,,Milton,MULT,CB,EXACT,M,STATE,1,,0,202 Merchant Row,357,120359,1990096,105,11225,42.7812990186649,WI,4,CALL,0,Chicago,742542,First Community Bank,1,,Rock,COMMERCIAL LENDING,,,,0,0,1,WI,1,Wisconsin,7,FDIC,Chicago,136006,,0,202 Merchant Row,-88.9632499818519,,ANAMOSA,55105,"Madison-Janesville-Beloit, WI",Milton,21,55105,,"Janesville-Beloit, WI",First Community Bank,Milton,IA,2023_11225_0
53190,DIF,NM,United States,53190,STATE,0,7164,Wisconsin,10/25/1863,2023,State Agency,11,55,100.0,9,12845,United States,"WHITEWATER BANCORP., INC.",0,,314868,314868,,Whitewater,ONE,CB,EXACT,"M,E",STATE,1,,0,207 W Main St,376,208247,1203536,127,11228,42.834078018942,WI,4,CALL,0,Chicago,831642,First Citizens State Bank,0,,Walworth,COMMERCIAL LENDING,,,,1,0,1,WI,1,Wisconsin,7,FDIC,Chicago,438740,,0,207 W Main St,-88.7329799908833,,WHITEWATER,55127,"Milwaukee-Racine-Waukesha, WI",Whitewater,21,55127,,,First Citizens State Bank,Whitewater,WI,2023_11228_0
53190,DIF,NM,United States,53190,STATE,0,270094,Wisconsin,01/01/1927,2023,State Agency,11,55,100.0,9,12845,United States,"WHITEWATER BANCORP., INC.",0,,0,314868,,Whitewater,ONE,CB,EXACT,E,STATE,0,,0,207 W Main St,376,8297,1203536,127,11228,42.8351200152352,WI,4,CALL,0,Chicago,831642,West Branch,0,,Walworth,COMMERCIAL LENDING,,,07/17/1998,1,2,1,WI,1,Wisconsin,7,FDIC,Chicago,438740,,0,1058 W Main St,-88.7492770090463,,WHITEWATER,55127,"Milwaukee-Racine-Waukesha, WI",Whitewater,21,55127,,,First Citizens State Bank,Whitewater,WI,2023_11228_2
53190,DIF,NM,United States,53190,STATE,0,334445,Wisconsin,03/17/2000,2023,State Agency,29,55,100.0,9,12845,United States,"WHITEWATER BANCORP., INC.",0,,0,314868,,Whitewater,ONE,CB,EXACT,N,STATE,0,,0,207 W Main St,376,0,1203536,127,11228,42.8394939856788,WI,4,CALL,0,Chicago,831642,Fairhaven Retirement Community Branch,0,,Walworth,COMMERCIAL LENDING,,,,1,3,1,WI,1,Wisconsin,7,FDIC,Chicago,438740,,0,435 W Starin Rd,-88.7360269803256,,WHITEWATER,55127,"Milwaukee-Racine-Waukesha, WI",Whitewater,21,55127,,,First Citizens State Bank,Whitewater,WI,2023_11228_3
53190,DIF,NM,United States,53190,STATE,0,334446,Wisconsin,03/15/2000,2023,State Agency,29,55,100.0,9,12845,United States,"WHITEWATER BANCORP., INC.",0,,0,314868,,Whitewater,ONE,CB,EXACT,N,STATE,0,,0,207 W Main St,376,0,1203536,127,11228,42.833412998744,WI,4,CALL,0,Chicago,831642,Mulberry Glen Retirement Community Branch,0,,Walworth,COMMERCIAL LENDING,,,,1,4,1,WI,1,Wisconsin,7,FDIC,Chicago,438740,,0,1281 W Main St,-88.756213033924,,WHITEWATER,55127,"Milwaukee-Racine-Waukesha, WI",Whitewater,21,55127,,,First Citizens State Bank,Whitewater,WI,2023_11228_4
53190,DIF,NM,United States,53120,STATE,0,359371,Wisconsin,01/29/2001,2023,State Agency,11,55,100.0,9,12845,United States,"WHITEWATER BANCORP., INC.",0,,0,314868,,East Troy,ONE,CB,EXACT,E,STATE,0,,0,207 W Main St,376,64466,1203536,127,11228,42.7911299852613,WI,4,CALL,0,Chicago,831642,East Troy Branch,0,,Walworth,COMMERCIAL LENDING,,,,1,5,1,WI,1,Wisconsin,7,FDIC,Chicago,438740,,0,2546 Main St,-88.3919539621062,,WHITEWATER,55127,"Milwaukee-Racine-Waukesha, WI",Whitewater,21,55127,,,First Citizens State Bank,East Troy,WI,2023_11228_5
53190,DIF,NM,United States,53156,STATE,0,9490,Wisconsin,10/21/1911,2023,State Agency,11,55,98.0,9,12845,United States,"WHITEWATER BANCORP., INC.",0,,0,314868,,Palmyra,ONE,CB,Postal,E,STATE,0,,0,207 W Main St,376,33858,1203536,55,11228,42.8773550000001,WI,4,CALL,0,Chicago,831642,Palmyra State Bank Branch,0,,Jefferson,COMMERCIAL LENDING,,,02/22/2016,1,8,1,WI,1,Wisconsin,7,FDIC,Chicago,438740,,0,"Po Box 159, P. O. Box  159",-88.59041,,WHITEWATER,55127,"Milwaukee-Racine-Waukesha, WI",Whitewater,21,55055,,,First Citizens State Bank,Palmyra,WI,2023_11228_8
53563,DIF,NM,United States,53563,STATE,27500,7166,Wisconsin,03/25/1884,2023,State Agency,11,55,100.0,9,13299,United States,"MILTON BANCSHARES, INC.",0,,165211,165211,,Milton,ONE,CB,EXACT,M,STATE,1,,0,323 Parkview Dr,357,119233,2342722,105,11232,42.7735820099588,WI,4,CALL,0,Chicago,426945,Bank Of Milton,1,,Rock,COMMERCIAL LENDING,,,,0,0,1,WI,1,Wisconsin,7,FDIC,Chicago,177372,,0,323 Parkview Dr,-88.9393560257458,,MILTON,55105,"Madison-Janesville-Beloit, WI",Milton,21,55105,,"Janesville-Beloit, WI",Bank of Milton,Milton,WI,2023_11232_0
53563,DIF,NM,United States,53534,STATE,27500,224163,Wisconsin,07/31/1998,2023,State Agency,11,55,100.0,9,13299,United States,"MILTON BANCSHARES, INC.",0,,0,165211,,Edgerton,ONE,CB,EXACT,,STATE,0,,0,323 Parkview Dr,357,45978,2342722,105,11232,42.834486008079,WI,4,CALL,0,Chicago,426945,Edgerton Branch,1,,Rock,COMMERCIAL LENDING,,,,0,1,1,WI,1,Wisconsin,7,FDIC,Chicago,177372,,0,102 N Main St,-89.0688260034978,,MILTON,55105,"Madison-Janesville-Beloit, WI",Milton,21,55105,,"Janesville-Beloit, WI",Bank of Milton,Edgerton,WI,2023_11232_1
54107,DIF,NM,United States,54107,STATE,0,7168,Wisconsin,09/21/1906,2023,State Agency,11,55,100.0,9,13510,United States,"BONDUEL BANCORP, INC.",1,,86070,86070,,Bonduel,ONE,CB,EXACT,M,STATE,1,,0,130 N Cecil St,267,86070,1839252,115,11235,44.7410560002276,WI,4,CALL,0,Chicago,35646,Bonduel State Bank,0,,Shawano,COMMERCIAL LENDING,,,,1,0,1,WI,1,Wisconsin,7,FDIC,Chicago,99550,,0,130 N Cecil St,-88.4457549678375,,BONDUEL,55115,"Green Bay-Shawano, WI",Bonduel,21,55115,,,Bonduel State Bank,Bonduel,WI,2023_11235_0
53032,DIF,NM,United States,53032,STATE,0,7169,Wisconsin,09/07/1896,2023,State Agency,11,55,100.0,9,11580,United States,SWORD FINANCIAL CORPORATION,0,,1082264,1082264,,Horicon,MULT,CB,EXACT,M,STATE,1,,0,326 E Lake St,376,142098,1202883,27,11236,43.4518039987664,WI,4,CALL,0,Chicago,528849,Horicon Bank,0,,Dodge,COMMERCIAL LENDING,,,,1,0,1,WI,1,Wisconsin,7,FDIC,Chicago,1252036,,0,326 E Lake St,-88.6315219982674,,HORICON,55027,"Milwaukee-Racine-Waukesha, WI",Horicon,21,55027,,,Horicon Bank,Horicon,WI,2023_11236_0
53032,DIF,NM,United States,53035,STATE,0,7425,Wisconsin,01/01/1905,2023,State Agency,11,55,100.0,9,11580,United States,SWORD FINANCIAL CORPORATION,0,,0,1082264,,Iron Ridge,MULT,CB,EXACT,,STATE,0,,0,326 E Lake St,376,27124,1202883,27,11236,43.3971389864558,WI,4,CALL,0,Chicago,528849,Iron Ridge Branch,0,,Dodge,COMMERCIAL LENDING,,,11/04/1985,1,1,1,WI,1,Wisconsin,7,FDIC,Chicago,1252036,,0,156 S Main St,-88.530601034188,,HORICON,55027,"Milwaukee-Racine-Waukesha, WI",Horicon,21,55027,,,Horicon Bank,Iron Ridge,WI,2023_11236_1
53032,DIF,NM,United States,54971,STATE,22540,445684,Wisconsin,11/21/2005,2023,State Agency,12,55,100.0,9,11580,United States,SWORD FINANCIAL CORPORATION,0,,0,1082264,,Ripon,MULT,CB,EXACT,,STATE,0,,0,326 E Lake St,0,5909,1202883,39,11236,43.8564190007078,WI,4,CALL,0,Chicago,528849,Ripon Branch,1,,Fond Du Lac,COMMERCIAL LENDING,,,01/05/2009,0,12,1,WI,1,Wisconsin,7,FDIC,Chicago,1252036,,0,1188 W Fond Du Lac St,-88.8622320391528,,HORICON,55027,,Horicon,21,55039,,"Fond du Lac, WI",Horicon Bank,Ripon,WI,2023_11236_12
53032,DIF,NM,United States,53050,STATE,0,424623,Wisconsin,11/10/2003,2023,State Agency,12,55,100.0,9,11580,United States,SWORD FINANCIAL CORPORATION,0,,0,1082264,,Mayville,MULT,CB,EXACT,,STATE,0,,0,326 E Lake St,376,13369,1202883,27,11236,43.4957120118177,WI,4,CALL,0,Chicago,528849,Mayville Branch,0,,Dodge,COMMERCIAL LENDING,,,01/05/2009,1,13,1,WI,1,Wisconsin,7,FDIC,Chicago,1252036,,0,1440 Horicon St,-88.5634249861182,,HORICON,55027,"Milwaukee-Racine-Waukesha, WI",Horicon,21,55027,,,Horicon Bank,Mayville,WI,2023_11236_13
53032,DIF,NM,United States,53916,STATE,0,267210,Wisconsin,05/28/1999,2023,State Agency,12,55,100.0,9,11580,United States,SWORD FINANCIAL CORPORATION,0,,0,1082264,,Beaver Dam,MULT,CB,EXACT,,STATE,0,,0,326 E Lake St,376,13277,1202883,27,11236,43.4570659899419,WI,4,CALL,0,Chicago,528849,Beaver Dam Branch,0,,Dodge,COMMERCIAL LENDING,,,12/31/2010,1,16,1,WI,1,Wisconsin,7,FDIC,Chicago,1252036,,0,810 Park Ave,-88.8187879644422,,HORICON,55027,"Milwaukee-Racine-Waukesha, WI",Horicon,21,55027,,,Horicon Bank,Beaver Dam,WI,2023_11236_16
53032,DIF,NM,United States,54904,STATE,36780,540087,Wisconsin,06/17/2013,2023,State Agency,11,55,100.0,9,11580,United States,SWORD FINANCIAL CORPORATION,0,,0,1082264,,Oshkosh,MULT,CB,EXACT,,STATE,0,,0,326 E Lake St,118,54825,1202883,139,11236,44.032431004584,WI,4,CALL,0,Chicago,528849,Oshkosh Wi Branch,1,,Winnebago,COMMERCIAL LENDING,,,,0,17,1,WI,1,Wisconsin,7,FDIC,Chicago,1252036,,0,2251 Omro Rd,-88.5892249870064,,HORICON,55027,"Appleton-Oshkosh-Neenah, WI",Horicon,21,55139,,"Oshkosh-Neenah, WI",Horicon Bank,Oshkosh,WI,2023_11236_17
53032,DIF,NM,United States,54941,STATE,0,9518,Wisconsin,07/02/1902,2023,State Agency,11,55,100.0,9,11580,United States,SWORD FINANCIAL CORPORATION,0,,0,1082264,,Green Lake,MULT,CB,EXACT,,STATE,0,,0,326 E Lake St,0,62347,1202883,47,11236,43.844903020116,WI,4,CALL,0,Chicago,528849,Green Lake Branch,0,,Green Lake,COMMERCIAL LENDING,,,05/19/2014,0,18,1,WI,1,Wisconsin,7,FDIC,Chicago,1252036,,0,515 Hill St,-88.9590779733654,,HORICON,55027,,Horicon,21,55047,,,Horicon Bank,Green Lake,WI,2023_11236_18
53032,DIF,NM,United States,54937,STATE,22540,473977,Wisconsin,04/14/2008,2023,State Agency,11,55,100.0,9,11580,United States,SWORD FINANCIAL CORPORATION,0,,0,1082264,,Fond du Lac,MULT,CB,EXACT,,STATE,0,,0,326 E Lake St,0,43169,1202883,39,11236,43.7851799902437,WI,4,CALL,0,Chicago,528849,Fond Du Lac Branch,1,,Fond Du Lac,COMMERCIAL LENDING,,,11/16/2015,0,19,1,WI,1,Wisconsin,7,FDIC,Chicago,1252036,,0,1207 W Johnson St,-88.4902750274587,,HORICON,55027,,Horicon,21,55039,,"Fond du Lac, WI",Horicon Bank,Fond Du Lac,WI,2023_11236_19
53032,DIF,NM,United States,53059,STATE,0,225247,Wisconsin,07/09/1932,2023,State Agency,11,55,100.0,9,11580,United States,SWORD FINANCIAL CORPORATION,0,,0,1082264,,Neosho,MULT,CB,EXACT,,STATE,0,,0,326 E Lake St,376,35292,1202883,27,11236,43.3097770080481,WI,4,CALL,0,Chicago,528849,Neosho Branch,0,,Dodge,COMMERCIAL LENDING,,,11/04/1985,1,2,1,WI,1,Wisconsin,7,FDIC,Chicago,1252036,,0,226 S Schuyler St,-88.5188320039394,,HORICON,55027,"Milwaukee-Racine-Waukesha, WI",Horicon,21,55027,,,Horicon Bank,Neosho,WI,2023_11236_2
53032,DIF,NM,United States,53956,STATE,0,189663,Wisconsin,03/19/1990,2023,State Agency,11,55,100.0,9,11580,United States,SWORD FINANCIAL CORPORATION,0,,0,1082264,,Randolph,MULT,CB,EXACT,,STATE,0,,0,326 E Lake St,376,45175,1202883,27,11236,43.5308479860103,WI,4,CALL,0,Chicago,528849,Randolph Branch,0,,Dodge,COMMERCIAL LENDING,,,10/11/2019,1,21,1,WI,1,Wisconsin,7,FDIC,Chicago,1252036,,0,170 Kienow Dr,-89.0040079918709,,HORICON,55027,"Milwaukee-Racine-Waukesha, WI",Horicon,21,55027,,,Horicon Bank,Randolph,WI,2023_11236_21
53032,DIF,NM,United States,53946,STATE,0,363508,Wisconsin,10/01/2001,2023,State Agency,11,55,100.0,9,11580,United States,SWORD FINANCIAL CORPORATION,0,,0,1082264,,Markesan,MULT,CB,EXACT,,STATE,0,,0,326 E Lake St,0,54857,1202883,47,11236,43.7152569804877,WI,4,CALL,0,Chicago,528849,Margaret Street Branch,0,,Green Lake,COMMERCIAL LENDING,,,10/11/2019,0,22,1,WI,1,Wisconsin,7,FDIC,Chicago,1252036,,0,825 N Margaret St,-88.9913179581013,,HORICON,55027,,Horicon,21,55047,,,Horicon Bank,Markesan,WI,2023_11236_22
53032,DIF,NM,United States,53963,STATE,0,467735,Wisconsin,07/30/2007,2023,State Agency,11,55,100.0,9,11580,United States,SWORD FINANCIAL CORPORATION,0,,0,1082264,,Waupun,MULT,CB,EXACT,,STATE,0,,0,326 E Lake St,376,39427,1202883,27,11236,43.6327350063402,WI,4,CALL,0,Chicago,528849,Waupun Branch,0,,Dodge,COMMERCIAL LENDING,,,10/11/2019,1,23,1,WI,1,Wisconsin,7,FDIC,Chicago,1252036,,0,807 W Main St,-88.7496709584955,,HORICON,55027,"Milwaukee-Racine-Waukesha, WI",Horicon,21,55027,,,Horicon Bank,Waupun,WI,2023_11236_23
53032,DIF,NM,United States,53151,STATE,33340,645134,Wisconsin,02/28/2022,2023,State Agency,11,55,100.0,9,11580,United States,SWORD FINANCIAL CORPORATION,0,,0,1082264,,New Berlin,MULT,CB,EXACT,,STATE,0,,0,326 E Lake St,376,16012,1202883,133,11236,42.9959329883549,WI,4,CALL,0,Chicago,528849,New Berlin Branch,1,,Waukesha,COMMERCIAL LENDING,,,,0,24,1,WI,1,Wisconsin,7,FDIC,Chicago,1252036,,0,15600 W Cleveland Ave,-88.1091560088606,,HORICON,55027,"Milwaukee-Racine-Waukesha, WI",Horicon,21,55133,,"Milwaukee-Waukesha, WI",Horicon Bank,New Berlin,WI,2023_11236_24
53032,DIF,NM,United States,53916,STATE,0,224164,Wisconsin,08/20/1990,2023,State Agency,11,55,100.0,9,11580,United States,SWORD FINANCIAL CORPORATION,0,,0,1082264,,Beaver Dam,MULT,CB,EXACT,,STATE,0,,0,326 E Lake St,376,181599,1202883,27,11236,43.476803988906,WI,4,CALL,0,Chicago,528849,Beaver Dam Branch,0,,Dodge,COMMERCIAL LENDING,,,,1,4,1,WI,1,Wisconsin,7,FDIC,Chicago,1252036,,0,105 Industrial Dr,-88.8220719941063,,HORICON,55027,"Milwaukee-Racine-Waukesha, WI",Horicon,21,55027,,,Horicon Bank,Beaver Dam,WI,2023_11236_4
53032,DIF,NM,United States,54915,STATE,11540,233310,Wisconsin,01/10/1994,2023,State Agency,11,55,100.0,9,11580,United States,SWORD FINANCIAL CORPORATION,0,,0,1082264,,Appleton,MULT,CB,EXACT,,STATE,0,,0,326 E Lake St,118,28661,1202883,15,11236,44.2299940130813,WI,4,CALL,0,Chicago,528849,Appleton Branch,1,,Calumet,COMMERCIAL LENDING,,,01/31/1998,0,5,1,WI,1,Wisconsin,7,FDIC,Chicago,1252036,,0,100 E Midway Rd,-88.4033639954419,,HORICON,55027,"Appleton-Oshkosh-Neenah, WI",Horicon,21,55015,,"Appleton, WI",Horicon Bank,Appleton,WI,2023_11236_5
53032,DIF,NM,United States,54971,STATE,22540,233311,Wisconsin,07/12/1994,2023,State Agency,11,55,100.0,9,11580,United States,SWORD FINANCIAL CORPORATION,0,,0,1082264,,Ripon,MULT,CB,EXACT,,STATE,0,,0,326 E Lake St,0,102084,1202883,39,11236,43.8421379978965,WI,4,CALL,0,Chicago,528849,Ripon Branch,1,,Fond Du Lac,COMMERCIAL LENDING,,,01/31/1998,0,6,1,WI,1,Wisconsin,7,FDIC,Chicago,1252036,,0,400 Watson St,-88.8394520379787,,HORICON,55027,,Horicon,21,55039,,"Fond du Lac, WI",Horicon Bank,Ripon,WI,2023_11236_6
53032,DIF,NM,United States,53095,STATE,33340,224165,Wisconsin,06/16/1999,2023,State Agency,11,55,100.0,9,11580,United States,SWORD FINANCIAL CORPORATION,0,,0,1082264,,West Bend,MULT,CB,EXACT,,STATE,0,,0,326 E Lake St,376,129202,1202883,131,11236,43.3973517610679,WI,4,CALL,0,Chicago,528849,West Bend Branch,1,,Washington,COMMERCIAL LENDING,,,,0,7,1,WI,1,Wisconsin,7,FDIC,Chicago,1252036,,0,1535 W Paradise Dr,-88.1971331351423,,HORICON,55027,"Milwaukee-Racine-Waukesha, WI",Horicon,21,55131,,"Milwaukee-Waukesha, WI",Horicon Bank,West Bend,WI,2023_11236_7
53032,DIF,NM,United States,53916,STATE,0,428769,Wisconsin,03/29/2004,2023,State Agency,12,55,100.0,9,11580,United States,SWORD FINANCIAL CORPORATION,0,,0,1082264,,Beaver Dam,MULT,CB,EXACT,,STATE,0,,0,326 E Lake St,376,9598,1202883,27,11236,43.4617000089314,WI,4,CALL,0,Chicago,528849,Spring Street Branch,0,,Dodge,COMMERCIAL LENDING,,,,1,8,1,WI,1,Wisconsin,7,FDIC,Chicago,1252036,,0,609 N Spring St,-88.8347160112274,,HORICON,55027,"Milwaukee-Racine-Waukesha, WI",Horicon,21,55027,,,Horicon Bank,Beaver Dam,WI,2023_11236_8
53032,DIF,NM,United States,54935,STATE,22540,444378,Wisconsin,09/12/2005,2023,State Agency,11,55,100.0,9,11580,United States,SWORD FINANCIAL CORPORATION,0,,0,1082264,,Fond du Lac,MULT,CB,EXACT,,STATE,0,,0,326 E Lake St,0,78239,1202883,39,11236,43.7832560081888,WI,4,CALL,0,Chicago,528849,Fond Du Lac Branch,1,,Fond Du Lac,COMMERCIAL LENDING,,,,0,9,1,WI,1,Wisconsin,7,FDIC,Chicago,1252036,,0,854 E Johnson St,-88.4137889875163,,HORICON,55027,,Horicon,21,55039,,"Fond du Lac, WI",Horicon Bank,Fond Du Lac,WI,2023_11236_9
53805,DIF,SM,United States,53805,STATE,0,7409,Wisconsin,01/01/1871,2023,State Agency,11,55,100.0,9,10444,United States,"BOSCOBEL BANCORP, INC.",0,,505093,505093,,Boscobel,ONE,CB,EXACT,M,STATE,1,,0,925 Wisconsin Ave,0,102923,1492291,43,11595,43.1350049810181,WI,2,CALL,0,Chicago,175140,Community First Bank,0,,Grant,AGRICULTURAL,,,,1,0,1,WI,1,Wisconsin,7,FED,Chicago,579805,,0,925 Wisconsin Ave,-90.7054220189831,,BOSCOBEL,55043,,Boscobel,13,55043,,,Community First Bank,Boscobel,WI,2023_11595_0
53805,DIF,SM,United States,53818,STATE,0,511679,Wisconsin,07/15/2009,2023,State Agency,11,55,100.0,9,10444,United States,"BOSCOBEL BANCORP, INC.",0,,0,505093,,Platteville,ONE,CB,EXACT,,STATE,0,,0,925 Wisconsin Ave,0,23276,1492291,43,11595,42.7347269853273,WI,2,CALL,0,Chicago,175140,Platteville Main Street Office Branch,0,,Grant,AGRICULTURAL,,,12/03/2016,1,11,1,WI,1,Wisconsin,7,FED,Chicago,579805,,0,170 W Main St,-90.479939016737,,BOSCOBEL,55043,,Boscobel,13,55043,,,Community First Bank,Platteville,WI,2023_11595_11
53805,DIF,SM,United States,53809,STATE,0,606457,Wisconsin,11/15/2018,2023,State Agency,11,55,100.0,9,10444,United States,"BOSCOBEL BANCORP, INC.",0,,0,505093,,Fennimore,ONE,CB,StreetAddress,,STATE,0,,0,925 Wisconsin Ave,0,7633,1492291,43,11595,42.9886142300116,WI,2,CALL,0,Chicago,175140,Fennimore Branch,0,,Grant,AGRICULTURAL,,,,1,12,1,WI,1,Wisconsin,7,FED,Chicago,579805,,0,375 Lincoln Ave,-90.6555116848477,,BOSCOBEL,55043,,Boscobel,13,55043,,,Community First Bank,Fennimore,WI,2023_11595_12
53805,DIF,SM,United States,53821,STATE,0,624936,Wisconsin,05/26/2020,2023,State Agency,11,55,100.0,9,10444,United States,"BOSCOBEL BANCORP, INC.",0,,0,505093,,Prairie du Chien,ONE,CB,EXACT,,STATE,0,,0,925 Wisconsin Ave,0,10681,1492291,23,11595,43.0518210041578,WI,2,CALL,0,Chicago,175140,Prairie Du Chien Branch,0,,Crawford,AGRICULTURAL,,,,0,13,1,WI,1,Wisconsin,7,FED,Chicago,579805,,0,600 E Blackhawk Ave,-91.1388740367903,,BOSCOBEL,55043,,Boscobel,13,55023,,,Community First Bank,Prairie Du Chien,WI,2023_11595_13
53805,DIF,SM,United States,53813,STATE,0,207554,Wisconsin,06/17/1991,2023,State Agency,11,55,100.0,9,10444,United States,"BOSCOBEL BANCORP, INC.",0,,0,505093,,Lancaster,ONE,CB,EXACT,,STATE,0,,0,925 Wisconsin Ave,0,36145,1492291,43,11595,42.8456729989712,WI,2,CALL,0,Chicago,175140,Lancaster Branch,0,,Grant,AGRICULTURAL,,,07/01/2021,1,15,1,WI,1,Wisconsin,7,FED,Chicago,579805,,0,305 S Madison St,-90.7099550360394,,BOSCOBEL,55043,,Boscobel,13,55043,,,Community First Bank,Lancaster,WI,2023_11595_15
53805,DIF,SM,United States,53573,STATE,0,225224,Wisconsin,12/24/1942,2023,State Agency,11,55,100.0,9,10444,United States,"BOSCOBEL BANCORP, INC.",0,,0,505093,,Muscoda,ONE,CB,EXACT,,STATE,0,,0,925 Wisconsin Ave,0,32265,1492291,43,11595,43.185516005934,WI,2,CALL,0,Chicago,175140,Muscoda Branch,0,,Grant,AGRICULTURAL,,,,1,2,1,WI,1,Wisconsin,7,FED,Chicago,579805,,0,101 N Wisconsin Ave,-90.4434400193596,,BOSCOBEL,55043,,Boscobel,13,55043,,,Community First Bank,Muscoda,WI,2023_11595_2
53805,DIF,SM,United States,53581,STATE,0,225227,Wisconsin,04/24/1995,2023,State Agency,11,55,100.0,9,10444,United States,"BOSCOBEL BANCORP, INC.",0,,0,505093,,Richland Center,ONE,CB,EXACT,,STATE,0,,0,925 Wisconsin Ave,0,79939,1492291,103,11595,43.3249700038344,WI,2,CALL,0,Chicago,175140,Richland Center Branch,0,,Richland,AGRICULTURAL,,,,0,5,1,WI,1,Wisconsin,7,FED,Chicago,579805,,0,1200 Sextonville Rd,-90.3813680030319,,BOSCOBEL,55043,,Boscobel,13,55103,,,Community First Bank,Richland Center,WI,2023_11595_5
53805,DIF,SM,United States,53959,STATE,0,360629,Wisconsin,09/25/2000,2023,State Agency,11,55,100.0,9,10444,United States,"BOSCOBEL BANCORP, INC.",0,,0,505093,,Reedsburg,ONE,CB,EXACT,,STATE,0,,0,925 Wisconsin Ave,357,65409,1492291,111,11595,43.5327599819437,WI,2,CALL,0,Chicago,175140,Reedsburg Branch,0,,Sauk,AGRICULTURAL,,,,1,6,1,WI,1,Wisconsin,7,FED,Chicago,579805,,0,115 E Main St,-90.0097839860291,,BOSCOBEL,55043,"Madison-Janesville-Beloit, WI",Boscobel,13,55111,,,Community First Bank,Reedsburg,WI,2023_11595_6
53805,DIF,SM,United States,53913,STATE,0,365679,Wisconsin,11/04/2002,2023,State Agency,11,55,100.0,9,10444,United States,"BOSCOBEL BANCORP, INC.",0,,0,505093,,Baraboo,ONE,CB,EXACT,,STATE,0,,0,925 Wisconsin Ave,357,35862,1492291,111,11595,43.4744150207725,WI,2,CALL,0,Chicago,175140,Baraboo Branch,0,,Sauk,AGRICULTURAL,,,,1,7,1,WI,1,Wisconsin,7,FED,Chicago,579805,,0,129 8th Ave,-89.743865006484,,BOSCOBEL,55043,"Madison-Janesville-Beloit, WI",Boscobel,13,55111,,,Community First Bank,Baraboo,WI,2023_11595_7
53805,DIF,SM,United States,53554,STATE,0,4169,Wisconsin,08/14/1903,2023,State Agency,11,55,100.0,9,10444,United States,"BOSCOBEL BANCORP, INC.",0,,0,505093,,Livingston,ONE,CB,StreetAddress,,STATE,0,,0,925 Wisconsin Ave,0,110960,1492291,43,11595,42.9002963683169,WI,2,CALL,0,Chicago,175140,Livingston Branch,0,,Grant,AGRICULTURAL,,,12/03/2016,1,9,1,WI,1,Wisconsin,7,FED,Chicago,579805,,0,125 N Center St,-90.4310209592725,,BOSCOBEL,55043,,Boscobel,13,55043,,,Community First Bank,Livingston,WI,2023_11595_9
54541,DIF,NM,United States,54541,STATE,0,7414,Wisconsin,01/01/1914,2023,State Agency,11,55,100.0,9,0,United States,"NORTHERN WISCONSIN BANK HOLDING COMPANY, INC.",0,,239004,239004,,Laona,ONE,CB,EXACT,"M,E",STATE,1,,0,5308 Beech St,0,91681,1128189,41,11601,45.5647519955247,WI,8,CALL,0,Chicago,178150,Laona State Bank,0,,Forest,ALL OTHER < $1 BILLION,,,,0,0,1,WI,1,Wisconsin,9,FDIC,Minneapolis,256079,,0,5308 Beech St,-88.6722629930229,,LAONA,55041,,Laona,21,55041,,,Laona State Bank,Laona,WI,2023_11601_0
54541,DIF,NM,United States,54520,STATE,0,225234,Wisconsin,08/29/1994,2023,State Agency,23,55,US_Zipcode,9,0,United States,"NORTHERN WISCONSIN BANK HOLDING COMPANY, INC.",0,,0,239004,,Crandon,ONE,CB,M,C,STATE,0,2,0,5308 Beech St,0,0,1128189,41,11601,45.521951,WI,8,CALL,0,Chicago,178150,Crandon Branch,0,,Forest,ALL OTHER < $1 BILLION,,,,0,1,1,WI,1,Wisconsin,9,FDIC,Minneapolis,256079,,0,"Highway 8 East, Pioneer Plaza",-88.926006,,LAONA,55041,,Laona,21,55041,,,Laona State Bank,Crandon,WI,2023_11601_1
54541,DIF,NM,United States,54520,STATE,0,270078,Wisconsin,01/01/1913,2023,State Agency,11,55,100.0,9,0,United States,"NORTHERN WISCONSIN BANK HOLDING COMPANY, INC.",0,,0,239004,,Crandon,ONE,CB,EXACT,E,STATE,0,,0,5308 Beech St,0,45506,1128189,41,11601,45.5698400202998,WI,8,CALL,0,Chicago,178150,Lake Ave Branch,0,,Forest,ALL OTHER < $1 BILLION,,,10/01/1997,0,2,1,WI,1,Wisconsin,9,FDIC,Minneapolis,256079,,0,108 N Lake Ave,-88.9029939886662,,LAONA,55041,,Laona,21,55041,,,Laona State Bank,Crandon,WI,2023_11601_2
54541,DIF,NM,United States,54103,STATE,0,225236,Wisconsin,04/23/1999,2023,State Agency,23,55,98.0,9,0,United States,"NORTHERN WISCONSIN BANK HOLDING COMPANY, INC.",0,,0,239004,,Armstrong Creek,ONE,CB,Postal,E,STATE,0,,0,5308 Beech St,0,12264,1128189,41,11601,45.7096550000001,WI,8,CALL,0,Chicago,178150,Armstrong Creek Branch,0,,Forest,ALL OTHER < $1 BILLION,,,,0,4,1,WI,1,Wisconsin,9,FDIC,Minneapolis,256079,,0,"Po Box 38, PO Box 38",-88.43091,,LAONA,55041,,Laona,21,55041,,,Laona State Bank,Armstrong Creek,WI,2023_11601_4
54541,DIF,NM,United States,54138,STATE,24580,233313,Wisconsin,07/15/1968,2023,State Agency,11,55,100.0,9,0,United States,"NORTHERN WISCONSIN BANK HOLDING COMPANY, INC.",0,,0,239004,,Lakewood,ONE,CB,StreetInt,E,STATE,0,,0,5308 Beech St,267,52424,1128189,83,11601,45.30141,WI,8,CALL,0,Chicago,178150,Lakewood Branch,1,,Oconto,ALL OTHER < $1 BILLION,,,07/05/2007,0,6,1,WI,1,Wisconsin,9,FDIC,Minneapolis,256079,,0,Highway 32 and Evergreen Lane,-88.5359385,,LAONA,55041,"Green Bay-Shawano, WI",Laona,21,55083,,"Green Bay, WI",Laona State Bank,Lakewood,WI,2023_11601_6
54541,DIF,NM,United States,54566,STATE,0,456661,Wisconsin,11/15/2006,2023,State Agency,23,55,100.0,9,0,United States,"NORTHERN WISCONSIN BANK HOLDING COMPANY, INC.",0,,0,239004,,Wabeno,ONE,CB,EXACT,E,STATE,0,,0,5308 Beech St,0,27450,1128189,41,11601,45.438746006898,WI,8,CALL,0,Chicago,178150,Wabeno Branch,0,,Forest,ALL OTHER < $1 BILLION,,,07/05/2007,0,7,1,WI,1,Wisconsin,9,FDIC,Minneapolis,256079,,0,4519 N Branch St,-88.6589129681973,,LAONA,55041,,Laona,21,55041,,,Laona State Bank,Wabeno,WI,2023_11601_7
54541,DIF,NM,United States,54175,STATE,24580,622027,Wisconsin,01/08/2020,2023,State Agency,23,55,100.0,9,0,United States,"NORTHERN WISCONSIN BANK HOLDING COMPANY, INC.",0,,0,239004,,Townsend,ONE,CB,POINTADDRESS,E,STATE,0,,0,5308 Beech St,267,2304,1128189,83,11601,45.329463,WI,8,CALL,0,Chicago,178150,Townsend Branch,1,,Oconto,ALL OTHER < $1 BILLION,,,,0,8,1,WI,1,Wisconsin,9,FDIC,Minneapolis,256079,,0,17953 Highway 32,-88.5909285,,LAONA,55041,"Green Bay-Shawano, WI",Laona,21,55083,,"Green Bay, WI",Laona State Bank,Townsend,WI,2023_11601_8
54541,DIF,NM,United States,54562,STATE,0,649833,Wisconsin,07/18/2022,2023,State Agency,11,55,100.0,9,0,United States,"NORTHERN WISCONSIN BANK HOLDING COMPANY, INC.",0,,0,239004,,Three Lakes,ONE,CB,EXACT,E,STATE,0,,0,5308 Beech St,0,7376,1128189,85,11601,45.7981180100693,WI,8,CALL,0,Chicago,178150,Three Lakes Branch,0,,Oneida,ALL OTHER < $1 BILLION,,,,0,9,1,WI,1,Wisconsin,9,FDIC,Minneapolis,256079,,0,1784 Superior St,-89.1693550297848,,LAONA,55041,,Laona,21,55085,,,Laona State Bank,Three Lakes,WI,2023_11601_9
54140,DIF,NM,United States,54140,STATE,11540,7419,Wisconsin,12/06/1906,2023,State Agency,11,55,100.0,9,14713,United States,"INDEPENDENT BANCORP., LIMITED",1,,305839,305839,,Little Chute,ONE,CB,EXACT,M,STATE,1,,0,206 E Main St,118,305839,2511313,87,11608,44.2805269985835,WI,4,CALL,0,Chicago,578741,Blc Community Bank,1,,Outagamie,COMMERCIAL LENDING,,,,0,0,1,WI,1,Wisconsin,7,FDIC,Chicago,381357,,0,206 E Main St,-88.3136639689625,,LITTLE CHUTE,55087,"Appleton-Oshkosh-Neenah, WI",Little Chute,21,55087,,"Appleton, WI",BLC Community Bank,Little Chute,WI,2023_11608_0
53551,DIF,NM,United States,53551,STATE,0,7431,Wisconsin,10/22/1883,2023,State Agency,11,55,100.0,9,13014,United States,"GREENWOODS FINANCIAL GROUP, INC.",0,,485258,485258,,Lake Mills,ONE,CB,StreetAddress,M,STATE,1,,0,365 W Tyranena Park Rd,376,145702,3618536,55,11623,43.0887702506948,WI,4,CALL,0,Chicago,576644,The Greenwood'S State Bank,0,,Jefferson,COMMERCIAL LENDING,,,,1,0,1,WI,1,Wisconsin,7,FDIC,Chicago,576054,,0,365 W Tyranena Park Rd,-88.8993190169488,,LAKE MILLS,55055,"Milwaukee-Racine-Waukesha, WI",Lake Mills,21,55055,,,The Greenwood's State Bank,Lake Mills,WI,2023_11623_0
53551,DIF,NM,United States,53188,STATE,33340,612399,Wisconsin,05/06/2019,2023,State Agency,11,55,100.0,9,13014,United States,"GREENWOODS FINANCIAL GROUP, INC.",0,,0,485258,,Waukesha,ONE,CB,EXACT,,STATE,0,,0,365 W Tyranena Park Rd,376,7376,3618536,133,11623,43.0187989878556,WI,4,CALL,0,Chicago,576644,Fiddlers Creek Branch,1,,Waukesha,COMMERCIAL LENDING,,,,0,10,1,WI,1,Wisconsin,7,FDIC,Chicago,576054,,0,3212 Fiddlers Creek Dr,-88.2869279609467,,LAKE MILLS,55055,"Milwaukee-Racine-Waukesha, WI",Lake Mills,21,55133,,"Milwaukee-Waukesha, WI",The Greenwood's State Bank,Waukesha,WI,2023_11623_10
53551,DIF,NM,United States,53105,STATE,39540,364388,Wisconsin,08/15/2003,2023,State Agency,11,55,100.0,9,13014,United States,"GREENWOODS FINANCIAL GROUP, INC.",0,,0,485258,,Burlington,ONE,CB,EXACT,,STATE,0,,0,365 W Tyranena Park Rd,376,129028,3618536,101,11623,42.6788989839511,WI,4,CALL,0,Chicago,576644,Burlington Branch,1,,Racine,COMMERCIAL LENDING,,,05/17/2019,0,11,1,WI,1,Wisconsin,7,FDIC,Chicago,576054,,0,241 E Jefferson St,-88.2734040116302,,LAKE MILLS,55055,"Milwaukee-Racine-Waukesha, WI",Lake Mills,21,55101,,"Racine-Mount Pleasant, WI",The Greenwood's State Bank,Burlington,WI,2023_11623_11
53551,DIF,NM,United States,53147,STATE,0,580282,Wisconsin,07/06/2016,2023,State Agency,11,55,100.0,9,13014,United States,"GREENWOODS FINANCIAL GROUP, INC.",0,,0,485258,,Lake Geneva,ONE,CB,Subaddress,,STATE,0,,0,365 W Tyranena Park Rd,376,14426,3618536,127,11623,42.6045699848815,WI,4,CALL,0,Chicago,576644,Frsb - Lake Geneva Branch,0,,Walworth,COMMERCIAL LENDING,,,05/17/2019,1,12,1,WI,1,Wisconsin,7,FDIC,Chicago,576054,,0,500 Interchange N Ste 1,-88.4295690098915,,LAKE MILLS,55055,"Milwaukee-Racine-Waukesha, WI",Lake Mills,21,55127,,,The Greenwood's State Bank,Lake Geneva,WI,2023_11623_12
53551,DIF,NM,United States,53502,STATE,31540,1629,Wisconsin,01/01/1892,2023,State Agency,11,55,100.0,9,13014,United States,"GREENWOODS FINANCIAL GROUP, INC.",0,,0,485258,,Albany,ONE,CB,EXACT,,STATE,0,,0,365 W Tyranena Park Rd,357,19914,3618536,45,11623,42.7069519985034,WI,4,CALL,0,Chicago,576644,Albany Branch,1,,Green,COMMERCIAL LENDING,,,04/23/2021,0,13,1,WI,1,Wisconsin,7,FDIC,Chicago,576054,,0,102 W Main St,-89.4391659784313,,LAKE MILLS,55055,"Madison-Janesville-Beloit, WI",Lake Mills,21,55045,,"Madison, WI",The Greenwood's State Bank,Albany,WI,2023_11623_13
53551,DIF,NM,United States,53566,STATE,31540,192698,Wisconsin,12/09/1992,2023,State Agency,11,55,100.0,9,13014,United States,"GREENWOODS FINANCIAL GROUP, INC.",0,,0,485258,,Monroe,ONE,CB,EXACT,,STATE,0,,0,365 W Tyranena Park Rd,357,22527,3618536,45,11623,42.6040949824285,WI,4,CALL,0,Chicago,576644,Monroe Branch,1,,Green,COMMERCIAL LENDING,,,04/23/2021,0,15,1,WI,1,Wisconsin,7,FDIC,Chicago,576054,,0,101 7 1/2 St,-89.6584099948678,,LAKE MILLS,55055,"Madison-Janesville-Beloit, WI",Lake Mills,21,55045,,"Madison, WI",The Greenwood's State Bank,Monroe,WI,2023_11623_15
53551,DIF,NM,United States,53570,STATE,31540,362381,Wisconsin,08/15/1987,2023,State Agency,11,55,100.0,9,13014,United States,"GREENWOODS FINANCIAL GROUP, INC.",0,,0,485258,,Monticello,ONE,CB,EXACT,,STATE,0,,0,365 W Tyranena Park Rd,357,60807,3618536,45,11623,42.7485269926249,WI,4,CALL,0,Chicago,576644,Coates Avenue Facility,1,,Green,COMMERCIAL LENDING,,,03/23/2013,0,6,1,WI,1,Wisconsin,7,FDIC,Chicago,576054,,0,401 W Coates Ave,-89.598926980793,,LAKE MILLS,55055,"Madison-Janesville-Beloit, WI",Lake Mills,21,55045,,"Madison, WI",The Greenwood's State Bank,Monticello,WI,2023_11623_6
53551,DIF,NM,United States,53536,STATE,27500,279464,Wisconsin,01/01/1920,2023,State Agency,11,55,100.0,9,13014,United States,"GREENWOODS FINANCIAL GROUP, INC.",0,,0,485258,,Evansville,ONE,CB,EXACT,,STATE,0,,0,365 W Tyranena Park Rd,357,39429,3618536,105,11623,42.7788779897517,WI,4,CALL,0,Chicago,576644,Evansville Branch,1,,Rock,COMMERCIAL LENDING,,,03/23/2013,0,7,1,WI,1,Wisconsin,7,FDIC,Chicago,576054,,0,12 J Lindemann Dr,-89.2702060049727,,LAKE MILLS,55055,"Madison-Janesville-Beloit, WI",Lake Mills,21,55105,,"Janesville-Beloit, WI",The Greenwood's State Bank,Evansville,WI,2023_11623_7
53551,DIF,NM,United States,53551,STATE,0,279463,Wisconsin,01/01/1920,2023,State Agency,11,55,100.0,9,13014,United States,"GREENWOODS FINANCIAL GROUP, INC.",0,,0,485258,,Lake Mills,ONE,CB,EXACT,,STATE,0,,0,365 W Tyranena Park Rd,376,46049,3618536,55,11623,43.0791670051772,WI,4,CALL,0,Chicago,576644,Lake Mills Branch,0,,Jefferson,COMMERCIAL LENDING,,,12/16/2013,1,8,1,WI,1,Wisconsin,7,FDIC,Chicago,576054,,0,300 E Lake St,-88.9095420152459,,LAKE MILLS,55055,"Milwaukee-Racine-Waukesha, WI",Lake Mills,21,55055,,,The Greenwood's State Bank,Lake Mills,WI,2023_11623_8
61821,DIF,NM,United States,53122,STATE,33340,43021,Illinois,01/01/1923,2023,State Agency,11,55,100.0,9,12767,United States,"CIB MARINE BANCSHARES, INC.",0,,0,622579,,Elm Grove,ONE,CB,EXACT,,STATE,0,,0,2913 W Kirby Ave,376,104071,1139532,133,11729,43.0367549942046,IL,4,CALL,0,Chicago,340742,Elm Grove Branch,1,,Waukesha,COMMERCIAL LENDING,,,06/26/2009,0,23,1,WI,1,Wisconsin,7,FDIC,Chicago,811305,,0,"12700 W Bluemound Rd, Ste 150",-88.0706699975164,,BROOKFIELD,17019,"Milwaukee-Racine-Waukesha, WI",Champaign,21,55133,,"Milwaukee-Waukesha, WI",CIBM Bank,Elm Grove,WI,2023_11729_23
61821,DIF,NM,United States,53045,STATE,33340,603498,Illinois,07/24/2018,2023,State Agency,11,55,100.0,9,12767,United States,"CIB MARINE BANCSHARES, INC.",0,,0,622579,,Brookfield,ONE,CB,EXACT,,STATE,0,,0,2913 W Kirby Ave,376,36807,1139532,133,11729,43.0355019834989,IL,4,CALL,0,Chicago,340742,Brookfield Branch,1,,Waukesha,COMMERCIAL LENDING,,,,0,33,1,WI,1,Wisconsin,7,FDIC,Chicago,811305,,0,19601 W Bluemound Rd,-88.1575979609776,,BROOKFIELD,17019,"Milwaukee-Racine-Waukesha, WI",Champaign,21,55133,,"Milwaukee-Waukesha, WI",CIBM Bank,Brookfield,WI,2023_11729_33
54843,DIF,NM,United States,54843,STATE,0,7835,Wisconsin,01/01/1917,2023,State Agency,11,55,100.0,9,0,United States,"CHIPPEWA VALLEY AGENCY, LTD.",0,,444233,444233,,Hayward,ONE,CB,EXACT,M,STATE,1,,0,15755 W County Road B,0,79011,1122963,113,12322,46.0062770014658,WI,8,CALL,0,Chicago,779650,Chippewa Valley Bank,0,,Sawyer,ALL OTHER < $1 BILLION,,,,0,0,1,WI,1,Wisconsin,9,FDIC,Minneapolis,624013,,0,15755 W County Road B,-91.4804640000129,,HAYWARD,55113,,Hayward,21,55113,,,Chippewa Valley Bank,Hayward,WI,2023_12322_0
54843,DIF,NM,United States,54867,STATE,0,226839,Wisconsin,11/18/1937,2023,State Agency,11,55,100.0,9,0,United States,"CHIPPEWA VALLEY AGENCY, LTD.",0,,0,444233,,Radisson,ONE,CB,EXACT,,STATE,0,,0,15755 W County Road B,0,10255,1122963,113,12322,45.7697989958198,WI,8,CALL,0,Chicago,779650,Radisson Branch,0,,Sawyer,ALL OTHER < $1 BILLION,,,,0,1,1,WI,1,Wisconsin,9,FDIC,Minneapolis,624013,,0,10609 W Omaha St,-91.2206460401512,,HAYWARD,55113,,Hayward,21,55113,,,Chippewa Valley Bank,Radisson,WI,2023_12322_1
54843,DIF,NM,United States,54806,STATE,0,531343,Wisconsin,05/29/2012,2023,State Agency,11,55,100.0,9,0,United States,"CHIPPEWA VALLEY AGENCY, LTD.",0,,0,444233,,Ashland,ONE,CB,EXACT,,STATE,0,,0,15755 W County Road B,0,35691,1122963,3,12322,46.5841080139317,WI,8,CALL,0,Chicago,779650,Ashland Wi Branch,0,,Ashland,ALL OTHER < $1 BILLION,,,,0,10,1,WI,1,Wisconsin,9,FDIC,Minneapolis,624013,,0,1508 Lake Shore Dr W,-90.9015370117973,,HAYWARD,55113,,Hayward,21,55003,,,Chippewa Valley Bank,Ashland,WI,2023_12322_10
54843,DIF,NM,United States,54880,STATE,20260,533978,Wisconsin,08/16/2012,2023,State Agency,11,55,100.0,9,0,United States,"CHIPPEWA VALLEY AGENCY, LTD.",0,,0,444233,,Superior,ONE,CB,EXACT,,STATE,0,,0,15755 W County Road B,228,38415,1122963,31,12322,46.6995590071658,WI,8,CALL,0,Chicago,779650,Superior Branch,1,,Douglas,ALL OTHER < $1 BILLION,,,08/17/2012,0,11,1,WI,1,Wisconsin,9,FDIC,Minneapolis,624013,,0,2820 E 2nd St,-92.0388549901726,,HAYWARD,55113,"Duluth-Grand Rapids, MN-WI",Hayward,21,55031,,"Duluth, MN-WI",Chippewa Valley Bank,Superior,WI,2023_12322_11
54843,DIF,NM,United States,54534,STATE,0,551811,Wisconsin,03/31/2014,2023,State Agency,11,55,100.0,9,0,United States,"CHIPPEWA VALLEY AGENCY, LTD.",0,,0,444233,,Hurley,ONE,CB,StreetAddress,,STATE,0,,0,15755 W County Road B,0,23846,1122963,51,12322,46.4596835363672,WI,8,CALL,0,Chicago,779650,Hurley Office,0,,Iron,ALL OTHER < $1 BILLION,,,,0,12,1,WI,1,Wisconsin,9,FDIC,Minneapolis,624013,,0,13365 N US Hwy 51,-90.1921298074439,,HAYWARD,55113,,Hayward,21,55051,,,Chippewa Valley Bank,Hurley,WI,2023_12322_12
54843,DIF,NM,United States,54821,STATE,0,225261,Wisconsin,05/18/1970,2023,State Agency,11,55,100.0,9,0,United States,"CHIPPEWA VALLEY AGENCY, LTD.",0,,0,444233,,Cable,ONE,CB,EXACT,,STATE,0,,0,15755 W County Road B,0,25173,1122963,7,12322,46.2074669851956,WI,8,CALL,0,Chicago,779650,Cable Branch,0,,Bayfield,ALL OTHER < $1 BILLION,,,05/06/2016,0,13,1,WI,1,Wisconsin,9,FDIC,Minneapolis,624013,,0,43480 Kavanaugh Rd,-91.2930609897212,,HAYWARD,55113,,Hayward,21,55007,,,Chippewa Valley Bank,Cable,WI,2023_12322_13
54843,DIF,NM,United States,54832,STATE,0,579102,Wisconsin,05/05/2016,2023,State Agency,11,55,100.0,9,0,United States,"CHIPPEWA VALLEY AGENCY, LTD.",0,,0,444233,,Drummond,ONE,CB,EXACT,,STATE,0,,0,15755 W County Road B,0,7447,1122963,7,12322,46.3365449832457,WI,8,CALL,0,Chicago,779650,Drummond Branch,0,,Bayfield,ALL OTHER < $1 BILLION,,,05/06/2016,0,15,1,WI,1,Wisconsin,9,FDIC,Minneapolis,624013,,0,52485 Wisconsin Ave,-91.2584090285275,,HAYWARD,55113,,Hayward,21,55007,,,Chippewa Valley Bank,Drummond,WI,2023_12322_15
54843,DIF,NM,United States,54819,STATE,0,226840,Wisconsin,07/02/1990,2023,State Agency,11,55,100.0,9,0,United States,"CHIPPEWA VALLEY AGENCY, LTD.",0,,0,444233,,Bruce,ONE,CB,EXACT,,STATE,0,,0,15755 W County Road B,0,79476,1122963,107,12322,45.455406003378,WI,8,CALL,0,Chicago,779650,Bruce Branch,0,,Rusk,ALL OTHER < $1 BILLION,,,,0,2,1,WI,1,Wisconsin,9,FDIC,Minneapolis,624013,,0,607 N Main St,-91.2739090115176,,HAYWARD,55113,,Hayward,21,55107,,,Chippewa Valley Bank,Bruce,WI,2023_12322_2
54843,DIF,NM,United States,54896,STATE,0,226841,Wisconsin,07/06/1994,2023,State Agency,11,55,99.9,9,0,United States,"CHIPPEWA VALLEY AGENCY, LTD.",0,,0,444233,,Winter,ONE,CB,StreetAddress,,STATE,0,,0,15755 W County Road B,0,29671,1122963,113,12322,45.8241287295439,WI,8,CALL,0,Chicago,779650,Winter Branch,0,,Sawyer,ALL OTHER < $1 BILLION,,,,0,3,1,WI,1,Wisconsin,9,FDIC,Minneapolis,624013,,0,5150 N Main St,-91.0113777531438,,HAYWARD,55113,,Hayward,21,55113,,,Chippewa Valley Bank,Winter,WI,2023_12322_3
54843,DIF,NM,United States,54895,STATE,0,226842,Wisconsin,04/19/1999,2023,State Agency,11,55,98.0,9,0,United States,"CHIPPEWA VALLEY AGENCY, LTD.",0,,0,444233,,Weyerhaeuser,ONE,CB,Postal,,STATE,0,,0,15755 W County Road B,0,5678,1122963,107,12322,45.4235037,WI,8,CALL,0,Chicago,779650,Weyerhaeuser Branch,0,,Rusk,ALL OTHER < $1 BILLION,,,,0,4,1,WI,1,Wisconsin,9,FDIC,Minneapolis,624013,,0,Po Box 256,-91.4150359,,HAYWARD,55113,,Hayward,21,55107,,,Chippewa Valley Bank,Weyerhaeuser,WI,2023_12322_4
54843,DIF,NM,United States,54849,STATE,20260,423082,Wisconsin,08/25/2003,2023,State Agency,11,55,100.0,9,0,United States,"CHIPPEWA VALLEY AGENCY, LTD.",0,,0,444233,,Lake Nebagamon,ONE,CB,EXACT,,STATE,0,,0,15755 W County Road B,228,9919,1122963,31,12322,46.5145929933128,WI,8,CALL,0,Chicago,779650,Lake Nebagamon,1,,Douglas,ALL OTHER < $1 BILLION,,,,0,5,1,WI,1,Wisconsin,9,FDIC,Minneapolis,624013,,0,6882 S Lake Ave,-91.6994829623492,,HAYWARD,55113,"Duluth-Grand Rapids, MN-WI",Hayward,21,55031,,"Duluth, MN-WI",Chippewa Valley Bank,Lake Nebagamon,WI,2023_12322_5
54843,DIF,NM,United States,54538,STATE,0,431392,Wisconsin,08/09/2004,2023,State Agency,11,55,US_Streets,9,0,United States,"CHIPPEWA VALLEY AGENCY, LTD.",0,,0,444233,,Lac du Flambeau,ONE,CB,M,,STATE,0,,0,15755 W County Road B,0,46034,1122963,125,12322,45.954123,WI,8,CALL,0,Chicago,779650,Lac Du Flambeau Branch,0,,Vilas,ALL OTHER < $1 BILLION,,,,0,6,1,WI,1,Wisconsin,9,FDIC,Minneapolis,624013,,0,602 Peacepipe Lane,-89.895921,,HAYWARD,55113,,Hayward,21,55125,,,Chippewa Valley Bank,Lac Du Flambeau,WI,2023_12322_6
54843,DIF,NM,United States,54847,STATE,0,269212,Wisconsin,01/01/1902,2023,State Agency,11,55,100.0,9,0,United States,"CHIPPEWA VALLEY AGENCY, LTD.",0,,0,444233,,Iron River,ONE,CB,EXACT,,STATE,0,,0,15755 W County Road B,0,23217,1122963,7,12322,46.5643490183001,WI,8,CALL,0,Chicago,779650,Iron River Branch,0,,Bayfield,ALL OTHER < $1 BILLION,,,08/07/2007,0,7,1,WI,1,Wisconsin,9,FDIC,Minneapolis,624013,,0,68240 S Main St,-91.4165679977353,,HAYWARD,55113,,Hayward,21,55007,,,Chippewa Valley Bank,Iron River,WI,2023_12322_7
54843,DIF,NM,United States,54814,STATE,0,269213,Wisconsin,01/01/1902,2023,State Agency,11,55,100.0,9,0,United States,"CHIPPEWA VALLEY AGENCY, LTD.",0,,0,444233,,Bayfield,ONE,CB,EXACT,,STATE,0,,0,15755 W County Road B,0,24475,1122963,7,12322,46.8094830153554,WI,8,CALL,0,Chicago,779650,Bayfield Branch,0,,Bayfield,ALL OTHER < $1 BILLION,,,08/07/2007,0,8,1,WI,1,Wisconsin,9,FDIC,Minneapolis,624013,,0,117 S Broad St,-90.8174980389036,,HAYWARD,55113,,Hayward,21,55007,,,Chippewa Valley Bank,Bayfield,WI,2023_12322_8
54843,DIF,NM,United States,54891,STATE,0,506557,Wisconsin,03/01/2010,2023,State Agency,11,55,100.0,9,0,United States,"CHIPPEWA VALLEY AGENCY, LTD.",0,,0,444233,,Washburn,ONE,CB,StreetAddress,,STATE,0,,0,15755 W County Road B,0,5925,1122963,7,12322,46.6880836383243,WI,8,CALL,0,Chicago,779650,Washburn Office,0,,Bayfield,ALL OTHER < $1 BILLION,,,,0,9,1,WI,1,Wisconsin,9,FDIC,Minneapolis,624013,,0,104 Washington Ave,-90.8945750233784,,HAYWARD,55113,,Hayward,21,55007,,,Chippewa Valley Bank,Washburn,WI,2023_12322_9
54619,DIF,NM,United States,54619,STATE,0,7837,Wisconsin,03/15/1899,2023,State Agency,11,55,100.0,9,0,United States,"EAGLE BANCSHARES, INC.",1,,104126,104126,,Cashton,ONE,CB,StreetAddress,M,STATE,1,,0,724 Front St,317,104126,3045815,81,12325,43.7423551880733,WI,2,CALL,0,Chicago,458946,Bank Of Cashton,0,,Monroe,AGRICULTURAL,,,,1,0,1,WI,1,Wisconsin,7,FDIC,Chicago,124893,,0,724 Front St,-90.7794969052709,,CASHTON,55081,"La Crosse-Onalaska-Sparta, WI-MN",Cashton,21,55081,,,Bank of Cashton,Cashton,WI,2023_12325_0
53948,DIF,NM,United States,53948,STATE,0,7839,Wisconsin,09/12/1932,2023,State Agency,11,55,100.0,9,0,United States,"MAUSTON BANCORP, INC.",0,,331456,331456,,Mauston,ONE,CB,StreetAddress,M,STATE,1,,0,503 Highway 82,0,221441,1205857,57,12327,43.7926446130122,WI,4,CALL,0,Chicago,601443,Bank Of Mauston,0,,Juneau,COMMERCIAL LENDING,,,,0,0,1,WI,1,Wisconsin,7,FDIC,Chicago,398629,,0,503 Highway 82,-90.0769558452214,,LA CROSSE,55057,,Mauston,21,55057,,,Bank of Mauston,Mauston,WI,2023_12327_0
53948,DIF,NM,United States,53944,STATE,0,226846,Wisconsin,02/07/1942,2023,State Agency,11,55,100.0,9,0,United States,"MAUSTON BANCORP, INC.",0,,0,331456,,Lyndon Station,ONE,CB,EXACT,,STATE,0,,0,503 Highway 82,0,20860,1205857,57,12327,43.7116639938725,WI,4,CALL,0,Chicago,601443,Lyndon Station Branch,0,,Juneau,COMMERCIAL LENDING,,,,0,1,1,WI,1,Wisconsin,7,FDIC,Chicago,398629,,0,149 N Wisconsin St,-89.9000529711601,,LA CROSSE,55057,,Mauston,21,55057,,,Bank of Mauston,Lyndon Station,WI,2023_12327_1
53948,DIF,NM,United States,53948,STATE,0,226848,Wisconsin,12/16/1991,2023,State Agency,11,55,100.0,9,0,United States,"MAUSTON BANCORP, INC.",0,,0,331456,,Mauston,ONE,CB,EXACT,,STATE,0,,0,503 Highway 82,0,2166,1205857,57,12327,43.7971360207522,WI,4,CALL,0,Chicago,601443,Mauston Division Street Branch,0,,Juneau,COMMERCIAL LENDING,,,,0,3,1,WI,1,Wisconsin,7,FDIC,Chicago,398629,,0,103 Division St,-90.0773270381975,,LA CROSSE,55057,,Mauston,21,55057,,,Bank of Mauston,Mauston,WI,2023_12327_3
53948,DIF,NM,United States,53965,STATE,0,226849,Wisconsin,12/01/1997,2023,State Agency,11,55,US_Streets,9,0,United States,"MAUSTON BANCORP, INC.",0,,0,331456,,Wisconsin Dells,ONE,CB,M,,STATE,0,,0,503 Highway 82,357,35069,1205857,111,12327,43.605369,WI,4,CALL,0,Chicago,601443,Dells-Delton Bank,0,,Sauk,COMMERCIAL LENDING,,,,1,4,1,WI,1,Wisconsin,7,FDIC,Chicago,398629,,0,402 County Highway a,-89.769895,,LA CROSSE,55057,"Madison-Janesville-Beloit, WI",Mauston,21,55111,,,Bank of Mauston,Wisconsin Dells,WI,2023_12327_4
53948,DIF,NM,United States,53950,STATE,0,359518,Wisconsin,03/05/2001,2023,State Agency,11,55,100.0,9,0,United States,"MAUSTON BANCORP, INC.",0,,0,331456,,New Lisbon,ONE,CB,EXACT,,STATE,0,,0,503 Highway 82,0,25231,1205857,57,12327,43.8803039881775,WI,4,CALL,0,Chicago,601443,New Lisbon Branch,0,,Juneau,COMMERCIAL LENDING,,,,0,5,1,WI,1,Wisconsin,7,FDIC,Chicago,398629,,0,800 Germantown Rd,-90.1540709893005,,LA CROSSE,55057,,Mauston,21,55057,,,Bank of Mauston,New Lisbon,WI,2023_12327_5
53948,DIF,NM,United States,54646,STATE,0,443997,Wisconsin,08/16/2005,2023,State Agency,11,55,100.0,9,0,United States,"MAUSTON BANCORP, INC.",0,,0,331456,,Necedah,ONE,CB,EXACT,,STATE,0,,0,503 Highway 82,0,26689,1205857,57,12327,44.0257349955038,WI,4,CALL,0,Chicago,601443,Necedah Branch,0,,Juneau,COMMERCIAL LENDING,,,,0,6,1,WI,1,Wisconsin,7,FDIC,Chicago,398629,,0,101 S Main St,-90.0734609691768,,LA CROSSE,55057,,Mauston,21,55057,,,Bank of Mauston,Necedah,WI,2023_12327_6
53014,DIF,NM,United States,53014,STATE,11540,7842,Wisconsin,04/19/1891,2023,State Agency,11,55,100.0,9,11432,United States,"CALUMET BANCORPORATION, INC.",0,,394671,394671,,Chilton,ONE,CB,EXACT,M,STATE,1,,0,26 E Main St,118,213583,1133820,15,12331,44.0292600048842,WI,4,CALL,0,Chicago,120542,State Bank Of Chilton,1,,Calumet,COMMERCIAL LENDING,,,,0,0,1,WI,1,Wisconsin,7,FDIC,Chicago,453132,,0,26 E Main St,-88.1622280404727,,CHILTON,55015,"Appleton-Oshkosh-Neenah, WI",Chilton,21,55015,,"Appleton, WI",State Bank of Chilton,Chilton,WI,2023_12331_0
53014,DIF,NM,United States,53088,STATE,11540,8245,Wisconsin,08/19/1905,2023,State Agency,11,55,US_Streets,9,11432,United States,"CALUMET BANCORPORATION, INC.",0,,0,394671,,Stockbridge,ONE,CB,M,,STATE,0,,0,26 E Main St,118,38526,1133820,15,12331,44.071769,WI,4,CALL,0,Chicago,120542,Stockbridge Office Branch,1,,Calumet,COMMERCIAL LENDING,,,01/01/2001,0,2,1,WI,1,Wisconsin,7,FDIC,Chicago,453132,,0,401 West Lake Street,-88.304253,,CHILTON,55015,"Appleton-Oshkosh-Neenah, WI",Chilton,21,55015,,"Appleton, WI",State Bank of Chilton,Stockbridge,WI,2023_12331_2
53014,DIF,NM,United States,54110,STATE,11540,7418,Wisconsin,01/19/1921,2023,State Agency,11,55,100.0,9,11432,United States,"CALUMET BANCORPORATION, INC.",0,,0,394671,,Brillion,ONE,CB,EXACT,,STATE,0,,0,26 E Main St,118,87302,1133820,15,12331,44.1773129972524,WI,4,CALL,0,Chicago,120542,Brillion Office Branch,1,,Calumet,COMMERCIAL LENDING,,,06/01/2016,0,4,1,WI,1,Wisconsin,7,FDIC,Chicago,453132,,0,103 N Main St,-88.0644719992133,,CHILTON,55015,"Appleton-Oshkosh-Neenah, WI",Chilton,21,55015,,"Appleton, WI",State Bank of Chilton,Brillion,WI,2023_12331_4
53014,DIF,NM,United States,54169,STATE,11540,442955,Wisconsin,12/08/2004,2023,State Agency,11,55,100.0,9,11432,United States,"CALUMET BANCORPORATION, INC.",0,,0,394671,,Sherwood,ONE,CB,EXACT,,STATE,0,,0,26 E Main St,118,31084,1133820,15,12331,44.1748799822176,WI,4,CALL,0,Chicago,120542,Sherwood Office Branch,1,,Calumet,COMMERCIAL LENDING,,,06/01/2016,0,5,1,WI,1,Wisconsin,7,FDIC,Chicago,453132,,0,W443 Veterans Ave,-88.262480966869,,CHILTON,55015,"Appleton-Oshkosh-Neenah, WI",Chilton,21,55015,,"Appleton, WI",State Bank of Chilton,Sherwood,WI,2023_12331_5
53014,DIF,NM,United States,53005,STATE,33340,626231,Wisconsin,08/10/2020,2023,State Agency,11,55,100.0,9,11432,United States,"CALUMET BANCORPORATION, INC.",0,,0,394671,,Brookfield,ONE,CB,EXACT,,STATE,0,,0,26 E Main St,376,24176,1133820,133,12331,43.0901780180122,WI,4,CALL,0,Chicago,120542,Brookfield Office Branch,1,,Waukesha,COMMERCIAL LENDING,,,,0,6,1,WI,1,Wisconsin,7,FDIC,Chicago,453132,,0,14040 W Capitol Dr,-88.0872649923373,,CHILTON,55015,"Milwaukee-Racine-Waukesha, WI",Chilton,21,55133,,"Milwaukee-Waukesha, WI",State Bank of Chilton,Brookfield,WI,2023_12331_6
54822,DIF,NM,United States,54822,STATE,0,7855,Wisconsin,01/01/1903,2023,State Agency,11,55,100.0,9,0,United States,"CAMERON BANCORP, INC.",0,,154218,154218,,Cameron,ONE,CB,EXACT,M,STATE,1,,0,101 W Main St,0,54524,1516405,5,12349,45.4088470038999,WI,8,CALL,0,Chicago,385350,Community Bank Of Cameron,0,,Barron,ALL OTHER < $1 BILLION,,,,1,0,1,WI,1,Wisconsin,9,FDIC,Minneapolis,177211,,0,101 W Main St,-91.7359729910903,,CAMERON,55005,,Cameron,21,55005,,,Community Bank of Cameron,Cameron,WI,2023_12349_0
54822,DIF,NM,United States,54840,STATE,0,226866,Wisconsin,03/23/1998,2023,State Agency,11,55,100.0,9,0,United States,"CAMERON BANCORP, INC.",0,,0,154218,,Grantsburg,ONE,CB,EXACT,,STATE,0,,0,101 W Main St,0,56841,1516405,13,12349,45.7791720171362,WI,8,CALL,0,Chicago,385350,Grantsburg Branch,0,,Burnett,ALL OTHER < $1 BILLION,,,,0,1,1,WI,1,Wisconsin,9,FDIC,Minneapolis,177211,,0,114 E Madison Ave,-92.6811700373335,,CAMERON,55005,,Cameron,21,55013,,,Community Bank of Cameron,Grantsburg,WI,2023_12349_1
54822,DIF,NM,United States,54872,STATE,0,428183,Wisconsin,09/15/2003,2023,State Agency,11,55,100.0,9,0,United States,"CAMERON BANCORP, INC.",0,,0,154218,,Siren,ONE,CB,EXACT,,STATE,0,,0,101 W Main St,0,42853,1516405,13,12349,45.784997020748,WI,8,CALL,0,Chicago,385350,Siren Branch,0,,Burnett,ALL OTHER < $1 BILLION,,,,0,3,1,WI,1,Wisconsin,9,FDIC,Minneapolis,177211,,0,24006 State Road 35,-92.3804379964156,,CAMERON,55005,,Cameron,21,55013,,,Community Bank of Cameron,Siren,WI,2023_12349_3
53034,DIF,NM,United States,53034,STATE,0,7859,Wisconsin,01/06/1902,2023,State Agency,11,55,100.0,9,14162,United States,"HUSTISFORD COMMUNITY BANCORP., INC.",1,,54896,54896,,Hustisford,ONE,CB,EXACT,M,STATE,1,,0,200 S Lake St,376,54896,2999854,27,12354,43.344709008627,WI,8,CALL,0,Chicago,467144,Hustisford State Bank,0,,Dodge,ALL OTHER < $1 BILLION,,,,1,0,1,WI,1,Wisconsin,7,FDIC,Chicago,72261,,0,200 S Lake St,-88.6003780311907,,HUSTISFORD,55027,"Milwaukee-Racine-Waukesha, WI",Hustisford,21,55027,,,Hustisford State Bank,Hustisford,WI,2023_12354_0
54755,DIF,NM,United States,54755,STATE,0,7959,Wisconsin,01/01/1900,2023,State Agency,11,55,100.0,9,11730,United States,"GEBSCO, INC.",0,,187579,187579,,Mondovi,ONE,CB,EXACT,M,STATE,1,,0,245 S Eau Claire St,0,93464,1126082,11,12511,44.5659639940439,WI,2,CALL,0,Chicago,21658,Alliance Bank,0,,Buffalo,AGRICULTURAL,,,,0,0,1,WI,1,Wisconsin,9,FDIC,Minneapolis,214481,,0,245 S Eau Claire St,-91.6710269878018,,MONDOVI,55011,,Mondovi,21,55011,,,Alliance Bank,Mondovi,WI,2023_12511_0
54755,DIF,NM,United States,54743,STATE,0,207623,Wisconsin,08/12/1988,2023,State Agency,11,55,US_Zipcode,9,11730,United States,"GEBSCO, INC.",0,,0,187579,,Gilmanton,ONE,CB,M,,STATE,0,,0,245 S Eau Claire St,0,8048,1126082,11,12511,44.56877,WI,2,CALL,0,Chicago,21658,Gilmanton Branch,0,,Buffalo,AGRICULTURAL,,,08/12/1988,0,3,1,WI,1,Wisconsin,9,FDIC,Minneapolis,214481,,0,S879 State Road 88,-91.671018,,MONDOVI,55011,,Mondovi,21,55011,,,Alliance Bank,Gilmanton,WI,2023_12511_3
54755,DIF,NM,United States,54758,STATE,0,227281,Wisconsin,07/01/1991,2023,State Agency,11,55,100.0,9,11730,United States,"GEBSCO, INC.",0,,0,187579,,Osseo,ONE,CB,EXACT,,STATE,0,,0,245 S Eau Claire St,0,30861,1126082,121,12511,44.5796239816489,WI,2,CALL,0,Chicago,21658,Osseo Branch,0,,Trempealeau,AGRICULTURAL,,,,0,4,1,WI,1,Wisconsin,9,FDIC,Minneapolis,214481,,0,13806 10th St,-91.2231570068855,,MONDOVI,55011,,Mondovi,21,55121,,,Alliance Bank,Osseo,WI,2023_12511_4
54755,DIF,NM,United States,54622,STATE,0,10138,Wisconsin,08/12/1942,2023,State Agency,11,55,100.0,9,11730,United States,"GEBSCO, INC.",0,,0,187579,,Cochrane,ONE,CB,EXACT,,STATE,0,,0,245 S Eau Claire St,0,36097,1126082,11,12511,44.2268210017247,WI,2,CALL,0,Chicago,21658,Cochrane Branch,0,,Buffalo,AGRICULTURAL,,,01/01/2003,0,5,1,WI,1,Wisconsin,9,FDIC,Minneapolis,214481,,0,103 S Main St,-91.8356919902543,,MONDOVI,55011,,Mondovi,21,55011,,,Alliance Bank,Cochrane,WI,2023_12511_5
54755,DIF,NM,United States,54629,STATE,0,235802,Wisconsin,10/09/1984,2023,State Agency,11,55,100.0,9,11730,United States,"GEBSCO, INC.",0,,0,187579,,Fountain City,ONE,CB,EXACT,,STATE,0,,0,245 S Eau Claire St,0,19109,1126082,11,12511,44.0714050103311,WI,2,CALL,0,Chicago,21658,Bluff Siding Branch,0,,Buffalo,AGRICULTURAL,,,01/01/2003,0,6,1,WI,1,Wisconsin,9,FDIC,Minneapolis,214481,,0,W418 Bluff Siding Rd,-91.6147969903493,,MONDOVI,55011,,Mondovi,21,55011,,,Alliance Bank,Fountain City,WI,2023_12511_6
54473,DIF,NM,United States,54473,STATE,0,7960,Wisconsin,01/01/1904,2023,State Agency,11,55,100.0,9,11834,United States,"ROSHOLT BANCORPORATION, INC.",0,,89638,89638,,Rosholt,ONE,CB,EXACT,M,STATE,1,,0,275 W Grand Ave,554,38103,1210422,97,12512,44.6274409790651,WI,4,CALL,0,Chicago,62147,Community First Bank,0,,Portage,COMMERCIAL LENDING,,,,1,0,1,WI,1,Wisconsin,7,FDIC,Chicago,103023,,0,275 W Grand Ave,-89.3110849658545,,ROSHOLT,55097,"Wausau-Stevens Point-Wisconsin Rapids, WI",Rosholt,21,55097,,,Community First Bank,Rosholt,WI,2023_12512_0
54473,DIF,NM,United States,54429,STATE,48140,227282,Wisconsin,03/01/1934,2023,State Agency,11,55,100.0,9,11834,United States,"ROSHOLT BANCORPORATION, INC.",0,,0,89638,,Elderon,ONE,CB,STREETADDRESS,,STATE,0,,0,275 W Grand Ave,554,10162,1210422,73,12512,44.7824270720866,WI,4,CALL,0,Chicago,62147,Elderon Branch,1,,Marathon,COMMERCIAL LENDING,,,,0,1,1,WI,1,Wisconsin,7,FDIC,Chicago,103023,,0,211311 State Rd 49,-89.2445412043014,,ROSHOLT,55097,"Wausau-Stevens Point-Wisconsin Rapids, WI",Rosholt,21,55073,,"Wausau, WI",Community First Bank,Elderon,WI,2023_12512_1
54473,DIF,NM,United States,54482,STATE,0,227285,Wisconsin,06/24/1994,2023,State Agency,11,55,100.0,9,11834,United States,"ROSHOLT BANCORPORATION, INC.",0,,0,89638,,Stevens Point,ONE,CB,EXACT,,STATE,0,,0,275 W Grand Ave,554,41373,1210422,97,12512,44.5230330175362,WI,4,CALL,0,Chicago,62147,Highway 10 Branch,0,,Portage,COMMERCIAL LENDING,,,,1,4,1,WI,1,Wisconsin,7,FDIC,Chicago,103023,,0,5525 Us Highway 10 E,-89.5127819709074,,ROSHOLT,55097,"Wausau-Stevens Point-Wisconsin Rapids, WI",Rosholt,21,55097,,,Community First Bank,Stevens Point,WI,2023_12512_4
54449,DIF,NM,United States,54449,STATE,0,7961,Wisconsin,06/13/1908,2023,State Agency,11,55,100.0,9,10502,United States,"STRATFORD BANCSHARES, INC.",0,,204840,204840,,Marshfield,ONE,CB,EXACT,M,STATE,1,,0,907 N Central Ave,554,62995,1138713,141,12513,44.6751490117401,WI,4,CALL,0,Chicago,114149,Partners Bank Of Wisconsin,0,,Wood,COMMERCIAL LENDING,,,,1,0,1,WI,1,Wisconsin,7,FDIC,Chicago,262775,,0,907 N Central Ave,-90.1671569841761,,STRATFORD,55141,"Wausau-Stevens Point-Wisconsin Rapids, WI",Marshfield,21,55141,,,Partners Bank of Wisconsin,Marshfield,WI,2023_12513_0
54449,DIF,NM,United States,54484,STATE,48140,9539,Wisconsin,12/11/1908,2023,State Agency,11,55,100.0,9,10502,United States,"STRATFORD BANCSHARES, INC.",0,,0,204840,,Stratford,ONE,CB,EXACT,,STATE,0,,0,907 N Central Ave,554,95666,1138713,73,12513,44.8031364822775,WI,4,CALL,0,Chicago,114149,Stratford Branch,1,,Marathon,COMMERCIAL LENDING,,,06/17/2017,0,2,1,WI,1,Wisconsin,7,FDIC,Chicago,262775,,0,213100 State Highway 97,-90.0795861287413,,STRATFORD,55141,"Wausau-Stevens Point-Wisconsin Rapids, WI",Marshfield,21,55073,,"Wausau, WI",Partners Bank of Wisconsin,Stratford,WI,2023_12513_2
54449,DIF,NM,United States,54479,STATE,48140,589550,Wisconsin,06/17/2017,2023,State Agency,11,55,100.0,9,10502,United States,"STRATFORD BANCSHARES, INC.",0,,0,204840,,Spencer,ONE,CB,EXACT,,STATE,0,,0,907 N Central Ave,554,46179,1138713,73,12513,44.7571952290634,WI,4,CALL,0,Chicago,114149,Spencer Branch,1,,Marathon,COMMERCIAL LENDING,,,06/17/2017,0,3,1,WI,1,Wisconsin,7,FDIC,Chicago,262775,,0,201 W Clark St,-90.3013590491849,,STRATFORD,55141,"Wausau-Stevens Point-Wisconsin Rapids, WI",Marshfield,21,55073,,"Wausau, WI",Partners Bank of Wisconsin,Spencer,WI,2023_12513_3
53036,DIF,NM,United States,53036,STATE,0,7962,Wisconsin,01/01/1918,2023,State Agency,11,55,99.99,9,12974,United States,"IXONIA BANCSHARES, INC.",0,,486611,486611,,Ixonia,ONE,CB,EXACT,M,STATE,1,,0,W 1046 Marietta  Ave,376,197042,1247295,55,12514,43.1415530075978,WI,4,CALL,0,Chicago,529341,Ixonia Bank,0,,Jefferson,COMMERCIAL LENDING,,,,1,0,1,WI,1,Wisconsin,7,FDIC,Chicago,697340,,0,W 1046 Marietta  Ave,-88.5845030418525,,IXONIA,55055,"Milwaukee-Racine-Waukesha, WI",Ixonia,21,55055,,,Ixonia Bank,Ixonia,WI,2023_12514_0
53036,DIF,NM,United States,53094,STATE,0,227287,Wisconsin,12/26/1990,2023,State Agency,11,55,100.0,9,12974,United States,"IXONIA BANCSHARES, INC.",0,,0,486611,,Watertown,ONE,CB,EXACT,,STATE,0,,0,W 1046 Marietta  Ave,376,75458,1247295,55,12514,43.1927389852669,WI,4,CALL,0,Chicago,529341,Watertown Branch,0,,Jefferson,COMMERCIAL LENDING,,,,1,1,1,WI,1,Wisconsin,7,FDIC,Chicago,697340,,0,109 Oakridge Ct,-88.6980380158397,,IXONIA,55055,"Milwaukee-Racine-Waukesha, WI",Ixonia,21,55055,,,Ixonia Bank,Watertown,WI,2023_12514_1
53036,DIF,NM,United States,53066,STATE,33340,227288,Wisconsin,12/19/1994,2023,State Agency,11,55,100.0,9,12974,United States,"IXONIA BANCSHARES, INC.",0,,0,486611,,Oconomowoc,ONE,CB,EXACT,,STATE,0,,0,W 1046 Marietta  Ave,376,49249,1247295,133,12514,43.0920450031255,WI,4,CALL,0,Chicago,529341,Oconomowoc Branch,1,,Waukesha,COMMERCIAL LENDING,,,,0,2,1,WI,1,Wisconsin,7,FDIC,Chicago,697340,,0,1223 Summit Ave,-88.4781070186189,,IXONIA,55055,"Milwaukee-Racine-Waukesha, WI",Ixonia,21,55133,,"Milwaukee-Waukesha, WI",Ixonia Bank,Oconomowoc,WI,2023_12514_2
53036,DIF,NM,United States,53094,STATE,0,227289,Wisconsin,01/31/1997,2023,State Agency,11,55,100.0,9,12974,United States,"IXONIA BANCSHARES, INC.",0,,0,486611,,Watertown,ONE,CB,EXACT,,STATE,0,,0,W 1046 Marietta  Ave,376,69047,1247295,55,12514,43.1716110152992,WI,4,CALL,0,Chicago,529341,Church Street Branch,0,,Jefferson,COMMERCIAL LENDING,,,,1,3,1,WI,1,Wisconsin,7,FDIC,Chicago,697340,,0,1725 S Church St,-88.7315360404232,,IXONIA,55055,"Milwaukee-Racine-Waukesha, WI",Ixonia,21,55055,,,Ixonia Bank,Watertown,WI,2023_12514_3
53036,DIF,NM,United States,53118,STATE,33340,358965,Wisconsin,12/18/2000,2023,State Agency,11,55,100.0,9,12974,United States,"IXONIA BANCSHARES, INC.",0,,0,486611,,Dousman,ONE,CB,EXACT,,STATE,0,,0,W 1046 Marietta  Ave,376,40018,1247295,133,12514,43.0238829893171,WI,4,CALL,0,Chicago,529341,Dousman Branch,1,,Waukesha,COMMERCIAL LENDING,,,,0,4,1,WI,1,Wisconsin,7,FDIC,Chicago,697340,,0,491 N Main St,-88.4731069619177,,IXONIA,55055,"Milwaukee-Racine-Waukesha, WI",Ixonia,21,55133,,"Milwaukee-Waukesha, WI",Ixonia Bank,Dousman,WI,2023_12514_4
53036,DIF,NM,United States,53066,STATE,0,595724,Wisconsin,01/16/2018,2023,State Agency,11,55,100.0,9,12974,United States,"IXONIA BANCSHARES, INC.",0,,0,486611,,Oconomowoc,ONE,CB,EXACT,,STATE,0,,0,W 1046 Marietta  Ave,376,49621,1247295,55,12514,43.1103989822373,WI,4,CALL,0,Chicago,529341,Ixonia Bank-Lakes Plaza Branch,0,,Jefferson,COMMERCIAL LENDING,,,,1,8,1,WI,1,Wisconsin,7,FDIC,Chicago,697340,,0,W359n5002 Brown St,-88.460495969495,,IXONIA,55055,"Milwaukee-Racine-Waukesha, WI",Ixonia,21,55055,,,Ixonia Bank,Oconomowoc,WI,2023_12514_8
53036,DIF,NM,United States,53202,STATE,33340,620442,Wisconsin,01/21/2020,2023,State Agency,11,55,100.0,9,12974,United States,"IXONIA BANCSHARES, INC.",0,,0,486611,,Milwaukee,ONE,CB,EXACT,,STATE,0,,0,W 1046 Marietta  Ave,376,6176,1247295,79,12514,43.038682999573,WI,4,CALL,0,Chicago,529341,Ixonia Bank-Milwaukee Branch,1,,Milwaukee,COMMERCIAL LENDING,,,,0,9,1,WI,1,Wisconsin,7,FDIC,Chicago,697340,,0,611 E Wisconsin Ave,-87.903392020568,,IXONIA,55055,"Milwaukee-Racine-Waukesha, WI",Ixonia,21,55079,,"Milwaukee-Waukesha, WI",Ixonia Bank,Milwaukee,WI,2023_12514_9
53066,DIF,NM,United States,53066,STATE,33340,7965,Wisconsin,09/01/1859,2023,State Agency,11,55,100.0,9,12624,United States,"OCONOMOWOC BANCSHARES, INC.",0,,1425577,1425577,,Oconomowoc,ONE,CB,EXACT,M,STATE,1,,0,155 W Wisconsin Ave,376,683364,2320618,133,12517,43.111399991024,WI,4,CALL,0,Chicago,806846,Bank Five Nine,1,,Waukesha,COMMERCIAL LENDING,,,,0,0,1,WI,1,Wisconsin,7,FDIC,Chicago,1775042,,0,155 W Wisconsin Ave,-88.5007669909395,,OCONOMOWOC,55133,"Milwaukee-Racine-Waukesha, WI",Oconomowoc,21,55133,,"Milwaukee-Waukesha, WI",Bank Five Nine,Oconomowoc,WI,2023_12517_0
53066,DIF,NM,United States,53051,STATE,33340,479127,Wisconsin,04/14/2008,2023,State Agency,11,55,99.75,9,12624,United States,"OCONOMOWOC BANCSHARES, INC.",0,,0,1425577,,Menomonee Falls,ONE,CB,POINTADDRESS,,STATE,0,,0,155 W Wisconsin Ave,376,31195,2320618,133,12517,43.1192565121181,WI,4,CALL,0,Chicago,806846,Menomonee Falls  Branch,1,,Waukesha,COMMERCIAL LENDING,,,,0,10,1,WI,1,Wisconsin,7,FDIC,Chicago,1775042,,0,N56 W14044 Silver Spring Drive Suite 100,-88.0860029460154,,OCONOMOWOC,55133,"Milwaukee-Racine-Waukesha, WI",Oconomowoc,21,55133,,"Milwaukee-Waukesha, WI",Bank Five Nine,Menomonee Falls,WI,2023_12517_10
53066,DIF,NM,United States,53045,STATE,33340,269381,Wisconsin,01/01/1927,2023,State Agency,11,55,100.0,9,12624,United States,"OCONOMOWOC BANCSHARES, INC.",0,,0,1425577,,Brookfield,ONE,CB,EXACT,,STATE,0,,0,155 W Wisconsin Ave,376,86061,2320618,133,12517,43.0894450205795,WI,4,CALL,0,Chicago,806846,Brookfield Branch,1,,Waukesha,COMMERCIAL LENDING,,,06/18/2012,0,14,1,WI,1,Wisconsin,7,FDIC,Chicago,1775042,,0,18815 W Capitol Dr,-88.1464539692488,,OCONOMOWOC,55133,"Milwaukee-Racine-Waukesha, WI",Oconomowoc,21,55133,,"Milwaukee-Waukesha, WI",Bank Five Nine,Brookfield,WI,2023_12517_14
53066,DIF,NM,United States,53092,STATE,33340,440172,Wisconsin,05/02/2005,2023,State Agency,11,55,100.0,9,12624,United States,"OCONOMOWOC BANCSHARES, INC.",0,,0,1425577,,Mequon,ONE,CB,EXACT,,STATE,0,,0,155 W Wisconsin Ave,376,53786,2320618,89,12517,43.2301149811736,WI,4,CALL,0,Chicago,806846,Mequon Branch,1,,Ozaukee,COMMERCIAL LENDING,,,06/18/2012,0,15,1,WI,1,Wisconsin,7,FDIC,Chicago,1775042,,0,11715 N Port Washington Rd,-87.9246630277134,,OCONOMOWOC,55133,"Milwaukee-Racine-Waukesha, WI",Oconomowoc,21,55089,,"Milwaukee-Waukesha, WI",Bank Five Nine,Mequon,WI,2023_12517_15
53066,DIF,NM,United States,53024,STATE,33340,535354,Wisconsin,12/03/2012,2023,State Agency,11,55,100.0,9,12624,United States,"OCONOMOWOC BANCSHARES, INC.",0,,0,1425577,,Grafton,ONE,CB,EXACT,,STATE,0,,0,155 W Wisconsin Ave,376,30877,2320618,89,12517,43.3208800122705,WI,4,CALL,0,Chicago,806846,Grafton Wi Branch,1,,Ozaukee,COMMERCIAL LENDING,,,,0,16,1,WI,1,Wisconsin,7,FDIC,Chicago,1775042,,0,2300 Washington St,-87.9288780353632,,OCONOMOWOC,55133,"Milwaukee-Racine-Waukesha, WI",Oconomowoc,21,55089,,"Milwaukee-Waukesha, WI",Bank Five Nine,Grafton,WI,2023_12517_16
53066,DIF,NM,United States,53217,STATE,33340,581982,Wisconsin,01/19/2016,2023,State Agency,11,55,100.0,9,12624,United States,"OCONOMOWOC BANCSHARES, INC.",0,,0,1425577,,Milwaukee,ONE,CB,EXACT,,STATE,0,,0,155 W Wisconsin Ave,376,13010,2320618,79,12517,43.1174539882305,WI,4,CALL,0,Chicago,806846,Glendale Branch,1,,Milwaukee,COMMERCIAL LENDING,,,,0,18,1,WI,1,Wisconsin,7,FDIC,Chicago,1775042,,0,5555 N Port Washington Rd,-87.9172449595841,,OCONOMOWOC,55133,"Milwaukee-Racine-Waukesha, WI",Oconomowoc,21,55079,,"Milwaukee-Waukesha, WI",Bank Five Nine,Glendale,WI,2023_12517_18
53066,DIF,NM,United States,53202,STATE,33340,581983,Wisconsin,09/09/2015,2023,State Agency,23,55,100.0,9,12624,United States,"OCONOMOWOC BANCSHARES, INC.",0,,0,1425577,,Milwaukee,ONE,CB,EXACT,,STATE,0,,0,155 W Wisconsin Ave,376,1634,2320618,79,12517,43.0390269928793,WI,4,CALL,0,Chicago,806846,Milwaukee Branch,1,,Milwaukee,COMMERCIAL LENDING,,,,0,19,1,WI,1,Wisconsin,7,FDIC,Chicago,1775042,,0,400 E Wisconsin Ave,-87.9062650017004,,OCONOMOWOC,55133,"Milwaukee-Racine-Waukesha, WI",Oconomowoc,21,55079,,"Milwaukee-Waukesha, WI",Bank Five Nine,Milwaukee,WI,2023_12517_19
53066,DIF,NM,United States,53066,STATE,33340,227296,Wisconsin,11/18/1994,2023,State Agency,11,55,US_Zipcode,9,12624,United States,"OCONOMOWOC BANCSHARES, INC.",0,,0,1425577,,Oconomowoc,ONE,CB,M,,STATE,0,,0,155 W Wisconsin Ave,376,96296,2320618,133,12517,43.11738,WI,4,CALL,0,Chicago,806846,Brown Street Branch,1,,Waukesha,COMMERCIAL LENDING,,,,0,2,1,WI,1,Wisconsin,7,FDIC,Chicago,1775042,,0,W359 N5900 Brown Street,-88.489408,,OCONOMOWOC,55133,"Milwaukee-Racine-Waukesha, WI",Oconomowoc,21,55133,,"Milwaukee-Waukesha, WI",Bank Five Nine,Oconomowoc,WI,2023_12517_2
53066,DIF,NM,United States,53005,STATE,33340,591431,Wisconsin,07/30/2014,2023,State Agency,11,55,100.0,9,12624,United States,"OCONOMOWOC BANCSHARES, INC.",0,,0,1425577,,Brookfield,ONE,CB,EXACT,,STATE,0,,0,155 W Wisconsin Ave,376,28986,2320618,133,12517,43.0604930050021,WI,4,CALL,0,Chicago,806846,East Brookfield,1,,Waukesha,COMMERCIAL LENDING,,,,0,20,1,WI,1,Wisconsin,7,FDIC,Chicago,1775042,,0,12600 W North Ave,-88.0696159731921,,OCONOMOWOC,55133,"Milwaukee-Racine-Waukesha, WI",Oconomowoc,21,55133,,"Milwaukee-Waukesha, WI",Bank Five Nine,Brookfield,WI,2023_12517_20
53066,DIF,NM,United States,53029,STATE,33340,227297,Wisconsin,12/23/1996,2023,State Agency,11,55,100.0,9,12624,United States,"OCONOMOWOC BANCSHARES, INC.",0,,0,1425577,,Hartland,ONE,CB,EXACT,,STATE,0,,0,155 W Wisconsin Ave,376,108529,2320618,133,12517,43.0942269801601,WI,4,CALL,0,Chicago,806846,Hartland Branch,1,,Waukesha,COMMERCIAL LENDING,,,,0,3,1,WI,1,Wisconsin,7,FDIC,Chicago,1775042,,0,800 Cardinal Ln,-88.3605079950581,,OCONOMOWOC,55133,"Milwaukee-Racine-Waukesha, WI",Oconomowoc,21,55133,,"Milwaukee-Waukesha, WI",Bank Five Nine,Hartland,WI,2023_12517_3
53066,DIF,NM,United States,53066,STATE,33340,227299,Wisconsin,10/07/1996,2023,State Agency,29,55,100.0,9,12624,United States,"OCONOMOWOC BANCSHARES, INC.",0,,0,1425577,,Oconomowoc,ONE,CB,EXACT,N,STATE,0,,0,155 W Wisconsin Ave,376,0,2320618,133,12517,43.1203729860114,WI,4,CALL,0,Chicago,806846,Shorehaven Branch,1,,Waukesha,COMMERCIAL LENDING,,,,0,5,1,WI,1,Wisconsin,7,FDIC,Chicago,1775042,,0,1306 W Wisconsin Ave,-88.5209159965259,,OCONOMOWOC,55133,"Milwaukee-Racine-Waukesha, WI",Oconomowoc,21,55133,,"Milwaukee-Waukesha, WI",Bank Five Nine,Oconomowoc,WI,2023_12517_5
53066,DIF,NM,United States,53022,STATE,33340,227300,Wisconsin,12/13/1999,2023,State Agency,11,55,US_Zipcode,9,12624,United States,"OCONOMOWOC BANCSHARES, INC.",0,,0,1425577,,Germantown,ONE,CB,M,,STATE,0,,0,155 W Wisconsin Ave,376,100560,2320618,131,12517,43.231016,WI,4,CALL,0,Chicago,806846,Germantown Branch,1,,Washington,COMMERCIAL LENDING,,,,0,6,1,WI,1,Wisconsin,7,FDIC,Chicago,1775042,,0,N112  W17100 Mequon Road,-88.111702,,OCONOMOWOC,55133,"Milwaukee-Racine-Waukesha, WI",Oconomowoc,21,55131,,"Milwaukee-Waukesha, WI",Bank Five Nine,Germantown,WI,2023_12517_6
53066,DIF,NM,United States,53027,STATE,33340,357185,Wisconsin,12/09/1998,2023,State Agency,11,55,100.0,9,12624,United States,"OCONOMOWOC BANCSHARES, INC.",0,,0,1425577,,Hartford,ONE,CB,EXACT,,STATE,0,,0,155 W Wisconsin Ave,376,67368,2320618,131,12517,43.3167550681703,WI,4,CALL,0,Chicago,806846,Hartford Branch,1,,Washington,COMMERCIAL LENDING,,,,0,7,1,WI,1,Wisconsin,7,FDIC,Chicago,1775042,,0,940 Bell Ave,-88.3647299596876,,OCONOMOWOC,55133,"Milwaukee-Racine-Waukesha, WI",Oconomowoc,21,55131,,"Milwaukee-Waukesha, WI",Bank Five Nine,Hartford,WI,2023_12517_7
53066,DIF,NM,United States,53095,STATE,33340,365854,Wisconsin,11/04/2002,2023,State Agency,11,55,100.0,9,12624,United States,"OCONOMOWOC BANCSHARES, INC.",0,,0,1425577,,West Bend,ONE,CB,EXACT,,STATE,0,,0,155 W Wisconsin Ave,376,69739,2320618,131,12517,43.4267608418254,WI,4,CALL,0,Chicago,806846,West Bend Branch,1,,Washington,COMMERCIAL LENDING,,,,0,8,1,WI,1,Wisconsin,7,FDIC,Chicago,1775042,,0,1811 W Washington St,-88.2014942393645,,OCONOMOWOC,55133,"Milwaukee-Racine-Waukesha, WI",Oconomowoc,21,55131,,"Milwaukee-Waukesha, WI",Bank Five Nine,West Bend,WI,2023_12517_8
53066,DIF,NM,United States,53066,STATE,33340,437201,Wisconsin,02/01/2005,2023,State Agency,11,55,100.0,9,12624,United States,"OCONOMOWOC BANCSHARES, INC.",0,,0,1425577,,Oconomowoc,ONE,CB,EXACT,,STATE,0,,0,155 W Wisconsin Ave,376,54172,2320618,133,12517,43.0889579900955,WI,4,CALL,0,Chicago,806846,Summit Avenue Branch,1,,Waukesha,COMMERCIAL LENDING,,,,0,9,1,WI,1,Wisconsin,7,FDIC,Chicago,1775042,,0,"1300 N Summit Ave, Ste 100",-88.4714869914909,,OCONOMOWOC,55133,"Milwaukee-Racine-Waukesha, WI",Oconomowoc,21,55133,,"Milwaukee-Waukesha, WI",Bank Five Nine,Oconomowoc,WI,2023_12517_9
54126,DIF,NM,United States,54126,STATE,24580,8035,Wisconsin,01/01/1913,2023,State Agency,11,55,100.0,9,13016,United States,"G. W. BANCORP., INC.",0,,112196,112196,,Greenleaf,ONE,CB,EXACT,M,STATE,1,,0,1608 Day St,267,90639,1205754,9,12661,44.3131250163136,WI,4,CALL,0,Chicago,675248,Greenleaf Bank,1,,Brown,COMMERCIAL LENDING,,,,0,0,1,WI,1,Wisconsin,7,FDIC,Chicago,127103,,0,1608 Day St,-88.0966590103212,,GREENLEAF,55009,"Green Bay-Shawano, WI",Greenleaf,21,55009,,"Green Bay, WI",GreenLeaf Bank,Greenleaf,WI,2023_12661_0
54126,DIF,NM,United States,54180,STATE,24580,425206,Wisconsin,02/09/2004,2023,State Agency,11,55,US_Streets,9,13016,United States,"G. W. BANCORP., INC.",0,,0,112196,,Wrightstown,ONE,CB,M,,STATE,0,,0,1608 Day St,267,21557,1205754,9,12661,44.328081,WI,4,CALL,0,Chicago,675248,Wrightstown Branch,1,,Brown,COMMERCIAL LENDING,,,,0,2,1,WI,1,Wisconsin,7,FDIC,Chicago,127103,,0,1165 Broadway Street,-88.185848,,GREENLEAF,55009,"Green Bay-Shawano, WI",Greenleaf,21,55009,,"Green Bay, WI",GreenLeaf Bank,Wrightstown,WI,2023_12661_2
53913,DIF,SM,United States,53913,STATE,0,8101,Wisconsin,07/01/1857,2023,State Agency,11,55,100.0,9,12050,United States,"BARABOO BANCORPORATION, INC., THE",0,9,443990,443990,,Baraboo,ONE,CB,EXACT,M,STATE,1,,0,101 3rd Ave,357,265420,1209248,111,12788,43.4696310076255,WI,4,CALL,0,Chicago,24949,Baraboo State Bank,0,,Sauk,COMMERCIAL LENDING,Other,,,1,0,1,WI,1,Wisconsin,7,FED,Chicago,504289,,0,101 3rd Ave,-89.7427740179667,,BARABOO,55111,"Madison-Janesville-Beloit, WI",Baraboo,13,55111,,,Baraboo State Bank,Baraboo,WI,2023_12788_0
53913,DIF,SM,United States,53913,STATE,0,227880,Wisconsin,09/17/1973,2023,State Agency,23,55,100.0,9,12050,United States,"BARABOO BANCORPORATION, INC., THE",0,9,0,443990,,Baraboo,ONE,CB,EXACT,C,STATE,0,0,0,101 3rd Ave,357,0,1209248,111,12788,43.4686120196565,WI,4,CALL,0,Chicago,24949,Paying And Receiving Station Branch,0,,Sauk,COMMERCIAL LENDING,Other,,,1,1,1,WI,1,Wisconsin,7,FED,Chicago,504289,,0,113 2nd Ave,-89.7436159801407,,BARABOO,55111,"Madison-Janesville-Beloit, WI",Baraboo,13,55111,,,Baraboo State Bank,Baraboo,WI,2023_12788_1
53913,DIF,SM,United States,53913,STATE,0,227881,Wisconsin,05/22/1986,2023,State Agency,23,55,100.0,9,12050,United States,"BARABOO BANCORPORATION, INC., THE",0,9,0,443990,,Baraboo,ONE,CB,EXACT,C,STATE,0,0,0,101 3rd Ave,357,0,1209248,111,12788,43.4743739913564,WI,4,CALL,0,Chicago,24949,East Side Branch,0,,Sauk,COMMERCIAL LENDING,Other,,,1,3,1,WI,1,Wisconsin,7,FED,Chicago,504289,,0,1120 8th St,-89.7245159697367,,BARABOO,55111,"Madison-Janesville-Beloit, WI",Baraboo,13,55111,,,Baraboo State Bank,Baraboo,WI,2023_12788_3
53913,DIF,SM,United States,53913,STATE,0,227882,Wisconsin,08/29/1991,2023,State Agency,23,55,100.0,9,12050,United States,"BARABOO BANCORPORATION, INC., THE",0,9,0,443990,,Baraboo,ONE,CB,EXACT,C,STATE,0,0,0,101 3rd Ave,357,0,1209248,111,12788,43.4732369861907,WI,4,CALL,0,Chicago,24949,West Baraboo Branch,0,,Sauk,COMMERCIAL LENDING,Other,,,1,4,1,WI,1,Wisconsin,7,FED,Chicago,504289,,0,400 W Pine St,-89.7684300177584,,BARABOO,55111,"Madison-Janesville-Beloit, WI",Baraboo,13,55111,,,Baraboo State Bank,West Baraboo,WI,2023_12788_4
53913,DIF,SM,United States,53940,STATE,0,227883,Wisconsin,02/17/1992,2023,State Agency,11,55,US_Streets,9,12050,United States,"BARABOO BANCORPORATION, INC., THE",0,9,0,443990,,Lake Delton,ONE,CB,M,,STATE,0,,0,101 3rd Ave,357,53740,1209248,111,12788,43.589298,WI,4,CALL,0,Chicago,24949,Lake Delton Branch,0,,Sauk,COMMERCIAL LENDING,Other,,,1,5,1,WI,1,Wisconsin,7,FED,Chicago,504289,,0,41 West Munroe Avenue,-89.795228,,BARABOO,55111,"Madison-Janesville-Beloit, WI",Baraboo,13,55111,,,Baraboo State Bank,Lake Delton,WI,2023_12788_5
53913,DIF,SM,United States,53959,STATE,0,431406,Wisconsin,06/30/2004,2023,State Agency,11,55,100.0,9,12050,United States,"BARABOO BANCORPORATION, INC., THE",0,9,0,443990,,Reedsburg,ONE,CB,EXACT,,STATE,0,,0,101 3rd Ave,357,76671,1209248,111,12788,43.5341610170594,WI,4,CALL,0,Chicago,24949,Reedsburg Branch,0,,Sauk,COMMERCIAL LENDING,Other,,,1,8,1,WI,1,Wisconsin,7,FED,Chicago,504289,,0,130 Viking Dr,-89.9836809793411,,BARABOO,55111,"Madison-Janesville-Beloit, WI",Baraboo,13,55111,,,Baraboo State Bank,Reedsburg,WI,2023_12788_8
53913,DIF,SM,United States,53901,STATE,31540,431407,Wisconsin,06/30/2004,2023,State Agency,11,55,100.0,9,12050,United States,"BARABOO BANCORPORATION, INC., THE",0,9,0,443990,,Portage,ONE,CB,EXACT,,STATE,0,,0,101 3rd Ave,357,48159,1209248,21,12788,43.5660979959956,WI,4,CALL,0,Chicago,24949,Portage Branch,1,,Columbia,COMMERCIAL LENDING,Other,,,0,9,1,WI,1,Wisconsin,7,FED,Chicago,504289,,0,2830 New Pinery Rd,-89.4717160097657,,BARABOO,55111,"Madison-Janesville-Beloit, WI",Baraboo,13,55021,,"Madison, WI",Baraboo State Bank,Portage,WI,2023_12788_9
53821,DIF,NM,United States,53821,STATE,0,8116,Wisconsin,01/22/1915,2023,State Agency,11,55,100.0,9,10276,United States,"PEOPLES BANCORP, INC.",0,,753864,753864,,Prairie du Chien,ONE,CB,EXACT,"M,E",STATE,1,,0,301 E Blackhawk Ave,0,315615,1209499,23,12814,43.0521080005225,WI,2,CALL,0,Chicago,262844,Peoples State Bank,0,,Crawford,AGRICULTURAL,,,,0,0,1,WI,1,Wisconsin,7,FDIC,Chicago,864432,,0,301 E Blackhawk Ave,-91.1434669844543,,PRAIRIE DU CHIEN,55023,,Prairie Du Chien,21,55023,,,Peoples State Bank,Prairie Du Chien,WI,2023_12814_0
53821,DIF,NM,United States,53810,STATE,0,227908,Wisconsin,08/28/1934,2023,State Agency,11,55,100.0,9,10276,United States,"PEOPLES BANCORP, INC.",0,,0,753864,,Glen Haven,ONE,CB,EXACT,E,STATE,0,,0,301 E Blackhawk Ave,0,8154,1209499,43,12814,42.8268189974254,WI,2,CALL,0,Chicago,262844,Glen Haven Branch,0,,Grant,AGRICULTURAL,,,,1,1,1,WI,1,Wisconsin,7,FDIC,Chicago,864432,,0,13207 Main St,-91.0721099987031,,PRAIRIE DU CHIEN,55023,,Prairie Du Chien,21,55043,,,Peoples State Bank,Glen Haven,WI,2023_12814_1
53821,DIF,NM,United States,54654,STATE,0,227916,Wisconsin,03/13/2000,2023,State Agency,11,55,US_Zipcode,9,10276,United States,"PEOPLES BANCORP, INC.",0,,0,753864,,Seneca,ONE,CB,M,E,STATE,0,,0,301 E Blackhawk Ave,0,21407,1209499,23,12814,43.265039,WI,2,CALL,0,Chicago,262844,Seneca Branch,0,,Crawford,AGRICULTURAL,,,,0,10,1,WI,1,Wisconsin,7,FDIC,Chicago,864432,,0,"Main Street, Highway 27",-90.958741,,PRAIRIE DU CHIEN,55023,,Prairie Du Chien,21,55023,,,Peoples State Bank,Seneca,WI,2023_12814_10
53821,DIF,NM,United States,53801,STATE,0,468301,Wisconsin,10/01/2007,2023,State Agency,11,55,100.0,9,10276,United States,"PEOPLES BANCORP, INC.",0,,0,753864,,Bagley,ONE,CB,EXACT,E,STATE,0,,0,301 E Blackhawk Ave,0,5808,1209499,43,12814,42.9052159855632,WI,2,CALL,0,Chicago,262844,Bagley Branch,0,,Grant,AGRICULTURAL,,,,1,11,1,WI,1,Wisconsin,7,FDIC,Chicago,864432,,0,115 S Bagley Ave,-91.1031259741183,,PRAIRIE DU CHIEN,55023,,Prairie Du Chien,21,55043,,,Peoples State Bank,Bagley,WI,2023_12814_11
53821,DIF,NM,United States,54626,STATE,0,507805,Wisconsin,04/12/2010,2023,State Agency,11,55,100.0,9,10276,United States,"PEOPLES BANCORP, INC.",0,,0,753864,,Eastman,ONE,CB,EXACT,E,STATE,0,,0,301 E Blackhawk Ave,0,8171,1209499,23,12814,43.1669730149056,WI,2,CALL,0,Chicago,262844,Eastman Branch,0,,Crawford,AGRICULTURAL,,,,0,12,1,WI,1,Wisconsin,7,FDIC,Chicago,864432,,0,103 N Main St,-91.0169099695128,,PRAIRIE DU CHIEN,55023,,Prairie Du Chien,21,55023,,,Peoples State Bank,Eastman,WI,2023_12814_12
53821,DIF,NM,United States,53804,STATE,0,8103,Wisconsin,02/01/1883,2023,State Agency,11,55,100.0,9,10276,United States,"PEOPLES BANCORP, INC.",0,,0,753864,,Bloomington,ONE,CB,EXACT,E,STATE,0,,0,301 E Blackhawk Ave,0,37944,1209499,43,12814,42.8834610073285,WI,2,CALL,0,Chicago,262844,Woodhouse&Bartley Branch,0,,Grant,AGRICULTURAL,,,12/28/2010,1,13,1,WI,1,Wisconsin,7,FDIC,Chicago,864432,,0,445 Canal St,-90.9242770312933,,PRAIRIE DU CHIEN,55023,,Prairie Du Chien,21,55043,,,Peoples State Bank,Bloomington,WI,2023_12814_13
53821,DIF,NM,United States,54665,STATE,29100,9720,Wisconsin,06/15/1936,2023,State Agency,11,55,100.0,9,10276,United States,"PEOPLES BANCORP, INC.",0,,0,753864,,Viroqua,ONE,CB,EXACT,E,STATE,0,,0,301 E Blackhawk Ave,317,65323,1209499,123,12814,43.5565220068938,WI,2,CALL,0,Chicago,262844,Viroqua Branch,1,,Vernon,AGRICULTURAL,,,06/14/2014,0,15,1,WI,1,Wisconsin,7,FDIC,Chicago,864432,,0,101 N Main St,-90.8890199805093,,PRAIRIE DU CHIEN,55023,"La Crosse-Onalaska-Sparta, WI-MN",Prairie Du Chien,21,55123,,"La Crosse-Onalaska, WI-MN",Peoples State Bank,Viroqua,WI,2023_12814_15
53821,DIF,NM,United States,53809,STATE,0,10326,Wisconsin,01/01/1930,2023,State Agency,11,55,100.0,9,10276,United States,"PEOPLES BANCORP, INC.",0,,0,753864,,Fennimore,ONE,CB,EXACT,E,STATE,0,,0,301 E Blackhawk Ave,0,21248,1209499,43,12814,42.9825599971146,WI,2,CALL,0,Chicago,262844,Fennimore Branch,0,,Grant,AGRICULTURAL,,,07/09/2016,1,17,1,WI,1,Wisconsin,7,FDIC,Chicago,864432,,0,1275 10th St,-90.6563980275096,,PRAIRIE DU CHIEN,55023,,Prairie Du Chien,21,55043,,,Peoples State Bank,Fennimore,WI,2023_12814_17
53821,DIF,NM,United States,53813,STATE,0,8104,Wisconsin,09/01/1903,2023,State Agency,11,55,100.0,9,10276,United States,"PEOPLES BANCORP, INC.",0,,0,753864,,Lancaster,ONE,CB,EXACT,E,STATE,0,,0,301 E Blackhawk Ave,0,38858,1209499,43,12814,42.845798015057,WI,2,CALL,0,Chicago,262844,Lancaster Branch,0,,Grant,AGRICULTURAL,,,07/09/2016,1,18,1,WI,1,Wisconsin,7,FDIC,Chicago,864432,,0,302 S Madison St,-90.7093729966829,,PRAIRIE DU CHIEN,55023,,Prairie Du Chien,21,55043,,,Peoples State Bank,Lancaster,WI,2023_12814_18
53821,DIF,NM,United States,53820,STATE,0,8395,Wisconsin,03/04/1904,2023,State Agency,11,55,100.0,9,10276,United States,"PEOPLES BANCORP, INC.",0,,0,753864,,Potosi,ONE,CB,EXACT,E,STATE,0,,0,301 E Blackhawk Ave,0,16782,1209499,43,12814,42.6898719848552,WI,2,CALL,0,Chicago,262844,Potosi Branch,0,,Grant,AGRICULTURAL,,,07/09/2016,1,19,1,WI,1,Wisconsin,7,FDIC,Chicago,864432,,0,102 S Main St,-90.7122309742087,,PRAIRIE DU CHIEN,55023,,Prairie Du Chien,21,55043,,,Peoples State Bank,Potosi,WI,2023_12814_19
53821,DIF,NM,United States,53817,STATE,0,227909,Wisconsin,09/06/1938,2023,State Agency,11,55,US_Zipcode,9,10276,United States,"PEOPLES BANCORP, INC.",0,,0,753864,,Patch Grove,ONE,CB,M,E,STATE,0,,0,301 E Blackhawk Ave,0,15767,1209499,43,12814,42.945509,WI,2,CALL,0,Chicago,262844,Patch Grove Branch,0,,Grant,AGRICULTURAL,,,,1,2,1,WI,1,Wisconsin,7,FDIC,Chicago,864432,,0,Hwy 35,-90.970988,,PRAIRIE DU CHIEN,55023,,Prairie Du Chien,21,55043,,,Peoples State Bank,Patch Grove,WI,2023_12814_2
53821,DIF,NM,United States,53808,STATE,0,229405,Wisconsin,05/06/1968,2023,State Agency,11,55,100.0,9,10276,United States,"PEOPLES BANCORP, INC.",0,,0,753864,,Dickeyville,ONE,CB,EXACT,E,STATE,0,,0,301 E Blackhawk Ave,0,14205,1209499,43,12814,42.6231309970017,WI,2,CALL,0,Chicago,262844,Dickeyville Branch,0,,Grant,AGRICULTURAL,,,07/09/2016,1,20,1,WI,1,Wisconsin,7,FDIC,Chicago,864432,,0,100 Rosalyn Ave,-90.5907480281735,,PRAIRIE DU CHIEN,55023,,Prairie Du Chien,21,55043,,,Peoples State Bank,Dickeyville,WI,2023_12814_20
53821,DIF,NM,United States,54655,STATE,0,227910,Wisconsin,02/08/1934,2023,State Agency,11,55,US_Streets,9,10276,United States,"PEOPLES BANCORP, INC.",0,,0,753864,,Soldiers Grove,ONE,CB,M,E,STATE,0,,0,301 E Blackhawk Ave,0,20321,1209499,23,12814,43.387647,WI,2,CALL,0,Chicago,262844,Soldiers Grove Branch,0,,Crawford,AGRICULTURAL,,,,0,3,1,WI,1,Wisconsin,7,FDIC,Chicago,864432,,0,101 Sunbeam Blvd,-90.764775,,PRAIRIE DU CHIEN,55023,,Prairie Du Chien,21,55023,,,Peoples State Bank,Soldiers Grove,WI,2023_12814_3
53821,DIF,NM,United States,53826,STATE,0,227911,Wisconsin,03/04/1939,2023,State Agency,11,55,100.0,9,10276,United States,"PEOPLES BANCORP, INC.",0,,0,753864,,Wauzeka,ONE,CB,StreetAddress,E,STATE,0,,0,301 E Blackhawk Ave,0,17400,1209499,23,12814,43.0844130934994,WI,2,CALL,0,Chicago,262844,Wauzeka Branch,0,,Crawford,AGRICULTURAL,,,,0,4,1,WI,1,Wisconsin,7,FDIC,Chicago,864432,,0,106 S Business St,-90.8846298428968,,PRAIRIE DU CHIEN,55023,,Prairie Du Chien,21,55023,,,Peoples State Bank,Wauzeka,WI,2023_12814_4
53821,DIF,NM,United States,53821,STATE,0,227912,Wisconsin,01/27/1999,2023,State Agency,11,55,US_Streets,9,10276,United States,"PEOPLES BANCORP, INC.",0,,0,753864,,Prairie du Chien,ONE,CB,M,E,STATE,0,,0,301 E Blackhawk Ave,0,24311,1209499,23,12814,43.027539,WI,2,CALL,0,Chicago,262844,Riverside Square Branch,0,,Crawford,AGRICULTURAL,,,,0,5,1,WI,1,Wisconsin,7,FDIC,Chicago,864432,,0,1000 East Lapointe Street,-91.133531,,PRAIRIE DU CHIEN,55023,,Prairie Du Chien,21,55023,,,Peoples State Bank,Prairie Du Chien,WI,2023_12814_5
53821,DIF,NM,United States,53816,STATE,0,227913,Wisconsin,05/10/1999,2023,State Agency,11,55,100.0,9,10276,United States,"PEOPLES BANCORP, INC.",0,,0,753864,,Mount Hope,ONE,CB,EXACT,E,STATE,0,,0,301 E Blackhawk Ave,0,16346,1209499,43,12814,42.9671680149469,WI,2,CALL,0,Chicago,262844,Mt. Hope Branch,0,,Grant,AGRICULTURAL,,,,1,6,1,WI,1,Wisconsin,7,FDIC,Chicago,864432,,0,116 E Main St,-90.85841295815,,PRAIRIE DU CHIEN,55023,,Prairie Du Chien,21,55043,,,Peoples State Bank,Mt. Hope,WI,2023_12814_6
53821,DIF,NM,United States,53805,STATE,0,227915,Wisconsin,10/11/1999,2023,State Agency,11,55,100.0,9,10276,United States,"PEOPLES BANCORP, INC.",0,,0,753864,,Boscobel,ONE,CB,EXACT,E,STATE,0,,0,301 E Blackhawk Ave,0,28533,1209499,43,12814,43.1269070148128,WI,2,CALL,0,Chicago,262844,Boscobel Branch,0,,Grant,AGRICULTURAL,,,,1,9,1,WI,1,Wisconsin,7,FDIC,Chicago,864432,,0,1609 Elm St,-90.7085809906519,,PRAIRIE DU CHIEN,55023,,Prairie Du Chien,21,55043,,,Peoples State Bank,Boscobel,WI,2023_12814_9
55102,DIF,N,United States,54650,OCC,29100,569869,Minnesota,07/07/2014,2023,Comptroller of the Currency,11,55,100.0,11,12109,United States,OTTO BREMER TRUST,0,7,0,12644322,,Onalaska,ONE,CB,EXACT,,FED,0,,0,372 Saint Peter St,317,156666,1121340,63,12923,43.8777719828662,MN,4,CALL,0,Kansas City,800657,Lacrosse Branch,1,,La Crosse,COMMERCIAL LENDING,Midsize,,10/01/2014,0,111,1,WI,1,Wisconsin,9,OCC,Minneapolis,16181957,,0,2570 Midwest Dr,-91.1973320279258,,SAINT PAUL,27123,"La Crosse-Onalaska-Sparta, WI-MN",Saint Paul,3,55063,,"La Crosse-Onalaska, WI-MN","Bremer Bank, National Association",Onalaska,MN,2023_12923_111
55102,DIF,N,United States,54872,OCC,0,208955,Minnesota,01/06/1986,2023,Comptroller of the Currency,11,55,100.0,11,12109,United States,OTTO BREMER TRUST,0,7,0,12644322,,Siren,ONE,CB,EXACT,,FED,0,,0,372 Saint Peter St,0,260244,1121340,13,12923,45.8017290177763,MN,4,CALL,0,Kansas City,800657,Siren Branch,0,,Burnett,COMMERCIAL LENDING,Midsize,,10/01/2014,0,88,1,WI,1,Wisconsin,9,OCC,Minneapolis,16181957,,0,24449 State Road 35 70,-92.3799790033977,,SAINT PAUL,27123,,Saint Paul,3,55013,,,"Bremer Bank, National Association",Siren,MN,2023_12923_88
55102,DIF,N,United States,54891,OCC,0,10060,Minnesota,05/04/1941,2023,Comptroller of the Currency,11,55,100.0,11,12109,United States,OTTO BREMER TRUST,0,7,0,12644322,,Washburn,ONE,CB,EXACT,,FED,0,,0,372 Saint Peter St,0,70125,1121340,7,12923,46.6724969850259,MN,4,CALL,0,Kansas City,800657,Washburn Branch,0,,Bayfield,COMMERCIAL LENDING,Midsize,,10/01/2014,0,89,1,WI,1,Wisconsin,9,OCC,Minneapolis,16181957,,0,31 W Bayfield St,-90.892683039835,,SAINT PAUL,27123,,Saint Paul,3,55007,,,"Bremer Bank, National Association",Washburn,MN,2023_12923_89
55102,DIF,N,United States,54814,OCC,0,235566,Minnesota,05/05/1941,2023,Comptroller of the Currency,11,55,100.0,11,12109,United States,OTTO BREMER TRUST,0,7,0,12644322,,Bayfield,ONE,CB,EXACT,,FED,0,,0,372 Saint Peter St,0,100024,1121340,7,12923,46.808664983515,MN,4,CALL,0,Kansas City,800657,Bayfield Branch,0,,Bayfield,COMMERCIAL LENDING,Midsize,,10/01/2014,0,90,1,WI,1,Wisconsin,9,OCC,Minneapolis,16181957,,0,129 S Broad St,-90.8176380166866,,SAINT PAUL,27123,,Saint Paul,3,55007,,,"Bremer Bank, National Association",Bayfield,MN,2023_12923_90
55102,DIF,N,United States,54001,OCC,0,1624,Minnesota,08/28/1903,2023,Comptroller of the Currency,11,55,100.0,11,12109,United States,OTTO BREMER TRUST,0,7,0,12644322,,Amery,ONE,CB,EXACT,,FED,0,,0,372 Saint Peter St,0,176898,1121340,95,12923,45.3106550198564,MN,4,CALL,0,Kansas City,800657,Amery Branch,0,,Polk,COMMERCIAL LENDING,Midsize,,10/01/2014,0,92,1,WI,1,Wisconsin,9,OCC,Minneapolis,16181957,,0,102 Keller Ave S,-92.3625360114326,,SAINT PAUL,27123,,Saint Paul,3,55095,,,"Bremer Bank, National Association",Amery,MN,2023_12923_92
55102,DIF,N,United States,54751,OCC,0,192691,Minnesota,08/09/1982,2023,Comptroller of the Currency,11,55,100.0,11,12109,United States,OTTO BREMER TRUST,0,7,0,12644322,,Menomonie,ONE,CB,EXACT,,FED,0,,0,372 Saint Peter St,232,166475,1121340,33,12923,44.9001290159766,MN,4,CALL,0,Kansas City,800657,North Menomonie Branch,0,,Dunn,COMMERCIAL LENDING,Midsize,,10/01/2014,1,94,1,WI,1,Wisconsin,9,OCC,Minneapolis,16181957,,0,1500 Broadway St N,-91.9316040128151,,SAINT PAUL,27123,"Eau Claire-Menomonie, WI",Saint Paul,3,55033,,,"Bremer Bank, National Association",Menomonie,MN,2023_12923_94
55102,DIF,N,United States,54017,OCC,33460,277054,Minnesota,09/01/1936,2023,Comptroller of the Currency,11,55,100.0,11,12109,United States,OTTO BREMER TRUST,0,7,0,12644322,,New Richmond,ONE,CB,EXACT,,FED,0,,0,372 Saint Peter St,378,146800,1121340,109,12923,45.1177590131377,MN,4,CALL,0,Kansas City,800657,New Richmond Branch,1,,St. Croix,COMMERCIAL LENDING,Midsize,,10/01/2014,0,95,1,WI,1,Wisconsin,9,OCC,Minneapolis,16181957,,0,532 S Knowles Ave,-92.5370850379286,,SAINT PAUL,27123,"Minneapolis-St. Paul, MN-WI",Saint Paul,3,55109,,"Minneapolis-St. Paul-Bloomington, MN-WI","Bremer Bank, National Association",New Richmond,MN,2023_12923_95
55102,DIF,N,United States,54701,OCC,20740,563325,Minnesota,12/22/2014,2023,Comptroller of the Currency,11,55,100.0,11,12109,United States,OTTO BREMER TRUST,0,7,0,12644322,,Eau Claire,ONE,CB,EXACT,,FED,0,,0,372 Saint Peter St,232,52803,1121340,35,12923,44.7758859930448,MN,4,CALL,0,Kansas City,800657,Eau Claire Branch,1,,Eau Claire,COMMERCIAL LENDING,Midsize,,,0,97,1,WI,1,Wisconsin,9,OCC,Minneapolis,16181957,,0,3947 Oakwood Hills Pkwy,-91.4466110018299,,SAINT PAUL,27123,"Eau Claire-Menomonie, WI",Saint Paul,3,55035,,"Eau Claire, WI","Bremer Bank, National Association",Eau Claire,MN,2023_12923_97
53565,DIF,NM,United States,53565,STATE,31540,8231,Wisconsin,01/01/1917,2023,State Agency,11,55,100.0,9,11920,United States,SOUTHERN WISCONSIN BANCSHARES CORPORATION,0,,364246,364246,,Mineral Point,ONE,CB,EXACT,M,STATE,1,,0,305 Doty St,357,140232,1207338,49,13025,42.8621070193416,WI,8,CALL,0,Chicago,205346,Farmers Savings Bank,1,,Iowa,ALL OTHER < $1 BILLION,,,,0,0,1,WI,1,Wisconsin,7,FDIC,Chicago,406429,,0,305 Doty St,-90.1822750038385,,INVERNESS,55049,"Madison-Janesville-Beloit, WI",Mineral Point,21,55049,,"Madison, WI",Farmers Savings Bank,Mineral Point,IL,2023_13025_0
53565,DIF,NM,United States,53535,STATE,31540,228759,Wisconsin,04/27/1935,2023,State Agency,11,55,100.0,9,11920,United States,SOUTHERN WISCONSIN BANCSHARES CORPORATION,0,,0,364246,,Edmund,ONE,CB,EXACT,,STATE,0,,0,305 Doty St,357,13741,1207338,49,13025,42.9677640101722,WI,8,CALL,0,Chicago,205346,Edmund Branch,1,,Iowa,ALL OTHER < $1 BILLION,,,,0,1,1,WI,1,Wisconsin,7,FDIC,Chicago,406429,,0,3156 N Main St,-90.2649789910135,,INVERNESS,55049,"Madison-Janesville-Beloit, WI",Mineral Point,21,55049,,"Madison, WI",Farmers Savings Bank,Edmund,IL,2023_13025_1
53565,DIF,NM,United States,53544,STATE,31540,228760,Wisconsin,06/15/1940,2023,State Agency,11,55,100.0,9,11920,United States,SOUTHERN WISCONSIN BANCSHARES CORPORATION,0,,0,364246,,Hollandale,ONE,CB,EXACT,,STATE,0,,0,305 Doty St,357,23248,1207338,49,13025,42.875021017564,WI,8,CALL,0,Chicago,205346,Hollandale Branch,1,,Iowa,ALL OTHER < $1 BILLION,,,,0,2,1,WI,1,Wisconsin,7,FDIC,Chicago,406429,,0,501 2nd Ave,-89.9350859736721,,INVERNESS,55049,"Madison-Janesville-Beloit, WI",Mineral Point,21,55049,,"Madison, WI",Farmers Savings Bank,Hollandale,IL,2023_13025_2
53565,DIF,NM,United States,53582,STATE,31540,235524,Wisconsin,01/02/1969,2023,State Agency,11,55,100.0,9,11920,United States,SOUTHERN WISCONSIN BANCSHARES CORPORATION,0,,0,364246,,Ridgeway,ONE,CB,EXACT,,STATE,0,,0,305 Doty St,357,11199,1207338,49,13025,42.999469019938,WI,8,CALL,0,Chicago,205346,Ridgeway Branch,1,,Iowa,ALL OTHER < $1 BILLION,,,02/25/1995,0,4,1,WI,1,Wisconsin,7,FDIC,Chicago,406429,,0,609 Main St,-89.9927269807052,,INVERNESS,55049,"Madison-Janesville-Beloit, WI",Mineral Point,21,55049,,"Madison, WI",Farmers Savings Bank,Ridgeway,IL,2023_13025_4
53565,DIF,NM,United States,53533,STATE,31540,334306,Wisconsin,05/01/2000,2023,State Agency,11,55,100.0,9,11920,United States,SOUTHERN WISCONSIN BANCSHARES CORPORATION,0,,0,364246,,Dodgeville,ONE,CB,EXACT,,STATE,0,,0,305 Doty St,357,101036,1207338,49,13025,42.9712570006825,WI,8,CALL,0,Chicago,205346,Dodgeville Office,1,,Iowa,ALL OTHER < $1 BILLION,,,,0,5,1,WI,1,Wisconsin,7,FDIC,Chicago,406429,,0,1113 N Johns St,-90.1256340416733,,INVERNESS,55049,"Madison-Janesville-Beloit, WI",Mineral Point,21,55049,,"Madison, WI",Farmers Savings Bank,Dodgeville,IL,2023_13025_5
53565,DIF,NM,United States,53572,STATE,31540,450318,Wisconsin,03/15/2006,2023,State Agency,11,55,100.0,9,11920,United States,SOUTHERN WISCONSIN BANCSHARES CORPORATION,0,,0,364246,,Mount Horeb,ONE,CB,EXACT,,STATE,0,,0,305 Doty St,357,74790,1207338,25,13025,43.009324000687,WI,8,CALL,0,Chicago,205346,Mount Horeb Branch,1,,Dane,ALL OTHER < $1 BILLION,,,,0,6,1,WI,1,Wisconsin,7,FDIC,Chicago,406429,,0,1833 Springdale St,-89.7145349670735,,INVERNESS,55049,"Madison-Janesville-Beloit, WI",Mineral Point,21,55025,,"Madison, WI",Farmers Savings Bank,Mount Horeb,IL,2023_13025_6
54760,DIF,NM,United States,54760,STATE,0,8236,Wisconsin,04/06/1920,2023,State Agency,11,55,96.28,9,0,United States,"PF INVESTORS, INC.",0,,95584,95584,,Pigeon Falls,ONE,CB,EXACT,"M,E",STATE,1,,0,40214 S Ekern Avenue,0,44586,5280133,121,13030,44.4254780162244,WI,2,CALL,0,Chicago,37051,Oakwood Bank,0,,Trempealeau,AGRICULTURAL,,,,0,0,1,WI,1,Wisconsin,9,FDIC,Minneapolis,123425,,0,40214 S Ekern Avenue,-91.210366977011,,PIGEON FALLS,55121,,Pigeon Falls,21,55121,,,Oakwood Bank,Pigeon Falls,WI,2023_13030_0
54760,DIF,NM,United States,54722,STATE,20740,359023,Wisconsin,08/07/2000,2023,State Agency,11,55,100.0,9,0,United States,"PF INVESTORS, INC.",0,,0,95584,,Augusta,ONE,CB,EXACT,E,STATE,0,,0,40214 S Ekern Avenue,232,25353,5280133,35,13030,44.6828969915784,WI,2,CALL,0,Chicago,37051,Oakwood Bank,1,,Eau Claire,AGRICULTURAL,,,,0,1,1,WI,1,Wisconsin,9,FDIC,Minneapolis,123425,,0,1214 W Lincoln St,-91.1374709900177,,PIGEON FALLS,55121,"Eau Claire-Menomonie, WI",Pigeon Falls,21,55035,,"Eau Claire, WI",Oakwood Bank,Augusta,WI,2023_13030_1
54760,DIF,NM,United States,54701,STATE,20740,617749,Wisconsin,11/01/2019,2023,State Agency,11,55,100.0,9,0,United States,"PF INVESTORS, INC.",0,,0,95584,,Eau Claire,ONE,CB,EXACT,E,STATE,0,,0,40214 S Ekern Avenue,232,16386,5280133,35,13030,44.7889519970813,WI,2,CALL,0,Chicago,37051,Oakwood Bank,1,,Eau Claire,AGRICULTURAL,,,,0,3,1,WI,1,Wisconsin,9,FDIC,Minneapolis,123425,,0,2901 Mall Dr,-91.4602350310703,,PIGEON FALLS,55121,"Eau Claire-Menomonie, WI",Pigeon Falls,21,55035,,"Eau Claire, WI",Oakwood Bank,Eau Claire,WI,2023_13030_3
54665,DIF,NM,United States,54665,STATE,29100,8238,Wisconsin,01/01/1912,2023,State Agency,11,55,100.0,9,0,United States,"FIRSNABANCO, INC.",0,,262129,262129,,Viroqua,ONE,CB,EXACT,M,STATE,1,,0,101 S Main St,317,145546,1207561,123,13032,43.5560970024933,WI,4,CALL,0,Chicago,716954,Citizens First Bank,1,,Vernon,COMMERCIAL LENDING,,,,0,0,1,WI,1,Wisconsin,7,FDIC,Chicago,313922,,0,101 S Main St,-90.8889199844044,,VIROQUA,55123,"La Crosse-Onalaska-Sparta, WI-MN",Viroqua,21,55123,,"La Crosse-Onalaska, WI-MN",Citizens First Bank,Viroqua,WI,2023_13032_0
54665,DIF,NM,United States,54664,STATE,0,9147,Wisconsin,11/24/1914,2023,State Agency,11,55,US_Zipcode,9,0,United States,"FIRSNABANCO, INC.",0,,0,262129,,Viola,ONE,CB,M,,STATE,0,,0,101 S Main St,0,19885,1207561,103,13032,43.490569,WI,4,CALL,0,Chicago,716954,Viola Branch,0,,Richland,COMMERCIAL LENDING,,,06/10/2005,0,2,1,WI,1,Wisconsin,7,FDIC,Chicago,313922,,0,Commercial Street,-90.633257,,VIROQUA,55123,,Viroqua,21,55103,,,Citizens First Bank,Viola,WI,2023_13032_2
54665,DIF,NM,United States,54656,STATE,0,41811,Wisconsin,06/01/1934,2023,State Agency,11,55,100.0,9,0,United States,"FIRSNABANCO, INC.",0,,0,262129,,Sparta,ONE,CB,EXACT,,STATE,0,,0,101 S Main St,317,30535,1207561,81,13032,43.9387030126242,WI,4,CALL,0,Chicago,716954,Sparta Branch,0,,Monroe,COMMERCIAL LENDING,,,06/10/2005,1,3,1,WI,1,Wisconsin,7,FDIC,Chicago,313922,,0,835 W Wisconsin St,-90.8223029648989,,VIROQUA,55123,"La Crosse-Onalaska-Sparta, WI-MN",Viroqua,21,55081,,,Citizens First Bank,Sparta,WI,2023_13032_3
54665,DIF,NM,United States,54661,STATE,0,443996,Wisconsin,06/10/2005,2023,State Agency,11,55,100.0,9,0,United States,"FIRSNABANCO, INC.",0,,0,262129,,Trempealeau,ONE,CB,EXACT,,STATE,0,,0,101 S Main St,0,45003,1207561,121,13032,44.0043150000294,WI,4,CALL,0,Chicago,716954,Trempealeau Branch,0,,Trempealeau,COMMERCIAL LENDING,,,,0,4,1,WI,1,Wisconsin,7,FDIC,Chicago,313922,,0,24050 3rd St,-91.4322139934787,,VIROQUA,55123,,Viroqua,21,55121,,,Citizens First Bank,Trempealeau,WI,2023_13032_4
54665,DIF,NM,United States,54661,STATE,0,465216,Wisconsin,09/18/2006,2023,State Agency,11,55,US_Zipcode,9,0,United States,"FIRSNABANCO, INC.",0,,0,262129,,Trempealeau,ONE,CB,M,,STATE,0,,0,101 S Main St,0,16283,1207561,121,13032,44.026995,WI,4,CALL,0,Chicago,716954,Centerville Branch,0,,Trempealeau,COMMERCIAL LENDING,,,,0,5,1,WI,1,Wisconsin,7,FDIC,Chicago,313922,,0,W25042 Hwy 54 & 35,-91.446426,,VIROQUA,55123,,Viroqua,21,55121,,,Citizens First Bank,Trempealeau,WI,2023_13032_5
54665,DIF,NM,United States,54636,STATE,29100,650771,Wisconsin,08/29/2022,2023,State Agency,11,55,84.0,9,0,United States,"FIRSNABANCO, INC.",0,,0,262129,,Holmen,ONE,CB,Postal,,STATE,0,,0,101 S Main St,317,4877,1207561,63,13032,43.962156,WI,4,CALL,0,Chicago,716954,Holmen Branch,1,,La Crosse,COMMERCIAL LENDING,,,,0,6,1,WI,1,Wisconsin,7,FDIC,Chicago,313922,,0,"1757 Temte Street, Bluffview Business Park",-91.25769,,VIROQUA,55123,"La Crosse-Onalaska-Sparta, WI-MN",Viroqua,21,55063,,"La Crosse-Onalaska, WI-MN",Citizens First Bank,Holmen,WI,2023_13032_6
54981,DIF,SM,United States,54981,STATE,0,8239,Wisconsin,01/11/1911,2023,State Agency,11,55,100.0,9,12942,United States,"FARMERS STATE BANCORPORATION, INC.",0,,215775,215775,,Waupaca,ONE,CB,EXACT,M,STATE,1,,0,112 W Fulton St,0,157279,1209284,135,13033,44.3582279953911,WI,8,CALL,0,Chicago,879747,The Farmers State Bank Of Waupaca,0,,Waupaca,ALL OTHER < $1 BILLION,,,,0,0,1,WI,1,Wisconsin,7,FED,Chicago,246435,,0,112 W Fulton St,-89.0857939930101,,WAUPACA,55135,,Waupaca,13,55135,,,The Farmers State Bank of Waupaca,Waupaca,WI,2023_13033_0
54981,DIF,SM,United States,54984,STATE,0,358260,Wisconsin,05/15/2000,2023,State Agency,11,55,100.0,9,12942,United States,"FARMERS STATE BANCORPORATION, INC.",0,,0,215775,,Wild Rose,ONE,CB,StreetAddress,,STATE,0,,0,112 W Fulton St,0,35753,1209284,137,13033,44.181683463722,WI,8,CALL,0,Chicago,879747,Wild Rose Branch,0,,Waushara,ALL OTHER < $1 BILLION,,,,0,3,1,WI,1,Wisconsin,7,FED,Chicago,246435,,0,315 Hospital Road,-89.2464928666517,,WAUPACA,55135,,Waupaca,13,55137,,,The Farmers State Bank of Waupaca,Wild Rose,WI,2023_13033_3
54981,DIF,SM,United States,54940,STATE,0,440762,Wisconsin,06/01/2005,2023,State Agency,11,55,US_Streets,9,12942,United States,"FARMERS STATE BANCORPORATION, INC.",0,,0,215775,,Fremont,ONE,CB,M,,STATE,0,,0,112 W Fulton St,0,22743,1209284,135,13033,44.257849,WI,8,CALL,0,Chicago,879747,Fremont Branch,0,,Waupaca,ALL OTHER < $1 BILLION,,,,0,4,1,WI,1,Wisconsin,7,FED,Chicago,246435,,0,N560 Highway 110,-88.849978,,WAUPACA,55135,,Waupaca,13,55135,,,The Farmers State Bank of Waupaca,Fremont,WI,2023_13033_4
54636,DIF,NM,United States,54636,STATE,29100,8251,Wisconsin,01/01/1909,2023,State Agency,11,55,100.0,9,13185,United States,"GOLDEN OAK BANCSHARES, INC.",0,,50795,50795,,Holmen,ONE,CB,EXACT,"M,E",STATE,1,,0,1200 S Main St,317,30128,4281197,63,13054,43.954810013042,WI,8,CALL,0,Chicago,518354,Park Bank,1,,La Crosse,ALL OTHER < $1 BILLION,,,,0,0,1,WI,1,Wisconsin,9,FDIC,Minneapolis,62334,,0,1200 S Main St,-91.259804028673,,SPARTA,55063,"La Crosse-Onalaska-Sparta, WI-MN",Holmen,21,55063,,"La Crosse-Onalaska, WI-MN",Park Bank,Holmen,WI,2023_13054_0
54636,DIF,NM,United States,54601,STATE,29100,228814,Wisconsin,07/23/1991,2023,State Agency,11,55,100.0,9,13185,United States,"GOLDEN OAK BANCSHARES, INC.",0,,0,50795,,La Crosse,ONE,CB,EXACT,E,STATE,0,,0,1200 S Main St,317,17066,4281197,63,13054,43.8123910007125,WI,8,CALL,0,Chicago,518354,La Crosse Branch,1,,La Crosse,ALL OTHER < $1 BILLION,,,,0,1,1,WI,1,Wisconsin,9,FDIC,Minneapolis,62334,,0,700 State St,-91.2461870402313,,SPARTA,55063,"La Crosse-Onalaska-Sparta, WI-MN",Holmen,21,55063,,"La Crosse-Onalaska, WI-MN",Park Bank,La Crosse,WI,2023_13054_1
54636,DIF,NM,United States,54656,STATE,0,468163,Wisconsin,09/04/2007,2023,State Agency,11,55,100.0,9,13185,United States,"GOLDEN OAK BANCSHARES, INC.",0,,0,50795,,Sparta,ONE,CB,EXACT,E,STATE,0,,0,1200 S Main St,317,3602,4281197,81,13054,43.9457329986364,WI,8,CALL,0,Chicago,518354,Sparta Branch,0,,Monroe,ALL OTHER < $1 BILLION,,,,1,2,1,WI,1,Wisconsin,9,FDIC,Minneapolis,62334,,0,145 N Water St,-90.8105310009841,,SPARTA,55063,"La Crosse-Onalaska-Sparta, WI-MN",Holmen,21,55081,,,Park Bank,Sparta,WI,2023_13054_2
53149,DIF,NM,United States,53149,STATE,33340,8252,Wisconsin,12/12/1892,2023,State Agency,11,55,100.0,9,12655,United States,"CITIZENS BANK HOLDING, INC.",0,,868224,868224,,Mukwonago,ONE,CB,EXACT,M,STATE,1,,0,301 N Rochester St,376,362145,1207132,133,13055,42.8652060184932,WI,4,CALL,0,Chicago,783844,Citizens Bank,1,,Waukesha,COMMERCIAL LENDING,,,,0,0,1,WI,1,Wisconsin,7,FDIC,Chicago,992427,,0,301 N Rochester St,-88.3338770122891,,MUKWONAGO,55133,"Milwaukee-Racine-Waukesha, WI",Mukwonago,21,55133,,"Milwaukee-Waukesha, WI",Citizens Bank,Mukwonago,WI,2023_13055_0
53149,DIF,NM,United States,53103,STATE,33340,228815,Wisconsin,06/26/1937,2023,State Agency,11,55,US_Zipcode,9,12655,United States,"CITIZENS BANK HOLDING, INC.",0,,0,868224,,Big Bend,ONE,CB,M,,STATE,0,,0,301 N Rochester St,376,107137,1207132,133,13055,42.879862,WI,4,CALL,0,Chicago,783844,Big Bend Branch,1,,Waukesha,COMMERCIAL LENDING,,,,0,1,1,WI,1,Wisconsin,7,FDIC,Chicago,992427,,0,W230 S9125 Clark Street,-88.214547,,MUKWONAGO,55133,"Milwaukee-Racine-Waukesha, WI",Mukwonago,21,55133,,"Milwaukee-Waukesha, WI",Citizens Bank,Big Bend,WI,2023_13055_1
53149,DIF,NM,United States,53149,STATE,33340,363725,Wisconsin,05/20/2002,2023,State Agency,12,55,100.0,9,12655,United States,"CITIZENS BANK HOLDING, INC.",0,,0,868224,,Mukwonago,ONE,CB,EXACT,,STATE,0,,0,301 N Rochester St,376,9156,1207132,133,13055,42.8751340056188,WI,4,CALL,0,Chicago,783844,Parkview Branch,1,,Waukesha,COMMERCIAL LENDING,,,,0,10,1,WI,1,Wisconsin,7,FDIC,Chicago,992427,,0,1010 N Rochester St,-88.3366769870448,,MUKWONAGO,55133,"Milwaukee-Racine-Waukesha, WI",Mukwonago,21,55133,,"Milwaukee-Waukesha, WI",Citizens Bank,Mukwonago,WI,2023_13055_10
53149,DIF,NM,United States,53120,STATE,0,426770,Wisconsin,02/02/2004,2023,State Agency,11,55,100.0,9,12655,United States,"CITIZENS BANK HOLDING, INC.",0,,0,868224,,East Troy,ONE,CB,EXACT,,STATE,0,,0,301 N Rochester St,376,50047,1207132,127,13055,42.7897960053709,WI,4,CALL,0,Chicago,783844,East Brook Branch,0,,Walworth,COMMERCIAL LENDING,,,,1,11,1,WI,1,Wisconsin,7,FDIC,Chicago,992427,,0,"2541 Main St, Unit A",-88.3920940237083,,MUKWONAGO,55133,"Milwaukee-Racine-Waukesha, WI",Mukwonago,21,55127,,,Citizens Bank,East Troy,WI,2023_13055_11
53149,DIF,NM,United States,53189,STATE,33340,441899,Wisconsin,07/05/2005,2023,State Agency,11,55,100.0,9,12655,United States,"CITIZENS BANK HOLDING, INC.",0,,0,868224,,Waukesha,ONE,CB,EXACT,,STATE,0,,0,301 N Rochester St,376,40412,1207132,133,13055,42.9763319915982,WI,4,CALL,0,Chicago,783844,Waukesha Branch,1,,Waukesha,COMMERCIAL LENDING,,,,0,12,1,WI,1,Wisconsin,7,FDIC,Chicago,992427,,0,2109 Corporate Dr,-88.2466339730875,,MUKWONAGO,55133,"Milwaukee-Racine-Waukesha, WI",Mukwonago,21,55133,,"Milwaukee-Waukesha, WI",Citizens Bank,Waukesha,WI,2023_13055_12
53149,DIF,NM,United States,53149,STATE,33340,228816,Wisconsin,03/18/1985,2023,State Agency,11,55,92.6,9,12655,United States,"CITIZENS BANK HOLDING, INC.",0,,0,868224,,Mukwonago,ONE,CB,EXACT,,STATE,0,,0,301 N Rochester St,376,63114,1207132,133,13055,42.8615438212534,WI,4,CALL,0,Chicago,783844,Town Of Genesee Branch,1,,Waukesha,COMMERCIAL LENDING,,,,0,2,1,WI,1,Wisconsin,7,FDIC,Chicago,992427,,0,W307n4823 Hwy 83,-88.3313370143111,,MUKWONAGO,55133,"Milwaukee-Racine-Waukesha, WI",Mukwonago,21,55133,,"Milwaukee-Waukesha, WI",Citizens Bank,Mukwonago,WI,2023_13055_2
53149,DIF,NM,United States,53103,STATE,33340,228817,Wisconsin,06/13/1989,2023,State Agency,11,55,US_Zipcode,9,12655,United States,"CITIZENS BANK HOLDING, INC.",0,,0,868224,,Big Bend,ONE,CB,M,,STATE,0,,0,301 N Rochester St,376,66551,1207132,133,13055,42.879862,WI,4,CALL,0,Chicago,783844,Vernon Branch,1,,Waukesha,COMMERCIAL LENDING,,,,0,3,1,WI,1,Wisconsin,7,FDIC,Chicago,992427,,0,W236 S7050 Big Bend Drive,-88.214547,,MUKWONAGO,55133,"Milwaukee-Racine-Waukesha, WI",Mukwonago,21,55133,,"Milwaukee-Waukesha, WI",Citizens Bank,Big Bend,WI,2023_13055_3
53149,DIF,NM,United States,53149,STATE,33340,228818,Wisconsin,10/05/1992,2023,State Agency,11,55,100.0,9,12655,United States,"CITIZENS BANK HOLDING, INC.",0,,0,868224,,Mukwonago,ONE,CB,EXACT,,STATE,0,,0,301 N Rochester St,376,22011,1207132,133,13055,42.8542830156415,WI,4,CALL,0,Chicago,783844,Riverview Branch,1,,Waukesha,COMMERCIAL LENDING,,,,0,4,1,WI,1,Wisconsin,7,FDIC,Chicago,992427,,0,875 S Rochester St,-88.3254390341814,,MUKWONAGO,55133,"Milwaukee-Racine-Waukesha, WI",Mukwonago,21,55133,,"Milwaukee-Waukesha, WI",Citizens Bank,Mukwonago,WI,2023_13055_4
53149,DIF,NM,United States,53150,STATE,33340,228819,Wisconsin,09/18/1995,2023,State Agency,12,55,US_Zipcode,9,12655,United States,"CITIZENS BANK HOLDING, INC.",0,,0,868224,,Muskego,ONE,CB,M,,STATE,0,,0,301 N Rochester St,376,16196,1207132,133,13055,42.882925,WI,4,CALL,0,Chicago,783844,Muskego Branch,1,,Waukesha,COMMERCIAL LENDING,,,,0,5,1,WI,1,Wisconsin,7,FDIC,Chicago,992427,,0,S74 W17005 South Janesville Road,-88.1263,,MUKWONAGO,55133,"Milwaukee-Racine-Waukesha, WI",Mukwonago,21,55133,,"Milwaukee-Waukesha, WI",Citizens Bank,Muskego,WI,2023_13055_5
53149,DIF,NM,United States,53120,STATE,0,228820,Wisconsin,11/13/1996,2023,State Agency,12,55,100.0,9,12655,United States,"CITIZENS BANK HOLDING, INC.",0,,0,868224,,East Troy,ONE,CB,EXACT,,STATE,0,,0,301 N Rochester St,376,41706,1207132,127,13055,42.7846070205721,WI,4,CALL,0,Chicago,783844,East Troy Branch,0,,Walworth,COMMERCIAL LENDING,,,,1,6,1,WI,1,Wisconsin,7,FDIC,Chicago,992427,,0,3238 Main St,-88.4223849644989,,MUKWONAGO,55133,"Milwaukee-Racine-Waukesha, WI",Mukwonago,21,55127,,,Citizens Bank,East Troy,WI,2023_13055_6
53149,DIF,NM,United States,53119,STATE,33340,228822,Wisconsin,09/21/1999,2023,State Agency,11,55,US_Zipcode,9,12655,United States,"CITIZENS BANK HOLDING, INC.",0,,0,868224,,Eagle,ONE,CB,M,,STATE,0,,0,301 N Rochester St,376,43111,1207132,133,13055,42.887321,WI,4,CALL,0,Chicago,783844,Eagle Branch,1,,Waukesha,COMMERCIAL LENDING,,,,0,8,1,WI,1,Wisconsin,7,FDIC,Chicago,992427,,0,S90 W35680 Highway Nn,-88.483409,,MUKWONAGO,55133,"Milwaukee-Racine-Waukesha, WI",Mukwonago,21,55133,,"Milwaukee-Waukesha, WI",Citizens Bank,Eagle,WI,2023_13055_8
53149,DIF,NM,United States,53151,STATE,33340,228823,Wisconsin,12/13/1999,2023,State Agency,11,55,100.0,9,12655,United States,"CITIZENS BANK HOLDING, INC.",0,,0,868224,,New Berlin,ONE,CB,EXACT,,STATE,0,,0,301 N Rochester St,376,46638,1207132,133,13055,42.9459400069648,WI,4,CALL,0,Chicago,783844,New Berlin Branch,1,,Waukesha,COMMERCIAL LENDING,,,,0,9,1,WI,1,Wisconsin,7,FDIC,Chicago,992427,,0,5450 S Moorland Rd,-88.1084230114279,,MUKWONAGO,55133,"Milwaukee-Racine-Waukesha, WI",Mukwonago,21,55133,,"Milwaukee-Waukesha, WI",Citizens Bank,New Berlin,WI,2023_13055_9
54014,DIF,N,United States,54014,OCC,33460,8254,Wisconsin,01/01/1917,2023,Comptroller of the Currency,11,55,100.0,9,0,United States,LAKE SHORE III CORPORATION,0,4,473070,473070,,Hager City,MULT,CB,EXACT,M,FED,1,,0,N1555 770th St,378,57318,4465559,93,13058,44.596373999769,WI,4,CALL,0,Chicago,505550,Hiawatha National Bank,1,,Pierce,COMMERCIAL LENDING,Western,,,0,0,1,WI,1,Wisconsin,9,OCC,Minneapolis,656670,,0,N1555 770th St,-92.5182730297177,,GLENWOOD CITY,55093,"Minneapolis-St. Paul, MN-WI",Hager City,3,55093,,"Minneapolis-St. Paul-Bloomington, MN-WI",Hiawatha National Bank,Hager City,WI,2023_13058_0
54014,DIF,N,United States,54750,OCC,33460,3613,Wisconsin,09/02/1919,2023,Comptroller of the Currency,11,55,US_Zipcode,9,0,United States,LAKE SHORE III CORPORATION,0,4,0,473070,,Maiden Rock,MULT,CB,M,,FED,0,,0,N1555 770th St,378,18505,4465559,93,13058,44.618279,WI,4,CALL,0,Chicago,505550,Maiden Rock Branch,1,,Pierce,COMMERCIAL LENDING,Western,,10/07/1996,0,2,1,WI,1,Wisconsin,9,OCC,Minneapolis,656670,,0,"W3532 Main Street, Highway 35",-92.292402,,GLENWOOD CITY,55093,"Minneapolis-St. Paul, MN-WI",Hager City,3,55093,,"Minneapolis-St. Paul-Bloomington, MN-WI",Hiawatha National Bank,Maiden Rock,WI,2023_13058_2
54014,DIF,N,United States,54013,OCC,33460,776,Wisconsin,01/01/1896,2023,Comptroller of the Currency,11,55,100.0,9,0,United States,LAKE SHORE III CORPORATION,0,4,0,473070,,Glenwood City,MULT,CB,EXACT,,FED,0,,0,N1555 770th St,378,179301,4465559,109,13058,45.0589170051082,WI,4,CALL,0,Chicago,505550,Glenwood City Branch,1,,St. Croix,COMMERCIAL LENDING,Western,,02/28/1998,0,3,1,WI,1,Wisconsin,9,OCC,Minneapolis,656670,,0,220 E Oak St,-92.1703089644063,,GLENWOOD CITY,55093,"Minneapolis-St. Paul, MN-WI",Hager City,3,55109,,"Minneapolis-St. Paul-Bloomington, MN-WI",Hiawatha National Bank,Glenwood City,WI,2023_13058_3
54014,DIF,N,United States,54020,OCC,0,535364,Wisconsin,11/01/2012,2023,Comptroller of the Currency,11,55,100.0,9,0,United States,LAKE SHORE III CORPORATION,0,4,0,473070,,Osceola,MULT,CB,StreetAddress,,FED,0,,0,N1555 770th St,0,46767,4465559,95,13058,45.3107724066945,WI,4,CALL,0,Chicago,505550,Hiawatha National Bank Branch,0,,Polk,COMMERCIAL LENDING,Western,,,0,6,1,WI,1,Wisconsin,9,OCC,Minneapolis,656670,,0,409 S Cascade St,-92.7010056414429,,GLENWOOD CITY,55093,,Hager City,3,55095,,,Hiawatha National Bank,Osceola,WI,2023_13058_6
54014,DIF,N,United States,54016,OCC,33460,557501,Wisconsin,11/01/2013,2023,Comptroller of the Currency,11,55,100.0,9,0,United States,LAKE SHORE III CORPORATION,0,4,0,473070,,Hudson,MULT,CB,EXACT,,FED,0,,0,N1555 770th St,378,57902,4465559,109,13058,44.9608769849692,WI,4,CALL,0,Chicago,505550,Hiawatha National Bank Branch,1,,St. Croix,COMMERCIAL LENDING,Western,,,0,7,1,WI,1,Wisconsin,9,OCC,Minneapolis,656670,,0,2212 Crest View Dr,-92.7281599923634,,GLENWOOD CITY,55093,"Minneapolis-St. Paul, MN-WI",Hager City,3,55109,,"Minneapolis-St. Paul-Bloomington, MN-WI",Hiawatha National Bank,Hudson,WI,2023_13058_7
54014,DIF,N,United States,53073,OCC,43100,626872,Wisconsin,03/27/2020,2023,Comptroller of the Currency,11,55,100.0,9,0,United States,LAKE SHORE III CORPORATION,0,4,0,473070,,Plymouth,MULT,CB,EXACT,,FED,0,,0,N1555 770th St,0,32157,4465559,117,13058,43.756284007689,WI,4,CALL,0,Chicago,505550,Plymouth Branch,1,,Sheboygan,COMMERCIAL LENDING,Western,,,0,8,1,WI,1,Wisconsin,9,OCC,Minneapolis,656670,,0,777 Walton Dr,-87.943861022565,,GLENWOOD CITY,55093,,Hager City,3,55117,,"Sheboygan, WI",Hiawatha National Bank,Plymouth,WI,2023_13058_8
54014,DIF,N,United States,54016,OCC,33460,457573,Wisconsin,08/24/2020,2023,Comptroller of the Currency,11,55,100.0,9,0,United States,LAKE SHORE III CORPORATION,0,4,0,473070,,Hudson,MULT,CB,EXACT,,FED,0,,0,N1555 770th St,378,81120,4465559,109,13058,44.9535139859437,WI,4,CALL,0,Chicago,505550,Monetary Blvd Branch,1,,St. Croix,COMMERCIAL LENDING,Western,,08/24/2020,0,9,1,WI,1,Wisconsin,9,OCC,Minneapolis,656670,,0,"2424 Monetary Blvd, Ste 107",-92.721610037946,,GLENWOOD CITY,55093,"Minneapolis-St. Paul, MN-WI",Hager City,3,55109,,"Minneapolis-St. Paul-Bloomington, MN-WI",Hiawatha National Bank,Hudson,WI,2023_13058_9
53594,DIF,NM,United States,53594,STATE,0,8377,Wisconsin,01/01/1897,2023,State Agency,11,55,100.0,9,0,United States,"MAUNESHA BANCSHARES, INC.",0,,166662,166662,,Waterloo,ONE,CB,EXACT,M,STATE,1,,0,210 W Madison St,376,99472,3087039,55,13242,43.183505983643,WI,4,CALL,0,Chicago,79145,Farmers & Merchants State Bank,0,,Jefferson,COMMERCIAL LENDING,,,,1,0,1,WI,1,Wisconsin,7,FDIC,Chicago,237592,,0,210 W Madison St,-88.9920699824542,,WATERLOO,55055,"Milwaukee-Racine-Waukesha, WI",Waterloo,21,55055,,,Farmers & Merchants State Bank,Waterloo,WI,2023_13242_0
53594,DIF,NM,United States,53559,STATE,31540,229374,Wisconsin,02/08/1937,2023,State Agency,11,55,100.0,9,0,United States,"MAUNESHA BANCSHARES, INC.",0,,0,166662,,Marshall,ONE,CB,EXACT,,STATE,0,,0,210 W Madison St,357,67190,3087039,25,13242,43.1684230003359,WI,4,CALL,0,Chicago,79145,Marshall Branch,1,,Dane,COMMERCIAL LENDING,,,,0,1,1,WI,1,Wisconsin,7,FDIC,Chicago,237592,,0,218 W Main St,-89.0653569852306,,WATERLOO,55055,"Madison-Janesville-Beloit, WI",Waterloo,21,55025,,"Madison, WI",Farmers & Merchants State Bank,Marshall,WI,2023_13242_1
54217,DIF,NM,United States,54217,STATE,24580,8390,Wisconsin,10/03/1903,2023,State Agency,11,55,100.0,9,12871,United States,"LUXEMBURG BANCSHARES, INC.",0,,548255,548255,,Luxemburg,ONE,CB,EXACT,M,STATE,1,,0,630 Main St,267,146216,1209743,61,13264,44.5398370151128,WI,4,CALL,0,Chicago,580548,Bank Of Luxemburg,1,,Kewaunee,COMMERCIAL LENDING,,,,0,0,1,WI,1,Wisconsin,7,FDIC,Chicago,625437,,0,630 Main St,-87.7027880156891,,LUXEMBURG,55061,"Green Bay-Shawano, WI",Luxemburg,21,55061,,"Green Bay, WI",Bank of Luxemburg,Luxemburg,WI,2023_13264_0
54217,DIF,NM,United States,54217,STATE,24580,229401,Wisconsin,05/04/1987,2023,State Agency,11,55,US_Zipcode,9,12871,United States,"LUXEMBURG BANCSHARES, INC.",0,,0,548255,,Luxemburg,ONE,CB,M,,STATE,0,,0,630 Main St,267,42519,1209743,61,13264,44.550465,WI,4,CALL,0,Chicago,580548,Dyckesville Branch,1,,Kewaunee,COMMERCIAL LENDING,,,,0,1,1,WI,1,Wisconsin,7,FDIC,Chicago,625437,,0,State Route 57 and County Trunk S,-87.714945,,LUXEMBURG,55061,"Green Bay-Shawano, WI",Luxemburg,21,55061,,"Green Bay, WI",Bank of Luxemburg,Dyckesville,WI,2023_13264_1
54217,DIF,NM,United States,54212,STATE,0,633283,Wisconsin,05/03/2021,2023,State Agency,11,55,100.0,9,12871,United States,"LUXEMBURG BANCSHARES, INC.",0,,0,548255,,Fish Creek,ONE,CB,Subaddress,,STATE,0,,0,630 Main St,0,13686,1209743,29,13264,45.1235589967685,WI,4,CALL,0,Chicago,580548,Bank Of Luxemburg Branch,0,,Door,COMMERCIAL LENDING,,,,0,10,1,WI,1,Wisconsin,7,FDIC,Chicago,625437,,0,"9331 Spring Rd Unit 20, Unit 20",-87.230885022893,,LUXEMBURG,55061,,Luxemburg,21,55029,,,Bank of Luxemburg,Fish Creek,WI,2023_13264_10
54217,DIF,NM,United States,54313,STATE,24580,634136,Wisconsin,05/03/2021,2023,State Agency,11,55,100.0,9,12871,United States,"LUXEMBURG BANCSHARES, INC.",0,,0,548255,,Green Bay,ONE,CB,StreetAddress,,STATE,0,,0,630 Main St,267,36447,1209743,9,13264,44.5498557168726,WI,4,CALL,0,Chicago,580548,Bank Of Luxemburg Branch,1,,Brown,COMMERCIAL LENDING,,,,0,11,1,WI,1,Wisconsin,7,FDIC,Chicago,625437,,0,325 Cardinal Ln,-88.0851679904778,,LUXEMBURG,55061,"Green Bay-Shawano, WI",Luxemburg,21,55009,,"Green Bay, WI",Bank of Luxemburg,Green Bay,WI,2023_13264_11
54217,DIF,NM,United States,54302,STATE,24580,229402,Wisconsin,10/02/1989,2023,State Agency,11,55,100.0,9,12871,United States,"LUXEMBURG BANCSHARES, INC.",0,,0,548255,,Green Bay,ONE,CB,EXACT,,STATE,0,,0,630 Main St,267,74888,1209743,9,13264,44.4851510061348,WI,4,CALL,0,Chicago,580548,Banking Center Of Bellevue Branch,1,,Brown,COMMERCIAL LENDING,,,,0,2,1,WI,1,Wisconsin,7,FDIC,Chicago,625437,,0,1311 Bellevue St,-87.9949400052405,,LUXEMBURG,55061,"Green Bay-Shawano, WI",Luxemburg,21,55009,,"Green Bay, WI",Bank of Luxemburg,Green Bay,WI,2023_13264_2
54217,DIF,NM,United States,54205,STATE,24580,229403,Wisconsin,05/24/1999,2023,State Agency,11,55,100.0,9,12871,United States,"LUXEMBURG BANCSHARES, INC.",0,,0,548255,,Casco,ONE,CB,EXACT,,STATE,0,,0,630 Main St,267,42352,1209743,61,13264,44.5582039861745,WI,4,CALL,0,Chicago,580548,Casco Branch,1,,Kewaunee,COMMERCIAL LENDING,,,,0,3,1,WI,1,Wisconsin,7,FDIC,Chicago,625437,,0,100 Old Orchard Ave,-87.6264189871151,,LUXEMBURG,55061,"Green Bay-Shawano, WI",Luxemburg,21,55061,,"Green Bay, WI",Bank of Luxemburg,Casco,WI,2023_13264_3
54217,DIF,NM,United States,54201,STATE,24580,43656,Wisconsin,01/01/1924,2023,State Agency,11,55,100.0,9,12871,United States,"LUXEMBURG BANCSHARES, INC.",0,,0,548255,,Algoma,ONE,CB,EXACT,,STATE,0,,0,630 Main St,267,82093,1209743,61,13264,44.6085089839103,WI,4,CALL,0,Chicago,580548,510 Second Street Branch,1,,Kewaunee,COMMERCIAL LENDING,,,06/27/2008,0,7,1,WI,1,Wisconsin,7,FDIC,Chicago,625437,,0,510 2nd St,-87.4361030140128,,LUXEMBURG,55061,"Green Bay-Shawano, WI",Luxemburg,21,55061,,"Green Bay, WI",Bank of Luxemburg,Algoma,WI,2023_13264_7
54217,DIF,NM,United States,54235,STATE,0,546629,Wisconsin,01/13/2014,2023,State Agency,11,55,100.0,9,12871,United States,"LUXEMBURG BANCSHARES, INC.",0,,0,548255,,Sturgeon Bay,ONE,CB,EXACT,,STATE,0,,0,630 Main St,0,65072,1209743,29,13264,44.8232419857864,WI,4,CALL,0,Chicago,580548,Sturgeon Bay Wi Branch,0,,Door,COMMERCIAL LENDING,,,,0,8,1,WI,1,Wisconsin,7,FDIC,Chicago,625437,,0,519 S Lansing Ave,-87.3876710363606,,LUXEMBURG,55061,,Luxemburg,21,55029,,,Bank of Luxemburg,Sturgeon Bay,WI,2023_13264_8
54217,DIF,NM,United States,54216,STATE,24580,580418,Wisconsin,02/02/2016,2023,State Agency,11,55,100.0,9,12871,United States,"LUXEMBURG BANCSHARES, INC.",0,,0,548255,,Kewaunee,ONE,CB,STREETADDRESS,,STATE,0,,0,630 Main St,267,44982,1209743,61,13264,44.4545124475925,WI,4,CALL,0,Chicago,580548,Kewaunee Office Branch,1,,Kewaunee,COMMERCIAL LENDING,,,,0,9,1,WI,1,Wisconsin,7,FDIC,Chicago,625437,,0,980 Marquette Drive,-87.5272366988139,,LUXEMBURG,55061,"Green Bay-Shawano, WI",Luxemburg,21,55061,,"Green Bay, WI",Bank of Luxemburg,Kewaunee,WI,2023_13264_9
53929,DIF,NM,United States,53929,STATE,0,8470,Wisconsin,04/30/1932,2023,State Agency,11,55,100.0,9,12530,United States,"ROYAL BANCSHARES, INC.",0,,636619,636619,,Elroy,ONE,CB,EXACT,M,STATE,1,,0,202 Main St,0,91645,1491904,57,13454,43.7386460107465,WI,2,CALL,0,Chicago,532042,Royal Bank,0,,Juneau,AGRICULTURAL,,,,0,0,1,WI,1,Wisconsin,7,FDIC,Chicago,717006,,0,202 Main St,-90.2700160119077,,ELROY,55057,,Elroy,21,55057,,,Royal Bank,Elroy,WI,2023_13454_0
53929,DIF,NM,United States,53556,STATE,0,6124,Wisconsin,03/08/1919,2023,State Agency,11,55,100.0,9,12530,United States,"ROYAL BANCSHARES, INC.",0,,0,636619,,Lone Rock,ONE,CB,EXACT,,STATE,0,,0,202 Main St,0,18458,1491904,103,13454,43.1823970159434,WI,2,CALL,0,Chicago,532042,Lone Rock Branch,0,,Richland,AGRICULTURAL,,,04/01/1992,0,1,1,WI,1,Wisconsin,7,FDIC,Chicago,717006,,0,252 S Oak St,-90.1984909689978,,ELROY,55057,,Elroy,21,55103,,,Royal Bank,Lone Rock,WI,2023_13454_1
53929,DIF,NM,United States,53808,STATE,0,363727,Wisconsin,05/07/2002,2023,State Agency,11,55,100.0,9,12530,United States,"ROYAL BANCSHARES, INC.",0,,0,636619,,Dickeyville,ONE,CB,StreetAddress,,STATE,0,,0,202 Main St,0,18562,1491904,43,13454,42.6226931748661,WI,2,CALL,0,Chicago,532042,Dickeyville Branch,0,,Grant,AGRICULTURAL,,,,1,10,1,WI,1,Wisconsin,7,FDIC,Chicago,717006,,0,100 Splinter Ave,-90.590270488913,,ELROY,55057,,Elroy,21,55043,,,Royal Bank,Dickeyville,WI,2023_13454_10
53929,DIF,NM,United States,53910,STATE,0,280302,Wisconsin,01/01/1920,2023,State Agency,11,55,100.0,9,12530,United States,"ROYAL BANCSHARES, INC.",0,,0,636619,,Adams,ONE,CB,EXACT,,STATE,0,,0,202 Main St,0,33094,1491904,1,13454,43.9561009937693,WI,2,CALL,0,Chicago,532042,Adams Branch,0,,Adams,AGRICULTURAL,,,04/13/2007,0,11,1,WI,1,Wisconsin,7,FDIC,Chicago,717006,,0,185 S Main St,-89.8180529800328,,ELROY,55057,,Elroy,21,55001,,,Royal Bank,Adams,WI,2023_13454_11
53929,DIF,NM,United States,53950,STATE,0,280303,Wisconsin,01/01/1920,2023,State Agency,11,55,100.0,9,12530,United States,"ROYAL BANCSHARES, INC.",0,,0,636619,,New Lisbon,ONE,CB,EXACT,,STATE,0,,0,202 Main St,0,24433,1491904,57,13454,43.8794069988091,WI,2,CALL,0,Chicago,532042,New Lisbon Branch,0,,Juneau,AGRICULTURAL,,,04/13/2007,0,12,1,WI,1,Wisconsin,7,FDIC,Chicago,717006,,0,201 E Bridge St,-90.1651050104597,,ELROY,55057,,Elroy,21,55057,,,Royal Bank,New Lisbon,WI,2023_13454_12
53929,DIF,NM,United States,53948,STATE,0,280305,Wisconsin,01/01/1920,2023,State Agency,11,55,100.0,9,12530,United States,"ROYAL BANCSHARES, INC.",0,,0,636619,,Mauston,ONE,CB,EXACT,,STATE,0,,0,202 Main St,0,28696,1491904,57,13454,43.7978869973672,WI,2,CALL,0,Chicago,532042,Mauston Branch,0,,Juneau,AGRICULTURAL,,,04/13/2007,0,13,1,WI,1,Wisconsin,7,FDIC,Chicago,717006,,0,523 Gateway Ave,-90.0654150126807,,ELROY,55057,,Elroy,21,55057,,,Royal Bank,Mauston,WI,2023_13454_13
53929,DIF,NM,United States,53806,STATE,0,8396,Wisconsin,01/01/1910,2023,State Agency,11,55,100.0,9,12530,United States,"ROYAL BANCSHARES, INC.",0,,0,636619,,Cassville,ONE,CB,EXACT,,STATE,0,,0,202 Main St,0,54379,1491904,43,13454,42.7138389892475,WI,2,CALL,0,Chicago,532042,Cassville Branch,0,,Grant,AGRICULTURAL,,,02/11/2011,1,15,1,WI,1,Wisconsin,7,FDIC,Chicago,717006,,0,201 E Amelia St,-90.989279025695,,ELROY,55057,,Elroy,21,55043,,,Royal Bank,Cassville,WI,2023_13454_15
53929,DIF,NM,United States,54665,STATE,29100,41844,Wisconsin,07/01/1934,2023,State Agency,11,55,100.0,9,12530,United States,"ROYAL BANCSHARES, INC.",0,,0,636619,,Viroqua,ONE,CB,EXACT,,STATE,0,,0,202 Main St,317,17611,1491904,123,13454,43.5582570189416,WI,2,CALL,0,Chicago,532042,Viroqua Branch,1,,Vernon,AGRICULTURAL,,,05/15/2015,0,16,1,WI,1,Wisconsin,7,FDIC,Chicago,717006,,0,311 N Main St,-90.8891199766142,,ELROY,55057,"La Crosse-Onalaska-Sparta, WI-MN",Elroy,21,55123,,"La Crosse-Onalaska, WI-MN",Royal Bank,Viroqua,WI,2023_13454_16
53929,DIF,NM,United States,53813,STATE,0,580032,Wisconsin,06/13/2016,2023,State Agency,11,55,100.0,9,12530,United States,"ROYAL BANCSHARES, INC.",0,,0,636619,,Lancaster,ONE,CB,StreetAddress,,STATE,0,,0,202 Main St,0,32523,1491904,43,13454,42.8580220330455,WI,2,CALL,0,Chicago,532042,Lancaster Branch,0,,Grant,AGRICULTURAL,,,,1,17,1,WI,1,Wisconsin,7,FDIC,Chicago,717006,,0,142 Highway 61,-90.7090549522876,,ELROY,55057,,Elroy,21,55043,,,Royal Bank,Lancaster,WI,2023_13454_17
53929,DIF,NM,United States,53924,STATE,0,9495,Wisconsin,11/21/1906,2023,State Agency,11,55,100.0,9,12530,United States,"ROYAL BANCSHARES, INC.",0,,0,636619,,Cazenovia,ONE,CB,EXACT,,STATE,0,,0,202 Main St,0,18657,1491904,103,13454,43.5229720145105,WI,2,CALL,0,Chicago,532042,Cazenovia Branch,0,,Richland,AGRICULTURAL,,,07/14/2017,0,18,1,WI,1,Wisconsin,7,FDIC,Chicago,717006,,0,110 E Main St,-90.195580017844,,ELROY,55057,,Elroy,21,55103,,,Royal Bank,Cazenovia,WI,2023_13454_18
53929,DIF,NM,United States,53941,STATE,0,233271,Wisconsin,04/16/1934,2023,State Agency,11,55,100.0,9,12530,United States,"ROYAL BANCSHARES, INC.",0,,0,636619,,La Valle,ONE,CB,EXACT,,STATE,0,,0,202 Main St,357,26760,1491904,111,13454,43.5827869938606,WI,2,CALL,0,Chicago,532042,La Valle Branch,0,,Sauk,AGRICULTURAL,,,07/14/2017,1,19,1,WI,1,Wisconsin,7,FDIC,Chicago,717006,,0,210 W Main St,-90.1326389657951,,ELROY,55057,"Madison-Janesville-Beloit, WI",Elroy,21,55111,,,Royal Bank,La Valle,WI,2023_13454_19
53929,DIF,NM,United States,53506,STATE,31540,220319,Wisconsin,10/01/1934,2023,State Agency,11,55,100.0,9,12530,United States,"ROYAL BANCSHARES, INC.",0,,0,636619,,Avoca,ONE,CB,EXACT,,STATE,0,,0,202 Main St,357,10338,1491904,49,13454,43.1821689862675,WI,2,CALL,0,Chicago,532042,Avoca Branch,1,,Iowa,AGRICULTURAL,,,04/01/1992,0,2,1,WI,1,Wisconsin,7,FDIC,Chicago,717006,,0,102 N 4th St,-90.326358997415,,ELROY,55057,"Madison-Janesville-Beloit, WI",Elroy,21,55049,,"Madison, WI",Royal Bank,Avoca,WI,2023_13454_2
53929,DIF,NM,United States,53821,STATE,0,272015,Wisconsin,06/01/1934,2023,State Agency,11,55,100.0,9,12530,United States,"ROYAL BANCSHARES, INC.",0,,0,636619,,Prairie du Chien,ONE,CB,EXACT,,STATE,0,,0,202 Main St,0,31722,1491904,23,13454,43.0512139867298,WI,2,CALL,0,Chicago,532042,Prairie Du Chien Branch,0,,Crawford,AGRICULTURAL,,,12/11/2020,0,20,1,WI,1,Wisconsin,7,FDIC,Chicago,717006,,0,700 E Blackhawk Ave,-91.1368730250452,,ELROY,55057,,Elroy,21,55023,,,Royal Bank,Prairie Du Chien,WI,2023_13454_20
53929,DIF,NM,United States,53581,STATE,0,272738,Wisconsin,01/01/1889,2023,State Agency,11,55,100.0,9,12530,United States,"ROYAL BANCSHARES, INC.",0,,0,636619,,Richland Center,ONE,CB,EXACT,,STATE,0,,0,202 Main St,0,23644,1491904,103,13454,43.3352740031366,WI,2,CALL,0,Chicago,532042,Richland Center Branch,0,,Richland,AGRICULTURAL,,,12/11/2020,0,21,1,WI,1,Wisconsin,7,FDIC,Chicago,717006,,0,101 E Court St,-90.3850520171155,,ELROY,55057,,Elroy,21,55103,,,Royal Bank,Richland Center,WI,2023_13454_21
53929,DIF,NM,United States,53588,STATE,0,220320,Wisconsin,10/29/1990,2023,State Agency,11,55,100.0,9,12530,United States,"ROYAL BANCSHARES, INC.",0,,0,636619,,Spring Green,ONE,CB,EXACT,,STATE,0,,0,202 Main St,357,26362,1491904,111,13454,43.1759760171063,WI,2,CALL,0,Chicago,532042,Spring Green Branch,0,,Sauk,AGRICULTURAL,,,04/01/1992,1,3,1,WI,1,Wisconsin,7,FDIC,Chicago,717006,,0,152 S Worcester St,-90.0672339694888,,ELROY,55057,"Madison-Janesville-Beloit, WI",Elroy,21,55111,,,Royal Bank,Spring Green,WI,2023_13454_3
53929,DIF,NM,United States,54634,STATE,29100,273333,Wisconsin,10/31/1934,2023,State Agency,11,55,100.0,9,12530,United States,"ROYAL BANCSHARES, INC.",0,,0,636619,,Hillsboro,ONE,CB,EXACT,,STATE,0,,0,202 Main St,317,27437,1491904,123,13454,43.6508599918573,WI,2,CALL,0,Chicago,532042,Hillsboro Branch,1,,Vernon,AGRICULTURAL,,,02/19/1993,0,4,1,WI,1,Wisconsin,7,FDIC,Chicago,717006,,0,731 Water Ave,-90.3402019619663,,ELROY,55057,"La Crosse-Onalaska-Sparta, WI-MN",Elroy,21,55123,,"La Crosse-Onalaska, WI-MN",Royal Bank,Hillsboro,WI,2023_13454_4
53929,DIF,NM,United States,53930,STATE,0,221694,Wisconsin,09/02/1935,2023,State Agency,11,55,100.0,9,12530,United States,"ROYAL BANCSHARES, INC.",0,,0,636619,,Endeavor,ONE,CB,StreetAddress,,STATE,0,,0,202 Main St,0,6741,1491904,77,13454,43.7088998513304,WI,2,CALL,0,Chicago,532042,Endeavor Branch,0,,Marquette,AGRICULTURAL,,,09/12/1997,0,5,1,WI,1,Wisconsin,7,FDIC,Chicago,717006,,0,551 S Church St,-89.4658534453407,,ELROY,55057,,Elroy,21,55077,,,Royal Bank,Endeavor,WI,2023_13454_5
53929,DIF,NM,United States,54618,STATE,0,227291,Wisconsin,01/08/1934,2023,State Agency,11,55,100.0,9,12530,United States,"ROYAL BANCSHARES, INC.",0,,0,636619,,Camp Douglas,ONE,CB,EXACT,,STATE,0,,0,202 Main St,0,18414,1491904,57,13454,43.9194100088996,WI,2,CALL,0,Chicago,532042,Camp Douglas Branch,0,,Juneau,AGRICULTURAL,,,09/12/1997,0,6,1,WI,1,Wisconsin,7,FDIC,Chicago,717006,,0,129 Main St,-90.2679679776858,,ELROY,55057,,Elroy,21,55057,,,Royal Bank,Camp Douglas,WI,2023_13454_6
53929,DIF,NM,United States,54631,STATE,0,6891,Wisconsin,09/01/1904,2023,State Agency,11,55,US_Streets,9,12530,United States,"ROYAL BANCSHARES, INC.",0,,0,636619,,Gays Mills,ONE,CB,T,,STATE,0,,0,202 Main St,0,33212,1491904,23,13454,43.316901,WI,2,CALL,0,Chicago,532042,Gays Mills Branch,0,,Crawford,AGRICULTURAL,,,07/01/1998,0,7,1,WI,1,Wisconsin,7,FDIC,Chicago,717006,,0,114 Hwy 171 East,-90.843581,,ELROY,55057,,Elroy,21,55023,,,Royal Bank,Gays Mills,WI,2023_13454_7
53929,DIF,NM,United States,53526,STATE,31540,9073,Wisconsin,03/18/1910,2023,State Agency,11,55,100.0,9,12530,United States,"ROYAL BANCSHARES, INC.",0,,0,636619,,Cobb,ONE,CB,EXACT,,STATE,0,,0,202 Main St,357,73232,1491904,49,13454,42.967653997693,WI,2,CALL,0,Chicago,532042,Cobb Branch,1,,Iowa,AGRICULTURAL,,,07/01/1998,0,8,1,WI,1,Wisconsin,7,FDIC,Chicago,717006,,0,104 W Main St,-90.3304389726047,,ELROY,55057,"Madison-Janesville-Beloit, WI",Elroy,21,55049,,"Madison, WI",Royal Bank,Cobb,WI,2023_13454_8
53929,DIF,NM,United States,53952,STATE,0,221696,Wisconsin,10/04/1902,2023,State Agency,11,55,US_Streets,9,12530,United States,"ROYAL BANCSHARES, INC.",0,,0,636619,,Oxford,ONE,CB,M,,STATE,0,,0,202 Main St,0,20699,1491904,77,13454,43.781353,WI,2,CALL,0,Chicago,532042,Oxford Branch,0,,Marquette,AGRICULTURAL,,,05/07/1999,0,9,1,WI,1,Wisconsin,7,FDIC,Chicago,717006,,0,107 East Ormsby Street,-89.572474,,ELROY,55057,,Elroy,21,55077,,,Royal Bank,Oxford,WI,2023_13454_9
53590,DIF,NM,United States,53590,STATE,31540,8481,Wisconsin,08/08/1903,2023,State Agency,11,55,100.0,9,15599,United States,"BOSP BANCSHARES, INC.",0,,548791,548791,,Sun Prairie,ONE,CB,EXACT,M,STATE,1,,0,228 E Main St,357,350965,3808113,25,13565,43.1833189833831,WI,4,CALL,0,Chicago,124344,Bank Of Sun Prairie,1,,Dane,COMMERCIAL LENDING,,,,0,0,1,WI,1,Wisconsin,7,FDIC,Chicago,712554,,0,228 E Main St,-89.2117630174438,,SUN PRAIRIE,55025,"Madison-Janesville-Beloit, WI",Sun Prairie,21,55025,,"Madison, WI",Bank of Sun Prairie,Sun Prairie,WI,2023_13565_0
53590,DIF,NM,United States,53590,STATE,31540,229686,Wisconsin,05/08/1990,2023,State Agency,11,55,100.0,9,15599,United States,"BOSP BANCSHARES, INC.",0,,0,548791,,Sun Prairie,ONE,CB,EXACT,,STATE,0,,0,228 E Main St,357,44053,3808113,25,13565,43.1868600021987,WI,4,CALL,0,Chicago,124344,Broadway Office,1,,Dane,COMMERCIAL LENDING,,,,0,1,1,WI,1,Wisconsin,7,FDIC,Chicago,712554,,0,550 Broadway Dr,-89.2419640204133,,SUN PRAIRIE,55025,"Madison-Janesville-Beloit, WI",Sun Prairie,21,55025,,"Madison, WI",Bank of Sun Prairie,Sun Prairie,WI,2023_13565_1
53590,DIF,NM,United States,53527,STATE,31540,432879,Wisconsin,10/18/2004,2023,State Agency,11,55,100.0,9,15599,United States,"BOSP BANCSHARES, INC.",0,,0,548791,,Cottage Grove,ONE,CB,EXACT,,STATE,0,,0,228 E Main St,357,52763,3808113,25,13565,43.0872630016353,WI,4,CALL,0,Chicago,124344,Cottage Grove Branch,1,,Dane,COMMERCIAL LENDING,,,,0,4,1,WI,1,Wisconsin,7,FDIC,Chicago,712554,,0,419 W Cottage Grove Rd,-89.210778982011,,SUN PRAIRIE,55025,"Madison-Janesville-Beloit, WI",Sun Prairie,21,55025,,"Madison, WI",Bank of Sun Prairie,Cottage Grove,WI,2023_13565_4
53590,DIF,NM,United States,53590,STATE,31540,572713,Wisconsin,10/19/2015,2023,State Agency,11,55,100.0,9,15599,United States,"BOSP BANCSHARES, INC.",0,,0,548791,,Sun Prairie,ONE,CB,EXACT,,STATE,0,,0,228 E Main St,357,100725,3808113,25,13565,43.1692150063669,WI,4,CALL,0,Chicago,124344,Grand Avenue Office Branch,1,,Dane,COMMERCIAL LENDING,,,,0,5,1,WI,1,Wisconsin,7,FDIC,Chicago,712554,,0,695 S Grand Ave,-89.2656610017948,,SUN PRAIRIE,55025,"Madison-Janesville-Beloit, WI",Sun Prairie,21,55025,,"Madison, WI",Bank of Sun Prairie,Sun Prairie,WI,2023_13565_5
53590,DIF,NM,United States,53590,STATE,31540,657440,Wisconsin,09/06/2022,2023,State Agency,29,55,100.0,9,15599,United States,"BOSP BANCSHARES, INC.",0,,0,548791,,Sun Prairie,ONE,CB,EXACT,,STATE,0,,0,228 E Main St,357,285,3808113,25,13565,43.18254101704,WI,4,CALL,0,Chicago,124344,Sun Prairie West High School Branch,1,,Dane,COMMERCIAL LENDING,,,,0,6,1,WI,1,Wisconsin,7,FDIC,Chicago,712554,,0,2850 Ironwood Dr,-89.272315981459,,SUN PRAIRIE,55025,"Madison-Janesville-Beloit, WI",Sun Prairie,21,55025,,"Madison, WI",Bank of Sun Prairie,Sun Prairie,WI,2023_13565_6
55046,DIF,SM,United States,54853,STATE,0,6121,Minnesota,01/24/1931,2023,State Agency,11,55,100.0,11,11453,United States,FRANDSEN FINANCIAL CORPORATION,0,,0,2687013,,Luck,ONE,CB,EXACT,,STATE,0,,0,116 Central St W,0,66225,1128358,95,1399,45.5745799865455,MN,4,CALL,0,Kansas City,751656,Luck Branch,0,,Polk,COMMERCIAL LENDING,,,03/21/2011,0,33,1,WI,1,Wisconsin,9,FED,Minneapolis,3296071,,0,200 S Main St,-92.4820730148266,,ARDEN HILLS,27131,,Lonsdale,13,55095,,,Frandsen Bank & Trust,Luck,MN,2023_1399_33
55046,DIF,SM,United States,54701,STATE,20740,207609,Minnesota,08/15/1995,2023,State Agency,11,55,100.0,11,11453,United States,FRANDSEN FINANCIAL CORPORATION,0,,0,2687013,,Eau Claire,ONE,CB,EXACT,,STATE,0,,0,116 Central St W,232,164850,1128358,35,1399,44.7721179922913,MN,4,CALL,0,Kansas City,751656,Eau Claire Branch,1,,Eau Claire,COMMERCIAL LENDING,,,10/17/2020,0,48,1,WI,1,Wisconsin,9,FED,Minneapolis,3296071,,0,4251 Southtowne Dr,-91.4619839989869,,ARDEN HILLS,27131,"Eau Claire-Menomonie, WI",Lonsdale,13,55035,,"Eau Claire, WI",Frandsen Bank & Trust,Eau Claire,MN,2023_1399_48
55046,DIF,SM,United States,54843,STATE,0,3608,Minnesota,10/17/2020,2023,State Agency,11,55,100.0,11,11453,United States,FRANDSEN FINANCIAL CORPORATION,0,,0,2687013,,Hayward,ONE,CB,EXACT,,STATE,0,,0,116 Central St W,0,62709,1128358,113,1399,46.0152489906248,MN,4,CALL,0,Kansas City,751656,Hayward Branch,0,,Sawyer,COMMERCIAL LENDING,,,10/17/2020,0,50,1,WI,1,Wisconsin,9,FED,Minneapolis,3296071,,0,10583 Main St,-91.4859330241969,,ARDEN HILLS,27131,,Lonsdale,13,55113,,,Frandsen Bank & Trust,Hayward,MN,2023_1399_50
53511,DIF,NM,United States,53511,STATE,27500,8801,Wisconsin,01/01/1881,2023,State Agency,11,55,100.0,9,11465,United States,"BLACKHAWK BANCORP, INC.",0,,1195747,1195747,,Beloit,ONE,CB,EXACT,M,STATE,1,,0,400 Broad St,357,272625,1491913,105,14078,42.498296002158,WI,4,CALL,0,Chicago,27548,Blackhawk  Bank,1,,Rock,COMMERCIAL LENDING,,,,0,0,1,WI,1,Wisconsin,7,FDIC,Chicago,1298740,,0,400 Broad St,-89.035563007479,,BELOIT,55105,"Madison-Janesville-Beloit, WI",Beloit,21,55105,,"Janesville-Beloit, WI",Blackhawk  Bank,Beloit,WI,2023_14078_0
53511,DIF,NM,United States,53545,STATE,27500,592848,Wisconsin,11/20/2017,2023,State Agency,11,55,100.0,9,11465,United States,"BLACKHAWK BANCORP, INC.",0,,0,1195747,,Janesville,ONE,CB,EXACT,,STATE,0,,0,400 Broad St,357,28177,1491913,105,14078,42.7136149828851,WI,4,CALL,0,Chicago,27548,Blackhawk Bank Milton Branch,1,,Rock,COMMERCIAL LENDING,,,,0,17,1,WI,1,Wisconsin,7,FDIC,Chicago,1298740,,0,2525 Milton Ave,-89.0017850273297,,BELOIT,55105,"Madison-Janesville-Beloit, WI",Beloit,21,55105,,"Janesville-Beloit, WI",Blackhawk  Bank,Janesville,WI,2023_14078_17
53511,DIF,NM,United States,53511,STATE,27500,230916,Wisconsin,02/01/1987,2023,State Agency,11,55,100.0,9,11465,United States,"BLACKHAWK BANCORP, INC.",0,,0,1195747,,Beloit,ONE,CB,EXACT,,STATE,0,,0,400 Broad St,357,57078,1491913,105,14078,42.532934007483,WI,4,CALL,0,Chicago,27548,Cranston Road Branch,1,,Rock,COMMERCIAL LENDING,,,,0,2,1,WI,1,Wisconsin,7,FDIC,Chicago,1298740,,0,2200 Cranston Rd,-89.0046989959687,,BELOIT,55105,"Madison-Janesville-Beloit, WI",Beloit,21,55105,,"Janesville-Beloit, WI",Blackhawk  Bank,Beloit,WI,2023_14078_2
54736,DIF,SM,United States,54736,STATE,0,8879,Wisconsin,04/06/1934,2023,State Agency,11,55,100.0,9,13893,United States,SECURITY FINANCIAL SERVICES CORPORATION,0,,709275,709275,,Durand,ONE,CB,EXACT,M,STATE,1,,0,212 W Prospect St,0,259088,2848804,91,14222,44.6266959955109,WI,2,CALL,0,Chicago,450959,Security Financial Bank,0,,Pepin,AGRICULTURAL,,,,0,0,1,WI,1,Wisconsin,9,FED,Minneapolis,828824,,0,212 W Prospect St,-91.9660859890124,,DURAND,55091,,Durand,13,55091,,,Security Financial Bank,Durand,WI,2023_14222_0
54736,DIF,SM,United States,54022,STATE,33460,439716,Wisconsin,04/04/2005,2023,State Agency,11,55,100.0,9,13893,United States,SECURITY FINANCIAL SERVICES CORPORATION,0,,0,709275,,River Falls,ONE,CB,EXACT,,STATE,0,,0,212 W Prospect St,378,36677,2848804,109,14222,44.8766860062614,WI,2,CALL,0,Chicago,450959,River Falls Branch,1,,St. Croix,AGRICULTURAL,,,,0,1,1,WI,1,Wisconsin,9,FED,Minneapolis,828824,,0,1561 Commerce Ct,-92.6258629712397,,DURAND,55091,"Minneapolis-St. Paul, MN-WI",Durand,13,55109,,"Minneapolis-St. Paul-Bloomington, MN-WI",Security Financial Bank,River Falls,WI,2023_14222_1
54736,DIF,SM,United States,54701,STATE,20740,488144,Wisconsin,02/02/2009,2023,State Agency,11,55,100.0,9,13893,United States,SECURITY FINANCIAL SERVICES CORPORATION,0,,0,709275,,Eau Claire,ONE,CB,EXACT,,STATE,0,,0,212 W Prospect St,232,61247,2848804,35,14222,44.7806829981416,WI,2,CALL,0,Chicago,450959,Eau Claire Branch,1,,Eau Claire,AGRICULTURAL,,,,0,2,1,WI,1,Wisconsin,9,FED,Minneapolis,828824,,0,"3430 Oakwood Mall Dr, Ste 200",-91.4438220073673,,DURAND,55091,"Eau Claire-Menomonie, WI",Durand,13,55035,,"Eau Claire, WI",Security Financial Bank,Eau Claire,WI,2023_14222_2
54736,DIF,SM,United States,54724,STATE,20740,774,Wisconsin,01/02/1912,2023,State Agency,11,55,100.0,9,13893,United States,SECURITY FINANCIAL SERVICES CORPORATION,0,,0,709275,,Bloomer,ONE,CB,EXACT,,STATE,0,,0,212 W Prospect St,232,130243,2848804,17,14222,45.10210300102,WI,2,CALL,0,Chicago,450959,Bloomer Branch,1,,Chippewa,AGRICULTURAL,,,08/15/2014,0,3,1,WI,1,Wisconsin,9,FED,Minneapolis,828824,,0,1401 Main St,-91.4891179797655,,DURAND,55091,"Eau Claire-Menomonie, WI",Durand,13,55017,,"Eau Claire, WI",Security Financial Bank,Bloomer,WI,2023_14222_3
54736,DIF,SM,United States,54848,STATE,0,3612,Wisconsin,07/23/1920,2023,State Agency,11,55,100.0,9,13893,United States,SECURITY FINANCIAL SERVICES CORPORATION,0,,0,709275,,Ladysmith,ONE,CB,EXACT,,STATE,0,,0,212 W Prospect St,0,91008,2848804,107,14222,45.4639800197743,WI,2,CALL,0,Chicago,450959,Ladysmith Branch,0,,Rusk,AGRICULTURAL,,,07/14/2018,0,4,1,WI,1,Wisconsin,9,FED,Minneapolis,828824,,0,200 Miner Ave W,-91.1023880313627,,DURAND,55091,,Durand,13,55107,,,Security Financial Bank,Ladysmith,WI,2023_14222_4
54736,DIF,SM,United States,54611,STATE,0,233266,Wisconsin,10/08/1934,2023,State Agency,11,55,100.0,9,13893,United States,SECURITY FINANCIAL SERVICES CORPORATION,0,,0,709275,,Alma Center,ONE,CB,EXACT,,STATE,0,,0,212 W Prospect St,0,13634,2848804,53,14222,44.4368689807304,WI,2,CALL,0,Chicago,450959,Alma Center Branch,0,,Jackson,AGRICULTURAL,,,08/21/2021,0,5,1,WI,1,Wisconsin,9,FED,Minneapolis,828824,,0,141 W Main St,-90.9145400258315,,DURAND,55091,,Durand,13,55053,,,Security Financial Bank,Alma Center,WI,2023_14222_5
54736,DIF,SM,United States,54615,STATE,0,233270,Wisconsin,07/18/1996,2023,State Agency,11,55,US_Streets,9,13893,United States,SECURITY FINANCIAL SERVICES CORPORATION,0,,0,709275,,Black River Falls,ONE,CB,M,,STATE,0,,0,212 W Prospect St,0,2221,2848804,53,14222,44.29478,WI,2,CALL,0,Chicago,450959,Highway 54 Branch,0,,Jackson,AGRICULTURAL,,,08/21/2021,0,6,1,WI,1,Wisconsin,9,FED,Minneapolis,828824,,0,616 Highway 54 East,-90.854541,,DURAND,55091,,Durand,13,55053,,,Security Financial Bank,Black River Falls,WI,2023_14222_6
54736,DIF,SM,United States,54615,STATE,0,9494,Wisconsin,08/21/2021,2023,State Agency,11,55,100.0,9,13893,United States,SECURITY FINANCIAL SERVICES CORPORATION,0,,0,709275,,Black River Falls,ONE,CB,EXACT,,STATE,0,,0,212 W Prospect St,0,115157,2848804,53,14222,44.2946960191683,WI,2,CALL,0,Chicago,450959,Black River Falls Main Office Branch,0,,Jackson,AGRICULTURAL,,,08/21/2021,0,7,1,WI,1,Wisconsin,9,FED,Minneapolis,828824,,0,8 Main St,-90.8480110163093,,DURAND,55091,,Durand,13,55053,,,Security Financial Bank,Black River Falls,WI,2023_14222_7
54880,DIF,N,United States,54880,OCC,20260,8911,Wisconsin,02/07/1934,2023,Comptroller of the Currency,11,55,100.0,9,14585,United States,"NATCOM BANCSHARES,INC.",0,4,1075089,1075089,,Superior,ONE,CB,EXACT,M,FED,1,,0,1127 Tower Ave,228,419699,2665739,31,14266,46.7248200097702,WI,4,CALL,0,Chicago,775456,National Bank Of Commerce,1,,Douglas,COMMERCIAL LENDING,Western,,,0,0,1,WI,1,Wisconsin,9,OCC,Minneapolis,1265431,,0,1127 Tower Ave,-92.1050160341454,,SUPERIOR,55031,"Duluth-Grand Rapids, MN-WI",Superior,3,55031,,"Duluth, MN-WI",National Bank of Commerce,Superior,WI,2023_14266_0
54880,DIF,N,United States,54864,OCC,20260,356850,Wisconsin,01/03/2000,2023,Comptroller of the Currency,11,55,98.0,9,14585,United States,"NATCOM BANCSHARES,INC.",0,4,0,1075089,,Poplar,ONE,CB,Postal,,FED,0,,0,1127 Tower Ave,228,50435,2665739,31,14266,46.58306,WI,4,CALL,0,Chicago,775456,Poplar Branch,1,,Douglas,COMMERCIAL LENDING,Western,,01/01/2003,0,4,1,WI,1,Wisconsin,9,OCC,Minneapolis,1265431,,0,"Po Box 15, P.O. Box 15",-91.7888599,,SUPERIOR,55031,"Duluth-Grand Rapids, MN-WI",Superior,3,55031,,"Duluth, MN-WI",National Bank of Commerce,Poplar,WI,2023_14266_4
54880,DIF,N,United States,54873,OCC,20260,356852,Wisconsin,01/03/2000,2023,Comptroller of the Currency,11,55,98.0,9,14585,United States,"NATCOM BANCSHARES,INC.",0,4,0,1075089,,Solon Springs,ONE,CB,Postal,,FED,0,,0,1127 Tower Ave,228,40219,2665739,31,14266,46.35281,WI,4,CALL,0,Chicago,775456,Solon Springs Branch,1,,Douglas,COMMERCIAL LENDING,Western,,01/01/2003,0,5,1,WI,1,Wisconsin,9,OCC,Minneapolis,1265431,,0,"Po Box 279, P.O. Box 279",-91.81863,,SUPERIOR,55031,"Duluth-Grand Rapids, MN-WI",Superior,3,55031,,"Duluth, MN-WI",National Bank of Commerce,Solon Springs,WI,2023_14266_5
54880,DIF,N,United States,54880,OCC,20260,419351,Wisconsin,03/31/2003,2023,Comptroller of the Currency,11,55,100.0,9,14585,United States,"NATCOM BANCSHARES,INC.",0,4,0,1075089,,Superior,ONE,CB,EXACT,,FED,0,,0,1127 Tower Ave,228,65970,2665739,31,14266,46.7052410155094,WI,4,CALL,0,Chicago,775456,Midtown Branch,1,,Douglas,COMMERCIAL LENDING,Western,,,0,7,1,WI,1,Wisconsin,9,OCC,Minneapolis,1265431,,0,2822 Tower Ave,-92.1034219637995,,SUPERIOR,55031,"Duluth-Grand Rapids, MN-WI",Superior,3,55031,,"Duluth, MN-WI",National Bank of Commerce,Superior,WI,2023_14266_7
53803,DIF,NM,United States,53803,STATE,0,8943,Wisconsin,12/05/1894,2023,State Agency,11,55,100.0,9,0,United States,"BSB COMMUNITY BANCORPORATION, INC.",0,,70956,70956,,Benton,ONE,CB,EXACT,M,STATE,1,,0,42 W Main St,0,45464,2983246,65,14316,42.5700829795422,WI,2,CALL,0,Chicago,208347,The Benton State Bank,0,,Lafayette,AGRICULTURAL,,,,0,0,1,WI,1,Wisconsin,7,FDIC,Chicago,82298,,0,42 W Main St,-90.3816910415803,,BENTON,55065,,Benton,21,55065,,,The Benton State Bank,Benton,WI,2023_14316_0
53803,DIF,NM,United States,53586,STATE,0,334292,Wisconsin,06/12/1997,2023,State Agency,11,55,100.0,9,0,United States,"BSB COMMUNITY BANCORPORATION, INC.",0,,0,70956,,Shullsburg,ONE,CB,EXACT,,STATE,0,,0,42 W Main St,0,14696,2983246,65,14316,42.5752909912613,WI,2,CALL,0,Chicago,208347,Shullsburg Branch,0,,Lafayette,AGRICULTURAL,,,,0,1,1,WI,1,Wisconsin,7,FDIC,Chicago,82298,,0,195 Highway 11,-90.2368499945089,,BENTON,55065,,Benton,21,55065,,,The Benton State Bank,Shullsburg,WI,2023_14316_1
53803,DIF,NM,United States,53820,STATE,0,437946,Wisconsin,01/10/2005,2023,State Agency,11,55,100.0,9,0,United States,"BSB COMMUNITY BANCORPORATION, INC.",0,,0,70956,,Potosi,ONE,CB,StreetAddress,,STATE,0,,0,42 W Main St,0,10796,2983246,43,14316,42.6923651407825,WI,2,CALL,0,Chicago,208347,Potosi Branch,0,,Grant,AGRICULTURAL,,,,1,2,1,WI,1,Wisconsin,7,FDIC,Chicago,82298,,0,338 Highway 61,-90.693498047757,,BENTON,55065,,Benton,21,55043,,,The Benton State Bank,Potosi,WI,2023_14316_2
52002,DIF,NM,United States,53818,STATE,0,546610,Iowa,01/02/2014,2023,State Agency,11,55,98.0,11,10560,United States,FIDELITY COMPANY,0,,0,1581882,,Platteville,ONE,CB,Postal,,STATE,0,,0,4250 Asbury Rd,0,23148,1203778,43,14382,42.738125,IA,2,CALL,0,Kansas City,939249,Platteville Branch,0,,Grant,AGRICULTURAL,,,,1,20,1,WI,1,Wisconsin,7,FDIC,Chicago,1820242,,0,"Po Box 401, P. O. Box 401",-90.4801899999999,,DUBUQUE,19061,,Dubuque,21,55043,,,Fidelity Bank & Trust,Platteville,IA,2023_14382_20
52002,DIF,NM,United States,53821,STATE,0,614769,Iowa,03/01/2019,2023,State Agency,11,55,100.0,11,10560,United States,FIDELITY COMPANY,0,,0,1581882,,Prairie du Chien,ONE,CB,EXACT,,STATE,0,,0,4250 Asbury Rd,0,6314,1203778,23,14382,43.0524219866155,IA,2,CALL,0,Kansas City,939249,Prairie Du Chien,0,,Crawford,AGRICULTURAL,,,,0,24,1,WI,1,Wisconsin,7,FDIC,Chicago,1820242,,0,100 N Marquette Rd,-91.1405739705733,,DUBUQUE,19061,,Dubuque,21,55023,,,Fidelity Bank & Trust,Prairie Du Chien,IA,2023_14382_24
54486,DIF,N,United States,54486,OCC,0,8999,Wisconsin,05/19/1934,2023,Comptroller of the Currency,11,55,100.0,9,0,United States,"TIGERTON BANCORPORATION, INC.",0,4,24372,24372,,Tigerton,ONE,CB,EXACT,M,FED,1,,0,140 Cedar St,267,15843,1204720,115,14400,44.7404830133265,WI,7,CALL,0,Chicago,74449,First National Bank In Tigerton,0,,Shawano,OTHER < $1 BILLION,Western,,,1,0,1,WI,1,Wisconsin,7,OCC,Chicago,27952,,0,140 Cedar St,-89.0614879825439,,TIGERTON,55115,"Green Bay-Shawano, WI",Tigerton,3,55115,,,First National Bank in Tigerton,Tigerton,WI,2023_14400_0
54486,DIF,N,United States,54416,OCC,0,476059,Wisconsin,02/14/2008,2023,Comptroller of the Currency,11,55,100.0,9,0,United States,"TIGERTON BANCORPORATION, INC.",0,4,0,24372,,Bowler,ONE,CB,EXACT,,FED,0,,0,140 Cedar St,267,8529,1204720,115,14400,44.8652180120653,WI,7,CALL,0,Chicago,74449,Bowler Office,0,,Shawano,OTHER < $1 BILLION,Western,,,1,1,1,WI,1,Wisconsin,7,OCC,Chicago,27952,,0,104 E Railroad St,-88.9793760091902,,TIGERTON,55115,"Green Bay-Shawano, WI",Tigerton,3,55115,,,First National Bank in Tigerton,Bowler,WI,2023_14400_1
53925,DIF,NM,United States,53925,STATE,31540,9027,Wisconsin,09/05/1861,2023,State Agency,11,55,100.0,9,14748,United States,"JEWEL BOX FINANCIAL SERVICES, INC.",0,,354041,354041,,Columbus,ONE,CB,EXACT,"M,E",STATE,1,,0,159 W James St,357,128075,2653071,21,14445,43.3386719847744,WI,2,CALL,0,Chicago,51842,Farmers And Merchants Union Bank,1,,Columbia,AGRICULTURAL,,,,0,0,1,WI,1,Wisconsin,7,FDIC,Chicago,451665,,0,159 W James St,-89.0157549777142,,COLUMBUS,55021,"Madison-Janesville-Beloit, WI",Columbus,21,55021,,"Madison, WI",Farmers and Merchants Union Bank,Columbus,WI,2023_14445_0
53925,DIF,NM,United States,53935,STATE,31540,231495,Wisconsin,10/16/1939,2023,State Agency,11,55,100.0,9,14748,United States,"JEWEL BOX FINANCIAL SERVICES, INC.",0,,0,354041,,Friesland,ONE,CB,EXACT,E,STATE,0,,0,159 W James St,357,47333,2653071,21,14445,43.5884089877775,WI,2,CALL,0,Chicago,51842,Friesland Branch,1,,Columbia,AGRICULTURAL,,,,0,1,1,WI,1,Wisconsin,7,FDIC,Chicago,451665,,0,114 W Winnebago St,-89.0677989689018,,COLUMBUS,55021,"Madison-Janesville-Beloit, WI",Columbus,21,55021,,"Madison, WI",Farmers and Merchants Union Bank,Friesland,WI,2023_14445_1
53925,DIF,NM,United States,53925,STATE,31540,231496,Wisconsin,03/21/1994,2023,State Agency,11,55,100.0,9,14748,United States,"JEWEL BOX FINANCIAL SERVICES, INC.",0,,0,354041,,Columbus,ONE,CB,EXACT,E,STATE,0,,0,159 W James St,357,128075,2653071,21,14445,43.3460059824148,WI,2,CALL,0,Chicago,51842,Industrial Drive Branch,1,,Columbia,AGRICULTURAL,,,,0,2,1,WI,1,Wisconsin,7,FDIC,Chicago,451665,,0,104 Industrial Dr,-89.0286220372788,,COLUMBUS,55021,"Madison-Janesville-Beloit, WI",Columbus,21,55021,,"Madison, WI",Farmers and Merchants Union Bank,Columbus,WI,2023_14445_2
53925,DIF,NM,United States,53039,STATE,0,366289,Wisconsin,02/24/2003,2023,State Agency,11,55,96.91,9,14748,United States,"JEWEL BOX FINANCIAL SERVICES, INC.",0,,0,354041,,Juneau,ONE,CB,StreetName,E,STATE,0,,0,159 W James St,376,21549,2653071,27,14445,43.4093535,WI,2,CALL,0,Chicago,51842,New Juneau Branch,0,,Dodge,AGRICULTURAL,,,,1,3,1,WI,1,Wisconsin,7,FDIC,Chicago,451665,,0,198 North Western Avenue,-88.71382125,,COLUMBUS,55021,"Milwaukee-Racine-Waukesha, WI",Columbus,21,55027,,,Farmers and Merchants Union Bank,Juneau,WI,2023_14445_3
53925,DIF,NM,United States,53932,STATE,31540,466130,Wisconsin,04/24/2007,2023,State Agency,11,55,100.0,9,14748,United States,"JEWEL BOX FINANCIAL SERVICES, INC.",0,,0,354041,,Fall River,ONE,CB,EXACT,E,STATE,0,,0,159 W James St,357,12453,2653071,21,14445,43.3809870171272,WI,2,CALL,0,Chicago,51842,Farmers & Merchants Union Bank Branch,1,,Columbia,AGRICULTURAL,,,,0,4,1,WI,1,Wisconsin,7,FDIC,Chicago,451665,,0,637 S Main St,-89.0579349776068,,COLUMBUS,55021,"Madison-Janesville-Beloit, WI",Columbus,21,55021,,"Madison, WI",Farmers and Merchants Union Bank,Fall River,WI,2023_14445_4
53925,DIF,NM,United States,53960,STATE,31540,556652,Wisconsin,12/02/2013,2023,State Agency,11,55,100.0,9,14748,United States,"JEWEL BOX FINANCIAL SERVICES, INC.",0,,0,354041,,Rio,ONE,CB,EXACT,E,STATE,0,,0,159 W James St,357,16556,2653071,21,14445,43.4433679904059,WI,2,CALL,0,Chicago,51842,Rio Branch,1,,Columbia,AGRICULTURAL,,,,0,5,1,WI,1,Wisconsin,7,FDIC,Chicago,451665,,0,575 S Lowville Rd,-89.2450749637769,,COLUMBUS,55021,"Madison-Janesville-Beloit, WI",Columbus,21,55021,,"Madison, WI",Farmers and Merchants Union Bank,Rio,WI,2023_14445_5
53530,DIF,N,United States,53530,OCC,0,9039,Wisconsin,06/15/1934,2023,Comptroller of the Currency,11,55,100.0,9,0,,,0,4,155285,155285,,Darlington,NONE,CB,EXACT,M,FED,1,,0,245 Main St,0,120625,0,65,14468,42.679062011968,WI,2,CALL,0,Chicago,57040,First National Bank At Darlington,0,,Lafayette,AGRICULTURAL,Western,,,0,0,1,WI,1,Wisconsin,7,OCC,Chicago,183445,,0,245 Main St,-90.117471995818,,,55065,,Darlington,3,55065,,,First National Bank at Darlington,Darlington,,2023_14468_0
53530,DIF,N,United States,53541,OCC,0,5535,Wisconsin,02/15/1902,2023,Comptroller of the Currency,11,55,100.0,9,0,,,0,4,0,155285,,Gratiot,NONE,CB,POINTADDRESS,,FED,0,,0,245 Main St,0,34660,0,65,14468,42.5805368018064,WI,2,CALL,0,Chicago,57040,First National Bank At Darlington-Gratiot Branch,0,,Lafayette,AGRICULTURAL,Western,,10/24/2015,0,1,1,WI,1,Wisconsin,7,OCC,Chicago,183445,,0,5800 Phillips Street,-90.0296370106185,,,55065,,Darlington,3,55065,,,First National Bank at Darlington,Gratiot,,2023_14468_1
54669,DIF,NM,United States,54669,STATE,29100,9097,Wisconsin,08/25/1903,2023,State Agency,11,55,100.0,9,0,,,0,,90760,90760,,West Salem,NONE,CB,EXACT,M,STATE,1,,0,120 Mill St S,317,72304,0,63,14560,43.8964360085765,WI,8,CALL,0,Chicago,903754,Union State Bank,1,,La Crosse,ALL OTHER < $1 BILLION,,,,0,0,1,WI,1,Wisconsin,9,FDIC,Minneapolis,111568,,0,120 Mill St S,-91.0802850365081,,,55063,"La Crosse-Onalaska-Sparta, WI-MN",West Salem,21,55063,,"La Crosse-Onalaska, WI-MN",Union State Bank,West Salem,,2023_14560_0
54669,DIF,NM,United States,54669,STATE,29100,442364,Wisconsin,06/02/2003,2023,State Agency,11,55,US_Zipcode,9,0,,,0,,0,90760,,West Salem,NONE,CB,M,,STATE,0,,0,120 Mill St S,317,18456,0,63,14560,43.904709,WI,8,CALL,0,Chicago,903754,Union Station Branch,1,,La Crosse,ALL OTHER < $1 BILLION,,,,0,1,1,WI,1,Wisconsin,9,FDIC,Minneapolis,111568,,0,Hwy 16 and Cty M,-91.089277,,,55063,"La Crosse-Onalaska-Sparta, WI-MN",West Salem,21,55063,,"La Crosse-Onalaska, WI-MN",Union State Bank,West Salem,,2023_14560_1
53578,DIF,NM,United States,53578,STATE,0,9166,Wisconsin,03/22/1916,2023,State Agency,11,55,100.0,9,0,United States,PLOETZ INVESTMENTS LIMITED PARTNERSHIP,0,,490679,490679,,Prairie du Sac,ONE,CB,EXACT,M,STATE,1,,0,555 Park Ave,357,490679,2658496,111,14660,43.2913840111771,WI,4,CALL,0,Chicago,997847,Bank Of Prairie Du Sac,0,,Sauk,COMMERCIAL LENDING,,,,1,0,1,WI,1,Wisconsin,7,FDIC,Chicago,571183,,0,555 Park Ave,-89.722624006552,,PRAIRIE DU SAC,55111,"Madison-Janesville-Beloit, WI",Prairie Du Sac,21,55111,,,Bank of Prairie du Sac,Prairie Du Sac,WI,2023_14660_0
53578,DIF,NM,United States,53583,STATE,0,231892,Wisconsin,08/22/1991,2023,State Agency,11,55,100.0,9,0,United States,PLOETZ INVESTMENTS LIMITED PARTNERSHIP,0,,0,490679,,Sauk City,ONE,CB,EXACT,C,STATE,0,2,0,555 Park Ave,357,0,2658496,111,14660,43.2718700185753,WI,4,CALL,0,Chicago,997847,Sauk City Branch,0,,Sauk,COMMERCIAL LENDING,,,,1,1,1,WI,1,Wisconsin,7,FDIC,Chicago,571183,,0,865 Phillips Blvd,-89.7386969764432,,PRAIRIE DU SAC,55111,"Madison-Janesville-Beloit, WI",Prairie Du Sac,21,55111,,,Bank of Prairie du Sac,Sauk City,WI,2023_14660_1
53718,DIF,NM,United States,53718,STATE,31540,9237,Wisconsin,06/29/1922,2023,State Agency,11,55,100.0,9,10002,United States,"DMB CORPORATION, INC.",0,,715278,715278,,Madison,ONE,CB,EXACT,M,STATE,1,,0,10 Terrace Ct,357,13235,1135628,25,14769,43.1432370157648,WI,4,CALL,0,Chicago,56548,Dmb Community Bank,1,,Dane,COMMERCIAL LENDING,,,,0,0,1,WI,1,Wisconsin,7,FDIC,Chicago,828467,,0,10 Terrace Ct,-89.2985950081137,,DE FOREST,55025,"Madison-Janesville-Beloit, WI",Madison,21,55025,,"Madison, WI",DMB Community Bank,Madison,WI,2023_14769_0
53718,DIF,NM,United States,53532,STATE,31540,657289,Wisconsin,03/16/2023,2023,State Agency,11,55,100.0,9,10002,United States,"DMB CORPORATION, INC.",0,,0,715278,,DeForest,ONE,CB,EXACT,,STATE,0,,0,10 Terrace Ct,357,702043,1135628,25,14769,43.250623989501,WI,4,CALL,0,Chicago,56548,Deforest Branch,1,,Dane,COMMERCIAL LENDING,,,,0,4,1,WI,1,Wisconsin,7,FDIC,Chicago,828467,,0,321 N Main St,-89.343174998343,,DE FOREST,55025,"Madison-Janesville-Beloit, WI",Madison,21,55025,,"Madison, WI",DMB Community Bank,Deforest,WI,2023_14769_4
52240,DIF,NM,United States,54016,STATE,33460,10143,Iowa,07/08/1879,2023,State Agency,11,55,100.0,11,10044,United States,"MIDWESTONE FINANCIAL GROUP, INC.",0,,0,5457901,,Hudson,ONE,CB,POSTAL,,STATE,0,,0,102 S Clinton St,378,101093,1245228,109,14843,44.974690189102,IA,4,CALL,0,Kansas City,836843,Hudson - Branch 41,1,,St. Croix,COMMERCIAL LENDING,,,04/01/2016,0,46,0,WI,1,Wisconsin,7,FDIC,Chicago,6516907,,0,404 Country Road Uu,-92.6890305417253,,IOWA CITY,19103,"Minneapolis-St. Paul, MN-WI",Iowa City,21,55109,,"Minneapolis-St. Paul-Bloomington, MN-WI",MidWestOne Bank,Hudson,IA,2023_14843_46
52240,DIF,NM,United States,54020,STATE,0,9620,Iowa,01/01/1894,2023,State Agency,11,55,100.0,11,10044,United States,"MIDWESTONE FINANCIAL GROUP, INC.",0,,0,5457901,,Osceola,ONE,CB,EXACT,,STATE,0,,0,102 S Clinton St,0,140156,1245228,95,14843,45.3221220082241,IA,4,CALL,0,Kansas City,836843,Osceola - Branch 40,0,,Polk,COMMERCIAL LENDING,,,04/01/2016,0,50,0,WI,1,Wisconsin,7,FDIC,Chicago,6516907,,0,304 N Cascade St,-92.7047950181667,,IOWA CITY,19103,,Iowa City,21,55095,,,MidWestOne Bank,Osceola,IA,2023_14843_50
52240,DIF,NM,United States,54024,STATE,0,233568,Iowa,12/15/1995,2023,State Agency,11,55,100.0,11,10044,United States,"MIDWESTONE FINANCIAL GROUP, INC.",0,,0,5457901,,Saint Croix Falls,ONE,CB,EXACT,,STATE,0,,0,102 S Clinton St,0,66120,1245228,95,14843,45.3981249990864,IA,4,CALL,0,Kansas City,836843,St Croix Falls - Branch 30,0,,Polk,COMMERCIAL LENDING,,,04/01/2016,0,52,0,WI,1,Wisconsin,7,FDIC,Chicago,6516907,,0,2183 Us Highway 8,-92.607912035942,,IOWA CITY,19103,,Iowa City,21,55095,,,MidWestOne Bank,Saint Croix Falls,IA,2023_14843_52
52240,DIF,NM,United States,53807,STATE,0,4167,Iowa,10/03/1903,2023,State Agency,11,55,100.0,11,10044,United States,"MIDWESTONE FINANCIAL GROUP, INC.",0,,0,5457901,,Cuba City,ONE,CB,EXACT,,STATE,0,,0,102 S Clinton St,0,50222,1245228,43,14843,42.6066020096683,IA,4,CALL,0,Kansas City,836843,Cuba City - Branch 03,0,,Grant,COMMERCIAL LENDING,,,05/01/2019,1,70,0,WI,1,Wisconsin,7,FDIC,Chicago,6516907,,0,100 N Main St,-90.430465000882,,IOWA CITY,19103,,Iowa City,21,55043,,,MidWestOne Bank,Cuba City,IA,2023_14843_70
52240,DIF,NM,United States,53813,STATE,0,362789,Iowa,10/29/2001,2023,State Agency,11,55,100.0,11,10044,United States,"MIDWESTONE FINANCIAL GROUP, INC.",0,,0,5457901,,Lancaster,ONE,CB,EXACT,,STATE,0,,0,102 S Clinton St,0,33023,1245228,43,14843,42.8495409958295,IA,4,CALL,0,Kansas City,836843,Lancaster - Branch 05,0,,Grant,COMMERCIAL LENDING,,,05/01/2019,1,72,0,WI,1,Wisconsin,7,FDIC,Chicago,6516907,,0,235 N Madison St,-90.7093159997413,,IOWA CITY,19103,,Iowa City,21,55043,,,MidWestOne Bank,Lancaster,IA,2023_14843_72
52240,DIF,NM,United States,53809,STATE,0,419359,Iowa,02/18/2003,2023,State Agency,11,55,100.0,11,10044,United States,"MIDWESTONE FINANCIAL GROUP, INC.",0,,0,5457901,,Fennimore,ONE,CB,EXACT,,STATE,0,,0,102 S Clinton St,0,46216,1245228,43,14843,42.9823579932481,IA,4,CALL,0,Kansas City,836843,Fennimore - Branch 06,0,,Grant,COMMERCIAL LENDING,,,05/01/2019,1,73,0,WI,1,Wisconsin,7,FDIC,Chicago,6516907,,0,1055 Lincoln Ave,-90.655301004022,,IOWA CITY,19103,,Iowa City,21,55043,,,MidWestOne Bank,Fennimore,IA,2023_14843_73
52240,DIF,NM,United States,53818,STATE,0,452599,Iowa,07/17/2006,2023,State Agency,11,55,100.0,11,10044,United States,"MIDWESTONE FINANCIAL GROUP, INC.",0,,0,5457901,,Platteville,ONE,CB,StreetAddress,,STATE,0,,0,102 S Clinton St,0,37603,1245228,43,14843,42.7318350086914,IA,4,CALL,0,Kansas City,836843,Platteville - Branch 08,0,,Grant,COMMERCIAL LENDING,,,05/01/2019,1,74,0,WI,1,Wisconsin,7,FDIC,Chicago,6516907,,0,130 Mcgregor Plz,-90.4771456166149,,IOWA CITY,19103,,Iowa City,21,55043,,,MidWestOne Bank,Platteville,IA,2023_14843_74
54406,DIF,NM,United States,54406,STATE,0,9334,Wisconsin,04/01/1893,2023,State Agency,11,55,100.0,9,14534,,,1,,83222,83222,,Amherst,NONE,CB,EXACT,M,STATE,1,,0,103 S Main St,554,83222,0,97,14907,44.4507030185548,WI,8,CALL,0,Chicago,504647,The International Bank Of Amherst,0,,Portage,ALL OTHER < $1 BILLION,,,,1,0,1,WI,1,Wisconsin,7,FDIC,Chicago,95575,,0,103 S Main St,-89.2853360107566,,,55097,"Wausau-Stevens Point-Wisconsin Rapids, WI",Amherst,21,55097,,,The International Bank of Amherst,Amherst,,2023_14907_0
54871,DIF,NM,United States,54871,STATE,0,9338,Wisconsin,11/16/1916,2023,State Agency,11,55,100.0,9,13881,United States,"SHELL LAKE BANCORP, INC.",0,,264769,264769,,Shell Lake,ONE,CB,EXACT,M,STATE,1,,0,102 W 5th Ave,0,102766,1139251,129,14911,45.7428179847741,WI,8,CALL,0,Chicago,896155,Shell Lake State Bank,0,,Washburn,ALL OTHER < $1 BILLION,,,,0,0,1,WI,1,Wisconsin,9,FDIC,Minneapolis,311672,,0,102 W 5th Ave,-91.9256630036634,,SHELL LAKE,55129,,Shell Lake,21,55129,,,Shell Lake State Bank,Shell Lake,WI,2023_14911_0
54871,DIF,NM,United States,54801,STATE,0,232400,Wisconsin,10/18/1990,2023,State Agency,11,55,100.0,9,13881,United States,"SHELL LAKE BANCORP, INC.",0,,0,264769,,Spooner,ONE,CB,EXACT,,STATE,0,,0,102 W 5th Ave,0,103846,1139251,129,14911,45.8246950133819,WI,8,CALL,0,Chicago,896155,Spooner Branch,0,,Washburn,ALL OTHER < $1 BILLION,,,,0,2,1,WI,1,Wisconsin,9,FDIC,Minneapolis,311672,,0,219 N River St,-91.8899499773467,,SHELL LAKE,55129,,Shell Lake,21,55129,,,Shell Lake State Bank,Spooner,WI,2023_14911_2
54871,DIF,NM,United States,54876,STATE,0,552023,Wisconsin,04/23/2014,2023,State Agency,11,55,90.54,9,13881,United States,"SHELL LAKE BANCORP, INC.",0,,0,264769,,Stone Lake,ONE,CB,STREETNAME,,STATE,0,,0,102 W 5th Ave,0,19481,1139251,113,14911,45.8447299307428,WI,8,CALL,0,Chicago,896155,Stone Lake Wi Branch,0,,Sawyer,ALL OTHER < $1 BILLION,,,,0,3,1,WI,1,Wisconsin,9,FDIC,Minneapolis,311672,,0,5836 North 1st Street,-91.5368368349512,,SHELL LAKE,55129,,Shell Lake,21,55113,,,Shell Lake State Bank,Stone Lake,WI,2023_14911_3
54871,DIF,NM,United States,54859,STATE,0,552025,Wisconsin,04/24/2014,2023,State Agency,11,55,100.0,9,13881,United States,"SHELL LAKE BANCORP, INC.",0,,0,264769,,Minong,ONE,CB,EXACT,,STATE,0,,0,102 W 5th Ave,0,25880,1139251,129,14911,46.1001539817546,WI,8,CALL,0,Chicago,896155,Minong Wi Branch,0,,Washburn,ALL OTHER < $1 BILLION,,,,0,4,1,WI,1,Wisconsin,9,FDIC,Minneapolis,311672,,0,401 5th Ave,-91.8254030364684,,SHELL LAKE,55129,,Shell Lake,21,55129,,,Shell Lake State Bank,Minong,WI,2023_14911_4
54871,DIF,NM,United States,54843,STATE,0,632121,Wisconsin,03/08/2021,2023,State Agency,11,55,100.0,9,13881,United States,"SHELL LAKE BANCORP, INC.",0,,0,264769,,Hayward,ONE,CB,EXACT,,STATE,0,,0,102 W 5th Ave,0,12796,1139251,113,14911,46.0125799831061,WI,8,CALL,0,Chicago,896155,Shell Lake State Bank - Hayward Branch,0,,Sawyer,ALL OTHER < $1 BILLION,,,,0,6,1,WI,1,Wisconsin,9,FDIC,Minneapolis,311672,,0,15818 Railroad Street,-91.4837500413338,,SHELL LAKE,55129,,Shell Lake,21,55113,,,Shell Lake State Bank,Hayward,WI,2023_14911_6
54207,DIF,NM,United States,54207,STATE,0,9341,Wisconsin,01/01/1914,2023,State Agency,11,55,100.0,9,0,United States,"COMMUNITY CAPITAL BANCORP, INC.",0,,170035,170035,,Collins,ONE,CB,EXACT,"M,E",STATE,1,,0,20741 County Road JJ,0,34883,5617805,71,14914,44.0839219997096,WI,4,CALL,0,Chicago,219044,Collins State Bank,0,,Manitowoc,COMMERCIAL LENDING,,,,1,0,1,WI,1,Wisconsin,7,FDIC,Chicago,210026,,0,20741 County Road JJ,-87.9788109604171,,MENOMONEE FALLS,55071,,Collins,21,55071,,,Collins State Bank,Collins,WI,2023_14914_0
54207,DIF,NM,United States,53075,STATE,43100,358655,Wisconsin,08/21/2000,2023,State Agency,11,55,100.0,9,0,United States,"COMMUNITY CAPITAL BANCORP, INC.",0,,0,170035,,Random Lake,ONE,CB,EXACT,E,STATE,0,,0,20741 County Road JJ,0,40448,5617805,117,14914,43.5526589972678,WI,4,CALL,0,Chicago,219044,Random Lake Branch,1,,Sheboygan,COMMERCIAL LENDING,,,12/07/2009,0,2,1,WI,1,Wisconsin,7,FDIC,Chicago,210026,,0,302 E Towne Dr,-87.9422610010683,,MENOMONEE FALLS,55071,,Collins,21,55117,,"Sheboygan, WI",Collins State Bank,Random Lake,WI,2023_14914_2
54207,DIF,NM,United States,53042,STATE,0,543349,Wisconsin,05/28/2013,2023,State Agency,11,55,100.0,9,0,United States,"COMMUNITY CAPITAL BANCORP, INC.",0,,0,170035,,Kiel,ONE,CB,EXACT,E,STATE,0,,0,20741 County Road JJ,0,38582,5617805,71,14914,43.9172289957838,WI,4,CALL,0,Chicago,219044,Kiel Wi Branch,0,,Manitowoc,COMMERCIAL LENDING,,,,1,3,1,WI,1,Wisconsin,7,FDIC,Chicago,210026,,0,913 Service Rd,-88.0233470294733,,MENOMONEE FALLS,55071,,Collins,21,55071,,,Collins State Bank,Kiel,WI,2023_14914_3
54207,DIF,NM,United States,54110,STATE,11540,589865,Wisconsin,12/27/2016,2023,State Agency,11,55,100.0,9,0,United States,"COMMUNITY CAPITAL BANCORP, INC.",0,,0,170035,,Brillion,ONE,CB,EXACT,E,STATE,0,,0,20741 County Road JJ,118,19635,5617805,15,14914,44.1740000081128,WI,4,CALL,0,Chicago,219044,Brillion Branch,1,,Calumet,COMMERCIAL LENDING,,,,0,4,1,WI,1,Wisconsin,7,FDIC,Chicago,210026,,0,314 S Main St,-88.0638280175924,,MENOMONEE FALLS,55071,"Appleton-Oshkosh-Neenah, WI",Collins,21,55015,,"Appleton, WI",Collins State Bank,Brillion,WI,2023_14914_4
54207,DIF,NM,United States,53051,STATE,33340,640969,Wisconsin,12/01/2021,2023,State Agency,11,55,99.99,9,0,United States,"COMMUNITY CAPITAL BANCORP, INC.",0,,0,170035,,Menomonee Falls,ONE,CB,EXACT,E,STATE,0,,0,20741 County Road JJ,376,36487,5617805,133,14914,43.1607329813581,WI,4,CALL,0,Chicago,219044,Menomonee Falls Branch,1,,Waukesha,COMMERCIAL LENDING,,,,0,5,1,WI,1,Wisconsin,7,FDIC,Chicago,210026,,0,N78 W14651 Appleton Ave.,-88.0923460182233,,MENOMONEE FALLS,55071,"Milwaukee-Racine-Waukesha, WI",Collins,21,55133,,"Milwaukee-Waukesha, WI",Collins State Bank,Menomonee Falls,WI,2023_14914_5
53579,DIF,NM,United States,53579,STATE,0,9371,Wisconsin,01/01/1902,2023,State Agency,11,55,100.0,9,0,United States,"RW BANCORP., LTD.",0,,86548,86548,,Reeseville,ONE,CB,EXACT,M,STATE,1,,0,203 S Main St,376,54298,2629834,27,14960,43.3033120042194,WI,2,CALL,0,Chicago,159645,State Bank Of Reeseville,0,,Dodge,AGRICULTURAL,,,,1,0,1,WI,1,Wisconsin,7,FDIC,Chicago,131298,,0,203 S Main St,-88.8461419701791,,REESEVILLE,55027,"Milwaukee-Racine-Waukesha, WI",Reeseville,21,55027,,,State Bank of Reeseville,Reeseville,WI,2023_14960_0
53579,DIF,NM,United States,53098,STATE,0,232576,Wisconsin,09/08/1994,2023,State Agency,11,55,100.0,9,0,United States,"RW BANCORP., LTD.",0,,0,86548,,Watertown,ONE,CB,EXACT,,STATE,0,,0,203 S Main St,376,32250,2629834,27,14960,43.1981720091767,WI,2,CALL,0,Chicago,159645,Watertown Branch,0,,Dodge,AGRICULTURAL,,,,1,2,1,WI,1,Wisconsin,7,FDIC,Chicago,131298,,0,1312 W Main St,-88.7575160007726,,REESEVILLE,55027,"Milwaukee-Racine-Waukesha, WI",Reeseville,21,55027,,,State Bank of Reeseville,Watertown,WI,2023_14960_2
54658,DIF,NM,United States,54658,STATE,29100,9398,Wisconsin,10/11/1911,2023,State Agency,11,55,100.0,9,12843,United States,RIVER HOLDING COMPANY,0,,769258,769258,,Stoddard,MULT,CB,EXACT,M,STATE,1,,0,145 N Main St,317,18308,2486813,123,14995,43.6629609873812,WI,4,CALL,0,Chicago,279842,River Bank,1,,Vernon,COMMERCIAL LENDING,,,,0,0,1,WI,1,Wisconsin,7,FDIC,Chicago,1073106,,0,145 N Main St,-91.2192379642368,,STODDARD,55123,"La Crosse-Onalaska-Sparta, WI-MN",Stoddard,21,55123,,"La Crosse-Onalaska, WI-MN",River Bank,Stoddard,WI,2023_14995_0
54658,DIF,NM,United States,54628,STATE,0,9197,Wisconsin,07/24/1911,2023,State Agency,11,55,100.0,9,12843,United States,RIVER HOLDING COMPANY,0,,0,769258,,Ferryville,MULT,CB,EXACT,,STATE,0,,0,145 N Main St,0,16876,2486813,23,14995,43.3485980021528,WI,4,CALL,0,Chicago,279842,Ferryville Branch,0,,Crawford,COMMERCIAL LENDING,,,06/30/1991,0,1,1,WI,1,Wisconsin,7,FDIC,Chicago,1073106,,0,161 Main St,-91.0982519812408,,STODDARD,55123,,Stoddard,21,55023,,,River Bank,Ferryville,WI,2023_14995_1
54658,DIF,NM,United States,54667,STATE,29100,470113,Wisconsin,12/28/2007,2023,State Agency,11,55,100.0,9,12843,United States,RIVER HOLDING COMPANY,0,,0,769258,,Westby,MULT,CB,EXACT,,STATE,0,,0,145 N Main St,317,28646,2486813,123,14995,43.6435010161453,WI,4,CALL,0,Chicago,279842,Westby Branch,1,,Vernon,COMMERCIAL LENDING,,,,0,10,1,WI,1,Wisconsin,7,FDIC,Chicago,1073106,,0,101 Stenslien St,-90.8646060111302,,STODDARD,55123,"La Crosse-Onalaska-Sparta, WI-MN",Stoddard,21,55123,,"La Crosse-Onalaska, WI-MN",River Bank,Westby,WI,2023_14995_10
54658,DIF,NM,United States,54623,STATE,29100,513460,Wisconsin,10/22/2010,2023,State Agency,11,55,100.0,9,12843,United States,RIVER HOLDING COMPANY,0,,0,769258,,Coon Valley,MULT,CB,EXACT,,STATE,0,,0,145 N Main St,317,19344,2486813,123,14995,43.7021160003273,WI,4,CALL,0,Chicago,279842,Coon Valley Branch,1,,Vernon,COMMERCIAL LENDING,,,,0,11,1,WI,1,Wisconsin,7,FDIC,Chicago,1073106,,0,300 Central Ave,-91.0160609665402,,STODDARD,55123,"La Crosse-Onalaska-Sparta, WI-MN",Stoddard,21,55123,,"La Crosse-Onalaska, WI-MN",River Bank,Coon Valley,WI,2023_14995_11
54658,DIF,NM,United States,54656,STATE,0,3590,Wisconsin,01/01/1934,2023,State Agency,11,55,100.0,9,12843,United States,RIVER HOLDING COMPANY,0,,0,769258,,Sparta,MULT,CB,EXACT,,STATE,0,,0,145 N Main St,317,137342,2486813,81,14995,43.9436060068866,WI,4,CALL,0,Chicago,279842,Downtown Sparta Branch,0,,Monroe,COMMERCIAL LENDING,,,01/01/2020,1,12,1,WI,1,Wisconsin,7,FDIC,Chicago,1073106,,0,124 W Oak St,-90.8120629614275,,STODDARD,55123,"La Crosse-Onalaska-Sparta, WI-MN",Stoddard,21,55081,,,River Bank,Sparta,WI,2023_14995_12
54658,DIF,NM,United States,54660,STATE,0,619620,Wisconsin,01/01/2020,2023,State Agency,11,55,100.0,9,12843,United States,RIVER HOLDING COMPANY,0,,0,769258,,Tomah,MULT,CB,EXACT,,STATE,0,,0,145 N Main St,317,19305,2486813,81,14995,43.9746729861827,WI,4,CALL,0,Chicago,279842,Union Bank Br,0,,Monroe,COMMERCIAL LENDING,,,,1,14,1,WI,1,Wisconsin,7,FDIC,Chicago,1073106,,0,1301 Superior Ave,-90.5052149810387,,STODDARD,55123,"La Crosse-Onalaska-Sparta, WI-MN",Stoddard,21,55081,,,River Bank,Tomah,WI,2023_14995_14
54658,DIF,NM,United States,54669,STATE,29100,629470,Wisconsin,11/09/2020,2023,State Agency,11,55,100.0,9,12843,United States,RIVER HOLDING COMPANY,0,,0,769258,,West Salem,MULT,CB,EXACT,,STATE,0,,0,145 N Main St,317,8150,2486813,63,14995,43.8981499820473,WI,4,CALL,0,Chicago,279842,Leonard Street Branch,1,,La Crosse,COMMERCIAL LENDING,,,,0,15,1,WI,1,Wisconsin,7,FDIC,Chicago,1073106,,0,204 Leonard St N,-91.0815470158502,,STODDARD,55123,"La Crosse-Onalaska-Sparta, WI-MN",Stoddard,21,55063,,"La Crosse-Onalaska, WI-MN",River Bank,West Salem,WI,2023_14995_15
54658,DIF,NM,United States,54624,STATE,29100,8484,Wisconsin,01/26/1904,2023,State Agency,11,55,100.0,9,12843,United States,RIVER HOLDING COMPANY,0,,0,769258,,De Soto,MULT,CB,EXACT,,STATE,0,,0,145 N Main St,317,15117,2486813,123,14995,43.4222929940663,WI,4,CALL,0,Chicago,279842,De Soto Branch,1,,Vernon,COMMERCIAL LENDING,,,06/30/1991,0,2,1,WI,1,Wisconsin,7,FDIC,Chicago,1073106,,0,88 Crawford St,-91.1990919761355,,STODDARD,55123,"La Crosse-Onalaska-Sparta, WI-MN",Stoddard,21,55123,,"La Crosse-Onalaska, WI-MN",River Bank,De Soto,WI,2023_14995_2
54658,DIF,NM,United States,54601,STATE,29100,232714,Wisconsin,09/01/1993,2023,State Agency,11,55,100.0,9,12843,United States,RIVER HOLDING COMPANY,0,,0,769258,,La Crosse,MULT,CB,EXACT,,STATE,0,,0,145 N Main St,317,258727,2486813,63,14995,43.7701110047149,WI,4,CALL,0,Chicago,279842,La Crosse Branch,1,,La Crosse,COMMERCIAL LENDING,,,,0,3,1,WI,1,Wisconsin,7,FDIC,Chicago,1073106,,0,4401 Mormon Coulee Rd,-91.2140319641745,,STODDARD,55123,"La Crosse-Onalaska-Sparta, WI-MN",Stoddard,21,55063,,"La Crosse-Onalaska, WI-MN",River Bank,La Crosse,WI,2023_14995_3
54658,DIF,NM,United States,54636,STATE,29100,232715,Wisconsin,11/11/1996,2023,State Agency,11,55,100.0,9,12843,United States,RIVER HOLDING COMPANY,0,,0,769258,,Holmen,MULT,CB,EXACT,,STATE,0,,0,145 N Main St,317,46403,2486813,63,14995,43.9241449879129,WI,4,CALL,0,Chicago,279842,Holmen Branch,1,,La Crosse,COMMERCIAL LENDING,,,,0,4,1,WI,1,Wisconsin,7,FDIC,Chicago,1073106,,0,4000 Corporate Dr,-91.2458629958545,,STODDARD,55123,"La Crosse-Onalaska-Sparta, WI-MN",Stoddard,21,55063,,"La Crosse-Onalaska, WI-MN",River Bank,Holmen,WI,2023_14995_4
54658,DIF,NM,United States,54656,STATE,0,232716,Wisconsin,11/08/1999,2023,State Agency,11,55,100.0,9,12843,United States,RIVER HOLDING COMPANY,0,,0,769258,,Sparta,MULT,CB,EXACT,,STATE,0,,0,145 N Main St,317,89514,2486813,81,14995,43.9378349827313,WI,4,CALL,0,Chicago,279842,Sparta Branch,0,,Monroe,COMMERCIAL LENDING,,,,1,5,1,WI,1,Wisconsin,7,FDIC,Chicago,1073106,,0,900 Maple Ave,-90.8222299585222,,STODDARD,55123,"La Crosse-Onalaska-Sparta, WI-MN",Stoddard,21,55081,,,River Bank,Sparta,WI,2023_14995_5
54658,DIF,NM,United States,54603,STATE,29100,428172,Wisconsin,05/03/2004,2023,State Agency,11,55,100.0,9,12843,United States,RIVER HOLDING COMPANY,0,,0,769258,,La Crosse,MULT,CB,EXACT,,STATE,0,,0,145 N Main St,317,57195,2486813,63,14995,43.8411069818964,WI,4,CALL,0,Chicago,279842,La Crosse Branch,1,,La Crosse,COMMERCIAL LENDING,,,,0,6,1,WI,1,Wisconsin,7,FDIC,Chicago,1073106,,0,1232 Rose St,-91.247732998453,,STODDARD,55123,"La Crosse-Onalaska-Sparta, WI-MN",Stoddard,21,55063,,"La Crosse-Onalaska, WI-MN",River Bank,La Crosse,WI,2023_14995_6
54658,DIF,NM,United States,54614,STATE,29100,8666,Wisconsin,07/05/1910,2023,State Agency,11,55,100.0,9,12843,United States,RIVER HOLDING COMPANY,0,,0,769258,,Bangor,MULT,CB,EXACT,,STATE,0,,0,145 N Main St,317,51549,2486813,63,14995,43.892202015916,WI,4,CALL,0,Chicago,279842,Farmers State BankBranch,1,,La Crosse,COMMERCIAL LENDING,,,10/01/2005,0,7,1,WI,1,Wisconsin,7,FDIC,Chicago,1073106,,0,1606 Commercial St,-90.9894540398332,,STODDARD,55123,"La Crosse-Onalaska-Sparta, WI-MN",Stoddard,21,55063,,"La Crosse-Onalaska, WI-MN",River Bank,Bangor,WI,2023_14995_7
54658,DIF,NM,United States,54669,STATE,29100,423229,Wisconsin,07/07/2003,2023,State Agency,11,55,US_Streets,9,12843,United States,RIVER HOLDING COMPANY,0,,0,769258,,West Salem,MULT,CB,M,,STATE,0,,0,145 N Main St,317,2782,2486813,63,14995,43.838104,WI,4,CALL,0,Chicago,279842,West Salem Branch,1,,La Crosse,COMMERCIAL LENDING,,,10/01/2005,0,9,1,WI,1,Wisconsin,7,FDIC,Chicago,1073106,,0,W 3995 Country Highway M,-91.100097,,STODDARD,55123,"La Crosse-Onalaska-Sparta, WI-MN",Stoddard,21,55063,,"La Crosse-Onalaska, WI-MN",River Bank,West Salem,WI,2023_14995_9
53560,DIF,NM,United States,53560,STATE,31540,9435,Wisconsin,11/28/1891,2023,State Agency,11,55,100.0,9,9680,United States,"PEOPLES COMMUNITY BANCSHARES, INC., THE",0,,315501,315501,,Mazomanie,ONE,CB,EXACT,M,STATE,1,,0,222 W Commercial St,357,86067,2516998,25,15046,43.172160993876,WI,4,CALL,0,Chicago,420644,The Peoples Community Bank,1,,Dane,COMMERCIAL LENDING,,,,0,0,1,WI,1,Wisconsin,7,FDIC,Chicago,359698,,0,222 W Commercial St,-89.7980970096766,,MAZOMANIE,55025,"Madison-Janesville-Beloit, WI",Mazomanie,21,55025,,"Madison, WI",The Peoples Community Bank,Mazomanie,WI,2023_15046_0
53560,DIF,NM,United States,53503,STATE,31540,233138,Wisconsin,11/09/1938,2023,State Agency,11,55,100.0,9,9680,United States,"PEOPLES COMMUNITY BANCSHARES, INC., THE",0,,0,315501,,Arena,ONE,CB,EXACT,,STATE,0,,0,222 W Commercial St,357,17961,2516998,49,15046,43.1619100101115,WI,4,CALL,0,Chicago,420644,Arena Branch,1,,Iowa,COMMERCIAL LENDING,,,,0,1,1,WI,1,Wisconsin,7,FDIC,Chicago,359698,,0,614 Us Highway 14,-89.9132070270894,,MAZOMANIE,55025,"Madison-Janesville-Beloit, WI",Mazomanie,21,55049,,"Madison, WI",The Peoples Community Bank,Arena,WI,2023_15046_1
53560,DIF,NM,United States,53588,STATE,0,56831,Wisconsin,05/13/1996,2023,State Agency,11,55,100.0,9,9680,United States,"PEOPLES COMMUNITY BANCSHARES, INC., THE",0,,0,315501,,Spring Green,ONE,CB,EXACT,,STATE,0,,0,222 W Commercial St,357,67837,2516998,111,15046,43.1759929904602,WI,4,CALL,0,Chicago,420644,Spring Green Branch,0,,Sauk,COMMERCIAL LENDING,,,07/16/2005,1,6,1,WI,1,Wisconsin,7,FDIC,Chicago,359698,,0,166 S Lexington St,-90.0687380181946,,MAZOMANIE,55025,"Madison-Janesville-Beloit, WI",Mazomanie,21,55111,,,The Peoples Community Bank,Spring Green,WI,2023_15046_6
53560,DIF,NM,United States,53577,STATE,0,290427,Wisconsin,05/13/1996,2023,State Agency,11,55,100.0,9,9680,United States,"PEOPLES COMMUNITY BANCSHARES, INC., THE",0,,0,315501,,Plain,ONE,CB,EXACT,,STATE,0,,0,222 W Commercial St,357,61441,2516998,111,15046,43.2786439793551,WI,4,CALL,0,Chicago,420644,Plain Branch,0,,Sauk,COMMERCIAL LENDING,,,07/16/2005,1,7,1,WI,1,Wisconsin,7,FDIC,Chicago,359698,,0,1065 Main St,-90.0446520326867,,MAZOMANIE,55025,"Madison-Janesville-Beloit, WI",Mazomanie,21,55111,,,The Peoples Community Bank,Plain,WI,2023_15046_7
53560,DIF,NM,United States,53507,STATE,31540,489591,Wisconsin,03/02/2009,2023,State Agency,11,55,100.0,9,9680,United States,"PEOPLES COMMUNITY BANCSHARES, INC., THE",0,,0,315501,,Barneveld,ONE,CB,POINTADDRESS,,STATE,0,,0,222 W Commercial St,357,48088,2516998,49,15046,43.0075009192331,WI,4,CALL,0,Chicago,420644,Barneveld Branch,1,,Iowa,COMMERCIAL LENDING,,,,0,8,1,WI,1,Wisconsin,7,FDIC,Chicago,359698,,0,100 Ernie Drive,-89.9019734292296,,MAZOMANIE,55025,"Madison-Janesville-Beloit, WI",Mazomanie,21,55049,,"Madison, WI",The Peoples Community Bank,Barneveld,WI,2023_15046_8
53560,DIF,NM,United States,53581,STATE,0,42024,Wisconsin,10/31/1934,2023,State Agency,11,55,100.0,9,9680,United States,"PEOPLES COMMUNITY BANCSHARES, INC., THE",0,,0,315501,,Richland Center,ONE,CB,EXACT,,STATE,0,,0,222 W Commercial St,0,34107,2516998,103,15046,43.3347909959661,WI,4,CALL,0,Chicago,420644,Richland Center Branch,0,,Richland,COMMERCIAL LENDING,,,12/31/2014,0,9,1,WI,1,Wisconsin,7,FDIC,Chicago,359698,,0,187 S Central Ave,-90.3851530190488,,MAZOMANIE,55025,,Mazomanie,21,55103,,,The Peoples Community Bank,Richland Center,WI,2023_15046_9
53528,DIF,NM,United States,53528,STATE,31540,9468,Wisconsin,01/01/1908,2023,State Agency,11,55,100.0,9,9868,United States,"LAKE RIDGE BANCORP, INC.",0,,2226173,2226173,,Cross Plains,ONE,CB,EXACT,M,STATE,1,,0,1205 Main St,357,181244,2336806,25,15091,43.114679997375,WI,4,CALL,0,Chicago,525549,Lake Ridge Bank,1,,Dane,COMMERCIAL LENDING,,,,0,0,1,WI,1,Wisconsin,7,FDIC,Chicago,2926892,,0,1205 Main St,-89.658168009323,,MONONA,55025,"Madison-Janesville-Beloit, WI",Cross Plains,21,55025,,"Madison, WI",Lake Ridge Bank,Cross Plains,WI,2023_15091_0
53528,DIF,NM,United States,53572,STATE,31540,233208,Wisconsin,02/26/1990,2023,State Agency,11,55,100.0,9,9868,United States,"LAKE RIDGE BANCORP, INC.",0,,0,2226173,,Mount Horeb,ONE,CB,EXACT,,STATE,0,,0,1205 Main St,357,127417,2336806,25,15091,43.01050798642,WI,4,CALL,0,Chicago,525549,Mount Horeb Branch,1,,Dane,COMMERCIAL LENDING,,,,0,1,1,WI,1,Wisconsin,7,FDIC,Chicago,2926892,,0,1740 Springdale St,-89.716791040132,,MONONA,55025,"Madison-Janesville-Beloit, WI",Cross Plains,21,55025,,"Madison, WI",Lake Ridge Bank,Mount Horeb,WI,2023_15091_1
53528,DIF,NM,United States,53536,STATE,27500,9542,Wisconsin,01/01/1897,2023,State Agency,11,55,100.0,9,9868,United States,"LAKE RIDGE BANCORP, INC.",0,,0,2226173,,Evansville,ONE,CB,EXACT,,STATE,0,,0,1205 Main St,357,91809,2336806,105,15091,42.7805650154038,WI,4,CALL,0,Chicago,525549,Union Branch,1,,Rock,COMMERCIAL LENDING,,,06/01/2019,0,10,1,WI,1,Wisconsin,7,FDIC,Chicago,2926892,,0,2 E Main St,-89.2989959983616,,MONONA,55025,"Madison-Janesville-Beloit, WI",Cross Plains,21,55105,,"Janesville-Beloit, WI",Lake Ridge Bank,Evansville,WI,2023_15091_10
53528,DIF,NM,United States,53521,STATE,31540,8391,Wisconsin,07/01/1900,2023,State Agency,11,55,100.0,9,9868,United States,"LAKE RIDGE BANCORP, INC.",0,,0,2226173,,Brooklyn,ONE,CB,EXACT,,STATE,0,,0,1205 Main St,357,22745,2336806,45,15091,42.8536029918369,WI,4,CALL,0,Chicago,525549,Bank Of Brooklyn,1,,Green,COMMERCIAL LENDING,,,06/01/2019,0,11,1,WI,1,Wisconsin,7,FDIC,Chicago,2926892,,0,210 Commercial St,-89.3702349669161,,MONONA,55025,"Madison-Janesville-Beloit, WI",Cross Plains,21,55045,,"Madison, WI",Lake Ridge Bank,Brooklyn,WI,2023_15091_11
53528,DIF,NM,United States,53508,STATE,31540,233333,Wisconsin,03/03/1997,2023,State Agency,11,55,100.0,9,9868,United States,"LAKE RIDGE BANCORP, INC.",0,,0,2226173,,Belleville,ONE,CB,EXACT,,STATE,0,,0,1205 Main St,357,61395,2336806,25,15091,42.8694379994969,WI,4,CALL,0,Chicago,525549,Bank Of Belleville,1,,Dane,COMMERCIAL LENDING,,,06/01/2019,0,12,1,WI,1,Wisconsin,7,FDIC,Chicago,2926892,,0,110 Greenway Cross Ct,-89.5323389626724,,MONONA,55025,"Madison-Janesville-Beloit, WI",Cross Plains,21,55025,,"Madison, WI",Lake Ridge Bank,Belleville,WI,2023_15091_12
53528,DIF,NM,United States,53575,STATE,31540,419474,Wisconsin,04/07/2003,2023,State Agency,11,55,100.0,9,9868,United States,"LAKE RIDGE BANCORP, INC.",0,,0,2226173,,Oregon,ONE,CB,EXACT,,STATE,0,,0,1205 Main St,357,51698,2336806,25,15091,42.9399129994865,WI,4,CALL,0,Chicago,525549,Bank Of Oregon,1,,Dane,COMMERCIAL LENDING,,,06/01/2019,0,13,1,WI,1,Wisconsin,7,FDIC,Chicago,2926892,,0,883 N Main St,-89.3838679647929,,MONONA,55025,"Madison-Janesville-Beloit, WI",Cross Plains,21,55025,,"Madison, WI",Lake Ridge Bank,Oregon,WI,2023_15091_13
53528,DIF,NM,United States,53574,STATE,31540,207538,Wisconsin,08/27/1990,2023,State Agency,11,55,US_Streets,9,9868,United States,"LAKE RIDGE BANCORP, INC.",0,,0,2226173,,New Glarus,ONE,CB,M,,STATE,0,,0,1205 Main St,357,31324,2336806,45,15091,42.816607,WI,4,CALL,0,Chicago,525549,New Glarus Branch,1,,Green,COMMERCIAL LENDING,,,06/01/2019,0,14,1,WI,1,Wisconsin,7,FDIC,Chicago,2926892,,0,512 Highway 69,-89.631988,,MONONA,55025,"Madison-Janesville-Beloit, WI",Cross Plains,21,55045,,"Madison, WI",Lake Ridge Bank,New Glarus,WI,2023_15091_14
53528,DIF,NM,United States,53528,STATE,31540,233209,Wisconsin,03/11/1991,2023,State Agency,11,55,100.0,9,9868,United States,"LAKE RIDGE BANCORP, INC.",0,,0,2226173,,Cross Plains,ONE,CB,EXACT,C,STATE,0,0,0,1205 Main St,357,0,2336806,25,15091,43.11115100659,WI,4,CALL,0,Chicago,525549,Cross Plains Branch,1,,Dane,COMMERCIAL LENDING,,,,0,2,1,WI,1,Wisconsin,7,FDIC,Chicago,2926892,,0,2535 Main St,-89.643148979937,,MONONA,55025,"Madison-Janesville-Beloit, WI",Cross Plains,21,55025,,"Madison, WI",Lake Ridge Bank,Cross Plains,WI,2023_15091_2
53528,DIF,NM,United States,53562,STATE,31540,55352,Wisconsin,01/31/1995,2023,State Agency,11,55,100.0,9,9868,United States,"LAKE RIDGE BANCORP, INC.",0,,0,2226173,,Middleton,ONE,CB,EXACT,,STATE,0,,0,1205 Main St,357,220404,2336806,25,15091,43.1093610092576,WI,4,CALL,0,Chicago,525549,Middleton Br,1,,Dane,COMMERCIAL LENDING,,,02/13/2023,0,24,1,WI,1,Wisconsin,7,FDIC,Chicago,2926892,,0,3207 Parmenter St,-89.5093429598535,,MONONA,55025,"Madison-Janesville-Beloit, WI",Cross Plains,21,55025,,"Madison, WI",Lake Ridge Bank,Middleton,WI,2023_15091_24
53528,DIF,NM,United States,53527,STATE,31540,433420,Wisconsin,11/15/2004,2023,State Agency,11,55,100.0,9,9868,United States,"LAKE RIDGE BANCORP, INC.",0,,0,2226173,,Cottage Grove,ONE,CB,EXACT,,STATE,0,,0,1205 Main St,357,93356,2336806,25,15091,43.0871220180239,WI,4,CALL,0,Chicago,525549,Cottage Grove Branch,1,,Dane,COMMERCIAL LENDING,,,02/13/2023,0,25,1,WI,1,Wisconsin,7,FDIC,Chicago,2926892,,0,341 W Cottage Grove Rd,-89.2079449767284,,MONONA,55025,"Madison-Janesville-Beloit, WI",Cross Plains,21,55025,,"Madison, WI",Lake Ridge Bank,Cottage Grove,WI,2023_15091_25
53528,DIF,NM,United States,53521,STATE,31540,473856,Wisconsin,03/03/2008,2023,State Agency,11,55,100.0,9,9868,United States,"LAKE RIDGE BANCORP, INC.",0,,0,2226173,,Brooklyn,ONE,CB,EXACT,,STATE,0,,0,1205 Main St,357,21600,2336806,25,15091,42.8591969901971,WI,4,CALL,0,Chicago,525549,Brooklyn Branch,1,,Dane,COMMERCIAL LENDING,,,02/13/2023,0,26,1,WI,1,Wisconsin,7,FDIC,Chicago,2926892,,0,229 Douglas Dr,-89.3696759777934,,MONONA,55025,"Madison-Janesville-Beloit, WI",Cross Plains,21,55025,,"Madison, WI",Lake Ridge Bank,Brooklyn,WI,2023_15091_26
53528,DIF,NM,United States,53713,STATE,31540,481662,Wisconsin,10/20/2008,2023,State Agency,11,55,100.0,9,9868,United States,"LAKE RIDGE BANCORP, INC.",0,,0,2226173,,Madison,ONE,CB,EXACT,,STATE,0,,0,1205 Main St,357,424759,2336806,25,15091,43.0477530150897,WI,4,CALL,0,Chicago,525549,Bridge Road Branch,1,,Dane,COMMERCIAL LENDING,,,02/13/2023,0,28,1,WI,1,Wisconsin,7,FDIC,Chicago,2926892,,0,6430 Bridge Rd,-89.3390989626474,,MONONA,55025,"Madison-Janesville-Beloit, WI",Cross Plains,21,55025,,"Madison, WI",Lake Ridge Bank,Monona,WI,2023_15091_28
53528,DIF,NM,United States,53583,STATE,0,515751,Wisconsin,01/11/2011,2023,State Agency,11,55,100.0,9,9868,United States,"LAKE RIDGE BANCORP, INC.",0,,0,2226173,,Sauk City,ONE,CB,EXACT,,STATE,0,,0,1205 Main St,357,27606,2336806,111,15091,43.2717540130353,WI,4,CALL,0,Chicago,525549,Sauk City Branch,0,,Sauk,COMMERCIAL LENDING,,,02/13/2023,1,29,1,WI,1,Wisconsin,7,FDIC,Chicago,2926892,,0,603 Phillips Blvd,-89.7281729940922,,MONONA,55025,"Madison-Janesville-Beloit, WI",Cross Plains,21,55111,,,Lake Ridge Bank,Sauk City,WI,2023_15091_29
53528,DIF,NM,United States,53562,STATE,31540,233210,Wisconsin,04/10/1995,2023,State Agency,11,55,100.0,9,9868,United States,"LAKE RIDGE BANCORP, INC.",0,,0,2226173,,Middleton,ONE,CB,EXACT,,STATE,0,,0,1205 Main St,357,188390,2336806,25,15091,43.0960500021912,WI,4,CALL,0,Chicago,525549,Middleton - West Branch,1,,Dane,COMMERCIAL LENDING,,,,0,3,1,WI,1,Wisconsin,7,FDIC,Chicago,2926892,,0,2000 Deming Way,-89.524703970889,,MONONA,55025,"Madison-Janesville-Beloit, WI",Cross Plains,21,55025,,"Madison, WI",Lake Ridge Bank,Middleton,WI,2023_15091_3
53528,DIF,NM,United States,53528,STATE,31540,543245,Wisconsin,09/23/2013,2023,State Agency,11,55,100.0,9,9868,United States,"LAKE RIDGE BANCORP, INC.",0,,0,2226173,,Cross Plains,ONE,CB,EXACT,,STATE,0,,0,1205 Main St,357,40666,2336806,25,15091,43.1098089800728,WI,4,CALL,0,Chicago,525549,Cross Plains Wi Branch,1,,Dane,COMMERCIAL LENDING,,,02/13/2023,0,30,1,WI,1,Wisconsin,7,FDIC,Chicago,2926892,,0,2615 Westview Ct,-89.6393249880706,,MONONA,55025,"Madison-Janesville-Beloit, WI",Cross Plains,21,55025,,"Madison, WI",Lake Ridge Bank,Cross Plains,WI,2023_15091_30
53528,DIF,NM,United States,53704,STATE,31540,547071,Wisconsin,01/21/2014,2023,State Agency,11,55,100.0,9,9868,United States,"LAKE RIDGE BANCORP, INC.",0,,0,2226173,,Madison,ONE,CB,EXACT,,STATE,0,,0,1205 Main St,357,83030,2336806,25,15091,43.0915860101076,WI,4,CALL,0,Chicago,525549,Atwood Avenue Madison Branch,1,,Dane,COMMERCIAL LENDING,,,02/13/2023,0,31,1,WI,1,Wisconsin,7,FDIC,Chicago,2926892,,0,1965 Atwood Ave,-89.3558159979786,,MONONA,55025,"Madison-Janesville-Beloit, WI",Cross Plains,21,55025,,"Madison, WI",Lake Ridge Bank,Madison,WI,2023_15091_31
53528,DIF,NM,United States,53716,STATE,31540,47143,Wisconsin,02/13/2023,2023,State Agency,11,55,100.0,9,9868,United States,"LAKE RIDGE BANCORP, INC.",0,,0,2226173,,Madison,ONE,CB,StreetAddress,,STATE,0,,0,1205 Main St,357,192343,2336806,25,15091,43.0594633817365,WI,4,CALL,0,Chicago,525549,Monona Branch,1,,Dane,COMMERCIAL LENDING,,,02/13/2023,0,32,1,WI,1,Wisconsin,7,FDIC,Chicago,2926892,,0,5515 Monona Dr,-89.3260059658091,,MONONA,55025,"Madison-Janesville-Beloit, WI",Cross Plains,21,55025,,"Madison, WI",Lake Ridge Bank,Monona,WI,2023_15091_32
53528,DIF,NM,United States,53597,STATE,31540,6893,Wisconsin,04/12/1912,2023,State Agency,11,55,100.0,9,9868,United States,"LAKE RIDGE BANCORP, INC.",0,,0,2226173,,Waunakee,ONE,CB,EXACT,,STATE,0,,0,1205 Main St,357,164551,2336806,25,15091,43.1917210031262,WI,4,CALL,0,Chicago,525549,Waunakee Branch,1,,Dane,COMMERCIAL LENDING,,,07/31/2002,0,5,1,WI,1,Wisconsin,7,FDIC,Chicago,2926892,,0,610 W Main St,-89.4647440265234,,MONONA,55025,"Madison-Janesville-Beloit, WI",Cross Plains,21,55025,,"Madison, WI",Lake Ridge Bank,Waunakee,WI,2023_15091_5
53528,DIF,NM,United States,53593,STATE,31540,9506,Wisconsin,02/01/1904,2023,State Agency,11,55,100.0,9,9868,United States,"LAKE RIDGE BANCORP, INC.",0,,0,2226173,,Verona,ONE,CB,EXACT,,STATE,0,,0,1205 Main St,357,153413,2336806,25,15091,42.991503990717,WI,4,CALL,0,Chicago,525549,Verona  Branch,1,,Dane,COMMERCIAL LENDING,,,12/04/2006,0,7,1,WI,1,Wisconsin,7,FDIC,Chicago,2926892,,0,108 N Main St,-89.5339639622411,,MONONA,55025,"Madison-Janesville-Beloit, WI",Cross Plains,21,55025,,"Madison, WI",Lake Ridge Bank,Verona,WI,2023_15091_7
53528,DIF,NM,United States,53515,STATE,31540,8100,Wisconsin,01/01/1904,2023,State Agency,11,55,100.0,9,9868,United States,"LAKE RIDGE BANCORP, INC.",0,,0,2226173,,Black Earth,ONE,CB,EXACT,,STATE,0,,0,1205 Main St,357,48423,2336806,25,15091,43.1392240119815,WI,4,CALL,0,Chicago,525549,Black Earth State Bank Branch,1,,Dane,COMMERCIAL LENDING,,,05/08/2010,0,9,1,WI,1,Wisconsin,7,FDIC,Chicago,2926892,,0,1030 Mills St,-89.7483149588799,,MONONA,55025,"Madison-Janesville-Beloit, WI",Cross Plains,21,55025,,"Madison, WI",Lake Ridge Bank,Black Earth,WI,2023_15091_9
53581,DIF,NM,United States,53581,STATE,0,9469,Wisconsin,01/01/1881,2023,State Agency,11,55,100.0,9,0,United States,"RICHLAND COUNTY BANCSHARES, INC.",1,,95095,95095,,Richland Center,ONE,CB,EXACT,M,STATE,1,,0,195 W Court St,0,95095,2737971,103,15092,43.3353359873105,WI,8,CALL,0,Chicago,331544,Richland County Bank,0,,Richland,ALL OTHER < $1 BILLION,,,,0,0,1,WI,1,Wisconsin,7,FDIC,Chicago,107688,,0,195 W Court St,-90.3854889657281,,RICHLAND CENTER,55103,,Richland Center,21,55103,,,Richland County Bank,Richland Center,WI,2023_15092_0
54634,DIF,NM,United States,54634,STATE,29100,9498,Wisconsin,01/06/1913,2023,State Agency,11,55,100.0,9,0,United States,"BOSSHARD FINANCIAL GROUP, INC.",0,,171613,171613,,Hillsboro,MULT,CB,EXACT,M,STATE,1,,0,726 Water Ave,317,113938,1205473,123,15126,43.650236001075,WI,4,CALL,0,Chicago,680747,Farmers State Bank,1,,Vernon,COMMERCIAL LENDING,,,,0,0,1,WI,1,Wisconsin,7,FDIC,Chicago,209737,,0,726 Water Ave,-90.340082016932,,LA CROSSE,55123,"La Crosse-Onalaska-Sparta, WI-MN",Hillsboro,21,55123,,"La Crosse-Onalaska, WI-MN",Farmers State Bank,Hillsboro,WI,2023_15126_0
54634,DIF,NM,United States,53968,STATE,0,233272,Wisconsin,02/08/1982,2023,State Agency,11,55,100.0,9,0,United States,"BOSSHARD FINANCIAL GROUP, INC.",0,,0,171613,,Wonewoc,MULT,CB,EXACT,,STATE,0,,0,726 Water Ave,0,7938,1205473,57,15126,43.6815730033822,WI,4,CALL,0,Chicago,680747,Union Center Branch,0,,Juneau,COMMERCIAL LENDING,,,,0,1,1,WI,1,Wisconsin,7,FDIC,Chicago,209737,,0,435 Bridge St,-90.2636409878096,,LA CROSSE,55123,,Hillsboro,21,55057,,,Farmers State Bank,Wonewoc,WI,2023_15126_1
54634,DIF,NM,United States,54639,STATE,29100,9499,Wisconsin,03/29/1921,2023,State Agency,11,55,US_Streets,9,0,United States,"BOSSHARD FINANCIAL GROUP, INC.",0,,0,171613,,La Farge,MULT,CB,M,,STATE,0,,0,726 Water Ave,317,26959,1205473,123,15126,43.574321,WI,4,CALL,0,Chicago,680747,Lafarge Branch,1,,Vernon,COMMERCIAL LENDING,,,07/01/2014,0,2,1,WI,1,Wisconsin,7,FDIC,Chicago,209737,,0,119 Main St,-90.636581,,LA CROSSE,55123,"La Crosse-Onalaska-Sparta, WI-MN",Hillsboro,21,55123,,"La Crosse-Onalaska, WI-MN",Farmers State Bank,La Farge,WI,2023_15126_2
54634,DIF,NM,United States,54652,STATE,29100,233273,Wisconsin,10/09/1979,2023,State Agency,11,55,100.0,9,0,United States,"BOSSHARD FINANCIAL GROUP, INC.",0,,0,171613,,Readstown,MULT,CB,EXACT,,STATE,0,,0,726 Water Ave,317,7053,1205473,123,15126,43.450952984137,WI,4,CALL,0,Chicago,680747,Readstown Branch,1,,Vernon,COMMERCIAL LENDING,,,07/01/2014,0,3,1,WI,1,Wisconsin,7,FDIC,Chicago,209737,,0,111 W Wisconsin Ave,-90.7597370030171,,LA CROSSE,55123,"La Crosse-Onalaska-Sparta, WI-MN",Hillsboro,21,55123,,"La Crosse-Onalaska, WI-MN",Farmers State Bank,Readstown,WI,2023_15126_3
54634,DIF,NM,United States,53968,STATE,0,7165,Wisconsin,09/01/1887,2023,State Agency,11,55,100.0,9,0,United States,"BOSSHARD FINANCIAL GROUP, INC.",0,,0,171613,,Wonewoc,MULT,CB,EXACT,,STATE,0,,0,726 Water Ave,0,15725,1205473,57,15126,43.6540589871137,WI,4,CALL,0,Chicago,680747,State Bank Of WonewoBranch,0,,Juneau,COMMERCIAL LENDING,,,01/23/2017,0,4,1,WI,1,Wisconsin,7,FDIC,Chicago,209737,,0,226 Center St,-90.2228959697405,,LA CROSSE,55123,,Hillsboro,21,55057,,,Farmers State Bank,Wonewoc,WI,2023_15126_4
53965,DIF,NM,United States,53965,STATE,0,9508,Wisconsin,02/26/1910,2023,State Agency,11,55,100.0,9,0,United States,"DELLS BANCSHARES, INC.",0,,826174,826174,,Wisconsin Dells,ONE,CB,EXACT,M,STATE,1,,0,716 Superior St,357,479605,3059746,111,15136,43.6267260199537,WI,4,CALL,0,Chicago,894348,Bank Of Wisconsin Dells,0,,Sauk,COMMERCIAL LENDING,,,,1,0,1,WI,1,Wisconsin,7,FDIC,Chicago,942918,,0,716 Superior St,-89.7749130007694,,WISCONSIN DELLS,55111,"Madison-Janesville-Beloit, WI",Wisconsin Dells,21,55111,,,Bank of Wisconsin Dells,Wisconsin Dells,WI,2023_15136_0
53965,DIF,NM,United States,53965,STATE,0,233284,Wisconsin,06/03/1968,2023,State Agency,11,55,100.0,9,0,United States,"DELLS BANCSHARES, INC.",0,,0,826174,,Wisconsin Dells,ONE,CB,POINTADDRESS,,STATE,0,,0,716 Superior St,357,257099,3059746,111,15136,43.5898514728683,WI,4,CALL,0,Chicago,894348,Lake Delton Branch,0,,Sauk,COMMERCIAL LENDING,,,,1,1,1,WI,1,Wisconsin,7,FDIC,Chicago,942918,,0,31 North Judson Street,-89.7922082156359,,WISCONSIN DELLS,55111,"Madison-Janesville-Beloit, WI",Wisconsin Dells,21,55111,,,Bank of Wisconsin Dells,Wisconsin Dells,WI,2023_15136_1
53965,DIF,NM,United States,53901,STATE,31540,233285,Wisconsin,07/17/1996,2023,State Agency,11,55,100.0,9,0,United States,"DELLS BANCSHARES, INC.",0,,0,826174,,Portage,ONE,CB,EXACT,,STATE,0,,0,716 Superior St,357,89470,3059746,21,15136,43.5699499834189,WI,4,CALL,0,Chicago,894348,Portage Branch,1,,Columbia,COMMERCIAL LENDING,,,,0,2,1,WI,1,Wisconsin,7,FDIC,Chicago,942918,,0,2930 New Pinery Rd,-89.4704439721398,,WISCONSIN DELLS,55111,"Madison-Janesville-Beloit, WI",Wisconsin Dells,21,55021,,"Madison, WI",Bank of Wisconsin Dells,Portage,WI,2023_15136_2
54601,DIF,NM,United States,54601,STATE,29100,997,Wisconsin,12/09/1907,2023,State Agency,11,55,100.0,9,0,United States,"CLAYTON BANKSHARES, INC.",0,,482476,482476,,La Crosse,ONE,CB,EXACT,M,STATE,1,,0,620 Main St,317,385306,1123782,63,1513,43.8114360085742,WI,4,CALL,0,Chicago,447557,Citizens State Bank Of La Crosse,1,,La Crosse,COMMERCIAL LENDING,,,,0,0,1,WI,1,Wisconsin,9,FDIC,Minneapolis,607384,,0,620 Main St,-91.2470519688199,,LA CROSSE,55063,"La Crosse-Onalaska-Sparta, WI-MN",La Crosse,21,55063,,"La Crosse-Onalaska, WI-MN",Citizens State Bank of La Crosse,La Crosse,WI,2023_1513_0
54601,DIF,NM,United States,54650,STATE,29100,474313,Wisconsin,04/21/2008,2023,State Agency,11,55,100.0,9,0,United States,"CLAYTON BANKSHARES, INC.",0,,0,482476,,Onalaska,ONE,CB,EXACT,,STATE,0,,0,620 Main St,317,21920,1123782,63,1513,43.8844519825114,WI,4,CALL,0,Chicago,447557,Onalaska Branch,1,,La Crosse,COMMERCIAL LENDING,,,,0,2,1,WI,1,Wisconsin,9,FDIC,Minneapolis,607384,,0,625 Main St,-91.2283930141611,,LA CROSSE,55063,"La Crosse-Onalaska-Sparta, WI-MN",La Crosse,21,55063,,"La Crosse-Onalaska, WI-MN",Citizens State Bank of La Crosse,Onalaska,WI,2023_1513_2
54601,DIF,NM,United States,54720,STATE,20740,510346,Wisconsin,04/01/2010,2023,State Agency,11,55,100.0,9,0,United States,"CLAYTON BANKSHARES, INC.",0,,0,482476,,Altoona,ONE,CB,EXACT,,STATE,0,,0,620 Main St,232,17117,1123782,35,1513,44.7953890053534,WI,4,CALL,0,Chicago,447557,Eau Claire Branch,1,,Eau Claire,COMMERCIAL LENDING,,,,0,3,1,WI,1,Wisconsin,9,FDIC,Minneapolis,607384,,0,1028 N Hillcrest Pkwy,-91.4300760214357,,LA CROSSE,55063,"Eau Claire-Menomonie, WI",La Crosse,21,55035,,"Eau Claire, WI",Citizens State Bank of La Crosse,Altoona,WI,2023_1513_3
54601,DIF,NM,United States,54004,STATE,0,522191,Wisconsin,08/26/2011,2023,State Agency,11,55,100.0,9,0,United States,"CLAYTON BANKSHARES, INC.",0,,0,482476,,Clayton,ONE,CB,EXACT,,STATE,0,,0,620 Main St,0,58134,1123782,95,1513,45.3310950032115,WI,4,CALL,0,Chicago,447557,Clayton Branch,0,,Polk,COMMERCIAL LENDING,,,,0,4,1,WI,1,Wisconsin,9,FDIC,Minneapolis,607384,,0,101 S Prentice St,-92.1724600122182,,LA CROSSE,55063,,La Crosse,21,55095,,,Citizens State Bank of La Crosse,Clayton,WI,2023_1513_4
54121,DIF,NM,United States,54121,STATE,0,9516,Wisconsin,01/01/1891,2023,State Agency,11,55,100.0,9,14106,United States,"FLORENCE BANCORPORATION, INC.",0,,114886,114886,,Florence,ONE,CB,EXACT,M,STATE,1,,0,541 Central Ave,361,79252,1125432,37,15146,45.9221700094278,WI,4,CALL,0,Chicago,576354,Great North Bank,0,,Florence,COMMERCIAL LENDING,,,,1,0,1,WI,1,Wisconsin,9,FDIC,Minneapolis,149114,,0,541 Central Ave,-88.2502619960579,,FLORENCE,55037,"Marinette-Iron Mountain, WI-MI",Florence,21,55037,,,Great North Bank,Florence,WI,2023_15146_0
54121,DIF,NM,United States,54151,STATE,0,432355,Wisconsin,09/27/2004,2023,State Agency,11,55,100.0,9,14106,United States,"FLORENCE BANCORPORATION, INC.",0,,0,114886,,Niagara,ONE,CB,EXACT,,STATE,0,,0,541 Central Ave,361,19536,1125432,37,15146,45.7833659862091,WI,4,CALL,0,Chicago,576354,Aurora Branch,0,,Florence,COMMERCIAL LENDING,,,,1,1,1,WI,1,Wisconsin,9,FDIC,Minneapolis,149114,,0,W627 Co Rd N,-88.0857819822085,,FLORENCE,55037,"Marinette-Iron Mountain, WI-MI",Florence,21,55037,,,Great North Bank,Niagara,WI,2023_15146_1
54121,DIF,NM,United States,54521,STATE,0,570019,Wisconsin,03/17/2015,2023,State Agency,11,55,100.0,9,14106,United States,"FLORENCE BANCORPORATION, INC.",0,,0,114886,,Eagle River,ONE,CB,EXACT,,STATE,0,,0,541 Central Ave,0,16098,1125432,125,15146,45.9242830033993,WI,4,CALL,0,Chicago,576354,Eagle River Branch,0,,Vilas,COMMERCIAL LENDING,,,,0,3,1,WI,1,Wisconsin,9,FDIC,Minneapolis,149114,,0,111 W Mill St,-89.2564460212628,,FLORENCE,55037,,Florence,21,55125,,,Great North Bank,Eagle River,WI,2023_15146_3
54615,DIF,NM,United States,54615,STATE,0,9522,Wisconsin,01/01/1907,2023,State Agency,11,55,100.0,9,12080,United States,"BRAD, INC.",0,,82931,82931,,Black River Falls,ONE,CB,EXACT,M,STATE,1,,0,221 Main St,0,53157,1978656,53,15152,44.2952410105128,WI,2,CALL,0,Chicago,603540,Black River Country Bank,0,,Jackson,AGRICULTURAL,,,,0,0,1,WI,1,Wisconsin,7,FDIC,Chicago,99394,,0,221 Main St,-90.8504759663951,,BLACK RIVER FALLS,55053,,Black River Falls,21,55053,,,Black River Country Bank,Black River Falls,WI,2023_15152_0
54615,DIF,NM,United States,54642,STATE,0,233304,Wisconsin,04/23/1973,2023,State Agency,11,55,100.0,9,12080,United States,"BRAD, INC.",0,,0,82931,,Melrose,ONE,CB,EXACT,,STATE,0,,0,221 Main St,0,29774,1978656,53,15152,44.1322339904179,WI,2,CALL,0,Chicago,603540,Melrose Branch,0,,Jackson,AGRICULTURAL,,,,0,1,1,WI,1,Wisconsin,7,FDIC,Chicago,99394,,0,401 N Washington St,-90.9957220270279,,BLACK RIVER FALLS,55053,,Black River Falls,21,55053,,,Black River Country Bank,Melrose,WI,2023_15152_1
54130,DIF,NM,United States,54130,STATE,11540,9582,Wisconsin,09/01/1883,2023,State Agency,11,55,100.0,9,10258,United States,"BROGAN BANKSHARES, INC.",1,,125790,125790,,Kaukauna,ONE,CB,EXACT,M,STATE,1,,0,264 W Wisconsin Ave,118,125790,1202744,87,15228,44.2838549913298,WI,4,CALL,0,Chicago,380944,The Bank Of Kaukauna,1,,Outagamie,COMMERCIAL LENDING,,,,0,0,1,WI,1,Wisconsin,7,FDIC,Chicago,138436,,0,264 W Wisconsin Ave,-88.2711590026837,,KAUKAUNA,55087,"Appleton-Oshkosh-Neenah, WI",Kaukauna,21,55087,,"Appleton, WI",The Bank of Kaukauna,Kaukauna,WI,2023_15228_0
53719,DIF,NM,United States,53719,STATE,31540,9583,Wisconsin,05/01/1909,2023,State Agency,11,55,100.0,9,10824,United States,"FIRST BUSINESS FINANCIAL SERVICES, INC.",0,,2529264,2529264,,Madison,ONE,CB,EXACT,M,STATE,1,,0,401 Charmany Dr,357,1847256,1247428,25,15229,43.0601609978174,WI,4,CALL,0,Chicago,537449,First Business Bank,1,,Dane,COMMERCIAL LENDING,,,,0,0,0,WI,1,Wisconsin,7,FDIC,Chicago,3265828,,0,401 Charmany Dr,-89.4771789989794,,MADISON,55025,"Madison-Janesville-Beloit, WI",Madison,21,55025,,"Madison, WI",First Business Bank,Madison,WI,2023_15229_0
53719,DIF,NM,United States,53045,STATE,33340,80044,Wisconsin,06/08/2000,2023,State Agency,11,55,100.0,9,10824,United States,"FIRST BUSINESS FINANCIAL SERVICES, INC.",0,,0,2529264,,Brookfield,ONE,CB,StreetAddress,,STATE,0,,0,401 Charmany Dr,376,379424,1247428,133,15229,43.0316725610723,WI,4,CALL,0,Chicago,537449,Brookfield Branch,1,,Waukesha,COMMERCIAL LENDING,,,06/01/2017,0,10,0,WI,1,Wisconsin,7,FDIC,Chicago,3265828,,0,17335 Golf Pkwy,-88.1284335287665,,MADISON,55025,"Milwaukee-Racine-Waukesha, WI",Madison,21,55133,,"Milwaukee-Waukesha, WI",First Business Bank,Brookfield,WI,2023_15229_10
53719,DIF,NM,United States,54914,STATE,11540,469779,Wisconsin,12/07/2007,2023,State Agency,11,55,100.0,9,10824,United States,"FIRST BUSINESS FINANCIAL SERVICES, INC.",0,,0,2529264,,Appleton,ONE,CB,EXACT,,STATE,0,,0,401 Charmany Dr,118,213146,1247428,87,15229,44.2433770206959,WI,4,CALL,0,Chicago,537449,First Business Bank,1,,Outagamie,COMMERCIAL LENDING,,,,0,3,0,WI,1,Wisconsin,7,FDIC,Chicago,3265828,,0,3913 W Prospect Ave,-88.464793035977,,MADISON,55025,"Appleton-Oshkosh-Neenah, WI",Madison,21,55087,,"Appleton, WI",First Business Bank,Appleton,WI,2023_15229_3
54806,DIF,NM,United States,54806,STATE,0,9594,Wisconsin,09/05/1933,2023,State Agency,11,55,100.0,9,0,United States,"BAY AREA BANKING SHARES, INC.",0,,290147,290147,,Ashland,ONE,CB,EXACT,M,STATE,1,,0,321 Main St W,0,212260,1127799,3,15242,46.5905769991645,WI,8,CALL,0,Chicago,625757,Northern State Bank,0,,Ashland,ALL OTHER < $1 BILLION,,,,0,0,1,WI,1,Wisconsin,9,FDIC,Minneapolis,313593,,0,321 Main St W,-90.8872610381279,,ASHLAND,55003,,Ashland,21,55003,,,Northern State Bank,Ashland,WI,2023_15242_0
54806,DIF,NM,United States,54514,STATE,0,233512,Wisconsin,09/05/1933,2023,State Agency,11,55,US_Streets,9,0,United States,"BAY AREA BANKING SHARES, INC.",0,,0,290147,,Butternut,ONE,CB,M,,STATE,0,,0,321 Main St W,0,13124,1127799,3,15242,46.014815,WI,8,CALL,0,Chicago,625757,Butternut Branch,0,,Ashland,ALL OTHER < $1 BILLION,,,,0,1,1,WI,1,Wisconsin,9,FDIC,Minneapolis,313593,,0,200 West Main Street,-90.492732,,ASHLAND,55003,,Ashland,21,55003,,,Northern State Bank,Butternut,WI,2023_15242_1
54806,DIF,NM,United States,54527,STATE,0,233513,Wisconsin,09/05/1933,2023,State Agency,11,55,100.0,9,0,United States,"BAY AREA BANKING SHARES, INC.",0,,0,290147,,Glidden,ONE,CB,EXACT,,STATE,0,,0,321 Main St W,0,12393,1127799,3,15242,46.1364979977424,WI,8,CALL,0,Chicago,625757,Glidden Branch,0,,Ashland,ALL OTHER < $1 BILLION,,,,0,2,1,WI,1,Wisconsin,9,FDIC,Minneapolis,313593,,0,85 N Grant St,-90.5760070265159,,ASHLAND,55003,,Ashland,21,55003,,,Northern State Bank,Glidden,WI,2023_15242_2
54806,DIF,NM,United States,54546,STATE,0,233515,Wisconsin,09/05/1933,2023,State Agency,11,55,100.0,9,0,United States,"BAY AREA BANKING SHARES, INC.",0,,0,290147,,Mellen,ONE,CB,EXACT,,STATE,0,,0,321 Main St W,0,11850,1127799,3,15242,46.326868998039,WI,8,CALL,0,Chicago,625757,Mellen Branch,0,,Ashland,ALL OTHER < $1 BILLION,,,,0,4,1,WI,1,Wisconsin,9,FDIC,Minneapolis,313593,,0,103 N Main St,-90.6606599738173,,ASHLAND,55003,,Ashland,21,55003,,,Northern State Bank,Mellen,WI,2023_15242_4
54806,DIF,NM,United States,54806,STATE,0,233516,Wisconsin,11/08/1979,2023,State Agency,23,55,97.61,9,0,United States,"BAY AREA BANKING SHARES, INC.",0,,0,290147,,Ashland,ONE,CB,StreetAddress,C,STATE,0,2,0,321 Main St W,0,0,1127799,3,15242,46.5910181411088,WI,8,CALL,0,Chicago,625757,Auto Bank Facility,0,,Ashland,ALL OTHER < $1 BILLION,,,,0,5,1,WI,1,Wisconsin,9,FDIC,Minneapolis,313593,,0,321 2nd St W,-90.8810709367699,,ASHLAND,55003,,Ashland,21,55003,,,Northern State Bank,Ashland,WI,2023_15242_5
54806,DIF,NM,United States,54891,STATE,0,340734,Wisconsin,05/08/2000,2023,State Agency,12,55,100.0,9,0,United States,"BAY AREA BANKING SHARES, INC.",0,,0,290147,,Washburn,ONE,CB,EXACT,,STATE,0,,0,321 Main St W,0,10942,1127799,7,15242,46.6697550130401,WI,8,CALL,0,Chicago,625757,Washburn Iga Branch,0,,Bayfield,ALL OTHER < $1 BILLION,,,,0,7,1,WI,1,Wisconsin,9,FDIC,Minneapolis,313593,,0,226 W Bayfield St,-90.8964109750914,,ASHLAND,55003,,Ashland,21,55007,,,Northern State Bank,Washburn,WI,2023_15242_7
54961,DIF,NM,United States,54961,STATE,0,9616,Wisconsin,01/01/1911,2023,State Agency,11,55,100.0,9,12547,United States,"FIRST STATE BANCSHARES, INC.",0,,462534,462534,,New London,ONE,CB,EXACT,M,STATE,1,,0,113 W North Water St,0,164026,1975459,135,15271,44.393027017076,WI,4,CALL,0,Chicago,801047,First State Bank,0,,Waupaca,COMMERCIAL LENDING,,,,0,0,1,WI,1,Wisconsin,7,FDIC,Chicago,545681,,0,113 W North Water St,-88.7404480151555,,NEW LONDON,55135,,New London,21,55135,,,First State Bank,New London,WI,2023_15271_0
54961,DIF,NM,United States,54961,STATE,0,233560,Wisconsin,02/19/1980,2023,State Agency,11,55,US_Zipcode,9,12547,United States,"FIRST STATE BANCSHARES, INC.",0,,0,462534,,New London,ONE,CB,M,C,STATE,0,0,0,113 W North Water St,0,0,1975459,135,15271,44.409014,WI,4,CALL,0,Chicago,801047,Drive-In Facility,0,,Waupaca,COMMERCIAL LENDING,,,,0,1,1,WI,1,Wisconsin,7,FDIC,Chicago,545681,,0,St Johns Place,-88.765703,,NEW LONDON,55135,,New London,21,55135,,,First State Bank,New London,WI,2023_15271_1
54961,DIF,NM,United States,54449,STATE,0,222957,Wisconsin,03/16/1992,2023,State Agency,11,55,100.0,9,12547,United States,"FIRST STATE BANCSHARES, INC.",0,,0,462534,,Marshfield,ONE,CB,EXACT,,STATE,0,,0,113 W North Water St,554,56398,1975459,141,15271,44.6832929945939,WI,4,CALL,0,Chicago,801047,Marshfield Branch,0,,Wood,COMMERCIAL LENDING,,,02/22/2020,1,11,1,WI,1,Wisconsin,7,FDIC,Chicago,545681,,0,1700 N Central Ave,-90.1626180159685,,NEW LONDON,55135,"Wausau-Stevens Point-Wisconsin Rapids, WI",New London,21,55141,,,First State Bank,Marshfield,WI,2023_15271_11
54961,DIF,NM,United States,54495,STATE,0,222959,Wisconsin,06/15/1997,2023,State Agency,11,55,100.0,9,12547,United States,"FIRST STATE BANCSHARES, INC.",0,,0,462534,,Wisconsin Rapids,ONE,CB,EXACT,,STATE,0,,0,113 W North Water St,554,34779,1975459,141,15271,44.3966350072979,WI,4,CALL,0,Chicago,801047,Wisconsin Rapids Branch,0,,Wood,COMMERCIAL LENDING,,,02/22/2020,1,12,1,WI,1,Wisconsin,7,FDIC,Chicago,545681,,0,1710 W Grand Ave,-89.8451009624848,,NEW LONDON,55135,"Wausau-Stevens Point-Wisconsin Rapids, WI",New London,21,55141,,,First State Bank,Wisconsin Rapids,WI,2023_15271_12
54961,DIF,NM,United States,54498,STATE,0,493875,Wisconsin,08/03/2009,2023,State Agency,11,55,100.0,9,12547,United States,"FIRST STATE BANCSHARES, INC.",0,,0,462534,,Withee,ONE,CB,EXACT,,STATE,0,,0,113 W North Water St,0,6557,1975459,19,15271,44.94703900765,WI,4,CALL,0,Chicago,801047,Withee Branch,0,,Clark,COMMERCIAL LENDING,,,02/22/2020,0,14,1,WI,1,Wisconsin,7,FDIC,Chicago,545681,,0,N14570 County Road O,-90.65797701043,,NEW LONDON,55135,,New London,21,55019,,,First State Bank,Withee,WI,2023_15271_14
54961,DIF,NM,United States,54437,STATE,0,528465,Wisconsin,02/13/2012,2023,State Agency,11,55,100.0,9,12547,United States,"FIRST STATE BANCSHARES, INC.",0,,0,462534,,Greenwood,ONE,CB,EXACT,,STATE,0,,0,113 W North Water St,0,8287,1975459,19,15271,44.7667039953017,WI,4,CALL,0,Chicago,801047,Greenwood Branch,0,,Clark,COMMERCIAL LENDING,,,02/22/2020,0,15,1,WI,1,Wisconsin,7,FDIC,Chicago,545681,,0,106 S Main St,-90.5977869828221,,NEW LONDON,55135,,New London,21,55019,,,First State Bank,Greenwood,WI,2023_15271_15
54961,DIF,NM,United States,54412,STATE,0,6885,Wisconsin,02/22/2020,2023,State Agency,11,55,100.0,9,12547,United States,"FIRST STATE BANCSHARES, INC.",0,,0,462534,,Auburndale,ONE,CB,EXACT,,STATE,0,,0,113 W North Water St,554,59593,1975459,141,15271,44.6274139893369,WI,4,CALL,0,Chicago,801047,Auburndale Branch,0,,Wood,COMMERCIAL LENDING,,,02/22/2020,1,16,1,WI,1,Wisconsin,7,FDIC,Chicago,545681,,0,5758 Main St,-90.0076460139862,,NEW LONDON,55135,"Wausau-Stevens Point-Wisconsin Rapids, WI",New London,21,55141,,,First State Bank,Auburndale,WI,2023_15271_16
54961,DIF,NM,United States,54482,STATE,0,647659,Wisconsin,04/11/2022,2023,State Agency,11,55,98.9,9,12547,United States,"FIRST STATE BANCSHARES, INC.",0,,0,462534,,Stevens Point,ONE,CB,StreetAddressExt,,STATE,0,,0,113 W North Water St,554,16840,1975459,97,15271,44.5002072984706,WI,4,CALL,0,Chicago,801047,Stevens Point Branch,0,,Portage,COMMERCIAL LENDING,,,,1,17,1,WI,1,Wisconsin,7,FDIC,Chicago,545681,,0,5500 Carrie Frost Dr,-89.508369705095,,NEW LONDON,55135,"Wausau-Stevens Point-Wisconsin Rapids, WI",New London,21,55097,,,First State Bank,Stevens Point,WI,2023_15271_17
54961,DIF,NM,United States,54929,STATE,0,9175,Wisconsin,08/11/1934,2023,State Agency,11,55,100.0,9,12547,United States,"FIRST STATE BANCSHARES, INC.",0,,0,462534,,Clintonville,ONE,CB,EXACT,,STATE,0,,0,113 W North Water St,0,64270,1975459,135,15271,44.6209719938324,WI,4,CALL,0,Chicago,801047,Clintonville Branch,0,,Waupaca,COMMERCIAL LENDING,,,07/01/1989,0,2,1,WI,1,Wisconsin,7,FDIC,Chicago,545681,,0,60 S Main St,-88.7622839625749,,NEW LONDON,55135,,New London,21,55135,,,First State Bank,Clintonville,WI,2023_15271_2
54961,DIF,NM,United States,54949,STATE,0,233562,Wisconsin,05/20/1996,2023,State Agency,11,55,100.0,9,12547,United States,"FIRST STATE BANCSHARES, INC.",0,,0,462534,,Manawa,ONE,CB,EXACT,,STATE,0,,0,113 W North Water St,0,26831,1975459,135,15271,44.4643920075448,WI,4,CALL,0,Chicago,801047,Manawa Branch,0,,Waupaca,COMMERCIAL LENDING,,,,0,4,1,WI,1,Wisconsin,7,FDIC,Chicago,545681,,0,227 S Bridge St,-88.9203199692631,,NEW LONDON,55135,,New London,21,55135,,,First State Bank,Manawa,WI,2023_15271_4
54961,DIF,NM,United States,54981,STATE,0,442335,Wisconsin,02/21/2005,2023,State Agency,11,55,100.0,9,12547,United States,"FIRST STATE BANCSHARES, INC.",0,,0,462534,,Waupaca,ONE,CB,EXACT,,STATE,0,,0,113 W North Water St,0,24953,1975459,135,15271,44.3554359834434,WI,4,CALL,0,Chicago,801047,First State Bank-Waupaca Branch,0,,Waupaca,COMMERCIAL LENDING,,,,0,8,1,WI,1,Wisconsin,7,FDIC,Chicago,545681,,0,101 County Road Qq,-89.1174879805732,,NEW LONDON,55135,,New London,21,55135,,,First State Bank,Waupaca,WI,2023_15271_8
54923,DIF,SM,United States,54923,STATE,0,10026,Wisconsin,12/02/1940,2023,State Agency,11,55,100.0,9,0,United States,"KUJAWA FAMILY HOLDINGS, INC.",0,,592315,592315,,Berlin,ONE,CB,EXACT,M,STATE,1,,0,123 W Huron St,0,592315,3444203,47,15779,43.9686469845328,WI,4,CALL,0,Chicago,574949,The Farmers & Merchants Bank,0,,Green Lake,COMMERCIAL LENDING,,,,0,0,1,WI,1,Wisconsin,7,FED,Chicago,749844,,0,123 W Huron St,-88.9474569675268,,BERLIN,55047,,Berlin,13,55047,,,The Farmers & Merchants Bank,Berlin,WI,2023_15779_0
54923,DIF,SM,United States,54923,STATE,0,590055,Wisconsin,11/11/2011,2023,State Agency,23,55,100.0,9,0,United States,"KUJAWA FAMILY HOLDINGS, INC.",0,,0,592315,,Berlin,ONE,CB,EXACT,C,STATE,0,0,0,123 W Huron St,0,0,3444203,47,15779,43.9685459825995,WI,4,CALL,0,Chicago,574949,Berlin Drive Up Location Branch,0,,Green Lake,COMMERCIAL LENDING,,,,0,1,1,WI,1,Wisconsin,7,FED,Chicago,749844,,0,663 Broadway,-88.9706579916974,,BERLIN,55047,,Berlin,13,55047,,,The Farmers & Merchants Bank,Berlin,WI,2023_15779_1
54950,DIF,NM,United States,54950,STATE,0,10044,Wisconsin,02/24/1941,2023,State Agency,11,55,100.0,9,11899,United States,"M.S.B. BANCORPORATION, INC.",0,,425978,425978,,Marion,ONE,CB,EXACT,M,STATE,1,,0,230 Mavis Rd,0,117438,1210749,135,15799,44.6803340151349,WI,4,CALL,0,Chicago,597546,Premier Community Bank,0,,Waupaca,COMMERCIAL LENDING,,,,0,0,1,WI,1,Wisconsin,7,FDIC,Chicago,486131,,0,230 Mavis Rd,-88.8924969960435,,MARION,55135,,Marion,21,55135,,,Premier Community Bank,Marion,WI,2023_15799_0
54950,DIF,NM,United States,54922,STATE,11540,235299,Wisconsin,12/03/1945,2023,State Agency,11,55,100.0,9,11899,United States,"M.S.B. BANCORPORATION, INC.",0,,0,425978,,Bear Creek,ONE,CB,EXACT,,STATE,0,,0,230 Mavis Rd,118,13455,1210749,87,15799,44.5307739984853,WI,4,CALL,0,Chicago,597546,Bear Creek Branch,1,,Outagamie,COMMERCIAL LENDING,,,,0,1,1,WI,1,Wisconsin,7,FDIC,Chicago,486131,,0,108 Railroad Ave,-88.7266720220105,,MARION,55135,"Appleton-Oshkosh-Neenah, WI",Marion,21,55087,,"Appleton, WI",Premier Community Bank,Bear Creek,WI,2023_15799_1
54950,DIF,NM,United States,54949,STATE,0,8519,Wisconsin,03/17/1916,2023,State Agency,11,55,100.0,9,11899,United States,"M.S.B. BANCORPORATION, INC.",0,,0,425978,,Manawa,ONE,CB,EXACT,,STATE,0,,0,230 Mavis Rd,0,26635,1210749,135,15799,44.4626769863361,WI,4,CALL,0,Chicago,597546,Manawa Branch,0,,Waupaca,COMMERCIAL LENDING,,,09/07/2012,0,10,1,WI,1,Wisconsin,7,FDIC,Chicago,486131,,0,431 S Bridge St,-88.9203969989533,,MARION,55135,,Marion,21,55135,,,Premier Community Bank,Manawa,WI,2023_15799_10
54950,DIF,NM,United States,54940,STATE,0,229371,Wisconsin,06/01/1992,2023,State Agency,11,55,100.0,9,11899,United States,"M.S.B. BANCORPORATION, INC.",0,,0,425978,,Fremont,ONE,CB,EXACT,,STATE,0,,0,230 Mavis Rd,0,25304,1210749,135,15799,44.2609710126468,WI,4,CALL,0,Chicago,597546,Fremont Branch,0,,Waupaca,COMMERCIAL LENDING,,,09/07/2012,0,12,1,WI,1,Wisconsin,7,FDIC,Chicago,486131,,0,307 Wolf River Dr,-88.8665870245856,,MARION,55135,,Marion,21,55135,,,Premier Community Bank,Fremont,WI,2023_15799_12
54950,DIF,NM,United States,54981,STATE,0,358289,Wisconsin,08/09/1999,2023,State Agency,11,55,100.0,9,11899,United States,"M.S.B. BANCORPORATION, INC.",0,,0,425978,,Waupaca,ONE,CB,EXACT,,STATE,0,,0,230 Mavis Rd,0,36660,1210749,135,15799,44.3574830118369,WI,4,CALL,0,Chicago,597546,Waupaca Branch,0,,Waupaca,COMMERCIAL LENDING,,,09/07/2012,0,13,1,WI,1,Wisconsin,7,FDIC,Chicago,486131,,0,936 Furman Dr,-89.1058129952782,,MARION,55135,,Marion,21,55135,,,Premier Community Bank,Waupaca,WI,2023_15799_13
54950,DIF,NM,United States,54986,STATE,36780,276708,Wisconsin,01/01/1886,2023,State Agency,11,55,100.0,9,11899,United States,"M.S.B. BANCORPORATION, INC.",0,,0,425978,,Winneconne,ONE,CB,EXACT,,STATE,0,,0,230 Mavis Rd,118,24358,1210749,139,15799,44.1120419856683,WI,4,CALL,0,Chicago,597546,927 E Main St Branch,1,,Winnebago,COMMERCIAL LENDING,,,09/25/2015,0,14,1,WI,1,Wisconsin,7,FDIC,Chicago,486131,,0,927 E Main St,-88.6937500018132,,MARION,55135,"Appleton-Oshkosh-Neenah, WI",Marion,21,55139,,"Oshkosh-Neenah, WI",Premier Community Bank,Winneconne,WI,2023_15799_14
54950,DIF,NM,United States,54983,STATE,0,657434,Wisconsin,10/13/2022,2023,State Agency,11,55,100.0,9,11899,United States,"M.S.B. BANCORPORATION, INC.",0,,0,425978,,Weyauwega,ONE,CB,EXACT,,STATE,0,,0,230 Mavis Rd,0,7408,1210749,135,15799,44.321708001346,WI,4,CALL,0,Chicago,597546,Weyauwega Branch,0,,Waupaca,COMMERCIAL LENDING,,,,0,15,1,WI,1,Wisconsin,7,FDIC,Chicago,486131,,0,110 W. Main Street,-88.934980001736,,MARION,55135,,Marion,21,55135,,,Premier Community Bank,Weyauwega,WI,2023_15799_15
54950,DIF,NM,United States,54945,STATE,0,235301,Wisconsin,11/04/1991,2023,State Agency,11,55,100.0,9,11899,United States,"M.S.B. BANCORPORATION, INC.",0,,0,425978,,Iola,ONE,CB,EXACT,,STATE,0,,0,230 Mavis Rd,0,27308,1210749,135,15799,44.5074589804315,WI,4,CALL,0,Chicago,597546,Iola Branch,0,,Waupaca,COMMERCIAL LENDING,,,,0,3,1,WI,1,Wisconsin,7,FDIC,Chicago,486131,,0,505 E State St,-89.1225430225593,,MARION,55135,,Marion,21,55135,,,Premier Community Bank,Iola,WI,2023_15799_3
54950,DIF,NM,United States,54486,STATE,0,235303,Wisconsin,11/02/1998,2023,State Agency,11,55,100.0,9,11899,United States,"M.S.B. BANCORPORATION, INC.",0,,0,425978,,Tigerton,ONE,CB,EXACT,,STATE,0,,0,230 Mavis Rd,267,14228,1210749,115,15799,44.7375860180415,WI,4,CALL,0,Chicago,597546,Tigerton Branch,0,,Shawano,COMMERCIAL LENDING,,,,1,5,1,WI,1,Wisconsin,7,FDIC,Chicago,486131,,0,112 Us Highway 45 N,-89.0513000306912,,MARION,55135,"Green Bay-Shawano, WI",Marion,21,55115,,,Premier Community Bank,Tigerton,WI,2023_15799_5
54950,DIF,NM,United States,54162,STATE,24580,361952,Wisconsin,09/17/2001,2023,State Agency,11,55,98.85,9,11899,United States,"M.S.B. BANCORPORATION, INC.",0,,0,425978,,Pulaski,ONE,CB,StreetAddress,,STATE,0,,0,230 Mavis Rd,267,65090,1210749,9,15799,44.6632961154415,WI,4,CALL,0,Chicago,597546,Pulaski Branch,1,,Brown,COMMERCIAL LENDING,,,,0,8,1,WI,1,Wisconsin,7,FDIC,Chicago,486131,,0,745 N Highway 32,-88.2262565271785,,MARION,55135,"Green Bay-Shawano, WI",Marion,21,55009,,"Green Bay, WI",Premier Community Bank,Pulaski,WI,2023_15799_8
54950,DIF,NM,United States,54166,STATE,0,455687,Wisconsin,10/16/2006,2023,State Agency,11,55,US_Streets,9,11899,United States,"M.S.B. BANCORPORATION, INC.",0,,0,425978,,Shawano,ONE,CB,M,,STATE,0,,0,230 Mavis Rd,267,68094,1210749,115,15799,44.760232,WI,4,CALL,0,Chicago,597546,Shawano Branch,0,,Shawano,COMMERCIAL LENDING,,,,1,9,1,WI,1,Wisconsin,7,FDIC,Chicago,486131,,0,N4805 Highway 22,-88.60911,,MARION,55135,"Green Bay-Shawano, WI",Marion,21,55115,,,Premier Community Bank,Shawano,WI,2023_15799_9
53188,DIF,NM,United States,53188,STATE,33340,10370,Wisconsin,06/15/1944,2023,State Agency,11,55,100.0,9,0,United States,BANK STREET CAPITAL CORPORATION,0,,1156107,1156107,,Waukesha,ONE,CB,EXACT,M,STATE,1,,0,151 E Saint Paul Ave,376,491192,5149043,133,16160,43.0124670048302,WI,4,CALL,0,Chicago,290249,Waukesha State Bank,1,,Waukesha,COMMERCIAL LENDING,,,,0,0,1,WI,1,Wisconsin,7,FDIC,Chicago,1499501,,0,151 E Saint Paul Ave,-88.2333250195875,,WAUKESHA,55133,"Milwaukee-Racine-Waukesha, WI",Waukesha,21,55133,,"Milwaukee-Waukesha, WI",Waukesha State Bank,Waukesha,WI,2023_16160_0
53188,DIF,NM,United States,53018,STATE,33340,237541,Wisconsin,11/02/1994,2023,State Agency,12,55,100.0,9,0,United States,BANK STREET CAPITAL CORPORATION,0,,0,1156107,,Delafield,ONE,CB,EXACT,,STATE,0,,0,151 E Saint Paul Ave,376,61338,5149043,133,16160,43.0531960134642,WI,4,CALL,0,Chicago,290249,Delafield Branch,1,,Waukesha,COMMERCIAL LENDING,,,,0,11,1,WI,1,Wisconsin,7,FDIC,Chicago,1499501,,0,3293 Golf Rd,-88.3647729588508,,WAUKESHA,55133,"Milwaukee-Racine-Waukesha, WI",Waukesha,21,55133,,"Milwaukee-Waukesha, WI",Waukesha State Bank,Delafield,WI,2023_16160_11
53188,DIF,NM,United States,53072,STATE,33340,237542,Wisconsin,08/21/1996,2023,State Agency,12,55,100.0,9,0,United States,BANK STREET CAPITAL CORPORATION,0,,0,1156107,,Pewaukee,ONE,CB,EXACT,,STATE,0,,0,151 E Saint Paul Ave,376,62001,5149043,133,16160,43.0818669838281,WI,4,CALL,0,Chicago,290249,Pewaukee Branch,1,,Waukesha,COMMERCIAL LENDING,,,,0,12,1,WI,1,Wisconsin,7,FDIC,Chicago,1499501,,0,1230 Capitol Dr,-88.2380600405103,,WAUKESHA,55133,"Milwaukee-Racine-Waukesha, WI",Waukesha,21,55133,,"Milwaukee-Waukesha, WI",Waukesha State Bank,Pewaukee,WI,2023_16160_12
53188,DIF,NM,United States,53188,STATE,33340,237543,Wisconsin,10/27/1999,2023,State Agency,12,55,100.0,9,0,United States,BANK STREET CAPITAL CORPORATION,0,,0,1156107,,Waukesha,ONE,CB,EXACT,,STATE,0,,0,151 E Saint Paul Ave,376,38847,5149043,133,16160,43.0219600130906,WI,4,CALL,0,Chicago,290249,Meadowbrook Road Branch,1,,Waukesha,COMMERCIAL LENDING,,,,0,13,1,WI,1,Wisconsin,7,FDIC,Chicago,1499501,,0,701 Meadowbrook Rd,-88.2839129903744,,WAUKESHA,55133,"Milwaukee-Racine-Waukesha, WI",Waukesha,21,55133,,"Milwaukee-Waukesha, WI",Waukesha State Bank,Waukesha,WI,2023_16160_13
53188,DIF,NM,United States,53066,STATE,33340,428176,Wisconsin,05/04/2004,2023,State Agency,11,55,100.0,9,0,United States,BANK STREET CAPITAL CORPORATION,0,,0,1156107,,Oconomowoc,ONE,CB,EXACT,,STATE,0,,0,151 E Saint Paul Ave,376,58114,5149043,133,16160,43.0728970063258,WI,4,CALL,0,Chicago,290249,Oconomowoc Branch,1,,Waukesha,COMMERCIAL LENDING,,,,0,17,1,WI,1,Wisconsin,7,FDIC,Chicago,1499501,,0,1227 Corporate Center Dr,-88.4719149714671,,WAUKESHA,55133,"Milwaukee-Racine-Waukesha, WI",Waukesha,21,55133,,"Milwaukee-Waukesha, WI",Waukesha State Bank,Oconomowoc,WI,2023_16160_17
53188,DIF,NM,United States,53150,STATE,33340,451600,Wisconsin,06/05/2006,2023,State Agency,11,55,100.0,9,0,United States,BANK STREET CAPITAL CORPORATION,0,,0,1156107,,Muskego,ONE,CB,EXACT,,STATE,0,,0,151 E Saint Paul Ave,376,40358,5149043,133,16160,42.9193840003197,WI,4,CALL,0,Chicago,290249,Muskego Branch,1,,Waukesha,COMMERCIAL LENDING,,,,0,19,1,WI,1,Wisconsin,7,FDIC,Chicago,1499501,,0,S69w15273 Janesville Rd,-88.1052290034039,,WAUKESHA,55133,"Milwaukee-Racine-Waukesha, WI",Waukesha,21,55133,,"Milwaukee-Waukesha, WI",Waukesha State Bank,Muskego,WI,2023_16160_19
53188,DIF,NM,United States,53186,STATE,33340,237532,Wisconsin,07/18/1984,2023,State Agency,12,55,100.0,9,0,United States,BANK STREET CAPITAL CORPORATION,0,,0,1156107,,Waukesha,ONE,CB,EXACT,,STATE,0,,0,151 E Saint Paul Ave,376,68472,5149043,133,16160,43.0219919900512,WI,4,CALL,0,Chicago,290249,East Main Street Branch,1,,Waukesha,COMMERCIAL LENDING,,,,0,2,1,WI,1,Wisconsin,7,FDIC,Chicago,1499501,,0,1640 E Main St,-88.2019519750969,,WAUKESHA,55133,"Milwaukee-Racine-Waukesha, WI",Waukesha,21,55133,,"Milwaukee-Waukesha, WI",Waukesha State Bank,Waukesha,WI,2023_16160_2
53188,DIF,NM,United States,53149,STATE,33340,466807,Wisconsin,07/24/2007,2023,State Agency,11,55,100.0,9,0,United States,BANK STREET CAPITAL CORPORATION,0,,0,1156107,,Mukwonago,ONE,CB,EXACT,,STATE,0,,0,151 E Saint Paul Ave,376,36735,5149043,133,16160,42.8800530093164,WI,4,CALL,0,Chicago,290249,Mukwonago Branch,1,,Waukesha,COMMERCIAL LENDING,,,,0,20,1,WI,1,Wisconsin,7,FDIC,Chicago,1499501,,0,1160 N Rochester St,-88.3399429956171,,WAUKESHA,55133,"Milwaukee-Racine-Waukesha, WI",Waukesha,21,55133,,"Milwaukee-Waukesha, WI",Waukesha State Bank,Mukwonago,WI,2023_16160_20
53188,DIF,NM,United States,53089,STATE,33340,477839,Wisconsin,06/23/2008,2023,State Agency,11,55,100.0,9,0,United States,BANK STREET CAPITAL CORPORATION,0,,0,1156107,,Sussex,ONE,CB,POSTAL,,STATE,0,,0,151 E Saint Paul Ave,376,58181,5149043,133,16160,43.1381680777956,WI,4,CALL,0,Chicago,290249,Sussex Branch,1,,Waukesha,COMMERCIAL LENDING,,,,0,22,1,WI,1,Wisconsin,7,FDIC,Chicago,1499501,,0,W249 N6688 State Highway 164,-88.2308169362518,,WAUKESHA,55133,"Milwaukee-Racine-Waukesha, WI",Waukesha,21,55133,,"Milwaukee-Waukesha, WI",Waukesha State Bank,Sussex,WI,2023_16160_22
53188,DIF,NM,United States,53186,STATE,33340,501288,Wisconsin,01/28/2010,2023,State Agency,11,55,100.0,9,0,United States,BANK STREET CAPITAL CORPORATION,0,,0,1156107,,Waukesha,ONE,CB,EXACT,,STATE,0,,0,151 E Saint Paul Ave,376,47500,5149043,133,16160,42.995412011163,WI,4,CALL,0,Chicago,290249,East Racine Avenue Branch,1,,Waukesha,COMMERCIAL LENDING,,,,0,23,1,WI,1,Wisconsin,7,FDIC,Chicago,1499501,,0,1709 E Racine Ave,-88.2009589710277,,WAUKESHA,55133,"Milwaukee-Racine-Waukesha, WI",Waukesha,21,55133,,"Milwaukee-Waukesha, WI",Waukesha State Bank,Waukesha,WI,2023_16160_23
53188,DIF,NM,United States,53151,STATE,33340,539955,Wisconsin,06/04/2013,2023,State Agency,11,55,100.0,9,0,United States,BANK STREET CAPITAL CORPORATION,0,,0,1156107,,New Berlin,ONE,CB,EXACT,,STATE,0,,0,151 E Saint Paul Ave,376,28800,5149043,133,16160,42.9860710087167,WI,4,CALL,0,Chicago,290249,New Berlin Wi Branch,1,,Waukesha,COMMERCIAL LENDING,,,,0,24,1,WI,1,Wisconsin,7,FDIC,Chicago,1499501,,0,14000 W National Ave,-88.0890410338012,,WAUKESHA,55133,"Milwaukee-Racine-Waukesha, WI",Waukesha,21,55133,,"Milwaukee-Waukesha, WI",Waukesha State Bank,New Berlin,WI,2023_16160_24
53188,DIF,NM,United States,53045,STATE,33340,555745,Wisconsin,05/19/2014,2023,State Agency,11,55,100.0,9,0,United States,BANK STREET CAPITAL CORPORATION,0,,0,1156107,,Brookfield,ONE,CB,EXACT,,STATE,0,,0,151 E Saint Paul Ave,376,64590,5149043,133,16160,43.0912630134687,WI,4,CALL,0,Chicago,290249,Brookfield Wi Branch,1,,Waukesha,COMMERCIAL LENDING,,,,0,25,1,WI,1,Wisconsin,7,FDIC,Chicago,1499501,,0,18300 W Capitol Dr,-88.1396620292867,,WAUKESHA,55133,"Milwaukee-Racine-Waukesha, WI",Waukesha,21,55133,,"Milwaukee-Waukesha, WI",Waukesha State Bank,Brookfield,WI,2023_16160_25
53188,DIF,NM,United States,53051,STATE,33340,629851,Wisconsin,01/11/2021,2023,State Agency,11,55,100.0,9,0,United States,BANK STREET CAPITAL CORPORATION,0,,0,1156107,,Menomonee Falls,ONE,CB,StreetAddress,,STATE,0,,0,151 E Saint Paul Ave,376,18197,5149043,133,16160,43.1680294774349,WI,4,CALL,0,Chicago,290249,Menomonee Falls Office Branch,1,,Waukesha,COMMERCIAL LENDING,,,,0,26,1,WI,1,Wisconsin,7,FDIC,Chicago,1499501,,0,N83w15424 Appleton Ave,-88.1013821489672,,WAUKESHA,55133,"Milwaukee-Racine-Waukesha, WI",Waukesha,21,55133,,"Milwaukee-Waukesha, WI",Waukesha State Bank,Menomonee Falls,WI,2023_16160_26
53188,DIF,NM,United States,53188,STATE,33340,652420,Wisconsin,02/07/2022,2023,State Agency,30,55,100.0,9,0,United States,BANK STREET CAPITAL CORPORATION,0,,0,1156107,,Waukesha,ONE,CB,EXACT,N,STATE,0,,0,151 E Saint Paul Ave,376,0,5149043,133,16160,43.0521750138384,WI,4,CALL,0,Chicago,290249,Prairie Trust Branch,1,,Waukesha,COMMERCIAL LENDING,,,,0,27,1,WI,1,Wisconsin,7,FDIC,Chicago,1499501,,0,N16W23321 Stone Ridge Dr.,-88.2112689633906,,WAUKESHA,55133,"Milwaukee-Racine-Waukesha, WI",Waukesha,21,55133,,"Milwaukee-Waukesha, WI",Waukesha State Bank,Pewaukee,WI,2023_16160_27
53188,DIF,NM,United States,53189,STATE,33340,237536,Wisconsin,06/06/1988,2023,State Agency,11,55,100.0,9,0,United States,BANK STREET CAPITAL CORPORATION,0,,0,1156107,,Waukesha,ONE,CB,EXACT,,STATE,0,,0,151 E Saint Paul Ave,376,81781,5149043,133,16160,42.9875849899778,WI,4,CALL,0,Chicago,290249,West Sunset Drive Office,1,,Waukesha,COMMERCIAL LENDING,,,,0,6,1,WI,1,Wisconsin,7,FDIC,Chicago,1499501,,0,S31w25995 Sunset Dr,-88.2671439872436,,WAUKESHA,55133,"Milwaukee-Racine-Waukesha, WI",Waukesha,21,55133,,"Milwaukee-Waukesha, WI",Waukesha State Bank,Waukesha,WI,2023_16160_6
60606,DIF,N,United States,54801,OCC,0,6123,Illinois,08/11/1903,2023,Comptroller of the Currency,11,55,100.0,9,0,Canada,BANK OF MONTREAL,0,6,0,202237154,,Spooner,MULT,CB,EXACT,,FED,0,,0,320 S Canal St,0,30246,1231333,129,16571,45.8277940125334,IL,4,CALL,0,Chicago,75633,Spooner Main Branch,0,,Washburn,COMMERCIAL LENDING,Large Bank,,02/02/2023,0,1373,0,WI,1,Wisconsin,7,OCC,Chicago,263430065,,0,118 Elm St,-91.8870950173061,,MONTREAL,17031,,Chicago,3,55129,,,BMO Harris Bank National Association,Spooner,,2023_16571_1373
60606,DIF,N,United States,53012,OCC,33340,15274,Illinois,05/07/1975,2023,Comptroller of the Currency,11,55,US_Zipcode,9,0,Canada,BANK OF MONTREAL,0,6,0,202237154,,Cedarburg,MULT,CB,M,,FED,0,,0,320 S Canal St,376,148148,1231333,89,16571,43.31496,IL,4,CALL,0,Chicago,75633,Ozaukee Bank Branch,1,,Ozaukee,COMMERCIAL LENDING,Large Bank,,09/06/2008,0,241,0,WI,1,Wisconsin,7,OCC,Chicago,263430065,,0,N69 W5269 Columbia Road,-88.034806,,MONTREAL,17031,"Milwaukee-Racine-Waukesha, WI",Chicago,3,55089,,"Milwaukee-Waukesha, WI",BMO Harris Bank National Association,Cedarburg,,2023_16571_241
60606,DIF,N,United States,53074,OCC,33340,253906,Illinois,09/18/1991,2023,Comptroller of the Currency,11,55,100.0,9,0,Canada,BANK OF MONTREAL,0,6,0,202237154,,Port Washington,MULT,CB,EXACT,,FED,0,,0,320 S Canal St,376,54575,1231333,89,16571,43.3866320193683,IL,4,CALL,0,Chicago,75633,Port Washington Branch,1,,Ozaukee,COMMERCIAL LENDING,Large Bank,,09/06/2008,0,243,0,WI,1,Wisconsin,7,OCC,Chicago,263430065,,0,623 W Grand Ave,-87.8828990216753,,MONTREAL,17031,"Milwaukee-Racine-Waukesha, WI",Chicago,3,55089,,"Milwaukee-Waukesha, WI",BMO Harris Bank National Association,Port Washington,,2023_16571_243
60606,DIF,N,United States,53092,OCC,33340,253907,Illinois,09/29/1993,2023,Comptroller of the Currency,11,55,100.0,9,0,Canada,BANK OF MONTREAL,0,6,0,202237154,,Mequon,MULT,CB,EXACT,,FED,0,,0,320 S Canal St,376,76422,1231333,89,16571,43.234040980802,IL,4,CALL,0,Chicago,75633,Thiensville Branch,1,,Ozaukee,COMMERCIAL LENDING,Large Bank,,09/06/2008,0,244,0,WI,1,Wisconsin,7,OCC,Chicago,263430065,,0,201 N Main St,-87.9842600356714,,MONTREAL,17031,"Milwaukee-Racine-Waukesha, WI",Chicago,3,55089,,"Milwaukee-Waukesha, WI",BMO Harris Bank National Association,Thiensville,,2023_16571_244
60606,DIF,N,United States,53024,OCC,33340,364348,Illinois,07/12/2002,2023,Comptroller of the Currency,11,55,100.0,9,0,Canada,BANK OF MONTREAL,0,6,0,202237154,,Grafton,MULT,CB,EXACT,,FED,0,,0,320 S Canal St,376,93678,1231333,89,16571,43.3201610126161,IL,4,CALL,0,Chicago,75633,Grafton Branch,1,,Ozaukee,COMMERCIAL LENDING,Large Bank,,09/06/2008,0,245,0,WI,1,Wisconsin,7,OCC,Chicago,263430065,,0,1200 Washington St,-87.9513339921605,,MONTREAL,17031,"Milwaukee-Racine-Waukesha, WI",Chicago,3,55089,,"Milwaukee-Waukesha, WI",BMO Harris Bank National Association,Grafton,,2023_16571_245
60606,DIF,N,United States,53215,OCC,33340,228771,Illinois,07/18/1990,2023,Comptroller of the Currency,23,55,100.0,9,0,Canada,BANK OF MONTREAL,0,6,0,202237154,,Milwaukee,MULT,CB,EXACT,C,FED,0,266,0,320 S Canal St,376,0,1231333,79,16571,42.9854419887929,IL,4,CALL,0,Chicago,75633,Villa St. Francis Branch,1,,Milwaukee,COMMERCIAL LENDING,Large Bank,,09/06/2008,0,253,0,WI,1,Wisconsin,7,OCC,Chicago,263430065,,0,1910 W Ohio Ave,-87.9379060156354,,MONTREAL,17031,"Milwaukee-Racine-Waukesha, WI",Chicago,3,55079,,"Milwaukee-Waukesha, WI",BMO Harris Bank National Association,Milwaukee,,2023_16571_253
60606,DIF,N,United States,53223,OCC,33340,228773,Illinois,07/01/1993,2023,Comptroller of the Currency,23,55,100.0,9,0,Canada,BANK OF MONTREAL,0,6,0,202237154,,Milwaukee,MULT,CB,EXACT,C,FED,0,389,0,320 S Canal St,376,0,1231333,79,16571,43.1714109811799,IL,4,CALL,0,Chicago,75633,Friendship Village Branch,1,,Milwaukee,COMMERCIAL LENDING,Large Bank,,09/06/2008,0,255,0,WI,1,Wisconsin,7,OCC,Chicago,263430065,,0,7300 W Dean Rd,-88.0016310270883,,MONTREAL,17031,"Milwaukee-Racine-Waukesha, WI",Chicago,3,55079,,"Milwaukee-Waukesha, WI",BMO Harris Bank National Association,Milwaukee,,2023_16571_255
60606,DIF,N,United States,53150,OCC,33340,228774,Illinois,08/02/1995,2023,Comptroller of the Currency,23,55,US_Zipcode,9,0,Canada,BANK OF MONTREAL,0,6,0,202237154,,Muskego,MULT,CB,M,C,FED,0,628,0,320 S Canal St,376,0,1231333,133,16571,42.882925,IL,4,CALL,0,Chicago,75633,Stoney Creek Retirement Branch,1,,Waukesha,COMMERCIAL LENDING,Large Bank,,09/06/2008,0,256,0,WI,1,Wisconsin,7,OCC,Chicago,263430065,,0,S69 W14142 Tess Corners Drive,-88.1263,,MONTREAL,17031,"Milwaukee-Racine-Waukesha, WI",Chicago,3,55133,,"Milwaukee-Waukesha, WI",BMO Harris Bank National Association,Muskego,,2023_16571_256
60606,DIF,N,United States,53214,OCC,33340,228779,Illinois,05/01/1998,2023,Comptroller of the Currency,23,55,100.0,9,0,Canada,BANK OF MONTREAL,0,6,0,202237154,,Milwaukee,MULT,CB,EXACT,C,FED,0,384,0,320 S Canal St,376,0,1231333,79,16571,43.0159690058865,IL,4,CALL,0,Chicago,75633,Landmark Branch,1,,Milwaukee,COMMERCIAL LENDING,Large Bank,,09/06/2008,0,260,0,WI,1,Wisconsin,7,OCC,Chicago,263430065,,0,1441 S 68th St,-87.9991749618199,,MONTREAL,17031,"Milwaukee-Racine-Waukesha, WI",Chicago,3,55079,,"Milwaukee-Waukesha, WI",BMO Harris Bank National Association,West Allis,,2023_16571_260
60606,DIF,N,United States,53228,OCC,33340,228780,Illinois,01/12/1999,2023,Comptroller of the Currency,23,55,100.0,9,0,Canada,BANK OF MONTREAL,0,6,0,202237154,,Milwaukee,MULT,CB,EXACT,C,FED,0,410,0,320 S Canal St,376,0,1231333,79,16571,42.9543429906267,IL,4,CALL,0,Chicago,75633,Lexington Village Branch,1,,Milwaukee,COMMERCIAL LENDING,Large Bank,,09/06/2008,0,261,0,WI,1,Wisconsin,7,OCC,Chicago,263430065,,0,5000 S 107th St,-88.0464759692766,,MONTREAL,17031,"Milwaukee-Racine-Waukesha, WI",Chicago,3,55079,,"Milwaukee-Waukesha, WI",BMO Harris Bank National Association,Greenfield,,2023_16571_261
60606,DIF,N,United States,53151,OCC,33340,361953,Illinois,09/10/2001,2023,Comptroller of the Currency,23,55,100.0,9,0,Canada,BANK OF MONTREAL,0,6,0,202237154,,New Berlin,MULT,CB,EXACT,C,FED,0,530,0,320 S Canal St,376,0,1231333,133,16571,42.9785700016555,IL,4,CALL,0,Chicago,75633,Deer Creek Village Branch,1,,Waukesha,COMMERCIAL LENDING,Large Bank,,09/06/2008,0,262,0,WI,1,Wisconsin,7,OCC,Chicago,263430065,,0,3601 S 147th St,-88.0976299699851,,MONTREAL,17031,"Milwaukee-Racine-Waukesha, WI",Chicago,3,55133,,"Milwaukee-Waukesha, WI",BMO Harris Bank National Association,New Berlin,,2023_16571_262
60606,DIF,N,United States,53215,OCC,33340,363273,Illinois,02/19/2002,2023,Comptroller of the Currency,11,55,100.0,9,0,Canada,BANK OF MONTREAL,0,6,0,202237154,,Milwaukee,MULT,CB,EXACT,,FED,0,,0,320 S Canal St,376,92192,1231333,79,16571,43.0033580134638,IL,4,CALL,0,Chicago,75633,Lincoln Ave Branch,1,,Milwaukee,COMMERCIAL LENDING,Large Bank,,09/06/2008,0,264,0,WI,1,Wisconsin,7,OCC,Chicago,263430065,,0,2266 S 13th St,-87.9281560182237,,MONTREAL,17031,"Milwaukee-Racine-Waukesha, WI",Chicago,3,55079,,"Milwaukee-Waukesha, WI",BMO Harris Bank National Association,Milwaukee,,2023_16571_264
60606,DIF,N,United States,53211,OCC,33340,365521,Illinois,09/10/2002,2023,Comptroller of the Currency,23,55,100.0,9,0,Canada,BANK OF MONTREAL,0,6,0,202237154,,Milwaukee,MULT,CB,EXACT,C,FED,0,264,0,320 S Canal St,376,0,1231333,79,16571,43.0624650153622,IL,4,CALL,0,Chicago,75633,Prospect Avenue Branch (Retirement Home),1,,Milwaukee,COMMERCIAL LENDING,Large Bank,,09/06/2008,0,265,0,WI,1,Wisconsin,7,OCC,Chicago,263430065,,0,2462 N Prospect Ave,-87.8805889691601,,MONTREAL,17031,"Milwaukee-Racine-Waukesha, WI",Chicago,3,55079,,"Milwaukee-Waukesha, WI",BMO Harris Bank National Association,Milwaukee,,2023_16571_265
60606,DIF,N,United States,53215,OCC,33340,432667,Illinois,10/14/2004,2023,Comptroller of the Currency,11,55,100.0,9,0,Canada,BANK OF MONTREAL,0,6,0,202237154,,Milwaukee,MULT,CB,EXACT,,FED,0,,0,320 S Canal St,376,52154,1231333,79,16571,42.9874769891554,IL,4,CALL,0,Chicago,75633,3131 South 13Th Street Branch,1,,Milwaukee,COMMERCIAL LENDING,Large Bank,,09/06/2008,0,266,0,WI,1,Wisconsin,7,OCC,Chicago,263430065,,0,3131 S 13th St,-87.9291190150795,,MONTREAL,17031,"Milwaukee-Racine-Waukesha, WI",Chicago,3,55079,,"Milwaukee-Waukesha, WI",BMO Harris Bank National Association,Milwaukee,,2023_16571_266
60606,DIF,N,United States,53132,OCC,33340,16815,Illinois,11/15/1982,2023,Comptroller of the Currency,11,55,100.0,9,0,Canada,BANK OF MONTREAL,0,6,0,202237154,,Franklin,MULT,CB,EXACT,,FED,0,,0,320 S Canal St,376,121044,1231333,79,16571,42.9170350138643,IL,4,CALL,0,Chicago,75633,Franklin State Bank - Branch,1,,Milwaukee,COMMERCIAL LENDING,Large Bank,,09/06/2008,0,268,0,WI,1,Wisconsin,7,OCC,Chicago,263430065,,0,7000 S 76th St,-88.0084399823139,,MONTREAL,17031,"Milwaukee-Racine-Waukesha, WI",Chicago,3,55079,,"Milwaukee-Waukesha, WI",BMO Harris Bank National Association,Franklin,,2023_16571_268
60606,DIF,N,United States,53132,OCC,33340,360454,Illinois,06/12/2001,2023,Comptroller of the Currency,23,55,100.0,9,0,Canada,BANK OF MONTREAL,0,6,0,202237154,,Franklin,MULT,CB,EXACT,C,FED,0,268,0,320 S Canal St,376,0,1231333,79,16571,42.893818986087,IL,4,CALL,0,Chicago,75633,Brenwood Park Senior Apartments Branch,1,,Milwaukee,COMMERCIAL LENDING,Large Bank,,09/06/2008,0,270,0,WI,1,Wisconsin,7,OCC,Chicago,263430065,,0,9501 W Loomis Rd,-88.031850973159,,MONTREAL,17031,"Milwaukee-Racine-Waukesha, WI",Chicago,3,55079,,"Milwaukee-Waukesha, WI",BMO Harris Bank National Association,Franklin,,2023_16571_270
60606,DIF,N,United States,53075,OCC,43100,9503,Illinois,07/13/1905,2023,Comptroller of the Currency,11,55,100.0,9,0,Canada,BANK OF MONTREAL,0,6,0,202237154,,Random Lake,MULT,CB,EXACT,,FED,0,,0,320 S Canal St,0,46788,1231333,117,16571,43.5510730154585,IL,4,CALL,0,Chicago,75633,Wisconsin State Bank Branch,1,,Sheboygan,COMMERCIAL LENDING,Large Bank,,09/06/2008,0,279,0,WI,1,Wisconsin,7,OCC,Chicago,263430065,,0,201 Allen St,-87.9635080359706,,MONTREAL,17031,,Chicago,3,55117,,"Sheboygan, WI",BMO Harris Bank National Association,Random Lake,,2023_16571_279
60606,DIF,N,United States,53959,OCC,0,227887,Illinois,12/27/1982,2023,Comptroller of the Currency,11,55,100.0,9,0,Canada,BANK OF MONTREAL,0,6,0,202237154,,Reedsburg,MULT,CB,EXACT,,FED,0,,0,320 S Canal St,357,99106,1231333,111,16571,43.5379009803468,IL,4,CALL,0,Chicago,75633,Reedsburg - Viking Dr. Branch,0,,Sauk,COMMERCIAL LENDING,Large Bank,,09/06/2008,1,288,0,WI,1,Wisconsin,7,OCC,Chicago,263430065,,0,500 Viking Dr,-89.9839300056845,,MONTREAL,17031,"Madison-Janesville-Beloit, WI",Chicago,3,55111,,,BMO Harris Bank National Association,Reedsburg,,2023_16571_288
60606,DIF,N,United States,53593,OCC,31540,233204,Illinois,10/05/1992,2023,Comptroller of the Currency,11,55,100.0,9,0,Canada,BANK OF MONTREAL,0,6,0,202237154,,Verona,MULT,CB,EXACT,,FED,0,,0,320 S Canal St,357,79157,1231333,25,16571,42.9887489848718,IL,4,CALL,0,Chicago,75633,Verona Branch,1,,Dane,COMMERCIAL LENDING,Large Bank,,04/23/2010,0,330,0,WI,1,Wisconsin,7,OCC,Chicago,263430065,,0,610 W Verona Ave,-89.5471740092836,,MONTREAL,17031,"Madison-Janesville-Beloit, WI",Chicago,3,55025,,"Madison, WI",BMO Harris Bank National Association,Verona,,2023_16571_330
60606,DIF,N,United States,53913,OCC,0,42154,Illinois,01/01/1934,2023,Comptroller of the Currency,11,55,100.0,9,0,Canada,BANK OF MONTREAL,0,6,0,202237154,,Baraboo,MULT,CB,EXACT,,FED,0,,0,320 S Canal St,357,47082,1231333,111,16571,43.4750199846341,IL,4,CALL,0,Chicago,75633,Baraboo Branch,0,,Sauk,COMMERCIAL LENDING,Large Bank,,04/23/2010,1,333,0,WI,1,Wisconsin,7,OCC,Chicago,263430065,,0,1159 8th St,-89.7221520215842,,MONTREAL,17031,"Madison-Janesville-Beloit, WI",Chicago,3,55111,,,BMO Harris Bank National Association,Baraboo,,2023_16571_333
60606,DIF,N,United States,53901,OCC,31540,274530,Illinois,04/03/1995,2023,Comptroller of the Currency,11,55,100.0,9,0,Canada,BANK OF MONTREAL,0,6,0,202237154,,Portage,MULT,CB,EXACT,,FED,0,,0,320 S Canal St,357,54003,1231333,21,16571,43.5677030047251,IL,4,CALL,0,Chicago,75633,Portage North Branch,1,,Columbia,COMMERCIAL LENDING,Large Bank,,04/23/2010,0,337,0,WI,1,Wisconsin,7,OCC,Chicago,263430065,,0,2851 New Pinery Rd,-89.4682129609716,,MONTREAL,17031,"Madison-Janesville-Beloit, WI",Chicago,3,55021,,"Madison, WI",BMO Harris Bank National Association,Portage,,2023_16571_337
60606,DIF,N,United States,53202,OCC,33340,495121,Illinois,12/11/2000,2023,Comptroller of the Currency,11,55,100.0,9,0,Canada,BANK OF MONTREAL,0,6,0,202237154,,Milwaukee,MULT,CB,EXACT,,FED,0,,0,320 S Canal St,376,3499488,1231333,79,16571,43.0408239891011,IL,4,CALL,0,Chicago,75633,North Water Street Branch,1,,Milwaukee,COMMERCIAL LENDING,Large Bank,,07/05/2011,0,379,0,WI,1,Wisconsin,7,OCC,Chicago,263430065,,0,790 N Water St,-87.9087250064633,,MONTREAL,17031,"Milwaukee-Racine-Waukesha, WI",Chicago,3,55079,,"Milwaukee-Waukesha, WI",BMO Harris Bank National Association,Milwaukee,,2023_16571_379
60606,DIF,N,United States,53233,OCC,33340,187683,Illinois,01/01/1906,2023,Comptroller of the Currency,11,55,100.0,9,0,Canada,BANK OF MONTREAL,0,6,0,202237154,,Milwaukee,MULT,CB,EXACT,,FED,0,,0,320 S Canal St,376,61818,1231333,79,16571,43.039041996486,IL,4,CALL,0,Chicago,75633,Wisconsin Avenue Branch,1,,Milwaukee,COMMERCIAL LENDING,Large Bank,,07/05/2011,0,381,0,WI,1,Wisconsin,7,OCC,Chicago,263430065,,0,2120 W Wisconsin Ave,-87.940167034017,,MONTREAL,17031,"Milwaukee-Racine-Waukesha, WI",Chicago,3,55079,,"Milwaukee-Waukesha, WI",BMO Harris Bank National Association,Milwaukee,,2023_16571_381
60606,DIF,N,United States,53214,OCC,33340,1634,Illinois,08/15/1925,2023,Comptroller of the Currency,11,55,100.0,9,0,Canada,BANK OF MONTREAL,0,6,0,202237154,,Milwaukee,MULT,CB,EXACT,,FED,0,,0,320 S Canal St,376,99036,1231333,79,16571,43.0169149874788,IL,4,CALL,0,Chicago,75633,West Allis Office,1,,Milwaukee,COMMERCIAL LENDING,Large Bank,,07/05/2011,0,384,0,WI,1,Wisconsin,7,OCC,Chicago,263430065,,0,7000 W Greenfield Ave,-88.0003979653122,,MONTREAL,17031,"Milwaukee-Racine-Waukesha, WI",Chicago,3,55079,,"Milwaukee-Waukesha, WI",BMO Harris Bank National Association,West Allis,,2023_16571_384
60606,DIF,N,United States,53005,OCC,33340,15584,Illinois,12/01/1976,2023,Comptroller of the Currency,11,55,100.0,9,0,Canada,BANK OF MONTREAL,0,6,0,202237154,,Brookfield,MULT,CB,EXACT,,FED,0,,0,320 S Canal St,376,134094,1231333,133,16571,43.0375289791438,IL,4,CALL,0,Chicago,75633,Brookfield Branch,1,,Waukesha,COMMERCIAL LENDING,Large Bank,,07/05/2011,0,385,0,WI,1,Wisconsin,7,OCC,Chicago,263430065,,0,16570 W Bluemound Rd,-88.1187800262676,,MONTREAL,17031,"Milwaukee-Racine-Waukesha, WI",Chicago,3,55133,,"Milwaukee-Waukesha, WI",BMO Harris Bank National Association,Brookfield,,2023_16571_385
60606,DIF,N,United States,53129,OCC,33340,14418,Illinois,11/18/1972,2023,Comptroller of the Currency,11,55,100.0,9,0,Canada,BANK OF MONTREAL,0,6,0,202237154,,Greendale,MULT,CB,EXACT,,FED,0,,0,320 S Canal St,376,380267,1231333,79,16571,42.946141005003,IL,4,CALL,0,Chicago,75633,Southridge Branch,1,,Milwaukee,COMMERCIAL LENDING,Large Bank,,07/05/2011,0,386,0,WI,1,Wisconsin,7,OCC,Chicago,263430065,,0,5454 S 76th St,-88.0080030337013,,MONTREAL,17031,"Milwaukee-Racine-Waukesha, WI",Chicago,3,55079,,"Milwaukee-Waukesha, WI",BMO Harris Bank National Association,Greendale,,2023_16571_386
60606,DIF,N,United States,53202,OCC,33340,249072,Illinois,09/19/1966,2023,Comptroller of the Currency,23,55,100.0,9,0,Canada,BANK OF MONTREAL,0,6,0,202237154,,Milwaukee,MULT,CB,EXACT,N,FED,0,,0,320 S Canal St,376,0,1231333,79,16571,43.0402540196852,IL,4,CALL,0,Chicago,75633,Mason Street Drive-Up Branch,1,,Milwaukee,COMMERCIAL LENDING,Large Bank,,07/05/2011,0,387,0,WI,1,Wisconsin,7,OCC,Chicago,263430065,,0,422 E Mason St,-87.9059810228208,,MONTREAL,17031,"Milwaukee-Racine-Waukesha, WI",Chicago,3,55079,,"Milwaukee-Waukesha, WI",BMO Harris Bank National Association,Milwaukee,,2023_16571_387
60606,DIF,N,United States,53186,OCC,33340,249073,Illinois,04/01/1969,2023,Comptroller of the Currency,11,55,100.0,9,0,Canada,BANK OF MONTREAL,0,6,0,202237154,,Waukesha,MULT,CB,EXACT,,FED,0,,0,320 S Canal St,376,123671,1231333,133,16571,43.0259560016105,IL,4,CALL,0,Chicago,75633,Waukesha Branch,1,,Waukesha,COMMERCIAL LENDING,Large Bank,,07/05/2011,0,388,0,WI,1,Wisconsin,7,OCC,Chicago,263430065,,0,1580 E Moreland Blvd,-88.2041849979219,,MONTREAL,17031,"Milwaukee-Racine-Waukesha, WI",Chicago,3,55133,,"Milwaukee-Waukesha, WI",BMO Harris Bank National Association,Waukesha,,2023_16571_388
60606,DIF,N,United States,53223,OCC,33340,14297,Illinois,05/22/1972,2023,Comptroller of the Currency,11,55,100.0,9,0,Canada,BANK OF MONTREAL,0,6,0,202237154,,Milwaukee,MULT,CB,EXACT,,FED,0,,0,320 S Canal St,376,58621,1231333,79,16571,43.1819739812901,IL,4,CALL,0,Chicago,75633,Granville Station,1,,Milwaukee,COMMERCIAL LENDING,Large Bank,,07/05/2011,0,389,0,WI,1,Wisconsin,7,OCC,Chicago,263430065,,0,9001 N 76th St,-88.0049830339872,,MONTREAL,17031,"Milwaukee-Racine-Waukesha, WI",Chicago,3,55079,,"Milwaukee-Waukesha, WI",BMO Harris Bank National Association,Milwaukee,,2023_16571_389
60606,DIF,N,United States,53217,OCC,33340,1626,Illinois,02/01/1930,2023,Comptroller of the Currency,11,55,100.0,9,0,Canada,BANK OF MONTREAL,0,6,0,202237154,,Milwaukee,MULT,CB,EXACT,,FED,0,,0,320 S Canal St,376,310131,1231333,79,16571,43.1182949864856,IL,4,CALL,0,Chicago,75633,Whitefish Bay Branch,1,,Milwaukee,COMMERCIAL LENDING,Large Bank,,07/05/2011,0,390,0,WI,1,Wisconsin,7,OCC,Chicago,263430065,,0,177 E Silver Spring Dr,-87.90831496376,,MONTREAL,17031,"Milwaukee-Racine-Waukesha, WI",Chicago,3,55079,,"Milwaukee-Waukesha, WI",BMO Harris Bank National Association,Whitefish Bay,,2023_16571_390
60606,DIF,N,United States,53217,OCC,33340,192694,Illinois,05/07/1968,2023,Comptroller of the Currency,11,55,100.0,9,0,Canada,BANK OF MONTREAL,0,6,0,202237154,,Milwaukee,MULT,CB,EXACT,,FED,0,,0,320 S Canal St,376,183987,1231333,79,16571,43.1756549902147,IL,4,CALL,0,Chicago,75633,Fox Point Branch,1,,Milwaukee,COMMERCIAL LENDING,Large Bank,,07/05/2011,0,391,0,WI,1,Wisconsin,7,OCC,Chicago,263430065,,0,8740 N Port Washington Rd,-87.9120299908854,,MONTREAL,17031,"Milwaukee-Racine-Waukesha, WI",Chicago,3,55079,,"Milwaukee-Waukesha, WI",BMO Harris Bank National Association,Fox Point,,2023_16571_391
60606,DIF,N,United States,53217,OCC,33340,192696,Illinois,10/24/1979,2023,Comptroller of the Currency,23,55,100.0,9,0,Canada,BANK OF MONTREAL,0,6,0,202237154,,Milwaukee,MULT,CB,EXACT,N,FED,0,,0,320 S Canal St,376,0,1231333,79,16571,43.1183399973057,IL,4,CALL,0,Chicago,75633,Glendale P&R Branch,1,,Milwaukee,COMMERCIAL LENDING,Large Bank,,07/05/2011,0,392,0,WI,1,Wisconsin,7,OCC,Chicago,263430065,,0,231 W Silver Spring Dr,-87.9125390238653,,MONTREAL,17031,"Milwaukee-Racine-Waukesha, WI",Chicago,3,55079,,"Milwaukee-Waukesha, WI",BMO Harris Bank National Association,Glendale,,2023_16571_392
60606,DIF,N,United States,53218,OCC,33340,12405,Illinois,05/10/1962,2023,Comptroller of the Currency,11,55,100.0,9,0,Canada,BANK OF MONTREAL,0,6,0,202237154,,Milwaukee,MULT,CB,EXACT,,FED,0,,0,320 S Canal St,376,69748,1231333,79,16571,43.1198880090936,IL,4,CALL,0,Chicago,75633,Silver Spring Branch,1,,Milwaukee,COMMERCIAL LENDING,Large Bank,,07/05/2011,0,393,0,WI,1,Wisconsin,7,OCC,Chicago,263430065,,0,8300 W Silver Spring Dr,-88.0154739916397,,MONTREAL,17031,"Milwaukee-Racine-Waukesha, WI",Chicago,3,55079,,"Milwaukee-Waukesha, WI",BMO Harris Bank National Association,Milwaukee,,2023_16571_393
60606,DIF,N,United States,53207,OCC,33340,1616,Illinois,01/01/1928,2023,Comptroller of the Currency,11,55,100.0,9,0,Canada,BANK OF MONTREAL,0,6,0,202237154,,Milwaukee,MULT,CB,EXACT,,FED,0,,0,320 S Canal St,376,85190,1231333,79,16571,42.9950900203526,IL,4,CALL,0,Chicago,75633,Bay View Branch,1,,Milwaukee,COMMERCIAL LENDING,Large Bank,,07/05/2011,0,394,0,WI,1,Wisconsin,7,OCC,Chicago,263430065,,0,2701 S Kinnickinnic Ave,-87.8964470270539,,MONTREAL,17031,"Milwaukee-Racine-Waukesha, WI",Chicago,3,55079,,"Milwaukee-Waukesha, WI",BMO Harris Bank National Association,Milwaukee,,2023_16571_394
60606,DIF,N,United States,53092,OCC,33340,187689,Illinois,09/17/1990,2023,Comptroller of the Currency,11,55,100.0,9,0,Canada,BANK OF MONTREAL,0,6,0,202237154,,Mequon,MULT,CB,EXACT,,FED,0,,0,320 S Canal St,376,208667,1231333,89,16571,43.2207479948275,IL,4,CALL,0,Chicago,75633,Mequon Branch,1,,Ozaukee,COMMERCIAL LENDING,Large Bank,,07/05/2011,0,395,0,WI,1,Wisconsin,7,OCC,Chicago,263430065,,0,1425 W Mequon Rd,-87.9265620316968,,MONTREAL,17031,"Milwaukee-Racine-Waukesha, WI",Chicago,3,55089,,"Milwaukee-Waukesha, WI",BMO Harris Bank National Association,Mequon,,2023_16571_395
60606,DIF,N,United States,53154,OCC,33340,218851,Illinois,01/04/1991,2023,Comptroller of the Currency,11,55,100.0,9,0,Canada,BANK OF MONTREAL,0,6,0,202237154,,Oak Creek,MULT,CB,EXACT,,FED,0,,0,320 S Canal St,376,149389,1231333,79,16571,42.8823910154786,IL,4,CALL,0,Chicago,75633,Oak Creek Branch,1,,Milwaukee,COMMERCIAL LENDING,Large Bank,,07/05/2011,0,397,0,WI,1,Wisconsin,7,OCC,Chicago,263430065,,0,8900 S Howell Ave,-87.9117519631571,,MONTREAL,17031,"Milwaukee-Racine-Waukesha, WI",Chicago,3,55079,,"Milwaukee-Waukesha, WI",BMO Harris Bank National Association,Oak Creek,,2023_16571_397
60606,DIF,N,United States,53212,OCC,33340,218853,Illinois,04/05/1993,2023,Comptroller of the Currency,11,55,100.0,9,0,Canada,BANK OF MONTREAL,0,6,0,202237154,,Milwaukee,MULT,CB,EXACT,,FED,0,,0,320 S Canal St,376,27640,1231333,79,16571,43.0685850200563,IL,4,CALL,0,Chicago,75633,King Drive Branch,1,,Milwaukee,COMMERCIAL LENDING,Large Bank,,07/05/2011,0,398,0,WI,1,Wisconsin,7,OCC,Chicago,263430065,,0,2745 N Dr Martin Luther King Dr,-87.9144490081419,,MONTREAL,17031,"Milwaukee-Racine-Waukesha, WI",Chicago,3,55079,,"Milwaukee-Waukesha, WI",BMO Harris Bank National Association,Milwaukee,,2023_16571_398
60606,DIF,N,United States,53213,OCC,33340,6126,Illinois,07/31/1920,2023,Comptroller of the Currency,11,55,100.0,9,0,Canada,BANK OF MONTREAL,0,6,0,202237154,,Milwaukee,MULT,CB,EXACT,,FED,0,,0,320 S Canal St,376,364622,1231333,79,16571,43.0604220102823,IL,4,CALL,0,Chicago,75633,Wauwatosa Branch,1,,Milwaukee,COMMERCIAL LENDING,Large Bank,,07/05/2011,0,399,0,WI,1,Wisconsin,7,OCC,Chicago,263430065,,0,7501 W North Ave,-88.0068530365857,,MONTREAL,17031,"Milwaukee-Racine-Waukesha, WI",Chicago,3,55079,,"Milwaukee-Waukesha, WI",BMO Harris Bank National Association,Wauwatosa,,2023_16571_399
60606,DIF,N,United States,53122,OCC,33340,220321,Illinois,03/01/1947,2023,Comptroller of the Currency,11,55,100.0,9,0,Canada,BANK OF MONTREAL,0,6,0,202237154,,Elm Grove,MULT,CB,EXACT,,FED,0,,0,320 S Canal St,376,194263,1231333,133,16571,43.0407470013205,IL,4,CALL,0,Chicago,75633,Elm Grove Branch,1,,Waukesha,COMMERCIAL LENDING,Large Bank,,07/05/2011,0,400,0,WI,1,Wisconsin,7,OCC,Chicago,263430065,,0,900 Elm Grove Rd,-88.0792170241844,,MONTREAL,17031,"Milwaukee-Racine-Waukesha, WI",Chicago,3,55133,,"Milwaukee-Waukesha, WI",BMO Harris Bank National Association,Elm Grove,,2023_16571_400
60606,DIF,N,United States,53213,OCC,33340,13927,Illinois,09/01/1970,2023,Comptroller of the Currency,11,55,100.0,9,0,Canada,BANK OF MONTREAL,0,6,0,202237154,,Milwaukee,MULT,CB,EXACT,,FED,0,,0,320 S Canal St,376,137384,1231333,79,16571,43.0347510068839,IL,4,CALL,0,Chicago,75633,Bluemound Office,1,,Milwaukee,COMMERCIAL LENDING,Large Bank,,07/05/2011,0,401,0,WI,1,Wisconsin,7,OCC,Chicago,263430065,,0,7635 W Bluemound Rd,-88.0083119906524,,MONTREAL,17031,"Milwaukee-Racine-Waukesha, WI",Chicago,3,55079,,"Milwaukee-Waukesha, WI",BMO Harris Bank National Association,Milwaukee,,2023_16571_401
60606,DIF,N,United States,53172,OCC,33340,12736,Illinois,09/16/1963,2023,Comptroller of the Currency,11,55,100.0,9,0,Canada,BANK OF MONTREAL,0,6,0,202237154,,South Milwaukee,MULT,CB,EXACT,,FED,0,,0,320 S Canal St,376,86081,1231333,79,16571,42.9072729884215,IL,4,CALL,0,Chicago,75633,South Milwaukee Branch,1,,Milwaukee,COMMERCIAL LENDING,Large Bank,,07/05/2011,0,402,0,WI,1,Wisconsin,7,OCC,Chicago,263430065,,0,1001 Marquette Ave,-87.8611159640649,,MONTREAL,17031,"Milwaukee-Racine-Waukesha, WI",Chicago,3,55079,,"Milwaukee-Waukesha, WI",BMO Harris Bank National Association,South Milwaukee,,2023_16571_402
60606,DIF,N,United States,53226,OCC,33340,187691,Illinois,01/04/1997,2023,Comptroller of the Currency,23,55,100.0,9,0,Canada,BANK OF MONTREAL,0,6,0,202237154,,Milwaukee,MULT,CB,EXACT,N,FED,0,,0,320 S Canal St,376,0,1231333,79,16571,43.0599009911809,IL,4,CALL,0,Chicago,75633,Mayfair Branch,1,,Milwaukee,COMMERCIAL LENDING,Large Bank,,07/05/2011,0,403,0,WI,1,Wisconsin,7,OCC,Chicago,263430065,,0,10529 W North Ave,-88.0446430146902,,MONTREAL,17031,"Milwaukee-Racine-Waukesha, WI",Chicago,3,55079,,"Milwaukee-Waukesha, WI",BMO Harris Bank National Association,Wauwatosa,,2023_16571_403
60606,DIF,N,United States,53215,OCC,33340,270061,Illinois,01/01/1913,2023,Comptroller of the Currency,11,55,100.0,9,0,Canada,BANK OF MONTREAL,0,6,0,202237154,,Milwaukee,MULT,CB,EXACT,,FED,0,,0,320 S Canal St,376,57001,1231333,79,16571,43.0219180197557,IL,4,CALL,0,Chicago,75633,South-National Avenue,1,,Milwaukee,COMMERCIAL LENDING,Large Bank,,07/05/2011,0,404,0,WI,1,Wisconsin,7,OCC,Chicago,263430065,,0,2701 W National Ave,-87.9482119846848,,MONTREAL,17031,"Milwaukee-Racine-Waukesha, WI",Chicago,3,55079,,"Milwaukee-Waukesha, WI",BMO Harris Bank National Association,Milwaukee,,2023_16571_404
60606,DIF,N,United States,53005,OCC,33340,270062,Illinois,01/01/1913,2023,Comptroller of the Currency,11,55,100.0,9,0,Canada,BANK OF MONTREAL,0,6,0,202237154,,Brookfield,MULT,CB,EXACT,,FED,0,,0,320 S Canal St,376,173420,1231333,133,16571,43.0595880109163,IL,4,CALL,0,Chicago,75633,Ruby Isle Branch,1,,Waukesha,COMMERCIAL LENDING,Large Bank,,07/05/2011,0,405,0,WI,1,Wisconsin,7,OCC,Chicago,263430065,,0,2225 N Calhoun Rd,-88.1269620210523,,MONTREAL,17031,"Milwaukee-Racine-Waukesha, WI",Chicago,3,55133,,"Milwaukee-Waukesha, WI",BMO Harris Bank National Association,Brookfield,,2023_16571_405
60606,DIF,N,United States,53220,OCC,33340,270065,Illinois,01/01/1913,2023,Comptroller of the Currency,11,55,100.0,9,0,Canada,BANK OF MONTREAL,0,6,0,202237154,,Milwaukee,MULT,CB,EXACT,,FED,0,,0,320 S Canal St,376,97831,1231333,79,16571,42.9597670039906,IL,4,CALL,0,Chicago,75633,Southwest-Layton Avenue,1,,Milwaukee,COMMERCIAL LENDING,Large Bank,,07/05/2011,0,406,0,WI,1,Wisconsin,7,OCC,Chicago,263430065,,0,7600 W Layton Ave,-88.0090090297204,,MONTREAL,17031,"Milwaukee-Racine-Waukesha, WI",Chicago,3,55079,,"Milwaukee-Waukesha, WI",BMO Harris Bank National Association,Milwaukee,,2023_16571_406
60606,DIF,N,United States,53219,OCC,33340,270074,Illinois,01/01/1913,2023,Comptroller of the Currency,11,55,100.0,9,0,Canada,BANK OF MONTREAL,0,6,0,202237154,,Milwaukee,MULT,CB,EXACT,,FED,0,,0,320 S Canal St,376,117381,1231333,79,16571,42.9879190088193,IL,4,CALL,0,Chicago,75633,Oklahoma Ave Branch,1,,Milwaukee,COMMERCIAL LENDING,Large Bank,,07/05/2011,0,408,0,WI,1,Wisconsin,7,OCC,Chicago,263430065,,0,6645 W Oklahoma Ave,-87.9965609814956,,MONTREAL,17031,"Milwaukee-Racine-Waukesha, WI",Chicago,3,55079,,"Milwaukee-Waukesha, WI",BMO Harris Bank National Association,Milwaukee,,2023_16571_408
60606,DIF,N,United States,53110,OCC,33340,41348,Illinois,01/01/1912,2023,Comptroller of the Currency,11,55,100.0,9,0,Canada,BANK OF MONTREAL,0,6,0,202237154,,Cudahy,MULT,CB,EXACT,,FED,0,,0,320 S Canal St,376,111673,1231333,79,16571,42.9593699951467,IL,4,CALL,0,Chicago,75633,Cudahy Office,1,,Milwaukee,COMMERCIAL LENDING,Large Bank,,07/05/2011,0,409,0,WI,1,Wisconsin,7,OCC,Chicago,263430065,,0,4677 S Packard Ave,-87.8607479985155,,MONTREAL,17031,"Milwaukee-Racine-Waukesha, WI",Chicago,3,55079,,"Milwaukee-Waukesha, WI",BMO Harris Bank National Association,Cudahy,,2023_16571_409
60606,DIF,N,United States,53227,OCC,33340,42381,Illinois,01/01/1923,2023,Comptroller of the Currency,11,55,100.0,9,0,Canada,BANK OF MONTREAL,0,6,0,202237154,,Milwaukee,MULT,CB,EXACT,,FED,0,,0,320 S Canal St,376,119451,1231333,79,16571,42.9979679887174,IL,4,CALL,0,Chicago,75633,Hwy 100 Branch,1,,Milwaukee,COMMERCIAL LENDING,Large Bank,,07/05/2011,0,410,0,WI,1,Wisconsin,7,OCC,Chicago,263430065,,0,2555 S 108th St,-88.0474709850026,,MONTREAL,17031,"Milwaukee-Racine-Waukesha, WI",Chicago,3,55079,,"Milwaukee-Waukesha, WI",BMO Harris Bank National Association,West Allis,,2023_16571_410
60606,DIF,N,United States,53142,OCC,28450,271595,Illinois,01/01/1902,2023,Comptroller of the Currency,11,55,100.0,9,0,Canada,BANK OF MONTREAL,0,6,0,202237154,,Kenosha,MULT,CB,EXACT,,FED,0,,0,320 S Canal St,176,130541,1231333,59,16571,42.5652529916564,IL,4,CALL,0,Chicago,75633,Pershing Office,1,,Kenosha,COMMERCIAL LENDING,Large Bank,,07/05/2011,0,414,0,WI,1,Wisconsin,7,OCC,Chicago,263430065,,0,7535 Pershing Blvd,-87.8573339655331,,MONTREAL,17031,"Chicago-Naperville, IL-IN-WI",Chicago,3,55059,,"Kenosha, WI",BMO Harris Bank National Association,Kenosha,,2023_16571_414
60606,DIF,N,United States,53147,OCC,0,271596,Illinois,01/01/1902,2023,Comptroller of the Currency,11,55,100.0,9,0,Canada,BANK OF MONTREAL,0,6,0,202237154,,Lake Geneva,MULT,CB,EXACT,,FED,0,,0,320 S Canal St,376,133978,1231333,127,16571,42.5946329872099,IL,4,CALL,0,Chicago,75633,Lake Geneva Office,0,,Walworth,COMMERCIAL LENDING,Large Bank,,07/05/2011,1,415,0,WI,1,Wisconsin,7,OCC,Chicago,263430065,,0,410 Broad St,-88.4356720412316,,MONTREAL,17031,"Milwaukee-Racine-Waukesha, WI",Chicago,3,55127,,,BMO Harris Bank National Association,Lake Geneva,,2023_16571_415
60606,DIF,N,United States,53081,OCC,43100,42721,Illinois,01/01/1885,2023,Comptroller of the Currency,11,55,100.0,9,0,Canada,BANK OF MONTREAL,0,6,0,202237154,,Sheboygan,MULT,CB,EXACT,,FED,0,,0,320 S Canal St,0,131425,1231333,117,16571,43.760667994507,IL,4,CALL,0,Chicago,75633,Sheboygan Taylor Drive,1,,Sheboygan,COMMERCIAL LENDING,Large Bank,,07/05/2011,0,417,0,WI,1,Wisconsin,7,OCC,Chicago,263430065,,0,1441 N Taylor Dr,-87.7488840407454,,MONTREAL,17031,,Chicago,3,55117,,"Sheboygan, WI",BMO Harris Bank National Association,Sheboygan,,2023_16571_417
60606,DIF,N,United States,53073,OCC,43100,277580,Illinois,01/01/1885,2023,Comptroller of the Currency,11,55,100.0,9,0,Canada,BANK OF MONTREAL,0,6,0,202237154,,Plymouth,MULT,CB,EXACT,,FED,0,,0,320 S Canal St,0,46505,1231333,117,16571,43.7476239929663,IL,4,CALL,0,Chicago,75633,Plymouth Office,1,,Sheboygan,COMMERCIAL LENDING,Large Bank,,07/05/2011,0,418,0,WI,1,Wisconsin,7,OCC,Chicago,263430065,,0,2002 Eastern Ave,-87.9566610269047,,MONTREAL,17031,,Chicago,3,55117,,"Sheboygan, WI",BMO Harris Bank National Association,Plymouth,,2023_16571_418
60606,DIF,N,United States,54220,OCC,0,277581,Illinois,01/01/1885,2023,Comptroller of the Currency,11,55,100.0,9,0,Canada,BANK OF MONTREAL,0,6,0,202237154,,Manitowoc,MULT,CB,EXACT,,FED,0,,0,320 S Canal St,0,44645,1231333,71,16571,44.0882429965251,IL,4,CALL,0,Chicago,75633,Manitowoc Office,0,,Manitowoc,COMMERCIAL LENDING,Large Bank,,07/05/2011,1,419,0,WI,1,Wisconsin,7,OCC,Chicago,263430065,,0,1013 S 8th St,-87.6574399916723,,MONTREAL,17031,,Chicago,3,55071,,,BMO Harris Bank National Association,Manitowoc,,2023_16571_419
60606,DIF,N,United States,53085,OCC,43100,277587,Illinois,01/01/1885,2023,Comptroller of the Currency,11,55,100.0,9,0,Canada,BANK OF MONTREAL,0,6,0,202237154,,Sheboygan Falls,MULT,CB,EXACT,,FED,0,,0,320 S Canal St,0,46152,1231333,117,16571,43.7287590111274,IL,4,CALL,0,Chicago,75633,Sheboygan Falls,1,,Sheboygan,COMMERCIAL LENDING,Large Bank,,07/05/2011,0,420,0,WI,1,Wisconsin,7,OCC,Chicago,263430065,,0,414 Buffalo St,-87.8124020191899,,MONTREAL,17031,,Chicago,3,55117,,"Sheboygan, WI",BMO Harris Bank National Association,Sheboygan Falls,,2023_16571_420
60606,DIF,N,United States,53005,OCC,33340,13447,Illinois,11/28/1966,2023,Comptroller of the Currency,11,55,100.0,9,0,Canada,BANK OF MONTREAL,0,6,0,202237154,,Brookfield,MULT,CB,EXACT,,FED,0,,0,320 S Canal St,376,526056,1231333,133,16571,43.075413002202,IL,4,CALL,0,Chicago,75633,Brookfield - North 124Th Street Branch,1,,Waukesha,COMMERCIAL LENDING,Large Bank,,07/05/2011,0,422,0,WI,1,Wisconsin,7,OCC,Chicago,263430065,,0,3155 N 124th St,-88.0673360117093,,MONTREAL,17031,"Milwaukee-Racine-Waukesha, WI",Chicago,3,55133,,"Milwaukee-Waukesha, WI",BMO Harris Bank National Association,Brookfield,,2023_16571_422
60606,DIF,N,United States,53216,OCC,33340,8095,Illinois,08/15/1927,2023,Comptroller of the Currency,11,55,100.0,9,0,Canada,BANK OF MONTREAL,0,6,0,202237154,,Milwaukee,MULT,CB,EXACT,,FED,0,,0,320 S Canal St,376,19411,1231333,79,16571,43.0763599896228,IL,4,CALL,0,Chicago,75633,Fond Du Lac - Milwaukee Office,1,,Milwaukee,COMMERCIAL LENDING,Large Bank,,07/05/2011,0,423,0,WI,1,Wisconsin,7,OCC,Chicago,263430065,,0,3637 W Fond Du Lac Ave,-87.9592999853004,,MONTREAL,17031,"Milwaukee-Racine-Waukesha, WI",Chicago,3,55079,,"Milwaukee-Waukesha, WI",BMO Harris Bank National Association,Milwaukee,,2023_16571_423
60606,DIF,N,United States,53045,OCC,33340,227873,Illinois,10/18/1972,2023,Comptroller of the Currency,11,55,100.0,9,0,Canada,BANK OF MONTREAL,0,6,0,202237154,,Brookfield,MULT,CB,EXACT,,FED,0,,0,320 S Canal St,376,68846,1231333,133,16571,43.0821339893537,IL,4,CALL,0,Chicago,75633,Gateway Office,1,,Waukesha,COMMERCIAL LENDING,Large Bank,,07/05/2011,0,424,0,WI,1,Wisconsin,7,OCC,Chicago,263430065,,0,3470 Gateway Rd,-88.1804190334773,,MONTREAL,17031,"Milwaukee-Racine-Waukesha, WI",Chicago,3,55133,,"Milwaukee-Waukesha, WI",BMO Harris Bank National Association,Brookfield,,2023_16571_424
60606,DIF,N,United States,53051,OCC,33340,15065,Illinois,09/16/1974,2023,Comptroller of the Currency,11,55,100.0,9,0,Canada,BANK OF MONTREAL,0,6,0,202237154,,Menomonee Falls,MULT,CB,POSTAL,,FED,0,,0,320 S Canal St,376,298263,1231333,133,16571,43.1532818134061,IL,4,CALL,0,Chicago,75633,Menomonee Falls Office,1,,Waukesha,COMMERCIAL LENDING,Large Bank,,07/05/2011,0,428,0,WI,1,Wisconsin,7,OCC,Chicago,263430065,,0,N82 W15415 Appleton Avenue,-88.1113597001892,,MONTREAL,17031,"Milwaukee-Racine-Waukesha, WI",Chicago,3,55133,,"Milwaukee-Waukesha, WI",BMO Harris Bank National Association,Menomonee Falls,,2023_16571_428
60606,DIF,N,United States,53022,OCC,33340,253429,Illinois,08/06/1990,2023,Comptroller of the Currency,11,55,100.0,9,0,Canada,BANK OF MONTREAL,0,6,0,202237154,,Germantown,MULT,CB,EXACT,,FED,0,,0,320 S Canal St,376,145095,1231333,131,16571,43.2201161669661,IL,4,CALL,0,Chicago,75633,Germantown Branch,1,,Washington,COMMERCIAL LENDING,Large Bank,,07/05/2011,0,429,0,WI,1,Wisconsin,7,OCC,Chicago,263430065,,0,W156n11150 Pilgrim Rd,-88.1020515915482,,MONTREAL,17031,"Milwaukee-Racine-Waukesha, WI",Chicago,3,55131,,"Milwaukee-Waukesha, WI",BMO Harris Bank National Association,Germantown,,2023_16571_429
60606,DIF,N,United States,53033,OCC,33340,9504,Illinois,07/23/1910,2023,Comptroller of the Currency,11,55,100.0,9,0,Canada,BANK OF MONTREAL,0,6,0,202237154,,Hubertus,MULT,CB,EXACT,,FED,0,,0,320 S Canal St,376,104605,1231333,131,16571,43.2366493452511,IL,4,CALL,0,Chicago,75633,Hubertus Branch,1,,Washington,COMMERCIAL LENDING,Large Bank,,07/05/2011,0,430,0,WI,1,Wisconsin,7,OCC,Chicago,263430065,,0,1301 Highway 175,-88.1871792898454,,MONTREAL,17031,"Milwaukee-Racine-Waukesha, WI",Chicago,3,55131,,"Milwaukee-Waukesha, WI",BMO Harris Bank National Association,Hubertus,,2023_16571_430
60606,DIF,N,United States,53089,OCC,33340,253430,Illinois,08/02/1999,2023,Comptroller of the Currency,11,55,100.0,9,0,Canada,BANK OF MONTREAL,0,6,0,202237154,,Sussex,MULT,CB,EXACT,,FED,0,,0,320 S Canal St,376,121022,1231333,133,16571,43.1349929948966,IL,4,CALL,0,Chicago,75633,Sussex Branch,1,,Waukesha,COMMERCIAL LENDING,Large Bank,,07/05/2011,0,431,0,WI,1,Wisconsin,7,OCC,Chicago,263430065,,0,N64w25050 Prospect Cir,-88.2446580232329,,MONTREAL,17031,"Milwaukee-Racine-Waukesha, WI",Chicago,3,55133,,"Milwaukee-Waukesha, WI",BMO Harris Bank National Association,Sussex,,2023_16571_431
60606,DIF,N,United States,53403,OCC,39540,4184,Illinois,03/30/1916,2023,Comptroller of the Currency,11,55,100.0,9,0,Canada,BANK OF MONTREAL,0,6,0,202237154,,Racine,MULT,CB,EXACT,,FED,0,,0,320 S Canal St,376,41294,1231333,101,16571,42.7327209863498,IL,4,CALL,0,Chicago,75633,Racine Main,1,,Racine,COMMERCIAL LENDING,Large Bank,,07/05/2011,0,432,0,WI,1,Wisconsin,7,OCC,Chicago,263430065,,0,1 Main St,-87.7836879658437,,MONTREAL,17031,"Milwaukee-Racine-Waukesha, WI",Chicago,3,55101,,"Racine-Mount Pleasant, WI",BMO Harris Bank National Association,Racine,,2023_16571_432
60606,DIF,N,United States,53406,OCC,39540,15402,Illinois,11/26/1975,2023,Comptroller of the Currency,11,55,100.0,9,0,Canada,BANK OF MONTREAL,0,6,0,202237154,,Racine,MULT,CB,EXACT,,FED,0,,0,320 S Canal St,376,110735,1231333,101,16571,42.7363869793417,IL,4,CALL,0,Chicago,75633,Mount Pleasant Branch,1,,Racine,COMMERCIAL LENDING,Large Bank,,07/05/2011,0,433,0,WI,1,Wisconsin,7,OCC,Chicago,263430065,,0,5101 Spring St,-87.8404689896109,,MONTREAL,17031,"Milwaukee-Racine-Waukesha, WI",Chicago,3,55101,,"Racine-Mount Pleasant, WI",BMO Harris Bank National Association,Racine,,2023_16571_433
60606,DIF,N,United States,53108,OCC,39540,208968,Illinois,12/16/1985,2023,Comptroller of the Currency,11,55,100.0,9,0,Canada,BANK OF MONTREAL,0,6,0,202237154,,Caledonia,MULT,CB,M,,FED,0,,0,320 S Canal St,376,72224,1231333,101,16571,42.8145445703939,IL,4,CALL,0,Chicago,75633,Caledonia Branch,1,,Racine,COMMERCIAL LENDING,Large Bank,,07/05/2011,0,434,0,WI,1,Wisconsin,7,OCC,Chicago,263430065,,0,2440 E. Four Mile Road,-87.9422005,,MONTREAL,17031,"Milwaukee-Racine-Waukesha, WI",Chicago,3,55101,,"Racine-Mount Pleasant, WI",BMO Harris Bank National Association,Caledonia,,2023_16571_434
60606,DIF,N,United States,53405,OCC,39540,270080,Illinois,01/01/1913,2023,Comptroller of the Currency,11,55,100.0,9,0,Canada,BANK OF MONTREAL,0,6,0,202237154,,Racine,MULT,CB,EXACT,,FED,0,,0,320 S Canal St,376,61222,1231333,101,16571,42.6972190163551,IL,4,CALL,0,Chicago,75633,Durand Avenue Branch,1,,Racine,COMMERCIAL LENDING,Large Bank,,07/05/2011,0,435,0,WI,1,Wisconsin,7,OCC,Chicago,263430065,,0,4100 Durand Ave,-87.8288609757223,,MONTREAL,17031,"Milwaukee-Racine-Waukesha, WI",Chicago,3,55101,,"Racine-Mount Pleasant, WI",BMO Harris Bank National Association,Racine,,2023_16571_435
60606,DIF,N,United States,53168,OCC,28450,187678,Illinois,03/29/1968,2023,Comptroller of the Currency,11,55,100.0,9,0,Canada,BANK OF MONTREAL,0,6,0,202237154,,Salem,MULT,CB,EXACT,,FED,0,,0,320 S Canal St,176,73313,1231333,59,16571,42.5686220138188,IL,4,CALL,0,Chicago,75633,Paddock Lake Branch,1,,Kenosha,COMMERCIAL LENDING,Large Bank,,07/05/2011,0,437,0,WI,1,Wisconsin,7,OCC,Chicago,263430065,,0,24616 75th St,-88.1067649871608,,MONTREAL,17031,"Chicago-Naperville, IL-IN-WI",Chicago,3,55059,,"Kenosha, WI",BMO Harris Bank National Association,Salem,,2023_16571_437
60606,DIF,N,United States,53181,OCC,28450,187679,Illinois,03/19/1990,2023,Comptroller of the Currency,11,55,100.0,9,0,Canada,BANK OF MONTREAL,0,6,0,202237154,,Twin Lakes,MULT,CB,EXACT,,FED,0,,0,320 S Canal St,176,47380,1231333,59,16571,42.5367329793688,IL,4,CALL,0,Chicago,75633,Twin Lakes Branch,1,,Kenosha,COMMERCIAL LENDING,Large Bank,,07/05/2011,0,438,0,WI,1,Wisconsin,7,OCC,Chicago,263430065,,0,508 N Lake Ave,-88.2461189889564,,MONTREAL,17031,"Chicago-Naperville, IL-IN-WI",Chicago,3,55059,,"Kenosha, WI",BMO Harris Bank National Association,Twin Lakes,,2023_16571_438
60606,DIF,N,United States,53185,OCC,39540,187680,Illinois,10/20/1993,2023,Comptroller of the Currency,11,55,100.0,9,0,Canada,BANK OF MONTREAL,0,6,0,202237154,,Waterford,MULT,CB,EXACT,,FED,0,,0,320 S Canal St,376,61652,1231333,101,16571,42.7678779991194,IL,4,CALL,0,Chicago,75633,Waterford Branch,1,,Racine,COMMERCIAL LENDING,Large Bank,,07/05/2011,0,439,0,WI,1,Wisconsin,7,OCC,Chicago,263430065,,0,300 N Milwaukee St,-88.2076230031474,,MONTREAL,17031,"Milwaukee-Racine-Waukesha, WI",Chicago,3,55101,,"Racine-Mount Pleasant, WI",BMO Harris Bank National Association,Waterford,,2023_16571_439
60606,DIF,N,United States,53095,OCC,33340,3597,Illinois,01/01/1917,2023,Comptroller of the Currency,11,55,100.0,9,0,Canada,BANK OF MONTREAL,0,6,0,202237154,,West Bend,MULT,CB,EXACT,,FED,0,,0,320 S Canal St,376,196231,1231333,131,16571,43.4263158884953,IL,4,CALL,0,Chicago,75633,West Bend Main Branch,1,,Washington,COMMERCIAL LENDING,Large Bank,,07/05/2011,0,440,0,WI,1,Wisconsin,7,OCC,Chicago,263430065,,0,321 N Main St,-88.1837169771007,,MONTREAL,17031,"Milwaukee-Racine-Waukesha, WI",Chicago,3,55131,,"Milwaukee-Waukesha, WI",BMO Harris Bank National Association,West Bend,,2023_16571_440
60606,DIF,N,United States,53095,OCC,33340,14557,Illinois,04/30/1973,2023,Comptroller of the Currency,11,55,100.0,9,0,Canada,BANK OF MONTREAL,0,6,0,202237154,,West Bend,MULT,CB,EXACT,,FED,0,,0,320 S Canal St,376,141752,1231333,131,16571,43.4097530801826,IL,4,CALL,0,Chicago,75633,West Bend South Branch,1,,Washington,COMMERCIAL LENDING,Large Bank,,07/05/2011,0,441,0,WI,1,Wisconsin,7,OCC,Chicago,263430065,,0,868 S Main St,-88.1818414424462,,MONTREAL,17031,"Milwaukee-Racine-Waukesha, WI",Chicago,3,55131,,"Milwaukee-Waukesha, WI",BMO Harris Bank National Association,West Bend,,2023_16571_441
60606,DIF,N,United States,53037,OCC,33340,207578,Illinois,07/12/1999,2023,Comptroller of the Currency,11,55,100.0,9,0,Canada,BANK OF MONTREAL,0,6,0,202237154,,Jackson,MULT,CB,StreetAddress,,FED,0,,0,320 S Canal St,376,80337,1231333,131,16571,43.325387101295,IL,4,CALL,0,Chicago,75633,Jackson Branch,1,,Washington,COMMERCIAL LENDING,Large Bank,,07/05/2011,0,443,0,WI,1,Wisconsin,7,OCC,Chicago,263430065,,0,N168w22770 Praire View Ln,-88.1900266767667,,MONTREAL,17031,"Milwaukee-Racine-Waukesha, WI",Chicago,3,55131,,"Milwaukee-Waukesha, WI",BMO Harris Bank National Association,Jackson,,2023_16571_443
60606,DIF,N,United States,53029,OCC,33340,47079,Illinois,06/03/1991,2023,Comptroller of the Currency,11,55,100.0,9,0,Canada,BANK OF MONTREAL,0,6,0,202237154,,Hartland,MULT,CB,EXACT,,FED,0,,0,320 S Canal St,376,148545,1231333,133,16571,43.1048569935862,IL,4,CALL,0,Chicago,75633,Hartland,1,,Waukesha,COMMERCIAL LENDING,Large Bank,,07/05/2011,0,444,0,WI,1,Wisconsin,7,OCC,Chicago,263430065,,0,112 E Capitol Dr,-88.3470289727426,,MONTREAL,17031,"Milwaukee-Racine-Waukesha, WI",Chicago,3,55133,,"Milwaukee-Waukesha, WI",BMO Harris Bank National Association,Hartland,,2023_16571_444
60606,DIF,N,United States,53066,OCC,33340,9968,Illinois,11/18/1939,2023,Comptroller of the Currency,11,55,100.0,9,0,Canada,BANK OF MONTREAL,0,6,0,202237154,,Oconomowoc,MULT,CB,EXACT,,FED,0,,0,320 S Canal St,376,103301,1231333,133,16571,43.0752620022163,IL,4,CALL,0,Chicago,75633,Oconomowoc Office,1,,Waukesha,COMMERCIAL LENDING,Large Bank,,07/05/2011,0,445,0,WI,1,Wisconsin,7,OCC,Chicago,263430065,,0,1433 Pabst Farms Cir,-88.4666949736265,,MONTREAL,17031,"Milwaukee-Racine-Waukesha, WI",Chicago,3,55133,,"Milwaukee-Waukesha, WI",BMO Harris Bank National Association,Oconomowoc,,2023_16571_445
60606,DIF,N,United States,53188,OCC,33340,40259,Illinois,06/15/1989,2023,Comptroller of the Currency,11,55,100.0,9,0,Canada,BANK OF MONTREAL,0,6,0,202237154,,Waukesha,MULT,CB,EXACT,,FED,0,,0,320 S Canal St,376,135532,1231333,133,16571,43.0506189973329,IL,4,CALL,0,Chicago,75633,Pewaukee Branch,1,,Waukesha,COMMERCIAL LENDING,Large Bank,,07/05/2011,0,446,0,WI,1,Wisconsin,7,OCC,Chicago,263430065,,0,N14w23999 Stone Ridge Dr,-88.2250570264762,,MONTREAL,17031,"Milwaukee-Racine-Waukesha, WI",Chicago,3,55133,,"Milwaukee-Waukesha, WI",BMO Harris Bank National Association,Waukesha,,2023_16571_446
60606,DIF,N,United States,53018,OCC,33340,253603,Illinois,11/27/1979,2023,Comptroller of the Currency,11,55,100.0,9,0,Canada,BANK OF MONTREAL,0,6,0,202237154,,Delafield,MULT,CB,EXACT,,FED,0,,0,320 S Canal St,376,112877,1231333,133,16571,43.0538700022986,IL,4,CALL,0,Chicago,75633,Delafield Branch,1,,Waukesha,COMMERCIAL LENDING,Large Bank,,07/05/2011,0,447,0,WI,1,Wisconsin,7,OCC,Chicago,263430065,,0,2700 Golf Rd,-88.3734039721887,,MONTREAL,17031,"Milwaukee-Racine-Waukesha, WI",Chicago,3,55133,,"Milwaukee-Waukesha, WI",BMO Harris Bank National Association,Delafield,,2023_16571_447
60606,DIF,N,United States,54302,OCC,24580,15027,Illinois,07/29/1974,2023,Comptroller of the Currency,11,55,100.0,9,0,Canada,BANK OF MONTREAL,0,6,0,202237154,,Green Bay,MULT,CB,EXACT,,FED,0,,0,320 S Canal St,267,102846,1231333,9,16571,44.4851020139107,IL,4,CALL,0,Chicago,75633,Green Bay East,1,,Brown,COMMERCIAL LENDING,Large Bank,,07/05/2011,0,448,0,WI,1,Wisconsin,7,OCC,Chicago,263430065,,0,2223 Main St,-87.9697610195585,,MONTREAL,17031,"Green Bay-Shawano, WI",Chicago,3,55009,,"Green Bay, WI",BMO Harris Bank National Association,Green Bay,,2023_16571_448
60606,DIF,N,United States,54303,OCC,24580,6395,Illinois,08/29/1914,2023,Comptroller of the Currency,11,55,100.0,9,0,Canada,BANK OF MONTREAL,0,6,0,202237154,,Green Bay,MULT,CB,EXACT,,FED,0,,0,320 S Canal St,267,553502,1231333,9,16571,44.5166740028731,IL,4,CALL,0,Chicago,75633,Green Bay,1,,Brown,COMMERCIAL LENDING,Large Bank,,07/05/2011,0,451,0,WI,1,Wisconsin,7,OCC,Chicago,263430065,,0,310 W Walnut St,-88.0212470274518,,MONTREAL,17031,"Green Bay-Shawano, WI",Chicago,3,55009,,"Green Bay, WI",BMO Harris Bank National Association,Green Bay,,2023_16571_451
60606,DIF,N,United States,54313,OCC,24580,221680,Illinois,03/29/1968,2023,Comptroller of the Currency,11,55,100.0,9,0,Canada,BANK OF MONTREAL,0,6,0,202237154,,Green Bay,MULT,CB,EXACT,,FED,0,,0,320 S Canal St,267,101293,1231333,9,16571,44.5671980197389,IL,4,CALL,0,Chicago,75633,Howard Branch,1,,Brown,COMMERCIAL LENDING,Large Bank,,07/05/2011,0,452,0,WI,1,Wisconsin,7,OCC,Chicago,263430065,,0,945 Cardinal Ln,-88.0851039700606,,MONTREAL,17031,"Green Bay-Shawano, WI",Chicago,3,55009,,"Green Bay, WI",BMO Harris Bank National Association,Green Bay,,2023_16571_452
60606,DIF,N,United States,54303,OCC,24580,221681,Illinois,09/26/1969,2023,Comptroller of the Currency,11,55,100.0,9,0,Canada,BANK OF MONTREAL,0,6,0,202237154,,Green Bay,MULT,CB,EXACT,,FED,0,,0,320 S Canal St,267,61140,1231333,9,16571,44.5248179857269,IL,4,CALL,0,Chicago,75633,Packerland Branch,1,,Brown,COMMERCIAL LENDING,Large Bank,,07/05/2011,0,453,0,WI,1,Wisconsin,7,OCC,Chicago,263430065,,0,2614 W Mason St,-88.1002560202499,,MONTREAL,17031,"Green Bay-Shawano, WI",Chicago,3,55009,,"Green Bay, WI",BMO Harris Bank National Association,Green Bay,,2023_16571_453
60606,DIF,N,United States,54303,OCC,24580,15864,Illinois,10/10/1978,2023,Comptroller of the Currency,11,55,100.0,9,0,Canada,BANK OF MONTREAL,0,6,0,202237154,,Green Bay,MULT,CB,EXACT,,FED,0,,0,320 S Canal St,267,74737,1231333,9,16571,44.5280590162278,IL,4,CALL,0,Chicago,75633,Green Bay Military,1,,Brown,COMMERCIAL LENDING,Large Bank,,07/05/2011,0,455,0,WI,1,Wisconsin,7,OCC,Chicago,263430065,,0,201 S Military Ave,-88.059828005759,,MONTREAL,17031,"Green Bay-Shawano, WI",Chicago,3,55009,,"Green Bay, WI",BMO Harris Bank National Association,Green Bay,,2023_16571_455
60606,DIF,N,United States,54165,OCC,11540,8393,Illinois,12/16/1902,2023,Comptroller of the Currency,11,55,100.0,9,0,Canada,BANK OF MONTREAL,0,6,0,202237154,,Seymour,MULT,CB,EXACT,,FED,0,,0,320 S Canal St,118,61285,1231333,87,16571,44.5113719881099,IL,4,CALL,0,Chicago,75633,Seymour Branch,1,,Outagamie,COMMERCIAL LENDING,Large Bank,,07/05/2011,0,456,0,WI,1,Wisconsin,7,OCC,Chicago,263430065,,0,205 S Main St,-88.3306000234236,,MONTREAL,17031,"Appleton-Oshkosh-Neenah, WI",Chicago,3,55087,,"Appleton, WI",BMO Harris Bank National Association,Seymour,,2023_16571_456
60606,DIF,N,United States,54157,OCC,0,9342,Illinois,12/11/1934,2023,Comptroller of the Currency,11,55,100.0,9,0,Canada,BANK OF MONTREAL,0,6,0,202237154,,Peshtigo,MULT,CB,EXACT,,FED,0,,0,320 S Canal St,361,58719,1231333,75,16571,45.0552880182188,IL,4,CALL,0,Chicago,75633,Peshtigo Branch,0,,Marinette,COMMERCIAL LENDING,Large Bank,,07/05/2011,1,457,0,WI,1,Wisconsin,7,OCC,Chicago,263430065,,0,120 N Emery Ave,-87.7506739961685,,MONTREAL,17031,"Marinette-Iron Mountain, WI-MI",Chicago,3,55075,,,BMO Harris Bank National Association,Peshtigo,,2023_16571_457
60606,DIF,N,United States,54304,OCC,24580,253318,Illinois,07/02/1990,2023,Comptroller of the Currency,11,55,100.0,9,0,Canada,BANK OF MONTREAL,0,6,0,202237154,,Green Bay,MULT,CB,EXACT,,FED,0,,0,320 S Canal St,267,145969,1231333,9,16571,44.4772280121582,IL,4,CALL,0,Chicago,75633,Ashwaubenon Branch,1,,Brown,COMMERCIAL LENDING,Large Bank,,07/05/2011,0,458,0,WI,1,Wisconsin,7,OCC,Chicago,263430065,,0,2700 S Oneida St,-88.0744219888348,,MONTREAL,17031,"Green Bay-Shawano, WI",Chicago,3,55009,,"Green Bay, WI",BMO Harris Bank National Association,Green Bay,,2023_16571_458
60606,DIF,N,United States,54115,OCC,24580,279111,Illinois,01/01/1892,2023,Comptroller of the Currency,11,55,100.0,9,0,Canada,BANK OF MONTREAL,0,6,0,202237154,,De Pere,MULT,CB,EXACT,,FED,0,,0,320 S Canal St,267,68479,1231333,9,16571,44.4376339970332,IL,4,CALL,0,Chicago,75633,Ledgeview - De Pere,1,,Brown,COMMERCIAL LENDING,Large Bank,,07/05/2011,0,459,0,WI,1,Wisconsin,7,OCC,Chicago,263430065,,0,1964 Dickinson Rd,-88.0324279833736,,MONTREAL,17031,"Green Bay-Shawano, WI",Chicago,3,55009,,"Green Bay, WI",BMO Harris Bank National Association,De Pere,,2023_16571_459
60606,DIF,N,United States,54166,OCC,0,9373,Illinois,12/28/1934,2023,Comptroller of the Currency,11,55,100.0,9,0,Canada,BANK OF MONTREAL,0,6,0,202237154,,Shawano,MULT,CB,EXACT,,FED,0,,0,320 S Canal St,267,109136,1231333,115,16571,44.7822709916077,IL,4,CALL,0,Chicago,75633,Shawano,0,,Shawano,COMMERCIAL LENDING,Large Bank,,07/05/2011,1,460,0,WI,1,Wisconsin,7,OCC,Chicago,263430065,,0,101 N Main St,-88.6098139586904,,MONTREAL,17031,"Green Bay-Shawano, WI",Chicago,3,55115,,,BMO Harris Bank National Association,Shawano,,2023_16571_460
60606,DIF,N,United States,54914,OCC,11540,13454,Illinois,12/12/1966,2023,Comptroller of the Currency,11,55,100.0,9,0,Canada,BANK OF MONTREAL,0,6,0,202237154,,Appleton,MULT,CB,EXACT,,FED,0,,0,320 S Canal St,118,124618,1231333,87,16571,44.2612199970806,IL,4,CALL,0,Chicago,75633,Appleton West College,1,,Outagamie,COMMERCIAL LENDING,Large Bank,,07/05/2011,0,463,0,WI,1,Wisconsin,7,OCC,Chicago,263430065,,0,2915 W College Ave,-88.4513420092181,,MONTREAL,17031,"Appleton-Oshkosh-Neenah, WI",Chicago,3,55087,,"Appleton, WI",BMO Harris Bank National Association,Appleton,,2023_16571_463
60606,DIF,N,United States,54911,OCC,11540,9906,Illinois,01/01/1911,2023,Comptroller of the Currency,11,55,100.0,9,0,Canada,BANK OF MONTREAL,0,6,0,202237154,,Appleton,MULT,CB,EXACT,,FED,0,,0,320 S Canal St,118,401596,1231333,87,16571,44.2614750164847,IL,4,CALL,0,Chicago,75633,Appleton,1,,Outagamie,COMMERCIAL LENDING,Large Bank,,07/05/2011,0,464,0,WI,1,Wisconsin,7,OCC,Chicago,263430065,,0,221 W College Ave,-88.4082929736042,,MONTREAL,17031,"Appleton-Oshkosh-Neenah, WI",Chicago,3,55087,,"Appleton, WI",BMO Harris Bank National Association,Appleton,,2023_16571_464
60606,DIF,N,United States,54911,OCC,11540,12549,Illinois,01/07/1963,2023,Comptroller of the Currency,11,55,100.0,9,0,Canada,BANK OF MONTREAL,0,6,0,202237154,,Appleton,MULT,CB,EXACT,,FED,0,,0,320 S Canal St,118,110080,1231333,87,16571,44.2732469803995,IL,4,CALL,0,Chicago,75633,Appleton East Wisconsin Avenue,1,,Outagamie,COMMERCIAL LENDING,Large Bank,,07/05/2011,0,466,0,WI,1,Wisconsin,7,OCC,Chicago,263430065,,0,402 E Wisconsin Ave,-88.4006650226194,,MONTREAL,17031,"Appleton-Oshkosh-Neenah, WI",Chicago,3,55087,,"Appleton, WI",BMO Harris Bank National Association,Appleton,,2023_16571_466
60606,DIF,N,United States,53014,OCC,11540,9496,Illinois,01/01/1911,2023,Comptroller of the Currency,11,55,100.0,9,0,Canada,BANK OF MONTREAL,0,6,0,202237154,,Chilton,MULT,CB,EXACT,,FED,0,,0,320 S Canal St,118,88221,1231333,15,16571,44.0290010040761,IL,4,CALL,0,Chicago,75633,Chilton,1,,Calumet,COMMERCIAL LENDING,Large Bank,,07/05/2011,0,468,0,WI,1,Wisconsin,7,OCC,Chicago,263430065,,0,35 E Main St,-88.1613500361151,,MONTREAL,17031,"Appleton-Oshkosh-Neenah, WI",Chicago,3,55015,,"Appleton, WI",BMO Harris Bank National Association,Chilton,,2023_16571_468
60606,DIF,N,United States,54956,OCC,36780,249158,Illinois,08/15/1990,2023,Comptroller of the Currency,11,55,100.0,9,0,Canada,BANK OF MONTREAL,0,6,0,202237154,,Neenah,MULT,CB,EXACT,,FED,0,,0,320 S Canal St,118,53158,1231333,139,16571,44.1788289901702,IL,4,CALL,0,Chicago,75633,Neenah Branch,1,,Winnebago,COMMERCIAL LENDING,Large Bank,,07/05/2011,0,470,0,WI,1,Wisconsin,7,OCC,Chicago,263430065,,0,643 S Green Bay Rd,-88.4856840076324,,MONTREAL,17031,"Appleton-Oshkosh-Neenah, WI",Chicago,3,55139,,"Oshkosh-Neenah, WI",BMO Harris Bank National Association,Neenah,,2023_16571_470
60606,DIF,N,United States,54452,OCC,0,9212,Illinois,03/01/1933,2023,Comptroller of the Currency,11,55,100.0,9,0,Canada,BANK OF MONTREAL,0,6,0,202237154,,Merrill,MULT,CB,EXACT,,FED,0,,0,320 S Canal St,0,64846,1231333,69,16571,45.1802320197133,IL,4,CALL,0,Chicago,75633,Merrill,0,,Lincoln,COMMERCIAL LENDING,Large Bank,,07/05/2011,0,473,0,WI,1,Wisconsin,7,OCC,Chicago,263430065,,0,900 E Main St,-89.6868999999421,,MONTREAL,17031,,Chicago,3,55069,,,BMO Harris Bank National Association,Merrill,,2023_16571_473
60606,DIF,N,United States,54449,OCC,0,9831,Illinois,09/01/1937,2023,Comptroller of the Currency,11,55,100.0,9,0,Canada,BANK OF MONTREAL,0,6,0,202237154,,Marshfield,MULT,CB,EXACT,,FED,0,,0,320 S Canal St,554,196449,1231333,141,16571,44.6646810205023,IL,4,CALL,0,Chicago,75633,Marshfield,0,,Wood,COMMERCIAL LENDING,Large Bank,,07/05/2011,1,474,0,WI,1,Wisconsin,7,OCC,Chicago,263430065,,0,101 W 4th St,-90.1757180086224,,MONTREAL,17031,"Wausau-Stevens Point-Wisconsin Rapids, WI",Chicago,3,55141,,,BMO Harris Bank National Association,Marshfield,,2023_16571_474
60606,DIF,N,United States,54521,OCC,0,14447,Illinois,01/03/1973,2023,Comptroller of the Currency,11,55,100.0,9,0,Canada,BANK OF MONTREAL,0,6,0,202237154,,Eagle River,MULT,CB,EXACT,,FED,0,,0,320 S Canal St,0,158872,1231333,125,16571,45.9150979881711,IL,4,CALL,0,Chicago,75633,Eagle River,0,,Vilas,COMMERCIAL LENDING,Large Bank,,07/05/2011,0,478,0,WI,1,Wisconsin,7,OCC,Chicago,263430065,,0,300 E Wall St,-89.2490739697819,,MONTREAL,17031,,Chicago,3,55125,,,BMO Harris Bank National Association,Eagle River,,2023_16571_478
60606,DIF,N,United States,54501,OCC,0,9523,Illinois,05/05/1886,2023,Comptroller of the Currency,11,55,100.0,9,0,Canada,BANK OF MONTREAL,0,6,0,202237154,,Rhinelander,MULT,CB,EXACT,,FED,0,,0,320 S Canal St,0,111435,1231333,85,16571,45.6380019921986,IL,4,CALL,0,Chicago,75633,Rhinelander,0,,Oneida,COMMERCIAL LENDING,Large Bank,,07/05/2011,0,481,0,WI,1,Wisconsin,7,OCC,Chicago,263430065,,0,7 N Brown St,-89.4132209706182,,MONTREAL,17031,,Chicago,3,55085,,,BMO Harris Bank National Association,Rhinelander,,2023_16571_481
60606,DIF,N,United States,54501,OCC,0,233306,Illinois,11/23/1973,2023,Comptroller of the Currency,23,55,100.0,9,0,Canada,BANK OF MONTREAL,0,6,0,202237154,,Rhinelander,MULT,CB,POINTADDRESS,N,FED,0,,0,320 S Canal St,0,0,1231333,85,16571,45.6378768417439,IL,4,CALL,0,Chicago,75633,Rhinelander Drive-In Branch,0,,Oneida,COMMERCIAL LENDING,Large Bank,,07/05/2011,0,482,0,WI,1,Wisconsin,7,OCC,Chicago,263430065,,0,210 West Davenport Street,-89.4147909817177,,MONTREAL,17031,,Chicago,3,55085,,,BMO Harris Bank National Association,Rhinelander,,2023_16571_482
60606,DIF,N,United States,54409,OCC,0,9892,Illinois,07/16/1938,2023,Comptroller of the Currency,11,55,100.0,9,0,Canada,BANK OF MONTREAL,0,6,0,202237154,,Antigo,MULT,CB,EXACT,,FED,0,,0,320 S Canal St,0,27284,1231333,67,16571,45.1407970092915,IL,4,CALL,0,Chicago,75633,Antigo Branch,0,,Langlade,COMMERCIAL LENDING,Large Bank,,07/05/2011,0,483,0,WI,1,Wisconsin,7,OCC,Chicago,263430065,,0,734 5th Ave,-89.1540159793357,,MONTREAL,17031,,Chicago,3,55067,,,BMO Harris Bank National Association,Antigo,,2023_16571_483
60606,DIF,N,United States,54409,OCC,0,234661,Illinois,11/28/1977,2023,Comptroller of the Currency,23,55,100.0,9,0,Canada,BANK OF MONTREAL,0,6,0,202237154,,Antigo,MULT,CB,EXACT,N,FED,0,,0,320 S Canal St,0,0,1231333,67,16571,45.1396849821972,IL,4,CALL,0,Chicago,75633,Antigo Drive-In,0,,Langlade,COMMERCIAL LENDING,Large Bank,,07/05/2011,0,484,0,WI,1,Wisconsin,7,OCC,Chicago,263430065,,0,516 Clermont St,-89.1550349673047,,MONTREAL,17031,,Chicago,3,55067,,,BMO Harris Bank National Association,Antigo,,2023_16571_484
60606,DIF,N,United States,54403,OCC,48140,8115,Illinois,01/01/1890,2023,Comptroller of the Currency,11,55,100.0,9,0,Canada,BANK OF MONTREAL,0,6,0,202237154,,Wausau,MULT,CB,EXACT,,FED,0,,0,320 S Canal St,554,851506,1231333,73,16571,44.9611414340144,IL,4,CALL,0,Chicago,75633,Wausau,1,,Marathon,COMMERCIAL LENDING,Large Bank,,07/05/2011,0,485,0,WI,1,Wisconsin,7,OCC,Chicago,263430065,,0,500 N 3rd St,-89.6283484667672,,MONTREAL,17031,"Wausau-Stevens Point-Wisconsin Rapids, WI",Chicago,3,55073,,"Wausau, WI",BMO Harris Bank National Association,Wausau,,2023_16571_485
60606,DIF,N,United States,54401,OCC,48140,227902,Illinois,05/05/1969,2023,Comptroller of the Currency,11,55,100.0,9,0,Canada,BANK OF MONTREAL,0,6,0,202237154,,Wausau,MULT,CB,EXACT,,FED,0,,0,320 S Canal St,554,76799,1231333,73,16571,44.9094231216746,IL,4,CALL,0,Chicago,75633,Rib Mountain Branch,1,,Marathon,COMMERCIAL LENDING,Large Bank,,07/05/2011,0,486,0,WI,1,Wisconsin,7,OCC,Chicago,263430065,,0,225065 Rib Mountain Dr,-89.6515891373398,,MONTREAL,17031,"Wausau-Stevens Point-Wisconsin Rapids, WI",Chicago,3,55073,,"Wausau, WI",BMO Harris Bank National Association,Wausau,,2023_16571_486
60606,DIF,N,United States,54455,OCC,48140,7864,Illinois,01/02/1905,2023,Comptroller of the Currency,11,55,100.0,9,0,Canada,BANK OF MONTREAL,0,6,0,202237154,,Mosinee,MULT,CB,EXACT,,FED,0,,0,320 S Canal St,554,40688,1231333,73,16571,44.7915163146292,IL,4,CALL,0,Chicago,75633,Mosinee Branch,1,,Marathon,COMMERCIAL LENDING,Large Bank,,07/05/2011,0,489,0,WI,1,Wisconsin,7,OCC,Chicago,263430065,,0,101 Main St,-89.7002092887183,,MONTREAL,17031,"Wausau-Stevens Point-Wisconsin Rapids, WI",Chicago,3,55073,,"Wausau, WI",BMO Harris Bank National Association,Mosinee,,2023_16571_489
60606,DIF,N,United States,54474,OCC,48140,227906,Illinois,05/29/1996,2023,Comptroller of the Currency,11,55,100.0,9,0,Canada,BANK OF MONTREAL,0,6,0,202237154,,Rothschild,MULT,CB,EXACT,,FED,0,,0,320 S Canal St,554,41798,1231333,73,16571,44.86451120808,IL,4,CALL,0,Chicago,75633,Cedar Creek,1,,Marathon,COMMERCIAL LENDING,Large Bank,,07/05/2011,0,490,0,WI,1,Wisconsin,7,OCC,Chicago,263430065,,0,"10208 Park Plz, Ste B",-89.6392408337627,,MONTREAL,17031,"Wausau-Stevens Point-Wisconsin Rapids, WI",Chicago,3,55073,,"Wausau, WI",BMO Harris Bank National Association,Rothschild,,2023_16571_490
60606,DIF,N,United States,54806,OCC,0,6413,Illinois,12/09/1933,2023,Comptroller of the Currency,11,55,100.0,9,0,Canada,BANK OF MONTREAL,0,6,0,202237154,,Ashland,MULT,CB,StreetAddress,,FED,0,,0,320 S Canal St,0,91139,1231333,3,16571,46.591481808618,IL,4,CALL,0,Chicago,75633,Ashland,0,,Ashland,COMMERCIAL LENDING,Large Bank,,07/05/2011,0,492,0,WI,1,Wisconsin,7,OCC,Chicago,263430065,,0,100 Main St E,-90.8830950831657,,MONTREAL,17031,,Chicago,3,55003,,,BMO Harris Bank National Association,Ashland,,2023_16571_492
60606,DIF,N,United States,54880,OCC,20260,3621,Illinois,07/21/1887,2023,Comptroller of the Currency,11,55,100.0,9,0,Canada,BANK OF MONTREAL,0,6,0,202237154,,Superior,MULT,CB,EXACT,,FED,0,,0,320 S Canal St,228,94507,1231333,31,16571,46.7209129951526,IL,4,CALL,0,Chicago,75633,Superior,1,,Douglas,COMMERCIAL LENDING,Large Bank,,07/05/2011,0,493,0,WI,1,Wisconsin,7,OCC,Chicago,263430065,,0,1425 Tower Ave,-92.1043360103408,,MONTREAL,17031,"Duluth-Grand Rapids, MN-WI",Chicago,3,55031,,"Duluth, MN-WI",BMO Harris Bank National Association,Superior,,2023_16571_493
60606,DIF,N,United States,54481,OCC,0,3591,Illinois,08/01/1883,2023,Comptroller of the Currency,11,55,100.0,9,0,Canada,BANK OF MONTREAL,0,6,0,202237154,,Stevens Point,MULT,CB,EXACT,,FED,0,,0,320 S Canal St,554,684228,1231333,97,16571,44.5231340194694,IL,4,CALL,0,Chicago,75633,Stevens Point,0,,Portage,COMMERCIAL LENDING,Large Bank,,07/05/2011,1,494,0,WI,1,Wisconsin,7,OCC,Chicago,263430065,,0,1245 Main St,-89.5815389741126,,MONTREAL,17031,"Wausau-Stevens Point-Wisconsin Rapids, WI",Chicago,3,55097,,,BMO Harris Bank National Association,Stevens Point,,2023_16571_494
60606,DIF,N,United States,54467,OCC,0,13481,Illinois,03/15/1967,2023,Comptroller of the Currency,11,55,100.0,9,0,Canada,BANK OF MONTREAL,0,6,0,202237154,,Plover,MULT,CB,EXACT,,FED,0,,0,320 S Canal St,554,74039,1231333,97,16571,44.4549150087195,IL,4,CALL,0,Chicago,75633,Plover Branch,0,,Portage,COMMERCIAL LENDING,Large Bank,,07/05/2011,1,495,0,WI,1,Wisconsin,7,OCC,Chicago,263430065,,0,2851 Post Rd,-89.5447020183991,,MONTREAL,17031,"Wausau-Stevens Point-Wisconsin Rapids, WI",Chicago,3,55097,,,BMO Harris Bank National Association,Plover,,2023_16571_495
60606,DIF,N,United States,54982,OCC,0,271761,Illinois,05/01/1934,2023,Comptroller of the Currency,11,55,100.0,9,0,Canada,BANK OF MONTREAL,0,6,0,202237154,,Wautoma,MULT,CB,EXACT,,FED,0,,0,320 S Canal St,0,84160,1231333,137,16571,44.0754160024577,IL,4,CALL,0,Chicago,75633,Wautoma Branch,0,,Waushara,COMMERCIAL LENDING,Large Bank,,07/05/2011,0,496,0,WI,1,Wisconsin,7,OCC,Chicago,263430065,,0,310 W Main St,-89.2909310149452,,MONTREAL,17031,,Chicago,3,55137,,,BMO Harris Bank National Association,Wautoma,,2023_16571_496
60606,DIF,N,United States,53910,OCC,0,9541,Illinois,05/12/1913,2023,Comptroller of the Currency,11,55,100.0,9,0,Canada,BANK OF MONTREAL,0,6,0,202237154,,Adams,MULT,CB,EXACT,,FED,0,,0,320 S Canal St,0,75743,1231333,1,16571,43.9582700207635,IL,4,CALL,0,Chicago,75633,Adams Branch,0,,Adams,COMMERCIAL LENDING,Large Bank,,07/05/2011,0,497,0,WI,1,Wisconsin,7,OCC,Chicago,263430065,,0,121 N Main St,-89.8180310194465,,MONTREAL,17031,,Chicago,3,55001,,,BMO Harris Bank National Association,Adams,,2023_16571_497
60606,DIF,N,United States,53964,OCC,0,9569,Illinois,03/18/1901,2023,Comptroller of the Currency,11,55,100.0,9,0,Canada,BANK OF MONTREAL,0,6,0,202237154,,Westfield,MULT,CB,EXACT,,FED,0,,0,320 S Canal St,0,42562,1231333,77,16571,43.8854480040658,IL,4,CALL,0,Chicago,75633,Westfield Branch,0,,Marquette,COMMERCIAL LENDING,Large Bank,,07/05/2011,0,498,0,WI,1,Wisconsin,7,OCC,Chicago,263430065,,0,203 S Main St,-89.4936780210089,,MONTREAL,17031,,Chicago,3,55077,,,BMO Harris Bank National Association,Westfield,,2023_16571_498
60606,DIF,N,United States,53948,OCC,0,272003,Illinois,06/01/1934,2023,Comptroller of the Currency,11,55,100.0,9,0,Canada,BANK OF MONTREAL,0,6,0,202237154,,Mauston,MULT,CB,EXACT,,FED,0,,0,320 S Canal St,0,50213,1231333,57,16571,43.7959920166973,IL,4,CALL,0,Chicago,75633,Mauston Branch,0,,Juneau,COMMERCIAL LENDING,Large Bank,,07/05/2011,0,500,0,WI,1,Wisconsin,7,OCC,Chicago,263430065,,0,401 E State St,-90.0727070169862,,MONTREAL,17031,,Chicago,3,55057,,,BMO Harris Bank National Association,Mauston,,2023_16571_500
60606,DIF,N,United States,54494,OCC,0,207567,Illinois,11/01/1995,2023,Comptroller of the Currency,11,55,100.0,9,0,Canada,BANK OF MONTREAL,0,6,0,202237154,,Wisconsin Rapids,MULT,CB,EXACT,,FED,0,,0,320 S Canal St,554,44908,1231333,141,16571,44.3813840087417,IL,4,CALL,0,Chicago,75633,Wisc Rapids Branch,0,,Wood,COMMERCIAL LENDING,Large Bank,,07/05/2011,1,501,0,WI,1,Wisconsin,7,OCC,Chicago,263430065,,0,1100 8th St S,-89.8177860164166,,MONTREAL,17031,"Wausau-Stevens Point-Wisconsin Rapids, WI",Chicago,3,55141,,,BMO Harris Bank National Association,Wisconsin Rapids,,2023_16571_501
60606,DIF,N,United States,54901,OCC,36780,8097,Illinois,12/20/1913,2023,Comptroller of the Currency,11,55,100.0,9,0,Canada,BANK OF MONTREAL,0,6,0,202237154,,Oshkosh,MULT,CB,EXACT,,FED,0,,0,320 S Canal St,118,52351,1231333,139,16571,44.0166449891481,IL,4,CALL,0,Chicago,75633,Oshkosh,1,,Winnebago,COMMERCIAL LENDING,Large Bank,,07/05/2011,0,502,0,WI,1,Wisconsin,7,OCC,Chicago,263430065,,0,50 Pearl Ave,-88.5386670234328,,MONTREAL,17031,"Appleton-Oshkosh-Neenah, WI",Chicago,3,55139,,"Oshkosh-Neenah, WI",BMO Harris Bank National Association,Oshkosh,,2023_16571_502
60606,DIF,N,United States,54971,OCC,22540,8240,Illinois,02/01/1890,2023,Comptroller of the Currency,11,55,100.0,9,0,Canada,BANK OF MONTREAL,0,6,0,202237154,,Ripon,MULT,CB,EXACT,,FED,0,,0,320 S Canal St,0,131201,1231333,39,16571,43.8432999811337,IL,4,CALL,0,Chicago,75633,Ripon,1,,Fond Du Lac,COMMERCIAL LENDING,Large Bank,,07/05/2011,0,503,0,WI,1,Wisconsin,7,OCC,Chicago,263430065,,0,333 Blackburn St,-88.836742001044,,MONTREAL,17031,,Chicago,3,55039,,"Fond du Lac, WI",BMO Harris Bank National Association,Ripon,,2023_16571_503
60606,DIF,N,United States,54904,OCC,36780,228793,Illinois,08/21/1974,2023,Comptroller of the Currency,11,55,100.0,9,0,Canada,BANK OF MONTREAL,0,6,0,202237154,,Oshkosh,MULT,CB,EXACT,,FED,0,,0,320 S Canal St,118,78635,1231333,139,16571,44.0333820153183,IL,4,CALL,0,Chicago,75633,Suburban West,1,,Winnebago,COMMERCIAL LENDING,Large Bank,,07/05/2011,0,504,0,WI,1,Wisconsin,7,OCC,Chicago,263430065,,0,2100 Omro Rd,-88.5860110300528,,MONTREAL,17031,"Appleton-Oshkosh-Neenah, WI",Chicago,3,55139,,"Oshkosh-Neenah, WI",BMO Harris Bank National Association,Oshkosh,,2023_16571_504
60606,DIF,N,United States,54935,OCC,22540,227878,Illinois,08/05/1996,2023,Comptroller of the Currency,11,55,100.0,9,0,Canada,BANK OF MONTREAL,0,6,0,202237154,,Fond du Lac,MULT,CB,EXACT,,FED,0,,0,320 S Canal St,0,77095,1231333,39,16571,43.7539649865376,IL,4,CALL,0,Chicago,75633,Fond Du Lac Branch,1,,Fond Du Lac,COMMERCIAL LENDING,Large Bank,,07/05/2011,0,505,0,WI,1,Wisconsin,7,OCC,Chicago,263430065,,0,33 W Pioneer Rd,-88.4508769812299,,MONTREAL,17031,,Chicago,3,55039,,"Fond du Lac, WI",BMO Harris Bank National Association,Fond Du Lac,,2023_16571_505
60606,DIF,N,United States,53545,OCC,27500,4171,Illinois,10/18/1875,2023,Comptroller of the Currency,11,55,100.0,9,0,Canada,BANK OF MONTREAL,0,6,0,202237154,,Janesville,MULT,CB,EXACT,,FED,0,,0,320 S Canal St,357,136934,1231333,105,16571,42.6841760206428,IL,4,CALL,0,Chicago,75633,Janesville,1,,Rock,COMMERCIAL LENDING,Large Bank,,07/05/2011,0,506,0,WI,1,Wisconsin,7,OCC,Chicago,263430065,,0,100 N Main St,-89.0232639894929,,MONTREAL,17031,"Madison-Janesville-Beloit, WI",Chicago,3,55105,,"Janesville-Beloit, WI",BMO Harris Bank National Association,Janesville,,2023_16571_506
60606,DIF,N,United States,53536,OCC,27500,208939,Illinois,01/11/1980,2023,Comptroller of the Currency,11,55,100.0,9,0,Canada,BANK OF MONTREAL,0,6,0,202237154,,Evansville,MULT,CB,EXACT,,FED,0,,0,320 S Canal St,357,56346,1231333,105,16571,42.7811859887006,IL,4,CALL,0,Chicago,75633,Evansville Branch,1,,Rock,COMMERCIAL LENDING,Large Bank,,07/05/2011,0,508,0,WI,1,Wisconsin,7,OCC,Chicago,263430065,,0,25 N Madison St,-89.2994849985929,,MONTREAL,17031,"Madison-Janesville-Beloit, WI",Chicago,3,55105,,"Janesville-Beloit, WI",BMO Harris Bank National Association,Evansville,,2023_16571_508
60606,DIF,N,United States,53545,OCC,27500,12304,Illinois,06/12/1961,2023,Comptroller of the Currency,11,55,100.0,9,0,Canada,BANK OF MONTREAL,0,6,0,202237154,,Janesville,MULT,CB,EXACT,,FED,0,,0,320 S Canal St,357,95475,1231333,105,16571,42.7013590059715,IL,4,CALL,0,Chicago,75633,Creston Park Branch,1,,Rock,COMMERCIAL LENDING,Large Bank,,07/05/2011,0,509,0,WI,1,Wisconsin,7,OCC,Chicago,263430065,,0,1404 Creston Park Dr,-89.0049760178686,,MONTREAL,17031,"Madison-Janesville-Beloit, WI",Chicago,3,55105,,"Janesville-Beloit, WI",BMO Harris Bank National Association,Janesville,,2023_16571_509
60606,DIF,N,United States,53511,OCC,27500,13352,Illinois,01/18/1966,2023,Comptroller of the Currency,11,55,100.0,9,0,Canada,BANK OF MONTREAL,0,6,0,202237154,,Beloit,MULT,CB,EXACT,,FED,0,,0,320 S Canal St,357,144684,1231333,105,16571,42.4991649959698,IL,4,CALL,0,Chicago,75633,Beloit Branch,1,,Rock,COMMERCIAL LENDING,Large Bank,,07/05/2011,0,511,0,WI,1,Wisconsin,7,OCC,Chicago,263430065,,0,500 E Grand Ave,-89.0333279729976,,MONTREAL,17031,"Madison-Janesville-Beloit, WI",Chicago,3,55105,,"Janesville-Beloit, WI",BMO Harris Bank National Association,Beloit,,2023_16571_511
60606,DIF,N,United States,53115,OCC,0,9545,Illinois,01/01/1875,2023,Comptroller of the Currency,11,55,100.0,9,0,Canada,BANK OF MONTREAL,0,6,0,202237154,,Delavan,MULT,CB,EXACT,,FED,0,,0,320 S Canal St,376,85062,1231333,127,16571,42.6334189868688,IL,4,CALL,0,Chicago,75633,Delavan Branch,0,,Walworth,COMMERCIAL LENDING,Large Bank,,07/05/2011,1,513,0,WI,1,Wisconsin,7,OCC,Chicago,263430065,,0,104 N 5th St,-88.6427150241298,,MONTREAL,17031,"Milwaukee-Racine-Waukesha, WI",Chicago,3,55127,,,BMO Harris Bank National Association,Delavan,,2023_16571_513
60606,DIF,N,United States,54703,OCC,20740,12033,Illinois,11/23/1959,2023,Comptroller of the Currency,11,55,100.0,9,0,Canada,BANK OF MONTREAL,0,6,0,202237154,,Eau Claire,MULT,CB,EXACT,,FED,0,,0,320 S Canal St,232,31574,1231333,35,16571,44.8024010121834,IL,4,CALL,0,Chicago,75633,Eau Claire Water Street,1,,Eau Claire,COMMERCIAL LENDING,Large Bank,,07/05/2011,0,528,0,WI,1,Wisconsin,7,OCC,Chicago,263430065,,0,228 Water St,-91.5039449797496,,MONTREAL,17031,"Eau Claire-Menomonie, WI",Chicago,3,55035,,"Eau Claire, WI",BMO Harris Bank National Association,Eau Claire,,2023_16571_528
60606,DIF,N,United States,54751,OCC,0,5782,Illinois,03/18/1914,2023,Comptroller of the Currency,11,55,100.0,9,0,Canada,BANK OF MONTREAL,0,6,0,202237154,,Menomonie,MULT,CB,EXACT,,FED,0,,0,320 S Canal St,232,32945,1231333,33,16571,44.8761970060301,IL,4,CALL,0,Chicago,75633,Menomonie Branch,0,,Dunn,COMMERCIAL LENDING,Large Bank,,07/05/2011,1,529,0,WI,1,Wisconsin,7,OCC,Chicago,263430065,,0,500 Main St E,-91.9243730287647,,MONTREAL,17031,"Eau Claire-Menomonie, WI",Chicago,3,55033,,,BMO Harris Bank National Association,Menomonie,,2023_16571_529
60606,DIF,N,United States,53151,OCC,33340,507049,Illinois,03/15/2010,2023,Comptroller of the Currency,11,55,100.0,9,0,Canada,BANK OF MONTREAL,0,6,0,202237154,,New Berlin,MULT,CB,EXACT,,FED,0,,0,320 S Canal St,376,134933,1231333,133,16571,42.9775130017556,IL,4,CALL,0,Chicago,75633,New Berlin Wi Facility,1,,Waukesha,COMMERCIAL LENDING,Large Bank,,,0,530,0,WI,1,Wisconsin,7,OCC,Chicago,263430065,,0,15450 W National Ave,-88.1077409759665,,MONTREAL,17031,"Milwaukee-Racine-Waukesha, WI",Chicago,3,55133,,"Milwaukee-Waukesha, WI",BMO Harris Bank National Association,New Berlin,,2023_16571_530
60606,DIF,N,United States,54729,OCC,20740,3603,Illinois,05/01/1873,2023,Comptroller of the Currency,11,55,100.0,9,0,Canada,BANK OF MONTREAL,0,6,0,202237154,,Chippewa Falls,MULT,CB,EXACT,,FED,0,,0,320 S Canal St,232,66795,1231333,17,16571,44.9383709882099,IL,4,CALL,0,Chicago,75633,Chippewa Falls Branch,1,,Chippewa,COMMERCIAL LENDING,Large Bank,,07/05/2011,0,531,0,WI,1,Wisconsin,7,OCC,Chicago,263430065,,0,411 N Bridge St,-91.3941989612739,,MONTREAL,17031,"Eau Claire-Menomonie, WI",Chicago,3,55017,,"Eau Claire, WI",BMO Harris Bank National Association,Chippewa Falls,,2023_16571_531
60606,DIF,N,United States,54702,OCC,20740,219329,Illinois,01/14/1991,2023,Comptroller of the Currency,11,55,0,9,0,Canada,BANK OF MONTREAL,0,6,0,202237154,,Eau Claire,MULT,CB,S18,,FED,0,,0,320 S Canal St,232,69418,1231333,35,16571,44.775932,IL,4,CALL,0,Chicago,75633,Highway 93 Branch,1,,Eau Claire,COMMERCIAL LENDING,Large Bank,,07/05/2011,0,533,0,WI,1,Wisconsin,7,OCC,Chicago,263430065,,0,4106 Highway 93,-91.460133,,MONTREAL,17031,"Eau Claire-Menomonie, WI",Chicago,3,55035,,"Eau Claire, WI",BMO Harris Bank National Association,Eau Claire,,2023_16571_533
60606,DIF,N,United States,54021,OCC,33460,227305,Illinois,10/28/1944,2023,Comptroller of the Currency,11,55,100.0,9,0,Canada,BANK OF MONTREAL,0,6,0,202237154,,Prescott,MULT,CB,EXACT,,FED,0,,0,320 S Canal St,378,53700,1231333,93,16571,44.7605440089295,IL,4,CALL,0,Chicago,75633,Prescott Branch,1,,Pierce,COMMERCIAL LENDING,Large Bank,,07/05/2011,0,535,0,WI,1,Wisconsin,7,OCC,Chicago,263430065,,0,1049 Campbell St N,-92.7925330087508,,MONTREAL,17031,"Minneapolis-St. Paul, MN-WI",Chicago,3,55093,,"Minneapolis-St. Paul-Bloomington, MN-WI",BMO Harris Bank National Association,Prescott,,2023_16571_535
60606,DIF,N,United States,53050,OCC,0,8392,Illinois,11/01/1892,2023,Comptroller of the Currency,11,55,100.0,9,0,Canada,BANK OF MONTREAL,0,6,0,202237154,,Mayville,MULT,CB,EXACT,,FED,0,,0,320 S Canal St,376,68275,1231333,27,16571,43.493695996466,IL,4,CALL,0,Chicago,75633,Mayville Branch,0,,Dodge,COMMERCIAL LENDING,Large Bank,,07/05/2011,1,537,0,WI,1,Wisconsin,7,OCC,Chicago,263430065,,0,209 Horicon St,-88.5466109721673,,MONTREAL,17031,"Milwaukee-Racine-Waukesha, WI",Chicago,3,55027,,,BMO Harris Bank National Association,Mayville,,2023_16571_537
60606,DIF,N,United States,53048,OCC,0,225245,Illinois,08/26/1933,2023,Comptroller of the Currency,11,55,0,9,0,Canada,BANK OF MONTREAL,0,6,0,202237154,,Lomira,MULT,CB,S03,,FED,0,,0,320 S Canal St,376,37183,1231333,27,16571,43.591706,IL,4,CALL,0,Chicago,75633,Lomira Branch,0,,Dodge,COMMERCIAL LENDING,Large Bank,,07/05/2011,1,538,0,WI,1,Wisconsin,7,OCC,Chicago,263430065,,0,250 East Main Street,-88.43386,,MONTREAL,17031,"Milwaukee-Racine-Waukesha, WI",Chicago,3,55027,,,BMO Harris Bank National Association,Lomira,,2023_16571_538
60606,DIF,N,United States,53094,OCC,0,7159,Illinois,08/01/1854,2023,Comptroller of the Currency,11,55,100.0,9,0,Canada,BANK OF MONTREAL,0,6,0,202237154,,Watertown,MULT,CB,EXACT,,FED,0,,0,320 S Canal St,376,137013,1231333,55,16571,43.1952049830906,IL,4,CALL,0,Chicago,75633,Watertown Branch,0,,Jefferson,COMMERCIAL LENDING,Large Bank,,07/05/2011,1,539,0,WI,1,Wisconsin,7,OCC,Chicago,263430065,,0,205 N 2nd St,-88.7225389893737,,MONTREAL,17031,"Milwaukee-Racine-Waukesha, WI",Chicago,3,55055,,,BMO Harris Bank National Association,Watertown,,2023_16571_539
60606,DIF,N,United States,53916,OCC,0,3552,Illinois,01/01/1865,2023,Comptroller of the Currency,11,55,100.0,9,0,Canada,BANK OF MONTREAL,0,6,0,202237154,,Beaver Dam,MULT,CB,EXACT,,FED,0,,0,320 S Canal St,376,60239,1231333,27,16571,43.456574014135,IL,4,CALL,0,Chicago,75633,Beaver Dam Branch,0,,Dodge,COMMERCIAL LENDING,Large Bank,,07/05/2011,1,540,0,WI,1,Wisconsin,7,OCC,Chicago,263430065,,0,120 Park Ave,-88.8355999667363,,MONTREAL,17031,"Milwaukee-Racine-Waukesha, WI",Chicago,3,55027,,,BMO Harris Bank National Association,Beaver Dam,,2023_16571_540
60606,DIF,N,United States,53703,OCC,31540,8243,Illinois,01/22/1923,2023,Comptroller of the Currency,11,55,100.0,9,0,Canada,BANK OF MONTREAL,0,6,0,202237154,,Madison,MULT,CB,EXACT,,FED,0,,0,320 S Canal St,357,1982743,1231333,25,16571,43.0734500023878,IL,4,CALL,0,Chicago,75633,Capital Square Branch,1,,Dane,COMMERCIAL LENDING,Large Bank,,07/05/2011,0,541,0,WI,1,Wisconsin,7,OCC,Chicago,263430065,,0,1 W Main St,-89.3830679959539,,MONTREAL,17031,"Madison-Janesville-Beloit, WI",Chicago,3,55025,,"Madison, WI",BMO Harris Bank National Association,Madison,,2023_16571_541
60606,DIF,N,United States,53716,OCC,31540,228804,Illinois,10/01/1984,2023,Comptroller of the Currency,23,55,100.0,9,0,Canada,BANK OF MONTREAL,0,6,0,202237154,,Madison,MULT,CB,EXACT,N,FED,0,,0,320 S Canal St,357,0,1231333,25,16571,43.0847130171418,IL,4,CALL,0,Chicago,75633,Cottage Grove Drive Up,1,,Dane,COMMERCIAL LENDING,Large Bank,,07/05/2011,0,542,0,WI,1,Wisconsin,7,OCC,Chicago,263430065,,0,4522 Cottage Grove Rd,-89.303779969599,,MONTREAL,17031,"Madison-Janesville-Beloit, WI",Chicago,3,55025,,"Madison, WI",BMO Harris Bank National Association,Madison,,2023_16571_542
60606,DIF,N,United States,53705,OCC,31540,12251,Illinois,01/09/1961,2023,Comptroller of the Currency,11,55,100.0,9,0,Canada,BANK OF MONTREAL,0,6,0,202237154,,Madison,MULT,CB,EXACT,,FED,0,,0,320 S Canal St,357,350144,1231333,25,16571,43.0693649980562,IL,4,CALL,0,Chicago,75633,Hilldale Branch,1,,Dane,COMMERCIAL LENDING,Large Bank,,07/05/2011,0,543,0,WI,1,Wisconsin,7,OCC,Chicago,263430065,,0,216 Price Pl,-89.4529019898981,,MONTREAL,17031,"Madison-Janesville-Beloit, WI",Chicago,3,55025,,"Madison, WI",BMO Harris Bank National Association,Madison,,2023_16571_543
60606,DIF,N,United States,53711,OCC,31540,15074,Illinois,09/23/1974,2023,Comptroller of the Currency,11,55,100.0,9,0,Canada,BANK OF MONTREAL,0,6,0,202237154,,Madison,MULT,CB,EXACT,,FED,0,,0,320 S Canal St,357,101869,1231333,25,16571,43.0237800176366,IL,4,CALL,0,Chicago,75633,Jamestown Branch,1,,Dane,COMMERCIAL LENDING,Large Bank,,07/05/2011,0,545,0,WI,1,Wisconsin,7,OCC,Chicago,263430065,,0,5250 Verona Rd,-89.4699449974438,,MONTREAL,17031,"Madison-Janesville-Beloit, WI",Chicago,3,55025,,"Madison, WI",BMO Harris Bank National Association,Madison,,2023_16571_545
60606,DIF,N,United States,53717,OCC,31540,228797,Illinois,06/30/1969,2023,Comptroller of the Currency,11,55,100.0,9,0,Canada,BANK OF MONTREAL,0,6,0,202237154,,Madison,MULT,CB,EXACT,,FED,0,,0,320 S Canal St,357,171038,1231333,25,16571,43.0600869856123,IL,4,CALL,0,Chicago,75633,High Point Branch,1,,Dane,COMMERCIAL LENDING,Large Bank,,07/05/2011,0,546,0,WI,1,Wisconsin,7,OCC,Chicago,263430065,,0,7801 Mineral Point Rd,-89.5181899748362,,MONTREAL,17031,"Madison-Janesville-Beloit, WI",Chicago,3,55025,,"Madison, WI",BMO Harris Bank National Association,Madison,,2023_16571_546
60606,DIF,N,United States,53704,OCC,31540,248938,Illinois,10/18/1978,2023,Comptroller of the Currency,11,55,100.0,9,0,Canada,BANK OF MONTREAL,0,6,0,202237154,,Madison,MULT,CB,EXACT,,FED,0,,0,320 S Canal St,357,90632,1231333,25,16571,43.1129949833793,IL,4,CALL,0,Chicago,75633,Sherman Branch,1,,Dane,COMMERCIAL LENDING,Large Bank,,07/05/2011,0,548,0,WI,1,Wisconsin,7,OCC,Chicago,263430065,,0,1202 N Sherman Ave,-89.3641659661029,,MONTREAL,17031,"Madison-Janesville-Beloit, WI",Chicago,3,55025,,"Madison, WI",BMO Harris Bank National Association,Madison,,2023_16571_548
60606,DIF,N,United States,53562,OCC,31540,9493,Illinois,07/03/1903,2023,Comptroller of the Currency,11,55,100.0,9,0,Canada,BANK OF MONTREAL,0,6,0,202237154,,Middleton,MULT,CB,EXACT,,FED,0,,0,320 S Canal St,357,254811,1231333,25,16571,43.0965369907657,IL,4,CALL,0,Chicago,75633,Middleton Branch,1,,Dane,COMMERCIAL LENDING,Large Bank,,07/05/2011,0,549,0,WI,1,Wisconsin,7,OCC,Chicago,263430065,,0,7447 University Ave,-89.5111309874389,,MONTREAL,17031,"Madison-Janesville-Beloit, WI",Chicago,3,55025,,"Madison, WI",BMO Harris Bank National Association,Middleton,,2023_16571_549
60606,DIF,N,United States,53716,OCC,31540,11701,Illinois,04/08/1957,2023,Comptroller of the Currency,11,55,100.0,9,0,Canada,BANK OF MONTREAL,0,6,0,202237154,,Madison,MULT,CB,EXACT,,FED,0,,0,320 S Canal St,357,144256,1231333,25,16571,43.0683919848261,IL,4,CALL,0,Chicago,75633,Monona Grove Branch,1,,Dane,COMMERCIAL LENDING,Large Bank,,07/05/2011,0,550,0,WI,1,Wisconsin,7,OCC,Chicago,263430065,,0,4711 Monona Dr,-89.3265120262869,,MONTREAL,17031,"Madison-Janesville-Beloit, WI",Chicago,3,55025,,"Madison, WI",BMO Harris Bank National Association,Monona,,2023_16571_550
60606,DIF,N,United States,53704,OCC,31540,228800,Illinois,04/27/1990,2023,Comptroller of the Currency,11,55,100.0,9,0,Canada,BANK OF MONTREAL,0,6,0,202237154,,Madison,MULT,CB,EXACT,,FED,0,,0,320 S Canal St,357,86323,1231333,25,16571,43.1309770155377,IL,4,CALL,0,Chicago,75633,East Towne Branch,1,,Dane,COMMERCIAL LENDING,Large Bank,,07/05/2011,0,552,0,WI,1,Wisconsin,7,OCC,Chicago,263430065,,0,4726 E Towne Blvd,-89.30274798968,,MONTREAL,17031,"Madison-Janesville-Beloit, WI",Chicago,3,55025,,"Madison, WI",BMO Harris Bank National Association,Madison,,2023_16571_552
60606,DIF,N,United States,53575,OCC,31540,7171,Illinois,01/01/1899,2023,Comptroller of the Currency,11,55,100.0,9,0,Canada,BANK OF MONTREAL,0,6,0,202237154,,Oregon,MULT,CB,EXACT,,FED,0,,0,320 S Canal St,357,75653,1231333,25,16571,42.9269870151426,IL,4,CALL,0,Chicago,75633,Oregon Branch,1,,Dane,COMMERCIAL LENDING,Large Bank,,07/05/2011,0,553,0,WI,1,Wisconsin,7,OCC,Chicago,263430065,,0,127 Jefferson St,-89.385370001842,,MONTREAL,17031,"Madison-Janesville-Beloit, WI",Chicago,3,55025,,"Madison, WI",BMO Harris Bank National Association,Oregon,,2023_16571_553
60606,DIF,N,United States,53590,OCC,31540,13495,Illinois,04/20/1967,2023,Comptroller of the Currency,11,55,100.0,9,0,Canada,BANK OF MONTREAL,0,6,0,202237154,,Sun Prairie,MULT,CB,EXACT,,FED,0,,0,320 S Canal St,357,94927,1231333,25,16571,43.1806980041697,IL,4,CALL,0,Chicago,75633,Sun Prairie Branch,1,,Dane,COMMERCIAL LENDING,Large Bank,,07/05/2011,0,554,0,WI,1,Wisconsin,7,OCC,Chicago,263430065,,0,1140 W Main St,-89.2323509832995,,MONTREAL,17031,"Madison-Janesville-Beloit, WI",Chicago,3,55025,,"Madison, WI",BMO Harris Bank National Association,Sun Prairie,,2023_16571_554
60606,DIF,N,United States,53713,OCC,31540,228802,Illinois,03/02/1992,2023,Comptroller of the Currency,11,55,100.0,9,0,Canada,BANK OF MONTREAL,0,6,0,202237154,,Madison,MULT,CB,EXACT,,FED,0,,0,320 S Canal St,357,64513,1231333,25,16571,43.0291479979778,IL,4,CALL,0,Chicago,75633,Fitchburg Branch,1,,Dane,COMMERCIAL LENDING,Large Bank,,07/05/2011,0,555,0,WI,1,Wisconsin,7,OCC,Chicago,263430065,,0,2900 Fish Hatchery Rd,-89.4114290035383,,MONTREAL,17031,"Madison-Janesville-Beloit, WI",Chicago,3,55025,,"Madison, WI",BMO Harris Bank National Association,Madison,,2023_16571_555
60606,DIF,N,United States,53588,OCC,0,9452,Illinois,01/29/1914,2023,Comptroller of the Currency,11,55,100.0,9,0,Canada,BANK OF MONTREAL,0,6,0,202237154,,Spring Green,MULT,CB,EXACT,,FED,0,,0,320 S Canal St,357,84045,1231333,111,16571,43.1770989825843,IL,4,CALL,0,Chicago,75633,Spring Green Branch,0,,Sauk,COMMERCIAL LENDING,Large Bank,,07/05/2011,1,556,0,WI,1,Wisconsin,7,OCC,Chicago,263430065,,0,209 E Jefferson St,-90.06644003562,,MONTREAL,17031,"Madison-Janesville-Beloit, WI",Chicago,3,55111,,,BMO Harris Bank National Association,Spring Green,,2023_16571_556
60606,DIF,N,United States,53583,OCC,0,8106,Illinois,09/10/1913,2023,Comptroller of the Currency,11,55,100.0,9,0,Canada,BANK OF MONTREAL,0,6,0,202237154,,Sauk City,MULT,CB,EXACT,,FED,0,,0,320 S Canal St,357,125811,1231333,111,16571,43.2738509975718,IL,4,CALL,0,Chicago,75633,Sauk Prairie Branch,0,,Sauk,COMMERCIAL LENDING,Large Bank,,07/05/2011,1,558,0,WI,1,Wisconsin,7,OCC,Chicago,263430065,,0,615 Water St,-89.7211069658963,,MONTREAL,17031,"Madison-Janesville-Beloit, WI",Chicago,3,55111,,,BMO Harris Bank National Association,Sauk City,,2023_16571_558
60606,DIF,N,United States,53533,OCC,31540,10049,Illinois,06/01/1896,2023,Comptroller of the Currency,11,55,100.0,9,0,Canada,BANK OF MONTREAL,0,6,0,202237154,,Dodgeville,MULT,CB,EXACT,,FED,0,,0,320 S Canal St,357,63934,1231333,49,16571,42.9619079935187,IL,4,CALL,0,Chicago,75633,Dodgeville Branch,1,,Iowa,COMMERCIAL LENDING,Large Bank,,07/05/2011,0,560,0,WI,1,Wisconsin,7,OCC,Chicago,263430065,,0,302 N Iowa St,-90.1306190109489,,MONTREAL,17031,"Madison-Janesville-Beloit, WI",Chicago,3,55049,,"Madison, WI",BMO Harris Bank National Association,Dodgeville,,2023_16571_560
60606,DIF,N,United States,53813,OCC,0,7840,Illinois,01/12/1931,2023,Comptroller of the Currency,11,55,100.0,9,0,Canada,BANK OF MONTREAL,0,6,0,202237154,,Lancaster,MULT,CB,EXACT,,FED,0,,0,320 S Canal St,0,53048,1231333,43,16571,42.8482309881822,IL,4,CALL,0,Chicago,75633,Lancaster Branch,0,,Grant,COMMERCIAL LENDING,Large Bank,,07/05/2011,1,562,0,WI,1,Wisconsin,7,OCC,Chicago,263430065,,0,237 W Maple St,-90.7118009825758,,MONTREAL,17031,,Chicago,3,55043,,,BMO Harris Bank National Association,Lancaster,,2023_16571_562
60606,DIF,N,United States,53597,OCC,31540,357012,Illinois,04/03/2000,2023,Comptroller of the Currency,11,55,100.0,9,0,Canada,BANK OF MONTREAL,0,6,0,202237154,,Waunakee,MULT,CB,EXACT,,FED,0,,0,320 S Canal St,357,45540,1231333,25,16571,43.1931600082634,IL,4,CALL,0,Chicago,75633,Waunakee Branch,1,,Dane,COMMERCIAL LENDING,Large Bank,,07/05/2011,0,563,0,WI,1,Wisconsin,7,OCC,Chicago,263430065,,0,220 N Century Ave,-89.461293029348,,MONTREAL,17031,"Madison-Janesville-Beloit, WI",Chicago,3,55025,,"Madison, WI",BMO Harris Bank National Association,Waunakee,,2023_16571_563
60606,DIF,N,United States,54650,OCC,29100,13601,Illinois,04/08/1968,2023,Comptroller of the Currency,11,55,100.0,9,0,Canada,BANK OF MONTREAL,0,6,0,202237154,,Onalaska,MULT,CB,EXACT,,FED,0,,0,320 S Canal St,317,56570,1231333,63,16571,43.8845560019298,IL,4,CALL,0,Chicago,75633,Onalaska Branch,1,,La Crosse,COMMERCIAL LENDING,Large Bank,,07/05/2011,0,565,0,WI,1,Wisconsin,7,OCC,Chicago,263430065,,0,1145 Main St,-91.2204400129711,,MONTREAL,17031,"La Crosse-Onalaska-Sparta, WI-MN",Chicago,3,55063,,"La Crosse-Onalaska, WI-MN",BMO Harris Bank National Association,Onalaska,,2023_16571_565
60606,DIF,N,United States,54603,OCC,29100,16412,Illinois,05/09/1981,2023,Comptroller of the Currency,11,55,100.0,9,0,Canada,BANK OF MONTREAL,0,6,0,202237154,,La Crosse,MULT,CB,EXACT,,FED,0,,0,320 S Canal St,317,67372,1231333,63,16571,43.8416129973911,IL,4,CALL,0,Chicago,75633,La Crosse - Rose Branch,1,,La Crosse,COMMERCIAL LENDING,Large Bank,,07/05/2011,0,566,0,WI,1,Wisconsin,7,OCC,Chicago,263430065,,0,1300 Rose St,-91.2477630056663,,MONTREAL,17031,"La Crosse-Onalaska-Sparta, WI-MN",Chicago,3,55063,,"La Crosse-Onalaska, WI-MN",BMO Harris Bank National Association,La Crosse,,2023_16571_566
60606,DIF,N,United States,53012,OCC,33340,361401,Illinois,04/01/2001,2023,Comptroller of the Currency,11,55,0,9,0,Canada,BANK OF MONTREAL,0,6,0,202237154,,Cedarburg,MULT,CB,S09,,FED,0,,0,320 S Canal St,376,91304,1231333,89,16571,43.284058,IL,4,CALL,0,Chicago,75633,Cedarburg Branch,1,,Ozaukee,COMMERCIAL LENDING,Large Bank,,07/05/2011,0,567,0,WI,1,Wisconsin,7,OCC,Chicago,263430065,,0,W62 N209 Washington Avenue,-87.987039,,MONTREAL,17031,"Milwaukee-Racine-Waukesha, WI",Chicago,3,55089,,"Milwaukee-Waukesha, WI",BMO Harris Bank National Association,Cedarburg,,2023_16571_567
60606,DIF,N,United States,53144,OCC,28450,362066,Illinois,11/01/2000,2023,Comptroller of the Currency,11,55,100.0,9,0,Canada,BANK OF MONTREAL,0,6,0,202237154,,Kenosha,MULT,CB,EXACT,,FED,0,,0,320 S Canal St,176,91292,1231333,59,16571,42.5881419994813,IL,4,CALL,0,Chicago,75633,52Nd Street Branch,1,,Kenosha,COMMERCIAL LENDING,Large Bank,,07/05/2011,0,568,0,WI,1,Wisconsin,7,OCC,Chicago,263430065,,0,4235 52nd St,-87.8602070304845,,MONTREAL,17031,"Chicago-Naperville, IL-IN-WI",Chicago,3,55059,,"Kenosha, WI",BMO Harris Bank National Association,Kenosha,,2023_16571_568
60606,DIF,N,United States,53158,OCC,28450,363739,Illinois,06/03/2002,2023,Comptroller of the Currency,11,55,100.0,9,0,Canada,BANK OF MONTREAL,0,6,0,202237154,,Pleasant Prairie,MULT,CB,StreetAddress,,FED,0,,0,320 S Canal St,176,81024,1231333,59,16571,42.5655370493679,IL,4,CALL,0,Chicago,75633,Prairie Ridge,1,,Kenosha,COMMERCIAL LENDING,Large Bank,,07/05/2011,0,573,0,WI,1,Wisconsin,7,OCC,Chicago,263430065,,0,9066 76th St,-87.91714244198,,MONTREAL,17031,"Chicago-Naperville, IL-IN-WI",Chicago,3,55059,,"Kenosha, WI",BMO Harris Bank National Association,Pleasant Prairie,,2023_16571_573
60606,DIF,N,United States,53202,OCC,33340,430555,Illinois,07/01/2003,2023,Comptroller of the Currency,29,55,100.0,9,0,Canada,BANK OF MONTREAL,0,6,0,202237154,,Milwaukee,MULT,CB,EXACT,C,FED,0,379,0,320 S Canal St,376,0,1231333,79,16571,43.0536169945512,IL,4,CALL,0,Chicago,75633,St John'S Tower Branch,1,,Milwaukee,COMMERCIAL LENDING,Large Bank,,07/05/2011,0,603,0,WI,1,Wisconsin,7,OCC,Chicago,263430065,,0,1840 N Prospect Ave,-87.8890860396852,,MONTREAL,17031,"Milwaukee-Racine-Waukesha, WI",Chicago,3,55079,,"Milwaukee-Waukesha, WI",BMO Harris Bank National Association,Milwaukee,,2023_16571_603
60606,DIF,N,United States,54703,OCC,20740,430560,Illinois,07/01/2003,2023,Comptroller of the Currency,23,55,100.0,9,0,Canada,BANK OF MONTREAL,0,6,0,202237154,,Eau Claire,MULT,CB,EXACT,C,FED,0,528,0,320 S Canal St,232,0,1231333,35,16571,44.8024010121834,IL,4,CALL,0,Chicago,75633,Eau Claire Drive Up Branch,1,,Eau Claire,COMMERCIAL LENDING,Large Bank,,07/05/2011,0,607,0,WI,1,Wisconsin,7,OCC,Chicago,263430065,,0,228 Water St,-91.5039449797496,,MONTREAL,17031,"Eau Claire-Menomonie, WI",Chicago,3,55035,,"Eau Claire, WI",BMO Harris Bank National Association,Eau Claire,,2023_16571_607
60606,DIF,N,United States,54915,OCC,11540,430561,Illinois,12/22/2003,2023,Comptroller of the Currency,11,55,100.0,9,0,Canada,BANK OF MONTREAL,0,6,0,202237154,,Appleton,MULT,CB,EXACT,,FED,0,,0,320 S Canal St,118,92787,1231333,15,16571,44.2432199857399,IL,4,CALL,0,Chicago,75633,Darboy Branch,1,,Calumet,COMMERCIAL LENDING,Large Bank,,07/05/2011,0,608,0,WI,1,Wisconsin,7,OCC,Chicago,263430065,,0,3901 E Calumet St,-88.3474729621538,,MONTREAL,17031,"Appleton-Oshkosh-Neenah, WI",Chicago,3,55015,,"Appleton, WI",BMO Harris Bank National Association,Appleton,,2023_16571_608
60606,DIF,N,United States,54311,OCC,24580,438931,Illinois,01/10/2005,2023,Comptroller of the Currency,11,55,100.0,9,0,Canada,BANK OF MONTREAL,0,6,0,202237154,,Green Bay,MULT,CB,EXACT,,FED,0,,0,320 S Canal St,267,69467,1231333,9,16571,44.4642749961765,IL,4,CALL,0,Chicago,75633,Bellevue Branch,1,,Brown,COMMERCIAL LENDING,Large Bank,,07/05/2011,0,613,0,WI,1,Wisconsin,7,OCC,Chicago,263430065,,0,2042 Lime Kiln Rd,-87.9837240129633,,MONTREAL,17031,"Green Bay-Shawano, WI",Chicago,3,55009,,"Green Bay, WI",BMO Harris Bank National Association,Green Bay,,2023_16571_613
60606,DIF,N,United States,54016,OCC,33460,446124,Illinois,11/30/2005,2023,Comptroller of the Currency,11,55,100.0,9,0,Canada,BANK OF MONTREAL,0,6,0,202237154,,Hudson,MULT,CB,EXACT,,FED,0,,0,320 S Canal St,378,38662,1231333,109,16571,44.9536830070213,IL,4,CALL,0,Chicago,75633,Hudson Branch,1,,St. Croix,COMMERCIAL LENDING,Large Bank,,07/05/2011,0,624,0,WI,1,Wisconsin,7,OCC,Chicago,263430065,,0,2417 Monetary Blvd,-92.7227580234049,,MONTREAL,17031,"Minneapolis-St. Paul, MN-WI",Chicago,3,55109,,"Minneapolis-St. Paul-Bloomington, MN-WI",BMO Harris Bank National Association,Hudson,,2023_16571_624
60606,DIF,N,United States,53080,OCC,33340,449801,Illinois,01/17/2006,2023,Comptroller of the Currency,11,55,100.0,9,0,Canada,BANK OF MONTREAL,0,6,0,202237154,,Saukville,MULT,CB,EXACT,,FED,0,,0,320 S Canal St,376,62182,1231333,89,16571,43.3844629923741,IL,4,CALL,0,Chicago,75633,Saukville Branch,1,,Ozaukee,COMMERCIAL LENDING,Large Bank,,07/05/2011,0,627,0,WI,1,Wisconsin,7,OCC,Chicago,263430065,,0,859 E Green Bay Ave,-87.9211670197179,,MONTREAL,17031,"Milwaukee-Racine-Waukesha, WI",Chicago,3,55089,,"Milwaukee-Waukesha, WI",BMO Harris Bank National Association,Saukville,,2023_16571_627
60606,DIF,N,United States,53150,OCC,33340,449827,Illinois,03/06/2006,2023,Comptroller of the Currency,11,55,0,9,0,Canada,BANK OF MONTREAL,0,6,0,202237154,,Muskego,MULT,CB,S09,,FED,0,,0,320 S Canal St,376,140860,1231333,133,16571,42.918736,IL,4,CALL,0,Chicago,75633,Muskego Branch,1,,Waukesha,COMMERCIAL LENDING,Large Bank,,07/05/2011,0,628,0,WI,1,Wisconsin,7,OCC,Chicago,263430065,,0,S69 W15563 Janesville Road,-88.108957,,MONTREAL,17031,"Milwaukee-Racine-Waukesha, WI",Chicago,3,55133,,"Milwaukee-Waukesha, WI",BMO Harris Bank National Association,Muskego,,2023_16571_628
60606,DIF,N,United States,54467,OCC,0,454553,Illinois,08/14/2006,2023,Comptroller of the Currency,11,55,100.0,9,0,Canada,BANK OF MONTREAL,0,6,0,202237154,,Plover,MULT,CB,EXACT,,FED,0,,0,320 S Canal St,554,58821,1231333,97,16571,44.4968570044715,IL,4,CALL,0,Chicago,75633,Crossroads Commons Branch,0,,Portage,COMMERCIAL LENDING,Large Bank,,07/05/2011,1,662,0,WI,1,Wisconsin,7,OCC,Chicago,263430065,,0,1200 Commerce Pl,-89.5141710199016,,MONTREAL,17031,"Wausau-Stevens Point-Wisconsin Rapids, WI",Chicago,3,55097,,,BMO Harris Bank National Association,Plover,,2023_16571_662
60606,DIF,N,United States,53546,OCC,27500,466630,Illinois,03/12/2007,2023,Comptroller of the Currency,11,55,100.0,9,0,Canada,BANK OF MONTREAL,0,6,0,202237154,,Janesville,MULT,CB,EXACT,,FED,0,,0,320 S Canal St,357,96206,1231333,105,16571,42.7338340192725,IL,4,CALL,0,Chicago,75633,Milton Avenue Branch,1,,Rock,COMMERCIAL LENDING,Large Bank,,07/05/2011,0,686,0,WI,1,Wisconsin,7,OCC,Chicago,263430065,,0,"4323 Milton Ave, Ste 100",-88.9875010070333,,MONTREAL,17031,"Madison-Janesville-Beloit, WI",Chicago,3,55105,,"Janesville-Beloit, WI",BMO Harris Bank National Association,Janesville,,2023_16571_686
60606,DIF,N,United States,53965,OCC,31540,485225,Illinois,01/12/2009,2023,Comptroller of the Currency,11,55,100.0,9,0,Canada,BANK OF MONTREAL,0,6,0,202237154,,Wisconsin Dells,MULT,CB,EXACT,,FED,0,,0,320 S Canal St,357,33426,1231333,21,16571,43.6278670065235,IL,4,CALL,0,Chicago,75633,Wisconsin Dells Branch,1,,Columbia,COMMERCIAL LENDING,Large Bank,,07/05/2011,0,735,0,WI,1,Wisconsin,7,OCC,Chicago,263430065,,0,501 Broadway,-89.7703120064783,,MONTREAL,17031,"Madison-Janesville-Beloit, WI",Chicago,3,55021,,"Madison, WI",BMO Harris Bank National Association,Wisconsin Dells,,2023_16571_735
60606,DIF,N,United States,54568,OCC,0,489691,Illinois,12/15/2008,2023,Comptroller of the Currency,11,55,100.0,9,0,Canada,BANK OF MONTREAL,0,6,0,202237154,,Woodruff,MULT,CB,STREETNAME,,FED,0,,0,320 S Canal St,0,103657,1231333,85,16571,45.8934333061033,IL,4,CALL,0,Chicago,75633,Woodruff Branch,0,,Oneida,COMMERCIAL LENDING,Large Bank,,07/05/2011,0,741,0,WI,1,Wisconsin,7,OCC,Chicago,263430065,,0,300 Margaret Street,-89.69828156694,,MONTREAL,17031,,Chicago,3,55085,,,BMO Harris Bank National Association,Woodruff,,2023_16571_741
60606,DIF,N,United States,54403,OCC,48140,510732,Illinois,07/01/2009,2023,Comptroller of the Currency,11,55,100.0,9,0,Canada,BANK OF MONTREAL,0,6,0,202237154,,Wausau,MULT,CB,EXACT,N,FED,0,,0,320 S Canal St,554,0,1231333,73,16571,44.9613817850879,IL,4,CALL,0,Chicago,75633,Dudley Tower Branch,1,,Marathon,COMMERCIAL LENDING,Large Bank,,07/05/2011,0,766,0,WI,1,Wisconsin,7,OCC,Chicago,263430065,,0,"500 N 1st St, Ste 6500",-89.6306560047114,,MONTREAL,17031,"Wausau-Stevens Point-Wisconsin Rapids, WI",Chicago,3,55073,,"Wausau, WI",BMO Harris Bank National Association,Wausau,,2023_16571_766
60606,DIF,N,United States,53105,OCC,39540,513858,Illinois,10/25/2010,2023,Comptroller of the Currency,11,55,100.0,9,0,Canada,BANK OF MONTREAL,0,6,0,202237154,,Burlington,MULT,CB,StreetAddress,,FED,0,,0,320 S Canal St,376,104561,1231333,101,16571,42.6909992987717,IL,4,CALL,0,Chicago,75633,"Milwaukee Avenue, Burlington Branch",1,,Racine,COMMERCIAL LENDING,Large Bank,,07/05/2011,0,768,0,WI,1,Wisconsin,7,OCC,Chicago,263430065,,0,1000 Milwaukee Ave,-88.2666704491144,,MONTREAL,17031,"Milwaukee-Racine-Waukesha, WI",Chicago,3,55101,,"Racine-Mount Pleasant, WI",BMO Harris Bank National Association,Burlington,,2023_16571_768
60606,DIF,N,United States,53202,OCC,33340,61745,Illinois,03/18/1998,2023,Comptroller of the Currency,11,55,100.0,9,0,Canada,BANK OF MONTREAL,0,6,0,202237154,,Milwaukee,MULT,CB,EXACT,,FED,0,,0,320 S Canal St,376,793594,1231333,79,16571,43.041621988193,IL,4,CALL,0,Chicago,75633,M&I Trust Company Branch,1,,Milwaukee,COMMERCIAL LENDING,Large Bank,,09/01/2012,0,770,0,WI,1,Wisconsin,7,OCC,Chicago,263430065,,0,111 E Kilbourn Ave,-87.9115269928759,,MONTREAL,17031,"Milwaukee-Racine-Waukesha, WI",Chicago,3,55079,,"Milwaukee-Waukesha, WI",BMO Harris Bank National Association,Milwaukee,,2023_16571_770
54022,DIF,NM,United States,54022,STATE,33460,10939,Wisconsin,10/03/1949,2023,State Agency,11,55,100.0,9,0,United States,"RIVER FALLS BANCSHARES, INC.",1,,110318,110318,,River Falls,ONE,CB,EXACT,M,STATE,1,,0,124 S 2nd St,378,110318,2519805,93,16840,44.8572780028252,WI,4,CALL,0,Chicago,955753,River Falls State Bank,1,,Pierce,COMMERCIAL LENDING,,,,0,0,1,WI,1,Wisconsin,9,FDIC,Minneapolis,130053,,0,124 S 2nd St,-92.6245719905126,,RIVER FALLS,55093,"Minneapolis-St. Paul, MN-WI",River Falls,21,55093,,"Minneapolis-St. Paul-Bloomington, MN-WI",River Falls State Bank,River Falls,WI,2023_16840_0
54476,DIF,NM,United States,54476,STATE,48140,11171,Wisconsin,07/14/1952,2023,State Agency,11,55,100.0,9,15900,United States,"BOSSHARD BANCO, LTD.",0,,173863,173863,,Schofield,MULT,CB,EXACT,M,STATE,1,,0,962 Grand Ave,554,107274,1124163,73,17128,44.9185791774274,WI,4,CALL,0,Chicago,1016941,Intercity State Bank,1,,Marathon,COMMERCIAL LENDING,,,,0,0,1,WI,1,Wisconsin,7,FDIC,Chicago,252763,,0,962 Grand Ave,-89.61311486066,,LA CROSSE,55073,"Wausau-Stevens Point-Wisconsin Rapids, WI",Schofield,21,55073,,"Wausau, WI",Intercity State Bank,Schofield,WI,2023_17128_0
54476,DIF,NM,United States,54476,STATE,48140,240623,Wisconsin,11/05/1990,2023,State Agency,11,55,100.0,9,15900,United States,"BOSSHARD BANCO, LTD.",0,,0,173863,,Schofield,MULT,CB,EXACT,,STATE,0,,0,962 Grand Ave,554,55531,1124163,73,17128,44.9070175154633,WI,4,CALL,0,Chicago,1016941,Schofield Branch,1,,Marathon,COMMERCIAL LENDING,,,,0,1,1,WI,1,Wisconsin,7,FDIC,Chicago,252763,,0,2900 Schofield Ave,-89.5869583774297,,LA CROSSE,55073,"Wausau-Stevens Point-Wisconsin Rapids, WI",Schofield,21,55073,,"Wausau, WI",Intercity State Bank,Schofield,WI,2023_17128_1
54476,DIF,NM,United States,54401,STATE,48140,478958,Wisconsin,10/01/2007,2023,State Agency,11,55,100.0,9,15900,United States,"BOSSHARD BANCO, LTD.",0,,0,173863,,Wausau,MULT,CB,EXACT,,STATE,0,,0,962 Grand Ave,554,11058,1124163,73,17128,44.9558449093978,WI,4,CALL,0,Chicago,1016941,Wausau Office Branch,1,,Marathon,COMMERCIAL LENDING,,,,0,2,1,WI,1,Wisconsin,7,FDIC,Chicago,252763,,0,3600 Stewart Ave,-89.6813344162336,,LA CROSSE,55073,"Wausau-Stevens Point-Wisconsin Rapids, WI",Schofield,21,55073,,"Wausau, WI",Intercity State Bank,Wausau,WI,2023_17128_2
54868,DIF,NM,United States,54868,STATE,0,11198,Wisconsin,01/02/1953,2023,State Agency,11,55,100.0,9,10201,United States,"DAIRY STATE BANCORP, INC.",0,,593289,593289,,Rice Lake,ONE,CB,EXACT,M,STATE,1,,0,16 S Main St,0,275399,1126121,5,17162,45.5010649960027,WI,4,CALL,0,Chicago,57451,Dairy State Bank,0,,Barron,COMMERCIAL LENDING,,,,1,0,1,WI,1,Wisconsin,9,FDIC,Minneapolis,685904,,0,16 S Main St,-91.733828984077,,RICE LAKE,55005,,Rice Lake,21,55005,,,Dairy State Bank,Rice Lake,WI,2023_17162_0
54868,DIF,NM,United States,54817,STATE,0,1618,Wisconsin,05/07/1919,2023,State Agency,11,55,US_Streets,9,10201,United States,"DAIRY STATE BANCORP, INC.",0,,0,593289,,Birchwood,ONE,CB,M,,STATE,0,,0,16 S Main St,0,41641,1126121,129,17162,45.655221,WI,4,CALL,0,Chicago,57451,Birchwood Branch,0,,Washburn,COMMERCIAL LENDING,,,07/15/1987,0,1,1,WI,1,Wisconsin,9,FDIC,Minneapolis,685904,,0,124 N. Main Street,-91.555752,,RICE LAKE,55005,,Rice Lake,21,55129,,,Dairy State Bank,Birchwood,WI,2023_17162_1
54868,DIF,NM,United States,54751,STATE,0,473044,Wisconsin,02/29/2008,2023,State Agency,11,55,100.0,9,10201,United States,"DAIRY STATE BANCORP, INC.",0,,0,593289,,Menomonie,ONE,CB,EXACT,,STATE,0,,0,16 S Main St,232,94560,1126121,33,17162,44.8819650127003,WI,4,CALL,0,Chicago,57451,Menomonie Branch,0,,Dunn,COMMERCIAL LENDING,,,02/29/2008,1,10,1,WI,1,Wisconsin,9,FDIC,Minneapolis,685904,,0,2405 Schneider Ave Se,-91.8994709811637,,RICE LAKE,55005,"Eau Claire-Menomonie, WI",Rice Lake,21,55033,,,Dairy State Bank,Menomonie,WI,2023_17162_10
54868,DIF,NM,United States,54829,STATE,0,227879,Wisconsin,06/17/1991,2023,State Agency,11,55,100.0,9,10201,United States,"DAIRY STATE BANCORP, INC.",0,,0,593289,,Cumberland,ONE,CB,EXACT,,STATE,0,,0,16 S Main St,0,25992,1126121,5,17162,45.5356400113253,WI,4,CALL,0,Chicago,57451,Island City Branch,0,,Barron,COMMERCIAL LENDING,,,02/22/2014,1,12,1,WI,1,Wisconsin,9,FDIC,Minneapolis,685904,,0,1405 2nd Ave,-92.021931005652,,RICE LAKE,55005,,Rice Lake,21,55005,,,Dairy State Bank,Cumberland,WI,2023_17162_12
54868,DIF,NM,United States,54889,STATE,0,569574,Wisconsin,06/22/2015,2023,State Agency,11,55,100.0,9,10201,United States,"DAIRY STATE BANCORP, INC.",0,,0,593289,,Turtle Lake,ONE,CB,EXACT,,STATE,0,,0,16 S Main St,0,61550,1126121,5,17162,45.3946320085761,WI,4,CALL,0,Chicago,57451,Turtle Lake Branch,0,,Barron,COMMERCIAL LENDING,,,,1,13,1,WI,1,Wisconsin,9,FDIC,Minneapolis,685904,,0,640 Us Highway 8 W,-92.1585660018765,,RICE LAKE,55005,,Rice Lake,21,55005,,,Dairy State Bank,Turtle Lake,WI,2023_17162_13
54868,DIF,NM,United States,54724,STATE,20740,578433,Wisconsin,04/18/2016,2023,State Agency,11,55,100.0,9,10201,United States,"DAIRY STATE BANCORP, INC.",0,,0,593289,,Bloomer,ONE,CB,EXACT,,STATE,0,,0,16 S Main St,232,27041,1126121,17,17162,45.1027460187221,WI,4,CALL,0,Chicago,57451,Bloomer Branch,1,,Chippewa,COMMERCIAL LENDING,,,,0,14,1,WI,1,Wisconsin,9,FDIC,Minneapolis,685904,,0,1311 14th Ave,-91.4894700196988,,RICE LAKE,55005,"Eau Claire-Menomonie, WI",Rice Lake,21,55017,,"Eau Claire, WI",Dairy State Bank,Bloomer,WI,2023_17162_14
54868,DIF,NM,United States,54841,STATE,0,192679,Wisconsin,06/01/1972,2023,State Agency,11,55,US_Streets,9,10201,United States,"DAIRY STATE BANCORP, INC.",0,,0,593289,,Haugen,ONE,CB,M,,STATE,0,,0,16 S Main St,0,6918,1126121,5,17162,45.608317,WI,4,CALL,0,Chicago,57451,Haugen Branch,0,,Barron,COMMERCIAL LENDING,,,07/15/1987,1,2,1,WI,1,Wisconsin,9,FDIC,Minneapolis,685904,,0,103 Third Street,-91.7755,,RICE LAKE,55005,,Rice Lake,21,55005,,,Dairy State Bank,Haugen,WI,2023_17162_2
54868,DIF,NM,United States,54762,STATE,0,6405,Wisconsin,03/18/1908,2023,State Agency,11,55,100.0,9,10201,United States,"DAIRY STATE BANCORP, INC.",0,,0,593289,,Prairie Farm,ONE,CB,EXACT,,STATE,0,,0,16 S Main St,0,28955,1126121,5,17162,45.2369469940834,WI,4,CALL,0,Chicago,57451,Prairie Farm Branch,0,,Barron,COMMERCIAL LENDING,,,12/12/1995,1,3,1,WI,1,Wisconsin,9,FDIC,Minneapolis,685904,,0,100 E Hepburn St,-91.981602987266,,RICE LAKE,55005,,Rice Lake,21,55005,,,Dairy State Bank,Prairie Farm,WI,2023_17162_3
54868,DIF,NM,United States,54751,STATE,0,235804,Wisconsin,05/11/1964,2023,State Agency,11,55,100.0,9,10201,United States,"DAIRY STATE BANCORP, INC.",0,,0,593289,,Menomonie,ONE,CB,EXACT,,STATE,0,,0,16 S Main St,232,5182,1126121,33,17162,44.8771740006642,WI,4,CALL,0,Chicago,57451,Downtown Branch,0,,Dunn,COMMERCIAL LENDING,,,02/29/2008,1,4,1,WI,1,Wisconsin,9,FDIC,Minneapolis,685904,,0,600 2nd St E,-91.9282159637326,,RICE LAKE,55005,"Eau Claire-Menomonie, WI",Rice Lake,21,55033,,,Dairy State Bank,Menomonie,WI,2023_17162_4
54868,DIF,NM,United States,54735,STATE,0,235805,Wisconsin,04/24/1972,2023,State Agency,11,55,100.0,9,10201,United States,"DAIRY STATE BANCORP, INC.",0,,0,593289,,Downsville,ONE,CB,STREETADDRESS,,STATE,0,,0,16 S Main St,232,2074,1126121,33,17162,44.7746381169566,WI,4,CALL,0,Chicago,57451,Downsville Branch,0,,Dunn,COMMERCIAL LENDING,,,02/29/2008,1,5,1,WI,1,Wisconsin,9,FDIC,Minneapolis,685904,,0,E 4491 County Road C,-91.9343094433254,,RICE LAKE,55005,"Eau Claire-Menomonie, WI",Rice Lake,21,55033,,,Dairy State Bank,Downsville,WI,2023_17162_5
54868,DIF,NM,United States,54772,STATE,0,235806,Wisconsin,06/01/1972,2023,State Agency,23,55,99.88,9,10201,United States,"DAIRY STATE BANCORP, INC.",0,,0,593289,,Wheeler,ONE,CB,EXACT,,STATE,0,,0,16 S Main St,232,3,1126121,33,17162,45.0438079959917,WI,4,CALL,0,Chicago,57451,Wheeler Branch,0,,Dunn,COMMERCIAL LENDING,,,02/29/2008,1,6,1,WI,1,Wisconsin,9,FDIC,Minneapolis,685904,,0,100 S Highway 25,-91.9045830200913,,RICE LAKE,55005,"Eau Claire-Menomonie, WI",Rice Lake,21,55033,,,Dairy State Bank,Wheeler,WI,2023_17162_6
54868,DIF,NM,United States,54730,STATE,0,441490,Wisconsin,07/07/2005,2023,State Agency,11,55,100.0,9,10201,United States,"DAIRY STATE BANCORP, INC.",0,,0,593289,,Colfax,ONE,CB,StreetAddress,,STATE,0,,0,16 S Main St,232,23972,1126121,33,17162,44.9903435990599,WI,4,CALL,0,Chicago,57451,Colfax Branch,0,,Dunn,COMMERCIAL LENDING,,,02/29/2008,1,8,1,WI,1,Wisconsin,9,FDIC,Minneapolis,685904,,0,101 S Main St,-91.7273709559714,,RICE LAKE,55005,"Eau Claire-Menomonie, WI",Rice Lake,21,55033,,,Dairy State Bank,Colfax,WI,2023_17162_8
53048,DIF,NM,United States,53048,STATE,0,11237,Wisconsin,04/01/1905,2023,State Agency,11,55,100.0,9,14249,,,0,,150760,150760,,Lomira,NONE,CB,EXACT,M,STATE,1,,0,695 East Ave,376,84365,0,27,17208,43.5905389970124,WI,4,CALL,0,Chicago,186548,Tsb Bank,0,,Dodge,COMMERCIAL LENDING,,,,1,0,1,WI,1,Wisconsin,7,FDIC,Chicago,173327,,0,695 East Ave,-88.4345330244091,,,55027,"Milwaukee-Racine-Waukesha, WI",Lomira,21,55027,,,TSB Bank,Lomira,,2023_17208_0
53048,DIF,NM,United States,53091,STATE,0,241033,Wisconsin,06/10/1996,2023,State Agency,11,55,100.0,9,14249,,,0,,0,150760,,Theresa,NONE,CB,EXACT,,STATE,0,,0,695 East Ave,376,25432,0,27,17208,43.5191639901694,WI,4,CALL,0,Chicago,186548,Theresa Branch,0,,Dodge,COMMERCIAL LENDING,,,,1,1,1,WI,1,Wisconsin,7,FDIC,Chicago,173327,,0,113 N Milwaukee St,-88.450673971535,,,55027,"Milwaukee-Racine-Waukesha, WI",Lomira,21,55027,,,TSB Bank,Theresa,,2023_17208_1
53048,DIF,NM,United States,53050,STATE,0,357182,Wisconsin,07/06/1999,2023,State Agency,11,55,100.0,9,14249,,,0,,0,150760,,Mayville,NONE,CB,StreetAddress,,STATE,0,,0,695 East Ave,376,40963,0,27,17208,43.4945062478091,WI,4,CALL,0,Chicago,186548,Mayville Branch,0,,Dodge,COMMERCIAL LENDING,,,,1,2,1,WI,1,Wisconsin,7,FDIC,Chicago,173327,,0,1390b Horicon St,-88.5616306893331,,,55027,"Milwaukee-Racine-Waukesha, WI",Lomira,21,55027,,,TSB Bank,Mayville,,2023_17208_2
61001,DIF,NM,United States,53811,STATE,0,619563,Illinois,12/02/2019,2023,State Agency,12,55,100.0,9,0,United States,FIRST APPLE RIVER CORPORATION,0,,0,462945,,Hazel Green,ONE,CB,EXACT,,STATE,0,,0,103 Main St,0,18766,1143052,43,17453,42.5409619847969,IL,2,CALL,0,Chicago,594938,Hazel Green Branch,0,,Grant,AGRICULTURAL,,,,1,7,1,WI,1,Wisconsin,7,FDIC,Chicago,547744,,0,3525 N Percival St,-90.4380579993306,,APPLE RIVER,17085,,Apple River,21,55043,,,Apple River State Bank,Hazel Green,IL,2023_17453_7
54601,DIF,NM,United States,54601,STATE,29100,12273,Wisconsin,02/27/1961,2023,State Agency,11,55,100.0,9,12544,United States,"COULEE BANCSHARES, INC.",0,,429121,429121,,La Crosse,ONE,CB,EXACT,M,STATE,1,,0,1516 Losey Blvd S,317,252946,1126989,63,18361,43.7957310042324,WI,4,CALL,0,Chicago,457752,Coulee Bank,1,,La Crosse,COMMERCIAL LENDING,,,,0,0,1,WI,1,Wisconsin,9,FDIC,Minneapolis,548599,,0,1516 Losey Blvd S,-91.2202649988328,,LA CROSSE,55063,"La Crosse-Onalaska-Sparta, WI-MN",La Crosse,21,55063,,"La Crosse-Onalaska, WI-MN",Coulee Bank,La Crosse,WI,2023_18361_0
54601,DIF,NM,United States,54650,STATE,29100,245116,Wisconsin,11/15/1997,2023,State Agency,11,55,100.0,9,12544,United States,"COULEE BANCSHARES, INC.",0,,0,429121,,Onalaska,ONE,CB,EXACT,,STATE,0,,0,1516 Losey Blvd S,317,50796,1126989,63,18361,43.8729119877671,WI,4,CALL,0,Chicago,457752,Onalaska Branch,1,,La Crosse,COMMERCIAL LENDING,,,,0,1,1,WI,1,Wisconsin,9,FDIC,Minneapolis,548599,,0,590 Theater Rd,-91.1957549728433,,LA CROSSE,55063,"La Crosse-Onalaska-Sparta, WI-MN",La Crosse,21,55063,,"La Crosse-Onalaska, WI-MN",Coulee Bank,Onalaska,WI,2023_18361_1
54601,DIF,NM,United States,54650,STATE,29100,478877,Wisconsin,01/31/2008,2023,State Agency,29,55,100.0,9,12544,United States,"COULEE BANCSHARES, INC.",0,,0,429121,,Onalaska,ONE,CB,EXACT,,STATE,0,,0,1516 Losey Blvd S,317,792,1126989,63,18361,43.9108659997167,WI,4,CALL,0,Chicago,457752,Eagle Crest Branch,1,,La Crosse,COMMERCIAL LENDING,,,,0,2,1,WI,1,Wisconsin,9,FDIC,Minneapolis,548599,,0,351 Mason St Nw,-91.23962702753,,LA CROSSE,55063,"La Crosse-Onalaska-Sparta, WI-MN",La Crosse,21,55063,,"La Crosse-Onalaska, WI-MN",Coulee Bank,Onalaska,WI,2023_18361_2
54601,DIF,NM,United States,54636,STATE,29100,594109,Wisconsin,12/11/2017,2023,State Agency,11,55,100.0,9,12544,United States,"COULEE BANCSHARES, INC.",0,,0,429121,,Holmen,ONE,CB,EXACT,,STATE,0,,0,1516 Losey Blvd S,317,14725,1126989,63,18361,43.9526059916022,WI,4,CALL,0,Chicago,457752,Holmen Branch,1,,La Crosse,COMMERCIAL LENDING,,,,0,7,1,WI,1,Wisconsin,9,FDIC,Minneapolis,548599,,0,129 Hale Dr,-91.2559050187729,,LA CROSSE,55063,"La Crosse-Onalaska-Sparta, WI-MN",La Crosse,21,55063,,"La Crosse-Onalaska, WI-MN",Coulee Bank,Holmen,WI,2023_18361_7
54401,DIF,NM,United States,54401,STATE,48140,12457,Wisconsin,08/01/1962,2023,State Agency,11,55,100.0,9,14149,United States,"PSB HOLDINGS, INC.",0,,1157889,1157889,,Wausau,ONE,CB,EXACT,M,STATE,1,,0,1905 Stewart Ave,554,440622,2321419,73,18569,44.9587657092878,WI,4,CALL,0,Chicago,340144,Peoples State Bank,1,,Marathon,COMMERCIAL LENDING,,,,0,0,1,WI,1,Wisconsin,7,FDIC,Chicago,1416563,,0,1905 Stewart Ave,-89.659917647792,,WAUSAU,55073,"Wausau-Stevens Point-Wisconsin Rapids, WI",Wausau,21,55073,,"Wausau, WI",Peoples State Bank,Wausau,WI,2023_18569_0
54401,DIF,NM,United States,54401,STATE,48140,245766,Wisconsin,05/15/1989,2023,State Agency,11,55,100.0,9,14149,United States,"PSB HOLDINGS, INC.",0,,0,1157889,,Wausau,ONE,CB,EXACT,,STATE,0,,0,1905 Stewart Ave,554,58435,2321419,73,18569,44.9296340276159,WI,4,CALL,0,Chicago,340144,Rib Mountain Branch,1,,Marathon,COMMERCIAL LENDING,,,,0,1,1,WI,1,Wisconsin,7,FDIC,Chicago,1416563,,0,227212 Rib Mountain Dr,-89.655380188327,,WAUSAU,55073,"Wausau-Stevens Point-Wisconsin Rapids, WI",Wausau,21,55073,,"Wausau, WI",Peoples State Bank,Wausau,WI,2023_18569_1
54401,DIF,NM,United States,53227,STATE,33340,622033,Wisconsin,03/11/2020,2023,State Agency,11,55,100.0,9,14149,United States,"PSB HOLDINGS, INC.",0,,0,1157889,,Milwaukee,ONE,CB,EXACT,,STATE,0,,0,1905 Stewart Ave,376,34723,2321419,79,18569,42.9939530151868,WI,4,CALL,0,Chicago,340144,West Allis Branch,1,,Milwaukee,COMMERCIAL LENDING,,,,0,11,1,WI,1,Wisconsin,7,FDIC,Chicago,1416563,,0,10725 W National Ave,-88.0456210151527,,WAUSAU,55073,"Milwaukee-Racine-Waukesha, WI",Wausau,21,55079,,"Milwaukee-Waukesha, WI",Peoples State Bank,West Allis,WI,2023_18569_11
54401,DIF,NM,United States,53189,STATE,33340,74347,Wisconsin,06/12/2021,2023,State Agency,11,55,100.0,9,14149,United States,"PSB HOLDINGS, INC.",0,,0,1157889,,Waukesha,ONE,CB,EXACT,,STATE,0,,0,1905 Stewart Ave,376,88004,2321419,133,18569,42.9878690107669,WI,4,CALL,0,Chicago,340144,521 West Sunset Drive Branch,1,,Waukesha,COMMERCIAL LENDING,,,06/12/2021,0,13,1,WI,1,Wisconsin,7,FDIC,Chicago,1416563,,0,521 W Sunset Dr,-88.2381479666746,,WAUSAU,55073,"Milwaukee-Racine-Waukesha, WI",Wausau,21,55133,,"Milwaukee-Waukesha, WI",Peoples State Bank,Waukesha,WI,2023_18569_13
54401,DIF,NM,United States,54403,STATE,48140,245768,Wisconsin,10/15/1995,2023,State Agency,11,55,100.0,9,14149,United States,"PSB HOLDINGS, INC.",0,,0,1157889,,Wausau,ONE,CB,EXACT,,STATE,0,,0,1905 Stewart Ave,554,70860,2321419,73,18569,44.9670746479962,WI,4,CALL,0,Chicago,340144,Eastside Branch,1,,Marathon,COMMERCIAL LENDING,,,,0,3,1,WI,1,Wisconsin,7,FDIC,Chicago,1416563,,0,1201 N 6th St,-89.6229635968911,,WAUSAU,55073,"Wausau-Stevens Point-Wisconsin Rapids, WI",Wausau,21,55073,,"Wausau, WI",Peoples State Bank,Wausau,WI,2023_18569_3
54401,DIF,NM,United States,54521,STATE,0,361859,Wisconsin,08/29/2001,2023,State Agency,11,55,100.0,9,14149,United States,"PSB HOLDINGS, INC.",0,,0,1157889,,Eagle River,ONE,CB,EXACT,,STATE,0,,0,1905 Stewart Ave,0,66633,2321419,125,18569,45.9158229808862,WI,4,CALL,0,Chicago,340144,Eagle River Branch,0,,Vilas,COMMERCIAL LENDING,,,,0,5,1,WI,1,Wisconsin,7,FDIC,Chicago,1416563,,0,"1011 E Wall St, Ste B",-89.2381179841413,,WAUSAU,55073,,Wausau,21,55125,,,Peoples State Bank,Eagle River,WI,2023_18569_5
54401,DIF,NM,United States,54501,STATE,0,365405,Wisconsin,08/19/2002,2023,State Agency,11,55,100.0,9,14149,United States,"PSB HOLDINGS, INC.",0,,0,1157889,,Rhinelander,ONE,CB,EXACT,,STATE,0,,0,1905 Stewart Ave,0,133263,2321419,85,18569,45.6350959863677,WI,4,CALL,0,Chicago,340144,Rhinelander Branch - Anderson,0,,Oneida,COMMERCIAL LENDING,,,,0,6,1,WI,1,Wisconsin,7,FDIC,Chicago,1416563,,0,8 E Anderson St,-89.4115070390569,,WAUSAU,55073,,Wausau,21,55085,,,Peoples State Bank,Rhinelander,WI,2023_18569_6
54401,DIF,NM,United States,54548,STATE,0,431922,Wisconsin,05/03/2004,2023,State Agency,11,55,100.0,9,14149,United States,"PSB HOLDINGS, INC.",0,,0,1157889,,Minocqua,ONE,CB,EXACT,,STATE,0,,0,1905 Stewart Ave,0,57305,2321419,85,18569,45.8885390059503,WI,4,CALL,0,Chicago,340144,Minocqua Branch,0,,Oneida,COMMERCIAL LENDING,,,,0,7,1,WI,1,Wisconsin,7,FDIC,Chicago,1416563,,0,9560 Highway 70,-89.7072970260434,,WAUSAU,55073,,Wausau,21,55085,,,Peoples State Bank,Minocqua,WI,2023_18569_7
54401,DIF,NM,United States,54476,STATE,48140,437821,Wisconsin,02/23/2005,2023,State Agency,11,55,100.0,9,14149,United States,"PSB HOLDINGS, INC.",0,,0,1157889,,Schofield,ONE,CB,EXACT,,STATE,0,,0,1905 Stewart Ave,554,75556,2321419,73,18569,44.8921020025816,WI,4,CALL,0,Chicago,340144,Weston Branch,1,,Marathon,COMMERCIAL LENDING,,,,0,8,1,WI,1,Wisconsin,7,FDIC,Chicago,1416563,,0,7205 Stone Ridge Dr,-89.5736021499958,,WAUSAU,55073,"Wausau-Stevens Point-Wisconsin Rapids, WI",Wausau,21,55073,,"Wausau, WI",Peoples State Bank,Weston,WI,2023_18569_8
54401,DIF,NM,United States,54448,STATE,48140,10123,Wisconsin,01/01/1905,2023,State Agency,11,55,100.0,9,14149,United States,"PSB HOLDINGS, INC.",0,,0,1157889,,Marathon,ONE,CB,EXACT,,STATE,0,,0,1905 Stewart Ave,554,132488,2321419,73,18569,44.9316674354168,WI,4,CALL,0,Chicago,340144,Marathon Branch,1,,Marathon,COMMERCIAL LENDING,,,10/13/2012,0,9,1,WI,1,Wisconsin,7,FDIC,Chicago,1416563,,0,314 Main St,-89.8399368719384,,WAUSAU,55073,"Wausau-Stevens Point-Wisconsin Rapids, WI",Wausau,21,55073,,"Wausau, WI",Peoples State Bank,Marathon,WI,2023_18569_9
53154,DIF,N,United States,53154,OCC,33340,12769,Wisconsin,10/28/1963,2023,Comptroller of the Currency,11,55,100.0,9,0,United States,TRI CITY BANKSHARES CORPORATION,0,4,1673693,1673693,,Oak Creek,ONE,CB,EXACT,M,FED,1,,0,6400 S 27th St,376,256292,1203974,79,18922,42.929009987474,WI,4,CALL,0,Chicago,242444,Tri City National Bank,1,,Milwaukee,COMMERCIAL LENDING,Western,,,0,0,1,WI,1,Wisconsin,7,OCC,Chicago,1975625,,0,6400 S 27th St,-87.9485180079697,,OAK CREEK,55079,"Milwaukee-Racine-Waukesha, WI",Oak Creek,3,55079,,"Milwaukee-Waukesha, WI",Tri City National Bank,Oak Creek,WI,2023_18922_0
53154,DIF,N,United States,53154,OCC,33340,246816,Wisconsin,12/10/1968,2023,Comptroller of the Currency,11,55,US_RoofTop,9,0,United States,TRI CITY BANKSHARES CORPORATION,0,4,0,1673693,,Oak Creek,ONE,CB,M,,FED,0,,0,6400 S 27th St,376,68572,1203974,79,18922,42.872561,WI,4,CALL,0,Chicago,242444,Ryan Road Branch,1,,Milwaukee,COMMERCIAL LENDING,Western,,,0,1,1,WI,1,Wisconsin,7,OCC,Chicago,1975625,,0,2555 West Ryan Road,-87.948908,,OAK CREEK,55079,"Milwaukee-Racine-Waukesha, WI",Oak Creek,3,55079,,"Milwaukee-Waukesha, WI",Tri City National Bank,Franklin,WI,2023_18922_1
53154,DIF,N,United States,53130,OCC,33340,13839,Wisconsin,02/27/1970,2023,Comptroller of the Currency,11,55,100.0,9,0,United States,TRI CITY BANKSHARES CORPORATION,0,4,0,1673693,,Hales Corners,ONE,CB,EXACT,,FED,0,,0,6400 S 27th St,376,238268,1203974,79,18922,42.9428379903281,WI,4,CALL,0,Chicago,242444,South 108Th Street Branch,1,,Milwaukee,COMMERCIAL LENDING,Western,,08/13/1990,0,10,1,WI,1,Wisconsin,7,OCC,Chicago,1975625,,0,5555 S 108th St,-88.0488669909764,,OAK CREEK,55079,"Milwaukee-Racine-Waukesha, WI",Oak Creek,3,55079,,"Milwaukee-Waukesha, WI",Tri City National Bank,Hales Corners,WI,2023_18922_10
53154,DIF,N,United States,53130,OCC,33340,250340,Wisconsin,05/19/1982,2023,Comptroller of the Currency,23,55,100.0,9,0,United States,TRI CITY BANKSHARES CORPORATION,0,4,0,1673693,,Hales Corners,ONE,CB,EXACT,C,FED,0,10,0,6400 S 27th St,376,0,1203974,79,18922,42.9451480009338,WI,4,CALL,0,Chicago,242444,Drive-In Bank Facility,1,,Milwaukee,COMMERCIAL LENDING,Western,,08/13/1990,0,11,1,WI,1,Wisconsin,7,OCC,Chicago,1975625,,0,5455 S 108th St,-88.0487659890432,,OAK CREEK,55079,"Milwaukee-Racine-Waukesha, WI",Oak Creek,3,55079,,"Milwaukee-Waukesha, WI",Tri City National Bank,Hales Corners,WI,2023_18922_11
53154,DIF,N,United States,53219,OCC,33340,250341,Wisconsin,03/05/1990,2023,Comptroller of the Currency,11,55,100.0,9,0,United States,TRI CITY BANKSHARES CORPORATION,0,4,0,1673693,,Milwaukee,ONE,CB,EXACT,,FED,0,,0,6400 S 27th St,376,89317,1203974,79,18922,42.9867750047644,WI,4,CALL,0,Chicago,242444,Oklahoma Branch,1,,Milwaukee,COMMERCIAL LENDING,Western,,08/13/1990,0,12,1,WI,1,Wisconsin,7,OCC,Chicago,1975625,,0,3164 S 76th St,-88.0067859813603,,OAK CREEK,55079,"Milwaukee-Racine-Waukesha, WI",Oak Creek,3,55079,,"Milwaukee-Waukesha, WI",Tri City National Bank,Milwaukee,WI,2023_18922_12
53154,DIF,N,United States,53051,OCC,33340,38726,Wisconsin,10/13/1987,2023,Comptroller of the Currency,11,55,US_Zipcode,9,0,United States,TRI CITY BANKSHARES CORPORATION,0,4,0,1673693,,Menomonee Falls,ONE,CB,M,,FED,0,,0,6400 S 27th St,376,70260,1203974,133,18922,43.148866,WI,4,CALL,0,Chicago,242444,County Line Branch,1,,Waukesha,COMMERCIAL LENDING,Western,,08/13/1990,0,13,1,WI,1,Wisconsin,7,OCC,Chicago,1975625,,0,N96 W18211 County Line,-88.121946,,OAK CREEK,55079,"Milwaukee-Racine-Waukesha, WI",Oak Creek,3,55133,,"Milwaukee-Waukesha, WI",Tri City National Bank,Menomonee Falls,WI,2023_18922_13
53154,DIF,N,United States,53214,OCC,33340,14993,Wisconsin,07/01/1974,2023,Comptroller of the Currency,11,55,100.0,9,0,United States,TRI CITY BANKSHARES CORPORATION,0,4,0,1673693,,Milwaukee,ONE,CB,EXACT,,FED,0,,0,6400 S 27th St,376,78982,1203974,79,18922,43.0157499867565,WI,4,CALL,0,Chicago,242444,West Greenfield Branch,1,,Milwaukee,COMMERCIAL LENDING,Western,,08/13/1990,0,14,1,WI,1,Wisconsin,7,OCC,Chicago,1975625,,0,10909 W Greenfield Ave,-88.0488479640562,,OAK CREEK,55079,"Milwaukee-Racine-Waukesha, WI",Oak Creek,3,55079,,"Milwaukee-Waukesha, WI",Tri City National Bank,West Allis,WI,2023_18922_14
53154,DIF,N,United States,53226,OCC,33340,253204,Wisconsin,12/01/1986,2023,Comptroller of the Currency,11,55,100.0,9,0,United States,TRI CITY BANKSHARES CORPORATION,0,4,0,1673693,,Milwaukee,ONE,CB,EXACT,,FED,0,,0,6400 S 27th St,376,23897,1203974,79,18922,43.0346860052248,WI,4,CALL,0,Chicago,242444,Waumatosa Branch,1,,Milwaukee,COMMERCIAL LENDING,Western,,08/13/1990,0,16,1,WI,1,Wisconsin,7,OCC,Chicago,1975625,,0,10859 W Bluemound Rd,-88.0484960079419,,OAK CREEK,55079,"Milwaukee-Racine-Waukesha, WI",Oak Creek,3,55079,,"Milwaukee-Waukesha, WI",Tri City National Bank,Wauwatosa,WI,2023_18922_16
53154,DIF,N,United States,53214,OCC,33340,253206,Wisconsin,07/31/1990,2023,Comptroller of the Currency,12,55,100.0,9,0,United States,TRI CITY BANKSHARES CORPORATION,0,4,0,1673693,,Milwaukee,ONE,CB,EXACT,,FED,0,,0,6400 S 27th St,376,30927,1203974,79,18922,43.0151010179031,WI,4,CALL,0,Chicago,242444,Market Square Conv. Center Branch,1,,Milwaukee,COMMERCIAL LENDING,Western,,08/13/1990,0,18,1,WI,1,Wisconsin,7,OCC,Chicago,1975625,,0,6760 W National Ave,-87.9969629775719,,OAK CREEK,55079,"Milwaukee-Racine-Waukesha, WI",Oak Creek,3,55079,,"Milwaukee-Waukesha, WI",Tri City National Bank,West Allis,WI,2023_18922_18
53154,DIF,N,United States,53221,OCC,33340,246817,Wisconsin,01/22/1990,2023,Comptroller of the Currency,12,55,100.0,9,0,United States,TRI CITY BANKSHARES CORPORATION,0,4,0,1673693,,Milwaukee,ONE,CB,EXACT,,FED,0,,0,6400 S 27th St,376,16865,1203974,79,18922,42.9773060106567,WI,4,CALL,0,Chicago,242444,Loomis Branch,1,,Milwaukee,COMMERCIAL LENDING,Western,,,0,2,1,WI,1,Wisconsin,7,OCC,Chicago,1975625,,0,3701 S 27th St,-87.950158011145,,OAK CREEK,55079,"Milwaukee-Racine-Waukesha, WI",Oak Creek,3,55079,,"Milwaukee-Waukesha, WI",Tri City National Bank,Milwaukee,WI,2023_18922_2
53154,DIF,N,United States,53154,OCC,33340,246820,Wisconsin,03/28/1990,2023,Comptroller of the Currency,12,55,100.0,9,0,United States,TRI CITY BANKSHARES CORPORATION,0,4,0,1673693,,Oak Creek,ONE,CB,EXACT,,FED,0,,0,6400 S 27th St,376,29371,1203974,79,18922,42.929009987474,WI,4,CALL,0,Chicago,242444,Tri City Branch,1,,Milwaukee,COMMERCIAL LENDING,Western,,,0,20,1,WI,1,Wisconsin,7,OCC,Chicago,1975625,,0,6312 S 27th St,-87.9485180079697,,OAK CREEK,55079,"Milwaukee-Racine-Waukesha, WI",Oak Creek,3,55079,,"Milwaukee-Waukesha, WI",Tri City National Bank,Oak Creek,WI,2023_18922_20
53154,DIF,N,United States,53214,OCC,33340,246822,Wisconsin,12/04/1990,2023,Comptroller of the Currency,11,55,100.0,9,0,United States,TRI CITY BANKSHARES CORPORATION,0,4,0,1673693,,Milwaukee,ONE,CB,EXACT,,FED,0,,0,6400 S 27th St,376,51582,1203974,79,18922,43.0161360153072,WI,4,CALL,0,Chicago,242444,Market Square Branch,1,,Milwaukee,COMMERCIAL LENDING,Western,,,0,22,1,WI,1,Wisconsin,7,OCC,Chicago,1975625,,0,6767 W Greenfield Ave,-87.997799994423,,OAK CREEK,55079,"Milwaukee-Racine-Waukesha, WI",Oak Creek,3,55079,,"Milwaukee-Waukesha, WI",Tri City National Bank,West Allis,WI,2023_18922_22
53154,DIF,N,United States,53220,OCC,33340,246824,Wisconsin,06/02/1993,2023,Comptroller of the Currency,12,55,100.0,9,0,United States,TRI CITY BANKSHARES CORPORATION,0,4,0,1673693,,Milwaukee,ONE,CB,EXACT,,FED,0,,0,6400 S 27th St,376,20325,1203974,79,18922,42.9687200081389,WI,4,CALL,0,Chicago,242444,Greenfield Convenience Center Branch,1,,Milwaukee,COMMERCIAL LENDING,Western,,,0,24,1,WI,1,Wisconsin,7,OCC,Chicago,1975625,,0,"4200 S 76th St, Ste D",-88.0056880358633,,OAK CREEK,55079,"Milwaukee-Racine-Waukesha, WI",Oak Creek,3,55079,,"Milwaukee-Waukesha, WI",Tri City National Bank,Greenfield,WI,2023_18922_24
53154,DIF,N,United States,53207,OCC,33340,246825,Wisconsin,04/03/2023,2023,Comptroller of the Currency,12,55,100.0,9,0,United States,TRI CITY BANKSHARES CORPORATION,0,4,0,1673693,,Milwaukee,ONE,CB,EXACT,,FED,0,,0,6400 S 27th St,376,22436,1203974,79,18922,42.984035002526,WI,4,CALL,0,Chicago,242444,Bayview Convenience Center Branch,1,,Milwaukee,COMMERCIAL LENDING,Western,,,0,25,1,WI,1,Wisconsin,7,OCC,Chicago,1975625,,0,250 W Holt Ave,-87.912087993655,,OAK CREEK,55079,"Milwaukee-Racine-Waukesha, WI",Oak Creek,3,55079,,"Milwaukee-Waukesha, WI",Tri City National Bank,Milwaukee,WI,2023_18922_25
53154,DIF,N,United States,53154,OCC,33340,246826,Wisconsin,04/02/1995,2023,Comptroller of the Currency,12,55,100.0,9,0,United States,TRI CITY BANKSHARES CORPORATION,0,4,0,1673693,,Oak Creek,ONE,CB,EXACT,,FED,0,,0,6400 S 27th St,376,41536,1203974,79,18922,42.8849609908112,WI,4,CALL,0,Chicago,242444,Howell Convenience Center Branch,1,,Milwaukee,COMMERCIAL LENDING,Western,,,0,26,1,WI,1,Wisconsin,7,OCC,Chicago,1975625,,0,8770 S Howell Ave,-87.9097600038674,,OAK CREEK,55079,"Milwaukee-Racine-Waukesha, WI",Oak Creek,3,55079,,"Milwaukee-Waukesha, WI",Tri City National Bank,Oak Creek,WI,2023_18922_26
53154,DIF,N,United States,53235,OCC,33340,246829,Wisconsin,11/20/1995,2023,Comptroller of the Currency,12,55,100.0,9,0,United States,TRI CITY BANKSHARES CORPORATION,0,4,0,1673693,,Saint Francis,ONE,CB,STREETNAME,,FED,0,,0,6400 S 27th St,376,26445,1203974,79,18922,42.963874276178,WI,4,CALL,0,Chicago,242444,Whitnall Convenience Center Branch,1,,Milwaukee,COMMERCIAL LENDING,Western,,,0,29,1,WI,1,Wisconsin,7,OCC,Chicago,1975625,,0,4968 South Whitnall Avenue,-87.8887726284532,,OAK CREEK,55079,"Milwaukee-Racine-Waukesha, WI",Oak Creek,3,55079,,"Milwaukee-Waukesha, WI",Tri City National Bank,Saint Francis,WI,2023_18922_29
53154,DIF,N,United States,53215,OCC,33340,246818,Wisconsin,07/16/1990,2023,Comptroller of the Currency,11,55,100.0,9,0,United States,TRI CITY BANKSHARES CORPORATION,0,4,0,1673693,,Milwaukee,ONE,CB,EXACT,,FED,0,,0,6400 S 27th St,376,29411,1203974,79,18922,42.9833160028715,WI,4,CALL,0,Chicago,242444,Southgate Branch,1,,Milwaukee,COMMERCIAL LENDING,Western,,,0,3,1,WI,1,Wisconsin,7,OCC,Chicago,1975625,,0,3378 S 27th St,-87.9477990083153,,OAK CREEK,55079,"Milwaukee-Racine-Waukesha, WI",Oak Creek,3,55079,,"Milwaukee-Waukesha, WI",Tri City National Bank,Milwaukee,WI,2023_18922_3
53154,DIF,N,United States,53177,OCC,39540,246831,Wisconsin,06/21/1999,2023,Comptroller of the Currency,11,55,100.0,9,0,United States,TRI CITY BANKSHARES CORPORATION,0,4,0,1673693,,Sturtevant,ONE,CB,EXACT,,FED,0,,0,6400 S 27th St,376,31721,1203974,101,18922,42.6983289898831,WI,4,CALL,0,Chicago,242444,Sturtevant Branch,1,,Racine,COMMERCIAL LENDING,Western,,,0,31,1,WI,1,Wisconsin,7,OCC,Chicago,1975625,,0,8710 Durand Ave,-87.8917600344362,,OAK CREEK,55079,"Milwaukee-Racine-Waukesha, WI",Oak Creek,3,55101,,"Racine-Mount Pleasant, WI",Tri City National Bank,Sturtevant,WI,2023_18922_31
53154,DIF,N,United States,53172,OCC,33340,361467,Wisconsin,05/30/2001,2023,Comptroller of the Currency,11,55,100.0,9,0,United States,TRI CITY BANKSHARES CORPORATION,0,4,0,1673693,,South Milwaukee,ONE,CB,EXACT,,FED,0,,0,6400 S 27th St,376,33291,1203974,79,18922,42.9100450095302,WI,4,CALL,0,Chicago,242444,South Milwaukee Branch,1,,Milwaukee,COMMERCIAL LENDING,Western,,,0,32,1,WI,1,Wisconsin,7,OCC,Chicago,1975625,,0,2115 10th Ave,-87.8604729882723,,OAK CREEK,55079,"Milwaukee-Racine-Waukesha, WI",Oak Creek,3,55079,,"Milwaukee-Waukesha, WI",Tri City National Bank,South Milwaukee,WI,2023_18922_32
53154,DIF,N,United States,53219,OCC,33340,465782,Wisconsin,03/06/2007,2023,Comptroller of the Currency,11,55,100.0,9,0,United States,TRI CITY BANKSHARES CORPORATION,0,4,0,1673693,,Milwaukee,ONE,CB,EXACT,,FED,0,,0,6400 S 27th St,376,13743,1203974,79,18922,43.0050110085891,WI,4,CALL,0,Chicago,242444,West Milwaukee Branch,1,,Milwaukee,COMMERCIAL LENDING,Western,,,0,39,1,WI,1,Wisconsin,7,OCC,Chicago,1975625,,0,2201 Miller Park Way,-87.9699129834631,,OAK CREEK,55079,"Milwaukee-Racine-Waukesha, WI",Oak Creek,3,55079,,"Milwaukee-Waukesha, WI",Tri City National Bank,West Milwaukee,WI,2023_18922_39
53154,DIF,N,United States,53005,OCC,33340,32992,Wisconsin,10/04/1985,2023,Comptroller of the Currency,11,55,100.0,9,0,United States,TRI CITY BANKSHARES CORPORATION,0,4,0,1673693,,Brookfield,ONE,CB,EXACT,,FED,0,,0,6400 S 27th St,376,82089,1203974,133,18922,43.0373719860974,WI,4,CALL,0,Chicago,242444,Brookfield Main Branch,1,,Waukesha,COMMERCIAL LENDING,Western,,08/13/1990,0,4,1,WI,1,Wisconsin,7,OCC,Chicago,1975625,,0,17100 W Bluemound Rd,-88.1258280333717,,OAK CREEK,55079,"Milwaukee-Racine-Waukesha, WI",Oak Creek,3,55133,,"Milwaukee-Waukesha, WI",Tri City National Bank,Brookfield,WI,2023_18922_4
53154,DIF,N,United States,53405,OCC,39540,12236,Wisconsin,12/08/1960,2023,Comptroller of the Currency,11,55,100.0,9,0,United States,TRI CITY BANKSHARES CORPORATION,0,4,0,1673693,,Racine,ONE,CB,EXACT,,FED,0,,0,6400 S 27th St,376,180225,1203974,101,18922,42.6991129911966,WI,4,CALL,0,Chicago,242444,Tri City Bank Branch,1,,Racine,COMMERCIAL LENDING,Western,,10/23/2009,0,40,1,WI,1,Wisconsin,7,OCC,Chicago,1975625,,0,2704 Lathrop Ave,-87.8263550381299,,OAK CREEK,55079,"Milwaukee-Racine-Waukesha, WI",Oak Creek,3,55101,,"Racine-Mount Pleasant, WI",Tri City National Bank,Racine,WI,2023_18922_40
53154,DIF,N,United States,53405,OCC,39540,244784,Wisconsin,07/09/1975,2023,Comptroller of the Currency,23,55,100.0,9,0,United States,TRI CITY BANKSHARES CORPORATION,0,4,0,1673693,,Racine,ONE,CB,StreetAddress,C,FED,0,40,0,6400 S 27th St,376,0,1203974,101,18922,42.6968027237435,WI,4,CALL,0,Chicago,242444,Motorbank,1,,Racine,COMMERCIAL LENDING,Western,,10/23/2009,0,41,1,WI,1,Wisconsin,7,OCC,Chicago,1975625,,0,4101 Durand Ave,-87.8285279694577,,OAK CREEK,55079,"Milwaukee-Racine-Waukesha, WI",Oak Creek,3,55101,,"Racine-Mount Pleasant, WI",Tri City National Bank,Racine,WI,2023_18922_41
53154,DIF,N,United States,53406,OCC,39540,244785,Wisconsin,08/21/1986,2023,Comptroller of the Currency,11,55,100.0,9,0,United States,TRI CITY BANKSHARES CORPORATION,0,4,0,1673693,,Racine,ONE,CB,EXACT,,FED,0,,0,6400 S 27th St,376,59601,1203974,101,18922,42.7551440022677,WI,4,CALL,0,Chicago,242444,Green Acre Branch,1,,Racine,COMMERCIAL LENDING,Western,,10/23/2009,0,42,1,WI,1,Wisconsin,7,OCC,Chicago,1975625,,0,4708 Northwestern Ave,-87.8371629993604,,OAK CREEK,55079,"Milwaukee-Racine-Waukesha, WI",Oak Creek,3,55101,,"Racine-Mount Pleasant, WI",Tri City National Bank,Racine,WI,2023_18922_42
53154,DIF,N,United States,53144,OCC,28450,244789,Wisconsin,03/01/1999,2023,Comptroller of the Currency,11,55,100.0,9,0,United States,TRI CITY BANKSHARES CORPORATION,0,4,0,1673693,,Kenosha,ONE,CB,EXACT,,FED,0,,0,6400 S 27th St,176,26926,1203974,59,18922,42.6027780178016,WI,4,CALL,0,Chicago,242444,Kenosha Branch,1,,Kenosha,COMMERCIAL LENDING,Western,,10/23/2009,0,44,1,WI,1,Wisconsin,7,OCC,Chicago,1975625,,0,5901 Washington Rd,-87.8777719791409,,OAK CREEK,55079,"Chicago-Naperville, IL-IN-WI",Oak Creek,3,55059,,"Kenosha, WI",Tri City National Bank,Kenosha,WI,2023_18922_44
53154,DIF,N,United States,53189,OCC,33340,603216,Wisconsin,06/04/2018,2023,Comptroller of the Currency,11,55,100.0,9,0,United States,TRI CITY BANKSHARES CORPORATION,0,4,0,1673693,,Waukesha,ONE,CB,EXACT,,FED,0,,0,6400 S 27th St,376,26961,1203974,133,18922,42.9877330143879,WI,4,CALL,0,Chicago,242444,Waukesha Main Office,1,,Waukesha,COMMERCIAL LENDING,Western,,,0,47,1,WI,1,Wisconsin,7,OCC,Chicago,1975625,,0,201 E Sunset Dr,-88.2235129960922,,OAK CREEK,55079,"Milwaukee-Racine-Waukesha, WI",Oak Creek,3,55133,,"Milwaukee-Waukesha, WI",Tri City National Bank,Waukesha,WI,2023_18922_47
53154,DIF,N,United States,53005,OCC,33340,259306,Wisconsin,06/26/1989,2023,Comptroller of the Currency,11,55,100.0,9,0,United States,TRI CITY BANKSHARES CORPORATION,0,4,0,1673693,,Brookfield,ONE,CB,EXACT,,FED,0,,0,6400 S 27th St,376,43776,1203974,133,18922,43.088545013726,WI,4,CALL,0,Chicago,242444,Capitol Drive Branch,1,,Waukesha,COMMERCIAL LENDING,Western,,08/13/1990,0,5,1,WI,1,Wisconsin,7,OCC,Chicago,1975625,,0,12745 W Capitol Dr,-88.0704460330635,,OAK CREEK,55079,"Milwaukee-Racine-Waukesha, WI",Oak Creek,3,55133,,"Milwaukee-Waukesha, WI",Tri City National Bank,Brookfield,WI,2023_18922_5
53154,DIF,N,United States,53209,OCC,33340,15873,Wisconsin,10/23/1978,2023,Comptroller of the Currency,11,55,100.0,9,0,United States,TRI CITY BANKSHARES CORPORATION,0,4,0,1673693,,Milwaukee,ONE,CB,EXACT,,FED,0,,0,6400 S 27th St,376,80874,1203974,79,18922,43.1628450114107,WI,4,CALL,0,Chicago,242444,West Bradley Road Branch,1,,Milwaukee,COMMERCIAL LENDING,Western,,08/13/1990,0,7,1,WI,1,Wisconsin,7,OCC,Chicago,1975625,,0,4295 W Bradley Rd,-87.9643919914795,,OAK CREEK,55079,"Milwaukee-Racine-Waukesha, WI",Oak Creek,3,55079,,"Milwaukee-Waukesha, WI",Tri City National Bank,Brown Deer,WI,2023_18922_7
53713,DIF,NM,United States,53713,STATE,31540,13407,Wisconsin,07/18/1966,2023,State Agency,11,55,100.0,9,10183,United States,"PARK BANCORPORATION, INC.",0,,1100250,1100250,,Madison,ONE,CB,EXACT,M,STATE,1,,0,2401 S Park St,357,94463,1209716,25,19608,43.0398959866911,WI,4,CALL,0,Chicago,403946,The Park Bank,1,,Dane,COMMERCIAL LENDING,,,,0,0,1,WI,1,Wisconsin,7,FDIC,Chicago,1433848,,0,2401 S Park St,-89.3934680099569,,MADISON,55025,"Madison-Janesville-Beloit, WI",Madison,21,55025,,"Madison, WI",The Park Bank,Madison,WI,2023_19608_0
53713,DIF,NM,United States,53713,STATE,31540,248971,Wisconsin,10/05/1983,2023,State Agency,11,55,100.0,9,10183,United States,"PARK BANCORPORATION, INC.",0,,0,1100250,,Madison,ONE,CB,EXACT,,STATE,0,,0,2401 S Park St,357,185355,1209716,25,19608,43.0310589880827,WI,4,CALL,0,Chicago,403946,Fitchburg Branch,1,,Dane,COMMERCIAL LENDING,,,,0,1,1,WI,1,Wisconsin,7,FDIC,Chicago,1433848,,0,"1601 Greenway Cross, Ste 101",-89.4101179900626,,MADISON,55025,"Madison-Janesville-Beloit, WI",Madison,21,55025,,"Madison, WI",The Park Bank,Fitchburg,WI,2023_19608_1
53713,DIF,NM,United States,53562,STATE,31540,432366,Wisconsin,09/20/2004,2023,State Agency,11,55,100.0,9,10183,United States,"PARK BANCORPORATION, INC.",0,,0,1100250,,Middleton,ONE,CB,EXACT,,STATE,0,,0,2401 S Park St,357,132031,1209716,25,19608,43.0992440102153,WI,4,CALL,0,Chicago,403946,Middleton Branch,1,,Dane,COMMERCIAL LENDING,,,,0,11,1,WI,1,Wisconsin,7,FDIC,Chicago,1433848,,0,2275 Deming Way,-89.5183550145097,,MADISON,55025,"Madison-Janesville-Beloit, WI",Madison,21,55025,,"Madison, WI",The Park Bank,Middleton,WI,2023_19608_11
53713,DIF,NM,United States,53593,STATE,31540,449798,Wisconsin,12/19/2005,2023,State Agency,11,55,100.0,9,10183,United States,"PARK BANCORPORATION, INC.",0,,0,1100250,,Verona,ONE,CB,EXACT,,STATE,0,,0,2401 S Park St,357,98391,1209716,25,19608,42.9901729864023,WI,4,CALL,0,Chicago,403946,Verona Branch,1,,Dane,COMMERCIAL LENDING,,,,0,13,1,WI,1,Wisconsin,7,FDIC,Chicago,1433848,,0,104 S Main St,-89.5337959889014,,MADISON,55025,"Madison-Janesville-Beloit, WI",Madison,21,55025,,"Madison, WI",The Park Bank,Verona,WI,2023_19608_13
53713,DIF,NM,United States,53590,STATE,31540,478309,Wisconsin,12/28/2007,2023,State Agency,11,55,100.0,9,10183,United States,"PARK BANCORPORATION, INC.",0,,0,1100250,,Sun Prairie,ONE,CB,EXACT,,STATE,0,,0,2401 S Park St,357,95978,1209716,25,19608,43.1765019815306,WI,4,CALL,0,Chicago,403946,Sun Prairie Branch,1,,Dane,COMMERCIAL LENDING,,,,0,14,1,WI,1,Wisconsin,7,FDIC,Chicago,1433848,,0,"110 N Grand Ave, Ste 108",-89.2654650328986,,MADISON,55025,"Madison-Janesville-Beloit, WI",Madison,21,55025,,"Madison, WI",The Park Bank,Sun Prairie,WI,2023_19608_14
53713,DIF,NM,United States,53705,STATE,31540,557386,Wisconsin,03/25/2014,2023,State Agency,11,55,100.0,9,10183,United States,"PARK BANCORPORATION, INC.",0,,0,1100250,,Madison,ONE,CB,EXACT,,STATE,0,,0,2401 S Park St,357,72133,1209716,25,19608,43.0758760185334,WI,4,CALL,0,Chicago,403946,Hilldale Branch,1,,Dane,COMMERCIAL LENDING,,,,0,15,1,WI,1,Wisconsin,7,FDIC,Chicago,1433848,,0,4050 University Ave,-89.4540359775787,,MADISON,55025,"Madison-Janesville-Beloit, WI",Madison,21,55025,,"Madison, WI",The Park Bank,Madison,WI,2023_19608_15
53713,DIF,NM,United States,53717,STATE,31540,248975,Wisconsin,04/30/1996,2023,State Agency,11,55,100.0,9,10183,United States,"PARK BANCORPORATION, INC.",0,,0,1100250,,Madison,ONE,CB,EXACT,,STATE,0,,0,2401 S Park St,357,110131,1209716,25,19608,43.0754560013653,WI,4,CALL,0,Chicago,403946,Old Sauk Branch,1,,Dane,COMMERCIAL LENDING,,,,0,5,1,WI,1,Wisconsin,7,FDIC,Chicago,1433848,,0,"8001 Excelsior Dr, Ste 100",-89.5257490265769,,MADISON,55025,"Madison-Janesville-Beloit, WI",Madison,21,55025,,"Madison, WI",The Park Bank,Madison,WI,2023_19608_5
53713,DIF,NM,United States,53703,STATE,31540,359862,Wisconsin,03/26/2001,2023,State Agency,11,55,100.0,9,10183,United States,"PARK BANCORPORATION, INC.",0,,0,1100250,,Madison,ONE,CB,EXACT,,STATE,0,,0,2401 S Park St,357,255515,1209716,25,19608,43.0742920064713,WI,4,CALL,0,Chicago,403946,Capitol Square Branch,1,,Dane,COMMERCIAL LENDING,,,,0,8,1,WI,1,Wisconsin,7,FDIC,Chicago,1433848,,0,33 E Main St,-89.38183300634,,MADISON,55025,"Madison-Janesville-Beloit, WI",Madison,21,55025,,"Madison, WI",The Park Bank,Madison,WI,2023_19608_8
53713,DIF,NM,United States,53713,STATE,31540,365400,Wisconsin,01/01/2002,2023,State Agency,11,55,100.0,9,10183,United States,"PARK BANCORPORATION, INC.",0,,0,1100250,,Madison,ONE,CB,EXACT,,STATE,0,,0,2401 S Park St,357,56253,1209716,25,19608,43.0305979834081,WI,4,CALL,0,Chicago,403946,Park Bank-Support Center Branch,1,,Dane,COMMERCIAL LENDING,,,,0,9,1,WI,1,Wisconsin,7,FDIC,Chicago,1433848,,0,1815 Greenway Cross,-89.4119500226397,,MADISON,55025,"Madison-Janesville-Beloit, WI",Madison,21,55025,,"Madison, WI",The Park Bank,Madison,WI,2023_19608_9
54401,DIF,NM,United States,54401,STATE,48140,13566,Wisconsin,12/08/1967,2023,State Agency,11,55,100.0,9,12705,United States,"RIVER VALLEY BANCORPORATION, INC.",0,,1721104,1721104,,Wausau,ONE,CB,EXACT,M,STATE,1,,0,327 N 17th Ave,554,336410,1209426,73,19772,44.9671665555645,WI,4,CALL,0,Chicago,163549,Incrediblebank,1,,Marathon,COMMERCIAL LENDING,,,,0,0,1,WI,1,Wisconsin,7,FDIC,Chicago,1952535,,0,327 N 17th Ave,-89.6537981879217,,WAUSAU,55073,"Wausau-Stevens Point-Wisconsin Rapids, WI",Wausau,21,55073,,"Wausau, WI",IncredibleBank,Wausau,WI,2023_19772_0
54401,DIF,NM,United States,54476,STATE,48140,249471,Wisconsin,03/03/1975,2023,State Agency,11,55,100.0,9,12705,United States,"RIVER VALLEY BANCORPORATION, INC.",0,,0,1721104,,Schofield,ONE,CB,EXACT,,STATE,0,,0,327 N 17th Ave,554,55101,1209426,73,19772,44.89712221776,WI,4,CALL,0,Chicago,163549,Weston Branch,1,,Marathon,COMMERCIAL LENDING,,,,0,1,1,WI,1,Wisconsin,7,FDIC,Chicago,1952535,,0,4107 Barbican Ave,-89.5715819436925,,WAUSAU,55073,"Wausau-Stevens Point-Wisconsin Rapids, WI",Wausau,21,55073,,"Wausau, WI",IncredibleBank,Schofield,WI,2023_19772_1
54401,DIF,NM,United States,54474,STATE,48140,447432,Wisconsin,01/19/2006,2023,State Agency,11,55,100.0,9,12705,United States,"RIVER VALLEY BANCORPORATION, INC.",0,,0,1721104,,Rothschild,ONE,CB,EXACT,,STATE,0,,0,327 N 17th Ave,554,149673,1209426,73,19772,44.9006865801759,WI,4,CALL,0,Chicago,163549,Rothschild Branch,1,,Marathon,COMMERCIAL LENDING,,,,0,16,1,WI,1,Wisconsin,7,FDIC,Chicago,1952535,,0,1130 E Grand Ave,-89.6094139151319,,WAUSAU,55073,"Wausau-Stevens Point-Wisconsin Rapids, WI",Wausau,21,55073,,"Wausau, WI",IncredibleBank,Rothschild,WI,2023_19772_16
54401,DIF,NM,United States,54452,STATE,0,249472,Wisconsin,05/16/1988,2023,State Agency,11,55,100.0,9,12705,United States,"RIVER VALLEY BANCORPORATION, INC.",0,,0,1721104,,Merrill,ONE,CB,EXACT,,STATE,0,,0,327 N 17th Ave,0,119473,1209426,69,19772,45.1786009851743,WI,4,CALL,0,Chicago,163549,Merrill Branch,0,,Lincoln,COMMERCIAL LENDING,,,,0,2,1,WI,1,Wisconsin,7,FDIC,Chicago,1952535,,0,3210 E Main St,-89.655329980727,,WAUSAU,55073,,Wausau,21,55069,,,IncredibleBank,Merrill,WI,2023_19772_2
54401,DIF,NM,United States,54401,STATE,48140,512434,Wisconsin,06/30/2010,2023,State Agency,13,55,100.0,9,12705,United States,"RIVER VALLEY BANCORPORATION, INC.",0,,0,1721104,,Wausau,ONE,CB,EXACT,,STATE,0,,0,327 N 17th Ave,554,33397,1209426,73,19772,44.9671665555645,WI,4,CALL,0,Chicago,163549,Internet Branch,1,,Marathon,COMMERCIAL LENDING,,,,0,20,1,WI,1,Wisconsin,7,FDIC,Chicago,1952535,,0,327 N 17th Ave,-89.6537981879217,,WAUSAU,55073,"Wausau-Stevens Point-Wisconsin Rapids, WI",Wausau,21,55073,,"Wausau, WI",IncredibleBank,Wausau,WI,2023_19772_20
54401,DIF,NM,United States,53562,STATE,31540,553951,Wisconsin,04/07/2014,2023,State Agency,11,55,100.0,9,12705,United States,"RIVER VALLEY BANCORPORATION, INC.",0,,0,1721104,,Middleton,ONE,CB,EXACT,,STATE,0,,0,327 N 17th Ave,357,30683,1209426,25,19772,43.0981469867277,WI,4,CALL,0,Chicago,163549,Madison Wi Branch,1,,Dane,COMMERCIAL LENDING,,,,0,21,1,WI,1,Wisconsin,7,FDIC,Chicago,1952535,,0,8329 Murphy Dr,-89.5253249860952,,WAUSAU,55073,"Madison-Janesville-Beloit, WI",Wausau,21,55025,,"Madison, WI",IncredibleBank,Middleton,WI,2023_19772_21
54401,DIF,NM,United States,54403,STATE,48140,439457,Wisconsin,12/12/2005,2023,State Agency,11,55,100.0,9,12705,United States,"RIVER VALLEY BANCORPORATION, INC.",0,,0,1721104,,Wausau,ONE,CB,EXACT,,STATE,0,,0,327 N 17th Ave,554,189895,1209426,73,19772,44.9564984044789,WI,4,CALL,0,Chicago,163549,Wausau Branch,1,,Marathon,COMMERCIAL LENDING,,,04/07/2017,0,22,1,WI,1,Wisconsin,7,FDIC,Chicago,1952535,,0,101 Grand Ave,-89.6241653103494,,WAUSAU,55073,"Wausau-Stevens Point-Wisconsin Rapids, WI",Wausau,21,55073,,"Wausau, WI",IncredibleBank,Wausau,WI,2023_19772_22
54401,DIF,NM,United States,54487,STATE,0,249475,Wisconsin,06/11/1997,2023,State Agency,11,55,100.0,9,12705,United States,"RIVER VALLEY BANCORPORATION, INC.",0,,0,1721104,,Tomahawk,ONE,CB,EXACT,,STATE,0,,0,327 N 17th Ave,0,54847,1209426,69,19772,45.4864270079352,WI,4,CALL,0,Chicago,163549,Tomahawk Office,0,,Lincoln,COMMERCIAL LENDING,,,,0,5,1,WI,1,Wisconsin,7,FDIC,Chicago,1952535,,0,1218 N 4th St,-89.7285149757417,,WAUSAU,55073,,Wausau,21,55069,,,IncredibleBank,Tomahawk,WI,2023_19772_5
54401,DIF,NM,United States,54548,STATE,0,249476,Wisconsin,06/29/1998,2023,State Agency,11,55,100.0,9,12705,United States,"RIVER VALLEY BANCORPORATION, INC.",0,,0,1721104,,Minocqua,ONE,CB,STREETADDRESS,,STATE,0,,0,327 N 17th Ave,0,168983,1209426,85,19772,45.8796856973382,WI,4,CALL,0,Chicago,163549,Minocqua Office,0,,Oneida,COMMERCIAL LENDING,,,,0,6,1,WI,1,Wisconsin,7,FDIC,Chicago,1952535,,0,8590 US 51 North,-89.7030848639745,,WAUSAU,55073,,Wausau,21,55085,,,IncredibleBank,Minocqua,WI,2023_19772_6
54401,DIF,NM,United States,54521,STATE,0,360699,Wisconsin,07/25/2001,2023,State Agency,11,55,100.0,9,12705,United States,"RIVER VALLEY BANCORPORATION, INC.",0,,0,1721104,,Eagle River,ONE,CB,POINTADDRESS,,STATE,0,,0,327 N 17th Ave,0,86468,1209426,125,19772,45.9154592264632,WI,4,CALL,0,Chicago,163549,Eagle River Branch,0,,Vilas,COMMERCIAL LENDING,,,,0,7,1,WI,1,Wisconsin,7,FDIC,Chicago,1952535,,0,141 South Willow Street,-89.2558106596335,,WAUSAU,55073,,Wausau,21,55125,,,IncredibleBank,Eagle River,WI,2023_19772_7
54405,DIF,NM,United States,54405,STATE,48140,13589,Wisconsin,03/01/1968,2023,State Agency,11,55,100.0,9,16035,United States,"ABBY BANCORP, INC.",0,,535594,535594,,Abbotsford,ONE,CB,EXACT,M,STATE,1,,0,401 E Spruce St,554,231728,3612794,73,19795,44.945611443811,WI,4,CALL,0,Chicago,198149,Abbybank,1,,Marathon,COMMERCIAL LENDING,,,,0,0,1,WI,1,Wisconsin,7,FDIC,Chicago,636196,,0,401 E Spruce St,-90.316211697793,,ABBOTSFORD,55073,"Wausau-Stevens Point-Wisconsin Rapids, WI",Abbotsford,21,55073,,"Wausau, WI",AbbyBank,Abbotsford,WI,2023_19795_0
54405,DIF,NM,United States,54401,STATE,48140,249551,Wisconsin,08/03/1998,2023,State Agency,11,55,100.0,9,16035,United States,"ABBY BANCORP, INC.",0,,0,535594,,Wausau,ONE,CB,EXACT,,STATE,0,,0,401 E Spruce St,554,71367,3612794,73,19795,44.9606906133521,WI,4,CALL,0,Chicago,198149,Wausau Branch,1,,Marathon,COMMERCIAL LENDING,,,,0,1,1,WI,1,Wisconsin,7,FDIC,Chicago,636196,,0,305 S 18th Ave,-89.6565618690367,,ABBOTSFORD,55073,"Wausau-Stevens Point-Wisconsin Rapids, WI",Abbotsford,21,55073,,"Wausau, WI",AbbyBank,Wausau,WI,2023_19795_1
54405,DIF,NM,United States,54405,STATE,48140,361519,Wisconsin,11/01/2000,2023,State Agency,13,55,100.0,9,16035,United States,"ABBY BANCORP, INC.",0,,0,535594,,Abbotsford,ONE,CB,EXACT,C,STATE,0,0,0,401 E Spruce St,554,0,3612794,73,19795,44.945611443811,WI,4,CALL,0,Chicago,198149,Www.Abbybank.Com Branch,1,,Marathon,COMMERCIAL LENDING,,,,0,4,1,WI,1,Wisconsin,7,FDIC,Chicago,636196,,0,401 E Spruce St,-90.316211697793,,ABBOTSFORD,55073,"Wausau-Stevens Point-Wisconsin Rapids, WI",Abbotsford,21,55073,,"Wausau, WI",AbbyBank,Abbotsford,WI,2023_19795_4
54405,DIF,NM,United States,54476,STATE,48140,449816,Wisconsin,01/16/2006,2023,State Agency,11,55,100.0,9,16035,United States,"ABBY BANCORP, INC.",0,,0,535594,,Schofield,ONE,CB,EXACT,,STATE,0,,0,401 E Spruce St,554,57759,3612794,73,19795,44.9087437265128,WI,4,CALL,0,Chicago,198149,Weston  Branch,1,,Marathon,COMMERCIAL LENDING,,,,0,5,1,WI,1,Wisconsin,7,FDIC,Chicago,636196,,0,2405 Schofield Ave,-89.5935709446639,,ABBOTSFORD,55073,"Wausau-Stevens Point-Wisconsin Rapids, WI",Abbotsford,21,55073,,"Wausau, WI",AbbyBank,Weston,WI,2023_19795_5
54405,DIF,NM,United States,54913,STATE,11540,254152,Wisconsin,11/10/1997,2023,State Agency,11,55,100.0,9,16035,United States,"ABBY BANCORP, INC.",0,,0,535594,,Appleton,ONE,CB,EXACT,,STATE,0,,0,401 E Spruce St,118,41137,3612794,87,19795,44.2749420107691,WI,4,CALL,0,Chicago,198149,Grand Chute Branch,1,,Outagamie,COMMERCIAL LENDING,,,09/01/2016,0,6,1,WI,1,Wisconsin,7,FDIC,Chicago,636196,,0,1500 N Casaloma Dr,-88.475832002459,,ABBOTSFORD,55073,"Appleton-Oshkosh-Neenah, WI",Abbotsford,21,55087,,"Appleton, WI",AbbyBank,Grand Chute,WI,2023_19795_6
54405,DIF,NM,United States,54451,STATE,0,582382,Wisconsin,10/21/1975,2023,State Agency,11,55,100.0,9,16035,United States,"ABBY BANCORP, INC.",0,,0,535594,,Medford,ONE,CB,EXACT,,STATE,0,,0,401 E Spruce St,0,95724,3612794,119,19795,45.1390560041829,WI,4,CALL,0,Chicago,198149,Medford Branch,0,,Taylor,COMMERCIAL LENDING,,,09/01/2016,0,7,1,WI,1,Wisconsin,7,FDIC,Chicago,636196,,0,215 S 8th St,-90.3338799953153,,ABBOTSFORD,55073,,Abbotsford,21,55119,,,AbbyBank,Medford,WI,2023_19795_7
54405,DIF,NM,United States,54128,STATE,0,9550,Wisconsin,10/23/1908,2023,State Agency,11,55,100.0,9,16035,United States,"ABBY BANCORP, INC.",0,,0,535594,,Gresham,ONE,CB,EXACT,,STATE,0,,0,401 E Spruce St,267,19623,3612794,115,19795,44.8476109862549,WI,4,CALL,0,Chicago,198149,Gresham Branch,0,,Shawano,COMMERCIAL LENDING,,,10/25/2019,1,8,1,WI,1,Wisconsin,7,FDIC,Chicago,636196,,0,801 Main St,-88.7873300112725,,ABBOTSFORD,55073,"Green Bay-Shawano, WI",Abbotsford,21,55115,,,AbbyBank,Gresham,WI,2023_19795_8
54405,DIF,NM,United States,54166,STATE,0,593134,Wisconsin,11/15/2017,2023,State Agency,11,55,100.0,9,16035,United States,"ABBY BANCORP, INC.",0,,0,535594,,Shawano,ONE,CB,EXACT,,STATE,0,,0,401 E Spruce St,267,18255,3612794,115,19795,44.7822909824468,WI,4,CALL,0,Chicago,198149,Shawano Office Branch,0,,Shawano,COMMERCIAL LENDING,,,10/25/2019,1,9,1,WI,1,Wisconsin,7,FDIC,Chicago,636196,,0,1213 E Green Bay St,-88.5833589958881,,ABBOTSFORD,55073,"Green Bay-Shawano, WI",Abbotsford,21,55115,,,AbbyBank,Shawano,WI,2023_19795_9
53403,DIF,SM,United States,53403,STATE,39540,13970,Wisconsin,11/12/1970,2023,State Agency,11,55,100.0,9,9852,United States,"JOHNSON FINANCIAL GROUP, INC.",0,,5020382,5020382,,Racine,ONE,CB,EXACT,M,STATE,1,,0,555 Main St,376,1225782,1490701,101,20296,42.7276459954342,WI,4,CALL,0,Chicago,58243,Johnson Bank,1,,Racine,COMMERCIAL LENDING,,,,0,0,1,WI,1,Wisconsin,7,FED,Chicago,6308898,,0,555 Main St,-87.7823789640248,,RACINE,55101,"Milwaukee-Racine-Waukesha, WI",Racine,13,55101,,"Racine-Mount Pleasant, WI",Johnson Bank,Racine,WI,2023_20296_0
53403,DIF,SM,United States,53402,STATE,39540,250678,Wisconsin,12/07/1983,2023,State Agency,11,55,100.0,9,9852,United States,"JOHNSON FINANCIAL GROUP, INC.",0,,0,5020382,,Racine,ONE,CB,EXACT,,STATE,0,,0,555 Main St,376,111881,1490701,101,20296,42.7842619795279,WI,4,CALL,0,Chicago,58243,Douglas Branch 32000,1,,Racine,COMMERCIAL LENDING,,,,0,1,1,WI,1,Wisconsin,7,FED,Chicago,6308898,,0,4959 Douglas Ave,-87.8081509693564,,RACINE,55101,"Milwaukee-Racine-Waukesha, WI",Racine,13,55101,,"Racine-Mount Pleasant, WI",Johnson Bank,Racine,WI,2023_20296_1
53403,DIF,SM,United States,53142,STATE,28450,245430,Wisconsin,06/01/1987,2023,State Agency,11,55,100.0,9,9852,United States,"JOHNSON FINANCIAL GROUP, INC.",0,,0,5020382,,Kenosha,ONE,CB,EXACT,,STATE,0,,0,555 Main St,176,66963,1490701,59,20296,42.5575550098706,WI,4,CALL,0,Chicago,58243,Kenosha South Branch 53000,1,,Kenosha,COMMERCIAL LENDING,,,07/16/1990,0,11,1,WI,1,Wisconsin,7,FED,Chicago,6308898,,0,8046 39th Ave,-87.8555060400886,,RACINE,55101,"Chicago-Naperville, IL-IN-WI",Racine,13,55059,,"Kenosha, WI",Johnson Bank,Kenosha,WI,2023_20296_11
53403,DIF,SM,United States,53149,STATE,33340,16051,Wisconsin,09/04/1979,2023,State Agency,11,55,100.0,9,9852,United States,"JOHNSON FINANCIAL GROUP, INC.",0,,0,5020382,,Mukwonago,ONE,CB,EXACT,,STATE,0,,0,555 Main St,376,45996,1490701,133,20296,42.8714380054136,WI,4,CALL,0,Chicago,58243,Mukwonago Branch 71000,1,,Waukesha,COMMERCIAL LENDING,,,11/19/1990,0,13,1,WI,1,Wisconsin,7,FED,Chicago,6308898,,0,1000 Fox St,-88.3179109954824,,RACINE,55101,"Milwaukee-Racine-Waukesha, WI",Racine,13,55133,,"Milwaukee-Waukesha, WI",Johnson Bank,Mukwonago,WI,2023_20296_13
53403,DIF,SM,United States,53202,STATE,33340,250682,Wisconsin,09/01/1992,2023,State Agency,11,55,100.0,9,9852,United States,"JOHNSON FINANCIAL GROUP, INC.",0,,0,5020382,,Milwaukee,ONE,CB,EXACT,,STATE,0,,0,555 Main St,376,660933,1490701,79,20296,43.0407149824503,WI,4,CALL,0,Chicago,58243,Milwaukee  Branch 82000,1,,Milwaukee,COMMERCIAL LENDING,,,,0,14,1,WI,1,Wisconsin,7,FED,Chicago,6308898,,0,535 E Wells St,-87.9046199693832,,RACINE,55101,"Milwaukee-Racine-Waukesha, WI",Racine,13,55079,,"Milwaukee-Waukesha, WI",Johnson Bank,Milwaukee,WI,2023_20296_14
53403,DIF,SM,United States,53044,STATE,43100,250684,Wisconsin,12/01/1993,2023,State Agency,11,55,100.0,9,9852,United States,"JOHNSON FINANCIAL GROUP, INC.",0,,0,5020382,,Kohler,ONE,CB,EXACT,,STATE,0,,0,555 Main St,0,60982,1490701,117,20296,43.7457940139555,WI,4,CALL,0,Chicago,58243,Kohler Branch 84000,1,,Sheboygan,COMMERCIAL LENDING,,,,0,16,1,WI,1,Wisconsin,7,FED,Chicago,6308898,,0,815 Woodlake Rd,-87.7814570384945,,RACINE,55101,,Racine,13,55117,,"Sheboygan, WI",Johnson Bank,Kohler,WI,2023_20296_16
53403,DIF,SM,United States,53142,STATE,28450,250685,Wisconsin,10/02/1995,2023,State Agency,11,55,100.0,9,9852,United States,"JOHNSON FINANCIAL GROUP, INC.",0,,0,5020382,,Kenosha,ONE,CB,EXACT,,STATE,0,,0,555 Main St,176,599211,1490701,59,20296,42.5661700137733,WI,4,CALL,0,Chicago,58243,Kenosha Main Branch 56000,1,,Kenosha,COMMERCIAL LENDING,,,,0,17,1,WI,1,Wisconsin,7,FED,Chicago,6308898,,0,7500 Green Bay Rd,-87.8884330056088,,RACINE,55101,"Chicago-Naperville, IL-IN-WI",Racine,13,55059,,"Kenosha, WI",Johnson Bank,Kenosha,WI,2023_20296_17
53403,DIF,SM,United States,53538,STATE,0,7410,Wisconsin,07/24/1909,2023,State Agency,11,55,100.0,9,9852,United States,"JOHNSON FINANCIAL GROUP, INC.",0,,0,5020382,,Fort Atkinson,ONE,CB,EXACT,,STATE,0,,0,555 Main St,376,58120,1490701,55,20296,42.9301169854263,WI,4,CALL,0,Chicago,58243,Fort Atkinson  Branch 73000,0,,Jefferson,COMMERCIAL LENDING,,,05/30/1998,1,18,1,WI,1,Wisconsin,7,FED,Chicago,6308898,,0,200 Sherman Ave W,-88.8392490282838,,RACINE,55101,"Milwaukee-Racine-Waukesha, WI",Racine,13,55055,,,Johnson Bank,Fort Atkinson,WI,2023_20296_18
53403,DIF,SM,United States,53406,STATE,39540,14946,Wisconsin,06/03/1974,2023,State Agency,11,55,100.0,9,9852,United States,"JOHNSON FINANCIAL GROUP, INC.",0,,0,5020382,,Racine,ONE,CB,EXACT,,STATE,0,,0,555 Main St,376,139459,1490701,101,20296,42.6962669997924,WI,4,CALL,0,Chicago,58243,Mt. Pleasant Branch 38000,1,,Racine,COMMERCIAL LENDING,,,12/31/1984,0,2,1,WI,1,Wisconsin,7,FED,Chicago,6308898,,0,5901 Durand Ave,-87.8504380061526,,RACINE,55101,"Milwaukee-Racine-Waukesha, WI",Racine,13,55101,,"Racine-Mount Pleasant, WI",Johnson Bank,Racine,WI,2023_20296_2
53403,DIF,SM,United States,53545,STATE,27500,3564,Wisconsin,10/16/1855,2023,State Agency,11,55,100.0,9,9852,United States,"JOHNSON FINANCIAL GROUP, INC.",0,,0,5020382,,Janesville,ONE,CB,EXACT,,STATE,0,,0,555 Main St,357,378143,1490701,105,20296,42.6830100140921,WI,4,CALL,0,Chicago,58243,Janesville Main Office Branch 61000,1,,Rock,COMMERCIAL LENDING,,,10/24/1998,0,20,1,WI,1,Wisconsin,7,FED,Chicago,6308898,,0,1 S Main St,-89.0219750204226,,RACINE,55101,"Madison-Janesville-Beloit, WI",Racine,13,55105,,"Janesville-Beloit, WI",Johnson Bank,Janesville,WI,2023_20296_20
53403,DIF,SM,United States,53545,STATE,27500,1623,Wisconsin,01/01/1912,2023,State Agency,11,55,100.0,9,9852,United States,"JOHNSON FINANCIAL GROUP, INC.",0,,0,5020382,,Janesville,ONE,CB,EXACT,,STATE,0,,0,555 Main St,357,84873,1490701,105,20296,42.714215001424,WI,4,CALL,0,Chicago,58243,Holiday Drive Branch 63000,1,,Rock,COMMERCIAL LENDING,,,10/24/1998,0,22,1,WI,1,Wisconsin,7,FED,Chicago,6308898,,0,2021 Holiday Dr,-88.9969670255654,,RACINE,55101,"Madison-Janesville-Beloit, WI",Racine,13,55105,,"Janesville-Beloit, WI",Johnson Bank,Janesville,WI,2023_20296_22
53403,DIF,SM,United States,53188,STATE,33340,250688,Wisconsin,11/02/1998,2023,State Agency,11,55,US_Zipcode,9,9852,United States,"JOHNSON FINANCIAL GROUP, INC.",0,,0,5020382,,Waukesha,ONE,CB,M,,STATE,0,,0,555 Main St,376,31126,1490701,133,20296,43.021277,WI,4,CALL,0,Chicago,58243,Waukesha  Branch 86000,1,,Waukesha,COMMERCIAL LENDING,,,,0,26,1,WI,1,Wisconsin,7,FED,Chicago,6308898,,0,N22 W23991 Ridgeview Pkwy,-88.293547,,RACINE,55101,"Milwaukee-Racine-Waukesha, WI",Racine,13,55133,,"Milwaukee-Waukesha, WI",Johnson Bank,Waukesha,WI,2023_20296_26
53403,DIF,SM,United States,54843,STATE,0,14605,Wisconsin,06/23/1973,2023,State Agency,11,55,US_Zipcode,9,9852,United States,"JOHNSON FINANCIAL GROUP, INC.",0,,0,5020382,,Hayward,ONE,CB,M,,STATE,0,,0,555 Main St,0,158147,1490701,113,20296,46.030586,WI,4,CALL,0,Chicago,58243,Hayward Branch 11000,0,,Sawyer,COMMERCIAL LENDING,,,03/26/2002,0,28,1,WI,1,Wisconsin,7,FED,Chicago,6308898,,0,10631 Ushwy 63,-91.276019,,RACINE,55101,,Racine,13,55113,,,Johnson Bank,Hayward,WI,2023_20296_28
53403,DIF,SM,United States,54801,STATE,0,357602,Wisconsin,06/12/2000,2023,State Agency,11,55,100.0,9,9852,United States,"JOHNSON FINANCIAL GROUP, INC.",0,,0,5020382,,Spooner,ONE,CB,EXACT,,STATE,0,,0,555 Main St,0,21834,1490701,129,20296,45.8274400028528,WI,4,CALL,0,Chicago,58243,Spooner Branch 15000,0,,Washburn,COMMERCIAL LENDING,,,03/26/2002,0,32,1,WI,1,Wisconsin,7,FED,Chicago,6308898,,0,526 N River St,-91.8874420280976,,RACINE,55101,,Racine,13,55129,,,Johnson Bank,Spooner,WI,2023_20296_32
53403,DIF,SM,United States,53717,STATE,31540,363520,Wisconsin,12/13/2001,2023,State Agency,11,55,100.0,9,9852,United States,"JOHNSON FINANCIAL GROUP, INC.",0,,0,5020382,,Madison,ONE,CB,EXACT,,STATE,0,,0,555 Main St,357,23282,1490701,25,20296,43.0724709960969,WI,4,CALL,0,Chicago,58243,Madison West Branch 66000,1,,Dane,COMMERCIAL LENDING,,,,0,34,1,WI,1,Wisconsin,7,FED,Chicago,6308898,,0,525 Junction Rd,-89.5249059747555,,RACINE,55101,"Madison-Janesville-Beloit, WI",Racine,13,55025,,"Madison, WI",Johnson Bank,Madison,WI,2023_20296_34
53403,DIF,SM,United States,54115,STATE,24580,366271,Wisconsin,10/01/2002,2023,State Agency,11,55,100.0,9,9852,United States,"JOHNSON FINANCIAL GROUP, INC.",0,,0,5020382,,De Pere,ONE,CB,EXACT,,STATE,0,,0,555 Main St,267,33144,1490701,9,20296,44.4504809819397,WI,4,CALL,0,Chicago,58243,De Pere Branch 76000,1,,Brown,COMMERCIAL LENDING,,,,0,39,1,WI,1,Wisconsin,7,FED,Chicago,6308898,,0,840 Main Ave,-88.0826840307949,,RACINE,55101,"Green Bay-Shawano, WI",Racine,13,55009,,"Green Bay, WI",Johnson Bank,De Pere,WI,2023_20296_39
53403,DIF,SM,United States,54301,STATE,24580,430162,Wisconsin,01/13/2004,2023,State Agency,11,55,100.0,9,9852,United States,"JOHNSON FINANCIAL GROUP, INC.",0,,0,5020382,,Green Bay,ONE,CB,EXACT,,STATE,0,,0,555 Main St,267,323414,1490701,9,20296,44.5115340102983,WI,4,CALL,0,Chicago,58243,Green Bay Downtown Branch 77000,1,,Brown,COMMERCIAL LENDING,,,,0,41,1,WI,1,Wisconsin,7,FED,Chicago,6308898,,0,318 S Washington St,-88.0187779702334,,RACINE,55101,"Green Bay-Shawano, WI",Racine,13,55009,,"Green Bay, WI",Johnson Bank,Green Bay,WI,2023_20296_41
53403,DIF,SM,United States,53105,STATE,39540,439998,Wisconsin,04/01/2005,2023,State Agency,11,55,100.0,9,9852,United States,"JOHNSON FINANCIAL GROUP, INC.",0,,0,5020382,,Burlington,ONE,CB,EXACT,,STATE,0,,0,555 Main St,376,15798,1490701,101,20296,42.6801320038178,WI,4,CALL,0,Chicago,58243,Burlington Branch 28000,1,,Racine,COMMERCIAL LENDING,,,,0,42,1,WI,1,Wisconsin,7,FED,Chicago,6308898,,0,101 W Chestnut St,-88.2778279801262,,RACINE,55101,"Milwaukee-Racine-Waukesha, WI",Racine,13,55101,,"Racine-Mount Pleasant, WI",Johnson Bank,Burlington,WI,2023_20296_42
53403,DIF,SM,United States,54911,STATE,11540,449842,Wisconsin,03/01/2006,2023,State Agency,11,55,100.0,9,9852,United States,"JOHNSON FINANCIAL GROUP, INC.",0,,0,5020382,,Appleton,ONE,CB,EXACT,,STATE,0,,0,555 Main St,118,13915,1490701,87,20296,44.2621589797838,WI,4,CALL,0,Chicago,58243,Appleton Branch 78000,1,,Outagamie,COMMERCIAL LENDING,,,,0,46,1,WI,1,Wisconsin,7,FED,Chicago,6308898,,0,222 W College Ave,-88.4083290157878,,RACINE,55101,"Appleton-Oshkosh-Neenah, WI",Racine,13,55087,,"Appleton, WI",Johnson Bank,Appleton,WI,2023_20296_46
53403,DIF,SM,United States,53406,STATE,39540,249208,Wisconsin,08/16/1984,2023,State Agency,11,55,100.0,9,9852,United States,"JOHNSON FINANCIAL GROUP, INC.",0,,0,5020382,,Racine,ONE,CB,EXACT,,STATE,0,,0,555 Main St,376,90176,1490701,101,20296,42.7200499795005,WI,4,CALL,0,Chicago,58243,West Branch 36000,1,,Racine,COMMERCIAL LENDING,,,12/31/1984,0,5,1,WI,1,Wisconsin,7,FED,Chicago,6308898,,0,6700 Washington Ave,-87.863352004375,,RACINE,55101,"Milwaukee-Racine-Waukesha, WI",Racine,13,55101,,"Racine-Mount Pleasant, WI",Johnson Bank,Racine,WI,2023_20296_5
53403,DIF,SM,United States,53132,STATE,33340,454226,Wisconsin,08/24/2005,2023,State Agency,11,55,100.0,9,9852,United States,"JOHNSON FINANCIAL GROUP, INC.",0,,0,5020382,,Franklin,ONE,CB,EXACT,,STATE,0,,0,555 Main St,376,42909,1490701,79,20296,42.9158949912134,WI,4,CALL,0,Chicago,58243,Franklin Office 81000 Branch,1,,Milwaukee,COMMERCIAL LENDING,,,,0,57,1,WI,1,Wisconsin,7,FED,Chicago,6308898,,0,3001 W Rawson Ave,-87.9534719642035,,RACINE,55101,"Milwaukee-Racine-Waukesha, WI",Racine,13,55079,,"Milwaukee-Waukesha, WI",Johnson Bank,Franklin,WI,2023_20296_57
53403,DIF,SM,United States,53217,STATE,33340,454707,Wisconsin,08/16/2006,2023,State Agency,11,55,100.0,9,9852,United States,"JOHNSON FINANCIAL GROUP, INC.",0,,0,5020382,,Milwaukee,ONE,CB,EXACT,,STATE,0,,0,555 Main St,376,34552,1490701,79,20296,43.1187590086454,WI,4,CALL,0,Chicago,58243,Whitefish Bay Branch 79000,1,,Milwaukee,COMMERCIAL LENDING,,,,0,59,1,WI,1,Wisconsin,7,FED,Chicago,6308898,,0,"5600 N Lake Dr, Ste 101",-87.9019919912806,,RACINE,55101,"Milwaukee-Racine-Waukesha, WI",Racine,13,55079,,"Milwaukee-Waukesha, WI",Johnson Bank,Whitefish Bay,WI,2023_20296_59
53403,DIF,SM,United States,53703,STATE,31540,456016,Wisconsin,10/30/2006,2023,State Agency,11,55,100.0,9,9852,United States,"JOHNSON FINANCIAL GROUP, INC.",0,,0,5020382,,Madison,ONE,CB,EXACT,,STATE,0,,0,555 Main St,357,11279,1490701,25,20296,43.0735800057061,WI,4,CALL,0,Chicago,58243,Downtown Madison Branch 67000,1,,Dane,COMMERCIAL LENDING,,,,0,60,1,WI,1,Wisconsin,7,FED,Chicago,6308898,,0,159 Martin Luther King Jr Blvd,-89.3819989680229,,RACINE,55101,"Madison-Janesville-Beloit, WI",Racine,13,55025,,"Madison, WI",Johnson Bank,Madison,WI,2023_20296_60
53403,DIF,SM,United States,53142,STATE,28450,466676,Wisconsin,06/18/2007,2023,State Agency,11,55,100.0,9,9852,United States,"JOHNSON FINANCIAL GROUP, INC.",0,,0,5020382,,Kenosha,ONE,CB,EXACT,,STATE,0,,0,555 Main St,176,28862,1490701,59,20296,42.5681519985982,WI,4,CALL,0,Chicago,58243,Strawberry Creek  57000 Branch,1,,Kenosha,COMMERCIAL LENDING,,,,0,68,1,WI,1,Wisconsin,7,FED,Chicago,6308898,,0,7401 144th Ave,-87.9809109624386,,RACINE,55101,"Chicago-Naperville, IL-IN-WI",Racine,13,55059,,"Kenosha, WI",Johnson Bank,Kenosha,WI,2023_20296_68
53403,DIF,SM,United States,54868,STATE,0,467068,Wisconsin,06/01/2007,2023,State Agency,11,55,100.0,9,9852,United States,"JOHNSON FINANCIAL GROUP, INC.",0,,0,5020382,,Rice Lake,ONE,CB,EXACT,,STATE,0,,0,555 Main St,0,35597,1490701,5,20296,45.5111400017101,WI,4,CALL,0,Chicago,58243,Rice Lake Main 18000 Branch,0,,Barron,COMMERCIAL LENDING,,,,1,69,1,WI,1,Wisconsin,7,FED,Chicago,6308898,,0,2019 Cenex Dr,-91.7646639942027,,RACINE,55101,,Racine,13,55005,,,Johnson Bank,Rice Lake,WI,2023_20296_69
53403,DIF,SM,United States,53005,STATE,33340,479850,Wisconsin,06/02/2008,2023,State Agency,11,55,100.0,9,9852,United States,"JOHNSON FINANCIAL GROUP, INC.",0,,0,5020382,,Brookfield,ONE,CB,EXACT,,STATE,0,,0,555 Main St,376,38295,1490701,133,20296,43.0610519941249,WI,4,CALL,0,Chicago,58243,Brookfield Branch 82100 Branch,1,,Waukesha,COMMERCIAL LENDING,,,,0,71,1,WI,1,Wisconsin,7,FED,Chicago,6308898,,0,14000 W North Ave,-88.0871609729189,,RACINE,55101,"Milwaukee-Racine-Waukesha, WI",Racine,13,55133,,"Milwaukee-Waukesha, WI",Johnson Bank,Brookfield,WI,2023_20296_71
53403,DIF,SM,United States,53718,STATE,31540,501642,Wisconsin,01/11/2010,2023,State Agency,11,55,100.0,9,9852,United States,"JOHNSON FINANCIAL GROUP, INC.",0,,0,5020382,,Madison,ONE,CB,EXACT,,STATE,0,,0,555 Main St,357,501779,1490701,25,20296,43.1426460077719,WI,4,CALL,0,Chicago,58243,Terrace Drive Madison Branch,1,,Dane,COMMERCIAL LENDING,,,,0,77,1,WI,1,Wisconsin,7,FED,Chicago,6308898,,0,5201 E Terrace Dr,-89.2910880079917,,RACINE,55101,"Madison-Janesville-Beloit, WI",Racine,13,55025,,"Madison, WI",Johnson Bank,Madison,WI,2023_20296_77
53403,DIF,SM,United States,53092,STATE,33340,562321,Wisconsin,10/13/2014,2023,State Agency,11,55,100.0,9,9852,United States,"JOHNSON FINANCIAL GROUP, INC.",0,,0,5020382,,Mequon,ONE,CB,EXACT,,STATE,0,,0,555 Main St,376,10204,1490701,89,20296,43.2207329912208,WI,4,CALL,0,Chicago,58243,Mequon Branch,1,,Ozaukee,COMMERCIAL LENDING,,,,0,78,1,WI,1,Wisconsin,7,FED,Chicago,6308898,,0,1555 W Mequon Rd,-87.9283189624214,,RACINE,55101,"Milwaukee-Racine-Waukesha, WI",Racine,13,55089,,"Milwaukee-Waukesha, WI",Johnson Bank,Mequon,WI,2023_20296_78
53403,DIF,SM,United States,53402,STATE,39540,250681,Wisconsin,12/15/1987,2023,State Agency,11,55,100.0,9,9852,United States,"JOHNSON FINANCIAL GROUP, INC.",0,,0,5020382,,Racine,ONE,CB,EXACT,,STATE,0,,0,555 Main St,376,111316,1490701,101,20296,42.7705209808287,WI,4,CALL,0,Chicago,58243,Wind Point Branch 31000,1,,Racine,COMMERCIAL LENDING,,,,0,8,1,WI,1,Wisconsin,7,FED,Chicago,6308898,,0,4001 N Main St,-87.7814950085159,,RACINE,55101,"Milwaukee-Racine-Waukesha, WI",Racine,13,55101,,"Racine-Mount Pleasant, WI",Johnson Bank,Wind Point,WI,2023_20296_8
53403,DIF,SM,United States,53144,STATE,28450,12357,Wisconsin,12/07/1961,2023,State Agency,11,55,100.0,9,9852,United States,"JOHNSON FINANCIAL GROUP, INC.",0,,0,5020382,,Kenosha,ONE,CB,EXACT,,STATE,0,,0,555 Main St,176,62410,1490701,59,20296,42.5813790189947,WI,4,CALL,0,Chicago,58243,Kenosha Midtown Branch 51000,1,,Kenosha,COMMERCIAL LENDING,,,07/16/1990,0,9,1,WI,1,Wisconsin,7,FED,Chicago,6308898,,0,3928 60th St,-87.8568049836237,,RACINE,55101,"Chicago-Naperville, IL-IN-WI",Racine,13,55059,,"Kenosha, WI",Johnson Bank,Kenosha,WI,2023_20296_9
60601,DIF,NM,United States,53226,STATE,33340,656985,Illinois,06/01/2023,2023,State Agency,11,55,99.53,9,0,United States,"BYLINE BANCORP, INC.",0,,0,5936504,,Milwaukee,ONE,CB,EXACT,,STATE,0,,0,180 N La Salle St,376,89743,1204627,79,20624,43.0416589942955,IL,4,CALL,0,Chicago,129732,Wauwatosa Branch,1,,Milwaukee,COMMERCIAL LENDING,,,,0,120,1,WI,1,Wisconsin,7,FDIC,Chicago,7554470,,0,10000 Innovation Dr,-88.034553969295,,CHICAGO,17031,"Milwaukee-Racine-Waukesha, WI",Chicago,21,55079,,"Milwaukee-Waukesha, WI",Byline Bank,Wauwatosa,IL,2023_20624_120
54651,DIF,NM,United States,54651,STATE,29100,14572,Wisconsin,09/23/1911,2023,State Agency,11,55,100.0,9,0,United States,"ONTARIO BANCORPORATION, INC.",0,,62412,62412,,Ontario,ONE,CB,EXACT,M,STATE,1,,0,315 Main St,317,37778,1209592,123,21085,43.7239739921521,WI,2,CALL,0,Chicago,37341,Bank Of Ontario,1,,Vernon,AGRICULTURAL,,,,0,0,1,WI,1,Wisconsin,7,FDIC,Chicago,77409,,0,315 Main St,-90.5916560397444,,ONTARIO,55123,"La Crosse-Onalaska-Sparta, WI-MN",Ontario,21,55123,,"La Crosse-Onalaska, WI-MN",Bank of Ontario,Ontario,WI,2023_21085_0
54651,DIF,NM,United States,54632,STATE,29100,9517,Wisconsin,01/01/1909,2023,State Agency,11,55,100.0,9,0,United States,"ONTARIO BANCORPORATION, INC.",0,,0,62412,,Genoa,ONE,CB,EXACT,,STATE,0,,0,315 Main St,317,21718,1209592,123,21085,43.5737240191427,WI,2,CALL,0,Chicago,37341,Genoa Branch,1,,Vernon,AGRICULTURAL,,,05/21/1994,0,2,1,WI,1,Wisconsin,7,FDIC,Chicago,77409,,0,700 Main St,-91.2265289627139,,ONTARIO,55123,"La Crosse-Onalaska-Sparta, WI-MN",Ontario,21,55123,,"La Crosse-Onalaska, WI-MN",Bank of Ontario,Genoa,WI,2023_21085_2
54651,DIF,NM,United States,54667,STATE,29100,627416,Wisconsin,09/22/2020,2023,State Agency,11,55,100.0,9,0,United States,"ONTARIO BANCORPORATION, INC.",0,,0,62412,,Westby,ONE,CB,EXACT,,STATE,0,,0,315 Main St,317,2916,1209592,123,21085,43.65373900796,WI,2,CALL,0,Chicago,37341,Westby State Bank Branch Of Bank Of Ontario,1,,Vernon,AGRICULTURAL,,,,0,3,1,WI,1,Wisconsin,7,FDIC,Chicago,77409,,0,100 N Main St,-90.8574219657376,,ONTARIO,55123,"La Crosse-Onalaska-Sparta, WI-MN",Ontario,21,55123,,"La Crosse-Onalaska, WI-MN",Bank of Ontario,Westby,WI,2023_21085_3
53575,DIF,SM,United States,53575,STATE,31540,15543,Wisconsin,09/15/1976,2023,State Agency,11,55,100.0,9,14075,United States,"BOSSHARD FINANCIAL GROUP, INC.",0,,1491123,1491123,,Oregon,MULT,CB,EXACT,M,STATE,1,,0,733 N Main St,357,688204,1205473,25,22334,42.936778000061,WI,4,CALL,0,Chicago,247140,One Community Bank,1,,Dane,COMMERCIAL LENDING,,,,0,0,1,WI,1,Wisconsin,7,FED,Chicago,1916254,,0,733 N Main St,-89.383899983663,,LA CROSSE,55025,"Madison-Janesville-Beloit, WI",Oregon,13,55025,,"Madison, WI",One Community Bank,Oregon,WI,2023_22334_0
53575,DIF,SM,United States,53590,STATE,31540,474316,Wisconsin,04/01/2008,2023,State Agency,11,55,100.0,9,14075,United States,"BOSSHARD FINANCIAL GROUP, INC.",0,,0,1491123,,Sun Prairie,MULT,CB,EXACT,,STATE,0,,0,733 N Main St,357,38833,1205473,25,22334,43.1861050022701,WI,4,CALL,0,Chicago,247140,Sun Prairie Branch,1,,Dane,COMMERCIAL LENDING,,,05/01/2020,0,10,1,WI,1,Wisconsin,7,FED,Chicago,1916254,,0,2580 Ironwood Dr,-89.2640179811344,,LA CROSSE,55025,"Madison-Janesville-Beloit, WI",Oregon,13,55025,,"Madison, WI",One Community Bank,Sun Prairie,WI,2023_22334_10
53575,DIF,SM,United States,53562,STATE,31540,596308,Wisconsin,03/12/2018,2023,State Agency,23,55,100.0,9,14075,United States,"BOSSHARD FINANCIAL GROUP, INC.",0,,0,1491123,,Middleton,MULT,CB,EXACT,,STATE,0,,0,733 N Main St,357,20395,1205473,25,22334,43.0956780133283,WI,4,CALL,0,Chicago,247140,Middleton Office Branch,1,,Dane,COMMERCIAL LENDING,,,05/01/2020,0,11,1,WI,1,Wisconsin,7,FED,Chicago,1916254,,0,1836 Aurora St,-89.5131080269409,,LA CROSSE,55025,"Madison-Janesville-Beloit, WI",Oregon,13,55025,,"Madison, WI",One Community Bank,Middleton,WI,2023_22334_11
53575,DIF,SM,United States,53589,STATE,31540,607080,Wisconsin,11/13/2018,2023,State Agency,11,55,100.0,9,14075,United States,"BOSSHARD FINANCIAL GROUP, INC.",0,,0,1491123,,Stoughton,MULT,CB,EXACT,,STATE,0,,0,733 N Main St,357,167594,1205473,25,22334,42.9208059901934,WI,4,CALL,0,Chicago,247140,Kettle Park West Br,1,,Dane,COMMERCIAL LENDING,,,05/01/2020,0,12,1,WI,1,Wisconsin,7,FED,Chicago,1916254,,0,2401 Jackson St,-89.251148993732,,LA CROSSE,55025,"Madison-Janesville-Beloit, WI",Oregon,13,55025,,"Madison, WI",One Community Bank,Stoughton,WI,2023_22334_12
53575,DIF,SM,United States,53558,STATE,31540,1627,Wisconsin,05/01/2020,2023,State Agency,11,55,100.0,9,14075,United States,"BOSSHARD FINANCIAL GROUP, INC.",0,,0,1491123,,McFarland,MULT,CB,EXACT,,STATE,0,,0,733 N Main St,357,353770,1205473,25,22334,43.0139480033023,WI,4,CALL,0,Chicago,247140,Mcfarland Branch,1,,Dane,COMMERCIAL LENDING,,,05/01/2020,0,13,1,WI,1,Wisconsin,7,FED,Chicago,1916254,,0,5990 Us Highway 51,-89.3033850143214,,LA CROSSE,55025,"Madison-Janesville-Beloit, WI",Oregon,13,55025,,"Madison, WI",One Community Bank,Mc Farland,WI,2023_22334_13
53575,DIF,SM,United States,53597,STATE,31540,589730,Wisconsin,12/19/2016,2023,State Agency,11,55,100.0,9,14075,United States,"BOSSHARD FINANCIAL GROUP, INC.",0,,0,1491123,,Waunakee,MULT,CB,EXACT,,STATE,0,,0,733 N Main St,357,69267,1205473,25,22334,43.1691339952727,WI,4,CALL,0,Chicago,247140,Waunakee Branch,1,,Dane,COMMERCIAL LENDING,,,,0,4,1,WI,1,Wisconsin,7,FED,Chicago,1916254,,0,1351 Water Wheel Dr,-89.461190015758,,LA CROSSE,55025,"Madison-Janesville-Beloit, WI",Oregon,13,55025,,"Madison, WI",One Community Bank,Waunakee,WI,2023_22334_4
53575,DIF,SM,United States,53936,STATE,0,9549,Wisconsin,01/01/1915,2023,State Agency,11,55,100.0,9,14075,United States,"BOSSHARD FINANCIAL GROUP, INC.",0,,0,1491123,,Grand Marsh,MULT,CB,EXACT,,STATE,0,,0,733 N Main St,0,34,1205473,1,22334,43.8868310180897,WI,4,CALL,0,Chicago,247140,Grand Marsh Branch,0,,Adams,COMMERCIAL LENDING,,,09/01/2018,0,5,1,WI,1,Wisconsin,7,FED,Chicago,1916254,,0,643 County Road E,-89.7058980025844,,LA CROSSE,55025,,Oregon,13,55001,,,One Community Bank,Grand Marsh,WI,2023_22334_5
53575,DIF,SM,United States,53910,STATE,0,233339,Wisconsin,02/24/1983,2023,State Agency,11,55,100.0,9,14075,United States,"BOSSHARD FINANCIAL GROUP, INC.",0,,0,1491123,,Adams,MULT,CB,EXACT,,STATE,0,,0,733 N Main St,0,131002,1205473,1,22334,43.965236010945,WI,4,CALL,0,Chicago,247140,Mound View Branch,0,,Adams,COMMERCIAL LENDING,,,09/01/2018,0,6,1,WI,1,Wisconsin,7,FED,Chicago,1916254,,0,501 N Main St,-89.818402002481,,LA CROSSE,55025,,Oregon,13,55001,,,One Community Bank,Adams,WI,2023_22334_6
53575,DIF,SM,United States,53952,STATE,0,233340,Wisconsin,02/05/1999,2023,State Agency,11,55,100.0,9,14075,United States,"BOSSHARD FINANCIAL GROUP, INC.",0,,0,1491123,,Oxford,MULT,CB,EXACT,,STATE,0,,0,733 N Main St,0,22025,1205473,77,22334,43.78071599816,WI,4,CALL,0,Chicago,247140,Oxford Branch,0,,Marquette,COMMERCIAL LENDING,,,09/01/2018,0,7,1,WI,1,Wisconsin,7,FED,Chicago,1916254,,0,120 E Vallette St,-89.5722140230109,,LA CROSSE,55025,,Oregon,13,55077,,,One Community Bank,Oxford,WI,2023_22334_7
53575,DIF,SM,United States,53589,STATE,31540,3593,Wisconsin,10/01/1899,2023,State Agency,23,55,100.0,9,14075,United States,"BOSSHARD FINANCIAL GROUP, INC.",0,,0,1491123,,Stoughton,MULT,CB,StreetAddress,C,STATE,0,12,0,733 N Main St,357,0,1205473,25,22334,42.9175637085444,WI,4,CALL,0,Chicago,247140,Downtown Stoughton Branch,1,,Dane,COMMERCIAL LENDING,,,05/01/2020,0,8,1,WI,1,Wisconsin,7,FED,Chicago,1916254,,0,205 E Washington St,-89.2180513181664,,LA CROSSE,55025,"Madison-Janesville-Beloit, WI",Oregon,13,55025,,"Madison, WI",One Community Bank,Stoughton,WI,2023_22334_8
53717,DIF,SM,United States,53717,STATE,31540,16484,Wisconsin,09/01/1981,2023,State Agency,11,55,100.0,9,0,United States,"BANKERS' BANCORPORATION, INC.",1,,839505,839505,,Madison,ONE,CB,EXACT,M,STATE,1,,0,7700 Mineral Point Rd,357,839505,1209958,25,23537,43.0609419816457,WI,4,CALL,0,Chicago,408642,Bankers' Bank,1,,Dane,COMMERCIAL LENDING,,,,0,0,0,WI,1,Wisconsin,7,FED,Chicago,1466700,,0,7700 Mineral Point Rd,-89.5161079939064,,MADISON,55025,"Madison-Janesville-Beloit, WI",Madison,13,55025,,"Madison, WI",Bankers' Bank,Madison,WI,2023_23537_0
53520,DIF,SM,United States,53520,STATE,31540,1610,Wisconsin,04/30/1896,2023,State Agency,11,55,100.0,9,14788,United States,"BRODHEAD BANCSHARES, INC.",0,,232672,232672,,Brodhead,ONE,CB,EXACT,M,STATE,1,,0,806 E Exchange St,357,160174,5371853,45,2455,42.619504985688,WI,4,CALL,0,Chicago,517441,The Bank Of Brodhead,1,,Green,COMMERCIAL LENDING,,,,0,0,1,WI,1,Wisconsin,7,FED,Chicago,287871,,0,806 E Exchange St,-89.3762319671811,,BRODHEAD,55045,"Madison-Janesville-Beloit, WI",Brodhead,13,55045,,"Madison, WI",The Bank of Brodhead,Brodhead,WI,2023_2455_0
53520,DIF,SM,United States,53576,STATE,27500,9538,Wisconsin,02/25/1901,2023,State Agency,11,55,100.0,9,14788,United States,"BRODHEAD BANCSHARES, INC.",0,,0,232672,,Orfordville,ONE,CB,EXACT,,STATE,0,,0,806 E Exchange St,357,72498,5371853,105,2455,42.6280189876575,WI,4,CALL,0,Chicago,517441,Orfordville Branch,1,,Rock,COMMERCIAL LENDING,,,03/07/2020,0,1,1,WI,1,Wisconsin,7,FED,Chicago,287871,,0,303 E Spring St,-89.2530210079872,,BRODHEAD,55045,"Madison-Janesville-Beloit, WI",Brodhead,13,55105,,"Janesville-Beloit, WI",The Bank of Brodhead,Orfordville,WI,2023_2455_1
54727,DIF,NM,United States,54727,STATE,20740,1619,Wisconsin,08/20/1902,2023,State Agency,11,55,100.0,9,11635,United States,"CITIZENS BANCORP, INC.",0,,188675,188675,,Cadott,ONE,CB,EXACT,M,STATE,1,,0,304 N Main St,232,95840,3559862,17,2467,44.9477699934262,WI,4,CALL,0,Chicago,149150,Citizens State Bank,1,,Chippewa,COMMERCIAL LENDING,,,,0,0,1,WI,1,Wisconsin,9,FDIC,Minneapolis,222906,,0,304 N Main St,-91.1502549849219,,CADOTT,55017,"Eau Claire-Menomonie, WI",Cadott,21,55017,,"Eau Claire, WI",Citizens State Bank,Cadott,WI,2023_2467_0
54727,DIF,NM,United States,54729,STATE,20740,192680,Wisconsin,11/04/1985,2023,State Agency,11,55,US_Streets,9,11635,United States,"CITIZENS BANCORP, INC.",0,,0,188675,,Chippewa Falls,ONE,CB,M,,STATE,0,,0,304 N Main St,232,22482,3559862,17,2467,44.966259,WI,4,CALL,0,Chicago,149150,Chippewa Falls Branch,1,,Chippewa,COMMERCIAL LENDING,,,,0,1,1,WI,1,Wisconsin,9,FDIC,Minneapolis,222906,,0,15036 Cty Hwy S,-91.366844,,CADOTT,55017,"Eau Claire-Menomonie, WI",Cadott,21,55017,,"Eau Claire, WI",Citizens State Bank,Chippewa Falls,WI,2023_2467_1
54727,DIF,NM,United States,54729,STATE,20740,207591,Wisconsin,09/16/1968,2023,State Agency,11,55,100.0,9,11635,United States,"CITIZENS BANCORP, INC.",0,,0,188675,,Chippewa Falls,ONE,CB,EXACT,,STATE,0,,0,304 N Main St,232,23417,3559862,17,2467,44.9234390048885,WI,4,CALL,0,Chicago,149150,Lake Wissota Branch,1,,Chippewa,COMMERCIAL LENDING,,,05/04/1995,0,2,1,WI,1,Wisconsin,9,FDIC,Minneapolis,222906,,0,17153 County Highway J,-91.322681964991,,CADOTT,55017,"Eau Claire-Menomonie, WI",Cadott,21,55017,,"Eau Claire, WI",Citizens State Bank,Chippewa Falls,WI,2023_2467_2
54727,DIF,NM,United States,54727,STATE,20740,192681,Wisconsin,07/02/1996,2023,State Agency,11,55,100.0,9,11635,United States,"CITIZENS BANCORP, INC.",0,,0,188675,,Cadott,ONE,CB,EXACT,C,STATE,0,0,0,304 N Main St,232,0,3559862,17,2467,44.9388480023196,WI,4,CALL,0,Chicago,149150,Southridge Avenue Branch,1,,Chippewa,COMMERCIAL LENDING,,,,0,3,1,WI,1,Wisconsin,9,FDIC,Minneapolis,222906,,0,505 S Main St,-91.1474690079444,,CADOTT,55017,"Eau Claire-Menomonie, WI",Cadott,21,55017,,"Eau Claire, WI",Citizens State Bank,Cadott,WI,2023_2467_3
54727,DIF,NM,United States,54732,STATE,20740,625463,Wisconsin,09/06/2019,2023,State Agency,11,55,100.0,9,11635,United States,"CITIZENS BANCORP, INC.",0,,0,188675,,Cornell,ONE,CB,EXACT,,STATE,0,,0,304 N Main St,232,5627,3559862,17,2467,45.1651030197577,WI,4,CALL,0,Chicago,149150,Cornell Branch,1,,Chippewa,COMMERCIAL LENDING,,,,0,4,1,WI,1,Wisconsin,9,FDIC,Minneapolis,222906,,0,221 Bridge St,-91.1492619808527,,CADOTT,55017,"Eau Claire-Menomonie, WI",Cadott,21,55017,,"Eau Claire, WI",Citizens State Bank,Cornell,WI,2023_2467_4
54727,DIF,NM,United States,54768,STATE,20740,638707,Wisconsin,10/01/2021,2023,State Agency,11,55,100.0,9,11635,United States,"CITIZENS BANCORP, INC.",0,,0,188675,,Stanley,ONE,CB,EXACT,,STATE,0,,0,304 N Main St,232,3065,3559862,17,2467,44.9605599813911,WI,4,CALL,0,Chicago,149150,Stanley Branch,1,,Chippewa,COMMERCIAL LENDING,,,,0,5,1,WI,1,Wisconsin,9,FDIC,Minneapolis,222906,,0,118 N Broadway St,-90.9374900120019,,CADOTT,55017,"Eau Claire-Menomonie, WI",Cadott,21,55017,,"Eau Claire, WI",Citizens State Bank,Stanley,WI,2023_2467_5
54727,DIF,NM,United States,54484,STATE,48140,473858,Wisconsin,03/17/2008,2023,State Agency,11,55,100.0,9,11635,United States,"CITIZENS BANCORP, INC.",0,,0,188675,,Stratford,ONE,CB,EXACT,,STATE,0,,0,304 N Main St,554,9968,3559862,73,2467,44.7930939983544,WI,4,CALL,0,Chicago,149150,Stratford Branch,1,,Marathon,COMMERCIAL LENDING,,,05/08/2023,0,6,1,WI,1,Wisconsin,9,FDIC,Minneapolis,222906,,0,212001 State Highway 97,-90.0785214594,,CADOTT,55017,"Wausau-Stevens Point-Wisconsin Rapids, WI",Cadott,21,55073,,"Wausau, WI",Citizens State Bank,Stratford,WI,2023_2467_6
54727,DIF,NM,United States,54556,STATE,0,38652,Wisconsin,05/08/2023,2023,State Agency,11,55,100.0,9,11635,United States,"CITIZENS BANCORP, INC.",0,,0,188675,,Prentice,ONE,CB,EXACT,,STATE,0,,0,304 N Main St,0,28276,3559862,99,2467,45.5461100142198,WI,4,CALL,0,Chicago,149150,Prentice Branch,0,,Price,COMMERCIAL LENDING,,,05/08/2023,0,7,1,WI,1,Wisconsin,9,FDIC,Minneapolis,222906,,0,450 Center St,-90.2854439943495,,CADOTT,55017,,Cadott,21,55099,,,Citizens State Bank,Prentice,WI,2023_2467_7
54729,DIF,SM,United States,54729,STATE,20740,1620,Wisconsin,01/01/1904,2023,State Agency,11,55,100.0,9,0,United States,"NW BANCSHARES, INC.",0,,591517,591517,,Chippewa Falls,ONE,CB,EXACT,M,STATE,1,,0,202 N Bridge St,232,367597,1246542,17,2468,44.9363879975567,WI,4,CALL,0,Chicago,153054,Northwestern Bank,1,,Chippewa,COMMERCIAL LENDING,,,,0,0,1,WI,1,Wisconsin,9,FED,Minneapolis,639116,,0,202 N Bridge St,-91.3927970041487,,CHIPPEWA FALLS,55017,"Eau Claire-Menomonie, WI",Chippewa Falls,13,55017,,"Eau Claire, WI",Northwestern Bank,Chippewa Falls,WI,2023_2468_0
54729,DIF,SM,United States,54729,STATE,20740,192682,Wisconsin,09/10/1962,2023,State Agency,23,55,US_Streets,9,0,United States,"NW BANCSHARES, INC.",0,,0,591517,,Chippewa Falls,ONE,CB,M,C,STATE,0,0,0,202 N Bridge St,232,0,1246542,17,2468,44.936739,WI,4,CALL,0,Chicago,153054,Chippewa Drive-Up Branch,1,,Chippewa,COMMERCIAL LENDING,,,,0,1,1,WI,1,Wisconsin,9,FED,Minneapolis,639116,,0,20 East Central Street,-91.391983,,CHIPPEWA FALLS,55017,"Eau Claire-Menomonie, WI",Chippewa Falls,13,55017,,"Eau Claire, WI",Northwestern Bank,Chippewa Falls,WI,2023_2468_1
54729,DIF,SM,United States,54732,STATE,20740,192683,Wisconsin,10/11/1935,2023,State Agency,11,55,100.0,9,0,United States,"NW BANCSHARES, INC.",0,,0,591517,,Cornell,ONE,CB,EXACT,,STATE,0,,0,202 N Bridge St,232,53176,1246542,17,2468,45.1671520178985,WI,4,CALL,0,Chicago,153054,Cornell Branch,1,,Chippewa,COMMERCIAL LENDING,,,,0,2,1,WI,1,Wisconsin,9,FED,Minneapolis,639116,,0,201 Main St,-91.1502480279423,,CHIPPEWA FALLS,55017,"Eau Claire-Menomonie, WI",Chippewa Falls,13,55017,,"Eau Claire, WI",Northwestern Bank,Cornell,WI,2023_2468_2
54729,DIF,SM,United States,54729,STATE,20740,192684,Wisconsin,10/13/1969,2023,State Agency,11,55,100.0,9,0,United States,"NW BANCSHARES, INC.",0,,0,591517,,Chippewa Falls,ONE,CB,EXACT,C,STATE,0,0,0,202 N Bridge St,232,0,1246542,17,2468,44.9238459881972,WI,4,CALL,0,Chicago,153054,Lafayette Branch,1,,Chippewa,COMMERCIAL LENDING,,,,0,3,1,WI,1,Wisconsin,9,FED,Minneapolis,639116,,0,17152 County Highway J,-91.3212850370078,,CHIPPEWA FALLS,55017,"Eau Claire-Menomonie, WI",Chippewa Falls,13,55017,,"Eau Claire, WI",Northwestern Bank,Chippewa Falls,WI,2023_2468_3
54729,DIF,SM,United States,54771,STATE,0,192685,Wisconsin,10/16/1989,2023,State Agency,11,55,100.0,9,0,United States,"NW BANCSHARES, INC.",0,,0,591517,,Thorp,ONE,CB,EXACT,,STATE,0,,0,202 N Bridge St,0,62513,1246542,19,2468,44.9600100028142,WI,4,CALL,0,Chicago,153054,Thorp Branch,0,,Clark,COMMERCIAL LENDING,,,,0,4,1,WI,1,Wisconsin,9,FED,Minneapolis,639116,,0,111 N Washington St,-90.800589979999,,CHIPPEWA FALLS,55017,,Chippewa Falls,13,55019,,,Northwestern Bank,Thorp,WI,2023_2468_4
54729,DIF,SM,United States,54726,STATE,20740,9544,Wisconsin,02/10/1903,2023,State Agency,11,55,100.0,9,0,United States,"NW BANCSHARES, INC.",0,,0,591517,,Boyd,ONE,CB,EXACT,,STATE,0,,0,202 N Bridge St,232,24333,1246542,17,2468,44.9513020016958,WI,4,CALL,0,Chicago,153054,Boyd Branch,1,,Chippewa,COMMERCIAL LENDING,,,05/10/1999,0,5,1,WI,1,Wisconsin,9,FED,Minneapolis,639116,,0,803 E Murray St,-91.0355710196474,,CHIPPEWA FALLS,55017,"Eau Claire-Menomonie, WI",Chippewa Falls,13,55017,,"Eau Claire, WI",Northwestern Bank,Boyd,WI,2023_2468_5
54729,DIF,SM,United States,54720,STATE,20740,585361,Wisconsin,12/12/2016,2023,State Agency,11,55,100.0,9,0,United States,"NW BANCSHARES, INC.",0,,0,591517,,Altoona,ONE,CB,EXACT,,STATE,0,,0,202 N Bridge St,232,83898,1246542,35,2468,44.8187469806609,WI,4,CALL,0,Chicago,153054,River Prairie Office Branch,1,,Eau Claire,COMMERCIAL LENDING,,,,0,7,1,WI,1,Wisconsin,9,FED,Minneapolis,639116,,0,1430 Rivers Edge Trl,-91.4515549835989,,CHIPPEWA FALLS,55017,"Eau Claire-Menomonie, WI",Chippewa Falls,13,55035,,"Eau Claire, WI",Northwestern Bank,Altoona,WI,2023_2468_7
53538,DIF,NM,United States,53538,STATE,0,1621,Wisconsin,01/07/1884,2023,State Agency,11,55,100.0,9,0,United States,CITIZENS FINANCIAL CORPORATION EMPLOYEE STOCK OWNERSHIP PLAN AND TRUST,0,,151578,151578,,Fort Atkinson,ONE,CB,EXACT,M,STATE,1,,0,220 Grant St,376,60213,1247727,55,2469,42.9263779860578,WI,4,CALL,0,Chicago,846945,Badger Bank,0,,Jefferson,COMMERCIAL LENDING,,,,1,0,1,WI,1,Wisconsin,7,FDIC,Chicago,192155,,0,220 Grant St,-88.8387150172324,,FORT ATKINSON,55055,"Milwaukee-Racine-Waukesha, WI",Fort Atkinson,21,55055,,,Badger Bank,Fort Atkinson,WI,2023_2469_0
53538,DIF,NM,United States,53523,STATE,31540,6652,Wisconsin,01/01/1899,2023,State Agency,11,55,100.0,9,0,United States,CITIZENS FINANCIAL CORPORATION EMPLOYEE STOCK OWNERSHIP PLAN AND TRUST,0,,0,151578,,Cambridge,ONE,CB,EXACT,,STATE,0,,0,220 Grant St,357,53991,1247727,25,2469,43.0038659987058,WI,4,CALL,0,Chicago,846945,Cambridge,1,,Dane,COMMERCIAL LENDING,,,11/14/2003,0,2,1,WI,1,Wisconsin,7,FDIC,Chicago,192155,,0,102 W Main St,-89.0168939945367,,FORT ATKINSON,55055,"Madison-Janesville-Beloit, WI",Fort Atkinson,21,55025,,"Madison, WI",Badger Bank,Cambridge,WI,2023_2469_2
53538,DIF,NM,United States,53038,STATE,0,439688,Wisconsin,04/05/2005,2023,State Agency,11,55,100.0,9,0,United States,CITIZENS FINANCIAL CORPORATION EMPLOYEE STOCK OWNERSHIP PLAN AND TRUST,0,,0,151578,,Johnson Creek,ONE,CB,EXACT,,STATE,0,,0,220 Grant St,376,23847,1247727,55,2469,43.0838659839164,WI,4,CALL,0,Chicago,846945,Johnson Creek Branch,0,,Jefferson,COMMERCIAL LENDING,,,,1,3,1,WI,1,Wisconsin,7,FDIC,Chicago,192155,,0,545 Village Walk Ln,-88.7635190360078,,FORT ATKINSON,55055,"Milwaukee-Racine-Waukesha, WI",Fort Atkinson,21,55055,,,Badger Bank,Johnson Creek,WI,2023_2469_3
53538,DIF,NM,United States,53549,STATE,0,465784,Wisconsin,07/16/2007,2023,State Agency,11,55,100.0,9,0,United States,CITIZENS FINANCIAL CORPORATION EMPLOYEE STOCK OWNERSHIP PLAN AND TRUST,0,,0,151578,,Jefferson,ONE,CB,EXACT,,STATE,0,,0,220 Grant St,376,13527,1247727,55,2469,42.9942579907338,WI,4,CALL,0,Chicago,846945,Jefferson Branch,0,,Jefferson,COMMERCIAL LENDING,,,,1,4,1,WI,1,Wisconsin,7,FDIC,Chicago,192155,,0,1003 S Main St,-88.8077879738099,,FORT ATKINSON,55055,"Milwaukee-Racine-Waukesha, WI",Fort Atkinson,21,55055,,,Badger Bank,Jefferson,WI,2023_2469_4
53531,DIF,NM,United States,53531,STATE,31540,1628,Wisconsin,01/01/1887,2023,State Agency,11,55,100.0,9,14441,United States,DEERFIELD FINANCIAL CORPORATION,0,,175289,175289,,Deerfield,ONE,CB,EXACT,M,STATE,1,,0,15 S Main St,357,146498,1416738,25,2477,43.052397008544,WI,4,CALL,0,Chicago,588245,Bank Of Deerfield,1,,Dane,COMMERCIAL LENDING,,,,0,0,1,WI,1,Wisconsin,7,FDIC,Chicago,204227,,0,15 S Main St,-89.0759730008784,,DEERFIELD,55025,"Madison-Janesville-Beloit, WI",Deerfield,21,55025,,"Madison, WI",Bank of Deerfield,Deerfield,WI,2023_2477_0
53531,DIF,NM,United States,53531,STATE,31540,441384,Wisconsin,06/20/2005,2023,State Agency,11,55,100.0,9,14441,United States,DEERFIELD FINANCIAL CORPORATION,0,,0,175289,,Deerfield,ONE,CB,EXACT,,STATE,0,,0,15 S Main St,357,28791,1416738,25,2477,43.0269259973554,WI,4,CALL,0,Chicago,588245,Shaul Lane Branch,1,,Dane,COMMERCIAL LENDING,,,,0,1,1,WI,1,Wisconsin,7,FDIC,Chicago,204227,,0,867 Shaul Ln,-89.0762480111216,,DEERFIELD,55025,"Madison-Janesville-Beloit, WI",Deerfield,21,55025,,"Madison, WI",Bank of Deerfield,Deerfield,WI,2023_2477_1
54457,DIF,NM,United States,54457,STATE,0,1630,Wisconsin,12/13/1913,2023,State Agency,11,55,100.0,9,0,United States,"NEKOOSA PORT EDWARDS BANCORPORATION, INC.",0,,209555,209555,,Nekoosa,ONE,CB,EXACT,M,STATE,1,,0,405 Market St,554,143244,1204074,141,2482,44.3152349927999,WI,8,CALL,0,Chicago,791942,Nekoosa Port Edwards State Bank,0,,Wood,ALL OTHER < $1 BILLION,,,,1,0,1,WI,1,Wisconsin,7,FDIC,Chicago,243933,,0,405 Market St,-89.8921569669117,,NEKOOSA,55141,"Wausau-Stevens Point-Wisconsin Rapids, WI",Nekoosa,21,55141,,,Nekoosa Port Edwards State Bank,Nekoosa,WI,2023_2482_0
54457,DIF,NM,United States,54469,STATE,0,192699,Wisconsin,05/17/1949,2023,State Agency,11,55,100.0,9,0,United States,"NEKOOSA PORT EDWARDS BANCORPORATION, INC.",0,,0,209555,,Port Edwards,ONE,CB,EXACT,,STATE,0,,0,405 Market St,554,28437,1204074,141,2482,44.3431699901554,WI,8,CALL,0,Chicago,791942,Port Edwards Branch,0,,Wood,ALL OTHER < $1 BILLION,,,,1,1,1,WI,1,Wisconsin,7,FDIC,Chicago,243933,,0,240 Market Ave,-89.8610979923332,,NEKOOSA,55141,"Wausau-Stevens Point-Wisconsin Rapids, WI",Nekoosa,21,55141,,,Nekoosa Port Edwards State Bank,Port Edwards,WI,2023_2482_1
54457,DIF,NM,United States,54457,STATE,0,192700,Wisconsin,08/01/1990,2023,State Agency,11,55,US_Streets,9,0,United States,"NEKOOSA PORT EDWARDS BANCORPORATION, INC.",0,,0,209555,,Nekoosa,ONE,CB,M,,STATE,0,,0,405 Market St,0,37874,1204074,1,2482,44.195141,WI,8,CALL,0,Chicago,791942,Rome Lakes Branch,0,,Adams,ALL OTHER < $1 BILLION,,,,0,2,1,WI,1,Wisconsin,7,FDIC,Chicago,243933,,0,383 Highway 13 South,-89.80826,,NEKOOSA,55141,,Nekoosa,21,55001,,,Nekoosa Port Edwards State Bank,Nekoosa,WI,2023_2482_2
54610,DIF,NM,United States,54610,STATE,0,35718,Wisconsin,06/20/1986,2023,State Agency,11,55,100.0,9,0,United States,DAIRYLAND BANK HOLDING CORPORATION,0,,159093,159093,,Alma,ONE,CB,EXACT,"M,E",STATE,1,,0,211 S Main St,0,68257,2029368,11,26689,44.3217119827502,WI,4,CALL,0,Chicago,564052,Bank Of Alma,0,,Buffalo,COMMERCIAL LENDING,,,,0,0,1,WI,1,Wisconsin,9,FDIC,Minneapolis,301258,,0,211 S Main St,-91.9151420387976,,LA CROSSE,55011,,Alma,21,55011,,,Bank of Alma,Alma,WI,2023_26689_0
54610,DIF,NM,United States,54756,STATE,0,228811,Wisconsin,10/13/1936,2023,State Agency,11,55,100.0,9,0,United States,DAIRYLAND BANK HOLDING CORPORATION,0,,0,159093,,Nelson,ONE,CB,EXACT,E,STATE,0,,0,211 S Main St,0,21988,2029368,11,26689,44.4203459864577,WI,4,CALL,0,Chicago,564052,Nelson Branch,0,,Buffalo,COMMERCIAL LENDING,,,06/20/1986,0,3,1,WI,1,Wisconsin,9,FDIC,Minneapolis,301258,,0,N104 N Main St,-92.0085610318969,,LA CROSSE,55011,,Alma,21,55011,,,Bank of Alma,Nelson,WI,2023_26689_3
54610,DIF,NM,United States,54759,STATE,0,228812,Wisconsin,08/01/1944,2023,State Agency,11,55,100.0,9,0,United States,DAIRYLAND BANK HOLDING CORPORATION,0,,0,159093,,Pepin,ONE,CB,EXACT,E,STATE,0,,0,211 S Main St,0,33390,2029368,91,26689,44.4397749865613,WI,4,CALL,0,Chicago,564052,Pepin Branch,0,,Pepin,COMMERCIAL LENDING,,,06/20/1986,0,4,1,WI,1,Wisconsin,9,FDIC,Minneapolis,301258,,0,419 2nd St,-92.1478970126006,,LA CROSSE,55011,,Alma,21,55091,,,Bank of Alma,Pepin,WI,2023_26689_4
61443,DIF,SB,United States,53703,OCC,31540,464878,Illinois,06/01/2006,2023,Comptroller of the Currency,11,55,100.0,9,244,,,0,4,0,129338,,Madison,NONE,SA,EXACT,,FED,0,,0,104 N Tremont St,357,3249,0,25,27767,43.0732270018539,IL,4,CALL,0,Chicago,656779,West Washington Avenue Branch,1,,Dane,COMMERCIAL LENDING,Western,,,0,101,1,WI,1,Wisconsin,7,OCC,Chicago,152703,,0,115 W Washington Ave,-89.3855460218087,,,17073,"Madison-Janesville-Beloit, WI",Kewanee,34,55025,,"Madison, WI",Union Federal Savings and Loan Association,Madison,,2023_27767_101
53188,DIF,NM,United States,53188,STATE,33340,41234,Wisconsin,01/01/1926,2023,State Agency,11,55,99.99,9,17893,United States,"WESTBURY BANCORP, INC.",0,3,760510,760510,,Waukesha,ONE,CB,EXACT,M,STATE,1,,0,N16 W23250 Stone Ridge Drive,376,175047,4472249,133,28400,43.0533620170566,WI,4,CALL,0,Chicago,524971,Westbury Bank,1,,Waukesha,COMMERCIAL LENDING,Central,,,0,0,1,WI,1,Wisconsin,7,FDIC,Chicago,900171,,0,N16 W23250 Stone Ridge Drive,-88.2115279641987,,WAUKESHA,55133,"Milwaukee-Racine-Waukesha, WI",Waukesha,21,55133,,"Milwaukee-Waukesha, WI",Westbury Bank,Waukesha,WI,2023_28400_0
53188,DIF,NM,United States,53022,STATE,33340,267200,Wisconsin,01/01/1926,2023,State Agency,11,55,100.0,9,17893,United States,"WESTBURY BANCORP, INC.",0,3,0,760510,,Germantown,ONE,CB,EXACT,,STATE,0,,0,N16 W23250 Stone Ridge Drive,376,80502,4472249,131,28400,43.2203037120496,WI,4,CALL,0,Chicago,524971,Germantown Branch,1,,Washington,COMMERCIAL LENDING,Central,,,0,1,1,WI,1,Wisconsin,7,FDIC,Chicago,900171,,0,N112w17171 Mequon Rd,-88.122291708422,,WAUKESHA,55133,"Milwaukee-Racine-Waukesha, WI",Waukesha,21,55131,,"Milwaukee-Waukesha, WI",Westbury Bank,Germantown,WI,2023_28400_1
53188,DIF,NM,United States,53095,STATE,33340,267205,Wisconsin,01/01/1926,2023,State Agency,11,55,100.0,9,17893,United States,"WESTBURY BANCORP, INC.",0,3,0,760510,,West Bend,ONE,CB,EXACT,,STATE,0,,0,N16 W23250 Stone Ridge Drive,376,78999,4472249,131,28400,43.4268001948608,WI,4,CALL,0,Chicago,524971,West Washington Branch,1,,Washington,COMMERCIAL LENDING,Central,,,0,101,1,WI,1,Wisconsin,7,FDIC,Chicago,900171,,0,2501 W Washington St,-88.2159004678092,,WAUKESHA,55133,"Milwaukee-Racine-Waukesha, WI",Waukesha,21,55131,,"Milwaukee-Waukesha, WI",Westbury Bank,West Bend,WI,2023_28400_101
53188,DIF,NM,United States,53005,STATE,33340,266492,Wisconsin,01/01/1914,2023,State Agency,11,55,100.0,9,17893,United States,"WESTBURY BANCORP, INC.",0,3,0,760510,,Brookfield,ONE,CB,EXACT,,STATE,0,,0,N16 W23250 Stone Ridge Drive,376,23681,4472249,133,28400,43.0614210074122,WI,4,CALL,0,Chicago,524971,W North Ave Branch,1,,Waukesha,COMMERCIAL LENDING,Central,,12/31/2008,0,120,1,WI,1,Wisconsin,7,FDIC,Chicago,900171,,0,17160 W North Ave,-88.1254070103752,,WAUKESHA,55133,"Milwaukee-Racine-Waukesha, WI",Waukesha,21,55133,,"Milwaukee-Waukesha, WI",Westbury Bank,Brookfield,WI,2023_28400_120
53188,DIF,NM,United States,53027,STATE,33340,498681,Wisconsin,08/31/2006,2023,State Agency,11,55,100.0,9,17893,United States,"WESTBURY BANCORP, INC.",0,3,0,760510,,Hartford,ONE,CB,EXACT,,STATE,0,,0,N16 W23250 Stone Ridge Drive,376,46845,4472249,131,28400,43.3174189568113,WI,4,CALL,0,Chicago,524971,Hartford West Branch,1,,Washington,COMMERCIAL LENDING,Central,,,0,125,1,WI,1,Wisconsin,7,FDIC,Chicago,900171,,0,25 S Wacker Dr,-88.3906214909584,,WAUKESHA,55133,"Milwaukee-Racine-Waukesha, WI",Waukesha,21,55131,,"Milwaukee-Waukesha, WI",Westbury Bank,Hartford,WI,2023_28400_125
53188,DIF,NM,United States,53086,STATE,33340,498684,Wisconsin,09/08/2006,2023,State Agency,11,55,100.0,9,17893,United States,"WESTBURY BANCORP, INC.",0,3,0,760510,,Slinger,ONE,CB,EXACT,,STATE,0,,0,N16 W23250 Stone Ridge Drive,376,81676,4472249,131,28400,43.3239059212263,WI,4,CALL,0,Chicago,524971,Slinger - Seven Hills Branch,1,,Washington,COMMERCIAL LENDING,Central,,,0,128,1,WI,1,Wisconsin,7,FDIC,Chicago,900171,,0,1195 E Commerce Blvd,-88.261472456279,,WAUKESHA,55133,"Milwaukee-Racine-Waukesha, WI",Waukesha,21,55131,,"Milwaukee-Waukesha, WI",Westbury Bank,Slinger,WI,2023_28400_128
53188,DIF,NM,United States,53095,STATE,33340,620141,Wisconsin,01/21/2020,2023,State Agency,11,55,100.0,9,17893,United States,"WESTBURY BANCORP, INC.",0,3,0,760510,,West Bend,ONE,CB,EXACT,,STATE,0,,0,N16 W23250 Stone Ridge Drive,376,123988,4472249,131,28400,43.4218406227519,WI,4,CALL,0,Chicago,524971,Westbury Bank Branch,1,,Washington,COMMERCIAL LENDING,Central,,,0,133,1,WI,1,Wisconsin,7,FDIC,Chicago,900171,,0,200 S Main St,-88.1817244310778,,WAUKESHA,55133,"Milwaukee-Racine-Waukesha, WI",Waukesha,21,55131,,"Milwaukee-Waukesha, WI",Westbury Bank,West Bend,WI,2023_28400_133
53188,DIF,NM,United States,53040,STATE,33340,267201,Wisconsin,01/01/1926,2023,State Agency,11,55,100.0,9,17893,United States,"WESTBURY BANCORP, INC.",0,3,0,760510,,Kewaskum,ONE,CB,EXACT,,STATE,0,,0,N16 W23250 Stone Ridge Drive,376,88053,4472249,131,28400,43.5164052543772,WI,4,CALL,0,Chicago,524971,Kewaskum Branch,1,,Washington,COMMERCIAL LENDING,Central,,,0,2,1,WI,1,Wisconsin,7,FDIC,Chicago,900171,,0,1052 Fond Du Lac Ave,-88.2250405979459,,WAUKESHA,55133,"Milwaukee-Racine-Waukesha, WI",Waukesha,21,55131,,"Milwaukee-Waukesha, WI",Westbury Bank,Kewaskum,WI,2023_28400_2
53188,DIF,NM,United States,53037,STATE,33340,267203,Wisconsin,01/01/1926,2023,State Agency,11,55,100.0,9,17893,United States,"WESTBURY BANCORP, INC.",0,3,0,760510,,Jackson,ONE,CB,EXACT,,STATE,0,,0,N16 W23250 Stone Ridge Drive,376,61719,4472249,131,28400,43.3253675575021,WI,4,CALL,0,Chicago,524971,Jackson Branch,1,,Washington,COMMERCIAL LENDING,Central,,,0,4,1,WI,1,Wisconsin,7,FDIC,Chicago,900171,,0,N168w21920 Main St,-88.1805150900877,,WAUKESHA,55133,"Milwaukee-Racine-Waukesha, WI",Waukesha,21,55131,,"Milwaukee-Waukesha, WI",Westbury Bank,Jackson,WI,2023_28400_4
53205,DIF,SL,United States,53205,STATE,33340,41314,Wisconsin,01/01/1924,2023,State Agency,11,55,100.0,9,1672,,,1,,24764,24764,,Milwaukee,NONE,SA,EXACT,M,STATE,1,,0,2020 W Fond Du Lac Ave,376,24764,0,79,28480,43.0603259955814,WI,4,CALL,0,Chicago,596277,Columbia Savings And Loan Association,1,,Milwaukee,COMMERCIAL LENDING,,,,0,0,1,WI,1,Wisconsin,7,FDIC,Chicago,26964,,0,2020 W Fond Du Lac Ave,-87.9382179900716,,,55079,"Milwaukee-Racine-Waukesha, WI",Milwaukee,36,55079,,"Milwaukee-Waukesha, WI",Columbia Savings and Loan Association,Milwaukee,,2023_28480_0
53226,DIF,SB,United States,53226,STATE,33340,41347,Wisconsin,01/01/1921,2023,State Agency,11,55,100.0,9,1749,United States,"WATERSTONE FINANCIAL, INC.",0,,1254201,1254201,,Milwaukee,ONE,SA,EXACT,"M,N",STATE,1,,0,11200 W Plank Ct,376,0,4523431,79,28513,43.0478470181338,WI,4,CALL,0,Chicago,310978,"Waterstone Bank, Ssb",1,,Milwaukee,COMMERCIAL LENDING,,,,0,0,1,WI,1,Wisconsin,7,FDIC,Chicago,2225492,,0,11200 W Plank Ct,-88.0527990255751,,WAUWATOSA,55079,"Milwaukee-Racine-Waukesha, WI",Wauwatosa,41,55079,,"Milwaukee-Waukesha, WI","WaterStone Bank, SSB",Wauwatosa,WI,2023_28513_0
53226,DIF,SB,United States,53154,STATE,33340,268036,Wisconsin,01/01/1921,2023,State Agency,11,55,100.0,9,1749,United States,"WATERSTONE FINANCIAL, INC.",0,,0,1254201,,Oak Creek,ONE,SA,EXACT,,STATE,0,,0,11200 W Plank Ct,376,203334,4523431,79,28513,42.9257360160936,WI,4,CALL,0,Chicago,310978,Oak Creek Branch,1,,Milwaukee,COMMERCIAL LENDING,,,,0,1,1,WI,1,Wisconsin,7,FDIC,Chicago,2225492,,0,6560 S 27th St,-87.9486979674309,,WAUWATOSA,55079,"Milwaukee-Racine-Waukesha, WI",Wauwatosa,41,55079,,"Milwaukee-Waukesha, WI","WaterStone Bank, SSB",Oak Creek,WI,2023_28513_1
53226,DIF,SB,United States,53213,STATE,33340,359020,Wisconsin,12/01/2000,2023,State Agency,23,55,100.0,9,1749,United States,"WATERSTONE FINANCIAL, INC.",0,,0,1254201,,Milwaukee,ONE,SA,EXACT,C,STATE,0,106,0,11200 W Plank Ct,376,0,4523431,79,28513,43.0480700186678,WI,4,CALL,0,Chicago,310978,State Street Drive Up Facility Branch,1,,Milwaukee,COMMERCIAL LENDING,,,,0,103,1,WI,1,Wisconsin,7,FDIC,Chicago,2225492,,0,7136 W State St,-88.0018910337248,,WAUWATOSA,55079,"Milwaukee-Racine-Waukesha, WI",Wauwatosa,41,55079,,"Milwaukee-Waukesha, WI","WaterStone Bank, SSB",Wauwatosa,WI,2023_28513_103
53226,DIF,SB,United States,53066,STATE,33340,418528,Wisconsin,03/10/2003,2023,State Agency,11,55,100.0,9,1749,United States,"WATERSTONE FINANCIAL, INC.",0,,0,1254201,,Oconomowoc,ONE,SA,STREETNAME,,STATE,0,,0,11200 W Plank Ct,376,46514,4523431,133,28513,43.0740011359447,WI,4,CALL,0,Chicago,310978,Oconomowoc Branch,1,,Waukesha,COMMERCIAL LENDING,,,,0,105,1,WI,1,Wisconsin,7,FDIC,Chicago,2225492,,0,1239-45 Oconomowoc Drive,-88.472530633681,,WAUWATOSA,55079,"Milwaukee-Racine-Waukesha, WI",Wauwatosa,41,55133,,"Milwaukee-Waukesha, WI","WaterStone Bank, SSB",Oconomowoc,WI,2023_28513_105
53226,DIF,SB,United States,53213,STATE,33340,418915,Wisconsin,04/16/2003,2023,State Agency,11,55,100.0,9,1749,United States,"WATERSTONE FINANCIAL, INC.",0,,0,1254201,,Milwaukee,ONE,SA,EXACT,,STATE,0,,0,11200 W Plank Ct,376,248594,4523431,79,28513,43.0492999791397,WI,4,CALL,0,Chicago,310978,Wauwatosa State Street Office,1,,Milwaukee,COMMERCIAL LENDING,,,,0,106,1,WI,1,Wisconsin,7,FDIC,Chicago,2225492,,0,7500 W State St,-88.0067129749836,,WAUWATOSA,55079,"Milwaukee-Racine-Waukesha, WI",Wauwatosa,41,55079,,"Milwaukee-Waukesha, WI","WaterStone Bank, SSB",Wauwatosa,WI,2023_28513_106
53226,DIF,SB,United States,53072,STATE,33340,428796,Wisconsin,06/01/2004,2023,State Agency,11,55,100.0,9,1749,United States,"WATERSTONE FINANCIAL, INC.",0,,0,1254201,,Pewaukee,ONE,SA,EXACT,,STATE,0,,0,11200 W Plank Ct,376,90575,4523431,133,28513,43.0839700033348,WI,4,CALL,0,Chicago,310978,George Towne Drive Branch,1,,Waukesha,COMMERCIAL LENDING,,,,0,107,1,WI,1,Wisconsin,7,FDIC,Chicago,2225492,,0,1230 George Towne Dr,-88.2380069830632,,WAUWATOSA,55079,"Milwaukee-Racine-Waukesha, WI",Wauwatosa,41,55133,,"Milwaukee-Waukesha, WI","WaterStone Bank, SSB",Pewaukee,WI,2023_28513_107
53226,DIF,SB,United States,53045,STATE,33340,444621,Wisconsin,09/12/2005,2023,State Agency,11,55,97.1,9,1749,United States,"WATERSTONE FINANCIAL, INC.",0,,0,1254201,,Brookfield,ONE,SA,StreetAddress,,STATE,0,,0,11200 W Plank Ct,376,132922,4523431,133,28513,43.0313893298045,WI,4,CALL,0,Chicago,310978,Waukesha Branch,1,,Waukesha,COMMERCIAL LENDING,,,,0,108,1,WI,1,Wisconsin,7,FDIC,Chicago,2225492,,0,21505 US-18 E,-88.1786332012159,,WAUWATOSA,55079,"Milwaukee-Racine-Waukesha, WI",Wauwatosa,41,55133,,"Milwaukee-Waukesha, WI","WaterStone Bank, SSB",Brookfield,WI,2023_28513_108
53226,DIF,SB,United States,53132,STATE,33340,454794,Wisconsin,08/28/2006,2023,State Agency,11,55,100.0,9,1749,United States,"WATERSTONE FINANCIAL, INC.",0,,0,1254201,,Franklin,ONE,SA,StreetAddress,,STATE,0,,0,11200 W Plank Ct,376,123837,4523431,79,28513,42.9251581832334,WI,4,CALL,0,Chicago,310978,Franklin Branch,1,,Milwaukee,COMMERCIAL LENDING,,,,0,109,1,WI,1,Wisconsin,7,FDIC,Chicago,2225492,,0,6555 S 108th St,-88.0476194181695,,WAUWATOSA,55079,"Milwaukee-Racine-Waukesha, WI",Wauwatosa,41,55079,,"Milwaukee-Waukesha, WI","WaterStone Bank, SSB",Franklin,WI,2023_28513_109
53226,DIF,SB,United States,53214,STATE,33340,461641,Wisconsin,03/19/2007,2023,State Agency,11,55,100.0,9,1749,United States,"WATERSTONE FINANCIAL, INC.",0,,0,1254201,,Milwaukee,ONE,SA,EXACT,,STATE,0,,0,11200 W Plank Ct,376,66291,4523431,79,28513,43.0161039964371,WI,4,CALL,0,Chicago,310978,West Allis Branch,1,,Milwaukee,COMMERCIAL LENDING,,,,0,110,1,WI,1,Wisconsin,7,FDIC,Chicago,2225492,,0,10101 W Greenfield Ave,-88.0391250401917,,WAUWATOSA,55079,"Milwaukee-Racine-Waukesha, WI",Wauwatosa,41,55079,,"Milwaukee-Waukesha, WI","WaterStone Bank, SSB",West Allis,WI,2023_28513_110
53226,DIF,SB,United States,53022,STATE,33340,465429,Wisconsin,11/13/2006,2023,State Agency,11,55,US_Zipcode,9,1749,United States,"WATERSTONE FINANCIAL, INC.",0,,0,1254201,,Germantown,ONE,SA,M,,STATE,0,,0,11200 W Plank Ct,376,109344,4523431,131,28513,43.231016,WI,4,CALL,0,Chicago,310978,Germantown Branch,1,,Washington,COMMERCIAL LENDING,,,,0,111,1,WI,1,Wisconsin,7,FDIC,Chicago,2225492,,0,W188 N9820 Appleton Ave,-88.111702,,WAUWATOSA,55079,"Milwaukee-Racine-Waukesha, WI",Wauwatosa,41,55131,,"Milwaukee-Waukesha, WI","WaterStone Bank, SSB",Germantown,WI,2023_28513_111
53226,DIF,SB,United States,53045,STATE,33340,546111,Wisconsin,01/07/2014,2023,State Agency,11,55,100.0,9,1749,United States,"WATERSTONE FINANCIAL, INC.",0,,0,1254201,,Brookfield,ONE,SA,EXACT,,STATE,0,,0,11200 W Plank Ct,376,55221,4523431,133,28513,43.0892260014495,WI,4,CALL,0,Chicago,310978,Brookfield Wi Branch,1,,Waukesha,COMMERCIAL LENDING,,,,0,112,1,WI,1,Wisconsin,7,FDIC,Chicago,2225492,,0,17495 W Capitol Dr,-88.1294670366354,,WAUWATOSA,55079,"Milwaukee-Racine-Waukesha, WI",Wauwatosa,41,55133,,"Milwaukee-Waukesha, WI","WaterStone Bank, SSB",Brookfield,WI,2023_28513_112
53226,DIF,SB,United States,53220,STATE,33340,572627,Wisconsin,10/05/2015,2023,State Agency,11,55,100.0,9,1749,United States,"WATERSTONE FINANCIAL, INC.",0,,0,1254201,,Milwaukee,ONE,SA,EXACT,,STATE,0,,0,11200 W Plank Ct,376,67481,4523431,79,28513,42.952368004691,WI,4,CALL,0,Chicago,310978,Greenfield Branch,1,,Milwaukee,COMMERCIAL LENDING,,,,0,113,1,WI,1,Wisconsin,7,FDIC,Chicago,2225492,,0,5000 W Loomis Rd,-87.9781779590893,,WAUWATOSA,55079,"Milwaukee-Racine-Waukesha, WI",Wauwatosa,41,55079,,"Milwaukee-Waukesha, WI","WaterStone Bank, SSB",Greenfield,WI,2023_28513_113
53226,DIF,SB,United States,53217,STATE,33340,572714,Wisconsin,10/19/2015,2023,State Agency,11,55,100.0,9,1749,United States,"WATERSTONE FINANCIAL, INC.",0,,0,1254201,,Milwaukee,ONE,SA,EXACT,,STATE,0,,0,11200 W Plank Ct,376,41379,4523431,79,28513,43.1732109948868,WI,4,CALL,0,Chicago,310978,Fox Point Branch,1,,Milwaukee,COMMERCIAL LENDING,,,,0,114,1,WI,1,Wisconsin,7,FDIC,Chicago,2225492,,0,8607 N Port Washington Rd,-87.9131919741226,,WAUWATOSA,55079,"Milwaukee-Racine-Waukesha, WI",Wauwatosa,41,55079,,"Milwaukee-Waukesha, WI","WaterStone Bank, SSB",Fox Point,WI,2023_28513_114
53226,DIF,SB,United States,53227,STATE,33340,617350,Wisconsin,10/16/2019,2023,State Agency,11,55,100.0,9,1749,United States,"WATERSTONE FINANCIAL, INC.",0,,0,1254201,,Milwaukee,ONE,SA,EXACT,,STATE,0,,0,11200 W Plank Ct,376,24144,4523431,79,28513,42.9956369814443,WI,4,CALL,0,Chicago,310978,National,1,,Milwaukee,COMMERCIAL LENDING,,,,0,115,1,WI,1,Wisconsin,7,FDIC,Chicago,2225492,,0,10296 W National Ave,-88.0443199761418,,WAUWATOSA,55079,"Milwaukee-Racine-Waukesha, WI",Wauwatosa,41,55079,,"Milwaukee-Waukesha, WI","WaterStone Bank, SSB",West Allis,WI,2023_28513_115
53226,DIF,SB,United States,53154,STATE,33340,619337,Wisconsin,12/16/2019,2023,State Agency,11,55,100.0,9,1749,United States,"WATERSTONE FINANCIAL, INC.",0,,0,1254201,,Oak Creek,ONE,SA,EXACT,,STATE,0,,0,11200 W Plank Ct,376,33896,4523431,79,28513,42.8850479949662,WI,4,CALL,0,Chicago,310978,Howell,1,,Milwaukee,COMMERCIAL LENDING,,,,0,116,1,WI,1,Wisconsin,7,FDIC,Chicago,2225492,,0,8780 S Howell Ave,-87.9117409828639,,WAUWATOSA,55079,"Milwaukee-Racine-Waukesha, WI",Wauwatosa,41,55079,,"Milwaukee-Waukesha, WI","WaterStone Bank, SSB",Oak Creek,WI,2023_28513_116
53226,DIF,SB,United States,53219,STATE,33340,627648,Wisconsin,10/19/2020,2023,State Agency,11,55,100.0,9,1749,United States,"WATERSTONE FINANCIAL, INC.",0,,0,1254201,,Milwaukee,ONE,SA,EXACT,,STATE,0,,0,11200 W Plank Ct,376,10669,4523431,79,28513,42.9880309910458,WI,4,CALL,0,Chicago,310978,Oklahoma Branch,1,,Milwaukee,COMMERCIAL LENDING,,,,0,117,1,WI,1,Wisconsin,7,FDIC,Chicago,2225492,,0,6801 W Oklahoma Ave,-87.9981409702441,,WAUWATOSA,55079,"Milwaukee-Racine-Waukesha, WI",Wauwatosa,41,55079,,"Milwaukee-Waukesha, WI","WaterStone Bank, SSB",Milwaukee,WI,2023_28513_117
54449,DIF,SB,United States,54449,STATE,0,41364,Wisconsin,01/01/1919,2023,State Agency,11,55,100.0,9,1781,United States,FORWARD MUTUAL HOLDING COMPANY,0,,786623,786623,,Marshfield,ONE,SA,EXACT,M,STATE,1,,0,1001 N Central Ave,554,286300,3851388,141,28530,44.6761239947174,WI,2,CALL,0,Chicago,313577,Forward Bank,0,,Wood,AGRICULTURAL,,,,1,0,1,WI,1,Wisconsin,7,FDIC,Chicago,936807,,0,1001 N Central Ave,-90.1657619840306,,MARSHFIELD,55141,"Wausau-Stevens Point-Wisconsin Rapids, WI",Marshfield,41,55141,,,Forward Bank,Marshfield,WI,2023_28530_0
54449,DIF,SB,United States,54437,STATE,0,8255,Wisconsin,10/14/1912,2023,State Agency,11,55,100.0,9,1781,United States,FORWARD MUTUAL HOLDING COMPANY,0,,0,786623,,Greenwood,ONE,SA,EXACT,,STATE,0,,0,1001 N Central Ave,0,60474,3851388,19,28530,44.7651639882313,WI,2,CALL,0,Chicago,313577,Greenwood Branch,0,,Clark,AGRICULTURAL,,,10/12/2007,0,102,1,WI,1,Wisconsin,7,FDIC,Chicago,936807,,0,212 S Main St,-90.5977149822739,,MARSHFIELD,55141,,Marshfield,41,55019,,,Forward Bank,Greenwood,WI,2023_28530_102
54449,DIF,SB,United States,54498,STATE,0,8092,Wisconsin,10/15/1902,2023,State Agency,11,55,100.0,9,1781,United States,FORWARD MUTUAL HOLDING COMPANY,0,,0,786623,,Withee,ONE,SA,EXACT,,STATE,0,,0,1001 N Central Ave,0,52395,3851388,19,28530,44.9534030095457,WI,2,CALL,0,Chicago,313577,Withee Branch,0,,Clark,AGRICULTURAL,,,12/06/2008,0,103,1,WI,1,Wisconsin,7,FDIC,Chicago,936807,,0,410 Division St,-90.5974470128293,,MARSHFIELD,55141,,Marshfield,41,55019,,,Forward Bank,Withee,WI,2023_28530_103
54449,DIF,SB,United States,54771,STATE,0,227867,Wisconsin,09/27/1989,2023,State Agency,11,55,100.0,9,1781,United States,FORWARD MUTUAL HOLDING COMPANY,0,,0,786623,,Thorp,ONE,SA,StreetAddress,,STATE,0,,0,1001 N Central Ave,0,65867,3851388,19,28530,44.9590800254387,WI,2,CALL,0,Chicago,313577,Thorp Branch,0,,Clark,AGRICULTURAL,,,12/06/2008,0,104,1,WI,1,Wisconsin,7,FDIC,Chicago,936807,,0,105 S Washington St,-90.8002571838893,,MARSHFIELD,55141,,Marshfield,41,55019,,,Forward Bank,Thorp,WI,2023_28530_104
54449,DIF,SB,United States,54421,STATE,48140,8540,Wisconsin,06/12/1912,2023,State Agency,11,55,100.0,9,1781,United States,FORWARD MUTUAL HOLDING COMPANY,0,,0,786623,,Colby,ONE,SA,EXACT,,STATE,0,,0,1001 N Central Ave,554,49610,3851388,73,28530,44.9273283336904,WI,2,CALL,0,Chicago,313577,Colby Branch,1,,Marathon,AGRICULTURAL,,,02/01/2013,0,108,1,WI,1,Wisconsin,7,FDIC,Chicago,936807,,0,1122 N Division St,-90.3146509874215,,MARSHFIELD,55141,"Wausau-Stevens Point-Wisconsin Rapids, WI",Marshfield,41,55073,,"Wausau, WI",Forward Bank,Colby,WI,2023_28530_108
54449,DIF,SB,United States,54451,STATE,0,556643,Wisconsin,06/30/2014,2023,State Agency,11,55,100.0,9,1781,United States,FORWARD MUTUAL HOLDING COMPANY,0,,0,786623,,Medford,ONE,SA,EXACT,,STATE,0,,0,1001 N Central Ave,0,60318,3851388,119,28530,45.1306020166402,WI,2,CALL,0,Chicago,313577,Medford Wi Branch,0,,Taylor,AGRICULTURAL,,,,0,111,1,WI,1,Wisconsin,7,FDIC,Chicago,936807,,0,721 S 8th St,-90.3334690306026,,MARSHFIELD,55141,,Marshfield,41,55119,,,Forward Bank,Medford,WI,2023_28530_111
54449,DIF,SB,United States,54768,STATE,20740,586234,Wisconsin,12/02/2016,2023,State Agency,11,55,100.0,9,1781,United States,FORWARD MUTUAL HOLDING COMPANY,0,,0,786623,,Stanley,ONE,SA,EXACT,,STATE,0,,0,1001 N Central Ave,232,46928,3851388,17,28530,44.9572169850381,WI,2,CALL,0,Chicago,313577,Stanley Office,1,,Chippewa,AGRICULTURAL,,,,0,112,1,WI,1,Wisconsin,7,FDIC,Chicago,936807,,0,240 S Broadway St,-90.9380210055681,,MARSHFIELD,55141,"Eau Claire-Menomonie, WI",Marshfield,41,55017,,"Eau Claire, WI",Forward Bank,Stanley,WI,2023_28530_112
54449,DIF,SB,United States,54555,STATE,0,207626,Wisconsin,12/04/1989,2023,State Agency,11,55,100.0,9,1781,United States,FORWARD MUTUAL HOLDING COMPANY,0,,0,786623,,Phillips,ONE,SA,EXACT,,STATE,0,,0,1001 N Central Ave,0,47682,3851388,99,28530,45.6920430137273,WI,2,CALL,0,Chicago,313577,Phillips Branch,0,,Price,AGRICULTURAL,,,05/03/2019,0,115,1,WI,1,Wisconsin,7,FDIC,Chicago,936807,,0,366 N Lake Ave,-90.4004029698672,,MARSHFIELD,55141,,Marshfield,41,55099,,,Forward Bank,Phillips,WI,2023_28530_115
54449,DIF,SB,United States,54552,STATE,0,356999,Wisconsin,05/08/2000,2023,State Agency,11,55,100.0,9,1781,United States,FORWARD MUTUAL HOLDING COMPANY,0,,0,786623,,Park Falls,ONE,SA,EXACT,,STATE,0,,0,1001 N Central Ave,0,78863,3851388,99,28530,45.9343000063367,WI,2,CALL,0,Chicago,313577,Park Falls - South Office,0,,Price,AGRICULTURAL,,,05/03/2019,0,116,1,WI,1,Wisconsin,7,FDIC,Chicago,936807,,0,177 4th Ave S,-90.4514559686423,,MARSHFIELD,55141,,Marshfield,41,55099,,,Forward Bank,Park Falls,WI,2023_28530_116
54449,DIF,SB,United States,54411,STATE,48140,632212,Wisconsin,03/08/2021,2023,State Agency,11,55,100.0,9,1781,United States,FORWARD MUTUAL HOLDING COMPANY,0,,0,786623,,Athens,ONE,SA,EXACT,,STATE,0,,0,1001 N Central Ave,554,22489,3851388,73,28530,45.033454878737,WI,2,CALL,0,Chicago,313577,Forward Bank Branch,1,,Marathon,AGRICULTURAL,,,,0,117,1,WI,1,Wisconsin,7,FDIC,Chicago,936807,,0,225 Alfred St,-90.074226153118,,MARSHFIELD,55141,"Wausau-Stevens Point-Wisconsin Rapids, WI",Marshfield,41,55073,,"Wausau, WI",Forward Bank,Athens,WI,2023_28530_117
54449,DIF,SB,United States,54425,STATE,0,644875,Wisconsin,03/22/2022,2023,State Agency,11,55,100.0,9,1781,United States,FORWARD MUTUAL HOLDING COMPANY,0,,0,786623,,Dorchester,ONE,SA,EXACT,,STATE,0,,0,1001 N Central Ave,0,8175,3851388,19,28530,45.0030550151146,WI,2,CALL,0,Chicago,313577,Forward Bank Branch,0,,Clark,AGRICULTURAL,,,,0,119,1,WI,1,Wisconsin,7,FDIC,Chicago,936807,,0,450 East Business County Road A,-90.3235659796389,,MARSHFIELD,55141,,Marshfield,41,55019,,,Forward Bank,Dorchester,WI,2023_28530_119
54449,DIF,SB,United States,54470,STATE,0,648055,Wisconsin,07/26/2022,2023,State Agency,11,55,100.0,9,1781,United States,FORWARD MUTUAL HOLDING COMPANY,0,,0,786623,,Rib Lake,ONE,SA,StreetAddress,,STATE,0,,0,1001 N Central Ave,0,7522,3851388,119,28530,45.3175058580996,WI,2,CALL,0,Chicago,313577,Rib Lake Branch,0,,Taylor,AGRICULTURAL,,,,0,120,1,WI,1,Wisconsin,7,FDIC,Chicago,936807,,0,667 Pearl St,-90.2054798065183,,MARSHFIELD,55141,,Marshfield,41,55119,,,Forward Bank,Rib Lake,WI,2023_28530_120
53226,DIF,SB,United States,53226,STATE,33340,41448,Wisconsin,01/01/1927,2023,State Agency,11,55,100.0,9,1954,United States,TEB MHC,0,,314246,314246,,Milwaukee,ONE,SA,EXACT,M,STATE,1,,0,2290 N Mayfair Rd,376,64368,5301533,79,28614,43.0595499989854,WI,4,CALL,0,Chicago,336576,"The Equitable Bank, S.S.B.",1,,Milwaukee,COMMERCIAL LENDING,,,,0,0,1,WI,1,Wisconsin,7,FDIC,Chicago,345569,,0,2290 N Mayfair Rd,-88.0470829867046,,WAUWATOSA,55079,"Milwaukee-Racine-Waukesha, WI",Wauwatosa,41,55079,,"Milwaukee-Waukesha, WI","The Equitable Bank, S.S.B.",Wauwatosa,WI,2023_28614_0
53226,DIF,SB,United States,53219,STATE,33340,42029,Wisconsin,01/01/1927,2023,State Agency,11,55,100.0,9,1954,United States,TEB MHC,0,,0,314246,,Milwaukee,ONE,SA,EXACT,,STATE,0,,0,2290 N Mayfair Rd,376,65007,5301533,79,28614,42.9887230009719,WI,4,CALL,0,Chicago,336576,West Allis Branch,1,,Milwaukee,COMMERCIAL LENDING,,,10/01/1991,0,108,1,WI,1,Wisconsin,7,FDIC,Chicago,345569,,0,7400 W Oklahoma Ave,-88.0054150372769,,WAUWATOSA,55079,"Milwaukee-Racine-Waukesha, WI",Wauwatosa,41,55079,,"Milwaukee-Waukesha, WI","The Equitable Bank, S.S.B.",West Allis,WI,2023_28614_108
53226,DIF,SB,United States,53130,STATE,33340,42902,Wisconsin,01/01/1927,2023,State Agency,11,55,100.0,9,1954,United States,TEB MHC,0,,0,314246,,Hales Corners,ONE,SA,EXACT,,STATE,0,,0,2290 N Mayfair Rd,376,63498,5301533,79,28614,42.9494370207887,WI,4,CALL,0,Chicago,336576,Hales Corners Branch,1,,Milwaukee,COMMERCIAL LENDING,,,10/31/1982,0,112,1,WI,1,Wisconsin,7,FDIC,Chicago,345569,,0,5225 S 108th St,-88.048746962123,,WAUWATOSA,55079,"Milwaukee-Racine-Waukesha, WI",Wauwatosa,41,55079,,"Milwaukee-Waukesha, WI","The Equitable Bank, S.S.B.",Hales Corners,WI,2023_28614_112
53226,DIF,SB,United States,53217,STATE,33340,433184,Wisconsin,11/01/2004,2023,State Agency,11,55,100.0,9,1954,United States,TEB MHC,0,,0,314246,,Milwaukee,ONE,SA,EXACT,,STATE,0,,0,2290 N Mayfair Rd,376,46045,5301533,79,28614,43.1182850120209,WI,4,CALL,0,Chicago,336576,Whitefish Bay Branch,1,,Milwaukee,COMMERCIAL LENDING,,,,0,113,1,WI,1,Wisconsin,7,FDIC,Chicago,345569,,0,705 E Silver Spring Dr,-87.9019499979457,,WAUWATOSA,55079,"Milwaukee-Racine-Waukesha, WI",Wauwatosa,41,55079,,"Milwaukee-Waukesha, WI","The Equitable Bank, S.S.B.",Whitefish Bay,WI,2023_28614_113
53226,DIF,SB,United States,53018,STATE,33340,465495,Wisconsin,07/12/2007,2023,State Agency,11,55,US_Zipcode,9,1954,United States,TEB MHC,0,,0,314246,,Delafield,ONE,SA,M,,STATE,0,,0,2290 N Mayfair Rd,376,33300,5301533,133,28614,43.043076,WI,4,CALL,0,Chicago,336576,Delafield Branch,1,,Waukesha,COMMERCIAL LENDING,,,,0,115,1,WI,1,Wisconsin,7,FDIC,Chicago,345569,,0,N15 W30921 Golf Road,-88.395281,,WAUWATOSA,55079,"Milwaukee-Racine-Waukesha, WI",Wauwatosa,41,55133,,"Milwaukee-Waukesha, WI","The Equitable Bank, S.S.B.",Delafield,WI,2023_28614_115
53226,DIF,SB,United States,53185,STATE,39540,470478,Wisconsin,01/21/2008,2023,State Agency,11,55,100.0,9,1954,United States,TEB MHC,0,,0,314246,,Waterford,ONE,SA,EXACT,,STATE,0,,0,2290 N Mayfair Rd,376,42028,5301533,101,28614,42.7581829869925,WI,4,CALL,0,Chicago,336576,Waterford Branch,1,,Racine,COMMERCIAL LENDING,,,,0,116,1,WI,1,Wisconsin,7,FDIC,Chicago,345569,,0,701 Trailview Ct,-88.2038710118289,,WAUWATOSA,55079,"Milwaukee-Racine-Waukesha, WI",Wauwatosa,41,55101,,"Racine-Mount Pleasant, WI","The Equitable Bank, S.S.B.",Waterford,WI,2023_28614_116
53005,DIF,SB,United States,53005,STATE,33340,41513,Wisconsin,01/01/1923,2023,State Agency,11,55,100.0,9,2130,,,0,3,2059096,2059096,,Brookfield,NONE,SA,EXACT,M,STATE,1,,0,15700 W Bluemound Rd,376,211637,0,133,28679,43.0369070000187,WI,4,CALL,0,Chicago,376273,North Shore Bank,1,,Waukesha,COMMERCIAL LENDING,Central,,,0,0,1,WI,1,Wisconsin,7,FDIC,Chicago,2562571,,0,15700 W Bluemound Rd,-88.1078490186985,,,55133,"Milwaukee-Racine-Waukesha, WI",Brookfield,42,55133,,"Milwaukee-Waukesha, WI",North Shore Bank,Brookfield,,2023_28679_0
53005,DIF,SB,United States,53227,STATE,33340,269943,Wisconsin,01/01/1923,2023,State Agency,11,55,100.0,9,2130,,,0,3,0,2059096,,Milwaukee,NONE,SA,EXACT,,STATE,0,,0,15700 W Bluemound Rd,376,53579,0,79,28679,42.9877519993986,WI,4,CALL,0,Chicago,376273,9131 W Oklahoma Ave Branch,1,,Milwaukee,COMMERCIAL LENDING,Central,,,0,1,1,WI,1,Wisconsin,7,FDIC,Chicago,2562571,,0,9131 W Oklahoma Ave,-88.0268479827917,,,55133,"Milwaukee-Racine-Waukesha, WI",Brookfield,42,55079,,"Milwaukee-Waukesha, WI",North Shore Bank,Milwaukee,,2023_28679_1
53005,DIF,SB,United States,53005,STATE,33340,269949,Wisconsin,01/01/1923,2023,State Agency,11,55,100.0,9,2130,,,0,3,0,2059096,,Brookfield,NONE,SA,EXACT,,STATE,0,,0,15700 W Bluemound Rd,376,89804,0,133,28679,43.0905290102076,WI,4,CALL,0,Chicago,376273,15830 W Capitol Dr Branch,1,,Waukesha,COMMERCIAL LENDING,Central,,,0,102,1,WI,1,Wisconsin,7,FDIC,Chicago,2562571,,0,15830 W Capitol Dr,-88.1087710280478,,,55133,"Milwaukee-Racine-Waukesha, WI",Brookfield,42,55133,,"Milwaukee-Waukesha, WI",North Shore Bank,Brookfield,,2023_28679_102
53005,DIF,SB,United States,53217,STATE,33340,269950,Wisconsin,01/01/1923,2023,State Agency,11,55,100.0,9,2130,,,0,3,0,2059096,,Milwaukee,NONE,SA,EXACT,,STATE,0,,0,15700 W Bluemound Rd,376,30167,0,79,28679,43.1183650172867,WI,4,CALL,0,Chicago,376273,North Shore Bank Branch,1,,Milwaukee,COMMERCIAL LENDING,Central,,,0,103,1,WI,1,Wisconsin,7,FDIC,Chicago,2562571,,0,403 W Silver Spring Dr,-87.9142930209238,,,55133,"Milwaukee-Racine-Waukesha, WI",Brookfield,42,55079,,"Milwaukee-Waukesha, WI",North Shore Bank,Glendale,,2023_28679_103
53005,DIF,SB,United States,53406,STATE,39540,269953,Wisconsin,01/01/1923,2023,State Agency,11,55,100.0,9,2130,,,0,3,0,2059096,,Racine,NONE,SA,EXACT,,STATE,0,,0,15700 W Bluemound Rd,376,72509,0,101,28679,42.7182780032597,WI,4,CALL,0,Chicago,376273,4923 Washington Ave Branch,1,,Racine,COMMERCIAL LENDING,Central,,,0,108,1,WI,1,Wisconsin,7,FDIC,Chicago,2562571,,0,4923 Washington Ave,-87.8389829619969,,,55133,"Milwaukee-Racine-Waukesha, WI",Brookfield,42,55101,,"Racine-Mount Pleasant, WI",North Shore Bank,Racine,,2023_28679_108
53005,DIF,SB,United States,53402,STATE,39540,269954,Wisconsin,01/01/1923,2023,State Agency,11,55,100.0,9,2130,,,0,3,0,2059096,,Racine,NONE,SA,EXACT,,STATE,0,,0,15700 W Bluemound Rd,376,36698,0,101,28679,42.7685299854579,WI,4,CALL,0,Chicago,376273,3911 N Main St Branch,1,,Racine,COMMERCIAL LENDING,Central,,,0,109,1,WI,1,Wisconsin,7,FDIC,Chicago,2562571,,0,3911 N Main St,-87.7815430368211,,,55133,"Milwaukee-Racine-Waukesha, WI",Brookfield,42,55101,,"Racine-Mount Pleasant, WI",North Shore Bank,Racine,,2023_28679_109
53005,DIF,SB,United States,53105,STATE,39540,269956,Wisconsin,01/01/1923,2023,State Agency,11,55,100.0,9,2130,,,0,3,0,2059096,,Burlington,NONE,SA,EXACT,,STATE,0,,0,15700 W Bluemound Rd,376,44067,0,101,28679,42.6764080080559,WI,4,CALL,0,Chicago,376273,Burlington Branch,1,,Racine,COMMERCIAL LENDING,Central,,,0,111,1,WI,1,Wisconsin,7,FDIC,Chicago,2562571,,0,116 S Pine St,-88.2736719810747,,,55133,"Milwaukee-Racine-Waukesha, WI",Brookfield,42,55101,,"Racine-Mount Pleasant, WI",North Shore Bank,Burlington,,2023_28679_111
53005,DIF,SB,United States,54235,STATE,0,280183,Wisconsin,01/01/1919,2023,State Agency,11,55,100.0,9,2130,,,0,3,0,2059096,,Sturgeon Bay,NONE,SA,EXACT,,STATE,0,,0,15700 W Bluemound Rd,0,78583,0,29,28679,44.8374139819468,WI,4,CALL,0,Chicago,376273,225 N Fifth Ave Branch,0,,Door,COMMERCIAL LENDING,Central,,12/31/1987,0,115,1,WI,1,Wisconsin,7,FDIC,Chicago,2562571,,0,225 N 5th Ave,-87.3761040099785,,,55133,,Brookfield,42,55029,,,North Shore Bank,Sturgeon Bay,,2023_28679_115
53005,DIF,SB,United States,54301,STATE,24580,269960,Wisconsin,06/30/1988,2023,State Agency,11,55,100.0,9,2130,,,0,3,0,2059096,,Green Bay,NONE,SA,EXACT,,STATE,0,,0,15700 W Bluemound Rd,267,34732,0,9,28679,44.4801499855147,WI,4,CALL,0,Chicago,376273,2300 South Webster Avenue Branch,1,,Brown,COMMERCIAL LENDING,Central,,,0,116,1,WI,1,Wisconsin,7,FDIC,Chicago,2562571,,0,2300 S Webster Ave,-88.0253979973613,,,55133,"Green Bay-Shawano, WI",Brookfield,42,55009,,"Green Bay, WI",North Shore Bank,Green Bay,,2023_28679_116
53005,DIF,SB,United States,54234,STATE,0,280186,Wisconsin,01/01/1919,2023,State Agency,11,55,100.0,9,2130,,,0,3,0,2059096,,Sister Bay,NONE,SA,EXACT,,STATE,0,,0,15700 W Bluemound Rd,0,30139,0,29,28679,45.1841319935322,WI,4,CALL,0,Chicago,376273,944 S Bay Shore Dr Branch,0,,Door,COMMERCIAL LENDING,Central,,12/31/1987,0,119,1,WI,1,Wisconsin,7,FDIC,Chicago,2562571,,0,2614 S Bay Shore Dr,-87.1409649714553,,,55133,,Brookfield,42,55029,,,North Shore Bank,Sister Bay,,2023_28679_119
53005,DIF,SB,United States,54162,STATE,24580,280188,Wisconsin,01/01/1919,2023,State Agency,11,55,100.0,9,2130,,,0,3,0,2059096,,Pulaski,NONE,SA,EXACT,,STATE,0,,0,15700 W Bluemound Rd,267,40065,0,9,28679,44.6742370187651,WI,4,CALL,0,Chicago,376273,165 N Augustine St Branch,1,,Brown,COMMERCIAL LENDING,Central,,12/31/1987,0,121,1,WI,1,Wisconsin,7,FDIC,Chicago,2562571,,0,165 N Saint Augustine St,-88.2427850031493,,,55133,"Green Bay-Shawano, WI",Brookfield,42,55009,,"Green Bay, WI",North Shore Bank,Pulaski,,2023_28679_121
53005,DIF,SB,United States,54304,STATE,24580,269961,Wisconsin,06/30/1988,2023,State Agency,11,55,100.0,9,2130,,,0,3,0,2059096,,Green Bay,NONE,SA,EXACT,,STATE,0,,0,15700 W Bluemound Rd,267,23851,0,9,28679,44.4915380163544,WI,4,CALL,0,Chicago,376273,Ashwaubenon Branch,1,,Brown,COMMERCIAL LENDING,Central,,,0,123,1,WI,1,Wisconsin,7,FDIC,Chicago,2562571,,0,2215 S Oneida St,-88.062889998808,,,55133,"Green Bay-Shawano, WI",Brookfield,42,55009,,"Green Bay, WI",North Shore Bank,Green Bay,,2023_28679_123
53005,DIF,SB,United States,53129,STATE,33340,269963,Wisconsin,06/30/1988,2023,State Agency,11,55,100.0,9,2130,,,0,3,0,2059096,,Greendale,NONE,SA,EXACT,,STATE,0,,0,15700 W Bluemound Rd,376,74109,0,79,28679,42.9514379906242,WI,4,CALL,0,Chicago,376273,5101 S 76Th St Branch,1,,Milwaukee,COMMERCIAL LENDING,Central,,,0,125,1,WI,1,Wisconsin,7,FDIC,Chicago,2562571,,0,5101 S 76th St,-88.0090200100136,,,55133,"Milwaukee-Racine-Waukesha, WI",Brookfield,42,55079,,"Milwaukee-Waukesha, WI",North Shore Bank,Greendale,,2023_28679_125
53005,DIF,SB,United States,53215,STATE,33340,273352,Wisconsin,01/01/1925,2023,State Agency,11,55,100.0,9,2130,,,0,3,0,2059096,,Milwaukee,NONE,SA,EXACT,,STATE,0,,0,15700 W Bluemound Rd,376,48145,0,79,28679,42.9886629865452,WI,4,CALL,0,Chicago,376273,4230 West Oklahoma Avenue Branch,1,,Milwaukee,COMMERCIAL LENDING,Central,,01/01/1996,0,127,1,WI,1,Wisconsin,7,FDIC,Chicago,2562571,,0,4230 W Oklahoma Ave,-87.9675610214321,,,55133,"Milwaukee-Racine-Waukesha, WI",Brookfield,42,55079,,"Milwaukee-Waukesha, WI",North Shore Bank,Milwaukee,,2023_28679_127
53005,DIF,SB,United States,53222,STATE,33340,273353,Wisconsin,01/01/1925,2023,State Agency,11,55,100.0,9,2130,,,0,3,0,2059096,,Milwaukee,NONE,SA,EXACT,,STATE,0,,0,15700 W Bluemound Rd,376,32683,0,79,28679,43.0895529794924,WI,4,CALL,0,Chicago,376273,Milwaukee Capitol Branch,1,,Milwaukee,COMMERCIAL LENDING,Central,,01/01/1996,0,129,1,WI,1,Wisconsin,7,FDIC,Chicago,2562571,,0,7927 W Capitol Dr,-88.0117299631293,,,55133,"Milwaukee-Racine-Waukesha, WI",Brookfield,42,55079,,"Milwaukee-Waukesha, WI",North Shore Bank,Milwaukee,,2023_28679_129
53005,DIF,SB,United States,53072,STATE,33340,43289,Wisconsin,01/01/1924,2023,State Agency,11,55,100.0,9,2130,,,0,3,0,2059096,,Pewaukee,NONE,SA,EXACT,,STATE,0,,0,15700 W Bluemound Rd,376,84136,0,133,28679,43.0827379892966,WI,4,CALL,0,Chicago,376273,120 W Wisconsin Ave Branch,1,,Waukesha,COMMERCIAL LENDING,Central,,01/01/1996,0,130,1,WI,1,Wisconsin,7,FDIC,Chicago,2562571,,0,120 W Wisconsin Ave,-88.2633869667833,,,55133,"Milwaukee-Racine-Waukesha, WI",Brookfield,42,55133,,"Milwaukee-Waukesha, WI",North Shore Bank,Pewaukee,,2023_28679_130
53005,DIF,SB,United States,53220,STATE,33340,273357,Wisconsin,11/30/1982,2023,State Agency,11,55,100.0,9,2130,,,0,3,0,2059096,,Milwaukee,NONE,SA,EXACT,,STATE,0,,0,15700 W Bluemound Rd,376,31107,0,79,28679,42.9771040067901,WI,4,CALL,0,Chicago,376273,West Forest Home Avenue Branch,1,,Milwaukee,COMMERCIAL LENDING,Central,,01/01/1996,0,133,1,WI,1,Wisconsin,7,FDIC,Chicago,2562571,,0,5817 W Forest Home Ave,-87.9870220404058,,,55133,"Milwaukee-Racine-Waukesha, WI",Brookfield,42,55079,,"Milwaukee-Waukesha, WI",North Shore Bank,Milwaukee,,2023_28679_133
53005,DIF,SB,United States,53227,STATE,33340,43287,Wisconsin,01/01/1912,2023,State Agency,11,55,100.0,9,2130,,,0,3,0,2059096,,Milwaukee,NONE,SA,EXACT,,STATE,0,,0,15700 W Bluemound Rd,376,36239,0,79,28679,42.9949839892774,WI,4,CALL,0,Chicago,376273,West Allis Branch,1,,Milwaukee,COMMERCIAL LENDING,Central,,07/28/2000,0,136,1,WI,1,Wisconsin,7,FDIC,Chicago,2562571,,0,10533 W National Ave,-88.044074973112,,,55133,"Milwaukee-Racine-Waukesha, WI",Brookfield,42,55079,,"Milwaukee-Waukesha, WI",North Shore Bank,West Allis,,2023_28679_136
53005,DIF,SB,United States,53182,STATE,39540,280453,Wisconsin,01/01/1912,2023,State Agency,11,55,100.0,9,2130,,,0,3,0,2059096,,Union Grove,NONE,SA,EXACT,,STATE,0,,0,15700 W Bluemound Rd,376,38242,0,101,28679,42.6862349932483,WI,4,CALL,0,Chicago,376273,Union Grove Branch,1,,Racine,COMMERCIAL LENDING,Central,,07/28/2000,0,138,1,WI,1,Wisconsin,7,FDIC,Chicago,2562571,,0,1101 Main St,-88.0516149979325,,,55133,"Milwaukee-Racine-Waukesha, WI",Brookfield,42,55101,,"Racine-Mount Pleasant, WI",North Shore Bank,Union Grove,,2023_28679_138
53005,DIF,SB,United States,54313,STATE,24580,433603,Wisconsin,10/01/2002,2023,State Agency,11,55,100.0,9,2130,,,0,3,0,2059096,,Green Bay,NONE,SA,EXACT,,STATE,0,,0,15700 W Bluemound Rd,267,27155,0,9,28679,44.5911760044243,WI,4,CALL,0,Chicago,376273,Howard-Suamico Branch,1,,Brown,COMMERCIAL LENDING,Central,,,0,141,1,WI,1,Wisconsin,7,FDIC,Chicago,2562571,,0,1838 Cardinal Ln,-88.083895970175,,,55133,"Green Bay-Shawano, WI",Brookfield,42,55009,,"Green Bay, WI",North Shore Bank,Suamico,,2023_28679_141
53005,DIF,SB,United States,53204,STATE,33340,433604,Wisconsin,06/14/2004,2023,State Agency,11,55,100.0,9,2130,,,0,3,0,2059096,,Milwaukee,NONE,SA,EXACT,,STATE,0,,0,15700 W Bluemound Rd,376,21138,0,79,28679,43.0120489993189,WI,4,CALL,0,Chicago,376273,"1316 W. Forest Home Avenue, Suite B Branch",1,,Milwaukee,COMMERCIAL LENDING,Central,,,0,142,1,WI,1,Wisconsin,7,FDIC,Chicago,2562571,,0,"1316 W Forest Home Ave, Ste B",-87.9289480242547,,,55133,"Milwaukee-Racine-Waukesha, WI",Brookfield,42,55079,,"Milwaukee-Waukesha, WI",North Shore Bank,Milwaukee,,2023_28679_142
53005,DIF,SB,United States,53154,STATE,33340,433605,Wisconsin,10/01/2004,2023,State Agency,11,55,100.0,9,2130,,,0,3,0,2059096,,Oak Creek,NONE,SA,EXACT,,STATE,0,,0,15700 W Bluemound Rd,376,49827,0,79,28679,42.8861119937553,WI,4,CALL,0,Chicago,376273,Oak Creek Branch,1,,Milwaukee,COMMERCIAL LENDING,Central,,,0,143,1,WI,1,Wisconsin,7,FDIC,Chicago,2562571,,0,8701 S Howell Ave,-87.9130130204898,,,55133,"Milwaukee-Racine-Waukesha, WI",Brookfield,42,55079,,"Milwaukee-Waukesha, WI",North Shore Bank,Oak Creek,,2023_28679_143
53005,DIF,SB,United States,53142,STATE,28450,495520,Wisconsin,06/01/1999,2023,State Agency,11,55,100.0,9,2130,,,0,3,0,2059096,,Kenosha,NONE,SA,EXACT,,STATE,0,,0,15700 W Bluemound Rd,176,26556,0,59,28679,42.572202008484,WI,4,CALL,0,Chicago,376273,Kenosha Branch,1,,Kenosha,COMMERCIAL LENDING,Central,,,0,146,1,WI,1,Wisconsin,7,FDIC,Chicago,2562571,,0,6906 Green Bay Rd,-87.8868289607981,,,55133,"Chicago-Naperville, IL-IN-WI",Brookfield,42,55059,,"Kenosha, WI",North Shore Bank,Kenosha,,2023_28679_146
53005,DIF,SB,United States,53132,STATE,33340,495544,Wisconsin,09/30/2005,2023,State Agency,11,55,100.0,9,2130,,,0,3,0,2059096,,Franklin,NONE,SA,EXACT,,STATE,0,,0,15700 W Bluemound Rd,376,54004,0,79,28679,42.913905001671,WI,4,CALL,0,Chicago,376273,Franklin Branch,1,,Milwaukee,COMMERCIAL LENDING,Central,,,0,147,1,WI,1,Wisconsin,7,FDIC,Chicago,2562571,,0,7151 S 76th St,-88.0100550074177,,,55133,"Milwaukee-Racine-Waukesha, WI",Brookfield,42,55079,,"Milwaukee-Waukesha, WI",North Shore Bank,Franklin,,2023_28679_147
53005,DIF,SB,United States,53212,STATE,33340,495546,Wisconsin,10/20/1996,2023,State Agency,11,55,100.0,9,2130,,,0,3,0,2059096,,Milwaukee,NONE,SA,EXACT,,STATE,0,,0,15700 W Bluemound Rd,376,7752,0,79,28679,43.0553870010447,WI,4,CALL,0,Chicago,376273,1900 N Martin Luther King Dr Branch,1,,Milwaukee,COMMERCIAL LENDING,Central,,,0,148,1,WI,1,Wisconsin,7,FDIC,Chicago,2562571,,0,1900 N Martin Luther King Dr,-87.9139709882038,,,55133,"Milwaukee-Racine-Waukesha, WI",Brookfield,42,55079,,"Milwaukee-Waukesha, WI",North Shore Bank,Milwaukee,,2023_28679_148
53005,DIF,SB,United States,54914,STATE,11540,495547,Wisconsin,01/22/2005,2023,State Agency,11,55,100.0,9,2130,,,0,3,0,2059096,,Appleton,NONE,SA,EXACT,,STATE,0,,0,15700 W Bluemound Rd,118,48057,0,87,28679,44.2878720184266,WI,4,CALL,0,Chicago,376273,1100 W Northland Avenue Branch,1,,Outagamie,COMMERCIAL LENDING,Central,,,0,149,1,WI,1,Wisconsin,7,FDIC,Chicago,2562571,,0,1100 W Northland Ave,-88.4232039602581,,,55133,"Appleton-Oshkosh-Neenah, WI",Brookfield,42,55087,,"Appleton, WI",North Shore Bank,Appleton,,2023_28679_149
53005,DIF,SB,United States,53024,STATE,33340,495669,Wisconsin,11/22/2008,2023,State Agency,11,55,100.0,9,2130,,,0,3,0,2059096,,Grafton,NONE,SA,EXACT,,STATE,0,,0,15700 W Bluemound Rd,376,39358,0,89,28679,43.3017160060358,WI,4,CALL,0,Chicago,376273,Grafton Bra Nch,1,,Ozaukee,COMMERCIAL LENDING,Central,,,0,151,1,WI,1,Wisconsin,7,FDIC,Chicago,2562571,,0,2301 Wisconsin Ave,-87.9650560058491,,,55133,"Milwaukee-Racine-Waukesha, WI",Brookfield,42,55089,,"Milwaukee-Waukesha, WI",North Shore Bank,Grafton,,2023_28679_151
53005,DIF,SB,United States,53089,STATE,33340,495673,Wisconsin,10/25/2006,2023,State Agency,11,55,100.0,9,2130,,,0,3,0,2059096,,Sussex,NONE,SA,EXACT,,STATE,0,,0,15700 W Bluemound Rd,376,42163,0,133,28679,43.1375239943794,WI,4,CALL,0,Chicago,376273,Sussex Branch,1,,Waukesha,COMMERCIAL LENDING,Central,,,0,152,1,WI,1,Wisconsin,7,FDIC,Chicago,2562571,,0,W249n6600 Highway 164,-88.243064036706,,,55133,"Milwaukee-Racine-Waukesha, WI",Brookfield,42,55133,,"Milwaukee-Waukesha, WI",North Shore Bank,Sussex,,2023_28679_152
53005,DIF,SB,United States,53110,STATE,33340,446280,Wisconsin,12/27/2005,2023,State Agency,11,55,100.0,9,2130,,,0,3,0,2059096,,Cudahy,NONE,SA,EXACT,,STATE,0,,0,15700 W Bluemound Rd,376,32033,0,79,28679,42.9587680068606,WI,4,CALL,0,Chicago,376273,Cudahy Branch,1,,Milwaukee,COMMERCIAL LENDING,Central,,09/17/2010,0,157,1,WI,1,Wisconsin,7,FDIC,Chicago,2562571,,0,3233 E Layton Ave,-87.8684829864038,,,55133,"Milwaukee-Racine-Waukesha, WI",Brookfield,42,55079,,"Milwaukee-Waukesha, WI",North Shore Bank,Cudahy,,2023_28679_157
53005,DIF,SB,United States,53151,STATE,33340,458866,Wisconsin,01/03/2007,2023,State Agency,11,55,100.0,9,2130,,,0,3,0,2059096,,New Berlin,NONE,SA,EXACT,,STATE,0,,0,15700 W Bluemound Rd,376,71310,0,133,28679,42.9770830101227,WI,4,CALL,0,Chicago,376273,New Berlin Branch,1,,Waukesha,COMMERCIAL LENDING,Central,,09/17/2010,0,158,1,WI,1,Wisconsin,7,FDIC,Chicago,2562571,,0,15505 W National Ave,-88.1065560263146,,,55133,"Milwaukee-Racine-Waukesha, WI",Brookfield,42,55133,,"Milwaukee-Waukesha, WI",North Shore Bank,New Berlin,,2023_28679_158
53005,DIF,SB,United States,53150,STATE,33340,469588,Wisconsin,06/30/2007,2023,State Agency,11,55,US_Zipcode,9,2130,,,0,3,0,2059096,,Muskego,NONE,SA,M,,STATE,0,,0,15700 W Bluemound Rd,376,61929,0,133,28679,42.882925,WI,4,CALL,0,Chicago,376273,Muskego Branch,1,,Waukesha,COMMERCIAL LENDING,Central,,09/17/2010,0,160,1,WI,1,Wisconsin,7,FDIC,Chicago,2562571,,0,S74 W17095 Janesville Road,-88.1263,,,55133,"Milwaukee-Racine-Waukesha, WI",Brookfield,42,55133,,"Milwaukee-Waukesha, WI",North Shore Bank,Muskego,,2023_28679_160
53005,DIF,SB,United States,54303,STATE,24580,518672,Wisconsin,04/23/2009,2023,State Agency,12,55,100.0,9,2130,,,0,3,0,2059096,,Green Bay,NONE,SA,EXACT,,STATE,0,,0,15700 W Bluemound Rd,267,23562,0,9,28679,44.5247350048855,WI,4,CALL,0,Chicago,376273,Mason Branch,1,,Brown,COMMERCIAL LENDING,Central,,,0,164,1,WI,1,Wisconsin,7,FDIC,Chicago,2562571,,0,1620 W Mason St,-88.0657090004839,,,55133,"Green Bay-Shawano, WI",Brookfield,42,55009,,"Green Bay, WI",North Shore Bank,Green Bay,,2023_28679_164
53005,DIF,SB,United States,53092,STATE,33340,518691,Wisconsin,08/14/2009,2023,State Agency,12,55,100.0,9,2130,,,0,3,0,2059096,,Mequon,NONE,SA,EXACT,,STATE,0,,0,15700 W Bluemound Rd,376,40756,0,89,28679,43.2142500082097,WI,4,CALL,0,Chicago,376273,10806 N. Port Washington Road,1,,Ozaukee,COMMERCIAL LENDING,Central,,,0,165,1,WI,1,Wisconsin,7,FDIC,Chicago,2562571,,0,10806 N Port Washington Rd,-87.9232680275679,,,55133,"Milwaukee-Racine-Waukesha, WI",Brookfield,42,55089,,"Milwaukee-Waukesha, WI",North Shore Bank,Mequon,,2023_28679_165
53005,DIF,SB,United States,54952,STATE,36780,518692,Wisconsin,10/01/1999,2023,State Agency,12,55,100.0,9,2130,,,0,3,0,2059096,,Menasha,NONE,SA,EXACT,,STATE,0,,0,15700 W Bluemound Rd,118,27997,0,139,28679,44.2301049894793,WI,4,CALL,0,Chicago,376273,1500 Appleton Rd. Branch,1,,Winnebago,COMMERCIAL LENDING,Central,,,0,166,1,WI,1,Wisconsin,7,FDIC,Chicago,2562571,,0,1500 Appleton Rd,-88.4247250242274,,,55133,"Appleton-Oshkosh-Neenah, WI",Brookfield,42,55139,,"Oshkosh-Neenah, WI",North Shore Bank,Menasha,,2023_28679_166
53005,DIF,SB,United States,54302,STATE,24580,522248,Wisconsin,12/31/2010,2023,State Agency,11,55,100.0,9,2130,,,0,3,0,2059096,,Green Bay,NONE,SA,EXACT,,STATE,0,,0,15700 W Bluemound Rd,267,29383,0,9,28679,44.4937199933891,WI,4,CALL,0,Chicago,376273,Green Bay East Branch,1,,Brown,COMMERCIAL LENDING,Central,,,0,167,1,WI,1,Wisconsin,7,FDIC,Chicago,2562571,,0,1901 Main St,-87.9763600081095,,,55133,"Green Bay-Shawano, WI",Brookfield,42,55009,,"Green Bay, WI",North Shore Bank,Green Bay,,2023_28679_167
53005,DIF,SB,United States,53005,STATE,33340,532536,Wisconsin,01/03/2012,2023,State Agency,13,55,100.0,9,2130,,,0,3,0,2059096,,Brookfield,NONE,SA,EXACT,,STATE,0,,0,15700 W Bluemound Rd,376,352,0,133,28679,43.0369070000187,WI,4,CALL,0,Chicago,376273,Northshorebank.Com Branch - Www.Northshorebank.Com,1,,Waukesha,COMMERCIAL LENDING,Central,,,0,168,1,WI,1,Wisconsin,7,FDIC,Chicago,2562571,,0,15700 W Bluemound Rd,-88.1078490186985,,,55133,"Milwaukee-Racine-Waukesha, WI",Brookfield,42,55133,,"Milwaukee-Waukesha, WI",North Shore Bank,Brookfield,,2023_28679_168
53005,DIF,SB,United States,53144,STATE,28450,78854,Wisconsin,06/26/2000,2023,State Agency,11,55,100.0,9,2130,,,0,3,0,2059096,,Kenosha,NONE,SA,EXACT,,STATE,0,,0,15700 W Bluemound Rd,176,34500,0,59,28679,42.5893899810451,WI,4,CALL,0,Chicago,376273,Kenosha Main Branch,1,,Kenosha,COMMERCIAL LENDING,Central,,05/31/2013,0,169,1,WI,1,Wisconsin,7,FDIC,Chicago,2562571,,0,5117 Green Bay Rd,-87.8812199588312,,,55133,"Chicago-Naperville, IL-IN-WI",Brookfield,42,55059,,"Kenosha, WI",North Shore Bank,Kenosha,,2023_28679_169
53005,DIF,SB,United States,53142,STATE,28450,440169,Wisconsin,04/18/2005,2023,State Agency,11,55,100.0,9,2130,,,0,3,0,2059096,,Kenosha,NONE,SA,EXACT,,STATE,0,,0,15700 W Bluemound Rd,176,16664,0,59,28679,42.558487999513,WI,4,CALL,0,Chicago,376273,Kenosha South Branch,1,,Kenosha,COMMERCIAL LENDING,Central,,05/31/2013,0,170,1,WI,1,Wisconsin,7,FDIC,Chicago,2562571,,0,3315 80th St,-87.8493020068152,,,55133,"Chicago-Naperville, IL-IN-WI",Brookfield,42,55059,,"Kenosha, WI",North Shore Bank,Kenosha,,2023_28679_170
53005,DIF,SB,United States,53202,STATE,33340,623369,Wisconsin,04/09/2020,2023,State Agency,11,55,100.0,9,2130,,,0,3,0,2059096,,Milwaukee,NONE,SA,EXACT,,STATE,0,,0,15700 W Bluemound Rd,376,20754,0,79,28679,43.0507730148038,WI,4,CALL,0,Chicago,376273,Pleasant Street Branch,1,,Milwaukee,COMMERCIAL LENDING,Central,,,0,175,1,WI,1,Wisconsin,7,FDIC,Chicago,2562571,,0,510 E Pleasant St,-87.9055159948326,,,55133,"Milwaukee-Racine-Waukesha, WI",Brookfield,42,55079,,"Milwaukee-Waukesha, WI",North Shore Bank,Milwaukee,,2023_28679_175
53005,DIF,SB,United States,53022,STATE,33340,625419,Wisconsin,07/20/2020,2023,State Agency,11,55,100.0,9,2130,,,0,3,0,2059096,,Germantown,NONE,SA,StreetAddress,,STATE,0,,0,15700 W Bluemound Rd,376,33391,0,131,28679,43.2211236522438,WI,4,CALL,0,Chicago,376273,Germantown Branch,1,,Washington,COMMERCIAL LENDING,Central,,,0,176,1,WI,1,Wisconsin,7,FDIC,Chicago,2562571,,0,N112 W15780 Mequon Road,-88.1058435301008,,,55133,"Milwaukee-Racine-Waukesha, WI",Brookfield,42,55131,,"Milwaukee-Waukesha, WI",North Shore Bank,Germantown,,2023_28679_176
53005,DIF,SB,United States,53217,STATE,33340,269944,Wisconsin,01/01/1923,2023,State Agency,11,55,100.0,9,2130,,,0,3,0,2059096,,Milwaukee,NONE,SA,EXACT,,STATE,0,,0,15700 W Bluemound Rd,376,65344,0,79,28679,43.144266984027,WI,4,CALL,0,Chicago,376273,Fox Point Branch,1,,Milwaukee,COMMERCIAL LENDING,Central,,,0,2,1,WI,1,Wisconsin,7,FDIC,Chicago,2562571,,0,600 E Green Tree Rd,-87.9017319846441,,,55133,"Milwaukee-Racine-Waukesha, WI",Brookfield,42,55079,,"Milwaukee-Waukesha, WI",North Shore Bank,Fox Point,,2023_28679_2
53005,DIF,SB,United States,53226,STATE,33340,269946,Wisconsin,01/01/1923,2023,State Agency,11,55,100.0,9,2130,,,0,3,0,2059096,,Milwaukee,NONE,SA,EXACT,,STATE,0,,0,15700 W Bluemound Rd,376,58708,0,79,28679,43.0608219947018,WI,4,CALL,0,Chicago,376273,8706 W North Ave Branch,1,,Milwaukee,COMMERCIAL LENDING,Central,,,0,4,1,WI,1,Wisconsin,7,FDIC,Chicago,2562571,,0,8706 W North Ave,-88.0214070379834,,,55133,"Milwaukee-Racine-Waukesha, WI",Brookfield,42,55079,,"Milwaukee-Waukesha, WI",North Shore Bank,Wauwatosa,,2023_28679_4
53005,DIF,SB,United States,53211,STATE,33340,269942,Wisconsin,01/01/1923,2023,State Agency,11,55,100.0,9,2130,,,0,3,0,2059096,,Milwaukee,NONE,SA,EXACT,,STATE,0,,0,15700 W Bluemound Rd,376,108936,0,79,28679,43.090724015185,WI,4,CALL,0,Chicago,376273,Shorewood Branch,1,,Milwaukee,COMMERCIAL LENDING,Central,,,0,5,1,WI,1,Wisconsin,7,FDIC,Chicago,2562571,,0,4060 N Oakland Ave,-87.8870749696563,,,55133,"Milwaukee-Racine-Waukesha, WI",Brookfield,42,55079,,"Milwaukee-Waukesha, WI",North Shore Bank,Shorewood,,2023_28679_5
54880,DIF,SB,United States,54880,STATE,20260,41624,Wisconsin,01/01/1924,2023,State Agency,11,55,100.0,9,2368,,,1,,67817,67817,,Superior,NONE,SA,EXACT,M,STATE,1,,0,1130 Tower Ave,228,67817,0,31,28790,46.7245050178489,WI,5,CALL,0,Chicago,575375,Superior Savings Bank,1,,Douglas,MORTGAGE LENDING,,,,0,0,1,WI,1,Wisconsin,9,FDIC,Minneapolis,83013,,0,1130 Tower Ave,-92.1034290045981,,,55031,"Duluth-Grand Rapids, MN-WI",Superior,42,55031,,"Duluth, MN-WI",Superior Savings Bank,Superior,,2023_28790_0
54848,DIF,SB,United States,54848,OCC,0,41817,Wisconsin,06/01/1934,2023,Comptroller of the Currency,11,55,100.0,9,2722,,,1,4,68402,68402,,Ladysmith,NONE,SA,EXACT,M,FED,1,,0,119 W 4th St N,0,68402,0,107,28983,45.4649280130234,WI,5,CALL,0,Chicago,686570,Ladysmith Federal Savings And Loan Association,0,,Rusk,MORTGAGE LENDING,Western,,,0,0,1,WI,1,Wisconsin,9,OCC,Minneapolis,79856,,0,119 W 4th St N,-91.1045290208908,,,55107,,Ladysmith,34,55107,,,Ladysmith Federal Savings and Loan Association,Ladysmith,,2023_28983_0
55901,DIF,SB,United States,53072,OCC,33340,616905,Minnesota,09/09/2019,2023,Comptroller of the Currency,11,55,100.0,11,2818,United States,"HMN FINANCIAL, INC.",0,4,0,993001,,Pewaukee,ONE,SA,EXACT,,FED,0,,0,1016 Civic Center Dr Nw,376,51708,2500719,133,29042,43.0412349957234,MN,4,CALL,0,Kansas City,796572,Pewaukee Branch,1,,Waukesha,COMMERCIAL LENDING,Western,,,0,122,1,WI,1,Wisconsin,9,OCC,Minneapolis,1109217,,0,1870 Meadow Ln,-88.2576659825899,,ROCHESTER,27109,"Milwaukee-Racine-Waukesha, WI",Rochester,37,55133,,"Milwaukee-Waukesha, WI",Home Federal Savings Bank,Pewaukee,MN,2023_29042_122
53220,DIF,SB,United States,53220,OCC,33340,41954,Wisconsin,01/01/1892,2023,Comptroller of the Currency,11,55,100.0,9,17954,United States,"1895 BANCORP OF WISCONSIN, INC.",0,4,390573,390573,,Milwaukee,ONE,SA,EXACT,M,FED,1,,0,7001 W Edgerton Ave,376,115805,5589939,79,29120,42.9517210055849,WI,4,CALL,0,Chicago,713476,"Pyramax Bank, Fsb",1,,Milwaukee,COMMERCIAL LENDING,Western,,,0,0,1,WI,1,Wisconsin,7,OCC,Chicago,551020,,0,7001 W Edgerton Ave,-88.0008970238272,,GREENFIELD,55079,"Milwaukee-Racine-Waukesha, WI",Greenfield,33,55079,,"Milwaukee-Waukesha, WI","PyraMax Bank, FSB",Greenfield,WI,2023_29120_0
53220,DIF,SB,United States,53186,OCC,33340,273034,Wisconsin,04/16/1992,2023,Comptroller of the Currency,11,55,100.0,9,17954,United States,"1895 BANCORP OF WISCONSIN, INC.",0,4,0,390573,,Waukesha,ONE,SA,EXACT,,FED,0,,0,7001 W Edgerton Ave,376,57873,5589939,133,29120,43.0252859941801,WI,4,CALL,0,Chicago,713476,Waukesha Branch,1,,Waukesha,COMMERCIAL LENDING,Western,,,0,1,1,WI,1,Wisconsin,7,OCC,Chicago,551020,,0,1500 E Moreland Blvd,-88.2068930231998,,GREENFIELD,55079,"Milwaukee-Racine-Waukesha, WI",Greenfield,33,55133,,"Milwaukee-Waukesha, WI","PyraMax Bank, FSB",Waukesha,WI,2023_29120_1
53220,DIF,SB,United States,53024,OCC,33340,580380,Wisconsin,06/01/2016,2023,Comptroller of the Currency,11,55,100.0,9,17954,United States,"1895 BANCORP OF WISCONSIN, INC.",0,4,0,390573,,Grafton,ONE,SA,EXACT,,FED,0,,0,7001 W Edgerton Ave,376,33754,5589939,89,29120,43.3201310054027,WI,4,CALL,0,Chicago,713476,Grafton Office Branch,1,,Ozaukee,COMMERCIAL LENDING,Western,,,0,10,1,WI,1,Wisconsin,7,OCC,Chicago,551020,,0,1150 Washington St,-87.9520140159652,,GREENFIELD,55079,"Milwaukee-Racine-Waukesha, WI",Greenfield,33,55089,,"Milwaukee-Waukesha, WI","PyraMax Bank, FSB",Grafton,WI,2023_29120_10
53220,DIF,SB,United States,53172,OCC,33340,41712,Wisconsin,01/01/1919,2023,Comptroller of the Currency,11,55,100.0,9,17954,United States,"1895 BANCORP OF WISCONSIN, INC.",0,4,0,390573,,South Milwaukee,ONE,SA,EXACT,,FED,0,,0,7001 W Edgerton Ave,376,71341,5589939,79,29120,42.9075640080998,WI,4,CALL,0,Chicago,713476,South Milwaukee Branch,1,,Milwaukee,COMMERCIAL LENDING,Western,,04/30/2000,0,2,1,WI,1,Wisconsin,7,OCC,Chicago,551020,,0,1015 Marquette Ave,-87.862172000046,,GREENFIELD,55079,"Milwaukee-Racine-Waukesha, WI",Greenfield,33,55079,,"Milwaukee-Waukesha, WI","PyraMax Bank, FSB",South Milwaukee,WI,2023_29120_2
53220,DIF,SB,United States,53132,OCC,33340,271212,Wisconsin,01/01/1919,2023,Comptroller of the Currency,11,55,100.0,9,17954,United States,"1895 BANCORP OF WISCONSIN, INC.",0,4,0,390573,,Franklin,ONE,SA,EXACT,,FED,0,,0,7001 W Edgerton Ave,376,60875,5589939,79,29120,42.9022790086001,WI,4,CALL,0,Chicago,713476,Frankilin Office,1,,Milwaukee,COMMERCIAL LENDING,Western,,04/30/2000,0,3,1,WI,1,Wisconsin,7,OCC,Chicago,551020,,0,9000 W Drexel Ave,-88.0266950130587,,GREENFIELD,55079,"Milwaukee-Racine-Waukesha, WI",Greenfield,33,55079,,"Milwaukee-Waukesha, WI","PyraMax Bank, FSB",Franklin,WI,2023_29120_3
53220,DIF,SB,United States,53149,OCC,33340,357928,Wisconsin,04/30/2000,2023,Comptroller of the Currency,11,55,100.0,9,17954,United States,"1895 BANCORP OF WISCONSIN, INC.",0,4,0,390573,,Mukwonago,ONE,SA,EXACT,,FED,0,,0,7001 W Edgerton Ave,376,50926,5589939,133,29120,42.8544809961945,WI,4,CALL,0,Chicago,713476,Mukwonago Branch,1,,Waukesha,COMMERCIAL LENDING,Western,,,0,5,1,WI,1,Wisconsin,7,OCC,Chicago,551020,,0,405 Rivercrest Ct,-88.3324120232521,,GREENFIELD,55079,"Milwaukee-Racine-Waukesha, WI",Greenfield,33,55133,,"Milwaukee-Waukesha, WI","PyraMax Bank, FSB",Mukwonago,WI,2023_29120_5
54935,DIF,SB,United States,54935,STATE,22540,42022,Wisconsin,10/01/1934,2023,State Agency,11,55,100.0,9,3069,United States,"FVSB MUTUAL BANCORP, MHC",0,3,297656,297656,,Fond du Lac,ONE,SA,EXACT,M,STATE,1,,0,51 E 1st St,0,191695,5754205,39,29188,43.7764400121646,WI,8,CALL,0,Chicago,835770,Fox Valley Savings Bank,1,,Fond Du Lac,ALL OTHER < $1 BILLION,Central,,,0,0,1,WI,1,Wisconsin,7,FDIC,Chicago,374425,,0,51 E 1st St,-88.4452409895348,,FOND DU LAC,55039,,Fond Du Lac,41,55039,,"Fond du Lac, WI",Fox Valley Savings Bank,Fond Du Lac,WI,2023_29188_0
54935,DIF,SB,United States,54902,STATE,36780,273327,Wisconsin,10/01/1934,2023,State Agency,11,55,100.0,9,3069,United States,"FVSB MUTUAL BANCORP, MHC",0,3,0,297656,,Oshkosh,ONE,SA,EXACT,,STATE,0,,0,51 E 1st St,118,39249,5754205,139,29188,43.9967310121268,WI,8,CALL,0,Chicago,835770,1700 West 20Th Avenue Branch,1,,Winnebago,ALL OTHER < $1 BILLION,Central,,,0,1,1,WI,1,Wisconsin,7,FDIC,Chicago,374425,,0,1700 W 20th Ave,-88.5776860399999,,FOND DU LAC,55039,"Appleton-Oshkosh-Neenah, WI",Fond Du Lac,41,55139,,"Oshkosh-Neenah, WI",Fox Valley Savings Bank,Oshkosh,WI,2023_29188_1
54935,DIF,SB,United States,53963,STATE,0,43257,Wisconsin,01/01/1924,2023,State Agency,11,55,100.0,9,3069,United States,"FVSB MUTUAL BANCORP, MHC",0,3,0,297656,,Waupun,ONE,SA,EXACT,,STATE,0,,0,51 E 1st St,376,66712,5754205,27,29188,43.6318790044784,WI,8,CALL,0,Chicago,835770,101 S Madison St Branch,0,,Dodge,ALL OTHER < $1 BILLION,Central,,04/30/1976,1,3,1,WI,1,Wisconsin,7,FDIC,Chicago,374425,,0,101 S Madison St,-88.7294829770594,,FOND DU LAC,55039,"Milwaukee-Racine-Waukesha, WI",Fond Du Lac,41,55027,,,Fox Valley Savings Bank,Waupun,WI,2023_29188_3
54829,DIF,SB,United States,54829,OCC,0,42127,Wisconsin,01/01/1934,2023,Comptroller of the Currency,11,55,100.0,9,3234,,,1,4,215989,215989,,Cumberland,NONE,SA,EXACT,M,FED,1,,0,1390 2nd Ave,0,215989,0,5,29293,45.5352479897138,WI,5,CALL,0,Chicago,28675,"Cumberland Federal Bank, Fsb",0,,Barron,MORTGAGE LENDING,Western,,,1,0,1,WI,1,Wisconsin,9,OCC,Minneapolis,255185,,0,1390 2nd Ave,-92.021233966584,,,55005,,Cumberland,34,55005,,,"Cumberland Federal Bank, FSB",Cumberland,,2023_29293_0
54451,DIF,SB,United States,54451,OCC,0,42128,Wisconsin,02/18/1935,2023,Comptroller of the Currency,11,55,100.0,9,3235,United States,PREVAIL MUTUAL HOLDINGS INC.,0,4,684561,684561,,Medford,ONE,SA,EXACT,M,FED,1,,0,675 E Broadway Ave,0,127396,5735437,119,29294,45.1418019994822,WI,4,CALL,0,Chicago,27070,Prevail Bank,0,,Taylor,COMMERCIAL LENDING,Western,,,0,0,1,WI,1,Wisconsin,9,OCC,Minneapolis,933096,,0,675 E Broadway Ave,-90.3365290119948,,MEDFORD,55119,,Medford,33,55119,,,Prevail Bank,Medford,WI,2023_29294_0
54451,DIF,SB,United States,54555,OCC,0,274320,Wisconsin,02/18/1935,2023,Comptroller of the Currency,11,55,100.0,9,3235,United States,PREVAIL MUTUAL HOLDINGS INC.,0,4,0,684561,,Phillips,ONE,SA,EXACT,,FED,0,,0,675 E Broadway Ave,0,92357,5735437,99,29294,45.6898319933982,WI,4,CALL,0,Chicago,27070,204 N Avon Ave Branch,0,,Price,COMMERCIAL LENDING,Western,,,0,1,1,WI,1,Wisconsin,9,OCC,Minneapolis,933096,,0,204 N Avon Ave,-90.3993210338053,,MEDFORD,55119,,Medford,33,55099,,,Prevail Bank,Phillips,WI,2023_29294_1
54451,DIF,SB,United States,54449,OCC,0,274321,Wisconsin,02/18/1935,2023,Comptroller of the Currency,11,55,100.0,9,3235,United States,PREVAIL MUTUAL HOLDINGS INC.,0,4,0,684561,,Marshfield,ONE,SA,EXACT,,FED,0,,0,675 E Broadway Ave,554,107564,5735437,141,29294,44.674745004007,WI,4,CALL,0,Chicago,27070,Marshfield Branch,0,,Wood,COMMERCIAL LENDING,Western,,,1,100,1,WI,1,Wisconsin,9,OCC,Minneapolis,933096,,0,810 N Central Ave,-90.1686010184552,,MEDFORD,55119,"Wausau-Stevens Point-Wisconsin Rapids, WI",Medford,33,55141,,,Prevail Bank,Marshfield,WI,2023_29294_100
54451,DIF,SB,United States,54401,OCC,48140,274323,Wisconsin,06/30/1989,2023,Comptroller of the Currency,11,55,100.0,9,3235,United States,PREVAIL MUTUAL HOLDINGS INC.,0,4,0,684561,,Wausau,ONE,SA,EXACT,,FED,0,,0,675 E Broadway Ave,554,44524,5735437,73,29294,44.9513470125158,WI,4,CALL,0,Chicago,27070,17Th Avenue Branch,1,,Marathon,COMMERCIAL LENDING,Western,,,0,102,1,WI,1,Wisconsin,9,OCC,Minneapolis,933096,,0,900 S 17th Ave,-89.6560235832147,,MEDFORD,55119,"Wausau-Stevens Point-Wisconsin Rapids, WI",Medford,33,55073,,"Wausau, WI",Prevail Bank,Wausau,WI,2023_29294_102
54451,DIF,SB,United States,54460,OCC,0,542836,Wisconsin,08/26/2013,2023,Comptroller of the Currency,11,55,100.0,9,3235,United States,PREVAIL MUTUAL HOLDINGS INC.,0,4,0,684561,,Owen,ONE,SA,StreetAddress,,FED,0,,0,675 E Broadway Ave,0,45540,5735437,19,29294,44.949875196078,WI,4,CALL,0,Chicago,27070,Central Avenue Owen Wi Branch,0,,Clark,COMMERCIAL LENDING,Western,,,0,103,1,WI,1,Wisconsin,9,OCC,Minneapolis,933096,,0,326 N Central Ave,-90.5644909503178,,MEDFORD,55119,,Medford,33,55019,,,Prevail Bank,Owen,WI,2023_29294_103
54451,DIF,SB,United States,54701,OCC,20740,581990,Wisconsin,08/15/2016,2023,Comptroller of the Currency,11,55,100.0,9,3235,United States,PREVAIL MUTUAL HOLDINGS INC.,0,4,0,684561,,Eau Claire,ONE,SA,EXACT,,FED,0,,0,675 E Broadway Ave,232,7253,5735437,35,29294,44.7956720203141,WI,4,CALL,0,Chicago,27070,Eau Claire Branch,1,,Eau Claire,COMMERCIAL LENDING,Western,,,0,104,1,WI,1,Wisconsin,9,OCC,Minneapolis,933096,,0,2225 Fairfax St,-91.4675990359241,,MEDFORD,55119,"Eau Claire-Menomonie, WI",Medford,33,55035,,"Eau Claire, WI",Prevail Bank,Eau Claire,WI,2023_29294_104
54451,DIF,SB,United States,54494,OCC,0,57063,Wisconsin,07/01/1997,2023,Comptroller of the Currency,11,55,100.0,9,3235,United States,PREVAIL MUTUAL HOLDINGS INC.,0,4,0,684561,,Wisconsin Rapids,ONE,SA,EXACT,,FED,0,,0,675 E Broadway Ave,554,136886,5735437,141,29294,44.3799429919477,WI,4,CALL,0,Chicago,27070,Wisconsin Rapids Branch,0,,Wood,COMMERCIAL LENDING,Western,,11/01/2019,1,105,1,WI,1,Wisconsin,9,OCC,Minneapolis,933096,,0,1601 Lincoln St,-89.8217469685812,,MEDFORD,55119,"Wausau-Stevens Point-Wisconsin Rapids, WI",Medford,33,55141,,,Prevail Bank,Wisconsin Rapids,WI,2023_29294_105
54451,DIF,SB,United States,54482,OCC,0,363149,Wisconsin,02/15/2002,2023,Comptroller of the Currency,11,55,100.0,9,3235,United States,PREVAIL MUTUAL HOLDINGS INC.,0,4,0,684561,,Stevens Point,ONE,SA,EXACT,,FED,0,,0,675 E Broadway Ave,554,42139,5735437,97,29294,44.5241709866208,WI,4,CALL,0,Chicago,27070,Stevens Point Branch,0,,Portage,COMMERCIAL LENDING,Western,,11/01/2019,1,106,1,WI,1,Wisconsin,9,OCC,Minneapolis,933096,,0,"5709 Windy Dr, Ste A",-89.5047269619558,,MEDFORD,55119,"Wausau-Stevens Point-Wisconsin Rapids, WI",Medford,33,55097,,,Prevail Bank,Stevens Point,WI,2023_29294_106
54451,DIF,SB,United States,53913,OCC,0,536409,Wisconsin,02/04/2013,2023,Comptroller of the Currency,11,55,100.0,9,3235,United States,PREVAIL MUTUAL HOLDINGS INC.,0,4,0,684561,,Baraboo,ONE,SA,EXACT,,FED,0,,0,675 E Broadway Ave,357,80902,5735437,111,29294,43.4754389959739,WI,4,CALL,0,Chicago,27070,Baraboo Branch,0,,Sauk,COMMERCIAL LENDING,Western,,11/01/2019,1,107,1,WI,1,Wisconsin,9,OCC,Minneapolis,933096,,0,110 Linn St,-89.7593590383229,,MEDFORD,55119,"Madison-Janesville-Beloit, WI",Medford,33,55111,,,Prevail Bank,Baraboo,WI,2023_29294_107
53005,DIF,SB,United States,53005,STATE,33340,42491,Wisconsin,03/25/1936,2023,State Agency,11,55,100.0,9,3836,,,0,,574075,574075,,Brookfield,NONE,SA,EXACT,M,STATE,1,,0,15900 W Bluemound Rd,376,334861,0,133,29657,43.036752018629,WI,5,CALL,0,Chicago,524579,"Great Midwest Bank, S.S.B.",1,,Waukesha,MORTGAGE LENDING,,,,0,0,1,WI,1,Wisconsin,7,FDIC,Chicago,940003,,0,15900 W Bluemound Rd,-88.1109880414377,,,55133,"Milwaukee-Racine-Waukesha, WI",Brookfield,42,55133,,"Milwaukee-Waukesha, WI","Great Midwest Bank, S.S.B.",Brookfield,,2023_29657_0
53005,DIF,SB,United States,53221,STATE,33340,276660,Wisconsin,03/25/1936,2023,State Agency,11,55,100.0,9,3836,,,0,,0,574075,,Milwaukee,NONE,SA,EXACT,,STATE,0,,0,15900 W Bluemound Rd,376,42038,0,79,29657,42.9571979925769,WI,5,CALL,0,Chicago,524579,4775 South 27Th Street Branch,1,,Milwaukee,MORTGAGE LENDING,,,,0,1,1,WI,1,Wisconsin,7,FDIC,Chicago,940003,,0,4775 S 27th St,-87.9497319590066,,,55133,"Milwaukee-Racine-Waukesha, WI",Brookfield,42,55079,,"Milwaukee-Waukesha, WI","Great Midwest Bank, S.S.B.",Greenfield,,2023_29657_1
53005,DIF,SB,United States,53227,STATE,33340,276669,Wisconsin,03/25/1936,2023,State Agency,11,55,100.0,9,3836,,,0,,0,574075,,Milwaukee,NONE,SA,EXACT,,STATE,0,,0,15900 W Bluemound Rd,376,36679,0,79,29657,42.9956130092012,WI,5,CALL,0,Chicago,524579,10269 West National Ave Branch,1,,Milwaukee,MORTGAGE LENDING,,,,0,100,1,WI,1,Wisconsin,7,FDIC,Chicago,940003,,0,10269 W National Ave,-88.0429719984731,,,55133,"Milwaukee-Racine-Waukesha, WI",Brookfield,42,55079,,"Milwaukee-Waukesha, WI","Great Midwest Bank, S.S.B.",West Allis,,2023_29657_100
53005,DIF,SB,United States,53719,STATE,31540,276670,Wisconsin,03/25/1936,2023,State Agency,11,55,100.0,9,3836,,,0,,0,574075,,Madison,NONE,SA,EXACT,,STATE,0,,0,15900 W Bluemound Rd,357,19972,0,25,29657,43.0570759964441,WI,5,CALL,0,Chicago,524579,6702 Odana Road Branch,1,,Dane,MORTGAGE LENDING,,,,0,101,1,WI,1,Wisconsin,7,FDIC,Chicago,940003,,0,6702 Odana Rd,-89.496653009903,,,55133,"Madison-Janesville-Beloit, WI",Brookfield,42,55025,,"Madison, WI","Great Midwest Bank, S.S.B.",Madison,,2023_29657_101
53005,DIF,SB,United States,53014,STATE,11540,276661,Wisconsin,03/25/1936,2023,State Agency,11,55,100.0,9,3836,,,0,,0,574075,,Chilton,NONE,SA,EXACT,,STATE,0,,0,15900 W Bluemound Rd,118,31772,0,15,29657,44.0212119948218,WI,5,CALL,0,Chicago,524579,1050 East Chestnut Street,1,,Calumet,MORTGAGE LENDING,,,,0,3,1,WI,1,Wisconsin,7,FDIC,Chicago,940003,,0,1050 E Chestnut St,-88.1533090249418,,,55133,"Appleton-Oshkosh-Neenah, WI",Brookfield,42,55015,,"Appleton, WI","Great Midwest Bank, S.S.B.",Chilton,,2023_29657_3
53005,DIF,SB,United States,53029,STATE,33340,276663,Wisconsin,03/25/1936,2023,State Agency,11,55,100.0,9,3836,,,0,,0,574075,,Hartland,NONE,SA,EXACT,,STATE,0,,0,15900 W Bluemound Rd,376,40467,0,133,29657,43.1108959871861,WI,5,CALL,0,Chicago,524579,600 Hartbrook Dr Branch,1,,Waukesha,MORTGAGE LENDING,,,,0,5,1,WI,1,Wisconsin,7,FDIC,Chicago,940003,,0,600 Hartbrook Dr,-88.3358549738004,,,55133,"Milwaukee-Racine-Waukesha, WI",Brookfield,42,55133,,"Milwaukee-Waukesha, WI","Great Midwest Bank, S.S.B.",Hartland,,2023_29657_5
53005,DIF,SB,United States,53217,STATE,33340,276665,Wisconsin,03/25/1936,2023,State Agency,11,55,100.0,9,3836,,,0,,0,574075,,Milwaukee,NONE,SA,EXACT,,STATE,0,,0,15900 W Bluemound Rd,376,20794,0,79,29657,43.1764150192851,WI,5,CALL,0,Chicago,524579,505 West Brown Deer Road Branch,1,,Milwaukee,MORTGAGE LENDING,,,,0,7,1,WI,1,Wisconsin,7,FDIC,Chicago,940003,,0,505 W Brown Deer Rd,-87.9140109698819,,,55133,"Milwaukee-Racine-Waukesha, WI",Brookfield,42,55079,,"Milwaukee-Waukesha, WI","Great Midwest Bank, S.S.B.",Bayside,,2023_29657_7
53005,DIF,SB,United States,53129,STATE,33340,276667,Wisconsin,03/25/1936,2023,State Agency,11,55,100.0,9,3836,,,0,,0,574075,,Greendale,NONE,SA,EXACT,,STATE,0,,0,15900 W Bluemound Rd,376,47493,0,79,29657,42.9510310073155,WI,5,CALL,0,Chicago,524579,5150 South 76Th Street Branch,1,,Milwaukee,MORTGAGE LENDING,,,,0,9,1,WI,1,Wisconsin,7,FDIC,Chicago,940003,,0,5150 S 76th St,-88.0078130159563,,,55133,"Milwaukee-Racine-Waukesha, WI",Brookfield,42,55079,,"Milwaukee-Waukesha, WI","Great Midwest Bank, S.S.B.",Greendale,,2023_29657_9
54494,DIF,SL,United States,54494,STATE,0,42510,Wisconsin,01/01/1933,2023,State Agency,11,55,100.0,9,3871,,,0,,153926,153926,,Wisconsin Rapids,NONE,SA,EXACT,M,STATE,1,,0,4200 8th St S,554,122393,0,141,29676,44.3570150082731,WI,4,CALL,0,Chicago,102874,Paper City Savings Association,0,,Wood,COMMERCIAL LENDING,,,,1,0,1,WI,1,Wisconsin,7,FDIC,Chicago,201505,,0,4200 8th St S,-89.8176700108767,,,55141,"Wausau-Stevens Point-Wisconsin Rapids, WI",Wisconsin Rapids,36,55141,,,Paper City Savings Association,Wisconsin Rapids,,2023_29676_0
54494,DIF,SL,United States,54457,STATE,0,495511,Wisconsin,06/30/2004,2023,State Agency,11,55,100.0,9,3871,,,0,,0,153926,,Nekoosa,NONE,SA,EXACT,,STATE,0,,0,4200 8th St S,554,26785,0,141,29676,44.3156809938679,WI,4,CALL,0,Chicago,102874,226 Market St Branch,0,,Wood,COMMERCIAL LENDING,,,,1,103,1,WI,1,Wisconsin,7,FDIC,Chicago,201505,,0,226 Market St,-89.8904240084302,,,55141,"Wausau-Stevens Point-Wisconsin Rapids, WI",Wisconsin Rapids,36,55141,,,Paper City Savings Association,Nekoosa,,2023_29676_103
54494,DIF,SL,United States,54467,STATE,0,570464,Wisconsin,07/15/2015,2023,State Agency,11,55,100.0,9,3871,,,0,,0,153926,,Plover,NONE,SA,EXACT,,STATE,0,,0,4200 8th St S,554,4748,0,97,29676,44.4967220139209,WI,4,CALL,0,Chicago,102874,Plover Branch,0,,Portage,COMMERCIAL LENDING,,,,1,104,1,WI,1,Wisconsin,7,FDIC,Chicago,201505,,0,2008 County Road Hh,-89.5298000003816,,,55141,"Wausau-Stevens Point-Wisconsin Rapids, WI",Wisconsin Rapids,36,55097,,,Paper City Savings Association,Plover,,2023_29676_104
54494,DIF,SB,United States,54494,STATE,0,42525,Wisconsin,01/01/1920,2023,State Agency,11,55,100.0,9,3894,,,0,,70803,70803,,Wisconsin Rapids,NONE,SA,EXACT,"M,E",STATE,1,,0,811 E Grand Ave,554,60415,0,141,29691,44.3884189819863,WI,5,CALL,0,Chicago,208972,Keysavings Bank,0,,Wood,MORTGAGE LENDING,,,,1,0,1,WI,1,Wisconsin,7,FDIC,Chicago,87706,,0,811 E Grand Ave,-89.8167719737705,,,55141,"Wausau-Stevens Point-Wisconsin Rapids, WI",Wisconsin Rapids,42,55141,,,KeySavings Bank,Wisconsin Rapids,,2023_29691_0
54494,DIF,SB,United States,54457,STATE,0,464864,Wisconsin,07/02/2007,2023,State Agency,11,55,100.0,9,3894,,,0,,0,70803,,Nekoosa,NONE,SA,EXACT,E,STATE,0,,0,811 E Grand Ave,0,10388,0,1,29691,44.2141909823819,WI,5,CALL,0,Chicago,208972,Keysavings Bank - Lakes Office Branch,0,,Adams,MORTGAGE LENDING,,,,0,2,1,WI,1,Wisconsin,7,FDIC,Chicago,87706,,0,292 Matterhorn Trl,-89.8091600322207,,,55141,,Wisconsin Rapids,42,55001,,,KeySavings Bank,Nekoosa,,2023_29691_2
54403,DIF,SB,United States,54403,STATE,48140,42579,Wisconsin,01/01/1902,2023,State Agency,11,55,100.0,9,4000,United States,MARATHON MHC,0,,201215,201215,,Wausau,ONE,SA,EXACT,M,STATE,1,,0,500 Scott St,554,108430,5557509,73,29745,44.9607144598666,WI,4,CALL,0,Chicago,596978,Marathon Bank,1,,Marathon,COMMERCIAL LENDING,,,,0,0,1,WI,1,Wisconsin,7,FDIC,Chicago,239965,,0,500 Scott St,-89.6251390360413,,WAUSAU,55073,"Wausau-Stevens Point-Wisconsin Rapids, WI",Wausau,41,55073,,"Wausau, WI",Marathon Bank,Wausau,WI,2023_29745_0
54403,DIF,SB,United States,54455,STATE,48140,277041,Wisconsin,01/01/1902,2023,State Agency,11,55,100.0,9,4000,United States,MARATHON MHC,0,,0,201215,,Mosinee,ONE,SA,EXACT,,STATE,0,,0,500 Scott St,554,33822,5557509,73,29745,44.792890779112,WI,4,CALL,0,Chicago,596978,Mosinee Branch,1,,Marathon,COMMERCIAL LENDING,,,,0,1,1,WI,1,Wisconsin,7,FDIC,Chicago,239965,,0,307 3rd St,-89.7015439391609,,WAUSAU,55073,"Wausau-Stevens Point-Wisconsin Rapids, WI",Wausau,41,55073,,"Wausau, WI",Marathon Bank,Mosinee,WI,2023_29745_1
54403,DIF,SB,United States,54474,STATE,48140,277043,Wisconsin,01/01/1902,2023,State Agency,11,55,100.0,9,4000,United States,MARATHON MHC,0,,0,201215,,Rothschild,ONE,SA,EXACT,,STATE,0,,0,500 Scott St,554,24411,5557509,73,29745,44.8996902652549,WI,4,CALL,0,Chicago,596978,Rothschild Branch,1,,Marathon,COMMERCIAL LENDING,,,,0,101,1,WI,1,Wisconsin,7,FDIC,Chicago,239965,,0,1133 E Grand Ave,-89.6093012623532,,WAUSAU,55073,"Wausau-Stevens Point-Wisconsin Rapids, WI",Wausau,41,55073,,"Wausau, WI",Marathon Bank,Rothschild,WI,2023_29745_101
54403,DIF,SB,United States,53092,STATE,33340,596315,Wisconsin,03/05/2018,2023,State Agency,11,55,100.0,9,4000,United States,MARATHON MHC,0,,0,201215,,Mequon,ONE,SA,StreetAddress,,STATE,0,,0,500 Scott St,376,34552,5557509,89,29745,43.223163055699,WI,4,CALL,0,Chicago,596978,Mequon Branch,1,,Ozaukee,COMMERCIAL LENDING,,,,0,103,1,WI,1,Wisconsin,7,FDIC,Chicago,239965,,0,11315 N Cedarburg Rd,-87.9836420822718,,WAUSAU,55073,"Milwaukee-Racine-Waukesha, WI",Wausau,41,55089,,"Milwaukee-Waukesha, WI",Marathon Bank,Mequon,WI,2023_29745_103
54130,DIF,SB,United States,54130,STATE,11540,43147,Wisconsin,01/01/1887,2023,State Agency,11,55,100.0,9,5151,United States,"WISCONSIN MUTUAL BANCORP, MHC",0,,235357,235357,,Kaukauna,ONE,SA,EXACT,M,STATE,1,,0,109 W 2nd St,118,118717,5085990,87,30313,44.2780889963163,WI,5,CALL,0,Chicago,35879,East Wisconsin Savings Bank,1,,Outagamie,MORTGAGE LENDING,,,,0,0,1,WI,1,Wisconsin,7,FDIC,Chicago,266561,,0,109 W 2nd St,-88.2726939806122,,KAUKAUNA,55087,"Appleton-Oshkosh-Neenah, WI",Kaukauna,41,55087,,"Appleton, WI",East Wisconsin Savings Bank,Kaukauna,WI,2023_30313_0
54130,DIF,SB,United States,54911,STATE,11540,279930,Wisconsin,01/01/1887,2023,State Agency,11,55,100.0,9,5151,United States,"WISCONSIN MUTUAL BANCORP, MHC",0,,0,235357,,Appleton,ONE,SA,EXACT,,STATE,0,,0,109 W 2nd St,118,46363,5085990,87,30313,44.2726579840633,WI,5,CALL,0,Chicago,35879,501 E Wisconsin Ave Branch,1,,Outagamie,MORTGAGE LENDING,,,,0,101,1,WI,1,Wisconsin,7,FDIC,Chicago,266561,,0,501 E Wisconsin Ave,-88.3994669971985,,KAUKAUNA,55087,"Appleton-Oshkosh-Neenah, WI",Kaukauna,41,55087,,"Appleton, WI",East Wisconsin Savings Bank,Appleton,WI,2023_30313_101
54130,DIF,SB,United States,54130,STATE,11540,279931,Wisconsin,01/01/1887,2023,State Agency,11,55,100.0,9,5151,United States,"WISCONSIN MUTUAL BANCORP, MHC",0,,0,235357,,Kaukauna,ONE,SA,EXACT,,STATE,0,,0,109 W 2nd St,118,31864,5085990,87,30313,44.3805420046582,WI,5,CALL,0,Chicago,35879,N3947 Columbia Ave Branch,1,,Outagamie,MORTGAGE LENDING,,,,0,102,1,WI,1,Wisconsin,7,FDIC,Chicago,266561,,0,N3947 Columbia Ave,-88.2922020220627,,KAUKAUNA,55087,"Appleton-Oshkosh-Neenah, WI",Kaukauna,41,55087,,"Appleton, WI",East Wisconsin Savings Bank,Kaukauna,WI,2023_30313_102
54130,DIF,SB,United States,54136,STATE,11540,279932,Wisconsin,06/30/1985,2023,State Agency,11,55,100.0,9,5151,United States,"WISCONSIN MUTUAL BANCORP, MHC",0,,0,235357,,Kimberly,ONE,SA,EXACT,,STATE,0,,0,109 W 2nd St,118,25053,5085990,87,30313,44.2725260109978,WI,5,CALL,0,Chicago,35879,220 W Kimberly Ave Branch,1,,Outagamie,MORTGAGE LENDING,,,,0,103,1,WI,1,Wisconsin,7,FDIC,Chicago,266561,,0,220 W Kimberly Ave,-88.3364130409138,,KAUKAUNA,55087,"Appleton-Oshkosh-Neenah, WI",Kaukauna,41,55087,,"Appleton, WI",East Wisconsin Savings Bank,Kimberly,WI,2023_30313_103
54130,DIF,SB,United States,54913,STATE,11540,463995,Wisconsin,12/09/1996,2023,State Agency,11,55,100.0,9,5151,United States,"WISCONSIN MUTUAL BANCORP, MHC",0,,0,235357,,Appleton,ONE,SA,EXACT,,STATE,0,,0,109 W 2nd St,118,13360,5085990,87,30313,44.2747760071767,WI,5,CALL,0,Chicago,35879,Wisconsin Avenue Branch,1,,Outagamie,MORTGAGE LENDING,,,,0,104,1,WI,1,Wisconsin,7,FDIC,Chicago,266561,,0,1501 N Casaloma Dr,-88.4767649921015,,KAUKAUNA,55087,"Appleton-Oshkosh-Neenah, WI",Kaukauna,41,55087,,"Appleton, WI",East Wisconsin Savings Bank,Appleton,WI,2023_30313_104
53186,DIF,SB,United States,53186,OCC,33340,43256,Wisconsin,01/01/1922,2023,Comptroller of the Currency,11,55,100.0,9,5313,United States,"FFBW, INC.",0,4,252457,252457,,Waukesha,ONE,SA,EXACT,M,FED,1,,0,1617 E Racine Ave,376,100035,5426847,133,30422,42.9963810010796,WI,4,CALL,0,Chicago,331076,First Federal Bank Of Wisconsin,1,,Waukesha,COMMERCIAL LENDING,Western,,,0,0,1,WI,1,Wisconsin,7,OCC,Chicago,331535,,0,1617 E Racine Ave,-88.2023630236286,,BROOKFIELD,55133,"Milwaukee-Racine-Waukesha, WI",Waukesha,34,55133,,"Milwaukee-Waukesha, WI",First Federal Bank of Wisconsin,Waukesha,WI,2023_30422_0
53186,DIF,SB,United States,53188,OCC,33340,280369,Wisconsin,01/01/1922,2023,Comptroller of the Currency,11,55,100.0,9,5313,United States,"FFBW, INC.",0,4,0,252457,,Waukesha,ONE,SA,EXACT,,FED,0,,0,1617 E Racine Ave,376,32496,5426847,133,30422,43.0216039917532,WI,4,CALL,0,Chicago,331076,1801 Summit Avenue Branch,1,,Waukesha,COMMERCIAL LENDING,Western,,,0,1,1,WI,1,Wisconsin,7,OCC,Chicago,331535,,0,1801 Summit Ave,-88.2562159971596,,BROOKFIELD,55133,"Milwaukee-Racine-Waukesha, WI",Waukesha,34,55133,,"Milwaukee-Waukesha, WI",First Federal Bank of Wisconsin,Waukesha,WI,2023_30422_1
53186,DIF,SB,United States,53207,OCC,33340,42340,Wisconsin,01/01/1915,2023,Comptroller of the Currency,11,55,100.0,9,5313,United States,"FFBW, INC.",0,4,0,252457,,Milwaukee,ONE,SA,EXACT,,FED,0,,0,1617 E Racine Ave,376,45001,5426847,79,30422,42.9721150142011,WI,4,CALL,0,Chicago,331076,3974 South Howell Ave Br,1,,Milwaukee,COMMERCIAL LENDING,Western,,05/17/2014,0,102,1,WI,1,Wisconsin,7,OCC,Chicago,331535,,0,3974 S Howell Ave,-87.9091809819961,,BROOKFIELD,55133,"Milwaukee-Racine-Waukesha, WI",Waukesha,34,55079,,"Milwaukee-Waukesha, WI",First Federal Bank of Wisconsin,Milwaukee,WI,2023_30422_102
53186,DIF,SB,United States,53005,OCC,33340,572524,Wisconsin,10/01/2015,2023,Comptroller of the Currency,11,55,100.0,9,5313,United States,"FFBW, INC.",0,4,0,252457,,Brookfield,ONE,SA,EXACT,,FED,0,,0,1617 E Racine Ave,376,32033,5426847,133,30422,43.0173309813334,WI,4,CALL,0,Chicago,331076,Brookfield Office,1,,Waukesha,COMMERCIAL LENDING,Western,,,0,103,1,WI,1,Wisconsin,7,OCC,Chicago,331535,,0,1360 S Moorland Rd,-88.1062619891512,,BROOKFIELD,55133,"Milwaukee-Racine-Waukesha, WI",Waukesha,34,55133,,"Milwaukee-Waukesha, WI",First Federal Bank of Wisconsin,Brookfield,WI,2023_30422_103
53186,DIF,SB,United States,53204,OCC,33340,228782,Wisconsin,07/20/1971,2023,Comptroller of the Currency,23,55,US_Zipcode,9,5313,United States,"FFBW, INC.",0,4,0,252457,,Milwaukee,ONE,SA,M,C,FED,0,106,0,1617 E Racine Ave,376,0,5426847,79,30422,43.017918,WI,4,CALL,0,Chicago,331076,Drive-In Branch,1,,Milwaukee,COMMERCIAL LENDING,Western,,12/31/2020,0,104,1,WI,1,Wisconsin,7,OCC,Chicago,331535,,0,1718-20-22 South 11th Street,-87.926153,,BROOKFIELD,55133,"Milwaukee-Racine-Waukesha, WI",Waukesha,34,55079,,"Milwaukee-Waukesha, WI",First Federal Bank of Wisconsin,Milwaukee,WI,2023_30422_104
53186,DIF,SB,United States,53204,OCC,33340,8235,Wisconsin,12/31/2020,2023,Comptroller of the Currency,11,55,95.48,9,5313,United States,"FFBW, INC.",0,4,0,252457,,Milwaukee,ONE,SA,StreetName,,FED,0,,0,1617 E Racine Ave,376,42439,5426847,79,30422,43.0123100117838,WI,4,CALL,0,Chicago,331076,Mitchell Bank Branch,1,,Milwaukee,COMMERCIAL LENDING,Western,,12/31/2020,0,106,1,WI,1,Wisconsin,7,OCC,Chicago,331535,,0,1039 W Mitchell St,-87.9138800045025,,BROOKFIELD,55133,"Milwaukee-Racine-Waukesha, WI",Waukesha,34,55079,,"Milwaukee-Waukesha, WI",First Federal Bank of Wisconsin,Milwaukee,WI,2023_30422_106
53186,DIF,SB,United States,53225,OCC,33340,647934,Wisconsin,07/11/2022,2023,Comptroller of the Currency,11,55,100.0,9,5313,United States,"FFBW, INC.",0,4,0,252457,,Milwaukee,ONE,SA,Subaddress,,FED,0,,0,1617 E Racine Ave,376,453,5426847,79,30422,43.1165129938705,WI,4,CALL,0,Chicago,331076,Silver Spring Branch,1,,Milwaukee,COMMERCIAL LENDING,Western,,,0,107,1,WI,1,Wisconsin,7,OCC,Chicago,331535,,0,"11801 W Silver Spring Dr, Ste 100",-88.0600780379307,,BROOKFIELD,55133,"Milwaukee-Racine-Waukesha, WI",Waukesha,34,55079,,"Milwaukee-Waukesha, WI",First Federal Bank of Wisconsin,Milwaukee,WI,2023_30422_107
54487,DIF,SB,United States,54487,STATE,0,43350,Wisconsin,01/01/1920,2023,State Agency,11,55,100.0,9,5484,United States,CROSSBRIDGE MUTUAL HOLDING COMPANY,0,,166424,166424,,Tomahawk,ONE,SA,EXACT,M,STATE,1,,0,15 E Wisconsin Ave,0,127904,3823965,69,30516,45.4713729841036,WI,4,CALL,0,Chicago,465672,Crossbridge Community Bank,0,,Lincoln,COMMERCIAL LENDING,,,,0,0,1,WI,1,Wisconsin,9,FDIC,Minneapolis,197312,,0,15 E Wisconsin Ave,-89.7287619904283,,TOMAHAWK,55069,,Tomahawk,41,55069,,,Crossbridge Community Bank,Tomahawk,WI,2023_30516_0
54487,DIF,SB,United States,54452,STATE,0,42954,Wisconsin,01/01/1924,2023,State Agency,11,55,100.0,9,5484,United States,CROSSBRIDGE MUTUAL HOLDING COMPANY,0,,0,166424,,Merrill,ONE,SA,EXACT,,STATE,0,,0,15 E Wisconsin Ave,0,38520,3823965,69,30516,45.1798850089218,WI,4,CALL,0,Chicago,465672,Merrill Branch,0,,Lincoln,COMMERCIAL LENDING,,,11/05/2016,0,1,1,WI,1,Wisconsin,9,FDIC,Minneapolis,197312,,0,907 E Main St,-89.6861909747525,,TOMAHAWK,55069,,Tomahawk,41,55069,,,Crossbridge Community Bank,Merrill,WI,2023_30516_1
53050,DIF,SB,United States,53050,STATE,0,43419,Wisconsin,01/01/1922,2023,State Agency,11,55,100.0,9,5592,,,1,,58941,58941,,Mayville,NONE,SA,EXACT,M,STATE,1,,0,200 S Main St,376,58941,0,27,30585,43.4934859878819,WI,8,CALL,0,Chicago,411576,Mayville Savings Bank,0,,Dodge,ALL OTHER < $1 BILLION,,,,1,0,1,WI,1,Wisconsin,7,FDIC,Chicago,67379,,0,200 S Main St,-88.5439130051732,,,55027,"Milwaukee-Racine-Waukesha, WI",Mayville,42,55027,,,Mayville Savings Bank,Mayville,,2023_30585_0
11801,DIF,N,United States,54124,OCC,24580,7845,New York,06/14/1919,2023,Comptroller of the Currency,11,55,100.0,2,8412,United States,"NEW YORK COMMUNITY BANCORP, INC.",0,,0,88627165,,Gillett,ONE,CB,EXACT,,FED,0,,0,102 Duffy Ave,267,29245,2132932,83,32541,44.8889649914992,NY,4,CALL,0,New York,694904,Gillett Branch,1,,Oconto,COMMERCIAL LENDING,,,11/30/2018,0,327,0,WI,1,Wisconsin,2,OCC,New York,118719431,,0,100 E 1st St,-88.3072109931648,,HICKSVILLE,36059,"Green Bay-Shawano, WI",Hicksville,3,55083,,"Green Bay, WI","Flagstar Bank, National Association",Gillett,NY,2023_32541_327
11801,DIF,N,United States,54154,OCC,24580,227896,New York,02/01/1939,2023,Comptroller of the Currency,11,55,100.0,2,8412,United States,"NEW YORK COMMUNITY BANCORP, INC.",0,,0,88627165,,Oconto Falls,ONE,CB,EXACT,,FED,0,,0,102 Duffy Ave,267,21425,2132932,83,32541,44.8745950147857,NY,4,CALL,0,New York,694904,Oconto Falls Branch,1,,Oconto,COMMERCIAL LENDING,,,11/30/2018,0,328,0,WI,1,Wisconsin,2,OCC,New York,118719431,,0,225 E Central Ave,-88.1420590021378,,HICKSVILLE,36059,"Green Bay-Shawano, WI",Hicksville,3,55083,,"Green Bay, WI","Flagstar Bank, National Association",Oconto Falls,NY,2023_32541_328
11801,DIF,N,United States,54149,OCC,24580,227897,New York,08/01/1968,2023,Comptroller of the Currency,11,55,100.0,2,8412,United States,"NEW YORK COMMUNITY BANCORP, INC.",0,,0,88627165,,Mountain,ONE,CB,EXACT,,FED,0,,0,102 Duffy Ave,267,14600,2132932,83,32541,45.1820730209267,NY,4,CALL,0,New York,694904,Mountain Branch,1,,Oconto,COMMERCIAL LENDING,,,11/30/2018,0,329,0,WI,1,Wisconsin,2,OCC,New York,118719431,,0,13937 Silver Hill Rd,-88.470206991057,,HICKSVILLE,36059,"Green Bay-Shawano, WI",Hicksville,3,55083,,"Green Bay, WI","Flagstar Bank, National Association",Mountain,NY,2023_32541_329
53024,DIF,NM,United States,53024,STATE,33340,46372,Wisconsin,09/26/1990,2023,State Agency,11,55,100.0,9,0,United States,SWORD FINANCIAL CORPORATION,0,,180480,180480,,Grafton,MULT,CB,EXACT,"M,E",STATE,1,,0,2090 Wisconsin Ave,376,101005,1202883,89,33137,43.3040589994304,WI,4,CALL,0,Chicago,1478231,Cornerstone Community Bank,1,,Ozaukee,COMMERCIAL LENDING,,,,0,0,1,WI,1,Wisconsin,7,FDIC,Chicago,235530,,0,2090 Wisconsin Ave,-87.9604990165497,,HORICON,55089,"Milwaukee-Racine-Waukesha, WI",Grafton,21,55089,,"Milwaukee-Waukesha, WI",Cornerstone Community Bank,Grafton,WI,2023_33137_0
53024,DIF,NM,United States,53051,STATE,33340,289258,Wisconsin,09/15/1994,2023,State Agency,11,55,US_Zipcode,9,0,United States,SWORD FINANCIAL CORPORATION,0,,0,180480,,Menomonee Falls,MULT,CB,M,E,STATE,0,,0,2090 Wisconsin Ave,376,64443,1202883,133,33137,43.148866,WI,4,CALL,0,Chicago,1478231,Menomonee Falls Branch,1,,Waukesha,COMMERCIAL LENDING,,,,0,1,1,WI,1,Wisconsin,7,FDIC,Chicago,235530,,0,N91 W17231 Appleton Avenue,-88.121946,,HORICON,55089,"Milwaukee-Racine-Waukesha, WI",Grafton,21,55133,,"Milwaukee-Waukesha, WI",Cornerstone Community Bank,Menomonee Falls,WI,2023_33137_1
53024,DIF,NM,United States,53086,STATE,33340,625075,Wisconsin,07/01/2019,2023,State Agency,11,55,100.0,9,0,United States,SWORD FINANCIAL CORPORATION,0,,0,180480,,Slinger,MULT,CB,EXACT,E,STATE,0,,0,2090 Wisconsin Ave,376,15032,1202883,131,33137,43.3239369761776,WI,4,CALL,0,Chicago,1478231,Slinger Branch,1,,Washington,COMMERCIAL LENDING,,,,0,4,1,WI,1,Wisconsin,7,FDIC,Chicago,235530,,0,1155 E Commerce Blvd,-88.2623763607174,,HORICON,55089,"Milwaukee-Racine-Waukesha, WI",Grafton,21,55131,,"Milwaukee-Waukesha, WI",Cornerstone Community Bank,Slinger,WI,2023_33137_4
60603,DIF,NM,United States,53202,STATE,33340,452185,Illinois,01/02/2007,2023,State Agency,11,55,100.0,9,10042,Canada,CANADIAN IMPERIAL BANK OF COMMERCE,0,,0,40025820,,Milwaukee,MULT,CB,EXACT,,STATE,0,,0,120 S La Salle St,376,433232,1231342,79,33306,43.0394600019974,IL,4,CALL,0,Chicago,1842065,743 North Water Street Branch,1,,Milwaukee,COMMERCIAL LENDING,,,11/01/2010,0,31,0,WI,1,Wisconsin,7,FDIC,Chicago,51473505,,0,743 N Water St,-87.9097040127542,,TORONTO,17031,"Milwaukee-Racine-Waukesha, WI",Chicago,21,55079,,"Milwaukee-Waukesha, WI",CIBC Bank USA,Milwaukee,,2023_33306_31
58501,DIF,NM,United States,53590,STATE,31540,538567,North Dakota,04/18/2013,2023,State Agency,11,55,100.0,11,12769,United States,STARION BANCORPORATION,0,,0,1508389,,Sun Prairie,ONE,CB,EXACT,,STATE,0,,0,333 N 4th St,357,22146,1126729,25,33758,43.1724829846865,ND,4,CALL,0,Kansas City,2009605,Sun Prairie Branch,1,,Dane,COMMERCIAL LENDING,,,,0,16,1,WI,1,Wisconsin,9,FDIC,Minneapolis,1796688,,0,350 S Grand Ave,-89.2658100320333,,BISMARCK,38015,"Madison-Janesville-Beloit, WI",Bismarck,21,55025,,"Madison, WI",Starion Bank,Sun Prairie,ND,2023_33758_16
58501,DIF,NM,United States,53713,STATE,31540,469758,North Dakota,01/20/2009,2023,State Agency,11,55,100.0,11,12769,United States,STARION BANCORPORATION,0,,0,1508389,,Madison,ONE,CB,EXACT,,STATE,0,,0,333 N 4th St,357,31959,1126729,25,33758,43.047667980682,ND,4,CALL,0,Kansas City,2009605,Madison Branch,1,,Dane,COMMERCIAL LENDING,,,04/11/2015,0,17,1,WI,1,Wisconsin,9,FDIC,Minneapolis,1796688,,0,"1574 W Broadway, Ste 107",-89.3418949979087,,BISMARCK,38015,"Madison-Janesville-Beloit, WI",Bismarck,21,55025,,"Madison, WI",Starion Bank,Madison,ND,2023_33758_17
58501,DIF,NM,United States,53562,STATE,31540,455686,North Dakota,07/06/2006,2023,State Agency,11,55,100.0,11,12769,United States,STARION BANCORPORATION,0,,0,1508389,,Middleton,ONE,CB,EXACT,,STATE,0,,0,333 N 4th St,357,82668,1126729,25,33758,43.0913309907035,ND,4,CALL,0,Kansas City,2009605,"Middleton, Wi Branch",1,,Dane,COMMERCIAL LENDING,,,,0,9,1,WI,1,Wisconsin,9,FDIC,Minneapolis,1796688,,0,1651 John Q Hammons Dr,-89.5239299859497,,BISMARCK,38015,"Madison-Janesville-Beloit, WI",Bismarck,21,55025,,"Madison, WI",Starion Bank,Middleton,ND,2023_33758_9
54911,DIF,N,United States,54911,OCC,11540,48096,Wisconsin,06/14/1993,2023,Comptroller of the Currency,11,55,100.0,9,15499,United States,"AMERICAN NATIONAL BANCORP, INC.",1,4,310502,310502,,Appleton,ONE,CB,EXACT,M,FED,1,,0,2200 N Richmond St,118,310502,2716640,87,33812,44.2824140164454,WI,4,CALL,0,Chicago,2051127,American National Bank - Fox Cities,1,,Outagamie,COMMERCIAL LENDING,Western,,,0,0,1,WI,1,Wisconsin,7,OCC,Chicago,367597,,0,2200 N Richmond St,-88.4153020048585,,APPLETON,55087,"Appleton-Oshkosh-Neenah, WI",Appleton,3,55087,,"Appleton, WI",American National Bank - Fox Cities,Appleton,WI,2023_33812_0
53583,DIF,NM,United States,53583,STATE,0,48188,Wisconsin,02/21/1994,2023,State Agency,11,55,100.0,9,14667,United States,RIVER HOLDING COMPANY,0,,133360,133360,,Sauk City,MULT,CB,EXACT,M,STATE,1,,0,608 Phillips Blvd,357,92758,2486813,111,33880,43.2707419820459,WI,4,CALL,0,Chicago,2164111,Wisconsin River Bank,0,,Sauk,COMMERCIAL LENDING,,,,1,0,1,WI,1,Wisconsin,7,FDIC,Chicago,159949,,0,608 Phillips Blvd,-89.7287810173485,,STODDARD,55111,"Madison-Janesville-Beloit, WI",Sauk City,21,55111,,,Wisconsin River Bank,Sauk City,WI,2023_33880_0
53583,DIF,NM,United States,53555,STATE,31540,290136,Wisconsin,01/04/1999,2023,State Agency,11,55,100.0,9,14667,United States,RIVER HOLDING COMPANY,0,,0,133360,,Lodi,MULT,CB,EXACT,,STATE,0,,0,608 Phillips Blvd,357,18334,2486813,21,33880,43.3155979883464,WI,4,CALL,0,Chicago,2164111,Lodi Branch,1,,Columbia,COMMERCIAL LENDING,,,,0,2,1,WI,1,Wisconsin,7,FDIC,Chicago,159949,,0,220 N Main St,-89.5274369742383,,STODDARD,55111,"Madison-Janesville-Beloit, WI",Sauk City,21,55021,,"Madison, WI",Wisconsin River Bank,Lodi,WI,2023_33880_2
53583,DIF,NM,United States,53545,STATE,27500,569819,Wisconsin,08/04/2014,2023,State Agency,11,55,100.0,9,14667,United States,RIVER HOLDING COMPANY,0,,0,133360,,Janesville,MULT,CB,EXACT,,STATE,0,,0,608 Phillips Blvd,357,22268,2486813,105,33880,42.6971059863908,WI,4,CALL,0,Chicago,2164111,Janesville Branch,1,,Rock,COMMERCIAL LENDING,,,,0,4,1,WI,1,Wisconsin,7,FDIC,Chicago,159949,,0,1101 N Parker Dr,-89.0306350351454,,STODDARD,55111,"Madison-Janesville-Beloit, WI",Sauk City,21,55105,,"Janesville-Beloit, WI",Wisconsin River Bank,Janesville,WI,2023_33880_4
54313,DIF,NM,United States,54313,STATE,24580,56131,Wisconsin,08/21/1995,2023,State Agency,11,55,100.0,9,0,United States,"BAY BANCORPORATION, INC.",0,,200005,200005,,Green Bay,ONE,CB,EXACT,M,STATE,1,,0,2555 Packerland Dr,267,124886,2340867,9,34052,44.4931850184189,WI,4,CALL,0,Chicago,2329200,Bay Bank,1,,Brown,COMMERCIAL LENDING,,,,0,0,1,WI,1,Wisconsin,7,FDIC,Chicago,221051,,0,2555 Packerland Dr,-88.1045889612774,,GREEN BAY,55009,"Green Bay-Shawano, WI",Green Bay,21,55009,,"Green Bay, WI",Bay Bank,Green Bay,WI,2023_34052_0
54313,DIF,NM,United States,54303,STATE,24580,580561,Wisconsin,11/02/2015,2023,State Agency,11,55,100.0,9,0,United States,"BAY BANCORPORATION, INC.",0,,0,200005,,Green Bay,ONE,CB,EXACT,,STATE,0,,0,2555 Packerland Dr,267,5642,2340867,9,34052,44.5246529879629,WI,4,CALL,0,Chicago,2329200,West Mason Location Branch,1,,Brown,COMMERCIAL LENDING,,,,0,1,1,WI,1,Wisconsin,7,FDIC,Chicago,221051,,0,2550 W Mason St,-88.096735034183,,GREEN BAY,55009,"Green Bay-Shawano, WI",Green Bay,21,55009,,"Green Bay, WI",Bay Bank,Green Bay,WI,2023_34052_1
54313,DIF,NM,United States,54135,STATE,0,629590,Wisconsin,01/06/2021,2023,State Agency,11,55,97.07,9,0,United States,"BAY BANCORPORATION, INC.",0,,0,200005,,Keshena,ONE,CB,StreetAddress,,STATE,0,,0,2555 Packerland Dr,267,69477,2340867,78,34052,44.8601943130286,WI,4,CALL,0,Chicago,2329200,Bay Bank-Menominee Branch,0,,Menominee,COMMERCIAL LENDING,,,,1,2,1,WI,1,Wisconsin,7,FDIC,Chicago,221051,,0,N201 Hwy 47-55,-88.6278798171583,,GREEN BAY,55009,"Green Bay-Shawano, WI",Green Bay,21,55078,,,Bay Bank,Keshena,WI,2023_34052_2
53717,DIF,NM,United States,53717,STATE,31540,56211,Wisconsin,10/09/1995,2023,State Agency,11,55,100.0,9,14016,United States,"CAPITOL BANKSHARES, INC.",0,,467727,467727,,Madison,ONE,CB,EXACT,M,STATE,1,,0,710 N High Point Rd,357,371976,2339610,25,34074,43.0755969849767,WI,4,CALL,0,Chicago,2339599,Capitol Bank,1,,Dane,COMMERCIAL LENDING,,,,0,0,1,WI,1,Wisconsin,7,FDIC,Chicago,565044,,0,710 N High Point Rd,-89.5204339779543,,MADISON,55025,"Madison-Janesville-Beloit, WI",Madison,21,55025,,"Madison, WI",Capitol Bank,Madison,WI,2023_34074_0
53717,DIF,NM,United States,53562,STATE,31540,423230,Wisconsin,10/01/2003,2023,State Agency,23,55,100.0,9,14016,United States,"CAPITOL BANKSHARES, INC.",0,,0,467727,,Middleton,ONE,CB,EXACT,N,STATE,0,,0,710 N High Point Rd,357,0,2339610,25,34074,43.1063830028783,WI,4,CALL,0,Chicago,2339599,Middleton Glen Branch,1,,Dane,COMMERCIAL LENDING,,,,0,1,1,WI,1,Wisconsin,7,FDIC,Chicago,565044,,0,6720 Century Ave,-89.4962240240985,,MADISON,55025,"Madison-Janesville-Beloit, WI",Madison,21,55025,,"Madison, WI",Capitol Bank,Middleton,WI,2023_34074_1
53717,DIF,NM,United States,53593,STATE,31540,449822,Wisconsin,01/23/2006,2023,State Agency,23,55,100.0,9,14016,United States,"CAPITOL BANKSHARES, INC.",0,,0,467727,,Verona,ONE,CB,EXACT,N,STATE,0,,0,710 N High Point Rd,357,0,2339610,25,34074,43.0025530154829,WI,4,CALL,0,Chicago,2339599,Prairie Oaks Ii Branch,1,,Dane,COMMERCIAL LENDING,,,,0,11,1,WI,1,Wisconsin,7,FDIC,Chicago,565044,,0,325 Prairie Way Blvd,-89.5307070061242,,MADISON,55025,"Madison-Janesville-Beloit, WI",Madison,21,55025,,"Madison, WI",Capitol Bank,Verona,WI,2023_34074_11
53717,DIF,NM,United States,53593,STATE,31540,449823,Wisconsin,01/23/2006,2023,State Agency,23,55,100.0,9,14016,United States,"CAPITOL BANKSHARES, INC.",0,,0,467727,,Verona,ONE,CB,EXACT,N,STATE,0,,0,710 N High Point Rd,357,0,2339610,25,34074,43.0023819827486,WI,4,CALL,0,Chicago,2339599,Prairie Oaks I Branch,1,,Dane,COMMERCIAL LENDING,,,,0,12,1,WI,1,Wisconsin,7,FDIC,Chicago,565044,,0,1049 Enterprise Dr,-89.5288169707771,,MADISON,55025,"Madison-Janesville-Beloit, WI",Madison,21,55025,,"Madison, WI",Capitol Bank,Verona,WI,2023_34074_12
53717,DIF,NM,United States,53719,STATE,31540,452354,Wisconsin,01/23/2006,2023,State Agency,23,55,100.0,9,14016,United States,"CAPITOL BANKSHARES, INC.",0,,0,467727,,Madison,ONE,CB,EXACT,N,STATE,0,,0,710 N High Point Rd,357,0,2339610,25,34074,43.0487259864103,WI,4,CALL,0,Chicago,2339599,Sebring Branch,1,,Dane,COMMERCIAL LENDING,,,,0,13,1,WI,1,Wisconsin,7,FDIC,Chicago,565044,,0,7710 S Brookline Dr,-89.518588031418,,MADISON,55025,"Madison-Janesville-Beloit, WI",Madison,21,55025,,"Madison, WI",Capitol Bank,Madison,WI,2023_34074_13
53717,DIF,NM,United States,53718,STATE,31540,647660,Wisconsin,04/12/2022,2023,State Agency,11,55,100.0,9,14016,United States,"CAPITOL BANKSHARES, INC.",0,,0,467727,,Madison,ONE,CB,StreetAddress,,STATE,0,,0,710 N High Point Rd,357,28105,2339610,25,34074,43.1478024054104,WI,4,CALL,0,Chicago,2339599,East Branch,1,,Dane,COMMERCIAL LENDING,,,,0,14,1,WI,1,Wisconsin,7,FDIC,Chicago,565044,,0,5427 Eastpark Boulevard,-89.2891425462178,,MADISON,55025,"Madison-Janesville-Beloit, WI",Madison,21,55025,,"Madison, WI",Capitol Bank,Madison,WI,2023_34074_14
53717,DIF,NM,United States,53562,STATE,31540,423232,Wisconsin,10/01/2003,2023,State Agency,23,55,100.0,9,14016,United States,"CAPITOL BANKSHARES, INC.",0,,0,467727,,Middleton,ONE,CB,EXACT,N,STATE,0,,0,710 N High Point Rd,357,0,2339610,25,34074,43.0739089954057,WI,4,CALL,0,Chicago,2339599,Sauk Gardens Branch,1,,Dane,COMMERCIAL LENDING,,,,0,3,1,WI,1,Wisconsin,7,FDIC,Chicago,565044,,0,8501 Old Sauk Rd,-89.5304360191945,,MADISON,55025,"Madison-Janesville-Beloit, WI",Madison,21,55025,,"Madison, WI",Capitol Bank,Middleton,WI,2023_34074_3
53717,DIF,NM,United States,53562,STATE,31540,423234,Wisconsin,10/01/2003,2023,State Agency,23,55,100.0,9,14016,United States,"CAPITOL BANKSHARES, INC.",0,,0,467727,,Middleton,ONE,CB,EXACT,N,STATE,0,,0,710 N High Point Rd,357,0,2339610,25,34074,43.0733730146072,WI,4,CALL,0,Chicago,2339599,Attic Angels Branch,1,,Dane,COMMERCIAL LENDING,,,,0,4,1,WI,1,Wisconsin,7,FDIC,Chicago,565044,,0,8301 Old Sauk Rd,-89.5288919888106,,MADISON,55025,"Madison-Janesville-Beloit, WI",Madison,21,55025,,"Madison, WI",Capitol Bank,Middleton,WI,2023_34074_4
53717,DIF,NM,United States,53719,STATE,31540,423235,Wisconsin,10/01/2003,2023,State Agency,23,55,100.0,9,14016,United States,"CAPITOL BANKSHARES, INC.",0,,0,467727,,Madison,ONE,CB,EXACT,N,STATE,0,,0,710 N High Point Rd,357,0,2339610,25,34074,43.0487259864103,WI,4,CALL,0,Chicago,2339599,Coventry Village Branch,1,,Dane,COMMERCIAL LENDING,,,,0,5,1,WI,1,Wisconsin,7,FDIC,Chicago,565044,,0,7707 N Brookline Dr,-89.518588031418,,MADISON,55025,"Madison-Janesville-Beloit, WI",Madison,21,55025,,"Madison, WI",Capitol Bank,Madison,WI,2023_34074_5
53717,DIF,NM,United States,53717,STATE,31540,423236,Wisconsin,10/01/2003,2023,State Agency,23,55,100.0,9,14016,United States,"CAPITOL BANKSHARES, INC.",0,,0,467727,,Madison,ONE,CB,EXACT,N,STATE,0,,0,710 N High Point Rd,357,0,2339610,25,34074,43.0787339960592,WI,4,CALL,0,Chicago,2339599,Rosewood Villas Branch,1,,Dane,COMMERCIAL LENDING,,,,0,6,1,WI,1,Wisconsin,7,FDIC,Chicago,565044,,0,902 N High Point Rd,-89.5199840373918,,MADISON,55025,"Madison-Janesville-Beloit, WI",Madison,21,55025,,"Madison, WI",Capitol Bank,Madison,WI,2023_34074_6
53717,DIF,NM,United States,53593,STATE,31540,447910,Wisconsin,01/30/2006,2023,State Agency,11,55,100.0,9,14016,United States,"CAPITOL BANKSHARES, INC.",0,,0,467727,,Verona,ONE,CB,EXACT,,STATE,0,,0,710 N High Point Rd,357,67646,2339610,25,34074,42.9911879929673,WI,4,CALL,0,Chicago,2339599,108 East Verona Avenue Office,1,,Dane,COMMERCIAL LENDING,,,,0,7,1,WI,1,Wisconsin,7,FDIC,Chicago,565044,,0,108 E Verona Ave,-89.5325609992876,,MADISON,55025,"Madison-Janesville-Beloit, WI",Madison,21,55025,,"Madison, WI",Capitol Bank,Verona,WI,2023_34074_7
53717,DIF,NM,United States,53562,STATE,31540,449819,Wisconsin,01/23/2006,2023,State Agency,23,55,100.0,9,14016,United States,"CAPITOL BANKSHARES, INC.",0,,0,467727,,Middleton,ONE,CB,EXACT,N,STATE,0,,0,710 N High Point Rd,357,0,2339610,25,34074,43.0739920181567,WI,4,CALL,0,Chicago,2339599,Old Sauk Road Facility,1,,Dane,COMMERCIAL LENDING,,,,0,8,1,WI,1,Wisconsin,7,FDIC,Chicago,565044,,0,9401 Old Sauk Rd,-89.5505499884256,,MADISON,55025,"Madison-Janesville-Beloit, WI",Madison,21,55025,,"Madison, WI",Capitol Bank,Middleton,WI,2023_34074_8
53717,DIF,NM,United States,53593,STATE,31540,449820,Wisconsin,01/23/2006,2023,State Agency,23,55,100.0,9,14016,United States,"CAPITOL BANKSHARES, INC.",0,,0,467727,,Verona,ONE,CB,StreetAddress,N,STATE,0,,0,710 N High Point Rd,357,0,2339610,25,34074,42.9882752697951,WI,4,CALL,0,Chicago,2339599,Chruch Street Facility,1,,Dane,COMMERCIAL LENDING,,,,0,9,1,WI,1,Wisconsin,7,FDIC,Chicago,565044,,0,304 Church Ave,-89.536182700144,,MADISON,55025,"Madison-Janesville-Beloit, WI",Madison,21,55025,,"Madison, WI",Capitol Bank,Verona,WI,2023_34074_9
54902,DIF,NM,United States,54902,STATE,36780,56310,Wisconsin,04/22/1996,2023,State Agency,11,55,100.0,9,14672,United States,"WEST POINTE BANCSHARES, INC.",1,,241147,241147,,Oshkosh,ONE,CB,EXACT,M,STATE,1,,0,1750 Witzel Ave,118,241147,2371807,139,34162,44.0186529997823,WI,4,CALL,0,Chicago,2371816,West Pointe Bank,1,,Winnebago,COMMERCIAL LENDING,,,,0,0,1,WI,1,Wisconsin,7,FDIC,Chicago,347009,,0,1750 Witzel Ave,-88.5780669974992,,OSHKOSH,55139,"Appleton-Oshkosh-Neenah, WI",Oshkosh,21,55139,,"Oshkosh-Neenah, WI",West Pointe Bank,Oshkosh,WI,2023_34162_0
54944,DIF,NM,United States,54944,STATE,11540,56999,Wisconsin,10/16/1996,2023,State Agency,11,55,100.0,9,0,United States,"WOLF RIVER BANCORP, INC.",0,,245158,245158,,Hortonville,ONE,CB,EXACT,M,STATE,1,,0,309 E Main St,118,142023,3180257,87,34240,44.3360799897164,WI,4,CALL,0,Chicago,2505424,Wolf River Community Bank,1,,Outagamie,COMMERCIAL LENDING,,,,0,0,1,WI,1,Wisconsin,7,FDIC,Chicago,278917,,0,309 E Main St,-88.6297570209157,,HORTONVILLE,55087,"Appleton-Oshkosh-Neenah, WI",Hortonville,21,55087,,"Appleton, WI",Wolf River Community Bank,Hortonville,WI,2023_34240_0
54944,DIF,NM,United States,54961,STATE,0,359351,Wisconsin,01/24/2001,2023,State Agency,11,55,100.0,9,0,United States,"WOLF RIVER BANCORP, INC.",0,,0,245158,,New London,ONE,CB,EXACT,,STATE,0,,0,309 E Main St,0,48645,3180257,135,34240,44.4034010052697,WI,4,CALL,0,Chicago,2505424,New London Branch,0,,Waupaca,COMMERCIAL LENDING,,,,0,1,1,WI,1,Wisconsin,7,FDIC,Chicago,278917,,0,1008 N Shawano St,-88.742173010829,,HORTONVILLE,55087,,Hortonville,21,55135,,,Wolf River Community Bank,New London,WI,2023_34240_1
54944,DIF,NM,United States,54942,STATE,11540,580562,Wisconsin,11/16/2015,2023,State Agency,11,55,100.0,9,0,United States,"WOLF RIVER BANCORP, INC.",0,,0,245158,,Greenville,ONE,CB,EXACT,,STATE,0,,0,309 E Main St,118,39619,3180257,87,34240,44.2905110187319,WI,4,CALL,0,Chicago,2505424,Greenville Branch,1,,Outagamie,COMMERCIAL LENDING,,,,0,4,1,WI,1,Wisconsin,7,FDIC,Chicago,278917,,0,W6490 Greenville Dr,-88.5158030355888,,HORTONVILLE,55087,"Appleton-Oshkosh-Neenah, WI",Hortonville,21,55087,,"Appleton, WI",Wolf River Community Bank,Greenville,WI,2023_34240_4
54944,DIF,NM,United States,54170,STATE,11540,597914,Wisconsin,02/12/2018,2023,State Agency,11,55,100.0,9,0,United States,"WOLF RIVER BANCORP, INC.",0,,0,245158,,Shiocton,ONE,CB,EXACT,,STATE,0,,0,309 E Main St,118,14871,3180257,87,34240,44.4412869980751,WI,4,CALL,0,Chicago,2505424,Shiocton,1,,Outagamie,COMMERCIAL LENDING,,,,0,5,1,WI,1,Wisconsin,7,FDIC,Chicago,278917,,0,N5579 State Highway 76,-88.5800889640022,,HORTONVILLE,55087,"Appleton-Oshkosh-Neenah, WI",Hortonville,21,55087,,"Appleton, WI",Wolf River Community Bank,Shiocton,WI,2023_34240_5
53029,DIF,N,United States,53029,OCC,33340,61321,Wisconsin,07/23/1998,2023,Comptroller of the Currency,11,55,100.0,9,0,United States,WINTRUST FINANCIAL CORPORATION,0,7,2997683,2997683,,Hartland,MULT,CB,EXACT,M,FED,1,,0,850 W North Shore Dr,376,475345,2260406,133,34717,43.0769769815155,WI,4,CALL,0,Chicago,2693264,"Town Bank, National Association",1,,Waukesha,COMMERCIAL LENDING,Midsize,,,0,0,0,WI,1,Wisconsin,7,OCC,Chicago,3590763,,0,850 W North Shore Dr,-88.3626789917996,,ROSEMONT,55133,"Milwaukee-Racine-Waukesha, WI",Hartland,3,55133,,"Milwaukee-Waukesha, WI","Town Bank, National Association",Hartland,IL,2023_34717_0
53029,DIF,N,United States,53525,OCC,27500,469756,Wisconsin,12/17/2007,2023,Comptroller of the Currency,11,55,100.0,9,0,United States,WINTRUST FINANCIAL CORPORATION,0,7,0,2997683,,Clinton,MULT,CB,EXACT,,FED,0,,0,850 W North Shore Dr,357,56578,2260406,105,34717,42.5663630070939,WI,4,CALL,0,Chicago,2693264,Clinton Branch,1,,Rock,COMMERCIAL LENDING,Midsize,,01/17/2015,0,11,0,WI,1,Wisconsin,7,OCC,Chicago,3590763,,0,501 Ogden Ave,-88.8641850225926,,ROSEMONT,55133,"Madison-Janesville-Beloit, WI",Hartland,3,55105,,"Janesville-Beloit, WI","Town Bank, National Association",Clinton,IL,2023_34717_11
53029,DIF,N,United States,53185,OCC,39540,207430,Wisconsin,04/11/1968,2023,Comptroller of the Currency,11,55,99.9,9,0,United States,WINTRUST FINANCIAL CORPORATION,0,7,0,2997683,,Waterford,MULT,CB,StreetAddress,,FED,0,,0,850 W North Shore Dr,376,82078,2260406,101,34717,42.8294272834459,WI,4,CALL,0,Chicago,2693264,Wind Lake Branch,1,,Racine,COMMERCIAL LENDING,Midsize,,08/09/2014,0,15,0,WI,1,Wisconsin,7,OCC,Chicago,3590763,,0,7998 S Loomis Rd,-88.1567280930968,,ROSEMONT,55133,"Milwaukee-Racine-Waukesha, WI",Hartland,3,55101,,"Racine-Mount Pleasant, WI","Town Bank, National Association",Wind Lake,IL,2023_34717_15
53029,DIF,N,United States,53147,OCC,0,207432,Wisconsin,11/27/1989,2023,Comptroller of the Currency,11,55,100.0,9,0,United States,WINTRUST FINANCIAL CORPORATION,0,7,0,2997683,,Lake Geneva,MULT,CB,EXACT,,FED,0,,0,850 W North Shore Dr,376,115005,2260406,127,34717,42.5965749903566,WI,4,CALL,0,Chicago,2693264,Lake Geneva Branch,0,,Walworth,COMMERCIAL LENDING,Midsize,,08/09/2014,1,16,0,WI,1,Wisconsin,7,OCC,Chicago,3590763,,0,567 Broad St,-88.4345709944305,,ROSEMONT,55133,"Milwaukee-Racine-Waukesha, WI",Hartland,3,55127,,,"Town Bank, National Association",Lake Geneva,IL,2023_34717_16
53029,DIF,N,United States,53184,OCC,0,207433,Wisconsin,11/09/1994,2023,Comptroller of the Currency,11,55,100.0,9,0,United States,WINTRUST FINANCIAL CORPORATION,0,7,0,2997683,,Walworth,MULT,CB,EXACT,,FED,0,,0,850 W North Shore Dr,376,87251,2260406,127,34717,42.5306920160217,WI,4,CALL,0,Chicago,2693264,Walworth Branch,0,,Walworth,COMMERCIAL LENDING,Midsize,,08/09/2014,1,17,0,WI,1,Wisconsin,7,OCC,Chicago,3590763,,0,671 Kenosha St,-88.586565995862,,ROSEMONT,55133,"Milwaukee-Racine-Waukesha, WI",Hartland,3,55127,,,"Town Bank, National Association",Walworth,IL,2023_34717_17
53029,DIF,N,United States,53703,OCC,31540,432684,Wisconsin,08/02/2004,2023,Comptroller of the Currency,11,55,100.0,9,0,United States,WINTRUST FINANCIAL CORPORATION,0,7,0,2997683,,Madison,MULT,CB,EXACT,,FED,0,,0,850 W North Shore Dr,357,46504,2260406,25,34717,43.0755109866501,WI,4,CALL,0,Chicago,2693264,Madison Branch,1,,Dane,COMMERCIAL LENDING,Midsize,,,0,2,0,WI,1,Wisconsin,7,OCC,Chicago,3590763,,0,10 W Mifflin St,-89.3858859918015,,ROSEMONT,55133,"Madison-Janesville-Beloit, WI",Hartland,3,55025,,"Madison, WI","Town Bank, National Association",Madison,IL,2023_34717_2
53029,DIF,N,United States,53147,OCC,0,207438,Wisconsin,12/07/1998,2023,Comptroller of the Currency,11,55,100.0,9,0,United States,WINTRUST FINANCIAL CORPORATION,0,7,0,2997683,,Lake Geneva,MULT,CB,EXACT,,FED,0,,0,850 W North Shore Dr,376,37712,2260406,127,34717,42.5860950129973,WI,4,CALL,0,Chicago,2693264,Lake Geneva East Branch,0,,Walworth,COMMERCIAL LENDING,Midsize,,08/09/2014,1,20,0,WI,1,Wisconsin,7,OCC,Chicago,3590763,,0,550 Commercial Ct,-88.4110409805603,,ROSEMONT,55133,"Milwaukee-Racine-Waukesha, WI",Hartland,3,55127,,,"Town Bank, National Association",Lake Geneva,IL,2023_34717_20
53029,DIF,N,United States,53105,OCC,39540,514547,Wisconsin,11/19/2010,2023,Comptroller of the Currency,11,55,100.0,9,0,United States,WINTRUST FINANCIAL CORPORATION,0,7,0,2997683,,Burlington,MULT,CB,EXACT,,FED,0,,0,850 W North Shore Dr,376,164018,2260406,101,34717,42.6788269834029,WI,4,CALL,0,Chicago,2693264,Burlington Branch,1,,Racine,COMMERCIAL LENDING,Midsize,,08/09/2014,0,22,0,WI,1,Wisconsin,7,OCC,Chicago,3590763,,0,400 Milwaukee Ave,-88.2787440383242,,ROSEMONT,55133,"Milwaukee-Racine-Waukesha, WI",Hartland,3,55101,,"Racine-Mount Pleasant, WI","Town Bank, National Association",Burlington,IL,2023_34717_22
53029,DIF,N,United States,53072,OCC,33340,432831,Wisconsin,09/20/2005,2023,Comptroller of the Currency,11,55,99.75,9,0,United States,WINTRUST FINANCIAL CORPORATION,0,7,0,2997683,,Pewaukee,MULT,CB,POINTADDRESS,,FED,0,,0,850 W North Shore Dr,376,121506,2260406,133,34717,43.084026,WI,4,CALL,0,Chicago,2693264,Foundations Bank Branch,1,,Waukesha,COMMERCIAL LENDING,Midsize,,03/31/2016,0,23,0,WI,1,Wisconsin,7,OCC,Chicago,3590763,,0,"N35 W23877 Highfield Court, Suite 100",-88.2224775,,ROSEMONT,55133,"Milwaukee-Racine-Waukesha, WI",Hartland,3,55133,,"Milwaukee-Waukesha, WI","Town Bank, National Association",Pewaukee,IL,2023_34717_23
53029,DIF,N,United States,53208,OCC,33340,591423,Wisconsin,08/21/2017,2023,Comptroller of the Currency,11,55,100.0,9,0,United States,WINTRUST FINANCIAL CORPORATION,0,7,0,2997683,,Milwaukee,MULT,CB,EXACT,,FED,0,,0,850 W North Shore Dr,376,3986,2260406,79,34717,43.0609659957983,WI,4,CALL,0,Chicago,2693264,Uptown Milwaukee Branch,1,,Milwaukee,COMMERCIAL LENDING,Midsize,,,0,24,0,WI,1,Wisconsin,7,OCC,Chicago,3590763,,0,4732 W Lisbon Ave,-87.9732759706552,,ROSEMONT,55133,"Milwaukee-Racine-Waukesha, WI",Hartland,3,55079,,"Milwaukee-Waukesha, WI","Town Bank, National Association",Milwaukee,IL,2023_34717_24
53029,DIF,N,United States,53406,OCC,39540,597060,Wisconsin,05/01/2018,2023,Comptroller of the Currency,11,55,100.0,9,0,United States,WINTRUST FINANCIAL CORPORATION,0,7,0,2997683,,Racine,MULT,CB,EXACT,,FED,0,,0,850 W North Shore Dr,376,35419,2260406,101,34717,42.7182580124206,WI,4,CALL,0,Chicago,2693264,Racine Branch,1,,Racine,COMMERCIAL LENDING,Midsize,,,0,25,0,WI,1,Wisconsin,7,OCC,Chicago,3590763,,0,5005 Washington Ave,-87.8397860321402,,ROSEMONT,55133,"Milwaukee-Racine-Waukesha, WI",Hartland,3,55101,,"Racine-Mount Pleasant, WI","Town Bank, National Association",Racine,IL,2023_34717_25
53029,DIF,N,United States,53233,OCC,33340,597579,Wisconsin,05/15/2018,2023,Comptroller of the Currency,11,55,100.0,9,0,United States,WINTRUST FINANCIAL CORPORATION,0,7,0,2997683,,Milwaukee,MULT,CB,EXACT,,FED,0,,0,850 W North Shore Dr,376,1347,2260406,79,34717,43.0405820035565,WI,4,CALL,0,Chicago,2693264,Cfl Milwaukee Branch,1,,Milwaukee,COMMERCIAL LENDING,Midsize,,,0,26,0,WI,1,Wisconsin,7,OCC,Chicago,3590763,,0,1102 W Wells St,-87.9262290186837,,ROSEMONT,55133,"Milwaukee-Racine-Waukesha, WI",Hartland,3,55079,,"Milwaukee-Waukesha, WI","Town Bank, National Association",Milwaukee,IL,2023_34717_26
53029,DIF,N,United States,53233,OCC,33340,602645,Wisconsin,07/02/2018,2023,Comptroller of the Currency,11,55,100.0,9,0,United States,WINTRUST FINANCIAL CORPORATION,0,7,0,2997683,,Milwaukee,MULT,CB,EXACT,,FED,0,,0,850 W North Shore Dr,376,44293,2260406,79,34717,43.0397220202907,WI,4,CALL,0,Chicago,2693264,Marquette University Branch,1,,Milwaukee,COMMERCIAL LENDING,Midsize,,,0,27,0,WI,1,Wisconsin,7,OCC,Chicago,3590763,,0,1442 W Wisconsin Ave,-87.931128995461,,ROSEMONT,55133,"Milwaukee-Racine-Waukesha, WI",Hartland,3,55079,,"Milwaukee-Waukesha, WI","Town Bank, National Association",Milwaukee,IL,2023_34717_27
53029,DIF,N,United States,53202,OCC,33340,602732,Wisconsin,07/16/2018,2023,Comptroller of the Currency,11,55,100.0,9,0,United States,WINTRUST FINANCIAL CORPORATION,0,7,0,2997683,,Milwaukee,MULT,CB,EXACT,,FED,0,,0,850 W North Shore Dr,376,380120,2260406,79,34717,43.0421880181144,WI,4,CALL,0,Chicago,2693264,Kilbourn Branch,1,,Milwaukee,COMMERCIAL LENDING,Midsize,,,0,28,0,WI,1,Wisconsin,7,OCC,Chicago,3590763,,0,401 E Kilbourn Ave,-87.9065380002868,,ROSEMONT,55133,"Milwaukee-Racine-Waukesha, WI",Hartland,3,55079,,"Milwaukee-Waukesha, WI","Town Bank, National Association",Milwaukee,IL,2023_34717_28
53029,DIF,N,United States,53204,OCC,33340,271213,Wisconsin,01/01/1919,2023,Comptroller of the Currency,11,55,100.0,9,0,United States,WINTRUST FINANCIAL CORPORATION,0,7,0,2997683,,Milwaukee,MULT,CB,EXACT,,FED,0,,0,850 W North Shore Dr,376,7361,2260406,79,34717,43.0121080079172,WI,4,CALL,0,Chicago,2693264,Milwaukee Office,1,,Milwaukee,COMMERCIAL LENDING,Midsize,,01/04/2019,0,29,0,WI,1,Wisconsin,7,OCC,Chicago,3590763,,0,1605 W Mitchell St,-87.933385990529,,ROSEMONT,55133,"Milwaukee-Racine-Waukesha, WI",Hartland,3,55079,,"Milwaukee-Waukesha, WI","Town Bank, National Association",Milwaukee,IL,2023_34717_29
53029,DIF,N,United States,53217,OCC,33340,638913,Wisconsin,10/18/2021,2023,Comptroller of the Currency,11,55,100.0,9,0,United States,WINTRUST FINANCIAL CORPORATION,0,7,0,2997683,,Milwaukee,MULT,CB,EXACT,,FED,0,,0,850 W North Shore Dr,376,23187,2260406,79,34717,43.1183879837014,WI,4,CALL,0,Chicago,2693264,Town Bank Branch,1,,Milwaukee,COMMERCIAL LENDING,Midsize,,,0,31,0,WI,1,Wisconsin,7,OCC,Chicago,3590763,,0,105 W Silver Spring Dr,-87.9107000343086,,ROSEMONT,55133,"Milwaukee-Racine-Waukesha, WI",Hartland,3,55079,,"Milwaukee-Waukesha, WI","Town Bank, National Association",Whitefish Bay,IL,2023_34717_31
53029,DIF,N,United States,53122,OCC,33340,453539,Wisconsin,04/17/2006,2023,Comptroller of the Currency,11,55,100.0,9,0,United States,WINTRUST FINANCIAL CORPORATION,0,7,0,2997683,,Elm Grove,MULT,CB,EXACT,,FED,0,,0,850 W North Shore Dr,376,94598,2260406,133,34717,43.0447069895662,WI,4,CALL,0,Chicago,2693264,Elm Grove Office Branch,1,,Waukesha,COMMERCIAL LENDING,Midsize,,,0,4,0,WI,1,Wisconsin,7,OCC,Chicago,3590763,,0,13150 Watertown Plank Rd,-88.0765560213833,,ROSEMONT,55133,"Milwaukee-Racine-Waukesha, WI",Hartland,3,55133,,"Milwaukee-Waukesha, WI","Town Bank, National Association",Elm Grove,IL,2023_34717_4
53029,DIF,N,United States,53018,OCC,33340,463402,Wisconsin,05/22/2007,2023,Comptroller of the Currency,11,55,100.0,9,0,United States,WINTRUST FINANCIAL CORPORATION,0,7,0,2997683,,Delafield,MULT,CB,EXACT,,FED,0,,0,850 W North Shore Dr,376,823710,2260406,133,34717,43.0579529949734,WI,4,CALL,0,Chicago,2693264,Delafield Branch,1,,Waukesha,COMMERCIAL LENDING,Midsize,,,0,5,0,WI,1,Wisconsin,7,OCC,Chicago,3590763,,0,400 Genesee St,-88.4038389978948,,ROSEMONT,55133,"Milwaukee-Racine-Waukesha, WI",Hartland,3,55133,,"Milwaukee-Waukesha, WI","Town Bank, National Association",Delafield,IL,2023_34717_5
53029,DIF,N,United States,53204,OCC,33340,497280,Wisconsin,11/02/2009,2023,Comptroller of the Currency,11,55,100.0,9,0,United States,WINTRUST FINANCIAL CORPORATION,0,7,0,2997683,,Milwaukee,MULT,CB,EXACT,,FED,0,,0,850 W North Shore Dr,376,114322,2260406,79,34717,43.0300079812436,WI,4,CALL,0,Chicago,2693264,Milwaukee Branch,1,,Milwaukee,COMMERCIAL LENDING,Midsize,,,0,6,0,WI,1,Wisconsin,7,OCC,Chicago,3590763,,0,140 S 1st St,-87.9105049874217,,ROSEMONT,55133,"Milwaukee-Racine-Waukesha, WI",Hartland,3,55079,,"Milwaukee-Waukesha, WI","Town Bank, National Association",Milwaukee,IL,2023_34717_6
53029,DIF,N,United States,53183,OCC,33340,514046,Wisconsin,11/01/2010,2023,Comptroller of the Currency,11,55,100.0,9,0,United States,WINTRUST FINANCIAL CORPORATION,0,7,0,2997683,,Wales,MULT,CB,EXACT,,FED,0,,0,850 W North Shore Dr,376,60365,2260406,133,34717,43.0124939945585,WI,4,CALL,0,Chicago,2693264,Wales Wi Branch,1,,Waukesha,COMMERCIAL LENDING,Midsize,,,0,7,0,WI,1,Wisconsin,7,OCC,Chicago,3590763,,0,511 N Wales Rd,-88.3846829963777,,ROSEMONT,55133,"Milwaukee-Racine-Waukesha, WI",Hartland,3,55133,,"Milwaukee-Waukesha, WI","Town Bank, National Association",Wales,IL,2023_34717_7
53029,DIF,N,United States,53051,OCC,33340,541173,Wisconsin,09/10/2012,2023,Comptroller of the Currency,11,55,99.75,9,0,United States,WINTRUST FINANCIAL CORPORATION,0,7,0,2997683,,Menomonee Falls,MULT,CB,PointAddress,,FED,0,,0,850 W North Shore Dr,376,121032,2260406,133,34717,43.1487539999999,WI,4,CALL,0,Chicago,2693264,Menomonee Falls Branch,1,,Waukesha,COMMERCIAL LENDING,Midsize,,,0,8,0,WI,1,Wisconsin,7,OCC,Chicago,3590763,,0,N72 W13435 Jacob Lane,-88.0772039999999,,ROSEMONT,55133,"Milwaukee-Racine-Waukesha, WI",Hartland,3,55133,,"Milwaukee-Waukesha, WI","Town Bank, National Association",Menomonee Falls,IL,2023_34717_8
53029,DIF,N,United States,53115,OCC,0,56978,Wisconsin,08/12/1996,2023,Comptroller of the Currency,11,55,100.0,9,0,United States,WINTRUST FINANCIAL CORPORATION,0,7,0,2997683,,Delavan,MULT,CB,EXACT,,FED,0,,0,850 W North Shore Dr,376,101946,2260406,127,34717,42.6266990055454,WI,4,CALL,0,Chicago,2693264,Delavan Branch,0,,Walworth,COMMERCIAL LENDING,Midsize,,01/17/2015,1,9,0,WI,1,Wisconsin,7,OCC,Chicago,3590763,,0,820 E Geneva St,-88.6348409804678,,ROSEMONT,55133,"Milwaukee-Racine-Waukesha, WI",Hartland,3,55127,,,"Town Bank, National Association",Delavan,IL,2023_34717_9
54919,DIF,SB,United States,54919,OCC,11540,61647,Wisconsin,11/02/1998,2023,Comptroller of the Currency,11,55,100.0,9,15054,,,0,7,2000,2000,,Appleton,NONE,SA,EXACT,M,FED,1,,0,4321 N Ballard Rd,118,2000,0,87,34799,44.3057579939746,WI,5,CALL,0,Chicago,2745529,Thrivent Trust Company,1,,Outagamie,MORTGAGE LENDING,Midsize,,,0,0,0,WI,1,Wisconsin,7,OCC,Chicago,13661,,0,4321 N Ballard Rd,-88.3870109861656,,,55087,"Appleton-Oshkosh-Neenah, WI",Appleton,33,55087,,"Appleton, WI",Thrivent Trust Company,Appleton,,2023_34799_0
61265,DIF,NM,United States,53511,STATE,27500,487507,Illinois,02/16/2009,2023,State Agency,11,55,100.0,9,0,United States,MCLAUGHLIN HOLDING COMPANY,0,4,0,276470,,Beloit,ONE,CB,EXACT,,STATE,0,,0,3535 Avenue Of The Cities,357,33495,1203161,105,35109,42.5338669971255,IL,4,CALL,0,Chicago,955548,Beloit Wi Branch,1,,Rock,COMMERCIAL LENDING,Western,,04/01/2019,0,9,1,WI,1,Wisconsin,7,FDIC,Chicago,341303,,0,2215 Cranston Rd,-89.0047549870819,,MOLINE,17161,"Madison-Janesville-Beloit, WI",Moline,21,55105,,"Janesville-Beloit, WI",SENB Bank,Beloit,IL,2023_35109_9
57104,DIF,N,United States,53202,OCC,33340,12565,South Dakota,01/29/1963,2023,Comptroller of the Currency,11,55,100.0,11,0,United States,WELLS FARGO & COMPANY,0,6,0,1360215000,,Milwaukee,MULT,CB,EXACT,,FED,0,,0,101 N Phillips Ave,376,774181,1120754,79,3511,43.0389810181404,SD,9,CALL,0,Kansas City,451965,East Wisconsin Avenue Branch,1,,Milwaukee,ALL OTHER > $1 BILLION,Large Bank,,02/20/2004,0,4966,0,WI,1,Wisconsin,9,OCC,Minneapolis,1667885000,,0,100 E Wisconsin Ave,-87.9095770269211,,SAN FRANCISCO,46099,"Milwaukee-Racine-Waukesha, WI",Sioux Falls,3,55079,,"Milwaukee-Waukesha, WI","Wells Fargo Bank, National Association",Milwaukee,CA,2023_3511_4966
57104,DIF,N,United States,54313,OCC,24580,246286,South Dakota,03/29/1968,2023,Comptroller of the Currency,11,55,100.0,11,0,United States,WELLS FARGO & COMPANY,0,6,0,1360215000,,Green Bay,MULT,CB,EXACT,,FED,0,,0,101 N Phillips Ave,267,57155,1120754,9,3511,44.5658699909997,SD,9,CALL,0,Kansas City,451965,Howard Branch,1,,Brown,ALL OTHER > $1 BILLION,Large Bank,,02/20/2004,0,4967,0,WI,1,Wisconsin,9,OCC,Minneapolis,1667885000,,0,2610 Glendale Ave,-88.0853079855839,,SAN FRANCISCO,46099,"Green Bay-Shawano, WI",Sioux Falls,3,55009,,"Green Bay, WI","Wells Fargo Bank, National Association",Green Bay,CA,2023_3511_4967
57104,DIF,N,United States,54304,OCC,24580,14274,South Dakota,05/01/1972,2023,Comptroller of the Currency,11,55,100.0,11,0,United States,WELLS FARGO & COMPANY,0,6,0,1360215000,,Green Bay,MULT,CB,EXACT,,FED,0,,0,101 N Phillips Ave,267,106328,1120754,9,3511,44.5195580062082,SD,9,CALL,0,Kansas City,451965,Green Bay Fisk Branch,1,,Brown,ALL OTHER > $1 BILLION,Large Bank,,02/20/2004,0,4968,0,WI,1,Wisconsin,9,OCC,Minneapolis,1667885000,,0,908 S Fisk St,-88.0625559799664,,SAN FRANCISCO,46099,"Green Bay-Shawano, WI",Sioux Falls,3,55009,,"Green Bay, WI","Wells Fargo Bank, National Association",Green Bay,CA,2023_3511_4968
57104,DIF,N,United States,53404,OCC,39540,1631,South Dakota,12/03/1928,2023,Comptroller of the Currency,11,55,100.0,11,0,United States,WELLS FARGO & COMPANY,0,6,0,1360215000,,Racine,MULT,CB,EXACT,,FED,0,,0,101 N Phillips Ave,376,134087,1120754,101,3511,42.7425349795923,SD,9,CALL,0,Kansas City,451965,Racine Branch,1,,Racine,ALL OTHER > $1 BILLION,Large Bank,,02/20/2004,0,4969,0,WI,1,Wisconsin,9,OCC,Minneapolis,1667885000,,0,1700 Dr Martin Luther King Dr,-87.795749021599,,SAN FRANCISCO,46099,"Milwaukee-Racine-Waukesha, WI",Sioux Falls,3,55101,,"Racine-Mount Pleasant, WI","Wells Fargo Bank, National Association",Racine,CA,2023_3511_4969
57104,DIF,N,United States,53211,OCC,33340,10605,South Dakota,05/04/1946,2023,Comptroller of the Currency,11,55,100.0,11,0,United States,WELLS FARGO & COMPANY,0,6,0,1360215000,,Milwaukee,MULT,CB,EXACT,,FED,0,,0,101 N Phillips Ave,376,122649,1120754,79,3511,43.0919569931421,SD,9,CALL,0,Kansas City,451965,Shorewood Office Branch,1,,Milwaukee,ALL OTHER > $1 BILLION,Large Bank,,02/20/2004,0,4970,0,WI,1,Wisconsin,9,OCC,Minneapolis,1667885000,,0,4108 N Oakland Ave,-87.8871720320951,,SAN FRANCISCO,46099,"Milwaukee-Racine-Waukesha, WI",Sioux Falls,3,55079,,"Milwaukee-Waukesha, WI","Wells Fargo Bank, National Association",Shorewood,CA,2023_3511_4970
57104,DIF,N,United States,53214,OCC,33340,8248,South Dakota,05/13/1911,2023,Comptroller of the Currency,11,55,100.0,11,0,United States,WELLS FARGO & COMPANY,0,6,0,1360215000,,Milwaukee,MULT,CB,EXACT,,FED,0,,0,101 N Phillips Ave,376,81264,1120754,79,3511,43.0172870182513,SD,9,CALL,0,Kansas City,451965,West Allis Branch,1,,Milwaukee,ALL OTHER > $1 BILLION,Large Bank,,02/20/2004,0,4971,0,WI,1,Wisconsin,9,OCC,Minneapolis,1667885000,,0,6130 W National Ave,-87.9895999785464,,SAN FRANCISCO,46099,"Milwaukee-Racine-Waukesha, WI",Sioux Falls,3,55079,,"Milwaukee-Waukesha, WI","Wells Fargo Bank, National Association",West Allis,CA,2023_3511_4971
57104,DIF,N,United States,53218,OCC,33340,12377,South Dakota,02/06/1962,2023,Comptroller of the Currency,11,55,100.0,11,0,United States,WELLS FARGO & COMPANY,0,6,0,1360215000,,Milwaukee,MULT,CB,EXACT,,FED,0,,0,101 N Phillips Ave,376,50722,1120754,79,3511,43.1065319912073,SD,9,CALL,0,Kansas City,451965,Hampton  Branch,1,,Milwaukee,ALL OTHER > $1 BILLION,Large Bank,,02/20/2004,0,4972,0,WI,1,Wisconsin,9,OCC,Minneapolis,1667885000,,0,7600 W Hampton Ave,-88.006436958912,,SAN FRANCISCO,46099,"Milwaukee-Racine-Waukesha, WI",Sioux Falls,3,55079,,"Milwaukee-Waukesha, WI","Wells Fargo Bank, National Association",Milwaukee,CA,2023_3511_4972
57104,DIF,N,United States,53209,OCC,33340,248109,South Dakota,01/03/1983,2023,Comptroller of the Currency,11,55,100.0,11,0,United States,WELLS FARGO & COMPANY,0,6,0,1360215000,,Milwaukee,MULT,CB,EXACT,,FED,0,,0,101 N Phillips Ave,376,24264,1120754,79,3511,43.1116990154198,SD,9,CALL,0,Kansas City,451965,Villard Branch,1,,Milwaukee,ALL OTHER > $1 BILLION,Large Bank,,02/20/2004,0,4973,0,WI,1,Wisconsin,9,OCC,Minneapolis,1667885000,,0,3323 W Villard Ave,-87.9546789582608,,SAN FRANCISCO,46099,"Milwaukee-Racine-Waukesha, WI",Sioux Falls,3,55079,,"Milwaukee-Waukesha, WI","Wells Fargo Bank, National Association",Milwaukee,CA,2023_3511_4973
57104,DIF,N,United States,53207,OCC,33340,13909,South Dakota,08/03/1970,2023,Comptroller of the Currency,11,55,100.0,11,0,United States,WELLS FARGO & COMPANY,0,6,0,1360215000,,Milwaukee,MULT,CB,EXACT,,FED,0,,0,101 N Phillips Ave,376,149734,1120754,79,3511,42.95869101908,SD,9,CALL,0,Kansas City,451965,Layton Branch,1,,Milwaukee,ALL OTHER > $1 BILLION,Large Bank,,02/20/2004,0,4974,0,WI,1,Wisconsin,9,OCC,Minneapolis,1667885000,,0,131 W Layton Ave,-87.9111550040129,,SAN FRANCISCO,46099,"Milwaukee-Racine-Waukesha, WI",Sioux Falls,3,55079,,"Milwaukee-Waukesha, WI","Wells Fargo Bank, National Association",Milwaukee,CA,2023_3511_4974
57104,DIF,N,United States,54911,OCC,11540,1609,South Dakota,05/22/1911,2023,Comptroller of the Currency,11,55,100.0,11,0,United States,WELLS FARGO & COMPANY,0,6,0,1360215000,,Appleton,MULT,CB,EXACT,,FED,0,,0,101 N Phillips Ave,118,153724,1120754,87,3511,44.2611220126325,SD,9,CALL,0,Kansas City,451965,Appleton Downtown Branch,1,,Outagamie,ALL OTHER > $1 BILLION,Large Bank,,02/20/2004,0,4975,0,WI,1,Wisconsin,9,OCC,Minneapolis,1667885000,,0,118 S State St,-88.4131490292089,,SAN FRANCISCO,46099,"Appleton-Oshkosh-Neenah, WI",Sioux Falls,3,55087,,"Appleton, WI","Wells Fargo Bank, National Association",Appleton,CA,2023_3511_4975
57104,DIF,N,United States,53081,OCC,43100,679,South Dakota,07/07/1896,2023,Comptroller of the Currency,11,55,100.0,11,0,United States,WELLS FARGO & COMPANY,0,6,0,1360215000,,Sheboygan,MULT,CB,EXACT,,FED,0,,0,101 N Phillips Ave,0,80227,1120754,117,3511,43.7533769960298,SD,9,CALL,0,Kansas City,451965,Sheboygan Downtown Branch,1,,Sheboygan,ALL OTHER > $1 BILLION,Large Bank,,02/20/2004,0,4976,0,WI,1,Wisconsin,9,OCC,Minneapolis,1667885000,,0,636 Wisconsin Ave,-87.7108049708003,,SAN FRANCISCO,46099,,Sioux Falls,3,55117,,"Sheboygan, WI","Wells Fargo Bank, National Association",Sheboygan,CA,2023_3511_4976
57104,DIF,N,United States,53081,OCC,43100,5778,South Dakota,01/01/1916,2023,Comptroller of the Currency,11,55,100.0,11,0,United States,WELLS FARGO & COMPANY,0,6,0,1360215000,,Sheboygan,MULT,CB,EXACT,,FED,0,,0,101 N Phillips Ave,0,103287,1120754,117,3511,43.7228060158541,SD,9,CALL,0,Kansas City,451965,Sheboygan South Branch,1,,Sheboygan,ALL OTHER > $1 BILLION,Large Bank,,02/20/2004,0,4979,0,WI,1,Wisconsin,9,OCC,Minneapolis,1667885000,,0,1251 Wilson Ave,-87.7219290135996,,SAN FRANCISCO,46099,,Sioux Falls,3,55117,,"Sheboygan, WI","Wells Fargo Bank, National Association",Sheboygan,CA,2023_3511_4979
57104,DIF,N,United States,54220,OCC,0,16652,South Dakota,05/24/1982,2023,Comptroller of the Currency,11,55,100.0,11,0,United States,WELLS FARGO & COMPANY,0,6,0,1360215000,,Manitowoc,MULT,CB,EXACT,,FED,0,,0,101 N Phillips Ave,0,59973,1120754,71,3511,44.0833920119719,SD,9,CALL,0,Kansas City,451965,Manitowoc Branch,0,,Manitowoc,ALL OTHER > $1 BILLION,Large Bank,,02/20/2004,1,4980,0,WI,1,Wisconsin,9,OCC,Minneapolis,1667885000,,0,3600 Calumet Ave,-87.6926350163727,,SAN FRANCISCO,46099,,Sioux Falls,3,55071,,,"Wells Fargo Bank, National Association",Manitowoc,CA,2023_3511_4980
57104,DIF,N,United States,53083,OCC,43100,187697,South Dakota,06/01/1983,2023,Comptroller of the Currency,11,55,100.0,11,0,United States,WELLS FARGO & COMPANY,0,6,0,1360215000,,Sheboygan,MULT,CB,EXACT,,FED,0,,0,101 N Phillips Ave,0,116275,1120754,117,3511,43.775261013664,SD,9,CALL,0,Kansas City,451965,Sheboygan North Branch,1,,Sheboygan,ALL OTHER > $1 BILLION,Large Bank,,02/20/2004,0,4982,0,WI,1,Wisconsin,9,OCC,Minneapolis,1667885000,,0,2800 Calumet Dr,-87.7383390198175,,SAN FRANCISCO,46099,,Sioux Falls,3,55117,,"Sheboygan, WI","Wells Fargo Bank, National Association",Sheboygan,CA,2023_3511_4982
57104,DIF,N,United States,53151,OCC,33340,246288,South Dakota,01/01/1992,2023,Comptroller of the Currency,11,55,100.0,11,0,United States,WELLS FARGO & COMPANY,0,6,0,1360215000,,New Berlin,MULT,CB,EXACT,,FED,0,,0,101 N Phillips Ave,376,193513,1120754,133,3511,42.9947430095611,SD,9,CALL,0,Kansas City,451965,New Berlin Branch,1,,Waukesha,ALL OTHER > $1 BILLION,Large Bank,,02/20/2004,0,4986,0,WI,1,Wisconsin,9,OCC,Minneapolis,1667885000,,0,16001 W Cleveland Ave,-88.1143810358431,,SAN FRANCISCO,46099,"Milwaukee-Racine-Waukesha, WI",Sioux Falls,3,55133,,"Milwaukee-Waukesha, WI","Wells Fargo Bank, National Association",New Berlin,CA,2023_3511_4986
57104,DIF,N,United States,54302,OCC,24580,11788,South Dakota,03/17/1958,2023,Comptroller of the Currency,11,55,100.0,11,0,United States,WELLS FARGO & COMPANY,0,6,0,1360215000,,Green Bay,MULT,CB,EXACT,,FED,0,,0,101 N Phillips Ave,267,86225,1120754,9,3511,44.5128539924104,SD,9,CALL,0,Kansas City,451965,Green Bay University Branch,1,,Brown,ALL OTHER > $1 BILLION,Large Bank,,02/20/2004,0,4988,0,WI,1,Wisconsin,9,OCC,Minneapolis,1667885000,,0,1819 University Ave,-87.9772510044171,,SAN FRANCISCO,46099,"Green Bay-Shawano, WI",Sioux Falls,3,55009,,"Green Bay, WI","Wells Fargo Bank, National Association",Green Bay,CA,2023_3511_4988
57104,DIF,N,United States,54301,OCC,24580,242961,South Dakota,05/01/1985,2023,Comptroller of the Currency,11,55,100.0,11,0,United States,WELLS FARGO & COMPANY,0,6,0,1360215000,,Green Bay,MULT,CB,EXACT,,FED,0,,0,101 N Phillips Ave,267,149054,1120754,9,3511,44.4871720087189,SD,9,CALL,0,Kansas City,451965,Banking House Of Allouez Branch,1,,Brown,ALL OTHER > $1 BILLION,Large Bank,,02/20/2004,0,4989,0,WI,1,Wisconsin,9,OCC,Minneapolis,1667885000,,0,1900 S Webster Ave,-88.0205339789486,,SAN FRANCISCO,46099,"Green Bay-Shawano, WI",Sioux Falls,3,55009,,"Green Bay, WI","Wells Fargo Bank, National Association",Green Bay,CA,2023_3511_4989
57104,DIF,N,United States,53226,OCC,33340,246291,South Dakota,02/01/1994,2023,Comptroller of the Currency,11,55,100.0,11,0,United States,WELLS FARGO & COMPANY,0,6,0,1360215000,,Milwaukee,MULT,CB,EXACT,,FED,0,,0,101 N Phillips Ave,376,132599,1120754,79,3511,43.0670500002182,SD,9,CALL,0,Kansas City,451965,Mayfair Branch,1,,Milwaukee,ALL OTHER > $1 BILLION,Large Bank,,02/20/2004,0,4990,0,WI,1,Wisconsin,9,OCC,Minneapolis,1667885000,,0,2675 N Mayfair Rd,-88.0485820062685,,SAN FRANCISCO,46099,"Milwaukee-Racine-Waukesha, WI",Sioux Falls,3,55079,,"Milwaukee-Waukesha, WI","Wells Fargo Bank, National Association",Wauwatosa,CA,2023_3511_4990
57104,DIF,N,United States,54911,OCC,11540,246292,South Dakota,04/04/1994,2023,Comptroller of the Currency,11,55,100.0,11,0,United States,WELLS FARGO & COMPANY,0,6,0,1360215000,,Appleton,MULT,CB,EXACT,,FED,0,,0,101 N Phillips Ave,118,67926,1120754,87,3511,44.2942299853518,SD,9,CALL,0,Kansas City,451965,Ballard Branch,1,,Outagamie,ALL OTHER > $1 BILLION,Large Bank,,02/20/2004,0,4991,0,WI,1,Wisconsin,9,OCC,Minneapolis,1667885000,,0,3321 N Ballard Rd,-88.3755219953021,,SAN FRANCISCO,46099,"Appleton-Oshkosh-Neenah, WI",Sioux Falls,3,55087,,"Appleton, WI","Wells Fargo Bank, National Association",Appleton,CA,2023_3511_4991
57104,DIF,N,United States,53963,OCC,22540,7163,South Dakota,06/03/1903,2023,Comptroller of the Currency,11,55,100.0,11,0,United States,WELLS FARGO & COMPANY,0,6,0,1360215000,,Waupun,MULT,CB,EXACT,,FED,0,,0,101 N Phillips Ave,0,51903,1120754,39,3511,43.6339529806906,SD,9,CALL,0,Kansas City,451965,Waupun Branch,1,,Fond Du Lac,ALL OTHER > $1 BILLION,Large Bank,,02/20/2004,0,4992,0,WI,1,Wisconsin,9,OCC,Minneapolis,1667885000,,0,37 N Madison St,-88.729487000373,,SAN FRANCISCO,46099,,Sioux Falls,3,55039,,"Fond du Lac, WI","Wells Fargo Bank, National Association",Waupun,CA,2023_3511_4992
57104,DIF,N,United States,54701,OCC,20740,207599,South Dakota,10/01/1968,2023,Comptroller of the Currency,11,55,100.0,11,0,United States,WELLS FARGO & COMPANY,0,6,0,1360215000,,Eau Claire,MULT,CB,EXACT,,FED,0,,0,101 N Phillips Ave,232,164386,1120754,35,3511,44.7886759810097,SD,9,CALL,0,Kansas City,451965,Washington Branch,1,,Eau Claire,ALL OTHER > $1 BILLION,Large Bank,,02/20/2004,0,4995,0,WI,1,Wisconsin,9,OCC,Minneapolis,1667885000,,0,2910 Mall Dr,-91.4621379745482,,SAN FRANCISCO,46099,"Eau Claire-Menomonie, WI",Sioux Falls,3,55035,,"Eau Claire, WI","Wells Fargo Bank, National Association",Eau Claire,CA,2023_3511_4995
57104,DIF,N,United States,54703,OCC,20740,207601,South Dakota,06/21/1971,2023,Comptroller of the Currency,11,55,100.0,11,0,United States,WELLS FARGO & COMPANY,0,6,0,1360215000,,Eau Claire,MULT,CB,EXACT,,FED,0,,0,101 N Phillips Ave,232,130209,1120754,35,3511,44.8241740115099,SD,9,CALL,0,Kansas City,451965,Eau Claire Westgate Branch,1,,Eau Claire,ALL OTHER > $1 BILLION,Large Bank,,02/20/2004,0,4996,0,WI,1,Wisconsin,9,OCC,Minneapolis,1667885000,,0,2414 Mercantile Dr,-91.5452639905481,,SAN FRANCISCO,46099,"Eau Claire-Menomonie, WI",Sioux Falls,3,55035,,"Eau Claire, WI","Wells Fargo Bank, National Association",Eau Claire,CA,2023_3511_4996
57104,DIF,N,United States,53562,OCC,31540,246293,South Dakota,02/05/1996,2023,Comptroller of the Currency,11,55,100.0,11,0,United States,WELLS FARGO & COMPANY,0,6,0,1360215000,,Middleton,MULT,CB,EXACT,,FED,0,,0,101 N Phillips Ave,357,76197,1120754,25,3511,43.0959300152473,SD,9,CALL,0,Kansas City,451965,Middleton Branch,1,,Dane,ALL OTHER > $1 BILLION,Large Bank,,02/20/2004,0,4997,0,WI,1,Wisconsin,9,OCC,Minneapolis,1667885000,,0,6622 University Ave,-89.4941149696215,,SAN FRANCISCO,46099,"Madison-Janesville-Beloit, WI",Sioux Falls,3,55025,,"Madison, WI","Wells Fargo Bank, National Association",Middleton,CA,2023_3511_4997
57104,DIF,N,United States,53406,OCC,39540,246295,South Dakota,06/16/1997,2023,Comptroller of the Currency,11,55,100.0,11,0,United States,WELLS FARGO & COMPANY,0,6,0,1360215000,,Racine,MULT,CB,EXACT,,FED,0,,0,101 N Phillips Ave,376,66969,1120754,101,3511,42.6968459797543,SD,9,CALL,0,Kansas City,451965,Mount Pleasant Branch,1,,Racine,ALL OTHER > $1 BILLION,Large Bank,,02/20/2004,0,4998,0,WI,1,Wisconsin,9,OCC,Minneapolis,1667885000,,0,6005 Durand Ave,-87.852299962124,,SAN FRANCISCO,46099,"Milwaukee-Racine-Waukesha, WI",Sioux Falls,3,55101,,"Racine-Mount Pleasant, WI","Wells Fargo Bank, National Association",Racine,CA,2023_3511_4998
57104,DIF,N,United States,54956,OCC,36780,246296,South Dakota,11/03/1997,2023,Comptroller of the Currency,11,55,100.0,11,0,United States,WELLS FARGO & COMPANY,0,6,0,1360215000,,Neenah,MULT,CB,EXACT,,FED,0,,0,101 N Phillips Ave,118,59122,1120754,139,3511,44.173800015903,SD,9,CALL,0,Kansas City,451965,Neenah Branch,1,,Winnebago,ALL OTHER > $1 BILLION,Large Bank,,02/20/2004,0,4999,0,WI,1,Wisconsin,9,OCC,Minneapolis,1667885000,,0,931 S Green Bay Rd,-88.4856529945907,,SAN FRANCISCO,46099,"Appleton-Oshkosh-Neenah, WI",Sioux Falls,3,55139,,"Oshkosh-Neenah, WI","Wells Fargo Bank, National Association",Neenah,CA,2023_3511_4999
57104,DIF,N,United States,53092,OCC,33340,246299,South Dakota,05/11/1998,2023,Comptroller of the Currency,11,55,100.0,11,0,United States,WELLS FARGO & COMPANY,0,6,0,1360215000,,Mequon,MULT,CB,EXACT,,FED,0,,0,101 N Phillips Ave,376,171932,1120754,89,3511,43.2245579889158,SD,9,CALL,0,Kansas City,451965,Mequon Branch,1,,Ozaukee,ALL OTHER > $1 BILLION,Large Bank,,02/20/2004,0,5000,0,WI,1,Wisconsin,9,OCC,Minneapolis,1667885000,,0,11350 N Port Washington Rd,-87.9232739787192,,SAN FRANCISCO,46099,"Milwaukee-Racine-Waukesha, WI",Sioux Falls,3,55089,,"Milwaukee-Waukesha, WI","Wells Fargo Bank, National Association",Mequon,CA,2023_3511_5000
57104,DIF,N,United States,53051,OCC,33340,246300,South Dakota,08/31/1998,2023,Comptroller of the Currency,11,55,100.0,11,0,United States,WELLS FARGO & COMPANY,0,6,0,1360215000,,Menomonee Falls,MULT,CB,EXACT,,FED,0,,0,101 N Phillips Ave,376,81100,1120754,133,3511,43.1889289911785,SD,9,CALL,0,Kansas City,451965,Menomonee Falls Branch,1,,Waukesha,ALL OTHER > $1 BILLION,Large Bank,,02/20/2004,0,5001,0,WI,1,Wisconsin,9,OCC,Minneapolis,1667885000,,0,W180n9440 Premier Ln,-88.1335180104401,,SAN FRANCISCO,46099,"Milwaukee-Racine-Waukesha, WI",Sioux Falls,3,55133,,"Milwaukee-Waukesha, WI","Wells Fargo Bank, National Association",Menomonee Falls,CA,2023_3511_5001
57104,DIF,N,United States,53704,OCC,31540,277511,South Dakota,01/01/1923,2023,Comptroller of the Currency,11,55,100.0,11,0,United States,WELLS FARGO & COMPANY,0,6,0,1360215000,,Madison,MULT,CB,EXACT,,FED,0,,0,101 N Phillips Ave,357,119559,1120754,25,3511,43.1258290182454,SD,9,CALL,0,Kansas City,451965,Madison East Towne Branch,1,,Dane,ALL OTHER > $1 BILLION,Large Bank,,02/20/2004,0,5002,0,WI,1,Wisconsin,9,OCC,Minneapolis,1667885000,,0,4302 E Towne Blvd,-89.3089920046315,,SAN FRANCISCO,46099,"Madison-Janesville-Beloit, WI",Sioux Falls,3,55025,,"Madison, WI","Wells Fargo Bank, National Association",Madison,CA,2023_3511_5002
57104,DIF,N,United States,53719,OCC,31540,277510,South Dakota,01/01/1923,2023,Comptroller of the Currency,11,55,100.0,11,0,United States,WELLS FARGO & COMPANY,0,6,0,1360215000,,Madison,MULT,CB,EXACT,,FED,0,,0,101 N Phillips Ave,357,249810,1120754,25,3511,43.0594539842845,SD,9,CALL,0,Kansas City,451965,Madison West Towne Branch,1,,Dane,ALL OTHER > $1 BILLION,Large Bank,,02/20/2004,0,5003,0,WI,1,Wisconsin,9,OCC,Minneapolis,1667885000,,0,430 Gammon Pl,-89.5023080285184,,SAN FRANCISCO,46099,"Madison-Janesville-Beloit, WI",Sioux Falls,3,55025,,"Madison, WI","Wells Fargo Bank, National Association",Madison,CA,2023_3511_5003
57104,DIF,N,United States,53589,OCC,31540,8426,South Dakota,09/25/1877,2023,Comptroller of the Currency,11,55,100.0,11,0,United States,WELLS FARGO & COMPANY,0,6,0,1360215000,,Stoughton,MULT,CB,EXACT,,FED,0,,0,101 N Phillips Ave,357,63185,1120754,25,3511,42.9165559880978,SD,9,CALL,0,Kansas City,451965,Stoughton Branch,1,,Dane,ALL OTHER > $1 BILLION,Large Bank,,02/20/2004,0,5005,0,WI,1,Wisconsin,9,OCC,Minneapolis,1667885000,,0,911 W Main St,-89.2310159975807,,SAN FRANCISCO,46099,"Madison-Janesville-Beloit, WI",Sioux Falls,3,55025,,"Madison, WI","Wells Fargo Bank, National Association",Stoughton,CA,2023_3511_5005
57104,DIF,N,United States,54601,OCC,29100,3611,South Dakota,01/01/1876,2023,Comptroller of the Currency,11,55,100.0,11,0,United States,WELLS FARGO & COMPANY,0,6,0,1360215000,,La Crosse,MULT,CB,EXACT,,FED,0,,0,101 N Phillips Ave,317,137197,1120754,63,3511,43.8094469829506,SD,9,CALL,0,Kansas City,451965,La Crosse Branch,1,,La Crosse,ALL OTHER > $1 BILLION,Large Bank,,02/20/2004,0,5009,0,WI,1,Wisconsin,9,OCC,Minneapolis,1667885000,,0,305 5th Ave S,-91.2492079619547,,SAN FRANCISCO,46099,"La Crosse-Onalaska-Sparta, WI-MN",Sioux Falls,3,55063,,"La Crosse-Onalaska, WI-MN","Wells Fargo Bank, National Association",La Crosse,CA,2023_3511_5009
57104,DIF,N,United States,54650,OCC,29100,207620,South Dakota,03/31/1997,2023,Comptroller of the Currency,11,55,100.0,11,0,United States,WELLS FARGO & COMPANY,0,6,0,1360215000,,Onalaska,MULT,CB,EXACT,,FED,0,,0,101 N Phillips Ave,317,94215,1120754,63,3511,43.8729810127397,SD,9,CALL,0,Kansas City,451965,Onalaska Branch,1,,La Crosse,ALL OTHER > $1 BILLION,Large Bank,,02/20/2004,0,5011,0,WI,1,Wisconsin,9,OCC,Minneapolis,1667885000,,0,591 Theater Rd,-91.1950470373011,,SAN FRANCISCO,46099,"La Crosse-Onalaska-Sparta, WI-MN",Sioux Falls,3,55063,,"La Crosse-Onalaska, WI-MN","Wells Fargo Bank, National Association",Onalaska,CA,2023_3511_5011
57104,DIF,N,United States,54016,OCC,33460,13711,South Dakota,06/04/1969,2023,Comptroller of the Currency,11,55,100.0,11,0,United States,WELLS FARGO & COMPANY,0,6,0,1360215000,,Hudson,MULT,CB,EXACT,,FED,0,,0,101 N Phillips Ave,378,145923,1120754,109,3511,44.9763369862811,SD,9,CALL,0,Kansas City,451965,Hudson Branch,1,,St. Croix,ALL OTHER > $1 BILLION,Large Bank,,02/20/2004,0,5012,0,WI,1,Wisconsin,9,OCC,Minneapolis,1667885000,,0,600 2nd St,-92.7567629854925,,SAN FRANCISCO,46099,"Minneapolis-St. Paul, MN-WI",Sioux Falls,3,55109,,"Minneapolis-St. Paul-Bloomington, MN-WI","Wells Fargo Bank, National Association",Hudson,CA,2023_3511_5012
57104,DIF,N,United States,53072,OCC,33340,362501,South Dakota,07/02/2001,2023,Comptroller of the Currency,11,55,100.0,11,0,United States,WELLS FARGO & COMPANY,0,6,0,1360215000,,Pewaukee,MULT,CB,EXACT,,FED,0,,0,101 N Phillips Ave,376,64719,1120754,133,3511,43.0840319875088,SD,9,CALL,0,Kansas City,451965,Meadow Creek Branch,1,,Waukesha,ALL OTHER > $1 BILLION,Large Bank,,02/20/2004,0,5017,0,WI,1,Wisconsin,9,OCC,Minneapolis,1667885000,,0,1463 Capitol Dr,-88.2268670146479,,SAN FRANCISCO,46099,"Milwaukee-Racine-Waukesha, WI",Sioux Falls,3,55133,,"Milwaukee-Waukesha, WI","Wells Fargo Bank, National Association",Pewaukee,CA,2023_3511_5017
57104,DIF,N,United States,53913,OCC,0,8789,South Dakota,03/12/1934,2023,Comptroller of the Currency,11,55,100.0,11,0,United States,WELLS FARGO & COMPANY,0,6,0,1360215000,,Baraboo,MULT,CB,EXACT,,FED,0,,0,101 N Phillips Ave,357,66955,1120754,111,3511,43.4700579817733,SD,9,CALL,0,Kansas City,451965,Baraboo Branch,0,,Sauk,ALL OTHER > $1 BILLION,Large Bank,,02/20/2004,1,5018,0,WI,1,Wisconsin,9,OCC,Minneapolis,1667885000,,0,502 Oak St,-89.7421700180239,,SAN FRANCISCO,46099,"Madison-Janesville-Beloit, WI",Sioux Falls,3,55111,,,"Wells Fargo Bank, National Association",Baraboo,CA,2023_3511_5018
57104,DIF,N,United States,53913,OCC,0,230890,South Dakota,09/07/1999,2023,Comptroller of the Currency,11,55,100.0,11,0,United States,WELLS FARGO & COMPANY,0,6,0,1360215000,,Baraboo,MULT,CB,EXACT,,FED,0,,0,101 N Phillips Ave,357,35029,1120754,111,3511,43.4744379871871,SD,9,CALL,0,Kansas City,451965,West Baraboo Branch,0,,Sauk,ALL OTHER > $1 BILLION,Large Bank,,02/20/2004,1,5020,0,WI,1,Wisconsin,9,OCC,Minneapolis,1667885000,,0,"433 Linn St, Ste C",-89.766621035415,,SAN FRANCISCO,46099,"Madison-Janesville-Beloit, WI",Sioux Falls,3,55111,,,"Wells Fargo Bank, National Association",Baraboo,CA,2023_3511_5020
53562,DIF,SB,United States,53562,OCC,31540,76794,Wisconsin,12/24/2000,2023,Comptroller of the Currency,11,55,100.0,9,15685,United States,DEERE & COMPANY,1,4,1456983,1456983,,Middleton,ONE,SA,EXACT,M,FED,1,,0,"8383 Greenway Boulevard, Suite 635",357,1456983,1277313,25,35237,43.0886390167701,WI,2,CALL,0,Chicago,2992547,"John Deere Financial, F.S.B.",1,,Dane,AGRICULTURAL,Western,,,0,0,0,WI,1,Wisconsin,7,OCC,Chicago,4271561,,0,"8383 Greenway Boulevard, Suite 635",-89.526177006553,,MOLINE,55025,"Madison-Janesville-Beloit, WI",Middleton,33,55025,,"Madison, WI","John Deere Financial, f.s.b.",Middleton,IL,2023_35237_0
53719,DIF,NM,United States,53719,STATE,31540,78239,Wisconsin,08/14/2000,2023,State Agency,11,55,100.0,9,0,United States,"OAK FINANCIAL, INC.",1,,390887,390887,,Madison,ONE,CB,EXACT,M,STATE,1,,0,5951 Mckee Rd,357,390887,2857598,25,35333,43.0141239813595,WI,4,CALL,0,Chicago,2857600,Oak Bank,1,,Dane,COMMERCIAL LENDING,,,,0,0,1,WI,1,Wisconsin,7,FDIC,Chicago,456485,,0,5951 Mckee Rd,-89.456576029517,,FITCHBURG,55025,"Madison-Janesville-Beloit, WI",Fitchburg,21,55025,,"Madison, WI",Oak Bank,Fitchburg,WI,2023_35333_0
61727,DIF,N,United States,54773,OCC,0,9360,Illinois,01/01/1888,2023,Comptroller of the Currency,11,55,100.0,9,0,United States,"TREYNOR BANCSHARES, INC.",0,4,0,355922,,Whitehall,MULT,CB,EXACT,,FED,0,,0,2 Kelli Ct,0,40328,1207785,121,3639,44.3700039826194,IL,2,CALL,0,Chicago,32234,Whitehall Branch,0,,Trempealeau,AGRICULTURAL,Western,,10/01/2021,0,2,1,WI,1,Wisconsin,7,OCC,Chicago,373502,,0,36450 Main St,-91.31630199557,,TREYNOR,17039,,Clinton,3,55121,,,First National Bank & Trust Company,Whitehall,IA,2023_3639_2
61727,DIF,N,United States,54612,OCC,0,423268,Illinois,10/06/2003,2023,Comptroller of the Currency,11,55,100.0,9,0,United States,"TREYNOR BANCSHARES, INC.",0,4,0,355922,,Arcadia,MULT,CB,EXACT,,FED,0,,0,2 Kelli Ct,0,2982,1207785,121,3639,44.250849990291,IL,2,CALL,0,Chicago,32234,East Main Street Branch,0,,Trempealeau,AGRICULTURAL,Western,,10/01/2021,0,3,1,WI,1,Wisconsin,7,OCC,Chicago,373502,,0,1550 E Main St,-91.4740759839649,,TREYNOR,17039,,Clinton,3,55121,,,First National Bank & Trust Company,Arcadia,IA,2023_3639_3
61727,DIF,N,United States,54747,OCC,0,525919,Illinois,09/06/2011,2023,Comptroller of the Currency,11,55,100.0,9,0,United States,"TREYNOR BANCSHARES, INC.",0,4,0,355922,,Independence,MULT,CB,EXACT,,FED,0,,0,2 Kelli Ct,0,7909,1207785,121,3639,44.358880987558,IL,2,CALL,0,Chicago,32234,Independence Branch (Cedar Street),0,,Trempealeau,AGRICULTURAL,Western,,10/01/2021,0,4,1,WI,1,Wisconsin,7,OCC,Chicago,373502,,0,23513 Cedar St,-91.418604967845,,TREYNOR,17039,,Clinton,3,55121,,,First National Bank & Trust Company,Independence,IA,2023_3639_4
61727,DIF,N,United States,54612,OCC,0,9397,Illinois,10/01/2021,2023,Comptroller of the Currency,11,55,100.0,9,0,United States,"TREYNOR BANCSHARES, INC.",0,4,0,355922,,Arcadia,MULT,CB,EXACT,,FED,0,,0,2 Kelli Ct,0,86136,1207785,121,3639,44.2522980059741,IL,2,CALL,0,Chicago,32234,State Bank Of Arcadia Branch,0,,Trempealeau,AGRICULTURAL,Western,,10/01/2021,0,5,1,WI,1,Wisconsin,7,OCC,Chicago,373502,,0,131 W Main St,-91.5007199586838,,TREYNOR,17039,,Clinton,3,55121,,,First National Bank & Trust Company,Arcadia,IA,2023_3639_5
60007,DIF,NM,United States,53142,STATE,28450,57048,Illinois,05/22/1997,2023,State Agency,11,55,100.0,9,11088,United States,FIRST AMERICAN BANK CORPORATION,0,,0,4786266,,Kenosha,ONE,CB,EXACT,,STATE,0,,0,700 Busse Rd,176,407330,1199974,59,3657,42.571326979702,IL,4,CALL,0,Chicago,850036,Green Bay Rd Br,1,,Kenosha,COMMERCIAL LENDING,,,02/17/2018,0,60,1,WI,1,Wisconsin,7,FDIC,Chicago,6275392,,0,7027 Green Bay Rd,-87.8857989925359,,ELK GROVE VILLAGE,17031,"Chicago-Naperville, IL-IN-WI",Elk Grove Village,21,55059,,"Kenosha, WI",First American Bank,Kenosha,IL,2023_3657_60
60007,DIF,NM,United States,53168,STATE,28450,334300,Illinois,02/29/2000,2023,State Agency,11,55,100.0,9,11088,United States,FIRST AMERICAN BANK CORPORATION,0,,0,4786266,,Salem,ONE,CB,EXACT,,STATE,0,,0,700 Busse Rd,176,34710,1199974,59,3657,42.5687839940976,IL,4,CALL,0,Chicago,850036,Paddock Lake Branch,1,,Kenosha,COMMERCIAL LENDING,,,02/17/2018,0,61,1,WI,1,Wisconsin,7,FDIC,Chicago,6275392,,0,23604 75th St,-88.0960099995583,,ELK GROVE VILLAGE,17031,"Chicago-Naperville, IL-IN-WI",Elk Grove Village,21,55059,,"Kenosha, WI",First American Bank,Salem,IL,2023_3657_61
60007,DIF,NM,United States,53140,STATE,28450,358834,Illinois,10/16/2000,2023,State Agency,11,55,100.0,9,11088,United States,FIRST AMERICAN BANK CORPORATION,0,,0,4786266,,Kenosha,ONE,CB,EXACT,,STATE,0,,0,700 Busse Rd,176,47965,1199974,59,3657,42.6350410108618,IL,4,CALL,0,Chicago,850036,Somers Branch,1,,Kenosha,COMMERCIAL LENDING,,,02/17/2018,0,62,1,WI,1,Wisconsin,7,FDIC,Chicago,6275392,,0,1350 22nd Ave,-87.8366480152293,,ELK GROVE VILLAGE,17031,"Chicago-Naperville, IL-IN-WI",Elk Grove Village,21,55059,,"Kenosha, WI",First American Bank,Kenosha,IL,2023_3657_62
47708,DIF,N,United States,53703,OCC,31540,42813,Indiana,01/01/1918,2023,Comptroller of the Currency,11,55,100.0,9,15401,United States,OLD NATIONAL BANCORP,0,7,0,36547037,,Madison,ONE,CB,EXACT,,FED,0,,0,1 Main St,357,133571,1098303,25,3832,43.0730210165833,IN,4,CALL,0,Chicago,208244,Wisconsin Br,1,,Dane,COMMERCIAL LENDING,Midsize,,05/01/2016,0,452,0,WI,1,Wisconsin,8,OCC,St. Louis,48206730,,0,23 W Main St,-89.383707032252,,EVANSVILLE,18163,"Madison-Janesville-Beloit, WI",Evansville,3,55025,,"Madison, WI",Old National Bank,Madison,IN,2023_3832_452
47708,DIF,N,United States,53705,OCC,31540,278038,Indiana,01/01/1918,2023,Comptroller of the Currency,11,55,100.0,9,15401,United States,OLD NATIONAL BANCORP,0,7,0,36547037,,Madison,ONE,CB,EXACT,,FED,0,,0,1 Main St,357,111793,1098303,25,3832,43.0699000149359,IN,4,CALL,0,Chicago,208244,Hilldale Branch,1,,Dane,COMMERCIAL LENDING,Midsize,,05/01/2016,0,453,0,WI,1,Wisconsin,8,OCC,St. Louis,48206730,,0,302 N Midvale Blvd,-89.451676974749,,EVANSVILLE,18163,"Madison-Janesville-Beloit, WI",Evansville,3,55025,,"Madison, WI",Old National Bank,Madison,IN,2023_3832_453
47708,DIF,N,United States,53704,OCC,31540,278041,Indiana,01/01/1918,2023,Comptroller of the Currency,11,55,100.0,9,15401,United States,OLD NATIONAL BANCORP,0,7,0,36547037,,Madison,ONE,CB,EXACT,,FED,0,,0,1 Main St,357,96796,1098303,25,3832,43.1289099963051,IN,4,CALL,0,Chicago,208244,Sherman Plaza Branch,1,,Dane,COMMERCIAL LENDING,Midsize,,05/01/2016,0,456,0,WI,1,Wisconsin,8,OCC,St. Louis,48206730,,0,2929 N Sherman Ave,-89.3629850397645,,EVANSVILLE,18163,"Madison-Janesville-Beloit, WI",Evansville,3,55025,,"Madison, WI",Old National Bank,Madison,IN,2023_3832_456
47708,DIF,N,United States,53590,OCC,31540,278043,Indiana,01/01/1918,2023,Comptroller of the Currency,11,55,100.0,9,15401,United States,OLD NATIONAL BANCORP,0,7,0,36547037,,Sun Prairie,ONE,CB,EXACT,,FED,0,,0,1 Main St,357,64162,1098303,25,3832,43.1787629999122,IN,4,CALL,0,Chicago,208244,Sun Prairie Branch,1,,Dane,COMMERCIAL LENDING,Midsize,,05/01/2016,0,457,0,WI,1,Wisconsin,8,OCC,St. Louis,48206730,,0,1516 W Main St,-89.239093972947,,EVANSVILLE,18163,"Madison-Janesville-Beloit, WI",Evansville,3,55025,,"Madison, WI",Old National Bank,Sun Prairie,IN,2023_3832_457
47708,DIF,N,United States,53716,OCC,31540,278045,Indiana,01/01/1918,2023,Comptroller of the Currency,11,55,100.0,9,15401,United States,OLD NATIONAL BANCORP,0,7,0,36547037,,Madison,ONE,CB,EXACT,,FED,0,,0,1 Main St,357,105490,1098303,25,3832,43.0839870185982,IN,4,CALL,0,Chicago,208244,C & P Shopping Center Branch,1,,Dane,COMMERCIAL LENDING,Midsize,,05/01/2016,0,459,0,WI,1,Wisconsin,8,OCC,St. Louis,48206730,,0,216 Cottage Grove Rd,-89.3230079716644,,EVANSVILLE,18163,"Madison-Janesville-Beloit, WI",Evansville,3,55025,,"Madison, WI",Old National Bank,Madison,IN,2023_3832_459
47708,DIF,N,United States,53711,OCC,31540,278046,Indiana,01/01/1918,2023,Comptroller of the Currency,11,55,100.0,9,15401,United States,OLD NATIONAL BANCORP,0,7,0,36547037,,Madison,ONE,CB,EXACT,,FED,0,,0,1 Main St,357,85401,1098303,25,3832,43.0323819876799,IN,4,CALL,0,Chicago,208244,Meadowood Branch,1,,Dane,COMMERCIAL LENDING,Midsize,,05/01/2016,0,460,0,WI,1,Wisconsin,8,OCC,St. Louis,48206730,,0,5750 Raymond Rd,-89.4793579585289,,EVANSVILLE,18163,"Madison-Janesville-Beloit, WI",Evansville,3,55025,,"Madison, WI",Old National Bank,Madison,IN,2023_3832_460
47708,DIF,N,United States,53719,OCC,31540,278051,Indiana,01/01/1918,2023,Comptroller of the Currency,11,55,100.0,9,15401,United States,OLD NATIONAL BANCORP,0,7,0,36547037,,Madison,ONE,CB,StreetAddress,,FED,0,,0,1 Main St,357,79992,1098303,25,3832,43.0566049963499,IN,4,CALL,0,Chicago,208244,West Towne Branch,1,,Dane,COMMERCIAL LENDING,Midsize,,05/01/2016,0,462,0,WI,1,Wisconsin,8,OCC,St. Louis,48206730,,0,488 S Gammon Rd,-89.5031083760297,,EVANSVILLE,18163,"Madison-Janesville-Beloit, WI",Evansville,3,55025,,"Madison, WI",Old National Bank,Madison,IN,2023_3832_462
47708,DIF,N,United States,53572,OCC,31540,278053,Indiana,01/01/1918,2023,Comptroller of the Currency,11,55,100.0,9,15401,United States,OLD NATIONAL BANCORP,0,7,0,36547037,,Mount Horeb,ONE,CB,EXACT,,FED,0,,0,1 Main St,357,29815,1098303,25,3832,43.0089139998932,IN,4,CALL,0,Chicago,208244,Mount Horeb Branch,1,,Dane,COMMERCIAL LENDING,Midsize,,05/01/2016,0,464,0,WI,1,Wisconsin,8,OCC,St. Louis,48206730,,0,1889 Springdale St,-89.7112559665512,,EVANSVILLE,18163,"Madison-Janesville-Beloit, WI",Evansville,3,55025,,"Madison, WI",Old National Bank,Mount Horeb,IN,2023_3832_464
47708,DIF,N,United States,53115,OCC,0,44041,Indiana,09/06/1960,2023,Comptroller of the Currency,11,55,100.0,9,15401,United States,OLD NATIONAL BANCORP,0,7,0,36547037,,Delavan,ONE,CB,EXACT,,FED,0,,0,1 Main St,376,40184,1098303,127,3832,42.6327779808234,IN,4,CALL,0,Chicago,208244,Delavan Branch,0,,Walworth,COMMERCIAL LENDING,Midsize,,05/01/2016,1,468,0,WI,1,Wisconsin,8,OCC,St. Louis,48206730,,0,500 E Walworth Ave,-88.6419390275338,,EVANSVILLE,18163,"Milwaukee-Racine-Waukesha, WI",Evansville,3,55127,,,Old National Bank,Delavan,IN,2023_3832_468
47708,DIF,N,United States,53593,OCC,31540,270316,Indiana,01/01/1885,2023,Comptroller of the Currency,11,55,100.0,9,15401,United States,OLD NATIONAL BANCORP,0,7,0,36547037,,Verona,ONE,CB,EXACT,,FED,0,,0,1 Main St,357,53588,1098303,25,3832,42.9939139974275,IN,4,CALL,0,Chicago,208244,Anchorbank Fsb - Verona Branch,1,,Dane,COMMERCIAL LENDING,Midsize,,05/01/2016,0,470,0,WI,1,Wisconsin,8,OCC,St. Louis,48206730,,0,611 Hometown Cir,-89.5217279761665,,EVANSVILLE,18163,"Madison-Janesville-Beloit, WI",Evansville,3,55025,,"Madison, WI",Old National Bank,Verona,IN,2023_3832_470
47708,DIF,N,United States,53704,OCC,31540,278058,Indiana,06/30/1985,2023,Comptroller of the Currency,11,55,100.0,9,15401,United States,OLD NATIONAL BANCORP,0,7,0,36547037,,Madison,ONE,CB,EXACT,,FED,0,,0,1 Main St,357,57613,1098303,25,3832,43.1296400181621,IN,4,CALL,0,Chicago,208244,East Towne Branch,1,,Dane,COMMERCIAL LENDING,Midsize,,05/01/2016,0,472,0,WI,1,Wisconsin,8,OCC,St. Louis,48206730,,0,4708 E Towne Blvd,-89.3046360133703,,EVANSVILLE,18163,"Madison-Janesville-Beloit, WI",Evansville,3,55025,,"Madison, WI",Old National Bank,Madison,IN,2023_3832_472
47708,DIF,N,United States,53545,OCC,27500,278060,Indiana,06/30/1987,2023,Comptroller of the Currency,11,55,100.0,9,15401,United States,OLD NATIONAL BANCORP,0,7,0,36547037,,Janesville,ONE,CB,EXACT,,FED,0,,0,1 Main St,357,79482,1098303,105,3832,42.713937979524,IN,4,CALL,0,Chicago,208244,Janesville Branch,1,,Rock,COMMERCIAL LENDING,Midsize,,05/01/2016,0,474,0,WI,1,Wisconsin,8,OCC,St. Louis,48206730,,0,2215 Holiday Dr,-88.9942849841874,,EVANSVILLE,18163,"Madison-Janesville-Beloit, WI",Evansville,3,55105,,"Janesville-Beloit, WI",Old National Bank,Janesville,IN,2023_3832_474
47708,DIF,N,United States,53532,OCC,31540,275125,Indiana,06/01/1935,2023,Comptroller of the Currency,11,55,100.0,9,15401,United States,OLD NATIONAL BANCORP,0,7,0,36547037,,DeForest,ONE,CB,EXACT,,FED,0,,0,1 Main St,357,57437,1098303,25,3832,43.2415030120134,IN,4,CALL,0,Chicago,208244,De Forest Branch,1,,Dane,COMMERCIAL LENDING,Midsize,,05/01/2016,0,476,0,WI,1,Wisconsin,8,OCC,St. Louis,48206730,,0,601 S Main St,-89.3433899941591,,EVANSVILLE,18163,"Madison-Janesville-Beloit, WI",Evansville,3,55025,,"Madison, WI",Old National Bank,De Forest,IN,2023_3832_476
47708,DIF,N,United States,54481,OCC,0,43643,Indiana,01/01/1924,2023,Comptroller of the Currency,11,55,100.0,9,15401,United States,OLD NATIONAL BANCORP,0,7,0,36547037,,Stevens Point,ONE,CB,EXACT,,FED,0,,0,1 Main St,554,111179,1098303,97,3832,44.5290780041968,IN,4,CALL,0,Chicago,208244,American Equity Branch,0,,Portage,COMMERCIAL LENDING,Midsize,,05/01/2016,1,479,0,WI,1,Wisconsin,8,OCC,St. Louis,48206730,,0,640 Division St,-89.5753230385367,,EVANSVILLE,18163,"Wausau-Stevens Point-Wisconsin Rapids, WI",Evansville,3,55097,,,Old National Bank,Stevens Point,IN,2023_3832_479
47708,DIF,N,United States,54902,OCC,36780,41578,Indiana,01/01/1893,2023,Comptroller of the Currency,11,55,98.71,9,15401,United States,OLD NATIONAL BANCORP,0,7,0,36547037,,Oshkosh,ONE,CB,EXACT,,FED,0,,0,1 Main St,118,97574,1098303,139,3832,44.0141359921611,IN,4,CALL,0,Chicago,208244,South Koeller Branch,1,,Winnebago,COMMERCIAL LENDING,Midsize,,05/01/2016,0,482,0,WI,1,Wisconsin,8,OCC,St. Louis,48206730,,0,420 S Koeller St Frnt,-88.5809590055519,,EVANSVILLE,18163,"Appleton-Oshkosh-Neenah, WI",Evansville,3,55139,,"Oshkosh-Neenah, WI",Old National Bank,Oshkosh,IN,2023_3832_482
47708,DIF,N,United States,54914,OCC,11540,276707,Indiana,01/01/1886,2023,Comptroller of the Currency,11,55,100.0,9,15401,United States,OLD NATIONAL BANCORP,0,7,0,36547037,,Appleton,ONE,CB,EXACT,,FED,0,,0,1 Main St,118,60693,1098303,87,3832,44.2878309890106,IN,4,CALL,0,Chicago,208244,1220 W Northland Avenue Branch,1,,Outagamie,COMMERCIAL LENDING,Midsize,,05/01/2016,0,488,0,WI,1,Wisconsin,8,OCC,St. Louis,48206730,,0,1220 W Northland Ave,-88.4252619689448,,EVANSVILLE,18163,"Appleton-Oshkosh-Neenah, WI",Evansville,3,55087,,"Appleton, WI",Old National Bank,Appleton,IN,2023_3832_488
47708,DIF,N,United States,53214,OCC,33340,42337,Indiana,01/01/1919,2023,Comptroller of the Currency,11,55,100.0,9,15401,United States,OLD NATIONAL BANCORP,0,7,0,36547037,,Milwaukee,ONE,CB,EXACT,,FED,0,,0,1 Main St,376,85815,1098303,79,3832,43.0164600177745,IN,4,CALL,0,Chicago,208244,"Ledger Bank, S.S.B.Branch",1,,Milwaukee,COMMERCIAL LENDING,Midsize,,05/01/2016,0,492,0,WI,1,Wisconsin,8,OCC,St. Louis,48206730,,0,7401 W Greenfield Ave,-88.0050709601515,,EVANSVILLE,18163,"Milwaukee-Racine-Waukesha, WI",Evansville,3,55079,,"Milwaukee-Waukesha, WI",Old National Bank,West Allis,IN,2023_3832_492
47708,DIF,N,United States,53221,OCC,33340,275263,Indiana,06/30/1985,2023,Comptroller of the Currency,11,55,100.0,9,15401,United States,OLD NATIONAL BANCORP,0,7,0,36547037,,Milwaukee,ONE,CB,EXACT,,FED,0,,0,1 Main St,376,63633,1098303,79,3832,42.9516189978233,IN,4,CALL,0,Chicago,208244,South 27Th Street Branch,1,,Milwaukee,COMMERCIAL LENDING,Midsize,,05/01/2016,0,493,0,WI,1,Wisconsin,8,OCC,St. Louis,48206730,,0,5101 S 27th St,-87.949453009269,,EVANSVILLE,18163,"Milwaukee-Racine-Waukesha, WI",Evansville,3,55079,,"Milwaukee-Waukesha, WI",Old National Bank,Greenfield,IN,2023_3832_493
47708,DIF,N,United States,54956,OCC,36780,617235,Indiana,09/23/2019,2023,Comptroller of the Currency,11,55,100.0,9,15401,United States,OLD NATIONAL BANCORP,0,7,0,36547037,,Neenah,ONE,CB,EXACT,,FED,0,,0,1 Main St,118,40864,1098303,139,3832,44.173102012916,IN,4,CALL,0,Chicago,208244,Neenah Green Bay,1,,Winnebago,COMMERCIAL LENDING,Midsize,,,0,583,0,WI,1,Wisconsin,8,OCC,St. Louis,48206730,,0,971 S Green Bay Rd,-88.4854939898874,,EVANSVILLE,18163,"Appleton-Oshkosh-Neenah, WI",Evansville,3,55139,,"Oshkosh-Neenah, WI",Old National Bank,Neenah,IN,2023_3832_583
47708,DIF,N,United States,53216,OCC,33340,8547,Indiana,12/01/1915,2023,Comptroller of the Currency,11,55,100.0,9,15401,United States,OLD NATIONAL BANCORP,0,7,0,36547037,,Milwaukee,ONE,CB,EXACT,,FED,0,,0,1 Main St,376,39629,1098303,79,3832,43.090336016887,IN,4,CALL,0,Chicago,208244,West Capitol Branch,1,,Milwaukee,COMMERCIAL LENDING,Midsize,,02/16/2022,0,691,0,WI,1,Wisconsin,8,OCC,St. Louis,48206730,,0,7540 W Capitol Dr,-88.0067470055105,,EVANSVILLE,18163,"Milwaukee-Racine-Waukesha, WI",Evansville,3,55079,,"Milwaukee-Waukesha, WI",Old National Bank,Milwaukee,IN,2023_3832_691
47708,DIF,N,United States,53202,OCC,33340,258549,Indiana,09/12/1994,2023,Comptroller of the Currency,11,55,100.0,9,15401,United States,OLD NATIONAL BANCORP,0,7,0,36547037,,Milwaukee,ONE,CB,EXACT,,FED,0,,0,1 Main St,376,312952,1098303,79,3832,43.0415330142907,IN,4,CALL,0,Chicago,208244,Wells Street Branch,1,,Milwaukee,COMMERCIAL LENDING,Midsize,,02/16/2022,0,692,0,WI,1,Wisconsin,8,OCC,St. Louis,48206730,,0,302 E Wells St,-87.9074750132428,,EVANSVILLE,18163,"Milwaukee-Racine-Waukesha, WI",Evansville,3,55079,,"Milwaukee-Waukesha, WI",Old National Bank,Milwaukee,IN,2023_3832_692
47708,DIF,N,United States,53005,OCC,33340,488799,Indiana,03/02/2009,2023,Comptroller of the Currency,11,55,100.0,9,15401,United States,OLD NATIONAL BANCORP,0,7,0,36547037,,Brookfield,ONE,CB,EXACT,,FED,0,,0,1 Main St,376,410297,1098303,133,3832,43.0176339871332,IN,4,CALL,0,Chicago,208244,Park Bank Brookfield,1,,Waukesha,COMMERCIAL LENDING,Midsize,,02/16/2022,0,694,0,WI,1,Wisconsin,8,OCC,St. Louis,48206730,,0,14870 W Greenfield Ave,-88.0978860371271,,EVANSVILLE,18163,"Milwaukee-Racine-Waukesha, WI",Evansville,3,55133,,"Milwaukee-Waukesha, WI",Old National Bank,Brookfield,IN,2023_3832_694
47708,DIF,N,United States,53202,OCC,33340,655081,Indiana,02/06/2023,2023,Comptroller of the Currency,11,55,100.0,9,15401,United States,OLD NATIONAL BANCORP,0,7,0,36547037,,Milwaukee,ONE,CB,EXACT,,FED,0,,0,1 Main St,376,348720,1098303,79,3832,43.0365930139258,IN,4,CALL,0,Chicago,208244,Milwaukee - Huron Building Branch,1,,Milwaukee,COMMERCIAL LENDING,Midsize,,,0,701,0,WI,1,Wisconsin,8,OCC,St. Louis,48206730,,0,511 N Broadway,-87.9079820345659,,EVANSVILLE,18163,"Milwaukee-Racine-Waukesha, WI",Evansville,3,55079,,"Milwaukee-Waukesha, WI",Old National Bank,Milwaukee,IN,2023_3832_701
49855,DIF,NM,United States,54304,STATE,24580,608035,Michigan,01/14/2019,2023,State Agency,11,55,100.0,9,14270,United States,RANGE FINANCIAL CORPORATION,0,3,0,473867,,Green Bay,ONE,CB,EXACT,,STATE,0,,0,100 N Front St,267,6005,1139868,9,5072,44.4862240154698,MI,4,CALL,0,Chicago,355559,Oneida Street Branch,1,,Brown,COMMERCIAL LENDING,Central,,,0,15,1,WI,1,Wisconsin,9,FDIC,Minneapolis,540208,,0,2403 S Oneida St,-88.0668009948296,,MARQUETTE,26103,"Green Bay-Shawano, WI",Marquette,21,55009,,"Green Bay, WI",Range Bank,Ashwaubenon,MI,2023_5072_15
55987,DIF,N,United States,54720,OCC,20740,618550,Minnesota,11/12/2019,2023,Comptroller of the Currency,11,55,100.0,11,9287,United States,WNB HOLDING COMPANY,0,4,0,472060,,Altoona,ONE,CB,EXACT,,FED,0,,0,204 Main St,232,10902,1133660,35,5280,44.8183440206658,MN,4,CALL,0,Kansas City,220059,Altoona Branch,1,,Eau Claire,COMMERCIAL LENDING,Western,,,0,5,1,WI,1,Wisconsin,9,OCC,Minneapolis,557792,,0,1160 Blazing Star Blvd,-91.4606790204815,,WINONA,27169,"Eau Claire-Menomonie, WI",Winona,3,55035,,"Eau Claire, WI","WNB FINANCIAL, N.A.",Altoona,MN,2023_5280_5
55987,DIF,N,United States,54636,OCC,29100,634604,Minnesota,06/01/2021,2023,Comptroller of the Currency,11,55,99.49,11,9287,United States,WNB HOLDING COMPANY,0,4,0,472060,,Holmen,ONE,CB,EXACT,,FED,0,,0,204 Main St,317,9935,1133660,63,5280,43.951637001686,MN,4,CALL,0,Kansas City,220059,Holmen Branch,1,,La Crosse,COMMERCIAL LENDING,Western,,,0,6,1,WI,1,Wisconsin,9,OCC,Minneapolis,557792,,0,1506 Cole Court,-91.260838020249,,WINONA,27169,"La Crosse-Onalaska-Sparta, WI-MN",Winona,3,55063,,"La Crosse-Onalaska, WI-MN","WNB FINANCIAL, N.A.",Holmen,MN,2023_5280_6
53916,DIF,NM,United States,53916,STATE,0,3551,Wisconsin,06/30/1891,2023,State Agency,11,55,100.0,9,0,United States,"AMERICAN NATIONAL BANK OF BEAVER DAM EMPLOYEE STOCK OWNERSHIP TRUST, THE",0,3,159936,159936,,Beaver Dam,ONE,CB,EXACT,M,STATE,1,,0,115 Front St,376,97926,3009938,27,5283,43.455999979496,WI,4,CALL,0,Chicago,510648,American Bank Of Beaver Dam,0,,Dodge,COMMERCIAL LENDING,Central,,,1,0,1,WI,1,Wisconsin,7,FDIC,Chicago,173951,,0,115 Front St,-88.8376449834731,,BEAVER DAM,55027,"Milwaukee-Racine-Waukesha, WI",Beaver Dam,21,55027,,,American Bank of Beaver Dam,Beaver Dam,WI,2023_5283_0
53916,DIF,NM,United States,53916,STATE,0,207420,Wisconsin,03/06/1990,2023,State Agency,11,55,100.0,9,0,United States,"AMERICAN NATIONAL BANK OF BEAVER DAM EMPLOYEE STOCK OWNERSHIP TRUST, THE",0,3,0,159936,,Beaver Dam,ONE,CB,EXACT,,STATE,0,,0,115 Front St,376,27210,3009938,27,5283,43.4719250087961,WI,4,CALL,0,Chicago,510648,Northside Branch,0,,Dodge,COMMERCIAL LENDING,Central,,,1,1,1,WI,1,Wisconsin,7,FDIC,Chicago,173951,,0,1519 N Spring St,-88.8260249834629,,BEAVER DAM,55027,"Milwaukee-Racine-Waukesha, WI",Beaver Dam,21,55027,,,American Bank of Beaver Dam,Beaver Dam,WI,2023_5283_1
53916,DIF,NM,United States,53916,STATE,0,438917,Wisconsin,08/25/2004,2023,State Agency,11,55,100.0,9,0,United States,"AMERICAN NATIONAL BANK OF BEAVER DAM EMPLOYEE STOCK OWNERSHIP TRUST, THE",0,3,0,159936,,Beaver Dam,ONE,CB,EXACT,,STATE,0,,0,115 Front St,376,10017,3009938,27,5283,43.4892729918888,WI,4,CALL,0,Chicago,510648,The American National Bank Branch,0,,Dodge,COMMERCIAL LENDING,Central,,,1,4,1,WI,1,Wisconsin,7,FDIC,Chicago,173951,,0,120 Frances Ln,-88.8113959640318,,BEAVER DAM,55027,"Milwaukee-Racine-Waukesha, WI",Beaver Dam,21,55027,,,American Bank of Beaver Dam,Beaver Dam,WI,2023_5283_4
53916,DIF,NM,United States,54646,STATE,0,9552,Wisconsin,07/15/1899,2023,State Agency,11,55,100.0,9,0,United States,"AMERICAN NATIONAL BANK OF BEAVER DAM EMPLOYEE STOCK OWNERSHIP TRUST, THE",0,3,0,159936,,Necedah,ONE,CB,EXACT,,STATE,0,,0,115 Front St,0,24783,3009938,57,5283,44.0250789858518,WI,4,CALL,0,Chicago,510648,Necedah Branch,0,,Juneau,COMMERCIAL LENDING,Central,,08/27/2018,0,9,1,WI,1,Wisconsin,7,FDIC,Chicago,173951,,0,212 S Main St,-90.0712110149074,,BEAVER DAM,55027,,Beaver Dam,21,55057,,,American Bank of Beaver Dam,Necedah,WI,2023_5283_9
53511,DIF,N,United States,53511,OCC,27500,3553,Wisconsin,07/01/1882,2023,Comptroller of the Currency,11,55,100.0,9,10388,United States,"CENTRE 1 BANCORP, INC.",0,4,1250303,1250303,,Beloit,ONE,CB,EXACT,M,FED,1,,0,345 E Grand Ave,357,211914,1209042,105,5285,42.5002040166874,WI,4,CALL,0,Chicago,207845,The First National Bank And Trust Company,1,,Rock,COMMERCIAL LENDING,Western,,,0,0,1,WI,1,Wisconsin,7,OCC,Chicago,1557190,,0,345 E Grand Ave,-89.0357559588904,,BELOIT,55105,"Madison-Janesville-Beloit, WI",Beloit,3,55105,,"Janesville-Beloit, WI",The First National Bank and Trust Company,Beloit,WI,2023_5285_0
53511,DIF,N,United States,53525,OCC,27500,233495,Wisconsin,06/13/1979,2023,Comptroller of the Currency,11,55,100.0,9,10388,United States,"CENTRE 1 BANCORP, INC.",0,4,0,1250303,,Clinton,ONE,CB,EXACT,,FED,0,,0,345 E Grand Ave,357,70745,1209042,105,5285,42.5645440083763,WI,4,CALL,0,Chicago,207845,Clinton Branch,1,,Rock,COMMERCIAL LENDING,Western,,03/10/2003,0,12,1,WI,1,Wisconsin,7,OCC,Chicago,1557190,,0,500 Peck Ave,-88.8639820128977,,BELOIT,55105,"Madison-Janesville-Beloit, WI",Beloit,3,55105,,"Janesville-Beloit, WI",The First National Bank and Trust Company,Clinton,WI,2023_5285_12
53511,DIF,N,United States,53114,OCC,0,233496,Wisconsin,01/18/1995,2023,Comptroller of the Currency,11,55,100.0,9,10388,United States,"CENTRE 1 BANCORP, INC.",0,4,0,1250303,,Darien,ONE,CB,EXACT,,FED,0,,0,345 E Grand Ave,376,56787,1209042,127,5285,42.6032510085978,WI,4,CALL,0,Chicago,207845,Darien Branch,0,,Walworth,COMMERCIAL LENDING,Western,,03/10/2003,1,13,1,WI,1,Wisconsin,7,OCC,Chicago,1557190,,0,218 N Walworth St,-88.7162119935808,,BELOIT,55105,"Milwaukee-Racine-Waukesha, WI",Beloit,3,55127,,,The First National Bank and Trust Company,Darien,WI,2023_5285_13
53511,DIF,N,United States,53546,OCC,27500,470513,Wisconsin,12/12/2007,2023,Comptroller of the Currency,11,55,100.0,9,10388,United States,"CENTRE 1 BANCORP, INC.",0,4,0,1250303,,Janesville,ONE,CB,EXACT,,FED,0,,0,345 E Grand Ave,357,40145,1209042,105,5285,42.6414649852745,WI,4,CALL,0,Chicago,207845,Janesville Branch,1,,Rock,COMMERCIAL LENDING,Western,,,0,14,1,WI,1,Wisconsin,7,OCC,Chicago,1557190,,0,2636 S Us Highway 51,-89.031769022826,,BELOIT,55105,"Madison-Janesville-Beloit, WI",Beloit,3,55105,,"Janesville-Beloit, WI",The First National Bank and Trust Company,Janesville,WI,2023_5285_14
53511,DIF,N,United States,53566,OCC,31540,3575,Wisconsin,01/01/1856,2023,Comptroller of the Currency,11,55,100.0,9,10388,United States,"CENTRE 1 BANCORP, INC.",0,4,0,1250303,,Monroe,ONE,CB,EXACT,,FED,0,,0,345 E Grand Ave,357,132936,1209042,45,5285,42.6023740100685,WI,4,CALL,0,Chicago,207845,Monroe Branch,1,,Green,COMMERCIAL LENDING,Western,,11/06/2009,0,15,1,WI,1,Wisconsin,7,OCC,Chicago,1557190,,0,1625 10th St,-89.6389310386213,,BELOIT,55105,"Madison-Janesville-Beloit, WI",Beloit,3,55045,,"Madison, WI",The First National Bank and Trust Company,Monroe,WI,2023_5285_15
53511,DIF,N,United States,53566,OCC,31540,207536,Wisconsin,09/18/1979,2023,Comptroller of the Currency,23,55,100.0,9,10388,United States,"CENTRE 1 BANCORP, INC.",0,4,0,1250303,,Monroe,ONE,CB,EXACT,N,FED,0,,0,345 E Grand Ave,357,0,1209042,45,5285,42.6023750158969,WI,4,CALL,0,Chicago,207845,Motor Bank Branch,1,,Green,COMMERCIAL LENDING,Western,,11/06/2009,0,16,1,WI,1,Wisconsin,7,OCC,Chicago,1557190,,0,1919 10th St,-89.6354640320109,,BELOIT,55105,"Madison-Janesville-Beloit, WI",Beloit,3,55045,,"Madison, WI",The First National Bank and Trust Company,Monroe,WI,2023_5285_16
53511,DIF,N,United States,53504,OCC,0,8093,Wisconsin,07/07/1895,2023,Comptroller of the Currency,11,55,100.0,9,10388,United States,"CENTRE 1 BANCORP, INC.",0,4,0,1250303,,Argyle,ONE,CB,EXACT,,FED,0,,0,345 E Grand Ave,0,18728,1209042,65,5285,42.7014339820954,WI,4,CALL,0,Chicago,207845,Argyle Branch,0,,Lafayette,COMMERCIAL LENDING,Western,,11/06/2009,0,17,1,WI,1,Wisconsin,7,OCC,Chicago,1557190,,0,321 E Milwaukee St,-89.8668540128818,,BELOIT,55105,,Beloit,3,55065,,,The First National Bank and Trust Company,Argyle,WI,2023_5285_17
53511,DIF,N,United States,53184,OCC,0,9585,Wisconsin,08/17/1903,2023,Comptroller of the Currency,11,55,US_Streets,9,10388,United States,"CENTRE 1 BANCORP, INC.",0,4,0,1250303,,Walworth,ONE,CB,T,,FED,0,,0,345 E Grand Ave,376,179591,1209042,127,5285,42.531158,WI,4,CALL,0,Chicago,207845,Old Walworth State Bank Branch,0,,Walworth,COMMERCIAL LENDING,Western,,02/02/2016,1,18,1,WI,1,Wisconsin,7,OCC,Chicago,1557190,,0,Kenosha Street and Highway 67,-88.599641,,BELOIT,55105,"Milwaukee-Racine-Waukesha, WI",Beloit,3,55127,,,The First National Bank and Trust Company,Walworth,WI,2023_5285_18
53511,DIF,N,United States,53115,OCC,0,233499,Wisconsin,10/14/1980,2023,Comptroller of the Currency,11,55,US_Zipcode,9,10388,United States,"CENTRE 1 BANCORP, INC.",0,4,0,1250303,,Delavan,ONE,CB,M,,FED,0,,0,345 E Grand Ave,376,46103,1209042,127,5285,42.692889,WI,4,CALL,0,Chicago,207845,Delavan Inlet Branch,0,,Walworth,COMMERCIAL LENDING,Western,,02/02/2016,1,19,1,WI,1,Wisconsin,7,OCC,Chicago,1557190,,0,Highway 50 and South Shore Drive,-88.718896,,BELOIT,55105,"Milwaukee-Racine-Waukesha, WI",Beloit,3,55127,,,The First National Bank and Trust Company,Delavan Township,WI,2023_5285_19
53511,DIF,N,United States,53511,OCC,27500,207422,Wisconsin,07/08/1968,2023,Comptroller of the Currency,11,55,100.0,9,10388,United States,"CENTRE 1 BANCORP, INC.",0,4,0,1250303,,Beloit,ONE,CB,EXACT,,FED,0,,0,345 E Grand Ave,357,70162,1209042,105,5285,42.5533930177583,WI,4,CALL,0,Chicago,207845,Inman Parkway Branch,1,,Rock,COMMERCIAL LENDING,Western,,,0,2,1,WI,1,Wisconsin,7,OCC,Chicago,1557190,,0,1882 E Inman Pkwy,-89.0122579638903,,BELOIT,55105,"Madison-Janesville-Beloit, WI",Beloit,3,55105,,"Janesville-Beloit, WI",The First National Bank and Trust Company,Beloit,WI,2023_5285_2
53511,DIF,N,United States,53191,OCC,0,362616,Wisconsin,12/01/2001,2023,Comptroller of the Currency,11,55,100.0,9,10388,United States,"CENTRE 1 BANCORP, INC.",0,4,0,1250303,,Williams Bay,ONE,CB,EXACT,,FED,0,,0,345 E Grand Ave,376,34267,1209042,127,5285,42.579085981743,WI,4,CALL,0,Chicago,207845,Williams Bay Branch,0,,Walworth,COMMERCIAL LENDING,Western,,02/02/2016,1,20,1,WI,1,Wisconsin,7,OCC,Chicago,1557190,,0,121 N Walworth Ave,-88.5411749726819,,BELOIT,55105,"Milwaukee-Racine-Waukesha, WI",Beloit,3,55127,,,The First National Bank and Trust Company,Williams Bay,WI,2023_5285_20
53511,DIF,N,United States,53121,OCC,0,476938,Wisconsin,06/02/2008,2023,Comptroller of the Currency,11,55,100.0,9,10388,United States,"CENTRE 1 BANCORP, INC.",0,4,0,1250303,,Elkhorn,ONE,CB,EXACT,,FED,0,,0,345 E Grand Ave,376,32950,1209042,127,5285,42.6704779791974,WI,4,CALL,0,Chicago,207845,Elkhorn Branch,0,,Walworth,COMMERCIAL LENDING,Western,,02/02/2016,1,21,1,WI,1,Wisconsin,7,OCC,Chicago,1557190,,0,190 E Geneva St,-88.5418280067583,,BELOIT,55105,"Milwaukee-Racine-Waukesha, WI",Beloit,3,55127,,,The First National Bank and Trust Company,Elkhorn,WI,2023_5285_21
53511,DIF,N,United States,53511,OCC,27500,207424,Wisconsin,01/10/1983,2023,Comptroller of the Currency,11,55,100.0,9,10388,United States,"CENTRE 1 BANCORP, INC.",0,4,0,1250303,,Beloit,ONE,CB,EXACT,,FED,0,,0,345 E Grand Ave,357,44407,1209042,105,5285,42.5225170201261,WI,4,CALL,0,Chicago,207845,The Madison Road Branch,1,,Rock,COMMERCIAL LENDING,Western,,,0,4,1,WI,1,Wisconsin,7,OCC,Chicago,1557190,,0,1795 Madison Rd,-89.0698129725968,,BELOIT,55105,"Madison-Janesville-Beloit, WI",Beloit,3,55105,,"Janesville-Beloit, WI",The First National Bank and Trust Company,Beloit,WI,2023_5285_4
53511,DIF,N,United States,53511,OCC,27500,364769,Wisconsin,07/12/2001,2023,Comptroller of the Currency,11,55,100.0,9,10388,United States,"CENTRE 1 BANCORP, INC.",0,4,0,1250303,,Beloit,ONE,CB,EXACT,,FED,0,,0,345 E Grand Ave,357,27628,1209042,105,5285,42.5254039990368,WI,4,CALL,0,Chicago,207845,Cranston Rd. Branch,1,,Rock,COMMERCIAL LENDING,Western,,,0,9,1,WI,1,Wisconsin,7,OCC,Chicago,1557190,,0,2600 Cranston Rd,-88.9889499866352,,BELOIT,55105,"Madison-Janesville-Beloit, WI",Beloit,3,55105,,"Janesville-Beloit, WI",The First National Bank and Trust Company,Beloit,WI,2023_5285_9
54923,DIF,NM,United States,54923,STATE,0,3554,Wisconsin,01/01/1876,2023,State Agency,11,55,100.0,9,13100,United States,"FIRST BERLIN BANCORP, INC.",0,3,490260,490260,,Berlin,ONE,CB,EXACT,M,STATE,1,,0,240 Broadway,0,192868,1889538,47,5286,43.9678830159679,WI,4,CALL,0,Chicago,111942,Fortifi Bank,0,,Green Lake,COMMERCIAL LENDING,Central,,,0,0,1,WI,1,Wisconsin,7,FDIC,Chicago,604480,,0,240 Broadway,-88.9526260033961,,BERLIN,55047,,Berlin,21,55047,,,Fortifi Bank,Berlin,WI,2023_5286_0
54923,DIF,NM,United States,54304,STATE,24580,579920,Wisconsin,09/18/2015,2023,State Agency,11,55,100.0,9,13100,United States,"FIRST BERLIN BANCORP, INC.",0,3,0,490260,,Green Bay,ONE,CB,EXACT,,STATE,0,,0,240 Broadway,267,50590,1889538,9,5286,44.4866669990526,WI,4,CALL,0,Chicago,111942,Green Bay Branch,1,,Brown,COMMERCIAL LENDING,Central,,,0,10,1,WI,1,Wisconsin,7,FDIC,Chicago,604480,,0,701 Cormier Rd,-88.0579569973321,,BERLIN,55047,"Green Bay-Shawano, WI",Berlin,21,55009,,"Green Bay, WI",Fortifi Bank,Green Bay,WI,2023_5286_10
54923,DIF,NM,United States,54971,STATE,22540,625217,Wisconsin,07/01/2020,2023,State Agency,11,55,100.0,9,13100,United States,"FIRST BERLIN BANCORP, INC.",0,3,0,490260,,Ripon,ONE,CB,EXACT,,STATE,0,,0,240 Broadway,0,16981,1889538,39,5286,43.8538550184359,WI,4,CALL,0,Chicago,111942,Ripon Branch,1,,Fond Du Lac,COMMERCIAL LENDING,Central,,,0,11,1,WI,1,Wisconsin,7,FDIC,Chicago,604480,,0,1092 W Fond Du Lac St,-88.8594309747496,,BERLIN,55047,,Berlin,21,55039,,"Fond du Lac, WI",Fortifi Bank,Ripon,WI,2023_5286_11
54923,DIF,NM,United States,54923,STATE,0,632576,Wisconsin,04/12/2021,2023,State Agency,21,55,100.0,9,13100,United States,"FIRST BERLIN BANCORP, INC.",0,3,0,490260,,Berlin,ONE,CB,EXACT,N,STATE,0,,0,240 Broadway,0,0,1889538,47,5286,43.9681079862491,WI,4,CALL,0,Chicago,111942,Berlin Corporate Office Branch,0,,Green Lake,COMMERCIAL LENDING,Central,,,0,12,1,WI,1,Wisconsin,7,FDIC,Chicago,604480,,0,140 W Huron St,-88.9485150151646,,BERLIN,55047,,Berlin,21,55047,,,Fortifi Bank,Berlin,WI,2023_5286_12
54923,DIF,NM,United States,54902,STATE,36780,647683,Wisconsin,01/24/2022,2023,State Agency,11,55,100.0,9,13100,United States,"FIRST BERLIN BANCORP, INC.",0,3,0,490260,,Oshkosh,ONE,CB,EXACT,,STATE,0,,0,240 Broadway,118,3202,1889538,139,5286,44.0230459971461,WI,4,CALL,0,Chicago,111942,Oshkosh Branch,1,,Winnebago,COMMERCIAL LENDING,Central,,,0,14,1,WI,1,Wisconsin,7,FDIC,Chicago,604480,,0,420 N Koeller St,-88.5809529705816,,BERLIN,55047,"Appleton-Oshkosh-Neenah, WI",Berlin,21,55139,,"Oshkosh-Neenah, WI",Fortifi Bank,Oshkosh,WI,2023_5286_14
54923,DIF,NM,United States,54941,STATE,0,207427,Wisconsin,03/01/1999,2023,State Agency,11,55,100.0,9,13100,United States,"FIRST BERLIN BANCORP, INC.",0,3,0,490260,,Green Lake,ONE,CB,EXACT,,STATE,0,,0,240 Broadway,0,46620,1889538,47,5286,43.8554370188412,WI,4,CALL,0,Chicago,111942,Green Lake Branch,0,,Green Lake,COMMERCIAL LENDING,Central,,,0,2,1,WI,1,Wisconsin,7,FDIC,Chicago,604480,,0,N6230 State Road 49,-88.9417939861034,,BERLIN,55047,,Berlin,21,55047,,,Fortifi Bank,Green Lake,WI,2023_5286_2
54923,DIF,NM,United States,53949,STATE,0,360187,Wisconsin,04/30/2000,2023,State Agency,11,55,100.0,9,13100,United States,"FIRST BERLIN BANCORP, INC.",0,3,0,490260,,Montello,ONE,CB,EXACT,,STATE,0,,0,240 Broadway,0,56808,1889538,77,5286,43.7831169943247,WI,4,CALL,0,Chicago,111942,Montello Branch,0,,Marquette,COMMERCIAL LENDING,Central,,,0,4,1,WI,1,Wisconsin,7,FDIC,Chicago,604480,,0,408 Main St,-89.3253119892093,,BERLIN,55047,,Berlin,21,55077,,,Fortifi Bank,Montello,WI,2023_5286_4
54923,DIF,NM,United States,54963,STATE,36780,366197,Wisconsin,10/14/2002,2023,State Agency,11,55,100.0,9,13100,United States,"FIRST BERLIN BANCORP, INC.",0,3,0,490260,,Omro,ONE,CB,EXACT,,STATE,0,,0,240 Broadway,118,47650,1889538,139,5286,44.0399429919384,WI,4,CALL,0,Chicago,111942,Omro  Branch,1,,Winnebago,COMMERCIAL LENDING,Central,,,0,6,1,WI,1,Wisconsin,7,FDIC,Chicago,604480,,0,120 Alder Ave,-88.7176270264749,,BERLIN,55047,"Appleton-Oshkosh-Neenah, WI",Berlin,21,55139,,"Oshkosh-Neenah, WI",Fortifi Bank,Omro,WI,2023_5286_6
54923,DIF,NM,United States,54986,STATE,36780,428668,Wisconsin,05/17/2004,2023,State Agency,11,55,100.0,9,13100,United States,"FIRST BERLIN BANCORP, INC.",0,3,0,490260,,Winneconne,ONE,CB,EXACT,,STATE,0,,0,240 Broadway,118,35393,1889538,139,5286,44.1124589853513,WI,4,CALL,0,Chicago,111942,Winneconne Financial Center Branch,1,,Winnebago,COMMERCIAL LENDING,Central,,,0,8,1,WI,1,Wisconsin,7,FDIC,Chicago,604480,,0,908 E Main St,-88.6969559959587,,BERLIN,55047,"Appleton-Oshkosh-Neenah, WI",Berlin,21,55139,,"Oshkosh-Neenah, WI",Fortifi Bank,Winneconne,WI,2023_5286_8
54923,DIF,NM,United States,53597,STATE,31540,465394,Wisconsin,10/01/2006,2023,State Agency,11,55,100.0,9,13100,United States,"FIRST BERLIN BANCORP, INC.",0,3,0,490260,,Waunakee,ONE,CB,M,,STATE,0,,0,240 Broadway,357,40148,1889538,25,5286,43.175527016517,WI,4,CALL,0,Chicago,111942,Waunakee Financial Center Branch,1,,Dane,COMMERCIAL LENDING,Central,,,0,9,1,WI,1,Wisconsin,7,FDIC,Chicago,604480,,0,"1330 Montondon Avenue, P.O. Box 311",-89.4134899593331,,BERLIN,55047,"Madison-Janesville-Beloit, WI",Berlin,21,55025,,"Madison, WI",Fortifi Bank,Waunakee,WI,2023_5286_9
53538,DIF,NM,United States,53538,STATE,0,3560,Wisconsin,10/27/1863,2023,State Agency,11,55,100.0,9,0,United States,"FIRST AMERICAN BANKSHARES, INC.",0,,436876,436876,,Fort Atkinson,ONE,CB,EXACT,M,STATE,1,,0,70 N Main St,376,175558,1141629,55,5295,42.9286270183179,WI,4,CALL,0,Chicago,907547,Premierbank,0,,Jefferson,COMMERCIAL LENDING,,,,1,0,1,WI,1,Wisconsin,7,FDIC,Chicago,555488,,0,70 N Main St,-88.8365239877424,,FORT ATKINSON,55055,"Milwaukee-Racine-Waukesha, WI",Fort Atkinson,21,55055,,,PremierBank,Fort Atkinson,WI,2023_5295_0
53538,DIF,NM,United States,53538,STATE,0,207448,Wisconsin,05/12/1986,2023,State Agency,23,55,100.0,9,0,United States,"FIRST AMERICAN BANKSHARES, INC.",0,,0,436876,,Fort Atkinson,ONE,CB,EXACT,C,STATE,0,0,0,70 N Main St,376,0,1141629,55,5295,42.9295390112929,WI,4,CALL,0,Chicago,907547,Drive-In Facility,0,,Jefferson,COMMERCIAL LENDING,,,,1,1,1,WI,1,Wisconsin,7,FDIC,Chicago,555488,,0,100 Sherman Ave E,-88.8354299817399,,FORT ATKINSON,55055,"Milwaukee-Racine-Waukesha, WI",Fort Atkinson,21,55055,,,PremierBank,Fort Atkinson,WI,2023_5295_1
53538,DIF,NM,United States,53190,STATE,0,7966,Wisconsin,07/03/1913,2023,State Agency,11,55,100.0,9,0,United States,"FIRST AMERICAN BANKSHARES, INC.",0,,0,436876,,Whitewater,ONE,CB,EXACT,,STATE,0,,0,70 N Main St,376,76296,1141629,127,5295,42.8331140162578,WI,4,CALL,0,Chicago,907547,Commercial Bank Branch,0,,Walworth,COMMERCIAL LENDING,,,09/22/2017,1,10,1,WI,1,Wisconsin,7,FDIC,Chicago,555488,,0,200 S Fremont St,-88.7338880024543,,FORT ATKINSON,55055,"Milwaukee-Racine-Waukesha, WI",Fort Atkinson,21,55127,,,PremierBank,Whitewater,WI,2023_5295_10
53538,DIF,NM,United States,53545,STATE,27500,227302,Wisconsin,11/25/1991,2023,State Agency,11,55,US_Streets,9,0,United States,"FIRST AMERICAN BANKSHARES, INC.",0,,0,436876,,Janesville,ONE,CB,M,,STATE,0,,0,70 N Main St,357,22526,1141629,105,5295,42.704316,WI,4,CALL,0,Chicago,907547,Janesville Branch,1,,Rock,COMMERCIAL LENDING,,,09/22/2017,0,12,1,WI,1,Wisconsin,7,FDIC,Chicago,555488,,0,1400 Black Bridge Road,-89.006848,,FORT ATKINSON,55055,"Madison-Janesville-Beloit, WI",Fort Atkinson,21,55105,,"Janesville-Beloit, WI",PremierBank,Janesville,WI,2023_5295_12
53538,DIF,NM,United States,53538,STATE,0,207449,Wisconsin,11/01/1993,2023,State Agency,23,55,100.0,9,0,United States,"FIRST AMERICAN BANKSHARES, INC.",0,,0,436876,,Fort Atkinson,ONE,CB,EXACT,C,STATE,0,0,0,70 N Main St,376,0,1141629,55,5295,42.9162479950656,WI,4,CALL,0,Chicago,907547,Drive-In Facility Branch,0,,Jefferson,COMMERCIAL LENDING,,,,1,2,1,WI,1,Wisconsin,7,FDIC,Chicago,555488,,0,910 S Main St,-88.8373640220786,,FORT ATKINSON,55055,"Milwaukee-Racine-Waukesha, WI",Fort Atkinson,21,55055,,,PremierBank,Fort Atkinson,WI,2023_5295_2
53538,DIF,NM,United States,53038,STATE,0,207450,Wisconsin,07/25/1995,2023,State Agency,11,55,100.0,9,0,United States,"FIRST AMERICAN BANKSHARES, INC.",0,,0,436876,,Johnson Creek,ONE,CB,EXACT,,STATE,0,,0,70 N Main St,376,48230,1141629,55,5295,43.0757989888432,WI,4,CALL,0,Chicago,907547,Johnson Creek Branch,0,,Jefferson,COMMERCIAL LENDING,,,,1,3,1,WI,1,Wisconsin,7,FDIC,Chicago,555488,,0,100 Grell Ln,-88.7683220341654,,FORT ATKINSON,55055,"Milwaukee-Racine-Waukesha, WI",Fort Atkinson,21,55055,,,PremierBank,Johnson Creek,WI,2023_5295_3
53538,DIF,NM,United States,53549,STATE,0,6396,Wisconsin,10/01/1858,2023,State Agency,11,55,100.0,9,0,United States,"FIRST AMERICAN BANKSHARES, INC.",0,,0,436876,,Jefferson,ONE,CB,EXACT,,STATE,0,,0,70 N Main St,376,91521,1141629,55,5295,43.0027190190753,WI,4,CALL,0,Chicago,907547,Jefferson Branch,0,,Jefferson,COMMERCIAL LENDING,,,01/01/1999,1,4,1,WI,1,Wisconsin,7,FDIC,Chicago,555488,,0,320 S Center Ave,-88.8056729681816,,FORT ATKINSON,55055,"Milwaukee-Racine-Waukesha, WI",Fort Atkinson,21,55055,,,PremierBank,Jefferson,WI,2023_5295_4
53538,DIF,NM,United States,53538,STATE,0,358839,Wisconsin,09/13/2000,2023,State Agency,12,55,100.0,9,0,United States,"FIRST AMERICAN BANKSHARES, INC.",0,,0,436876,,Fort Atkinson,ONE,CB,EXACT,,STATE,0,,0,70 N Main St,376,4506,1141629,55,5295,42.939400990931,WI,4,CALL,0,Chicago,907547,Pick N Save Branch,0,,Jefferson,COMMERCIAL LENDING,,,,1,6,1,WI,1,Wisconsin,7,FDIC,Chicago,555488,,0,1505 Madison Ave,-88.8605580054506,,FORT ATKINSON,55055,"Milwaukee-Racine-Waukesha, WI",Fort Atkinson,21,55055,,,PremierBank,Fort Atkinson,WI,2023_5295_6
53538,DIF,NM,United States,53178,STATE,0,424192,Wisconsin,11/14/2003,2023,State Agency,11,55,100.0,9,0,United States,"FIRST AMERICAN BANKSHARES, INC.",0,,0,436876,,Sullivan,ONE,CB,EXACT,,STATE,0,,0,70 N Main St,376,18239,1141629,55,5295,43.0128780114524,WI,4,CALL,0,Chicago,907547,Sullivan Branch,0,,Jefferson,COMMERCIAL LENDING,,,,1,7,1,WI,1,Wisconsin,7,FDIC,Chicago,555488,,0,154 Main St,-88.5885980206489,,FORT ATKINSON,55055,"Milwaukee-Racine-Waukesha, WI",Fort Atkinson,21,55055,,,PremierBank,Sullivan,WI,2023_5295_7
54301,DIF,N,United States,54301,OCC,24580,3561,Wisconsin,01/01/1874,2023,Comptroller of the Currency,11,55,100.0,9,0,United States,ASSOCIATED BANC-CORP,0,7,32061546,32061546,,Green Bay,MULT,CB,EXACT,M,FED,1,,0,200 N Adams St,267,5632461,1199563,9,5296,44.5149159825011,WI,4,CALL,0,Chicago,917742,"Associated Bank, National Association",1,,Brown,COMMERCIAL LENDING,Midsize,,,0,0,0,WI,1,Wisconsin,7,OCC,Chicago,41171433,,0,200 N Adams St,-88.0134770032081,,GREEN BAY,55009,"Green Bay-Shawano, WI",Green Bay,3,55009,,"Green Bay, WI","Associated Bank, National Association",Green Bay,WI,2023_5296_0
54301,DIF,N,United States,53901,OCC,31540,3584,Wisconsin,02/01/1890,2023,Comptroller of the Currency,11,55,100.0,9,0,United States,ASSOCIATED BANC-CORP,0,7,0,32061546,,Portage,MULT,CB,EXACT,,FED,0,,0,200 N Adams St,357,144141,1199563,21,5296,43.5376739984088,WI,4,CALL,0,Chicago,917742,Portage Branch,1,,Columbia,COMMERCIAL LENDING,Midsize,,05/25/2001,0,102,0,WI,1,Wisconsin,7,OCC,Chicago,41171433,,0,222 E Wisconsin St,-89.4574619966827,,GREEN BAY,55009,"Madison-Janesville-Beloit, WI",Green Bay,3,55021,,"Madison, WI","Associated Bank, National Association",Portage,WI,2023_5296_102
54301,DIF,N,United States,54466,OCC,0,9835,Wisconsin,10/11/1937,2023,Comptroller of the Currency,11,55,US_Streets,9,0,United States,ASSOCIATED BANC-CORP,0,7,0,32061546,,Pittsville,MULT,CB,M,,FED,0,,0,200 N Adams St,554,36084,1199563,141,5296,44.441077,WI,4,CALL,0,Chicago,917742,Pittsville Branch,0,,Wood,COMMERCIAL LENDING,Midsize,,05/25/2001,1,105,0,WI,1,Wisconsin,7,OCC,Chicago,41171433,,0,5292 Second Avenue,-90.127307,,GREEN BAY,55009,"Wausau-Stevens Point-Wisconsin Rapids, WI",Green Bay,3,55141,,,"Associated Bank, National Association",Pittsville,WI,2023_5296_105
54301,DIF,N,United States,53925,OCC,31540,3556,Wisconsin,12/08/1856,2023,Comptroller of the Currency,11,55,100.0,9,0,United States,ASSOCIATED BANC-CORP,0,7,0,32061546,,Columbus,MULT,CB,EXACT,,FED,0,,0,200 N Adams St,357,53596,1199563,21,5296,43.3306929996846,WI,4,CALL,0,Chicago,917742,Columbus Branch,1,,Columbia,COMMERCIAL LENDING,Midsize,,05/25/2001,0,107,0,WI,1,Wisconsin,7,OCC,Chicago,41171433,,0,111 Tower Dr,-89.0268100374503,,GREEN BAY,55009,"Madison-Janesville-Beloit, WI",Green Bay,3,55021,,"Madison, WI","Associated Bank, National Association",Columbus,WI,2023_5296_107
54301,DIF,N,United States,53959,OCC,0,229368,Wisconsin,04/01/1998,2023,Comptroller of the Currency,11,55,100.0,9,0,United States,ASSOCIATED BANC-CORP,0,7,0,32061546,,Reedsburg,MULT,CB,EXACT,,FED,0,,0,200 N Adams St,357,83493,1199563,111,5296,43.5393670171217,WI,4,CALL,0,Chicago,917742,Reedsburg East Branch,0,,Sauk,COMMERCIAL LENDING,Midsize,,05/25/2001,1,110,0,WI,1,Wisconsin,7,OCC,Chicago,41171433,,0,750 Viking Dr,-89.9838689854293,,GREEN BAY,55009,"Madison-Janesville-Beloit, WI",Green Bay,3,55111,,,"Associated Bank, National Association",Reedsburg,WI,2023_5296_110
54301,DIF,N,United States,54636,OCC,29100,285111,Wisconsin,01/01/1964,2023,Comptroller of the Currency,11,55,100.0,9,0,United States,ASSOCIATED BANC-CORP,0,7,0,32061546,,Holmen,MULT,CB,EXACT,,FED,0,,0,200 N Adams St,317,57041,1199563,63,5296,43.9670519921775,WI,4,CALL,0,Chicago,917742,Holmen Branch,1,,La Crosse,COMMERCIAL LENDING,Midsize,,05/25/2001,0,116,0,WI,1,Wisconsin,7,OCC,Chicago,41171433,,0,450 N Holmen Dr,-91.2639180343896,,GREEN BAY,55009,"La Crosse-Onalaska-Sparta, WI-MN",Green Bay,3,55063,,"La Crosse-Onalaska, WI-MN","Associated Bank, National Association",Holmen,WI,2023_5296_116
54301,DIF,N,United States,53916,OCC,0,279461,Wisconsin,01/01/1920,2023,Comptroller of the Currency,11,55,100.0,9,0,United States,ASSOCIATED BANC-CORP,0,7,0,32061546,,Beaver Dam,MULT,CB,EXACT,,FED,0,,0,200 N Adams St,376,71398,1199563,27,5296,43.4559859817177,WI,4,CALL,0,Chicago,917742,Beaver Dam Branch,0,,Dodge,COMMERCIAL LENDING,Midsize,,05/25/2001,1,117,0,WI,1,Wisconsin,7,OCC,Chicago,41171433,,0,201 Park Ave,-88.8339359913179,,GREEN BAY,55009,"Milwaukee-Racine-Waukesha, WI",Green Bay,3,55027,,,"Associated Bank, National Association",Beaver Dam,WI,2023_5296_117
54301,DIF,N,United States,53202,OCC,33340,993,Wisconsin,11/29/1929,2023,Comptroller of the Currency,11,55,100.0,9,0,United States,ASSOCIATED BANC-CORP,0,7,0,32061546,,Milwaukee,MULT,CB,EXACT,,FED,0,,0,200 N Adams St,376,3432909,1199563,79,5296,43.0392709900808,WI,4,CALL,0,Chicago,917742,Milwaukee Branch,1,,Milwaukee,COMMERCIAL LENDING,Midsize,,04/20/2001,0,121,0,WI,1,Wisconsin,7,OCC,Chicago,41171433,,0,250 E Wisconsin Ave,-87.9082909915169,,GREEN BAY,55009,"Milwaukee-Racine-Waukesha, WI",Green Bay,3,55079,,"Milwaukee-Waukesha, WI","Associated Bank, National Association",Milwaukee,WI,2023_5296_121
54301,DIF,N,United States,53051,OCC,33340,189651,Wisconsin,12/01/1989,2023,Comptroller of the Currency,11,55,US_Zipcode,9,0,United States,ASSOCIATED BANC-CORP,0,7,0,32061546,,Menomonee Falls,MULT,CB,M,,FED,0,,0,200 N Adams St,376,95120,1199563,133,5296,43.148866,WI,4,CALL,0,Chicago,917742,Menomonee Falls South Branch,1,,Waukesha,COMMERCIAL LENDING,Midsize,,04/20/2001,0,122,0,WI,1,Wisconsin,7,OCC,Chicago,41171433,,0,W156 N5575 Pilgrim Road,-88.121946,,GREEN BAY,55009,"Milwaukee-Racine-Waukesha, WI",Green Bay,3,55133,,"Milwaukee-Waukesha, WI","Associated Bank, National Association",Menomonee Falls,WI,2023_5296_122
54301,DIF,N,United States,53051,OCC,33340,7170,Wisconsin,07/25/1908,2023,Comptroller of the Currency,11,55,100,9,0,United States,ASSOCIATED BANC-CORP,0,7,0,32061546,,Menomonee Falls,MULT,CB,StreetAddress,,FED,0,,0,200 N Adams St,376,138207,1199563,133,5296,43.178839627959,WI,4,CALL,0,Chicago,917742,Menomonee Falls North Branch,1,,Waukesha,COMMERCIAL LENDING,Midsize,,04/20/2001,0,123,0,WI,1,Wisconsin,7,OCC,Chicago,41171433,,0,N88 W15491 Main Street,-88.10128214166,,GREEN BAY,55009,"Milwaukee-Racine-Waukesha, WI",Green Bay,3,55133,,"Milwaukee-Waukesha, WI","Associated Bank, National Association",Menomonee Falls,WI,2023_5296_123
54301,DIF,N,United States,53089,OCC,33340,224166,Wisconsin,04/15/1938,2023,Comptroller of the Currency,11,55,US_Zipcode,9,0,United States,ASSOCIATED BANC-CORP,0,7,0,32061546,,Sussex,MULT,CB,M,,FED,0,,0,200 N Adams St,376,126472,1199563,133,5296,43.146617,WI,4,CALL,0,Chicago,917742,Sussex Branch,1,,Waukesha,COMMERCIAL LENDING,Midsize,,04/20/2001,0,124,0,WI,1,Wisconsin,7,OCC,Chicago,41171433,,0,N64 W23710 Main Street,-88.23463,,GREEN BAY,55009,"Milwaukee-Racine-Waukesha, WI",Green Bay,3,55133,,"Milwaukee-Waukesha, WI","Associated Bank, National Association",Sussex,WI,2023_5296_124
54301,DIF,N,United States,53066,OCC,33340,224169,Wisconsin,11/14/1983,2023,Comptroller of the Currency,11,55,US_Zipcode,9,0,United States,ASSOCIATED BANC-CORP,0,7,0,32061546,,Oconomowoc,MULT,CB,M,,FED,0,,0,200 N Adams St,376,106386,1199563,133,5296,43.11738,WI,4,CALL,0,Chicago,917742,Oconomowoc-Okauchee Branch,1,,Waukesha,COMMERCIAL LENDING,Midsize,,04/20/2001,0,127,0,WI,1,Wisconsin,7,OCC,Chicago,41171433,,0,N49 W35876 Wisconsin Avenue,-88.489408,,GREEN BAY,55009,"Milwaukee-Racine-Waukesha, WI",Green Bay,3,55133,,"Milwaukee-Waukesha, WI","Associated Bank, National Association",Oconomowoc,WI,2023_5296_127
54301,DIF,N,United States,53072,OCC,33340,224170,Wisconsin,11/28/1983,2023,Comptroller of the Currency,11,55,100.0,9,0,United States,ASSOCIATED BANC-CORP,0,7,0,32061546,,Pewaukee,MULT,CB,EXACT,,FED,0,,0,200 N Adams St,376,79805,1199563,133,5296,43.0433209999666,WI,4,CALL,0,Chicago,917742,Grandview Branch,1,,Waukesha,COMMERCIAL LENDING,Midsize,,04/20/2001,0,128,0,WI,1,Wisconsin,7,OCC,Chicago,41171433,,0,2815 N Grandview Blvd,-88.2552830075171,,GREEN BAY,55009,"Milwaukee-Racine-Waukesha, WI",Green Bay,3,55133,,"Milwaukee-Waukesha, WI","Associated Bank, National Association",Pewaukee,WI,2023_5296_128
54301,DIF,N,United States,53045,OCC,33340,224171,Wisconsin,02/01/1988,2023,Comptroller of the Currency,11,55,100.0,9,0,United States,ASSOCIATED BANC-CORP,0,7,0,32061546,,Brookfield,MULT,CB,EXACT,,FED,0,,0,200 N Adams St,376,152731,1199563,133,5296,43.0359209948387,WI,4,CALL,0,Chicago,917742,Brookfield Bluemound Branch,1,,Waukesha,COMMERCIAL LENDING,Midsize,,04/20/2001,0,130,0,WI,1,Wisconsin,7,OCC,Chicago,41171433,,0,17595 W Bluemound Rd,-88.1316889953481,,GREEN BAY,55009,"Milwaukee-Racine-Waukesha, WI",Green Bay,3,55133,,"Milwaukee-Waukesha, WI","Associated Bank, National Association",Brookfield,WI,2023_5296_130
54301,DIF,N,United States,53022,OCC,33340,224173,Wisconsin,08/30/1990,2023,Comptroller of the Currency,11,55,100.0,9,0,United States,ASSOCIATED BANC-CORP,0,7,0,32061546,,Germantown,MULT,CB,POSTAL,,FED,0,,0,200 N Adams St,376,114570,1199563,131,5296,43.2191676708524,WI,4,CALL,0,Chicago,917742,Germantown Branch,1,,Washington,COMMERCIAL LENDING,Midsize,,04/20/2001,0,133,0,WI,1,Wisconsin,7,OCC,Chicago,41171433,,0,N112 W16330 Mequon Road,-88.1137885585943,,GREEN BAY,55009,"Milwaukee-Racine-Waukesha, WI",Green Bay,3,55131,,"Milwaukee-Waukesha, WI","Associated Bank, National Association",Germantown,WI,2023_5296_133
54301,DIF,N,United States,53235,OCC,33340,15771,Wisconsin,02/13/1978,2023,Comptroller of the Currency,11,55,100.0,9,0,United States,ASSOCIATED BANC-CORP,0,7,0,32061546,,Saint Francis,MULT,CB,EXACT,,FED,0,,0,200 N Adams St,376,75858,1199563,79,5296,42.9768259790618,WI,4,CALL,0,Chicago,917742,St. Francis Branch,1,,Milwaukee,COMMERCIAL LENDING,Midsize,,04/20/2001,0,134,0,WI,1,Wisconsin,7,OCC,Chicago,41171433,,0,3719 S Kinnickinnic Ave,-87.8774890060897,,GREEN BAY,55009,"Milwaukee-Racine-Waukesha, WI",Green Bay,3,55079,,"Milwaukee-Waukesha, WI","Associated Bank, National Association",Saint Francis,WI,2023_5296_134
54301,DIF,N,United States,53086,OCC,33340,9148,Wisconsin,04/04/1904,2023,Comptroller of the Currency,11,55,100.0,9,0,United States,ASSOCIATED BANC-CORP,0,7,0,32061546,,Slinger,MULT,CB,EXACT,,FED,0,,0,200 N Adams St,376,84494,1199563,131,5296,43.3318050267789,WI,4,CALL,0,Chicago,917742,Slinger Branch,1,,Washington,COMMERCIAL LENDING,Midsize,,04/20/2001,0,135,0,WI,1,Wisconsin,7,OCC,Chicago,41171433,,0,300 E Washington St,-88.2798476835153,,GREEN BAY,55009,"Milwaukee-Racine-Waukesha, WI",Green Bay,3,55131,,"Milwaukee-Waukesha, WI","Associated Bank, National Association",Slinger,WI,2023_5296_135
54301,DIF,N,United States,53027,OCC,33340,231838,Wisconsin,12/01/1988,2023,Comptroller of the Currency,11,55,100.0,9,0,United States,ASSOCIATED BANC-CORP,0,7,0,32061546,,Hartford,MULT,CB,EXACT,,FED,0,,0,200 N Adams St,376,65877,1199563,131,5296,43.3180786964102,WI,4,CALL,0,Chicago,917742,Hartford Branch,1,,Washington,COMMERCIAL LENDING,Midsize,,04/20/2001,0,138,0,WI,1,Wisconsin,7,OCC,Chicago,41171433,,0,1594 E Sumner St,-88.3497908098389,,GREEN BAY,55009,"Milwaukee-Racine-Waukesha, WI",Green Bay,3,55131,,"Milwaukee-Waukesha, WI","Associated Bank, National Association",Hartford,WI,2023_5296_138
54301,DIF,N,United States,53227,OCC,33340,12149,Wisconsin,05/20/1960,2023,Comptroller of the Currency,11,55,100.0,9,0,United States,ASSOCIATED BANC-CORP,0,7,0,32061546,,Milwaukee,MULT,CB,EXACT,,FED,0,,0,200 N Adams St,376,187981,1199563,79,5296,42.9943420193132,WI,4,CALL,0,Chicago,917742,West Allis West Branch,1,,Milwaukee,COMMERCIAL LENDING,Midsize,,04/20/2001,0,139,0,WI,1,Wisconsin,7,OCC,Chicago,41171433,,0,10701 W National Ave,-88.0448539871931,,GREEN BAY,55009,"Milwaukee-Racine-Waukesha, WI",Green Bay,3,55079,,"Milwaukee-Waukesha, WI","Associated Bank, National Association",West Allis,WI,2023_5296_139
54301,DIF,N,United States,53072,OCC,33340,244397,Wisconsin,05/11/1989,2023,Comptroller of the Currency,11,55,100.0,9,0,United States,ASSOCIATED BANC-CORP,0,7,0,32061546,,Pewaukee,MULT,CB,EXACT,,FED,0,,0,200 N Adams St,376,90794,1199563,133,5296,43.0828070142692,WI,4,CALL,0,Chicago,917742,Pewaukee Branch,1,,Waukesha,COMMERCIAL LENDING,Midsize,,04/20/2001,0,140,0,WI,1,Wisconsin,7,OCC,Chicago,41171433,,0,1400 Capitol Dr,-88.2291629855657,,GREEN BAY,55009,"Milwaukee-Racine-Waukesha, WI",Green Bay,3,55133,,"Milwaukee-Waukesha, WI","Associated Bank, National Association",Pewaukee,WI,2023_5296_140
54301,DIF,N,United States,53217,OCC,33340,271767,Wisconsin,06/01/1934,2023,Comptroller of the Currency,11,55,100.0,9,0,United States,ASSOCIATED BANC-CORP,0,7,0,32061546,,Milwaukee,MULT,CB,EXACT,,FED,0,,0,200 N Adams St,376,127523,1199563,79,5296,43.1187899797777,WI,4,CALL,0,Chicago,917742,Whitefish Bay Branch,1,,Milwaukee,COMMERCIAL LENDING,Midsize,,04/20/2001,0,142,0,WI,1,Wisconsin,7,OCC,Chicago,41171433,,0,430 E Silver Spring Dr,-87.9044700171354,,GREEN BAY,55009,"Milwaukee-Racine-Waukesha, WI",Green Bay,3,55079,,"Milwaukee-Waukesha, WI","Associated Bank, National Association",Whitefish Bay,WI,2023_5296_142
54301,DIF,N,United States,53216,OCC,33340,271771,Wisconsin,06/01/1934,2023,Comptroller of the Currency,11,55,100.0,9,0,United States,ASSOCIATED BANC-CORP,0,7,0,32061546,,Milwaukee,MULT,CB,EXACT,,FED,0,,0,200 N Adams St,376,20291,1199563,79,5296,43.0932569844151,WI,4,CALL,0,Chicago,917742,Milwaukee-Fond Du Lac Ave Branch,1,,Milwaukee,COMMERCIAL LENDING,Midsize,,04/20/2001,0,145,0,WI,1,Wisconsin,7,OCC,Chicago,41171433,,0,5350 W Fond Du Lac Ave,-87.9799980055448,,GREEN BAY,55009,"Milwaukee-Racine-Waukesha, WI",Green Bay,3,55079,,"Milwaukee-Waukesha, WI","Associated Bank, National Association",Milwaukee,WI,2023_5296_145
54301,DIF,N,United States,53223,OCC,33340,271772,Wisconsin,06/01/1934,2023,Comptroller of the Currency,11,55,100.0,9,0,United States,ASSOCIATED BANC-CORP,0,7,0,32061546,,Milwaukee,MULT,CB,EXACT,,FED,0,,0,200 N Adams St,376,45601,1199563,79,5296,43.1789759840718,WI,4,CALL,0,Chicago,917742,Milwaukee Brown Deer Branch,1,,Milwaukee,COMMERCIAL LENDING,Midsize,,04/20/2001,0,146,0,WI,1,Wisconsin,7,OCC,Chicago,41171433,,0,7900 W Brown Deer Rd,-88.0088739972603,,GREEN BAY,55009,"Milwaukee-Racine-Waukesha, WI",Green Bay,3,55079,,"Milwaukee-Waukesha, WI","Associated Bank, National Association",Milwaukee,WI,2023_5296_146
54301,DIF,N,United States,53172,OCC,33340,271773,Wisconsin,06/01/1934,2023,Comptroller of the Currency,11,55,100.0,9,0,United States,ASSOCIATED BANC-CORP,0,7,0,32061546,,South Milwaukee,MULT,CB,EXACT,,FED,0,,0,200 N Adams St,376,42809,1199563,79,5296,42.9031449849266,WI,4,CALL,0,Chicago,917742,South Milwaukee Branch,1,,Milwaukee,COMMERCIAL LENDING,Midsize,,04/20/2001,0,147,0,WI,1,Wisconsin,7,OCC,Chicago,41171433,,0,2815 S Chicago Ave,-87.8651800136385,,GREEN BAY,55009,"Milwaukee-Racine-Waukesha, WI",Green Bay,3,55079,,"Milwaukee-Waukesha, WI","Associated Bank, National Association",South Milwaukee,WI,2023_5296_147
54301,DIF,N,United States,53226,OCC,33340,42493,Wisconsin,01/01/1887,2023,Comptroller of the Currency,11,55,100.0,9,0,United States,ASSOCIATED BANC-CORP,0,7,0,32061546,,Milwaukee,MULT,CB,EXACT,,FED,0,,0,200 N Adams St,376,139929,1199563,79,5296,43.0660600136342,WI,4,CALL,0,Chicago,917742,Wauwatosa Mayfair Branch,1,,Milwaukee,COMMERCIAL LENDING,Midsize,,04/20/2001,0,148,0,WI,1,Wisconsin,7,OCC,Chicago,41171433,,0,2645 N Mayfair Rd,-88.0485889632481,,GREEN BAY,55009,"Milwaukee-Racine-Waukesha, WI",Green Bay,3,55079,,"Milwaukee-Waukesha, WI","Associated Bank, National Association",Wauwatosa,WI,2023_5296_148
54301,DIF,N,United States,53215,OCC,33340,276680,Wisconsin,01/01/1887,2023,Comptroller of the Currency,11,55,100.0,9,0,United States,ASSOCIATED BANC-CORP,0,7,0,32061546,,Milwaukee,MULT,CB,EXACT,,FED,0,,0,200 N Adams St,376,66034,1199563,79,5296,42.9823629804805,WI,4,CALL,0,Chicago,917742,Milwaukee-Southgate Branch,1,,Milwaukee,COMMERCIAL LENDING,Midsize,,04/20/2001,0,155,0,WI,1,Wisconsin,7,OCC,Chicago,41171433,,0,3432 S 27th St,-87.9478209689017,,GREEN BAY,55009,"Milwaukee-Racine-Waukesha, WI",Green Bay,3,55079,,"Milwaukee-Waukesha, WI","Associated Bank, National Association",Milwaukee,WI,2023_5296_155
54301,DIF,N,United States,53151,OCC,33340,271786,Wisconsin,06/01/1934,2023,Comptroller of the Currency,11,55,100.0,9,0,United States,ASSOCIATED BANC-CORP,0,7,0,32061546,,New Berlin,MULT,CB,EXACT,,FED,0,,0,200 N Adams St,376,143904,1199563,133,5296,42.9753590202776,WI,4,CALL,0,Chicago,917742,New Berlin Branch,1,,Waukesha,COMMERCIAL LENDING,Midsize,,04/20/2001,0,156,0,WI,1,Wisconsin,7,OCC,Chicago,41171433,,0,15665 W National Ave,-88.1089939866723,,GREEN BAY,55009,"Milwaukee-Racine-Waukesha, WI",Green Bay,3,55133,,"Milwaukee-Waukesha, WI","Associated Bank, National Association",New Berlin,WI,2023_5296_156
54301,DIF,N,United States,53094,OCC,0,279460,Wisconsin,01/01/1920,2023,Comptroller of the Currency,11,55,US_Streets,9,0,United States,ASSOCIATED BANC-CORP,0,7,0,32061546,,Watertown,MULT,CB,T,,FED,0,,0,200 N Adams St,376,93472,1199563,55,5296,43.195106,WI,4,CALL,0,Chicago,917742,Watertown Downtown Branch,0,,Jefferson,COMMERCIAL LENDING,Midsize,,04/20/2001,1,157,0,WI,1,Wisconsin,7,OCC,Chicago,41171433,,0,600 Main Street,-88.731041,,GREEN BAY,55009,"Milwaukee-Racine-Waukesha, WI",Green Bay,3,55055,,,"Associated Bank, National Association",Watertown,WI,2023_5296_157
54301,DIF,N,United States,53190,OCC,0,279462,Wisconsin,01/01/1920,2023,Comptroller of the Currency,11,55,100.0,9,0,United States,ASSOCIATED BANC-CORP,0,7,0,32061546,,Whitewater,MULT,CB,EXACT,,FED,0,,0,200 N Adams St,376,66479,1199563,127,5296,42.8331539979359,WI,4,CALL,0,Chicago,917742,Whitewater Branch,0,,Walworth,COMMERCIAL LENDING,Midsize,,04/20/2001,1,158,0,WI,1,Wisconsin,7,OCC,Chicago,41171433,,0,219 W Center St,-88.733406965031,,GREEN BAY,55009,"Milwaukee-Racine-Waukesha, WI",Green Bay,3,55127,,,"Associated Bank, National Association",Whitewater,WI,2023_5296_158
54301,DIF,N,United States,53189,OCC,33340,279473,Wisconsin,01/01/1920,2023,Comptroller of the Currency,11,55,100.0,9,0,United States,ASSOCIATED BANC-CORP,0,7,0,32061546,,Waukesha,MULT,CB,EXACT,,FED,0,,0,200 N Adams St,376,190036,1199563,133,5296,42.988797013177,WI,4,CALL,0,Chicago,917742,Waukesha-Fox Run Branch,1,,Waukesha,COMMERCIAL LENDING,Midsize,,04/20/2001,0,160,0,WI,1,Wisconsin,7,OCC,Chicago,41171433,,0,1270 W Sunset Dr,-88.2604709864876,,GREEN BAY,55009,"Milwaukee-Racine-Waukesha, WI",Green Bay,3,55133,,"Milwaukee-Waukesha, WI","Associated Bank, National Association",Waukesha,WI,2023_5296_160
54301,DIF,N,United States,53149,OCC,33340,279467,Wisconsin,01/01/1920,2023,Comptroller of the Currency,11,55,100.0,9,0,United States,ASSOCIATED BANC-CORP,0,7,0,32061546,,Mukwonago,MULT,CB,EXACT,,FED,0,,0,200 N Adams St,376,164038,1199563,133,5296,42.8696649814349,WI,4,CALL,0,Chicago,917742,Mukwonago Branch,1,,Waukesha,COMMERCIAL LENDING,Midsize,,04/20/2001,0,163,0,WI,1,Wisconsin,7,OCC,Chicago,41171433,,0,707 N Rochester St,-88.3360920140222,,GREEN BAY,55009,"Milwaukee-Racine-Waukesha, WI",Green Bay,3,55133,,"Milwaukee-Waukesha, WI","Associated Bank, National Association",Mukwonago,WI,2023_5296_163
54301,DIF,N,United States,53181,OCC,28450,279476,Wisconsin,01/01/1920,2023,Comptroller of the Currency,11,55,100.0,9,0,United States,ASSOCIATED BANC-CORP,0,7,0,32061546,,Twin Lakes,MULT,CB,EXACT,,FED,0,,0,200 N Adams St,176,76822,1199563,59,5296,42.5335520052042,WI,4,CALL,0,Chicago,917742,Twin Lakes Branch,1,,Kenosha,COMMERCIAL LENDING,Midsize,,04/20/2001,0,168,0,WI,1,Wisconsin,7,OCC,Chicago,41171433,,0,213 N Lake Ave,-88.2483850364799,,GREEN BAY,55009,"Chicago-Naperville, IL-IN-WI",Green Bay,3,55059,,"Kenosha, WI","Associated Bank, National Association",Twin Lakes,WI,2023_5296_168
54301,DIF,N,United States,53204,OCC,33340,276674,Wisconsin,01/01/1887,2023,Comptroller of the Currency,11,55,96.5,9,0,United States,ASSOCIATED BANC-CORP,0,7,0,32061546,,Milwaukee,MULT,CB,StreetName,,FED,0,,0,200 N Adams St,376,30698,1199563,79,5296,43.0123100117838,WI,4,CALL,0,Chicago,917742,Milwaukee-Mitchell Street Branch,1,,Milwaukee,COMMERCIAL LENDING,Midsize,,04/20/2001,0,170,0,WI,1,Wisconsin,7,OCC,Chicago,41171433,,0,829 W Mitchell St,-87.9138800045025,,GREEN BAY,55009,"Milwaukee-Racine-Waukesha, WI",Green Bay,3,55079,,"Milwaukee-Waukesha, WI","Associated Bank, National Association",Milwaukee,WI,2023_5296_170
54301,DIF,N,United States,53074,OCC,33340,43371,Wisconsin,01/01/1923,2023,Comptroller of the Currency,11,55,100.0,9,0,United States,ASSOCIATED BANC-CORP,0,7,0,32061546,,Port Washington,MULT,CB,EXACT,,FED,0,,0,200 N Adams St,376,100206,1199563,89,5296,43.3892099994185,WI,4,CALL,0,Chicago,917742,Port Washington Branch,1,,Ozaukee,COMMERCIAL LENDING,Midsize,,04/20/2001,0,172,0,WI,1,Wisconsin,7,OCC,Chicago,41171433,,0,222 N Wisconsin St,-87.8706099781537,,GREEN BAY,55009,"Milwaukee-Racine-Waukesha, WI",Green Bay,3,55089,,"Milwaukee-Waukesha, WI","Associated Bank, National Association",Port Washington,WI,2023_5296_172
54301,DIF,N,United States,54956,OCC,36780,3576,Wisconsin,01/01/1861,2023,Comptroller of the Currency,11,55,100.0,9,0,United States,ASSOCIATED BANC-CORP,0,7,0,32061546,,Neenah,MULT,CB,EXACT,,FED,0,,0,200 N Adams St,118,451670,1199563,139,5296,44.1863260158274,WI,4,CALL,0,Chicago,917742,Neenah Main Branch,1,,Winnebago,COMMERCIAL LENDING,Midsize,,04/20/2001,0,177,0,WI,1,Wisconsin,7,OCC,Chicago,41171433,,0,100 W Wisconsin Ave,-88.4620369823938,,GREEN BAY,55009,"Appleton-Oshkosh-Neenah, WI",Green Bay,3,55139,,"Oshkosh-Neenah, WI","Associated Bank, National Association",Neenah,WI,2023_5296_177
54301,DIF,N,United States,54956,OCC,36780,207543,Wisconsin,07/01/1976,2023,Comptroller of the Currency,23,55,US_Streets,9,0,United States,ASSOCIATED BANC-CORP,0,7,0,32061546,,Neenah,MULT,CB,M,C,FED,0,177,0,200 N Adams St,118,0,1199563,139,5296,44.18559,WI,4,CALL,0,Chicago,917742,Neenah Auto Branch,1,,Winnebago,COMMERCIAL LENDING,Midsize,,04/20/2001,0,178,0,WI,1,Wisconsin,7,OCC,Chicago,41171433,,0,109 East Doty Avenue,-88.462103,,GREEN BAY,55009,"Appleton-Oshkosh-Neenah, WI",Green Bay,3,55139,,"Oshkosh-Neenah, WI","Associated Bank, National Association",Neenah,WI,2023_5296_178
54301,DIF,N,United States,54913,OCC,11540,255064,Wisconsin,02/17/1986,2023,Comptroller of the Currency,11,55,100.0,9,0,United States,ASSOCIATED BANC-CORP,0,7,0,32061546,,Appleton,MULT,CB,EXACT,,FED,0,,0,200 N Adams St,118,67710,1199563,87,5296,44.2709259895007,WI,4,CALL,0,Chicago,917742,Grand Chute Branch,1,,Outagamie,COMMERCIAL LENDING,Midsize,,04/20/2001,0,181,0,WI,1,Wisconsin,7,OCC,Chicago,41171433,,0,1195 N Casaloma Dr,-88.4770649804161,,GREEN BAY,55009,"Appleton-Oshkosh-Neenah, WI",Green Bay,3,55087,,"Appleton, WI","Associated Bank, National Association",Appleton,WI,2023_5296_181
54301,DIF,N,United States,54901,OCC,36780,248516,Wisconsin,02/16/1970,2023,Comptroller of the Currency,11,55,100.0,9,0,United States,ASSOCIATED BANC-CORP,0,7,0,32061546,,Oshkosh,MULT,CB,EXACT,,FED,0,,0,200 N Adams St,118,44713,1199563,139,5296,44.0399149963818,WI,4,CALL,0,Chicago,917742,Oshkosh Murdock Branch,1,,Winnebago,COMMERCIAL LENDING,Midsize,,04/20/2001,0,184,0,WI,1,Wisconsin,7,OCC,Chicago,41171433,,0,10 W Murdock Ave,-88.5382819588009,,GREEN BAY,55009,"Appleton-Oshkosh-Neenah, WI",Green Bay,3,55139,,"Oshkosh-Neenah, WI","Associated Bank, National Association",Oshkosh,WI,2023_5296_184
54301,DIF,N,United States,54915,OCC,11540,418500,Wisconsin,07/29/2002,2023,Comptroller of the Currency,11,55,100.0,9,0,United States,ASSOCIATED BANC-CORP,0,7,0,32061546,,Appleton,MULT,CB,EXACT,,FED,0,,0,200 N Adams St,118,201738,1199563,87,5296,44.2442339864766,WI,4,CALL,0,Chicago,917742,Appleton-Darboy Branch,1,,Outagamie,COMMERCIAL LENDING,Midsize,,,0,189,0,WI,1,Wisconsin,7,OCC,Chicago,41171433,,0,W3122 County Road Kk,-88.3459430133672,,GREEN BAY,55009,"Appleton-Oshkosh-Neenah, WI",Green Bay,3,55087,,"Appleton, WI","Associated Bank, National Association",Appleton,WI,2023_5296_189
54301,DIF,N,United States,54481,OCC,0,56966,Wisconsin,07/19/1996,2023,Comptroller of the Currency,21,55,100.0,9,0,United States,ASSOCIATED BANC-CORP,0,7,0,32061546,,Stevens Point,MULT,CB,EXACT,N,FED,0,,0,200 N Adams St,554,0,1199563,97,5296,44.5231369950451,WI,4,CALL,0,Chicago,917742,Associated Service Center-Sp,0,,Portage,COMMERCIAL LENDING,Midsize,,09/12/2003,1,191,0,WI,1,Wisconsin,7,OCC,Chicago,41171433,,0,1305 Main St,-89.579971977314,,GREEN BAY,55009,"Wausau-Stevens Point-Wisconsin Rapids, WI",Green Bay,3,55097,,,"Associated Bank, National Association",Stevens Point,WI,2023_5296_191
54301,DIF,N,United States,54302,OCC,24580,207452,Wisconsin,07/21/1969,2023,Comptroller of the Currency,11,55,100.0,9,0,United States,ASSOCIATED BANC-CORP,0,7,0,32061546,,Green Bay,MULT,CB,EXACT,,FED,0,,0,200 N Adams St,267,134620,1199563,9,5296,44.5126570176858,WI,4,CALL,0,Chicago,917742,Green Bay University Branch,1,,Brown,COMMERCIAL LENDING,Midsize,,,0,2,0,WI,1,Wisconsin,7,OCC,Chicago,41171433,,0,2262 University Ave,-87.9653490371841,,GREEN BAY,55009,"Green Bay-Shawano, WI",Green Bay,3,55009,,"Green Bay, WI","Associated Bank, National Association",Green Bay,WI,2023_5296_2
54301,DIF,N,United States,54601,OCC,29100,41815,Wisconsin,06/01/1934,2023,Comptroller of the Currency,11,55,100.0,9,0,United States,ASSOCIATED BANC-CORP,0,7,0,32061546,,La Crosse,MULT,CB,EXACT,,FED,0,,0,200 N Adams St,317,171882,1199563,63,5296,43.813860013063,WI,4,CALL,0,Chicago,917742,Lacrosse Downtown Branch,1,,La Crosse,COMMERCIAL LENDING,Midsize,,02/19/2005,0,235,0,WI,1,Wisconsin,7,OCC,Chicago,41171433,,0,205 4th St N,-91.2509410042553,,GREEN BAY,55009,"La Crosse-Onalaska-Sparta, WI-MN",Green Bay,3,55063,,"La Crosse-Onalaska, WI-MN","Associated Bank, National Association",La Crosse,WI,2023_5296_235
54301,DIF,N,United States,54665,OCC,29100,272014,Wisconsin,06/01/1934,2023,Comptroller of the Currency,11,55,100.0,9,0,United States,ASSOCIATED BANC-CORP,0,7,0,32061546,,Viroqua,MULT,CB,EXACT,,FED,0,,0,200 N Adams St,317,41725,1199563,123,5296,43.564576010017,WI,4,CALL,0,Chicago,917742,Viroqua Branch,1,,Vernon,COMMERCIAL LENDING,Midsize,,02/19/2005,0,240,0,WI,1,Wisconsin,7,OCC,Chicago,41171433,,0,825 N Main St,-90.8886579661112,,GREEN BAY,55009,"La Crosse-Onalaska-Sparta, WI-MN",Green Bay,3,55123,,"La Crosse-Onalaska, WI-MN","Associated Bank, National Association",Viroqua,WI,2023_5296_240
54301,DIF,N,United States,53589,OCC,31540,272732,Wisconsin,01/01/1889,2023,Comptroller of the Currency,11,55,100.0,9,0,United States,ASSOCIATED BANC-CORP,0,7,0,32061546,,Stoughton,MULT,CB,EXACT,,FED,0,,0,200 N Adams St,357,105441,1199563,25,5296,42.9178349827034,WI,4,CALL,0,Chicago,917742,Stoughton Branch,1,,Dane,COMMERCIAL LENDING,Midsize,,02/19/2005,0,244,0,WI,1,Wisconsin,7,OCC,Chicago,41171433,,0,117 King St,-89.2364179665392,,GREEN BAY,55009,"Madison-Janesville-Beloit, WI",Green Bay,3,55025,,"Madison, WI","Associated Bank, National Association",Stoughton,WI,2023_5296_244
54301,DIF,N,United States,53704,OCC,31540,272733,Wisconsin,01/01/1889,2023,Comptroller of the Currency,11,55,100.0,9,0,United States,ASSOCIATED BANC-CORP,0,7,0,32061546,,Madison,MULT,CB,EXACT,,FED,0,,0,200 N Adams St,357,93492,1199563,25,5296,43.1272080089558,WI,4,CALL,0,Chicago,917742,Madison East Towne Branch,1,,Dane,COMMERCIAL LENDING,Midsize,,02/19/2005,0,245,0,WI,1,Wisconsin,7,OCC,Chicago,41171433,,0,4402 E Towne Blvd,-89.3081170177591,,GREEN BAY,55009,"Madison-Janesville-Beloit, WI",Green Bay,3,55025,,"Madison, WI","Associated Bank, National Association",Madison,WI,2023_5296_245
54301,DIF,N,United States,53717,OCC,31540,272734,Wisconsin,01/01/1889,2023,Comptroller of the Currency,11,55,100.0,9,0,United States,ASSOCIATED BANC-CORP,0,7,0,32061546,,Madison,MULT,CB,EXACT,,FED,0,,0,200 N Adams St,357,818019,1199563,25,5296,43.06111301438,WI,4,CALL,0,Chicago,917742,Madison Mineral Point Branch,1,,Dane,COMMERCIAL LENDING,Midsize,,02/19/2005,0,246,0,WI,1,Wisconsin,7,OCC,Chicago,41171433,,0,7722 Mineral Point Rd,-89.5170600104691,,GREEN BAY,55009,"Madison-Janesville-Beloit, WI",Green Bay,3,55025,,"Madison, WI","Associated Bank, National Association",Madison,WI,2023_5296_246
54301,DIF,N,United States,53716,OCC,31540,272736,Wisconsin,01/01/1889,2023,Comptroller of the Currency,11,55,100.0,9,0,United States,ASSOCIATED BANC-CORP,0,7,0,32061546,,Madison,MULT,CB,EXACT,,FED,0,,0,200 N Adams St,357,124624,1199563,25,5296,43.0837840089033,WI,4,CALL,0,Chicago,917742,Madison Cottage Grove Branch,1,,Dane,COMMERCIAL LENDING,Midsize,,02/19/2005,0,248,0,WI,1,Wisconsin,7,OCC,Chicago,41171433,,0,4407 Cottage Grove Rd,-89.306549015132,,GREEN BAY,55009,"Madison-Janesville-Beloit, WI",Green Bay,3,55025,,"Madison, WI","Associated Bank, National Association",Madison,WI,2023_5296_248
54301,DIF,N,United States,53713,OCC,31540,272737,Wisconsin,01/01/1889,2023,Comptroller of the Currency,11,55,100.0,9,0,United States,ASSOCIATED BANC-CORP,0,7,0,32061546,,Madison,MULT,CB,EXACT,,FED,0,,0,200 N Adams St,357,112190,1199563,25,5296,43.026294001856,WI,4,CALL,0,Chicago,917742,Fitchburg Fish Hatchery Branch,1,,Dane,COMMERCIAL LENDING,Midsize,,02/19/2005,0,249,0,WI,1,Wisconsin,7,OCC,Chicago,41171433,,0,3002 Fish Hatchery Rd,-89.4136620263633,,GREEN BAY,55009,"Madison-Janesville-Beloit, WI",Green Bay,3,55025,,"Madison, WI","Associated Bank, National Association",Fitchburg,WI,2023_5296_249
54301,DIF,N,United States,53597,OCC,31540,272739,Wisconsin,01/01/1889,2023,Comptroller of the Currency,11,55,100.0,9,0,United States,ASSOCIATED BANC-CORP,0,7,0,32061546,,Waunakee,MULT,CB,EXACT,,FED,0,,0,200 N Adams St,357,74642,1199563,25,5296,43.1900879988401,WI,4,CALL,0,Chicago,917742,Waunakee Branch,1,,Dane,COMMERCIAL LENDING,Midsize,,02/19/2005,0,251,0,WI,1,Wisconsin,7,OCC,Chicago,41171433,,0,269 S Century Ave,-89.4623100056603,,GREEN BAY,55009,"Madison-Janesville-Beloit, WI",Green Bay,3,55025,,"Madison, WI","Associated Bank, National Association",Waunakee,WI,2023_5296_251
54301,DIF,N,United States,53558,OCC,31540,272740,Wisconsin,01/01/1889,2023,Comptroller of the Currency,11,55,100.0,9,0,United States,ASSOCIATED BANC-CORP,0,7,0,32061546,,McFarland,MULT,CB,EXACT,,FED,0,,0,200 N Adams St,357,61240,1199563,25,5296,43.0134779880817,WI,4,CALL,0,Chicago,917742,Mc Farland Branch,1,,Dane,COMMERCIAL LENDING,Midsize,,02/19/2005,0,252,0,WI,1,Wisconsin,7,OCC,Chicago,41171433,,0,5220 Farwell St,-89.2922690181491,,GREEN BAY,55009,"Madison-Janesville-Beloit, WI",Green Bay,3,55025,,"Madison, WI","Associated Bank, National Association",Mcfarland,WI,2023_5296_252
54301,DIF,N,United States,53545,OCC,27500,285996,Wisconsin,06/30/1986,2023,Comptroller of the Currency,11,55,100.0,9,0,United States,ASSOCIATED BANC-CORP,0,7,0,32061546,,Janesville,MULT,CB,EXACT,,FED,0,,0,200 N Adams St,357,255711,1199563,105,5296,42.7161580103991,WI,4,CALL,0,Chicago,917742,Janesville Lexington Branch,1,,Rock,COMMERCIAL LENDING,Midsize,,02/19/2005,0,263,0,WI,1,Wisconsin,7,OCC,Chicago,41171433,,0,2720 N Lexington Dr,-88.9932540100968,,GREEN BAY,55009,"Madison-Janesville-Beloit, WI",Green Bay,3,55105,,"Janesville-Beloit, WI","Associated Bank, National Association",Janesville,WI,2023_5296_263
54301,DIF,N,United States,54650,OCC,29100,272021,Wisconsin,07/06/1994,2023,Comptroller of the Currency,11,55,100.0,9,0,United States,ASSOCIATED BANC-CORP,0,7,0,32061546,,Onalaska,MULT,CB,EXACT,,FED,0,,0,200 N Adams St,317,120120,1199563,63,5296,43.8803720073217,WI,4,CALL,0,Chicago,917742,Onalaska Marcou Road Branch,1,,La Crosse,COMMERCIAL LENDING,Midsize,,02/19/2005,0,264,0,WI,1,Wisconsin,7,OCC,Chicago,41171433,,0,201 Marcou Rd,-91.1782300058651,,GREEN BAY,55009,"La Crosse-Onalaska-Sparta, WI-MN",Green Bay,3,55063,,"La Crosse-Onalaska, WI-MN","Associated Bank, National Association",Onalaska,WI,2023_5296_264
54301,DIF,N,United States,53562,OCC,31540,272025,Wisconsin,11/02/1994,2023,Comptroller of the Currency,11,55,100.0,9,0,United States,ASSOCIATED BANC-CORP,0,7,0,32061546,,Middleton,MULT,CB,EXACT,,FED,0,,0,200 N Adams St,357,70518,1199563,25,5296,43.1000949829352,WI,4,CALL,0,Chicago,917742,Middleton Allen Branch,1,,Dane,COMMERCIAL LENDING,Midsize,,02/19/2005,0,268,0,WI,1,Wisconsin,7,OCC,Chicago,41171433,,0,2420 Allen Blvd,-89.4868269886294,,GREEN BAY,55009,"Madison-Janesville-Beloit, WI",Green Bay,3,55025,,"Madison, WI","Associated Bank, National Association",Middleton,WI,2023_5296_268
54301,DIF,N,United States,54016,OCC,33460,272028,Wisconsin,01/19/1995,2023,Comptroller of the Currency,11,55,100.0,9,0,United States,ASSOCIATED BANC-CORP,0,7,0,32061546,,Hudson,MULT,CB,EXACT,,FED,0,,0,200 N Adams St,378,121871,1199563,109,5296,44.9639489943925,WI,4,CALL,0,Chicago,917742,Hudson Hill Coulee Branch,1,,St. Croix,COMMERCIAL LENDING,Midsize,,02/19/2005,0,270,0,WI,1,Wisconsin,7,OCC,Chicago,41171433,,0,2001 Coulee Rd,-92.7308209951645,,GREEN BAY,55009,"Minneapolis-St. Paul, MN-WI",Green Bay,3,55109,,"Minneapolis-St. Paul-Bloomington, MN-WI","Associated Bank, National Association",Hudson,WI,2023_5296_270
54301,DIF,N,United States,54115,OCC,24580,9547,Wisconsin,02/01/1900,2023,Comptroller of the Currency,11,55,100.0,9,0,United States,ASSOCIATED BANC-CORP,0,7,0,32061546,,De Pere,MULT,CB,EXACT,,FED,0,,0,200 N Adams St,267,164635,1199563,9,5296,44.4503190016608,WI,4,CALL,0,Chicago,917742,De Pere East Branch,1,,Brown,COMMERCIAL LENDING,Midsize,,01/01/1989,0,28,0,WI,1,Wisconsin,7,OCC,Chicago,41171433,,0,206 N Wisconsin St,-88.058936003623,,GREEN BAY,55009,"Green Bay-Shawano, WI",Green Bay,3,55009,,"Green Bay, WI","Associated Bank, National Association",De Pere,WI,2023_5296_28
54301,DIF,N,United States,54403,OCC,48140,55572,Wisconsin,03/17/1995,2023,Comptroller of the Currency,11,55,100.0,9,0,United States,ASSOCIATED BANC-CORP,0,7,0,32061546,,Wausau,MULT,CB,EXACT,,FED,0,,0,200 N Adams St,554,98039,1199563,73,5296,44.9607230094078,WI,4,CALL,0,Chicago,917742,Wausau Downtown Branch,1,,Marathon,COMMERCIAL LENDING,Midsize,,02/19/2005,0,289,0,WI,1,Wisconsin,7,OCC,Chicago,41171433,,0,400 Scott St,-89.6264246523503,,GREEN BAY,55009,"Wausau-Stevens Point-Wisconsin Rapids, WI",Green Bay,3,55073,,"Wausau, WI","Associated Bank, National Association",Wausau,WI,2023_5296_289
54301,DIF,N,United States,54911,OCC,11540,433617,Wisconsin,02/09/2004,2023,Comptroller of the Currency,11,55,100.0,9,0,United States,ASSOCIATED BANC-CORP,0,7,0,32061546,,Appleton,MULT,CB,EXACT,,FED,0,,0,200 N Adams St,118,249067,1199563,87,5296,44.2867439818972,WI,4,CALL,0,Chicago,917742,Appleton Northland Branch,1,,Outagamie,COMMERCIAL LENDING,Midsize,,02/19/2005,0,298,0,WI,1,Wisconsin,7,OCC,Chicago,41171433,,0,2701 N Richmond St,-88.4161670172662,,GREEN BAY,55009,"Appleton-Oshkosh-Neenah, WI",Green Bay,3,55087,,"Appleton, WI","Associated Bank, National Association",Appleton,WI,2023_5296_298
54301,DIF,N,United States,54301,OCC,24580,207455,Wisconsin,08/29/1988,2023,Comptroller of the Currency,11,55,100.0,9,0,United States,ASSOCIATED BANC-CORP,0,7,0,32061546,,Green Bay,MULT,CB,EXACT,,FED,0,,0,200 N Adams St,267,97843,1199563,9,5296,44.4847850103326,WI,4,CALL,0,Chicago,917742,Allouez Branch,1,,Brown,COMMERCIAL LENDING,Midsize,,,0,31,0,WI,1,Wisconsin,7,OCC,Chicago,41171433,,0,2001 S Webster Ave,-88.0210539922216,,GREEN BAY,55009,"Green Bay-Shawano, WI",Green Bay,3,55009,,"Green Bay, WI","Associated Bank, National Association",Green Bay,WI,2023_5296_31
54301,DIF,N,United States,54904,OCC,36780,437040,Wisconsin,06/30/2003,2023,Comptroller of the Currency,12,55,100.0,9,0,United States,ASSOCIATED BANC-CORP,0,7,0,32061546,,Oshkosh,MULT,CB,EXACT,,FED,0,,0,200 N Adams St,118,49891,1199563,139,5296,44.0279929964002,WI,4,CALL,0,Chicago,917742,Oshkosh Festival Branch,1,,Winnebago,COMMERCIAL LENDING,Midsize,,02/19/2005,0,310,0,WI,1,Wisconsin,7,OCC,Chicago,41171433,,0,"2415 Westowne Ave, Ste A",-88.592022028096,,GREEN BAY,55009,"Appleton-Oshkosh-Neenah, WI",Green Bay,3,55139,,"Oshkosh-Neenah, WI","Associated Bank, National Association",Oshkosh,WI,2023_5296_310
54301,DIF,N,United States,53142,OCC,28450,437065,Wisconsin,06/30/2004,2023,Comptroller of the Currency,12,55,100.0,9,0,United States,ASSOCIATED BANC-CORP,0,7,0,32061546,,Kenosha,MULT,CB,EXACT,,FED,0,,0,200 N Adams St,176,50419,1199563,59,5296,42.5765080016928,WI,4,CALL,0,Chicago,917742,Kenosha Branch,1,,Kenosha,COMMERCIAL LENDING,Midsize,,02/19/2005,0,319,0,WI,1,Wisconsin,7,OCC,Chicago,41171433,,0,6419 Green Bay Rd,-87.8848359956801,,GREEN BAY,55009,"Chicago-Naperville, IL-IN-WI",Green Bay,3,55059,,"Kenosha, WI","Associated Bank, National Association",Kenosha,WI,2023_5296_319
54301,DIF,N,United States,54302,OCC,24580,207456,Wisconsin,02/01/1990,2023,Comptroller of the Currency,11,55,100.0,9,0,United States,ASSOCIATED BANC-CORP,0,7,0,32061546,,Green Bay,MULT,CB,EXACT,,FED,0,,0,200 N Adams St,267,144049,1199563,9,5296,44.4839800123517,WI,4,CALL,0,Chicago,917742,Green Bay East Branch,1,,Brown,COMMERCIAL LENDING,Midsize,,,0,32,0,WI,1,Wisconsin,7,OCC,Chicago,41171433,,0,"2241 Main St, Ste A",-87.9687879644189,,GREEN BAY,55009,"Green Bay-Shawano, WI",Green Bay,3,55009,,"Green Bay, WI","Associated Bank, National Association",Green Bay,WI,2023_5296_32
54301,DIF,N,United States,53719,OCC,31540,437070,Wisconsin,06/30/2004,2023,Comptroller of the Currency,12,55,100.0,9,0,United States,ASSOCIATED BANC-CORP,0,7,0,32061546,,Madison,MULT,CB,EXACT,,FED,0,,0,200 N Adams St,357,74129,1199563,25,5296,43.0136589952808,WI,4,CALL,0,Chicago,917742,Madison Maple Grove Pick-N-Save Branch,1,,Dane,COMMERCIAL LENDING,Midsize,,02/19/2005,0,322,0,WI,1,Wisconsin,7,OCC,Chicago,41171433,,0,"6655 Mckee Rd, Ste A",-89.4979979700865,,GREEN BAY,55009,"Madison-Janesville-Beloit, WI",Green Bay,3,55025,,"Madison, WI","Associated Bank, National Association",Madison,WI,2023_5296_322
54301,DIF,N,United States,54313,OCC,24580,443319,Wisconsin,02/14/2005,2023,Comptroller of the Currency,11,55,100.0,9,0,United States,ASSOCIATED BANC-CORP,0,7,0,32061546,,Green Bay,MULT,CB,EXACT,,FED,0,,0,200 N Adams St,267,366449,1199563,9,5296,44.5515319912469,WI,4,CALL,0,Chicago,917742,Green Bay Howard Branch,1,,Brown,COMMERCIAL LENDING,Midsize,,,0,331,0,WI,1,Wisconsin,7,OCC,Chicago,41171433,,0,369 Cardinal Ln,-88.0857989974719,,GREEN BAY,55009,"Green Bay-Shawano, WI",Green Bay,3,55009,,"Green Bay, WI","Associated Bank, National Association",Green Bay,WI,2023_5296_331
54301,DIF,N,United States,54235,OCC,0,13534,Wisconsin,08/01/1967,2023,Comptroller of the Currency,11,55,100.0,9,0,United States,ASSOCIATED BANC-CORP,0,7,0,32061546,,Sturgeon Bay,MULT,CB,EXACT,,FED,0,,0,200 N Adams St,0,162798,1199563,29,5296,44.8347710002376,WI,4,CALL,0,Chicago,917742,Sturgeon Bay Downtown Branch,0,,Door,COMMERCIAL LENDING,Midsize,,01/01/1993,0,35,0,WI,1,Wisconsin,7,OCC,Chicago,41171433,,0,57 N 3rd Ave,-87.3771499876758,,GREEN BAY,55009,,Green Bay,3,55029,,,"Associated Bank, National Association",Sturgeon Bay,WI,2023_5296_35
54301,DIF,N,United States,53130,OCC,33340,2418,Wisconsin,05/01/1852,2023,Comptroller of the Currency,11,55,100.0,9,0,United States,ASSOCIATED BANC-CORP,0,7,0,32061546,,Hales Corners,MULT,CB,EXACT,,FED,0,,0,200 N Adams St,376,139864,1199563,79,5296,42.9377599819273,WI,4,CALL,0,Chicago,917742,Hales Corners Branch,1,,Milwaukee,COMMERCIAL LENDING,Midsize,,11/04/2005,0,360,0,WI,1,Wisconsin,7,OCC,Chicago,41171433,,0,10708 W Janesville Rd,-88.046761959813,,GREEN BAY,55009,"Milwaukee-Racine-Waukesha, WI",Green Bay,3,55079,,"Milwaukee-Waukesha, WI","Associated Bank, National Association",Hales Corners,WI,2023_5296_360
54301,DIF,N,United States,53150,OCC,33340,229659,Wisconsin,05/13/1968,2023,Comptroller of the Currency,11,55,US_Zipcode,9,0,United States,ASSOCIATED BANC-CORP,0,7,0,32061546,,Muskego,MULT,CB,M,,FED,0,,0,200 N Adams St,376,106336,1199563,133,5296,42.882925,WI,4,CALL,0,Chicago,917742,Muskego Branch,1,,Waukesha,COMMERCIAL LENDING,Midsize,,11/04/2005,0,364,0,WI,1,Wisconsin,7,OCC,Chicago,41171433,,0,S76 W17655 Janesville Road,-88.1263,,GREEN BAY,55009,"Milwaukee-Racine-Waukesha, WI",Green Bay,3,55133,,"Milwaukee-Waukesha, WI","Associated Bank, National Association",Muskego,WI,2023_5296_364
54301,DIF,N,United States,53220,OCC,33340,15903,Wisconsin,12/29/1978,2023,Comptroller of the Currency,11,55,100.0,9,0,United States,ASSOCIATED BANC-CORP,0,7,0,32061546,,Milwaukee,MULT,CB,EXACT,,FED,0,,0,200 N Adams St,376,159721,1199563,79,5296,42.9572600186603,WI,4,CALL,0,Chicago,917742,Greenfield Branch,1,,Milwaukee,COMMERCIAL LENDING,Midsize,,11/04/2005,0,366,0,WI,1,Wisconsin,7,OCC,Chicago,41171433,,0,4811 S 76th St,-88.0090409647715,,GREEN BAY,55009,"Milwaukee-Racine-Waukesha, WI",Green Bay,3,55079,,"Milwaukee-Waukesha, WI","Associated Bank, National Association",Greenfield,WI,2023_5296_366
54301,DIF,N,United States,53211,OCC,33340,14091,Wisconsin,06/23/1971,2023,Comptroller of the Currency,11,55,100.0,9,0,United States,ASSOCIATED BANC-CORP,0,7,0,32061546,,Milwaukee,MULT,CB,EXACT,,FED,0,,0,200 N Adams St,376,111063,1199563,79,5296,43.0656889886901,WI,4,CALL,0,Chicago,917742,Milwaukee Downer Ave Branch,1,,Milwaukee,COMMERCIAL LENDING,Midsize,,11/04/2005,0,367,0,WI,1,Wisconsin,7,OCC,Chicago,41171433,,0,2590 N Downer Ave,-87.8777970410314,,GREEN BAY,55009,"Milwaukee-Racine-Waukesha, WI",Green Bay,3,55079,,"Milwaukee-Waukesha, WI","Associated Bank, National Association",Milwaukee,WI,2023_5296_367
54301,DIF,N,United States,53217,OCC,33340,251060,Wisconsin,04/09/1990,2023,Comptroller of the Currency,11,55,100.0,9,0,United States,ASSOCIATED BANC-CORP,0,7,0,32061546,,Milwaukee,MULT,CB,EXACT,,FED,0,,0,200 N Adams St,376,61860,1199563,79,5296,43.1396910097169,WI,4,CALL,0,Chicago,917742,Glendale Branch,1,,Milwaukee,COMMERCIAL LENDING,Midsize,,11/04/2005,0,368,0,WI,1,Wisconsin,7,OCC,Chicago,41171433,,0,6745 N Port Washington Rd,-87.9135959818557,,GREEN BAY,55009,"Milwaukee-Racine-Waukesha, WI",Green Bay,3,55079,,"Milwaukee-Waukesha, WI","Associated Bank, National Association",Glendale,WI,2023_5296_368
54301,DIF,N,United States,53185,OCC,39540,8247,Wisconsin,01/01/1907,2023,Comptroller of the Currency,11,55,100.0,9,0,United States,ASSOCIATED BANC-CORP,0,7,0,32061546,,Waterford,MULT,CB,EXACT,,FED,0,,0,200 N Adams St,376,85674,1199563,101,5296,42.7653749951932,WI,4,CALL,0,Chicago,917742,Waterford Branch,1,,Racine,COMMERCIAL LENDING,Midsize,,11/04/2005,0,377,0,WI,1,Wisconsin,7,OCC,Chicago,41171433,,0,217 N Milwaukee St,-88.208976009958,,GREEN BAY,55009,"Milwaukee-Racine-Waukesha, WI",Green Bay,3,55101,,"Racine-Mount Pleasant, WI","Associated Bank, National Association",Waterford,WI,2023_5296_377
54301,DIF,N,United States,53105,OCC,39540,228809,Wisconsin,05/20/1997,2023,Comptroller of the Currency,11,55,100.0,9,0,United States,ASSOCIATED BANC-CORP,0,7,0,32061546,,Burlington,MULT,CB,EXACT,,FED,0,,0,200 N Adams St,376,84903,1199563,101,5296,42.6912759955466,WI,4,CALL,0,Chicago,917742,Burlington Branch,1,,Racine,COMMERCIAL LENDING,Midsize,,11/04/2005,0,378,0,WI,1,Wisconsin,7,OCC,Chicago,41171433,,0,1050 Milwaukee Ave,-88.2656250187501,,GREEN BAY,55009,"Milwaukee-Racine-Waukesha, WI",Green Bay,3,55101,,"Racine-Mount Pleasant, WI","Associated Bank, National Association",Burlington,WI,2023_5296_378
54301,DIF,N,United States,54234,OCC,0,249384,Wisconsin,07/23/1984,2023,Comptroller of the Currency,11,55,100.0,9,0,United States,ASSOCIATED BANC-CORP,0,7,0,32061546,,Sister Bay,MULT,CB,EXACT,,FED,0,,0,200 N Adams St,0,55854,1199563,29,5296,45.1780530182542,WI,4,CALL,0,Chicago,917742,Sister Bay Branch,0,,Door,COMMERCIAL LENDING,Midsize,,01/01/1993,0,38,0,WI,1,Wisconsin,7,OCC,Chicago,41171433,,0,10440 Townline Dr,-87.1527390308458,,GREEN BAY,55009,,Green Bay,3,55029,,,"Associated Bank, National Association",Sister Bay,WI,2023_5296_38
54301,DIF,N,United States,54235,OCC,0,249385,Wisconsin,05/14/1990,2023,Comptroller of the Currency,23,55,100.0,9,0,United States,ASSOCIATED BANC-CORP,0,7,0,32061546,,Sturgeon Bay,MULT,CB,EXACT,C,FED,0,35,0,200 N Adams St,0,0,1199563,29,5296,44.8483319975661,WI,4,CALL,0,Chicago,917742,Sturgeon Bay East Branch,0,,Door,COMMERCIAL LENDING,Midsize,,01/01/1993,0,39,0,WI,1,Wisconsin,7,OCC,Chicago,41171433,,0,1332 Egg Harbor Rd,-87.3621929843734,,GREEN BAY,55009,,Green Bay,3,55029,,,"Associated Bank, National Association",Sturgeon Bay,WI,2023_5296_39
54301,DIF,N,United States,53147,OCC,0,453679,Wisconsin,05/11/2006,2023,Comptroller of the Currency,12,55,100.0,9,0,United States,ASSOCIATED BANC-CORP,0,7,0,32061546,,Lake Geneva,MULT,CB,EXACT,,FED,0,,0,200 N Adams St,376,55996,1199563,127,5296,42.598564979899,WI,4,CALL,0,Chicago,917742,Lake Geneva Branch,0,,Walworth,COMMERCIAL LENDING,Midsize,,,1,390,0,WI,1,Wisconsin,7,OCC,Chicago,41171433,,0,728 Williams St,-88.4360720256511,,GREEN BAY,55009,"Milwaukee-Racine-Waukesha, WI",Green Bay,3,55127,,,"Associated Bank, National Association",Lake Geneva,WI,2023_5296_390
54301,DIF,N,United States,54002,OCC,33460,274350,Wisconsin,12/01/1934,2023,Comptroller of the Currency,11,55,100.0,9,0,United States,ASSOCIATED BANC-CORP,0,7,0,32061546,,Baldwin,MULT,CB,EXACT,,FED,0,,0,200 N Adams St,378,54878,1199563,109,5296,44.9564969795553,WI,4,CALL,0,Chicago,917742,Baldwin Branch,1,,St. Croix,COMMERCIAL LENDING,Midsize,,06/29/2007,0,396,0,WI,1,Wisconsin,7,OCC,Chicago,41171433,,0,1660 11th Ave,-92.3756579646727,,GREEN BAY,55009,"Minneapolis-St. Paul, MN-WI",Green Bay,3,55109,,"Minneapolis-St. Paul-Bloomington, MN-WI","Associated Bank, National Association",Baldwin,WI,2023_5296_396
54301,DIF,N,United States,54011,OCC,33460,207611,Wisconsin,02/10/1992,2023,Comptroller of the Currency,11,55,100.0,9,0,United States,ASSOCIATED BANC-CORP,0,7,0,32061546,,Ellsworth,MULT,CB,EXACT,,FED,0,,0,200 N Adams St,378,87136,1199563,93,5296,44.7324860071449,WI,4,CALL,0,Chicago,917742,Ellsworth Branch,1,,Pierce,COMMERCIAL LENDING,Midsize,,06/29/2007,0,398,0,WI,1,Wisconsin,7,OCC,Chicago,41171433,,0,420 E Main St,-92.4676520342322,,GREEN BAY,55009,"Minneapolis-St. Paul, MN-WI",Green Bay,3,55093,,"Minneapolis-St. Paul-Bloomington, MN-WI","Associated Bank, National Association",Ellsworth,WI,2023_5296_398
54301,DIF,N,United States,54016,OCC,33460,207612,Wisconsin,02/01/1994,2023,Comptroller of the Currency,11,55,100.0,9,0,United States,ASSOCIATED BANC-CORP,0,7,0,32061546,,Hudson,MULT,CB,EXACT,,FED,0,,0,200 N Adams St,378,184845,1199563,109,5296,44.9609729996701,WI,4,CALL,0,Chicago,917742,Hudson Crestview Branch,1,,St. Croix,COMMERCIAL LENDING,Midsize,,06/29/2007,0,399,0,WI,1,Wisconsin,7,OCC,Chicago,41171433,,0,2200 Crest View Dr,-92.728840016168,,GREEN BAY,55009,"Minneapolis-St. Paul, MN-WI",Green Bay,3,55109,,"Minneapolis-St. Paul-Bloomington, MN-WI","Associated Bank, National Association",Hudson,WI,2023_5296_399
54301,DIF,N,United States,54112,OCC,0,8257,Wisconsin,07/15/1915,2023,Comptroller of the Currency,11,55,US_Zipcode,9,0,United States,ASSOCIATED BANC-CORP,0,7,0,32061546,,Coleman,MULT,CB,M,,FED,0,,0,200 N Adams St,361,65614,1199563,75,5296,45.050443,WI,4,CALL,0,Chicago,917742,Coleman Branch,0,,Marinette,COMMERCIAL LENDING,Midsize,,07/01/1993,1,40,0,WI,1,Wisconsin,7,OCC,Chicago,41171433,,0,118 Business 141,-88.043081,,GREEN BAY,55009,"Marinette-Iron Mountain, WI-MI",Green Bay,3,55075,,,"Associated Bank, National Association",Coleman,WI,2023_5296_40
54301,DIF,N,United States,53590,OCC,31540,510605,Wisconsin,08/21/2009,2023,Comptroller of the Currency,11,55,100.0,9,0,United States,ASSOCIATED BANC-CORP,0,7,0,32061546,,Sun Prairie,MULT,CB,EXACT,,FED,0,,0,200 N Adams St,357,148326,1199563,25,5296,43.1712640045077,WI,4,CALL,0,Chicago,917742,Sun Prairie Grand Avenue Branch,1,,Dane,COMMERCIAL LENDING,Midsize,,,0,407,0,WI,1,Wisconsin,7,OCC,Chicago,41171433,,0,658 S Grand Ave,-89.2658960303599,,GREEN BAY,55009,"Madison-Janesville-Beloit, WI",Green Bay,3,55025,,"Madison, WI","Associated Bank, National Association",Sun Prairie,WI,2023_5296_407
54301,DIF,N,United States,53066,OCC,33340,514018,Wisconsin,11/01/2010,2023,Comptroller of the Currency,11,55,100.0,9,0,United States,ASSOCIATED BANC-CORP,0,7,0,32061546,,Oconomowoc,MULT,CB,EXACT,,FED,0,,0,200 N Adams St,376,86703,1199563,133,5296,43.0843660063503,WI,4,CALL,0,Chicago,917742,1456 Summit Avenue Branch,1,,Waukesha,COMMERCIAL LENDING,Midsize,,,0,409,0,WI,1,Wisconsin,7,OCC,Chicago,41171433,,0,1456 Summit Ave,-88.4716040028593,,GREEN BAY,55009,"Milwaukee-Racine-Waukesha, WI",Green Bay,3,55133,,"Milwaukee-Waukesha, WI","Associated Bank, National Association",Oconomowoc,WI,2023_5296_409
54301,DIF,N,United States,54601,OCC,29100,526988,Wisconsin,11/01/2011,2023,Comptroller of the Currency,12,55,100.0,9,0,United States,ASSOCIATED BANC-CORP,0,7,0,32061546,,La Crosse,MULT,CB,EXACT,,FED,0,,0,200 N Adams St,317,69032,1199563,63,5296,43.7949270120798,WI,4,CALL,0,Chicago,917742,Lacrosse Festival Foods Branch,1,,La Crosse,COMMERCIAL LENDING,Midsize,,,0,414,0,WI,1,Wisconsin,7,OCC,Chicago,41171433,,0,2500 State Rd,-91.2177240248852,,GREEN BAY,55009,"La Crosse-Onalaska-Sparta, WI-MN",Green Bay,3,55063,,"La Crosse-Onalaska, WI-MN","Associated Bank, National Association",La Crosse,WI,2023_5296_414
54301,DIF,N,United States,53154,OCC,33340,531465,Wisconsin,07/15/2011,2023,Comptroller of the Currency,12,55,100.0,9,0,United States,ASSOCIATED BANC-CORP,0,7,0,32061546,,Oak Creek,MULT,CB,EXACT,,FED,0,,0,200 N Adams St,376,69910,1199563,79,5296,42.9010029895701,WI,4,CALL,0,Chicago,917742,Oak Creek Branch,1,,Milwaukee,COMMERCIAL LENDING,Midsize,,,0,415,0,WI,1,Wisconsin,7,OCC,Chicago,41171433,,0,7940 S 6th St,-87.919169025458,,GREEN BAY,55009,"Milwaukee-Racine-Waukesha, WI",Green Bay,3,55079,,"Milwaukee-Waukesha, WI","Associated Bank, National Association",Oak Creek,WI,2023_5296_415
54301,DIF,N,United States,53511,OCC,27500,557731,Wisconsin,01/13/2014,2023,Comptroller of the Currency,11,55,100.0,9,0,United States,ASSOCIATED BANC-CORP,0,7,0,32061546,,Beloit,MULT,CB,EXACT,,FED,0,,0,200 N Adams St,357,77857,1199563,105,5296,42.522352986281,WI,4,CALL,0,Chicago,917742,Beloit Henry Ave Branch,1,,Rock,COMMERCIAL LENDING,Midsize,,,0,425,0,WI,1,Wisconsin,7,OCC,Chicago,41171433,,0,602 Henry Ave,-89.0315479920393,,GREEN BAY,55009,"Madison-Janesville-Beloit, WI",Green Bay,3,55105,,"Janesville-Beloit, WI","Associated Bank, National Association",Beloit,WI,2023_5296_425
54301,DIF,N,United States,53095,OCC,33340,563281,Wisconsin,12/15/2014,2023,Comptroller of the Currency,11,55,100.0,9,0,United States,ASSOCIATED BANC-CORP,0,7,0,32061546,,West Bend,MULT,CB,EXACT,,FED,0,,0,200 N Adams St,376,104500,1199563,131,5296,43.3973261543537,WI,4,CALL,0,Chicago,917742,West Bend Branch,1,,Washington,COMMERCIAL LENDING,Midsize,,,0,426,0,WI,1,Wisconsin,7,OCC,Chicago,41171433,,0,715 W Paradise Dr,-88.1861274448159,,GREEN BAY,55009,"Milwaukee-Racine-Waukesha, WI",Green Bay,3,55131,,"Milwaukee-Waukesha, WI","Associated Bank, National Association",West Bend,WI,2023_5296_426
54301,DIF,N,United States,53406,OCC,39540,563396,Wisconsin,12/22/2014,2023,Comptroller of the Currency,11,55,100.0,9,0,United States,ASSOCIATED BANC-CORP,0,7,0,32061546,,Racine,MULT,CB,EXACT,,FED,0,,0,200 N Adams St,376,51629,1199563,101,5296,42.7183430049188,WI,4,CALL,0,Chicago,917742,Racine Washington Ave Branch,1,,Racine,COMMERCIAL LENDING,Midsize,,,0,427,0,WI,1,Wisconsin,7,OCC,Chicago,41171433,,0,5205 Washington Ave,-87.8420649877945,,GREEN BAY,55009,"Milwaukee-Racine-Waukesha, WI",Green Bay,3,55101,,"Racine-Mount Pleasant, WI","Associated Bank, National Association",Racine,WI,2023_5296_427
54301,DIF,N,United States,53212,OCC,33340,570350,Wisconsin,08/25/2014,2023,Comptroller of the Currency,11,55,100.0,9,0,United States,ASSOCIATED BANC-CORP,0,7,0,32061546,,Milwaukee,MULT,CB,EXACT,,FED,0,,0,200 N Adams St,376,55487,1199563,79,5296,43.0472650206868,WI,4,CALL,0,Chicago,917742,Milwaukee-Martin Luther King Branch,1,,Milwaukee,COMMERCIAL LENDING,Midsize,,,0,429,0,WI,1,Wisconsin,7,OCC,Chicago,41171433,,0,1301 N Martin Luther King Dr,-87.9146729725947,,GREEN BAY,55009,"Milwaukee-Racine-Waukesha, WI",Green Bay,3,55079,,"Milwaukee-Waukesha, WI","Associated Bank, National Association",Milwaukee,WI,2023_5296_429
54301,DIF,N,United States,53214,OCC,33340,582223,Wisconsin,04/04/2016,2023,Comptroller of the Currency,29,55,100.0,9,0,United States,ASSOCIATED BANC-CORP,0,7,0,32061546,,Milwaukee,MULT,CB,EXACT,C,FED,0,121,0,200 N Adams St,376,0,1199563,79,5296,43.0281829894652,WI,4,CALL,0,Chicago,917742,Miller Park- Atm Branch,1,,Milwaukee,COMMERCIAL LENDING,Midsize,,,0,430,0,WI,1,Wisconsin,7,OCC,Chicago,41171433,,0,1 Brewers Way,-87.9721139874179,,GREEN BAY,55009,"Milwaukee-Racine-Waukesha, WI",Green Bay,3,55079,,"Milwaukee-Waukesha, WI","Associated Bank, National Association",Milwaukee,WI,2023_5296_430
54301,DIF,N,United States,53202,OCC,33340,582224,Wisconsin,02/05/2016,2023,Comptroller of the Currency,11,55,100.0,9,0,United States,ASSOCIATED BANC-CORP,0,7,0,32061546,,Milwaukee,MULT,CB,EXACT,,FED,0,,0,200 N Adams St,376,756,1199563,79,5296,43.0413259812823,WI,4,CALL,0,Chicago,917742,Milwaukee River Center Branch,1,,Milwaukee,COMMERCIAL LENDING,Midsize,,,0,431,0,WI,1,Wisconsin,7,OCC,Chicago,41171433,,0,815 N Water St,-87.9105619843633,,GREEN BAY,55009,"Milwaukee-Racine-Waukesha, WI",Green Bay,3,55079,,"Milwaukee-Waukesha, WI","Associated Bank, National Association",Milwaukee,WI,2023_5296_431
54301,DIF,N,United States,53703,OCC,31540,589989,Wisconsin,10/24/2016,2023,Comptroller of the Currency,11,55,100.0,9,0,United States,ASSOCIATED BANC-CORP,0,7,0,32061546,,Madison,MULT,CB,EXACT,,FED,0,,0,200 N Adams St,357,751178,1199563,25,5296,43.0821199915754,WI,4,CALL,0,Chicago,917742,Madison Galaxie Branch,1,,Dane,COMMERCIAL LENDING,Midsize,,,0,434,0,WI,1,Wisconsin,7,OCC,Chicago,41171433,,0,828 E Washington Ave,-89.3748920361394,,GREEN BAY,55009,"Madison-Janesville-Beloit, WI",Green Bay,3,55025,,"Madison, WI","Associated Bank, National Association",Madison,WI,2023_5296_434
54301,DIF,N,United States,54154,OCC,24580,280185,Wisconsin,01/01/1919,2023,Comptroller of the Currency,11,55,100.0,9,0,United States,ASSOCIATED BANC-CORP,0,7,0,32061546,,Oconto Falls,MULT,CB,EXACT,,FED,0,,0,200 N Adams St,267,61701,1199563,83,5296,44.8748520039371,WI,4,CALL,0,Chicago,917742,Oconto Falls Branch,1,,Oconto,COMMERCIAL LENDING,Midsize,,11/14/1994,0,44,0,WI,1,Wisconsin,7,OCC,Chicago,41171433,,0,134 N Main St,-88.1430100128721,,GREEN BAY,55009,"Green Bay-Shawano, WI",Green Bay,3,55083,,"Green Bay, WI","Associated Bank, National Association",Oconto Falls,WI,2023_5296_44
54301,DIF,N,United States,54937,OCC,22540,278714,Wisconsin,08/14/1940,2023,Comptroller of the Currency,11,55,100.0,9,0,United States,ASSOCIATED BANC-CORP,0,7,0,32061546,,Fond du Lac,MULT,CB,EXACT,,FED,0,,0,200 N Adams St,0,40741,1199563,39,5296,43.7838839803747,WI,4,CALL,0,Chicago,917742,Fond Du Lac Branch,1,,Fond Du Lac,COMMERCIAL LENDING,Midsize,,06/24/2018,0,442,0,WI,1,Wisconsin,7,OCC,Chicago,41171433,,0,W6606a Highway 23,-88.4874380046909,,GREEN BAY,55009,,Green Bay,3,55039,,"Fond du Lac, WI","Associated Bank, National Association",Fond Du Lac,WI,2023_5296_442
54301,DIF,N,United States,53092,OCC,33340,278720,Wisconsin,08/14/1940,2023,Comptroller of the Currency,11,55,100.0,9,0,United States,ASSOCIATED BANC-CORP,0,7,0,32061546,,Mequon,MULT,CB,EXACT,,FED,0,,0,200 N Adams St,376,118070,1199563,89,5296,43.2221250157906,WI,4,CALL,0,Chicago,917742,Bank Mut - Mequon Branch,1,,Ozaukee,COMMERCIAL LENDING,Midsize,,06/24/2018,0,448,0,WI,1,Wisconsin,7,OCC,Chicago,41171433,,0,11223 N Port Washington Rd,-87.9248340185382,,GREEN BAY,55009,"Milwaukee-Racine-Waukesha, WI",Green Bay,3,55089,,"Milwaukee-Waukesha, WI","Associated Bank, National Association",Mequon,WI,2023_5296_448
54301,DIF,N,United States,53222,OCC,33340,278721,Wisconsin,08/14/1940,2023,Comptroller of the Currency,11,55,100.0,9,0,United States,ASSOCIATED BANC-CORP,0,7,0,32061546,,Milwaukee,MULT,CB,EXACT,,FED,0,,0,200 N Adams St,376,23557,1199563,79,5296,43.0901470049704,WI,4,CALL,0,Chicago,917742,8050 West Capitol Drive Branch,1,,Milwaukee,COMMERCIAL LENDING,Midsize,,06/24/2018,0,449,0,WI,1,Wisconsin,7,OCC,Chicago,41171433,,0,8050 W Capitol Dr,-88.01348203235,,GREEN BAY,55009,"Milwaukee-Racine-Waukesha, WI",Green Bay,3,55079,,"Milwaukee-Waukesha, WI","Associated Bank, National Association",Milwaukee,WI,2023_5296_449
54301,DIF,N,United States,53024,OCC,33340,278723,Wisconsin,08/14/1940,2023,Comptroller of the Currency,11,55,100.0,9,0,United States,ASSOCIATED BANC-CORP,0,7,0,32061546,,Grafton,MULT,CB,EXACT,,FED,0,,0,200 N Adams St,376,116292,1199563,89,5296,43.3050419871253,WI,4,CALL,0,Chicago,917742,690 Hwy 57 Branch,1,,Ozaukee,COMMERCIAL LENDING,Midsize,,06/24/2018,0,451,0,WI,1,Wisconsin,7,OCC,Chicago,41171433,,0,2030 Wisconsin Ave,-87.9596780091336,,GREEN BAY,55009,"Milwaukee-Racine-Waukesha, WI",Green Bay,3,55089,,"Milwaukee-Waukesha, WI","Associated Bank, National Association",Grafton,WI,2023_5296_451
54301,DIF,N,United States,53207,OCC,33340,278727,Wisconsin,08/14/1940,2023,Comptroller of the Currency,11,55,100.0,9,0,United States,ASSOCIATED BANC-CORP,0,7,0,32061546,,Milwaukee,MULT,CB,EXACT,,FED,0,,0,200 N Adams St,376,50373,1199563,79,5296,42.9746289984205,WI,4,CALL,0,Chicago,917742,3847 S Howell Ave Branch,1,,Milwaukee,COMMERCIAL LENDING,Midsize,,06/24/2018,0,455,0,WI,1,Wisconsin,7,OCC,Chicago,41171433,,0,3847 S Howell Ave,-87.909911967772,,GREEN BAY,55009,"Milwaukee-Racine-Waukesha, WI",Green Bay,3,55079,,"Milwaukee-Waukesha, WI","Associated Bank, National Association",Milwaukee,WI,2023_5296_455
54301,DIF,N,United States,53005,OCC,33340,42492,Wisconsin,01/01/1922,2023,Comptroller of the Currency,11,55,100.0,9,0,United States,ASSOCIATED BANC-CORP,0,7,0,32061546,,Brookfield,MULT,CB,EXACT,,FED,0,,0,200 N Adams St,376,61152,1199563,133,5296,43.0907460176809,WI,4,CALL,0,Chicago,917742,17100 W Capitol Dr Branch,1,,Waukesha,COMMERCIAL LENDING,Midsize,,06/24/2018,0,460,0,WI,1,Wisconsin,7,OCC,Chicago,41171433,,0,17100 W Capitol Dr,-88.1247249749139,,GREEN BAY,55009,"Milwaukee-Racine-Waukesha, WI",Green Bay,3,55133,,"Milwaukee-Waukesha, WI","Associated Bank, National Association",Brookfield,WI,2023_5296_460
54301,DIF,N,United States,53210,OCC,33340,276672,Wisconsin,01/01/1922,2023,Comptroller of the Currency,11,55,100.0,9,0,United States,ASSOCIATED BANC-CORP,0,7,0,32061546,,Milwaukee,MULT,CB,EXACT,,FED,0,,0,200 N Adams St,376,9262,1199563,79,5296,43.0754389861019,WI,4,CALL,0,Chicago,917742,4812 W Burleigh St Branch,1,,Milwaukee,COMMERCIAL LENDING,Midsize,,06/24/2018,0,461,0,WI,1,Wisconsin,7,OCC,Chicago,41171433,,0,4812 W Burleigh St,-87.9743480160713,,GREEN BAY,55009,"Milwaukee-Racine-Waukesha, WI",Green Bay,3,55079,,"Milwaukee-Waukesha, WI","Associated Bank, National Association",Milwaukee,WI,2023_5296_461
54301,DIF,N,United States,54701,OCC,20740,43060,Wisconsin,09/01/1943,2023,Comptroller of the Currency,11,55,100.0,9,0,United States,ASSOCIATED BANC-CORP,0,7,0,32061546,,Eau Claire,MULT,CB,EXACT,,FED,0,,0,200 N Adams St,232,55466,1199563,35,5296,44.8110599791682,WI,4,CALL,0,Chicago,917742,319 East Grand Avenue Branch,1,,Eau Claire,COMMERCIAL LENDING,Midsize,,06/24/2018,0,463,0,WI,1,Wisconsin,7,OCC,Chicago,41171433,,0,319 E Grand Ave,-91.4984840021927,,GREEN BAY,55009,"Eau Claire-Menomonie, WI",Green Bay,3,55035,,"Eau Claire, WI","Associated Bank, National Association",Eau Claire,WI,2023_5296_463
54301,DIF,N,United States,54751,OCC,0,279201,Wisconsin,09/01/1943,2023,Comptroller of the Currency,11,55,100.0,9,0,United States,ASSOCIATED BANC-CORP,0,7,0,32061546,,Menomonie,MULT,CB,EXACT,,FED,0,,0,200 N Adams St,232,40396,1199563,33,5296,44.876788014023,WI,4,CALL,0,Chicago,917742,717 Main Street Branch,0,,Dunn,COMMERCIAL LENDING,Midsize,,06/24/2018,1,464,0,WI,1,Wisconsin,7,OCC,Chicago,41171433,,0,717 Main St E,-91.9214660171054,,GREEN BAY,55009,"Eau Claire-Menomonie, WI",Green Bay,3,55033,,,"Associated Bank, National Association",Menomonie,WI,2023_5296_464
54301,DIF,N,United States,54701,OCC,20740,279202,Wisconsin,09/01/1943,2023,Comptroller of the Currency,11,55,100.0,9,0,United States,ASSOCIATED BANC-CORP,0,7,0,32061546,,Eau Claire,MULT,CB,EXACT,,FED,0,,0,200 N Adams St,232,190914,1199563,35,5296,44.7937880199374,WI,4,CALL,0,Chicago,917742,Bank Mut - Eau Claire Mall Drive Branch,1,,Eau Claire,COMMERCIAL LENDING,Midsize,,06/24/2018,0,465,0,WI,1,Wisconsin,7,OCC,Chicago,41171433,,0,2425 London Rd,-91.4624740050465,,GREEN BAY,55009,"Eau Claire-Menomonie, WI",Green Bay,3,55035,,"Eau Claire, WI","Associated Bank, National Association",Eau Claire,WI,2023_5296_465
54301,DIF,N,United States,54729,OCC,20740,279203,Wisconsin,09/01/1943,2023,Comptroller of the Currency,11,55,100.0,9,0,United States,ASSOCIATED BANC-CORP,0,7,0,32061546,,Chippewa Falls,MULT,CB,EXACT,,FED,0,,0,200 N Adams St,232,53883,1199563,17,5296,44.9368730163839,WI,4,CALL,0,Chicago,917742,35 W Columbia St Branch,1,,Chippewa,COMMERCIAL LENDING,Midsize,,06/24/2018,0,466,0,WI,1,Wisconsin,7,OCC,Chicago,41171433,,0,35 W Columbia St,-91.3949310366972,,GREEN BAY,55009,"Eau Claire-Menomonie, WI",Green Bay,3,55017,,"Eau Claire, WI","Associated Bank, National Association",Chippewa Falls,WI,2023_5296_466
54301,DIF,N,United States,54843,OCC,0,279213,Wisconsin,09/01/1943,2023,Comptroller of the Currency,11,55,100.0,9,0,United States,ASSOCIATED BANC-CORP,0,7,0,32061546,,Hayward,MULT,CB,EXACT,,FED,0,,0,200 N Adams St,0,66265,1199563,113,5296,46.0147299831802,WI,4,CALL,0,Chicago,917742,Hayward Branch,0,,Sawyer,COMMERCIAL LENDING,Midsize,,06/24/2018,0,471,0,WI,1,Wisconsin,7,OCC,Chicago,41171433,,0,10562 Kansas Ave,-91.4823579748545,,GREEN BAY,55009,,Green Bay,3,55113,,,"Associated Bank, National Association",Hayward,WI,2023_5296_471
54301,DIF,N,United States,54703,OCC,20740,279214,Wisconsin,06/30/1987,2023,Comptroller of the Currency,11,55,100.0,9,0,United States,ASSOCIATED BANC-CORP,0,7,0,32061546,,Eau Claire,MULT,CB,EXACT,,FED,0,,0,200 N Adams St,232,39735,1199563,35,5296,44.8510119853779,WI,4,CALL,0,Chicago,917742,2722 Eddy Lane Branch,1,,Eau Claire,COMMERCIAL LENDING,Midsize,,06/24/2018,0,472,0,WI,1,Wisconsin,7,OCC,Chicago,41171433,,0,2722 Eddy Ln,-91.4708210395048,,GREEN BAY,55009,"Eau Claire-Menomonie, WI",Green Bay,3,55035,,"Eau Claire, WI","Associated Bank, National Association",Eau Claire,WI,2023_5296_472
54301,DIF,N,United States,54724,OCC,20740,274324,Wisconsin,12/01/1934,2023,Comptroller of the Currency,11,55,100.0,9,0,United States,ASSOCIATED BANC-CORP,0,7,0,32061546,,Bloomer,MULT,CB,EXACT,,FED,0,,0,200 N Adams St,232,34416,1199563,17,5296,45.0998670026194,WI,4,CALL,0,Chicago,917742,Bloomer Branch,1,,Chippewa,COMMERCIAL LENDING,Midsize,,06/24/2018,0,473,0,WI,1,Wisconsin,7,OCC,Chicago,41171433,,0,1203 17th Ave,-91.4877799765616,,GREEN BAY,55009,"Eau Claire-Menomonie, WI",Green Bay,3,55017,,"Eau Claire, WI","Associated Bank, National Association",Bloomer,WI,2023_5296_473
54301,DIF,N,United States,54868,OCC,0,43625,Wisconsin,01/01/1921,2023,Comptroller of the Currency,11,55,100.0,9,0,United States,ASSOCIATED BANC-CORP,0,7,0,32061546,,Rice Lake,MULT,CB,EXACT,,FED,0,,0,200 N Adams St,0,35977,1199563,5,5296,45.4735120038844,WI,4,CALL,0,Chicago,917742,Rice Lake Branch,0,,Barron,COMMERCIAL LENDING,Midsize,,06/24/2018,1,475,0,WI,1,Wisconsin,7,OCC,Chicago,41171433,,0,2850 Pioneer Ave,-91.7406680303349,,GREEN BAY,55009,,Green Bay,3,55005,,,"Associated Bank, National Association",Rice Lake,WI,2023_5296_475
54301,DIF,N,United States,54304,OCC,24580,269421,Wisconsin,01/01/1927,2023,Comptroller of the Currency,11,55,100.0,9,0,United States,ASSOCIATED BANC-CORP,0,7,0,32061546,,Green Bay,MULT,CB,EXACT,,FED,0,,0,200 N Adams St,267,104832,1199563,9,5296,44.4873720009287,WI,4,CALL,0,Chicago,917742,2357 So Oneida Street Branch,1,,Brown,COMMERCIAL LENDING,Midsize,,06/24/2018,0,478,0,WI,1,Wisconsin,7,OCC,Chicago,41171433,,0,2357 S Oneida St,-88.065790975497,,GREEN BAY,55009,"Green Bay-Shawano, WI",Green Bay,3,55009,,"Green Bay, WI","Associated Bank, National Association",Green Bay,WI,2023_5296_478
54301,DIF,N,United States,54166,OCC,0,9525,Wisconsin,03/23/1910,2023,Comptroller of the Currency,11,55,100.0,9,0,United States,ASSOCIATED BANC-CORP,0,7,0,32061546,,Shawano,MULT,CB,EXACT,,FED,0,,0,200 N Adams St,267,122584,1199563,115,5296,44.7804209798483,WI,4,CALL,0,Chicago,917742,Shawano Main Branch,0,,Shawano,COMMERCIAL LENDING,Midsize,,06/18/1999,1,48,0,WI,1,Wisconsin,7,OCC,Chicago,41171433,,0,129 E Division St,-88.6078250168859,,GREEN BAY,55009,"Green Bay-Shawano, WI",Green Bay,3,55115,,,"Associated Bank, National Association",Shawano,WI,2023_5296_48
54301,DIF,N,United States,54114,OCC,0,269431,Wisconsin,06/30/1985,2023,Comptroller of the Currency,11,55,100.0,9,0,United States,ASSOCIATED BANC-CORP,0,7,0,32061546,,Crivitz,MULT,CB,EXACT,,FED,0,,0,200 N Adams St,361,55180,1199563,75,5296,45.2290449967743,WI,4,CALL,0,Chicago,917742,"305 Hwy, 141 Branch",0,,Marinette,COMMERCIAL LENDING,Midsize,,06/24/2018,1,484,0,WI,1,Wisconsin,7,OCC,Chicago,41171433,,0,305 N Highway 141,-87.9971600361155,,GREEN BAY,55009,"Marinette-Iron Mountain, WI-MI",Green Bay,3,55075,,,"Associated Bank, National Association",Crivitz,WI,2023_5296_484
54301,DIF,N,United States,54961,OCC,0,41589,Wisconsin,01/01/1923,2023,Comptroller of the Currency,11,55,100.0,9,0,United States,ASSOCIATED BANC-CORP,0,7,0,32061546,,New London,MULT,CB,EXACT,,FED,0,,0,200 N Adams St,0,52261,1199563,135,5296,44.3937839867518,WI,4,CALL,0,Chicago,917742,New London Savings Branch,0,,Waupaca,COMMERCIAL LENDING,Midsize,,06/24/2018,0,485,0,WI,1,Wisconsin,7,OCC,Chicago,41171433,,0,101 Park St,-88.7399590149242,,GREEN BAY,55009,,Green Bay,3,55135,,,"Associated Bank, National Association",New London,WI,2023_5296_485
54301,DIF,N,United States,54115,OCC,24580,274842,Wisconsin,03/13/1935,2023,Comptroller of the Currency,11,55,100.0,9,0,United States,ASSOCIATED BANC-CORP,0,7,0,32061546,,De Pere,MULT,CB,EXACT,,FED,0,,0,200 N Adams St,267,139023,1199563,9,5296,44.4492509795582,WI,4,CALL,0,Chicago,917742,Festival Foods Branch,1,,Brown,COMMERCIAL LENDING,Midsize,,06/24/2018,0,487,0,WI,1,Wisconsin,7,OCC,Chicago,41171433,,0,749 Main Ave,-88.0809339732309,,GREEN BAY,55009,"Green Bay-Shawano, WI",Green Bay,3,55009,,"Green Bay, WI","Associated Bank, National Association",De Pere,WI,2023_5296_487
54301,DIF,N,United States,54303,OCC,24580,269434,Wisconsin,03/01/1992,2023,Comptroller of the Currency,11,55,100.0,9,0,United States,ASSOCIATED BANC-CORP,0,7,0,32061546,,Green Bay,MULT,CB,EXACT,,FED,0,,0,200 N Adams St,267,119377,1199563,9,5296,44.5245330010189,WI,4,CALL,0,Chicago,917742,Green Bay Branch,1,,Brown,COMMERCIAL LENDING,Midsize,,06/24/2018,0,489,0,WI,1,Wisconsin,7,OCC,Chicago,41171433,,0,2424 W Mason St,-88.0910029858775,,GREEN BAY,55009,"Green Bay-Shawano, WI",Green Bay,3,55009,,"Green Bay, WI","Associated Bank, National Association",Green Bay,WI,2023_5296_489
54301,DIF,N,United States,53132,OCC,33340,495268,Wisconsin,08/06/2008,2023,Comptroller of the Currency,11,55,100.0,9,0,United States,ASSOCIATED BANC-CORP,0,7,0,32061546,,Franklin,MULT,CB,EXACT,,FED,0,,0,200 N Adams St,376,77811,1199563,79,5296,42.916410017254,WI,4,CALL,0,Chicago,917742,Rawson Ave Branch,1,,Milwaukee,COMMERCIAL LENDING,Midsize,,06/24/2018,0,491,0,WI,1,Wisconsin,7,OCC,Chicago,41171433,,0,5170 W Rawson Ave,-87.9810200109989,,GREEN BAY,55009,"Milwaukee-Racine-Waukesha, WI",Green Bay,3,55079,,"Milwaukee-Waukesha, WI","Associated Bank, National Association",Franklin,WI,2023_5296_491
54301,DIF,N,United States,54162,OCC,24580,3570,Wisconsin,09/10/1889,2023,Comptroller of the Currency,11,55,100.0,9,0,United States,ASSOCIATED BANC-CORP,0,7,0,32061546,,Pulaski,MULT,CB,EXACT,,FED,0,,0,200 N Adams St,267,51693,1199563,9,5296,44.6720829953775,WI,4,CALL,0,Chicago,917742,Pulaski Wi Branch,1,,Brown,COMMERCIAL LENDING,Midsize,,06/14/2019,0,499,0,WI,1,Wisconsin,7,OCC,Chicago,41171433,,0,160 E Pulaski St,-88.2399039753899,,GREEN BAY,55009,"Green Bay-Shawano, WI",Green Bay,3,55009,,"Green Bay, WI","Associated Bank, National Association",Pulaski,WI,2023_5296_499
54301,DIF,N,United States,54143,OCC,0,7429,Wisconsin,02/08/1909,2023,Comptroller of the Currency,11,55,100.0,9,0,United States,ASSOCIATED BANC-CORP,0,7,0,32061546,,Marinette,MULT,CB,EXACT,,FED,0,,0,200 N Adams St,361,53126,1199563,75,5296,45.0813880074217,WI,4,CALL,0,Chicago,917742,Marinette Mall Branch,0,,Marinette,COMMERCIAL LENDING,Midsize,,06/14/2019,1,500,0,WI,1,Wisconsin,7,OCC,Chicago,41171433,,0,2201 Roosevelt Rd,-87.6610270271362,,GREEN BAY,55009,"Marinette-Iron Mountain, WI-MI",Green Bay,3,55075,,,"Associated Bank, National Association",Marinette,WI,2023_5296_500
54301,DIF,N,United States,54153,OCC,24580,7417,Wisconsin,05/18/1910,2023,Comptroller of the Currency,11,55,100.0,9,0,United States,ASSOCIATED BANC-CORP,0,7,0,32061546,,Oconto,MULT,CB,EXACT,,FED,0,,0,200 N Adams St,267,34476,1199563,83,5296,44.8879480151869,WI,4,CALL,0,Chicago,917742,Oconto Branch,1,,Oconto,COMMERCIAL LENDING,Midsize,,06/14/2019,0,504,0,WI,1,Wisconsin,7,OCC,Chicago,41171433,,0,1035 Main St,-87.8680740333479,,GREEN BAY,55009,"Green Bay-Shawano, WI",Green Bay,3,55083,,"Green Bay, WI","Associated Bank, National Association",Oconto,WI,2023_5296_504
54301,DIF,N,United States,54173,OCC,24580,225244,Wisconsin,09/02/1969,2023,Comptroller of the Currency,11,55,100.0,9,0,United States,ASSOCIATED BANC-CORP,0,7,0,32061546,,Suamico,MULT,CB,EXACT,,FED,0,,0,200 N Adams St,267,118477,1199563,9,5296,44.636204007378,WI,4,CALL,0,Chicago,917742,Suamico Branch,1,,Brown,COMMERCIAL LENDING,Midsize,,06/14/2019,0,505,0,WI,1,Wisconsin,7,OCC,Chicago,41171433,,0,3501 Veterans Ave,-88.0440560300108,,GREEN BAY,55009,"Green Bay-Shawano, WI",Green Bay,3,55009,,"Green Bay, WI","Associated Bank, National Association",Suamico,WI,2023_5296_505
54301,DIF,N,United States,53121,OCC,0,36372,Wisconsin,05/11/1987,2023,Comptroller of the Currency,11,55,100.0,9,0,United States,ASSOCIATED BANC-CORP,0,7,0,32061546,,Elkhorn,MULT,CB,EXACT,,FED,0,,0,200 N Adams St,376,159975,1199563,127,5296,42.6725990197959,WI,4,CALL,0,Chicago,917742,Elkhorn Branch,0,,Walworth,COMMERCIAL LENDING,Midsize,,06/14/2019,1,513,0,WI,1,Wisconsin,7,OCC,Chicago,41171433,,0,10 N Lincoln St,-88.5415130148369,,GREEN BAY,55009,"Milwaukee-Racine-Waukesha, WI",Green Bay,3,55127,,,"Associated Bank, National Association",Elkhorn,WI,2023_5296_513
54301,DIF,N,United States,53549,OCC,0,4180,Wisconsin,12/23/1873,2023,Comptroller of the Currency,11,55,100.0,9,0,United States,ASSOCIATED BANC-CORP,0,7,0,32061546,,Jefferson,MULT,CB,EXACT,,FED,0,,0,200 N Adams St,376,44988,1199563,55,5296,43.0050789858238,WI,4,CALL,0,Chicago,917742,Jefferson Branch,0,,Jefferson,COMMERCIAL LENDING,Midsize,,06/14/2019,1,514,0,WI,1,Wisconsin,7,OCC,Chicago,41171433,,0,106 S Main St,-88.8068279944392,,GREEN BAY,55009,"Milwaukee-Racine-Waukesha, WI",Green Bay,3,55055,,,"Associated Bank, National Association",Jefferson,WI,2023_5296_514
54301,DIF,N,United States,54130,OCC,11540,9567,Wisconsin,05/01/1911,2023,Comptroller of the Currency,11,55,98.9,9,0,United States,ASSOCIATED BANC-CORP,0,7,0,32061546,,Kaukauna,MULT,CB,StreetAddressExt,,FED,0,,0,200 N Adams St,118,74222,1199563,87,5296,44.2758815053133,WI,4,CALL,0,Chicago,917742,Kaukauna Branch,1,,Outagamie,COMMERCIAL LENDING,Midsize,,06/14/2019,0,515,0,WI,1,Wisconsin,7,OCC,Chicago,41171433,,0,205 E 4th St,-88.2729331113503,,GREEN BAY,55009,"Appleton-Oshkosh-Neenah, WI",Green Bay,3,55087,,"Appleton, WI","Associated Bank, National Association",Kaukauna,WI,2023_5296_515
54301,DIF,N,United States,53042,OCC,0,9520,Wisconsin,09/01/1898,2023,Comptroller of the Currency,11,55,100.0,9,0,United States,ASSOCIATED BANC-CORP,0,7,0,32061546,,Kiel,MULT,CB,EXACT,,FED,0,,0,200 N Adams St,0,68446,1199563,71,5296,43.9127440070327,WI,4,CALL,0,Chicago,917742,Kiel Branch,0,,Manitowoc,COMMERCIAL LENDING,Midsize,,06/14/2019,1,516,0,WI,1,Wisconsin,7,OCC,Chicago,41171433,,0,514 Fremont St,-88.0366729982368,,GREEN BAY,55009,,Green Bay,3,55071,,,"Associated Bank, National Association",Kiel,WI,2023_5296_516
54301,DIF,N,United States,54482,OCC,0,15356,Wisconsin,09/08/1975,2023,Comptroller of the Currency,11,55,100.0,9,0,United States,ASSOCIATED BANC-CORP,0,7,0,32061546,,Stevens Point,MULT,CB,EXACT,,FED,0,,0,200 N Adams St,554,76327,1199563,97,5296,44.5229119828543,WI,4,CALL,0,Chicago,917742,Central Branch,0,,Portage,COMMERCIAL LENDING,Midsize,,06/14/2019,1,519,0,WI,1,Wisconsin,7,OCC,Chicago,41171433,,0,5597 Us Highway 10 E,-89.5098759650764,,GREEN BAY,55009,"Wausau-Stevens Point-Wisconsin Rapids, WI",Green Bay,3,55097,,,"Associated Bank, National Association",Stevens Point,WI,2023_5296_519
54301,DIF,N,United States,54220,OCC,0,7428,Wisconsin,04/07/1884,2023,Comptroller of the Currency,11,55,100.0,9,0,United States,ASSOCIATED BANC-CORP,0,7,0,32061546,,Manitowoc,MULT,CB,EXACT,,FED,0,,0,200 N Adams St,0,195576,1199563,71,5296,44.0902360035527,WI,4,CALL,0,Chicago,917742,Manitowoc Downtown Branch,0,,Manitowoc,COMMERCIAL LENDING,Midsize,,05/25/2001,1,52,0,WI,1,Wisconsin,7,OCC,Chicago,41171433,,0,1121 Franklin St,-87.6630429586689,,GREEN BAY,55009,,Green Bay,3,55071,,,"Associated Bank, National Association",Manitowoc,WI,2023_5296_52
54301,DIF,N,United States,54409,OCC,0,41820,Wisconsin,06/01/1934,2023,Comptroller of the Currency,11,55,100.0,9,0,United States,ASSOCIATED BANC-CORP,0,7,0,32061546,,Antigo,MULT,CB,EXACT,,FED,0,,0,200 N Adams St,0,14686,1199563,67,5296,45.140760003189,WI,4,CALL,0,Chicago,917742,Antigo,0,,Langlade,COMMERCIAL LENDING,Midsize,,06/14/2019,0,520,0,WI,1,Wisconsin,7,OCC,Chicago,41171433,,0,724 5th Ave,-89.1534979777194,,GREEN BAY,55009,,Green Bay,3,55067,,,"Associated Bank, National Association",Antigo,WI,2023_5296_520
54301,DIF,N,United States,54982,OCC,0,9568,Wisconsin,01/01/1913,2023,Comptroller of the Currency,11,55,100.0,9,0,United States,ASSOCIATED BANC-CORP,0,7,0,32061546,,Wautoma,MULT,CB,EXACT,,FED,0,,0,200 N Adams St,0,59671,1199563,137,5296,44.0742460145029,WI,4,CALL,0,Chicago,917742,Wautoma Branch,0,,Waushara,COMMERCIAL LENDING,Midsize,,06/14/2019,0,522,0,WI,1,Wisconsin,7,OCC,Chicago,41171433,,0,123 E Main St,-89.2869890058818,,GREEN BAY,55009,,Green Bay,3,55137,,,"Associated Bank, National Association",Wautoma,WI,2023_5296_522
54301,DIF,N,United States,54512,OCC,0,218854,Wisconsin,06/21/1968,2023,Comptroller of the Currency,11,55,96.6,9,0,United States,ASSOCIATED BANC-CORP,0,7,0,32061546,,Boulder Junction,MULT,CB,POINTADDRESS,,FED,0,,0,200 N Adams St,0,37508,1199563,125,5296,46.1105945224204,WI,4,CALL,0,Chicago,917742,Boulder Junction Branch,0,,Vilas,COMMERCIAL LENDING,Midsize,,06/14/2019,0,523,0,WI,1,Wisconsin,7,OCC,Chicago,41171433,,0,"5453 Park Street, Hwy M",-89.6410740818027,,GREEN BAY,55009,,Green Bay,3,55125,,,"Associated Bank, National Association",Boulder Junction,WI,2023_5296_523
54301,DIF,N,United States,54545,OCC,0,218855,Wisconsin,04/01/1969,2023,Comptroller of the Currency,11,55,99.9,9,0,United States,ASSOCIATED BANC-CORP,0,7,0,32061546,,Manitowish Waters,MULT,CB,StreetAddress,,FED,0,,0,200 N Adams St,0,41090,1199563,125,5296,46.1364917538025,WI,4,CALL,0,Chicago,917742,Manitowish Waters Branch,0,,Vilas,COMMERCIAL LENDING,Midsize,,06/14/2019,0,524,0,WI,1,Wisconsin,7,OCC,Chicago,41171433,,0,135 County Highway W,-89.8862430919165,,GREEN BAY,55009,,Green Bay,3,55125,,,"Associated Bank, National Association",Manitowish Waters,WI,2023_5296_524
54301,DIF,N,United States,54487,OCC,0,4174,Wisconsin,05/01/1903,2023,Comptroller of the Currency,11,55,100.0,9,0,United States,ASSOCIATED BANC-CORP,0,7,0,32061546,,Tomahawk,MULT,CB,EXACT,,FED,0,,0,200 N Adams St,0,41628,1199563,69,5296,45.470701006926,WI,4,CALL,0,Chicago,917742,Tomahawk Branch,0,,Lincoln,COMMERCIAL LENDING,Midsize,,06/14/2019,0,526,0,WI,1,Wisconsin,7,OCC,Chicago,41171433,,0,227 W Wisconsin Ave,-89.733243039685,,GREEN BAY,55009,,Green Bay,3,55069,,,"Associated Bank, National Association",Tomahawk,WI,2023_5296_526
54301,DIF,N,United States,54304,OCC,24580,626870,Wisconsin,09/01/2019,2023,Comptroller of the Currency,11,55,100.0,9,0,United States,ASSOCIATED BANC-CORP,0,7,0,32061546,,Green Bay,MULT,CB,EXACT,,FED,0,,0,200 N Adams St,267,1487,1199563,9,5296,44.5043769965434,WI,4,CALL,0,Chicago,917742,Green Bay Titletown Branch,1,,Brown,COMMERCIAL LENDING,Midsize,,,0,540,0,WI,1,Wisconsin,7,OCC,Chicago,41171433,,0,1025 Lombardi Ave,-88.0680990163554,,GREEN BAY,55009,"Green Bay-Shawano, WI",Green Bay,3,55009,,"Green Bay, WI","Associated Bank, National Association",Green Bay,WI,2023_5296_540
54301,DIF,N,United States,54902,OCC,36780,626871,Wisconsin,03/30/2020,2023,Comptroller of the Currency,11,55,100.0,9,0,United States,ASSOCIATED BANC-CORP,0,7,0,32061546,,Oshkosh,MULT,CB,EXACT,,FED,0,,0,200 N Adams St,118,121825,1199563,139,5296,43.9957849886249,WI,4,CALL,0,Chicago,917742,Oshkosh Sawyer Branch,1,,Winnebago,COMMERCIAL LENDING,Midsize,,,0,541,0,WI,1,Wisconsin,7,OCC,Chicago,41171433,,0,1765 W 20th Ave,-88.5783239866506,,GREEN BAY,55009,"Appleton-Oshkosh-Neenah, WI",Green Bay,3,55139,,"Oshkosh-Neenah, WI","Associated Bank, National Association",Oshkosh,WI,2023_5296_541
54301,DIF,N,United States,53081,OCC,43100,14041,Wisconsin,03/10/1971,2023,Comptroller of the Currency,11,55,100.0,9,0,United States,ASSOCIATED BANC-CORP,0,7,0,32061546,,Sheboygan,MULT,CB,EXACT,,FED,0,,0,200 N Adams St,0,264177,1199563,117,5296,43.7580489850408,WI,4,CALL,0,Chicago,917742,Sheboygan Branch,1,,Sheboygan,COMMERCIAL LENDING,Midsize,,05/25/2001,0,56,0,WI,1,Wisconsin,7,OCC,Chicago,41171433,,0,1217 N Taylor Dr,-87.7493380046214,,GREEN BAY,55009,,Green Bay,3,55117,,"Sheboygan, WI","Associated Bank, National Association",Sheboygan,WI,2023_5296_56
54301,DIF,N,United States,54935,OCC,22540,16222,Wisconsin,07/14/1980,2023,Comptroller of the Currency,11,55,100.0,9,0,United States,ASSOCIATED BANC-CORP,0,7,0,32061546,,Fond du Lac,MULT,CB,EXACT,,FED,0,,0,200 N Adams St,0,77196,1199563,39,5296,43.7555510102564,WI,4,CALL,0,Chicago,917742,Fond Du Lac Branch,1,,Fond Du Lac,COMMERCIAL LENDING,Midsize,,05/25/2001,0,59,0,WI,1,Wisconsin,7,OCC,Chicago,41171433,,0,888 S Main St,-88.4492020255184,,GREEN BAY,55009,,Green Bay,3,55039,,"Fond du Lac, WI","Associated Bank, National Association",Fond Du Lac,WI,2023_5296_59
54301,DIF,N,United States,54401,OCC,48140,7849,Wisconsin,01/01/1894,2023,Comptroller of the Currency,11,55,100.0,9,0,United States,ASSOCIATED BANC-CORP,0,7,0,32061546,,Wausau,MULT,CB,EXACT,,FED,0,,0,200 N Adams St,554,292606,1199563,73,5296,44.9593115807321,WI,4,CALL,0,Chicago,917742,Wausau Main Branch,1,,Marathon,COMMERCIAL LENDING,Midsize,,05/25/2001,0,60,0,WI,1,Wisconsin,7,OCC,Chicago,41171433,,0,2010 Stewart Ave,-89.6616682082702,,GREEN BAY,55009,"Wausau-Stevens Point-Wisconsin Rapids, WI",Green Bay,3,55073,,"Wausau, WI","Associated Bank, National Association",Wausau,WI,2023_5296_60
54301,DIF,N,United States,54520,OCC,0,3604,Wisconsin,11/14/1925,2023,Comptroller of the Currency,11,55,100.0,9,0,United States,ASSOCIATED BANC-CORP,0,7,0,32061546,,Crandon,MULT,CB,EXACT,,FED,0,,0,200 N Adams St,0,52184,1199563,41,5296,45.5676629885881,WI,4,CALL,0,Chicago,917742,Crandon Branch,0,,Forest,COMMERCIAL LENDING,Midsize,,05/25/2001,0,63,0,WI,1,Wisconsin,7,OCC,Chicago,41171433,,0,210 S Lake Ave,-88.9034600224828,,GREEN BAY,55009,,Green Bay,3,55041,,,"Associated Bank, National Association",Crandon,WI,2023_5296_63
54301,DIF,N,United States,54451,OCC,0,192693,Wisconsin,07/02/1990,2023,Comptroller of the Currency,12,55,100.0,9,0,United States,ASSOCIATED BANC-CORP,0,7,0,32061546,,Medford,MULT,CB,StreetAddress,,FED,0,,0,200 N Adams St,0,34270,1199563,119,5296,45.1393305881985,WI,4,CALL,0,Chicago,917742,Medford Branch,0,,Taylor,COMMERCIAL LENDING,Midsize,,05/25/2001,0,65,0,WI,1,Wisconsin,7,OCC,Chicago,41171433,,0,160 Medford Plz,-90.331618380744,,GREEN BAY,55009,,Green Bay,3,55119,,,"Associated Bank, National Association",Medford,WI,2023_5296_65
54301,DIF,N,United States,54534,OCC,0,13881,Wisconsin,06/15/1970,2023,Comptroller of the Currency,11,55,100.0,9,0,United States,ASSOCIATED BANC-CORP,0,7,0,32061546,,Hurley,MULT,CB,EXACT,,FED,0,,0,200 N Adams St,0,40054,1199563,51,5296,46.4500660013641,WI,4,CALL,0,Chicago,917742,Hurley Branch,0,,Iron,COMMERCIAL LENDING,Midsize,,05/25/2001,0,66,0,WI,1,Wisconsin,7,OCC,Chicago,41171433,,0,310 Silver St,-90.1835939801222,,GREEN BAY,55009,,Green Bay,3,55051,,,"Associated Bank, National Association",Hurley,WI,2023_5296_66
54301,DIF,N,United States,54547,OCC,0,9551,Wisconsin,11/22/1885,2023,Comptroller of the Currency,11,55,US_Streets,9,0,United States,ASSOCIATED BANC-CORP,0,7,0,32061546,,Mercer,MULT,CB,M,,FED,0,,0,200 N Adams St,0,44087,1199563,51,5296,46.224026,WI,4,CALL,0,Chicago,917742,Mercer Branch,0,,Iron,COMMERCIAL LENDING,Midsize,,05/25/2001,0,67,0,WI,1,Wisconsin,7,OCC,Chicago,41171433,,0,5260 N. US 51,-90.144874,,GREEN BAY,55009,,Green Bay,3,55051,,,"Associated Bank, National Association",Mercer,WI,2023_5296_67
54301,DIF,N,United States,54521,OCC,0,226862,Wisconsin,09/14/1990,2023,Comptroller of the Currency,11,55,100,9,0,United States,ASSOCIATED BANC-CORP,0,7,0,32061546,,Eagle River,MULT,CB,PointAddress,,FED,0,,0,200 N Adams St,0,45319,1199563,125,5296,45.9136999999999,WI,4,CALL,0,Chicago,917742,Eagle River Branch,0,,Vilas,COMMERCIAL LENDING,Midsize,,05/25/2001,0,68,0,WI,1,Wisconsin,7,OCC,Chicago,41171433,,0,104 East Pine Street,-89.251191,,GREEN BAY,55009,,Green Bay,3,55125,,,"Associated Bank, National Association",Eagle River,WI,2023_5296_68
54301,DIF,N,United States,54499,OCC,0,9507,Wisconsin,10/26/1907,2023,Comptroller of the Currency,11,55,100.0,9,0,United States,ASSOCIATED BANC-CORP,0,7,0,32061546,,Wittenberg,MULT,CB,EXACT,,FED,0,,0,200 N Adams St,267,34745,1199563,115,5296,44.8226940188663,WI,4,CALL,0,Chicago,917742,Wittenberg Branch,0,,Shawano,COMMERCIAL LENDING,Midsize,,05/25/2001,1,69,0,WI,1,Wisconsin,7,OCC,Chicago,41171433,,0,501 S Webb St,-89.1695179739825,,GREEN BAY,55009,"Green Bay-Shawano, WI",Green Bay,3,55115,,,"Associated Bank, National Association",Wittenberg,WI,2023_5296_69
54301,DIF,N,United States,54476,OCC,48140,233283,Wisconsin,12/06/1990,2023,Comptroller of the Currency,11,55,100.0,9,0,United States,ASSOCIATED BANC-CORP,0,7,0,32061546,,Schofield,MULT,CB,EXACT,,FED,0,,0,200 N Adams St,554,74000,1199563,73,5296,44.909154816954,WI,4,CALL,0,Chicago,917742,Weston Branch,1,,Marathon,COMMERCIAL LENDING,Midsize,,05/25/2001,0,70,0,WI,1,Wisconsin,7,OCC,Chicago,41171433,,0,5211 Alderson St,-89.592029680308,,GREEN BAY,55009,"Wausau-Stevens Point-Wisconsin Rapids, WI",Green Bay,3,55073,,"Wausau, WI","Associated Bank, National Association",Schofield,WI,2023_5296_70
54301,DIF,N,United States,54449,OCC,0,8946,Wisconsin,05/01/1934,2023,Comptroller of the Currency,11,55,100.0,9,0,United States,ASSOCIATED BANC-CORP,0,7,0,32061546,,Marshfield,MULT,CB,EXACT,,FED,0,,0,200 N Adams St,554,579736,1199563,141,5296,44.6644410047049,WI,4,CALL,0,Chicago,917742,Marshfield Downtown Branch,0,,Wood,COMMERCIAL LENDING,Midsize,,05/25/2001,1,71,0,WI,1,Wisconsin,7,OCC,Chicago,41171433,,0,400 S Chestnut Ave,-90.1777399751254,,GREEN BAY,55009,"Wausau-Stevens Point-Wisconsin Rapids, WI",Green Bay,3,55141,,,"Associated Bank, National Association",Marshfield,WI,2023_5296_71
54301,DIF,N,United States,54501,OCC,0,3617,Wisconsin,01/01/1890,2023,Comptroller of the Currency,11,55,100.0,9,0,United States,ASSOCIATED BANC-CORP,0,7,0,32061546,,Rhinelander,MULT,CB,EXACT,,FED,0,,0,200 N Adams St,0,145676,1199563,85,5296,45.632988985457,WI,4,CALL,0,Chicago,917742,Rhinelander Branch,0,,Oneida,COMMERCIAL LENDING,Midsize,,05/25/2001,0,73,0,WI,1,Wisconsin,7,OCC,Chicago,41171433,,0,304 Lincoln St,-89.4082820179911,,GREEN BAY,55009,,Green Bay,3,55085,,,"Associated Bank, National Association",Rhinelander,WI,2023_5296_73
54301,DIF,N,United States,54548,OCC,0,285104,Wisconsin,01/01/1964,2023,Comptroller of the Currency,11,55,100.0,9,0,United States,ASSOCIATED BANC-CORP,0,7,0,32061546,,Minocqua,MULT,CB,EXACT,,FED,0,,0,200 N Adams St,0,118455,1199563,85,5296,45.8858819845532,WI,4,CALL,0,Chicago,917742,Minocqua Branch,0,,Oneida,COMMERCIAL LENDING,Midsize,,05/25/2001,0,74,0,WI,1,Wisconsin,7,OCC,Chicago,41171433,,0,8683 Highway 51 N,-89.704725039054,,GREEN BAY,55009,,Green Bay,3,55085,,,"Associated Bank, National Association",Minocqua,WI,2023_5296_74
54301,DIF,N,United States,54495,OCC,0,285094,Wisconsin,01/01/1964,2023,Comptroller of the Currency,11,55,US_Streets,9,0,United States,ASSOCIATED BANC-CORP,0,7,0,32061546,,Wisconsin Rapids,MULT,CB,M,,FED,0,,0,200 N Adams St,554,54775,1199563,141,5296,44.395248,WI,4,CALL,0,Chicago,917742,Wisconsin Rapids Branch,0,,Wood,COMMERCIAL LENDING,Midsize,,05/25/2001,1,75,0,WI,1,Wisconsin,7,OCC,Chicago,41171433,,0,711 Grand Avenue,-89.831617,,GREEN BAY,55009,"Wausau-Stevens Point-Wisconsin Rapids, WI",Green Bay,3,55141,,,"Associated Bank, National Association",Wisconsin Rapids,WI,2023_5296_75
54301,DIF,N,United States,54467,OCC,0,285097,Wisconsin,01/01/1964,2023,Comptroller of the Currency,11,55,100.0,9,0,United States,ASSOCIATED BANC-CORP,0,7,0,32061546,,Plover,MULT,CB,EXACT,,FED,0,,0,200 N Adams St,554,67321,1199563,97,5296,44.456772019368,WI,4,CALL,0,Chicago,917742,Plover Branch,0,,Portage,COMMERCIAL LENDING,Midsize,,05/25/2001,1,77,0,WI,1,Wisconsin,7,OCC,Chicago,41171433,,0,2727 Post Rd,-89.5441619723775,,GREEN BAY,55009,"Wausau-Stevens Point-Wisconsin Rapids, WI",Green Bay,3,55097,,,"Associated Bank, National Association",Plover,WI,2023_5296_77
54301,DIF,N,United States,54452,OCC,0,285098,Wisconsin,01/01/1964,2023,Comptroller of the Currency,11,55,100.0,9,0,United States,ASSOCIATED BANC-CORP,0,7,0,32061546,,Merrill,MULT,CB,EXACT,,FED,0,,0,200 N Adams St,0,31753,1199563,69,5296,45.1801810158324,WI,4,CALL,0,Chicago,917742,Merrill Branch,0,,Lincoln,COMMERCIAL LENDING,Midsize,,05/25/2001,0,78,0,WI,1,Wisconsin,7,OCC,Chicago,41171433,,0,2403 E Main St,-89.6668410159959,,GREEN BAY,55009,,Green Bay,3,55069,,,"Associated Bank, National Association",Merrill,WI,2023_5296_78
54301,DIF,N,United States,54456,OCC,0,285100,Wisconsin,01/01/1964,2023,Comptroller of the Currency,11,55,100.0,9,0,United States,ASSOCIATED BANC-CORP,0,7,0,32061546,,Neillsville,MULT,CB,EXACT,,FED,0,,0,200 N Adams St,0,45010,1199563,19,5296,44.560093979612,WI,4,CALL,0,Chicago,917742,Neillsville Branch,0,,Clark,COMMERCIAL LENDING,Midsize,,05/25/2001,0,79,0,WI,1,Wisconsin,7,OCC,Chicago,41171433,,0,509 Grand Ave,-90.5980960235922,,GREEN BAY,55009,,Green Bay,3,55019,,,"Associated Bank, National Association",Neillsville,WI,2023_5296_79
54301,DIF,N,United States,54806,OCC,0,41437,Wisconsin,01/01/1902,2023,Comptroller of the Currency,11,55,100.0,9,0,United States,ASSOCIATED BANC-CORP,0,7,0,32061546,,Ashland,MULT,CB,EXACT,,FED,0,,0,200 N Adams St,0,114217,1199563,3,5296,46.5891589906948,WI,4,CALL,0,Chicago,917742,Ashland Branch,0,,Ashland,COMMERCIAL LENDING,Midsize,,05/25/2001,0,86,0,WI,1,Wisconsin,7,OCC,Chicago,41171433,,0,221 4th Ave W,-90.886603980738,,GREEN BAY,55009,,Green Bay,3,55003,,,"Associated Bank, National Association",Ashland,WI,2023_5296_86
54301,DIF,N,United States,54552,OCC,0,269214,Wisconsin,01/01/1902,2023,Comptroller of the Currency,11,55,100.0,9,0,United States,ASSOCIATED BANC-CORP,0,7,0,32061546,,Park Falls,MULT,CB,EXACT,,FED,0,,0,200 N Adams St,0,25556,1199563,99,5296,45.920735991523,WI,4,CALL,0,Chicago,917742,Park Falls Branch,0,,Price,COMMERCIAL LENDING,Midsize,,05/25/2001,0,90,0,WI,1,Wisconsin,7,OCC,Chicago,41171433,,0,1156 4th Ave S,-90.4517670210692,,GREEN BAY,55009,,Green Bay,3,55099,,,"Associated Bank, National Association",Park Falls,WI,2023_5296_90
54301,DIF,N,United States,54481,OCC,0,271793,Wisconsin,12/05/1994,2023,Comptroller of the Currency,11,55,100.0,9,0,United States,ASSOCIATED BANC-CORP,0,7,0,32061546,,Stevens Point,MULT,CB,EXACT,,FED,0,,0,200 N Adams St,554,106805,1199563,97,5296,44.522703985927,WI,4,CALL,0,Chicago,917742,Stevens Point Branch,0,,Portage,COMMERCIAL LENDING,Midsize,,05/25/2001,1,92,0,WI,1,Wisconsin,7,OCC,Chicago,41171433,,0,1325 Church St,-89.5801110330876,,GREEN BAY,55009,"Wausau-Stevens Point-Wisconsin Rapids, WI",Green Bay,3,55097,,,"Associated Bank, National Association",Stevens Point,WI,2023_5296_92
54301,DIF,N,United States,53711,OCC,31540,8373,Wisconsin,01/01/1897,2023,Comptroller of the Currency,11,55,100.0,9,0,United States,ASSOCIATED BANC-CORP,0,7,0,32061546,,Madison,MULT,CB,EXACT,,FED,0,,0,200 N Adams St,357,111742,1199563,25,5296,43.0670399838439,WI,4,CALL,0,Chicago,917742,Madison Monroe Branch,1,,Dane,COMMERCIAL LENDING,Midsize,,05/25/2001,0,94,0,WI,1,Wisconsin,7,OCC,Chicago,41171433,,0,1603 Monroe St,-89.4134770377602,,GREEN BAY,55009,"Madison-Janesville-Beloit, WI",Green Bay,3,55025,,"Madison, WI","Associated Bank, National Association",Madison,WI,2023_5296_94
54301,DIF,N,United States,53555,OCC,31540,999,Wisconsin,10/03/1914,2023,Comptroller of the Currency,11,55,100.0,9,0,United States,ASSOCIATED BANC-CORP,0,7,0,32061546,,Lodi,MULT,CB,EXACT,,FED,0,,0,200 N Adams St,357,107586,1199563,21,5296,43.3142669840317,WI,4,CALL,0,Chicago,917742,Lodi Branch,1,,Columbia,COMMERCIAL LENDING,Midsize,,05/25/2001,0,97,0,WI,1,Wisconsin,7,OCC,Chicago,41171433,,0,102 N Main St,-89.5266100156711,,GREEN BAY,55009,"Madison-Janesville-Beloit, WI",Green Bay,3,55021,,"Madison, WI","Associated Bank, National Association",Lodi,WI,2023_5296_97
53027,DIF,NM,United States,53027,STATE,33340,3562,Wisconsin,01/01/1907,2023,State Agency,11,55,100.0,9,11669,United States,"FNB HARTFORD BANCORP, INC.",0,3,303280,303280,,Hartford,ONE,CB,EXACT,M,STATE,1,,0,116 W Sumner St,376,205987,1209275,131,5297,43.3179610563991,WI,4,CALL,0,Chicago,742944,Forte Bank,1,,Washington,COMMERCIAL LENDING,Central,,,0,0,1,WI,1,Wisconsin,7,FDIC,Chicago,366288,,0,116 W Sumner St,-88.3802838383151,,HARTFORD,55131,"Milwaukee-Racine-Waukesha, WI",Hartford,21,55131,,"Milwaukee-Waukesha, WI",FORTE BANK,Hartford,WI,2023_5297_0
53027,DIF,NM,United States,53086,STATE,33340,207460,Wisconsin,12/21/1992,2023,State Agency,11,55,100.0,9,11669,United States,"FNB HARTFORD BANCORP, INC.",0,3,0,303280,,Slinger,ONE,CB,EXACT,,STATE,0,,0,116 W Sumner St,376,58031,1209275,131,5297,43.3293419626212,WI,4,CALL,0,Chicago,742944,Slinger Office Branch,1,,Washington,COMMERCIAL LENDING,Central,,,0,1,1,WI,1,Wisconsin,7,FDIC,Chicago,366288,,0,439 E Washington St,-88.277545174713,,HARTFORD,55131,"Milwaukee-Racine-Waukesha, WI",Hartford,21,55131,,"Milwaukee-Waukesha, WI",FORTE BANK,Slinger,WI,2023_5297_1
53027,DIF,NM,United States,53033,STATE,33340,536814,Wisconsin,10/05/2012,2023,State Agency,11,55,100.0,9,11669,United States,"FNB HARTFORD BANCORP, INC.",0,3,0,303280,,Hubertus,ONE,CB,M,,STATE,0,,0,116 W Sumner St,376,39262,1209275,131,5297,43.2358623709879,WI,4,CALL,0,Chicago,742944,Richfield Branch,1,,Washington,COMMERCIAL LENDING,Central,,,0,2,1,WI,1,Wisconsin,7,FDIC,Chicago,366288,,0,1297 State Highway 175,-88.1861666790746,,HARTFORD,55131,"Milwaukee-Racine-Waukesha, WI",Hartford,21,55131,,"Milwaukee-Waukesha, WI",FORTE BANK,Hubertus,WI,2023_5297_2
54220,DIF,N,United States,54220,OCC,0,3569,Wisconsin,01/01/1894,2023,Comptroller of the Currency,11,55,100.0,9,10916,United States,BANK FIRST CORPORATION,0,4,3426396,3426396,,Manitowoc,ONE,CB,EXACT,M,FED,1,,0,402 N 8th St,0,346643,1208009,71,5304,44.0958849871978,WI,4,CALL,0,Chicago,594947,"Bank First, N.A.",0,,Manitowoc,COMMERCIAL LENDING,Western,,,1,0,1,WI,1,Wisconsin,7,OCC,Chicago,4091087,,0,402 N 8th St,-87.6581340132552,,MANITOWOC,55071,,Manitowoc,3,55071,,,"Bank First, N.A.",Manitowoc,WI,2023_5304_0
54220,DIF,N,United States,53073,OCC,43100,10843,Wisconsin,01/21/1948,2023,Comptroller of the Currency,11,55,100.0,9,10916,United States,BANK FIRST CORPORATION,0,4,0,3426396,,Plymouth,ONE,CB,EXACT,,FED,0,,0,402 N 8th St,0,317831,1208009,117,5304,43.7476459954621,WI,4,CALL,0,Chicago,594947,Plymouth Branch,1,,Sheboygan,COMMERCIAL LENDING,Western,,12/17/1999,0,10,1,WI,1,Wisconsin,7,OCC,Chicago,4091087,,0,2700 Eastern Ave,-87.948135960823,,MANITOWOC,55071,,Manitowoc,3,55117,,"Sheboygan, WI","Bank First, N.A.",Plymouth,WI,2023_5304_10
54220,DIF,N,United States,54304,OCC,24580,334430,Wisconsin,03/20/2000,2023,Comptroller of the Currency,11,55,100.0,9,10916,United States,BANK FIRST CORPORATION,0,4,0,3426396,,Green Bay,ONE,CB,StreetAddress,,FED,0,,0,402 N 8th St,267,106178,1208009,9,5304,44.4762119456314,WI,4,CALL,0,Chicago,594947,Ridge Road Office Branch,1,,Brown,COMMERCIAL LENDING,Western,,,0,12,1,WI,1,Wisconsin,7,OCC,Chicago,4091087,,0,2810 S Ridge Rd,-88.0844311411033,,MANITOWOC,55071,"Green Bay-Shawano, WI",Manitowoc,3,55009,,"Green Bay, WI","Bank First, N.A.",Green Bay,WI,2023_5304_12
54220,DIF,N,United States,53081,OCC,43100,478497,Wisconsin,02/04/2008,2023,Comptroller of the Currency,11,55,100.0,9,10916,United States,BANK FIRST CORPORATION,0,4,0,3426396,,Sheboygan,ONE,CB,EXACT,,FED,0,,0,402 N 8th St,0,292359,1208009,117,5304,43.7568890134603,WI,4,CALL,0,Chicago,594947,Sheboygan Branch,1,,Sheboygan,COMMERCIAL LENDING,Western,,,0,15,1,WI,1,Wisconsin,7,OCC,Chicago,4091087,,0,2600 Kohler Memorial Dr,-87.7417610156079,,MANITOWOC,55071,,Manitowoc,3,55117,,"Sheboygan, WI","Bank First, N.A.",Sheboygan,WI,2023_5304_15
54220,DIF,N,United States,54902,OCC,36780,516695,Wisconsin,02/01/2011,2023,Comptroller of the Currency,11,55,100.0,9,10916,United States,BANK FIRST CORPORATION,0,4,0,3426396,,Oshkosh,ONE,CB,EXACT,,FED,0,,0,402 N 8th St,118,130950,1208009,139,5304,44.0316420160381,WI,4,CALL,0,Chicago,594947,Bank First National Branch,1,,Winnebago,COMMERCIAL LENDING,Western,,,0,16,1,WI,1,Wisconsin,7,OCC,Chicago,4091087,,0,1159 N Koeller St,-88.5809109772467,,MANITOWOC,55071,"Appleton-Oshkosh-Neenah, WI",Manitowoc,3,55139,,"Oshkosh-Neenah, WI","Bank First, N.A.",Oshkosh,WI,2023_5304_16
54220,DIF,N,United States,54245,OCC,0,569995,Wisconsin,08/01/2014,2023,Comptroller of the Currency,11,55,100.0,9,10916,United States,BANK FIRST CORPORATION,0,4,0,3426396,,Valders,ONE,CB,EXACT,,FED,0,,0,402 N 8th St,0,63578,1208009,71,5304,44.0644300096037,WI,4,CALL,0,Chicago,594947,Valders Branch,0,,Manitowoc,COMMERCIAL LENDING,Western,,,1,17,1,WI,1,Wisconsin,7,OCC,Chicago,4091087,,0,167 Lincoln St,-87.8850400112034,,MANITOWOC,55071,,Manitowoc,3,55071,,,"Bank First, N.A.",Valders,WI,2023_5304_17
54220,DIF,N,United States,54913,OCC,11540,580412,Wisconsin,01/25/2016,2023,Comptroller of the Currency,11,55,100.0,9,10916,United States,BANK FIRST CORPORATION,0,4,0,3426396,,Appleton,ONE,CB,EXACT,,FED,0,,0,402 N 8th St,118,75495,1208009,87,5304,44.2727729837749,WI,4,CALL,0,Chicago,594947,Appleton Branch,1,,Outagamie,COMMERCIAL LENDING,Western,,,0,18,1,WI,1,Wisconsin,7,OCC,Chicago,4091087,,0,4201 W Wisconsin Ave,-88.4683680015003,,MANITOWOC,55071,"Appleton-Oshkosh-Neenah, WI",Manitowoc,3,55087,,"Appleton, WI","Bank First, N.A.",Appleton,WI,2023_5304_18
54220,DIF,N,United States,54981,OCC,0,9519,Wisconsin,01/01/1893,2023,Comptroller of the Currency,11,55,100.0,9,10916,United States,BANK FIRST CORPORATION,0,4,0,3426396,,Waupaca,ONE,CB,EXACT,,FED,0,,0,402 N 8th St,0,135529,1208009,135,5304,44.3573600074078,WI,4,CALL,0,Chicago,594947,Waupaca Br,0,,Waupaca,COMMERCIAL LENDING,Western,,10/27/2017,0,19,1,WI,1,Wisconsin,7,OCC,Chicago,4091087,,0,111 Jefferson St,-89.0832469840922,,MANITOWOC,55071,,Manitowoc,3,55135,,,"Bank First, N.A.",Waupaca,WI,2023_5304_19
54220,DIF,N,United States,54945,OCC,0,8795,Wisconsin,03/15/1934,2023,Comptroller of the Currency,11,55,100.0,9,10916,United States,BANK FIRST CORPORATION,0,4,0,3426396,,Iola,ONE,CB,EXACT,,FED,0,,0,402 N 8th St,0,49065,1208009,135,5304,44.5075570067892,WI,4,CALL,0,Chicago,594947,Iola Branch,0,,Waupaca,COMMERCIAL LENDING,Western,,10/27/2017,0,20,1,WI,1,Wisconsin,7,OCC,Chicago,4091087,,0,295 E State St,-89.1286749714653,,MANITOWOC,55071,,Manitowoc,3,55135,,,"Bank First, N.A.",Iola,WI,2023_5304_20
54220,DIF,N,United States,54929,OCC,0,8250,Wisconsin,03/09/1920,2023,Comptroller of the Currency,11,55,100.0,9,10916,United States,BANK FIRST CORPORATION,0,4,0,3426396,,Clintonville,ONE,CB,EXACT,,FED,0,,0,402 N 8th St,0,63646,1208009,135,5304,44.6177219946951,WI,4,CALL,0,Chicago,594947,Clintonville Branch,0,,Waupaca,COMMERCIAL LENDING,Western,,10/27/2017,0,24,1,WI,1,Wisconsin,7,OCC,Chicago,4091087,,0,135 S Main St,-88.7618500314475,,MANITOWOC,55071,,Manitowoc,3,55135,,,"Bank First, N.A.",Clintonville,WI,2023_5304_24
54220,DIF,N,United States,53012,OCC,33340,6397,Wisconsin,03/01/1894,2023,Comptroller of the Currency,11,55,100.0,9,10916,United States,BANK FIRST CORPORATION,0,4,0,3426396,,Cedarburg,ONE,CB,POSTAL,,FED,0,,0,402 N 8th St,376,135319,1208009,89,5304,43.2973220238934,WI,4,CALL,0,Chicago,594947,Cedarburg Branch,1,,Ozaukee,COMMERCIAL LENDING,Western,,07/12/2019,0,27,1,WI,1,Wisconsin,7,OCC,Chicago,4091087,,0,W61 N529 Washington Avenue,-88.0044272629071,,MANITOWOC,55071,"Milwaukee-Racine-Waukesha, WI",Manitowoc,3,55089,,"Milwaukee-Waukesha, WI","Bank First, N.A.",Cedarburg,WI,2023_5304_27
54220,DIF,N,United States,54241,OCC,0,207485,Wisconsin,09/28/1989,2023,Comptroller of the Currency,11,55,100.0,9,10916,United States,BANK FIRST CORPORATION,0,4,0,3426396,,Two Rivers,ONE,CB,EXACT,,FED,0,,0,402 N 8th St,0,84772,1208009,71,5304,44.1425079825067,WI,4,CALL,0,Chicago,594947,Two Rivers Branch,0,,Manitowoc,COMMERCIAL LENDING,Western,,,1,3,1,WI,1,Wisconsin,7,OCC,Chicago,4091087,,0,1703 Lake St,-87.5715559942515,,MANITOWOC,55071,,Manitowoc,3,55071,,,"Bank First, N.A.",Two Rivers,WI,2023_5304_3
54220,DIF,N,United States,53094,OCC,0,7833,Wisconsin,01/10/1913,2023,Comptroller of the Currency,11,55,100.0,9,10916,United States,BANK FIRST CORPORATION,0,4,0,3426396,,Watertown,ONE,CB,EXACT,,FED,0,,0,402 N 8th St,376,60044,1208009,55,5304,43.1948399931168,WI,4,CALL,0,Chicago,594947,Watertown Branch,0,,Jefferson,COMMERCIAL LENDING,Western,,07/12/2019,1,30,1,WI,1,Wisconsin,7,OCC,Chicago,4091087,,0,104 W Main St,-88.7254360265683,,MANITOWOC,55071,"Milwaukee-Racine-Waukesha, WI",Manitowoc,3,55055,,,"Bank First, N.A.",Watertown,WI,2023_5304_30
54220,DIF,N,United States,54660,OCC,0,9527,Wisconsin,05/15/2020,2023,Comptroller of the Currency,11,55,100.0,9,10916,United States,BANK FIRST CORPORATION,0,4,0,3426396,,Tomah,ONE,CB,EXACT,,FED,0,,0,402 N 8th St,317,219828,1208009,81,5304,44.001400989481,WI,4,CALL,0,Chicago,594947,Tomah Branch,0,,Monroe,COMMERCIAL LENDING,Western,,05/15/2020,1,33,1,WI,1,Wisconsin,7,OCC,Chicago,4091087,,0,110 W Veterans St,-90.5058499940233,,MANITOWOC,55071,"La Crosse-Onalaska-Sparta, WI-MN",Manitowoc,3,55081,,,"Bank First, N.A.",Tomah,WI,2023_5304_33
54220,DIF,N,United States,54228,OCC,0,207486,Wisconsin,01/14/1991,2023,Comptroller of the Currency,11,55,100.0,9,10916,United States,BANK FIRST CORPORATION,0,4,0,3426396,,Mishicot,ONE,CB,EXACT,,FED,0,,0,402 N 8th St,0,78321,1208009,71,5304,44.2338999799611,WI,4,CALL,0,Chicago,594947,Mishicot Office Branch,0,,Manitowoc,COMMERCIAL LENDING,Western,,,1,4,1,WI,1,Wisconsin,7,OCC,Chicago,4091087,,0,110 Baugniet St,-87.6450320089446,,MANITOWOC,55071,,Manitowoc,3,55071,,,"Bank First, N.A.",Mishicot,WI,2023_5304_4
54220,DIF,N,United States,54220,OCC,0,207487,Wisconsin,09/28/1992,2023,Comptroller of the Currency,11,55,100.0,9,10916,United States,BANK FIRST CORPORATION,0,4,0,3426396,,Manitowoc,ONE,CB,EXACT,,FED,0,,0,402 N 8th St,0,143675,1208009,71,5304,44.0878420062772,WI,4,CALL,0,Chicago,594947,Custer Street Branch,0,,Manitowoc,COMMERCIAL LENDING,Western,,,1,5,1,WI,1,Wisconsin,7,OCC,Chicago,4091087,,0,2915 Custer St,-87.6846940013043,,MANITOWOC,55071,,Manitowoc,3,55071,,,"Bank First, N.A.",Manitowoc,WI,2023_5304_5
54220,DIF,N,United States,53042,OCC,0,8108,Wisconsin,05/01/1914,2023,Comptroller of the Currency,11,55,100.0,9,10916,United States,BANK FIRST CORPORATION,0,4,0,3426396,,Kiel,ONE,CB,EXACT,,FED,0,,0,402 N 8th St,0,75588,1208009,71,5304,43.9122980059647,WI,4,CALL,0,Chicago,594947,Kiel Branch,0,,Manitowoc,COMMERCIAL LENDING,Western,,08/29/1994,1,6,1,WI,1,Wisconsin,7,OCC,Chicago,4091087,,0,601 Fremont St,-88.0379469637004,,MANITOWOC,55071,,Manitowoc,3,55071,,,"Bank First, N.A.",Kiel,WI,2023_5304_6
54220,DIF,N,United States,54230,OCC,0,7848,Wisconsin,12/01/1906,2023,Comptroller of the Currency,11,55,100.0,9,10916,United States,BANK FIRST CORPORATION,0,4,0,3426396,,Reedsville,ONE,CB,EXACT,,FED,0,,0,402 N 8th St,0,50425,1208009,71,5304,44.1531050131438,WI,4,CALL,0,Chicago,594947,Manitowoc Street Branch,0,,Manitowoc,COMMERCIAL LENDING,Western,,08/12/2022,1,70,1,WI,1,Wisconsin,7,OCC,Chicago,4091087,,0,427 Manitowoc St,-87.9557479861918,,MANITOWOC,55071,,Manitowoc,3,55071,,,"Bank First, N.A.",Reedsville,WI,2023_5304_70
54220,DIF,N,United States,54247,OCC,0,233303,Wisconsin,04/07/1934,2023,Comptroller of the Currency,11,55,100.0,9,10916,United States,BANK FIRST CORPORATION,0,4,0,3426396,,Whitelaw,ONE,CB,EXACT,,FED,0,,0,402 N 8th St,0,46403,1208009,71,5304,44.1443629814984,WI,4,CALL,0,Chicago,594947,Whitelaw Branch,0,,Manitowoc,COMMERCIAL LENDING,Western,,08/12/2022,1,72,1,WI,1,Wisconsin,7,OCC,Chicago,4091087,,0,202 N Hickory St,-87.8300009983731,,MANITOWOC,55071,,Manitowoc,3,55071,,,"Bank First, N.A.",Whitelaw,WI,2023_5304_72
54220,DIF,N,United States,54166,OCC,0,602726,Wisconsin,10/02/2017,2023,Comptroller of the Currency,11,55,100.0,9,10916,United States,BANK FIRST CORPORATION,0,4,0,3426396,,Shawano,ONE,CB,EXACT,,FED,0,,0,402 N 8th St,267,34440,1208009,115,5304,44.7825649868616,WI,4,CALL,0,Chicago,594947,Shawano Branch,0,,Shawano,COMMERCIAL LENDING,Western,,08/12/2022,1,75,1,WI,1,Wisconsin,7,OCC,Chicago,4091087,,0,835 E Green Bay St,-88.5976180381131,,MANITOWOC,55071,"Green Bay-Shawano, WI",Manitowoc,3,55115,,,"Bank First, N.A.",Shawano,WI,2023_5304_75
54220,DIF,N,United States,54208,OCC,24580,8375,Wisconsin,08/12/2022,2023,Comptroller of the Currency,11,55,100.0,9,10916,United States,BANK FIRST CORPORATION,0,4,0,3426396,,Denmark,ONE,CB,EXACT,,FED,0,,0,402 N 8th St,267,198225,1208009,9,5304,44.3475970180461,WI,4,CALL,0,Chicago,594947,Denmark Branch,1,,Brown,COMMERCIAL LENDING,Western,,08/12/2022,0,76,1,WI,1,Wisconsin,7,OCC,Chicago,4091087,,0,103 Main St,-87.827925974423,,MANITOWOC,55071,"Green Bay-Shawano, WI",Manitowoc,3,55009,,"Green Bay, WI","Bank First, N.A.",Denmark,WI,2023_5304_76
54220,DIF,N,United States,53955,OCC,31540,7416,Wisconsin,01/01/1894,2023,Comptroller of the Currency,11,55,100.0,9,10916,United States,BANK FIRST CORPORATION,0,4,0,3426396,,Poynette,ONE,CB,EXACT,,FED,0,,0,402 N 8th St,357,74944,1208009,21,5304,43.3903389998667,WI,4,CALL,0,Chicago,594947,Poynette Branch,1,,Columbia,COMMERCIAL LENDING,Western,,02/10/2023,0,77,1,WI,1,Wisconsin,7,OCC,Chicago,4091087,,0,105 S Main St,-89.4024399991159,,MANITOWOC,55071,"Madison-Janesville-Beloit, WI",Manitowoc,3,55021,,"Madison, WI","Bank First, N.A.",Poynette,WI,2023_5304_77
54220,DIF,N,United States,53523,OCC,31540,9277,Wisconsin,01/01/1892,2023,Comptroller of the Currency,11,55,100.0,9,10916,United States,BANK FIRST CORPORATION,0,4,0,3426396,,Cambridge,ONE,CB,EXACT,,FED,0,,0,402 N 8th St,357,50433,1208009,25,5304,43.0039550145175,WI,4,CALL,0,Chicago,594947,Cambridge Branch,1,,Dane,COMMERCIAL LENDING,Western,,02/10/2023,0,78,1,WI,1,Wisconsin,7,OCC,Chicago,4091087,,0,221 W Main St,-89.0198480286728,,MANITOWOC,55071,"Madison-Janesville-Beloit, WI",Manitowoc,3,55025,,"Madison, WI","Bank First, N.A.",Cambridge,WI,2023_5304_78
54220,DIF,N,United States,54311,OCC,24580,207488,Wisconsin,09/19/1994,2023,Comptroller of the Currency,11,55,100.0,9,10916,United States,BANK FIRST CORPORATION,0,4,0,3426396,,Green Bay,ONE,CB,EXACT,,FED,0,,0,402 N 8th St,267,304399,1208009,9,5304,44.4638939967676,WI,4,CALL,0,Chicago,594947,Bellevue Branch,1,,Brown,COMMERCIAL LENDING,Western,,,0,8,1,WI,1,Wisconsin,7,OCC,Chicago,4091087,,0,2747 Manitowoc Rd,-87.9453980121507,,MANITOWOC,55071,"Green Bay-Shawano, WI",Manitowoc,3,55009,,"Green Bay, WI","Bank First, N.A.",Bellevue,WI,2023_5304_8
54220,DIF,N,United States,54935,OCC,22540,227872,Wisconsin,10/22/1999,2023,Comptroller of the Currency,11,55,100.0,9,10916,United States,BANK FIRST CORPORATION,0,4,0,3426396,,Fond du Lac,ONE,CB,EXACT,,FED,0,,0,402 N 8th St,0,57200,1208009,39,5304,43.7853130110471,WI,4,CALL,0,Chicago,594947,Fond Du Lac Branch,1,,Fond Du Lac,COMMERCIAL LENDING,Western,,02/10/2023,0,81,1,WI,1,Wisconsin,7,OCC,Chicago,4091087,,0,245 N Peters Ave,-88.4725049736316,,MANITOWOC,55071,,Manitowoc,3,55039,,"Fond du Lac, WI","Bank First, N.A.",Fond Du Lac,WI,2023_5304_81
54220,DIF,N,United States,54982,OCC,0,360455,Wisconsin,06/25/2001,2023,Comptroller of the Currency,11,55,100.0,9,10916,United States,BANK FIRST CORPORATION,0,4,0,3426396,,Wautoma,ONE,CB,StreetAddress,,FED,0,,0,402 N 8th St,0,106121,1208009,137,5304,44.070449479813,WI,4,CALL,0,Chicago,594947,Wautoma Branch,0,,Waushara,COMMERCIAL LENDING,Western,,02/10/2023,0,83,1,WI,1,Wisconsin,7,OCC,Chicago,4091087,,0,105 N Plaza Rd,-89.270990949074,,MANITOWOC,55071,,Manitowoc,3,55137,,,"Bank First, N.A.",Wautoma,WI,2023_5304_83
54220,DIF,N,United States,53954,OCC,31540,364349,Wisconsin,07/01/2002,2023,Comptroller of the Currency,11,55,100.0,9,10916,United States,BANK FIRST CORPORATION,0,4,0,3426396,,Pardeeville,ONE,CB,EXACT,,FED,0,,0,402 N 8th St,357,51653,1208009,21,5304,43.5259219834236,WI,4,CALL,0,Chicago,594947,Pardeeville Branch,1,,Columbia,COMMERCIAL LENDING,Western,,02/10/2023,0,84,1,WI,1,Wisconsin,7,OCC,Chicago,4091087,,0,512 S Main St,-89.3030789910364,,MANITOWOC,55071,"Madison-Janesville-Beloit, WI",Manitowoc,3,55021,,"Madison, WI","Bank First, N.A.",Pardeeville,WI,2023_5304_84
54220,DIF,N,United States,54935,OCC,22540,8094,Wisconsin,02/10/2023,2023,Comptroller of the Currency,11,55,100.0,9,10916,United States,BANK FIRST CORPORATION,0,4,0,3426396,,Fond du Lac,ONE,CB,EXACT,,FED,0,,0,402 N 8th St,0,73330,1208009,39,5304,43.7772839859954,WI,4,CALL,0,Chicago,594947,Hometown Branch,1,,Fond Du Lac,COMMERCIAL LENDING,Western,,,0,87,1,WI,1,Wisconsin,7,OCC,Chicago,4091087,,0,80 Sheboygan St,-88.4435780199448,,MANITOWOC,55071,,Manitowoc,3,55039,,"Fond du Lac, WI","Bank First, N.A.",Fond Du Lac,WI,2023_5304_87
54143,DIF,N,United States,54143,OCC,0,3571,Wisconsin,10/30/1874,2023,Comptroller of the Currency,11,55,100.0,9,13399,United States,"STEPHENSON NATIONAL BANCORP, INC.",0,4,565260,565260,,Marinette,ONE,CB,StreetAddress,M,FED,1,,0,1818 Hall Ave,361,300462,1245509,75,5306,45.0998796135303,WI,4,CALL,0,Chicago,598048,The Stephenson National Bank And Trust,0,,Marinette,COMMERCIAL LENDING,Western,,,1,0,1,WI,1,Wisconsin,7,OCC,Chicago,661494,,0,1818 Hall Ave,-87.6316220401111,,MARINETTE,55075,"Marinette-Iron Mountain, WI-MI",Marinette,3,55075,,,The Stephenson National Bank and Trust,Marinette,WI,2023_5306_0
54143,DIF,N,United States,54153,OCC,24580,364089,Wisconsin,09/04/2001,2023,Comptroller of the Currency,11,55,100.0,9,13399,United States,"STEPHENSON NATIONAL BANCORP, INC.",0,4,0,565260,,Oconto,ONE,CB,EXACT,,FED,0,,0,1818 Hall Ave,267,76900,1245509,83,5306,44.8925389931037,WI,4,CALL,0,Chicago,598048,Oconto Branch,1,,Oconto,COMMERCIAL LENDING,Western,,,0,2,1,WI,1,Wisconsin,7,OCC,Chicago,661494,,0,101 Bralick Way,-87.8906279745934,,MARINETTE,55075,"Green Bay-Shawano, WI",Marinette,3,55083,,"Green Bay, WI",The Stephenson National Bank and Trust,Oconto,WI,2023_5306_2
54143,DIF,N,United States,54177,OCC,0,9470,Wisconsin,01/01/1903,2023,Comptroller of the Currency,11,55,100.0,9,13399,United States,"STEPHENSON NATIONAL BANCORP, INC.",0,4,0,565260,,Wausaukee,ONE,CB,EXACT,,FED,0,,0,1818 Hall Ave,361,42337,1245509,75,5306,45.3700929812017,WI,4,CALL,0,Chicago,598048,The Stephenson National Bank And Trust,0,,Marinette,COMMERCIAL LENDING,Western,,10/25/2014,1,7,1,WI,1,Wisconsin,7,OCC,Chicago,661494,,0,290 Main St,-87.9517410173788,,MARINETTE,55075,"Marinette-Iron Mountain, WI-MI",Marinette,3,55075,,,The Stephenson National Bank and Trust,Wausaukee,WI,2023_5306_7
54143,DIF,N,United States,54114,OCC,0,233211,Wisconsin,12/14/1944,2023,Comptroller of the Currency,11,55,100.0,9,13399,United States,"STEPHENSON NATIONAL BANCORP, INC.",0,4,0,565260,,Crivitz,ONE,CB,EXACT,,FED,0,,0,1818 Hall Ave,361,55570,1245509,75,5306,45.2332470124742,WI,4,CALL,0,Chicago,598048,Crivitz Branch,0,,Marinette,COMMERCIAL LENDING,Western,,10/25/2014,1,8,1,WI,1,Wisconsin,7,OCC,Chicago,661494,,0,606 Henriette Ave,-88.0050970278704,,MARINETTE,55075,"Marinette-Iron Mountain, WI-MI",Marinette,3,55075,,,The Stephenson National Bank and Trust,Crivitz,WI,2023_5306_8
54143,DIF,N,United States,54156,OCC,0,233212,Wisconsin,12/27/1933,2023,Comptroller of the Currency,11,55,US_Zipcode,9,13399,United States,"STEPHENSON NATIONAL BANCORP, INC.",0,4,0,565260,,Pembine,ONE,CB,M,,FED,0,,0,1818 Hall Ave,361,17532,1245509,75,5306,45.589878,WI,4,CALL,0,Chicago,598048,Pembine Branch,0,,Marinette,COMMERCIAL LENDING,Western,,10/25/2014,1,9,1,WI,1,Wisconsin,7,OCC,Chicago,661494,,0,U.S. Highway 141,-87.93189,,MARINETTE,55075,"Marinette-Iron Mountain, WI-MI",Marinette,3,55075,,,The Stephenson National Bank and Trust,Pembine,WI,2023_5306_9
54157,DIF,N,United States,54157,OCC,0,3582,Wisconsin,02/04/1901,2023,Comptroller of the Currency,11,55,100.0,9,0,United States,"PESHTIGO NATIONAL BANCORPORATION, INC.",0,4,229613,229613,,Peshtigo,ONE,CB,EXACT,M,FED,1,,0,250 French St,361,83598,1210310,75,5317,45.0548729882831,WI,2,CALL,0,Chicago,257345,The Peshtigo National Bank,0,,Marinette,AGRICULTURAL,Western,,,1,0,1,WI,1,Wisconsin,7,OCC,Chicago,262151,,0,250 French St,-87.7504460084021,,PESHTIGO,55075,"Marinette-Iron Mountain, WI-MI",Peshtigo,3,55075,,,The Peshtigo National Bank,Peshtigo,WI,2023_5317_0
54157,DIF,N,United States,54112,OCC,0,442016,Wisconsin,06/24/2004,2023,Comptroller of the Currency,11,55,100.0,9,0,United States,"PESHTIGO NATIONAL BANCORPORATION, INC.",0,4,0,229613,,Coleman,ONE,CB,STREETNAME,,FED,0,,0,250 French St,361,65351,1210310,75,5317,45.0543002828329,WI,2,CALL,0,Chicago,257345,Coleman Office,0,,Marinette,AGRICULTURAL,Western,,,1,1,1,WI,1,Wisconsin,7,OCC,Chicago,262151,,0,117 US 141 South,-88.0445526338962,,PESHTIGO,55075,"Marinette-Iron Mountain, WI-MI",Peshtigo,3,55075,,,The Peshtigo National Bank,Coleman,WI,2023_5317_1
54157,DIF,N,United States,54143,OCC,0,442017,Wisconsin,06/14/2004,2023,Comptroller of the Currency,11,55,100.0,9,0,United States,"PESHTIGO NATIONAL BANCORPORATION, INC.",0,4,0,229613,,Marinette,ONE,CB,EXACT,,FED,0,,0,250 French St,361,17311,1210310,75,5317,45.0747520127682,WI,2,CALL,0,Chicago,257345,Marinette Office,0,,Marinette,AGRICULTURAL,Western,,,1,2,1,WI,1,Wisconsin,7,OCC,Chicago,262151,,0,2890 Roosevelt Rd,-87.6590499876342,,PESHTIGO,55075,"Marinette-Iron Mountain, WI-MI",Peshtigo,3,55075,,,The Peshtigo National Bank,Marinette,WI,2023_5317_2
54157,DIF,N,United States,54124,OCC,24580,443347,Wisconsin,06/20/2005,2023,Comptroller of the Currency,11,55,100.0,9,0,United States,"PESHTIGO NATIONAL BANCORPORATION, INC.",0,4,0,229613,,Gillett,ONE,CB,EXACT,,FED,0,,0,250 French St,267,39696,1210310,83,5317,44.8930180188702,WI,2,CALL,0,Chicago,257345,Gillett Office,1,,Oconto,AGRICULTURAL,Western,,,0,5,1,WI,1,Wisconsin,7,OCC,Chicago,262151,,0,149 N Mckenzie Ave,-88.3079340161327,,PESHTIGO,55075,"Green Bay-Shawano, WI",Peshtigo,3,55083,,"Green Bay, WI",The Peshtigo National Bank,Gillett,WI,2023_5317_5
54157,DIF,N,United States,54154,OCC,24580,474350,Wisconsin,05/05/2008,2023,Comptroller of the Currency,11,55,100.0,9,0,United States,"PESHTIGO NATIONAL BANCORPORATION, INC.",0,4,0,229613,,Oconto Falls,ONE,CB,EXACT,,FED,0,,0,250 French St,267,23657,1210310,83,5317,44.8814970091365,WI,2,CALL,0,Chicago,257345,Oconto Falls Office,1,,Oconto,AGRICULTURAL,Western,,,0,6,1,WI,1,Wisconsin,7,OCC,Chicago,262151,,0,508 N Chestnut Ave,-88.1354419924949,,PESHTIGO,55075,"Green Bay-Shawano, WI",Peshtigo,3,55083,,"Green Bay, WI",The Peshtigo National Bank,Oconto Falls,WI,2023_5317_6
54494,DIF,SM,United States,54494,STATE,0,3599,Wisconsin,08/11/1891,2023,State Agency,11,55,100.0,9,13592,United States,WOODTRUST FINANCIAL CORPORATION,0,3,524784,524784,,Wisconsin Rapids,ONE,CB,EXACT,M,STATE,1,,0,181 2nd St S,554,383369,1020582,141,5335,44.3909490175503,WI,4,CALL,0,Chicago,833749,Woodtrust Bank,0,,Wood,COMMERCIAL LENDING,Central,,,1,0,1,WI,1,Wisconsin,7,FED,Chicago,630053,,0,181 2nd St S,-89.8246030182692,,WISCONSIN RAPIDS,55141,"Wausau-Stevens Point-Wisconsin Rapids, WI",Wisconsin Rapids,13,55141,,,WOODTRUST BANK,Wisconsin Rapids,WI,2023_5335_0
54494,DIF,SM,United States,54494,STATE,0,12603,Wisconsin,04/08/1963,2023,State Agency,11,55,100.0,9,13592,United States,WOODTRUST FINANCIAL CORPORATION,0,3,0,524784,,Wisconsin Rapids,ONE,CB,EXACT,,STATE,0,,0,181 2nd St S,554,73107,1020582,141,5335,44.3510630188282,WI,4,CALL,0,Chicago,833749,Griffith Branch,0,,Wood,COMMERCIAL LENDING,Central,,05/20/1991,1,2,1,WI,1,Wisconsin,7,FED,Chicago,630053,,0,4811 8th St S,-89.8162109729909,,WISCONSIN RAPIDS,55141,"Wausau-Stevens Point-Wisconsin Rapids, WI",Wisconsin Rapids,13,55141,,,WOODTRUST BANK,Wisconsin Rapids,WI,2023_5335_2
54494,DIF,SM,United States,54467,STATE,0,207583,Wisconsin,03/15/1996,2023,State Agency,11,55,100.0,9,13592,United States,WOODTRUST FINANCIAL CORPORATION,0,3,0,524784,,Plover,ONE,CB,EXACT,,STATE,0,,0,181 2nd St S,554,38381,1020582,97,5335,44.4546169901521,WI,4,CALL,0,Chicago,833749,Plover Branch,0,,Portage,COMMERCIAL LENDING,Central,,,1,3,1,WI,1,Wisconsin,7,FED,Chicago,630053,,0,1900 Plover Rd,-89.5279880005531,,WISCONSIN RAPIDS,55141,"Wausau-Stevens Point-Wisconsin Rapids, WI",Wisconsin Rapids,13,55097,,,WOODTRUST BANK,Plover,WI,2023_5335_3
54494,DIF,SM,United States,54403,STATE,48140,468102,Wisconsin,08/03/2007,2023,State Agency,11,55,100.0,9,13592,United States,WOODTRUST FINANCIAL CORPORATION,0,3,0,524784,,Wausau,ONE,CB,EXACT,,STATE,0,,0,181 2nd St S,554,24255,1020582,73,5335,44.9613817850879,WI,4,CALL,0,Chicago,833749,Dudley Tower Branch,1,,Marathon,COMMERCIAL LENDING,Central,,,0,5,1,WI,1,Wisconsin,7,FED,Chicago,630053,,0,"500 N 1st St, Ste 1000",-89.6306560047114,,WISCONSIN RAPIDS,55141,"Wausau-Stevens Point-Wisconsin Rapids, WI",Wisconsin Rapids,13,55073,,"Wausau, WI",WOODTRUST BANK,Wausau,WI,2023_5335_5
54494,DIF,SM,United States,54494,STATE,0,570191,Wisconsin,04/01/1977,2023,State Agency,23,55,100.0,9,13592,United States,WOODTRUST FINANCIAL CORPORATION,0,3,0,524784,,Wisconsin Rapids,ONE,CB,EXACT,C,STATE,0,0,0,181 2nd St S,554,0,1020582,141,5335,44.3910319983918,WI,4,CALL,0,Chicago,833749,Downtown Drive Up Branch,0,,Wood,COMMERCIAL LENDING,Central,,,1,7,1,WI,1,Wisconsin,7,FED,Chicago,630053,,0,110 3rd St N,-89.822876010939,,WISCONSIN RAPIDS,55141,"Wausau-Stevens Point-Wisconsin Rapids, WI",Wisconsin Rapids,13,55141,,,WOODTRUST BANK,Wisconsin Rapids,WI,2023_5335_7
54494,DIF,SM,United States,54403,STATE,48140,588475,Wisconsin,05/08/2017,2023,State Agency,11,55,100.0,9,13592,United States,WOODTRUST FINANCIAL CORPORATION,0,3,0,524784,,Wausau,ONE,CB,EXACT,,STATE,0,,0,181 2nd St S,554,5672,1020582,73,5335,44.969849770409,WI,4,CALL,0,Chicago,833749,Bridge Street Branch,1,,Marathon,COMMERCIAL LENDING,Central,,,0,8,1,WI,1,Wisconsin,7,FED,Chicago,630053,,0,210 E Bridge St,-89.6275610707829,,WISCONSIN RAPIDS,55141,"Wausau-Stevens Point-Wisconsin Rapids, WI",Wisconsin Rapids,13,55073,,"Wausau, WI",WOODTRUST BANK,Wausau,WI,2023_5335_8
54002,DIF,SM,United States,54002,STATE,33460,3600,Wisconsin,09/23/1883,2023,State Agency,11,55,100.0,9,10712,United States,"BALDWIN BANCSHARES, INC.",0,,205428,205428,,Baldwin,ONE,CB,EXACT,"M,E",STATE,1,,0,990 Main Street,378,114722,1128639,109,5336,44.9670710018682,WI,2,CALL,0,Chicago,143952,Pillar Bank,1,,St. Croix,AGRICULTURAL,,,,0,0,1,WI,1,Wisconsin,9,FED,Minneapolis,260805,,0,990 Main Street,-92.3746419941888,,BALDWIN,55109,"Minneapolis-St. Paul, MN-WI",Baldwin,13,55109,,"Minneapolis-St. Paul-Bloomington, MN-WI",Pillar Bank,Baldwin,WI,2023_5336_0
54002,DIF,SM,United States,54767,STATE,33460,9526,Wisconsin,01/01/1904,2023,State Agency,11,55,100.0,9,10712,United States,"BALDWIN BANCSHARES, INC.",0,,0,205428,,Spring Valley,ONE,CB,EXACT,E,STATE,0,,0,990 Main Street,378,51541,1128639,93,5336,44.8435719985718,WI,2,CALL,0,Chicago,143952,Spring Valley Branch,1,,Pierce,AGRICULTURAL,,,08/04/2007,0,2,1,WI,1,Wisconsin,9,FED,Minneapolis,260805,,0,S320 Mckay Ave,-92.2379199938094,,BALDWIN,55109,"Minneapolis-St. Paul, MN-WI",Baldwin,13,55093,,"Minneapolis-St. Paul-Bloomington, MN-WI",Pillar Bank,Spring Valley,WI,2023_5336_2
54002,DIF,SM,United States,54761,STATE,33460,233312,Wisconsin,05/27/1968,2023,State Agency,11,55,100.0,9,10712,United States,"BALDWIN BANCSHARES, INC.",0,,0,205428,,Plum City,ONE,CB,EXACT,E,STATE,0,,0,990 Main Street,378,17872,1128639,93,5336,44.6304600148603,WI,2,CALL,0,Chicago,143952,Plum City Branch,1,,Pierce,AGRICULTURAL,,,08/04/2007,0,3,1,WI,1,Wisconsin,9,FED,Minneapolis,260805,,0,409 Main St,-92.1924889889511,,BALDWIN,55109,"Minneapolis-St. Paul, MN-WI",Baldwin,13,55093,,"Minneapolis-St. Paul-Bloomington, MN-WI",Pillar Bank,Plum City,WI,2023_5336_3
54002,DIF,SM,United States,54810,STATE,0,602656,Wisconsin,07/09/2018,2023,State Agency,11,55,100.0,9,10712,United States,"BALDWIN BANCSHARES, INC.",0,,0,205428,,Balsam Lake,ONE,CB,EXACT,E,STATE,0,,0,990 Main Street,0,6368,1128639,95,5336,45.4527750077903,WI,2,CALL,0,Chicago,143952,Balsam Lake Office,0,,Polk,AGRICULTURAL,,,,0,4,1,WI,1,Wisconsin,9,FED,Minneapolis,260805,,0,100 Mill St,-92.4527159856878,,BALDWIN,55109,,Baldwin,13,55095,,,Pillar Bank,Balsam Lake,WI,2023_5336_4
54002,DIF,SM,United States,54005,STATE,0,638806,Wisconsin,10/11/2021,2023,State Agency,11,55,100.0,9,10712,United States,"BALDWIN BANCSHARES, INC.",0,,0,205428,,Clear Lake,ONE,CB,EXACT,E,STATE,0,,0,990 Main Street,0,7465,1128639,95,5336,45.2510800143942,WI,2,CALL,0,Chicago,143952,Clear Lake Branch,0,,Polk,AGRICULTURAL,,,,0,5,1,WI,1,Wisconsin,9,FED,Minneapolis,260805,,0,327 3rd Ave,-92.2690349595011,,BALDWIN,55109,,Baldwin,13,55095,,,Pillar Bank,Clear Lake,WI,2023_5336_5
54002,DIF,SM,United States,54729,STATE,20740,655338,Wisconsin,03/01/2023,2023,State Agency,11,55,100.0,9,10712,United States,"BALDWIN BANCSHARES, INC.",0,,0,205428,,Chippewa Falls,ONE,CB,StreetAddress,E,STATE,0,,0,990 Main Street,232,7460,1128639,17,5336,44.9516972976399,WI,2,CALL,0,Chicago,143952,Chippewa Falls Branch,1,,Chippewa,AGRICULTURAL,,,,0,6,1,WI,1,Wisconsin,9,FED,Minneapolis,260805,,0,2868 County Highway I,-91.3552906141191,,BALDWIN,55109,"Eau Claire-Menomonie, WI",Baldwin,13,55017,,"Eau Claire, WI",Pillar Bank,Chippewa Falls,WI,2023_5336_6
54614,DIF,N,United States,54614,OCC,29100,3601,Wisconsin,07/01/1903,2023,Comptroller of the Currency,11,55,100.0,9,13186,United States,"BOSSHARD BANCO, LTD.",0,4,191013,191013,,Bangor,MULT,CB,EXACT,M,FED,1,,0,1798 Commercial St,317,100762,1124163,63,5337,43.8926489809028,WI,4,CALL,0,Chicago,627854,The First National Bank Of Bangor,1,,La Crosse,COMMERCIAL LENDING,Western,,,0,0,1,WI,1,Wisconsin,9,OCC,Minneapolis,314974,,0,1798 Commercial St,-90.9941990352209,,LA CROSSE,55063,"La Crosse-Onalaska-Sparta, WI-MN",Bangor,3,55063,,"La Crosse-Onalaska, WI-MN",The First National Bank of Bangor,Bangor,WI,2023_5337_0
54614,DIF,N,United States,54644,OCC,29100,207586,Wisconsin,05/01/1968,2023,Comptroller of the Currency,11,55,100.0,9,13186,United States,"BOSSHARD BANCO, LTD.",0,4,0,191013,,Mindoro,MULT,CB,EXACT,,FED,0,,0,1798 Commercial St,317,10875,1124163,63,5337,44.0213099792699,WI,4,CALL,0,Chicago,627854,Mindoro Branch,1,,La Crosse,COMMERCIAL LENDING,Western,,,0,1,1,WI,1,Wisconsin,9,OCC,Minneapolis,314974,,0,N8305 County Road C,-91.1020659986427,,LA CROSSE,55063,"La Crosse-Onalaska-Sparta, WI-MN",Bangor,3,55063,,"La Crosse-Onalaska, WI-MN",The First National Bank of Bangor,Mindoro,WI,2023_5337_1
54614,DIF,N,United States,54601,OCC,29100,207587,Wisconsin,07/26/1977,2023,Comptroller of the Currency,11,55,100.0,9,13186,United States,"BOSSHARD BANCO, LTD.",0,4,0,191013,,La Crosse,MULT,CB,POINTADDRESS,,FED,0,,0,1798 Commercial St,317,7278,1124163,63,5337,43.7860021025161,WI,4,CALL,0,Chicago,627854,St. Joseph'S Ridge Branch,1,,La Crosse,COMMERCIAL LENDING,Western,,,0,2,1,WI,1,Wisconsin,9,OCC,Minneapolis,314974,,0,W2703 Highway 33,-91.0407643282104,,LA CROSSE,55063,"La Crosse-Onalaska-Sparta, WI-MN",Bangor,3,55063,,"La Crosse-Onalaska, WI-MN",The First National Bank of Bangor,La Crosse,WI,2023_5337_2
54614,DIF,N,United States,54636,OCC,29100,207588,Wisconsin,09/04/1990,2023,Comptroller of the Currency,11,55,100.0,9,13186,United States,"BOSSHARD BANCO, LTD.",0,4,0,191013,,Holmen,MULT,CB,StreetAddress,,FED,0,,0,1798 Commercial St,317,43136,1124163,63,5337,43.970115347677,WI,4,CALL,0,Chicago,627854,Holmen Branch,1,,La Crosse,COMMERCIAL LENDING,Western,,,0,3,1,WI,1,Wisconsin,9,OCC,Minneapolis,314974,,0,622 Mchugh Rd,-91.2668662539656,,LA CROSSE,55063,"La Crosse-Onalaska-Sparta, WI-MN",Bangor,3,55063,,"La Crosse-Onalaska, WI-MN",The First National Bank of Bangor,Holmen,WI,2023_5337_3
54614,DIF,N,United States,54669,OCC,29100,207589,Wisconsin,10/24/1995,2023,Comptroller of the Currency,11,55,100.0,9,13186,United States,"BOSSHARD BANCO, LTD.",0,4,0,191013,,West Salem,MULT,CB,EXACT,,FED,0,,0,1798 Commercial St,317,28962,1124163,63,5337,43.8985399920021,WI,4,CALL,0,Chicago,627854,West Salem Branch,1,,La Crosse,COMMERCIAL LENDING,Western,,,0,4,1,WI,1,Wisconsin,9,OCC,Minneapolis,314974,,0,975 W City Highway 16,-91.0989780216939,,LA CROSSE,55063,"La Crosse-Onalaska-Sparta, WI-MN",Bangor,3,55063,,"La Crosse-Onalaska, WI-MN",The First National Bank of Bangor,West Salem,WI,2023_5337_4
54017,DIF,N,United States,54017,OCC,33460,3615,Wisconsin,01/01/1919,2023,Comptroller of the Currency,11,55,100.0,9,13440,United States,ONE CORPORATION,0,4,281607,281607,,New Richmond,ONE,CB,EXACT,M,FED,1,,0,109 E 2nd St,378,174219,1124118,109,5357,45.1219500066349,WI,4,CALL,0,Chicago,23755,First National Community Bank,1,,St. Croix,COMMERCIAL LENDING,Western,,,0,0,1,WI,1,Wisconsin,9,OCC,Minneapolis,328009,,0,109 E 2nd St,-92.5372270273684,,NEW RICHMOND,55109,"Minneapolis-St. Paul, MN-WI",New Richmond,3,55109,,"Minneapolis-St. Paul-Bloomington, MN-WI",First National Community Bank,New Richmond,WI,2023_5357_0
54017,DIF,N,United States,54025,OCC,33460,207624,Wisconsin,06/12/1995,2023,Comptroller of the Currency,11,55,100.0,9,13440,United States,ONE CORPORATION,0,4,0,281607,,Somerset,ONE,CB,EXACT,,FED,0,,0,109 E 2nd St,378,43600,1124118,109,5357,45.1236900059151,WI,4,CALL,0,Chicago,23755,Somerset Branch,1,,St. Croix,COMMERCIAL LENDING,Western,,,0,1,1,WI,1,Wisconsin,9,OCC,Minneapolis,328009,,0,531 Main St,-92.6833640004896,,NEW RICHMOND,55109,"Minneapolis-St. Paul, MN-WI",New Richmond,3,55109,,"Minneapolis-St. Paul-Bloomington, MN-WI",First National Community Bank,Somerset,WI,2023_5357_1
54017,DIF,N,United States,54016,OCC,33460,207625,Wisconsin,06/07/1999,2023,Comptroller of the Currency,11,55,100.0,9,13440,United States,ONE CORPORATION,0,4,0,281607,,Hudson,ONE,CB,EXACT,,FED,0,,0,109 E 2nd St,378,39760,1124118,109,5357,44.9698739941092,WI,4,CALL,0,Chicago,23755,Hudson Branch,1,,St. Croix,COMMERCIAL LENDING,Western,,,0,2,1,WI,1,Wisconsin,9,OCC,Minneapolis,328009,,0,744 Ryan Dr,-92.6791830233667,,NEW RICHMOND,55109,"Minneapolis-St. Paul, MN-WI",New Richmond,3,55109,,"Minneapolis-St. Paul-Bloomington, MN-WI",First National Community Bank,Hudson,WI,2023_5357_2
54017,DIF,N,United States,54009,OCC,0,220313,Wisconsin,01/24/1931,2023,Comptroller of the Currency,11,55,100.0,9,13440,United States,ONE CORPORATION,0,4,0,281607,,Dresser,ONE,CB,EXACT,,FED,0,,0,109 E 2nd St,0,24028,1124118,95,5357,45.3559779819827,WI,4,CALL,0,Chicago,23755,Dresser Branch,0,,Polk,COMMERCIAL LENDING,Western,,10/24/2014,0,4,1,WI,1,Wisconsin,9,OCC,Minneapolis,328009,,0,111 State Road 35 N,-92.6375340170402,,NEW RICHMOND,55109,,New Richmond,3,55095,,,First National Community Bank,Dresser,WI,2023_5357_4
54022,DIF,N,United States,54022,OCC,33460,3619,Wisconsin,01/04/1904,2023,Comptroller of the Currency,11,55,100.0,9,0,United States,"FIRST NATIONAL BANCORP OF RIVER FALLS, INC.",0,4,287861,287861,,River Falls,ONE,CB,EXACT,M,FED,1,,0,104 E Locust St,378,205403,2577159,93,5364,44.856016987402,WI,4,CALL,0,Chicago,956255,The First National Bank Of River Falls,1,,Pierce,COMMERCIAL LENDING,Western,,,0,0,1,WI,1,Wisconsin,9,OCC,Minneapolis,312459,,0,104 E Locust St,-92.6268610044508,,RIVER FALLS,55093,"Minneapolis-St. Paul, MN-WI",River Falls,3,55093,,"Minneapolis-St. Paul-Bloomington, MN-WI",The First National Bank of River Falls,River Falls,WI,2023_5364_0
54022,DIF,N,United States,54021,OCC,33460,207632,Wisconsin,01/19/1993,2023,Comptroller of the Currency,11,55,100.0,9,0,United States,"FIRST NATIONAL BANCORP OF RIVER FALLS, INC.",0,4,0,287861,,Prescott,ONE,CB,EXACT,,FED,0,,0,104 E Locust St,378,80827,2577159,93,5364,44.7603379817495,WI,4,CALL,0,Chicago,956255,Prescott Branch,1,,Pierce,COMMERCIAL LENDING,Western,,,0,1,1,WI,1,Wisconsin,9,OCC,Minneapolis,312459,,0,1151 Canton St,-92.7978899668892,,RIVER FALLS,55093,"Minneapolis-St. Paul, MN-WI",River Falls,3,55093,,"Minneapolis-St. Paul-Bloomington, MN-WI",The First National Bank of River Falls,Prescott,WI,2023_5364_1
54022,DIF,N,United States,54022,OCC,33460,362639,Wisconsin,09/18/2001,2023,Comptroller of the Currency,29,55,100.0,9,0,United States,"FIRST NATIONAL BANCORP OF RIVER FALLS, INC.",0,4,0,287861,,River Falls,ONE,CB,EXACT,C,FED,0,0,0,104 E Locust St,378,0,2577159,109,5364,44.8648459812928,WI,4,CALL,0,Chicago,956255,Wellhaven Branch,1,,St. Croix,COMMERCIAL LENDING,Western,,,0,2,1,WI,1,Wisconsin,9,OCC,Minneapolis,312459,,0,119 Union St,-92.622141992963,,RIVER FALLS,55093,"Minneapolis-St. Paul, MN-WI",River Falls,3,55109,,"Minneapolis-St. Paul-Bloomington, MN-WI",The First National Bank of River Falls,River Falls,WI,2023_5364_2
54022,DIF,N,United States,54022,OCC,33460,462300,Wisconsin,01/22/2007,2023,Comptroller of the Currency,11,55,100.0,9,0,United States,"FIRST NATIONAL BANCORP OF RIVER FALLS, INC.",0,4,0,287861,,River Falls,ONE,CB,EXACT,,FED,0,,0,104 E Locust St,378,1631,2577159,93,5364,44.8522890102362,WI,4,CALL,0,Chicago,956255,Uw-River Falls Branch,1,,Pierce,COMMERCIAL LENDING,Western,,,0,3,1,WI,1,Wisconsin,9,OCC,Minneapolis,312459,,0,500 Wild Rose Ave,-92.6212980191323,,RIVER FALLS,55093,"Minneapolis-St. Paul, MN-WI",River Falls,3,55093,,"Minneapolis-St. Paul-Bloomington, MN-WI",The First National Bank of River Falls,River Falls,WI,2023_5364_3
54301,DIF,N,United States,54301,OCC,24580,334440,Wisconsin,10/31/2000,2023,Comptroller of the Currency,11,55,100.0,9,0,United States,"NICOLET BANKSHARES, INC.",0,4,7254555,7254555,,Green Bay,ONE,CB,EXACT,M,FED,1,,0,111 N Washington St,267,1906291,3103603,9,57038,44.5152600177169,WI,4,CALL,0,Chicago,2941068,Nicolet National Bank,1,,Brown,COMMERCIAL LENDING,Western,,,0,0,1,WI,1,Wisconsin,7,OCC,Chicago,8468829,,0,111 N Washington St,-88.016118979089,,GREEN BAY,55009,"Green Bay-Shawano, WI",Green Bay,3,55009,,"Green Bay, WI",Nicolet National Bank,Green Bay,WI,2023_57038_0
54301,DIF,N,United States,54143,OCC,0,424735,Wisconsin,10/01/2001,2023,Comptroller of the Currency,11,55,100.0,9,0,United States,"NICOLET BANKSHARES, INC.",0,4,0,7254555,,Marinette,ONE,CB,EXACT,,FED,0,,0,111 N Washington St,361,78216,3103603,75,57038,45.099503018474,WI,4,CALL,0,Chicago,2941068,Marinette Branch,0,,Marinette,COMMERCIAL LENDING,Western,,,1,1,1,WI,1,Wisconsin,7,OCC,Chicago,8468829,,0,2009 Hall Ave,-87.6343030052419,,GREEN BAY,55009,"Marinette-Iron Mountain, WI-MI",Green Bay,3,55075,,,Nicolet National Bank,Marinette,WI,2023_57038_1
54301,DIF,N,United States,54728,OCC,0,274326,Wisconsin,12/01/1934,2023,Comptroller of the Currency,11,55,100.0,9,0,United States,"NICOLET BANKSHARES, INC.",0,4,0,7254555,,Chetek,ONE,CB,EXACT,,FED,0,,0,111 N Washington St,0,29025,3103603,5,57038,45.315077982524,WI,4,CALL,0,Chicago,2941068,Chetek Branch,0,,Barron,COMMERCIAL LENDING,Western,,08/26/2022,1,104,1,WI,1,Wisconsin,7,OCC,Chicago,8468829,,0,621 2nd St,-91.651601005183,,GREEN BAY,55009,,Green Bay,3,55005,,,Nicolet National Bank,Chetek,WI,2023_57038_104
54301,DIF,N,United States,54701,OCC,20740,16208,Wisconsin,08/26/2022,2023,Comptroller of the Currency,11,55,100.0,9,0,United States,"NICOLET BANKSHARES, INC.",0,4,0,7254555,,Eau Claire,ONE,CB,EXACT,,FED,0,,0,111 N Washington St,232,461404,3103603,35,57038,44.793836006333,WI,4,CALL,0,Chicago,2941068,Eau Claire Clairemont Branch,1,,Eau Claire,COMMERCIAL LENDING,Western,,08/26/2022,0,106,1,WI,1,Wisconsin,7,OCC,Chicago,8468829,,0,1010 W Clairemont Ave,-91.5168019810304,,GREEN BAY,55009,"Eau Claire-Menomonie, WI",Green Bay,3,55035,,"Eau Claire, WI",Nicolet National Bank,Eau Claire,WI,2023_57038_106
54301,DIF,N,United States,54729,OCC,20740,658869,Wisconsin,04/24/2023,2023,Comptroller of the Currency,11,55,100.0,9,0,United States,"NICOLET BANKSHARES, INC.",0,4,0,7254555,,Chippewa Falls,ONE,CB,StreetAddress,,FED,0,,0,111 N Washington St,232,1506,3103603,17,57038,44.884707606285,WI,4,CALL,0,Chicago,2941068,Lake Hallie Branch,1,,Chippewa,COMMERCIAL LENDING,Western,,,0,107,1,WI,1,Wisconsin,7,OCC,Chicago,8468829,,0,2789 Commercial Blvd,-91.419878584139,,GREEN BAY,55009,"Eau Claire-Menomonie, WI",Green Bay,3,55017,,"Eau Claire, WI",Nicolet National Bank,Chippewa Falls,WI,2023_57038_107
54301,DIF,N,United States,54451,OCC,0,229408,Wisconsin,08/01/1987,2023,Comptroller of the Currency,11,55,100.0,9,0,United States,"NICOLET BANKSHARES, INC.",0,4,0,7254555,,Medford,ONE,CB,EXACT,,FED,0,,0,111 N Washington St,0,179313,3103603,119,57038,45.1409789804094,WI,4,CALL,0,Chicago,2941068,Medford Branch,0,,Taylor,COMMERCIAL LENDING,Western,,04/26/2013,0,13,1,WI,1,Wisconsin,7,OCC,Chicago,8468829,,0,134 S 8th St,-90.3321519821566,,GREEN BAY,55009,,Green Bay,3,55119,,,Nicolet National Bank,Medford,WI,2023_57038_13
54301,DIF,N,United States,54421,OCC,48140,11728,Wisconsin,06/01/1920,2023,Comptroller of the Currency,11,55,100.0,9,0,United States,"NICOLET BANKSHARES, INC.",0,4,0,7254555,,Colby,ONE,CB,StreetAddress,,FED,0,,0,111 N Washington St,554,95216,3103603,73,57038,44.920908456729,WI,4,CALL,0,Chicago,2941068,Colby Branch,1,,Marathon,COMMERCIAL LENDING,Western,,04/26/2013,0,16,1,WI,1,Wisconsin,7,OCC,Chicago,8468829,,0,810 N Division St,-90.3153691179103,,GREEN BAY,55009,"Wausau-Stevens Point-Wisconsin Rapids, WI",Green Bay,3,55073,,"Wausau, WI",Nicolet National Bank,Colby,WI,2023_57038_16
54301,DIF,N,United States,54501,OCC,0,229411,Wisconsin,09/22/1997,2023,Comptroller of the Currency,11,55,100.0,9,0,United States,"NICOLET BANKSHARES, INC.",0,4,0,7254555,,Rhinelander,ONE,CB,EXACT,,FED,0,,0,111 N Washington St,0,116836,3103603,85,57038,45.6329370176573,WI,4,CALL,0,Chicago,2941068,Rhinelander Branch,0,,Oneida,COMMERCIAL LENDING,Western,,04/26/2013,0,19,1,WI,1,Wisconsin,7,OCC,Chicago,8468829,,0,2170 Lincoln St,-89.3805560233912,,GREEN BAY,55009,,Green Bay,3,55085,,,Nicolet National Bank,Rhinelander,WI,2023_57038_19
54301,DIF,N,United States,54548,OCC,0,452500,Wisconsin,06/26/2006,2023,Comptroller of the Currency,11,55,98.9,9,0,United States,"NICOLET BANKSHARES, INC.",0,4,0,7254555,,Minocqua,ONE,CB,StreetAddressExt,,FED,0,,0,111 N Washington St,0,44980,3103603,85,57038,45.8714288174729,WI,4,CALL,0,Chicago,2941068,Minocqua Branch,0,,Oneida,COMMERCIAL LENDING,Western,,04/26/2013,0,21,1,WI,1,Wisconsin,7,OCC,Chicago,8468829,,0,625 Chippewa St,-89.7084422463209,,GREEN BAY,55009,,Green Bay,3,55085,,,Nicolet National Bank,Minocqua,WI,2023_57038_21
54301,DIF,N,United States,54401,OCC,48140,73840,Wisconsin,05/25/1999,2023,Comptroller of the Currency,11,55,100.0,9,0,United States,"NICOLET BANKSHARES, INC.",0,4,0,7254555,,Wausau,ONE,CB,EXACT,,FED,0,,0,111 N Washington St,554,78562,3103603,73,57038,44.9591463734206,WI,4,CALL,0,Chicago,2941068,Wausau - Stewart Avenue Branch,1,,Marathon,COMMERCIAL LENDING,Western,,08/09/2013,0,23,1,WI,1,Wisconsin,7,OCC,Chicago,8468829,,0,"2100 Stewart Ave, Ste 100",-89.6628323708022,,GREEN BAY,55009,"Wausau-Stevens Point-Wisconsin Rapids, WI",Green Bay,3,55073,,"Wausau, WI",Nicolet National Bank,Wausau,WI,2023_57038_23
54301,DIF,N,United States,54235,OCC,0,8256,Wisconsin,07/22/1876,2023,Comptroller of the Currency,11,55,100.0,9,0,United States,"NICOLET BANKSHARES, INC.",0,4,0,7254555,,Sturgeon Bay,ONE,CB,EXACT,,FED,0,,0,111 N Washington St,0,267350,3103603,29,57038,44.8370109800422,WI,4,CALL,0,Chicago,2941068,Sturgeon Bay - Downtown Branch,0,,Door,COMMERCIAL LENDING,Western,,04/29/2016,0,24,1,WI,1,Wisconsin,7,OCC,Chicago,8468829,,0,236 N 4th Ave,-87.3766110313016,,GREEN BAY,55009,,Green Bay,3,55029,,,Nicolet National Bank,Sturgeon Bay,WI,2023_57038_24
54301,DIF,N,United States,54201,OCC,24580,15283,Wisconsin,06/02/1975,2023,Comptroller of the Currency,11,55,100.0,9,0,United States,"NICOLET BANKSHARES, INC.",0,4,0,7254555,,Algoma,ONE,CB,EXACT,,FED,0,,0,111 N Washington St,267,42020,3103603,61,57038,44.6078680197745,WI,4,CALL,0,Chicago,2941068,Algoma Branch,1,,Kewaunee,COMMERCIAL LENDING,Western,,04/29/2016,0,25,1,WI,1,Wisconsin,7,OCC,Chicago,8468829,,0,205 Clark St,-87.4366729834288,,GREEN BAY,55009,"Green Bay-Shawano, WI",Green Bay,3,55061,,"Green Bay, WI",Nicolet National Bank,Algoma,WI,2023_57038_25
54301,DIF,N,United States,54216,OCC,24580,681,Wisconsin,01/31/1889,2023,Comptroller of the Currency,11,55,100.0,9,0,United States,"NICOLET BANKSHARES, INC.",0,4,0,7254555,,Kewaunee,ONE,CB,EXACT,,FED,0,,0,111 N Washington St,267,132015,3103603,61,57038,44.4574649932131,WI,4,CALL,0,Chicago,2941068,Kewaunee - Main Street Branch,1,,Kewaunee,COMMERCIAL LENDING,Western,,04/29/2016,0,27,1,WI,1,Wisconsin,7,OCC,Chicago,8468829,,0,519 Main St,-87.5019850244289,,GREEN BAY,55009,"Green Bay-Shawano, WI",Green Bay,3,55061,,"Green Bay, WI",Nicolet National Bank,Kewaunee,WI,2023_57038_27
54301,DIF,N,United States,54234,OCC,0,187699,Wisconsin,06/28/1948,2023,Comptroller of the Currency,11,55,100.0,9,0,United States,"NICOLET BANKSHARES, INC.",0,4,0,7254555,,Sister Bay,ONE,CB,EXACT,,FED,0,,0,111 N Washington St,0,169581,3103603,29,57038,45.1850799867814,WI,4,CALL,0,Chicago,2941068,Sister Bay Branch,0,,Door,COMMERCIAL LENDING,Western,,04/29/2016,0,28,1,WI,1,Wisconsin,7,OCC,Chicago,8468829,,0,2477 S Bay Shore Dr,-87.1305040210162,,GREEN BAY,55009,,Green Bay,3,55029,,,Nicolet National Bank,Sister Bay,WI,2023_57038_28
54301,DIF,N,United States,54235,OCC,0,187700,Wisconsin,12/02/1902,2023,Comptroller of the Currency,11,55,100.0,9,0,United States,"NICOLET BANKSHARES, INC.",0,4,0,7254555,,Sturgeon Bay,ONE,CB,EXACT,,FED,0,,0,111 N Washington St,0,130434,3103603,29,57038,44.8292140079798,WI,4,CALL,0,Chicago,2941068,Sturgeon Bay West Side Branch,0,,Door,COMMERCIAL LENDING,Western,,04/29/2016,0,29,1,WI,1,Wisconsin,7,OCC,Chicago,8468829,,0,34 W Maple St,-87.3852849599837,,GREEN BAY,55009,,Green Bay,3,55029,,,Nicolet National Bank,Sturgeon Bay,WI,2023_57038_29
54301,DIF,N,United States,54115,OCC,24580,442460,Wisconsin,12/01/2004,2023,Comptroller of the Currency,11,55,100.0,9,0,United States,"NICOLET BANKSHARES, INC.",0,4,0,7254555,,De Pere,ONE,CB,EXACT,,FED,0,,0,111 N Washington St,267,110104,3103603,9,57038,44.4602790076566,WI,4,CALL,0,Chicago,2941068,De Pere Branch,1,,Brown,COMMERCIAL LENDING,Western,,,0,3,1,WI,1,Wisconsin,7,OCC,Chicago,8468829,,0,1011 N Broadway,-88.0543530304238,,GREEN BAY,55009,"Green Bay-Shawano, WI",Green Bay,3,55009,,"Green Bay, WI",Nicolet National Bank,De Pere,WI,2023_57038_3
54301,DIF,N,United States,54246,OCC,0,187701,Wisconsin,04/28/1958,2023,Comptroller of the Currency,11,55,100.0,9,0,United States,"NICOLET BANKSHARES, INC.",0,4,0,7254555,,Washington Island,ONE,CB,EXACT,,FED,0,,0,111 N Washington St,0,34617,3103603,29,57038,45.3694749834805,WI,4,CALL,0,Chicago,2941068,Washington Island Branch,0,,Door,COMMERCIAL LENDING,Western,,04/29/2016,0,30,1,WI,1,Wisconsin,7,OCC,Chicago,8468829,,0,1131 Main Rd,-86.931182028228,,GREEN BAY,55009,,Green Bay,3,55029,,,Nicolet National Bank,Washington Island,WI,2023_57038_30
54301,DIF,N,United States,54209,OCC,0,187705,Wisconsin,05/21/1979,2023,Comptroller of the Currency,11,55,100.0,9,0,United States,"NICOLET BANKSHARES, INC.",0,4,0,7254555,,Egg Harbor,ONE,CB,EXACT,,FED,0,,0,111 N Washington St,0,122971,3103603,29,57038,45.0519950199183,WI,4,CALL,0,Chicago,2941068,Egg Harbor Branch,0,,Door,COMMERCIAL LENDING,Western,,04/29/2016,0,33,1,WI,1,Wisconsin,7,OCC,Chicago,8468829,,0,7842 Highway 42,-87.280028959401,,GREEN BAY,55009,,Green Bay,3,55029,,,Nicolet National Bank,Egg Harbor,WI,2023_57038_33
54301,DIF,N,United States,54311,OCC,24580,228827,Wisconsin,03/04/1996,2023,Comptroller of the Currency,11,55,100.0,9,0,United States,"NICOLET BANKSHARES, INC.",0,4,0,7254555,,Green Bay,ONE,CB,EXACT,,FED,0,,0,111 N Washington St,267,125202,3103603,9,57038,44.4839510109666,WI,4,CALL,0,Chicago,2941068,Green Bay - Huron Road Branch,1,,Brown,COMMERCIAL LENDING,Western,,04/29/2016,0,35,1,WI,1,Wisconsin,7,OCC,Chicago,8468829,,0,920 S Huron Rd,-87.9185879919299,,GREEN BAY,55009,"Green Bay-Shawano, WI",Green Bay,3,55009,,"Green Bay, WI",Nicolet National Bank,Green Bay,WI,2023_57038_35
54301,DIF,N,United States,54165,OCC,11540,229372,Wisconsin,11/01/1993,2023,Comptroller of the Currency,11,55,100,9,0,United States,"NICOLET BANKSHARES, INC.",0,4,0,7254555,,Seymour,ONE,CB,StreetAddress,,FED,0,,0,111 N Washington St,118,70985,3103603,87,57038,44.50059,WI,4,CALL,0,Chicago,2941068,Seymour Branch,1,,Outagamie,COMMERCIAL LENDING,Western,,04/29/2016,0,37,1,WI,1,Wisconsin,7,OCC,Chicago,8468829,,0,106 E State Rd 54,-88.330504,,GREEN BAY,55009,"Appleton-Oshkosh-Neenah, WI",Green Bay,3,55087,,"Appleton, WI",Nicolet National Bank,Seymour,WI,2023_57038_37
54301,DIF,N,United States,54114,OCC,0,457302,Wisconsin,08/01/2006,2023,Comptroller of the Currency,11,55,100.0,9,0,United States,"NICOLET BANKSHARES, INC.",0,4,0,7254555,,Crivitz,ONE,CB,EXACT,,FED,0,,0,111 N Washington St,361,54684,3103603,75,57038,45.2296839911629,WI,4,CALL,0,Chicago,2941068,Crivitz Branch,0,,Marinette,COMMERCIAL LENDING,Western,,,1,4,1,WI,1,Wisconsin,7,OCC,Chicago,8468829,,0,315 N Us Highway 141,-87.9971980061369,,GREEN BAY,55009,"Marinette-Iron Mountain, WI-MI",Green Bay,3,55075,,,Nicolet National Bank,Crivitz,WI,2023_57038_4
54301,DIF,N,United States,54217,OCC,24580,362932,Wisconsin,01/21/2002,2023,Comptroller of the Currency,11,55,100.0,9,0,United States,"NICOLET BANKSHARES, INC.",0,4,0,7254555,,Luxemburg,ONE,CB,EXACT,,FED,0,,0,111 N Washington St,267,53933,3103603,61,57038,44.5457929859617,WI,4,CALL,0,Chicago,2941068,Luxemburg Branch,1,,Kewaunee,COMMERCIAL LENDING,Western,,04/29/2016,0,40,1,WI,1,Wisconsin,7,OCC,Chicago,8468829,,0,210 Center Dr,-87.7066179587071,,GREEN BAY,55009,"Green Bay-Shawano, WI",Green Bay,3,55061,,"Green Bay, WI",Nicolet National Bank,Luxemburg,WI,2023_57038_40
54301,DIF,N,United States,54115,OCC,24580,428801,Wisconsin,05/10/2004,2023,Comptroller of the Currency,11,55,100.0,9,0,United States,"NICOLET BANKSHARES, INC.",0,4,0,7254555,,De Pere,ONE,CB,EXACT,,FED,0,,0,111 N Washington St,267,64976,3103603,9,57038,44.4312769940269,WI,4,CALL,0,Chicago,2941068,West De Pere Branch,1,,Brown,COMMERCIAL LENDING,Western,,04/29/2016,0,41,1,WI,1,Wisconsin,7,OCC,Chicago,8468829,,0,1450 Scheuring Rd,-88.1024519950629,,GREEN BAY,55009,"Green Bay-Shawano, WI",Green Bay,3,55009,,"Green Bay, WI",Nicolet National Bank,De Pere,WI,2023_57038_41
54301,DIF,N,United States,54914,OCC,11540,426764,Wisconsin,03/15/2004,2023,Comptroller of the Currency,11,55,100.0,9,0,United States,"NICOLET BANKSHARES, INC.",0,4,0,7254555,,Appleton,ONE,CB,EXACT,,FED,0,,0,111 N Washington St,118,120298,3103603,87,57038,44.2591510081008,WI,4,CALL,0,Chicago,2941068,Appleton - Nicolet Road Branch,1,,Outagamie,COMMERCIAL LENDING,Western,,04/29/2016,0,43,1,WI,1,Wisconsin,7,OCC,Chicago,8468829,,0,333 S Nicolet Rd,-88.4699670171691,,GREEN BAY,55009,"Appleton-Oshkosh-Neenah, WI",Green Bay,3,55087,,"Appleton, WI",Nicolet National Bank,Appleton,WI,2023_57038_43
54301,DIF,N,United States,54956,OCC,36780,3572,Wisconsin,01/01/1887,2023,Comptroller of the Currency,11,55,US_Streets,9,0,United States,"NICOLET BANKSHARES, INC.",0,4,0,7254555,,Neenah,ONE,CB,M,,FED,0,,0,111 N Washington St,118,160430,3103603,139,57038,44.176278,WI,4,CALL,0,Chicago,2941068,Neenah Branch,1,,Winnebago,COMMERCIAL LENDING,Western,,04/28/2017,0,47,1,WI,1,Wisconsin,7,OCC,Chicago,8468829,,0,550 South Green Bay Road,-88.484849,,GREEN BAY,55009,"Appleton-Oshkosh-Neenah, WI",Green Bay,3,55139,,"Oshkosh-Neenah, WI",Nicolet National Bank,Neenah,WI,2023_57038_47
54301,DIF,N,United States,54952,OCC,36780,207498,Wisconsin,11/09/1992,2023,Comptroller of the Currency,11,55,100.0,9,0,United States,"NICOLET BANKSHARES, INC.",0,4,0,7254555,,Menasha,ONE,CB,EXACT,,FED,0,,0,111 N Washington St,118,48668,3103603,139,57038,44.20572999595,WI,4,CALL,0,Chicago,2941068,Menasha  Branch,1,,Winnebago,COMMERCIAL LENDING,Western,,04/28/2017,0,48,1,WI,1,Wisconsin,7,OCC,Chicago,8468829,,0,320 Racine St,-88.4467570243621,,GREEN BAY,55009,"Appleton-Oshkosh-Neenah, WI",Green Bay,3,55139,,"Oshkosh-Neenah, WI",Nicolet National Bank,Menasha,WI,2023_57038_48
54301,DIF,N,United States,54915,OCC,11540,419947,Wisconsin,06/16/2003,2023,Comptroller of the Currency,11,55,100.0,9,0,United States,"NICOLET BANKSHARES, INC.",0,4,0,7254555,,Appleton,ONE,CB,EXACT,,FED,0,,0,111 N Washington St,118,103659,3103603,87,57038,44.243406986,WI,4,CALL,0,Chicago,2941068,Appleton East Branch,1,,Outagamie,COMMERCIAL LENDING,Western,,04/28/2017,0,50,1,WI,1,Wisconsin,7,OCC,Chicago,8468829,,0,3111 E Calumet St,-88.362520992925,,GREEN BAY,55009,"Appleton-Oshkosh-Neenah, WI",Green Bay,3,55087,,"Appleton, WI",Nicolet National Bank,Appleton,WI,2023_57038_50
54301,DIF,N,United States,54904,OCC,36780,444374,Wisconsin,07/24/2006,2023,Comptroller of the Currency,11,55,100.0,9,0,United States,"NICOLET BANKSHARES, INC.",0,4,0,7254555,,Oshkosh,ONE,CB,EXACT,,FED,0,,0,111 N Washington St,118,200955,3103603,139,57038,44.0310329869534,WI,4,CALL,0,Chicago,2941068,Oshkosh Branch,1,,Winnebago,COMMERCIAL LENDING,Western,,11/08/2019,0,52,1,WI,1,Wisconsin,7,OCC,Chicago,8468829,,0,1041 N Westhaven Dr,-88.5944469965037,,GREEN BAY,55009,"Appleton-Oshkosh-Neenah, WI",Green Bay,3,55139,,"Oshkosh-Neenah, WI",Nicolet National Bank,Oshkosh,WI,2023_57038_52
54301,DIF,N,United States,54401,OCC,48140,418872,Wisconsin,04/23/2003,2023,Comptroller of the Currency,11,55,100.0,9,0,United States,"NICOLET BANKSHARES, INC.",0,4,0,7254555,,Wausau,ONE,CB,EXACT,,FED,0,,0,111 N Washington St,554,58401,3103603,73,57038,44.9645170778802,WI,4,CALL,0,Chicago,2941068,Wausau Branch,1,,Marathon,COMMERCIAL LENDING,Western,,08/21/2020,0,54,1,WI,1,Wisconsin,7,OCC,Chicago,8468829,,0,210 N 17th Ave,-89.656314686712,,GREEN BAY,55009,"Wausau-Stevens Point-Wisconsin Rapids, WI",Green Bay,3,55073,,"Wausau, WI",Nicolet National Bank,Wausau,WI,2023_57038_54
54301,DIF,N,United States,54426,OCC,48140,451606,Wisconsin,05/15/2006,2023,Comptroller of the Currency,11,55,100.0,9,0,United States,"NICOLET BANKSHARES, INC.",0,4,0,7254555,,Edgar,ONE,CB,EXACT,,FED,0,,0,111 N Washington St,554,60324,3103603,73,57038,44.9303061305221,WI,4,CALL,0,Chicago,2941068,Edgar Branch,1,,Marathon,COMMERCIAL LENDING,Western,,08/21/2020,0,56,1,WI,1,Wisconsin,7,OCC,Chicago,8468829,,0,818 N 3rd Ave,-89.963115560805,,GREEN BAY,55009,"Wausau-Stevens Point-Wisconsin Rapids, WI",Green Bay,3,55073,,"Wausau, WI",Nicolet National Bank,Edgar,WI,2023_57038_56
54301,DIF,N,United States,54911,OCC,11540,629135,Wisconsin,11/16/2020,2023,Comptroller of the Currency,11,55,98.06,9,0,United States,"NICOLET BANKSHARES, INC.",0,4,0,7254555,,Appleton,ONE,CB,EXACT,,FED,0,,0,111 N Washington St,118,21581,3103603,87,57038,44.2615950034287,WI,4,CALL,0,Chicago,2941068,Appleton College Branch,1,,Outagamie,COMMERCIAL LENDING,Western,,,0,58,1,WI,1,Wisconsin,7,OCC,Chicago,8468829,,0,201 E College Aveune,-88.4039779698495,,GREEN BAY,55009,"Appleton-Oshkosh-Neenah, WI",Green Bay,3,55087,,"Appleton, WI",Nicolet National Bank,Appleton,WI,2023_57038_58
54301,DIF,N,United States,54151,OCC,0,3578,Wisconsin,08/17/1917,2023,Comptroller of the Currency,11,55,100.0,9,0,United States,"NICOLET BANKSHARES, INC.",0,4,0,7254555,,Niagara,ONE,CB,EXACT,,FED,0,,0,111 N Washington St,361,50104,3103603,75,57038,45.7815430060874,WI,4,CALL,0,Chicago,2941068,Niagara Branch,0,,Marinette,COMMERCIAL LENDING,Western,,09/03/2021,1,59,1,WI,1,Wisconsin,7,OCC,Chicago,8468829,,0,900 Roosevelt Rd,-88.0080219768025,,GREEN BAY,55009,"Marinette-Iron Mountain, WI-MI",Green Bay,3,55075,,,Nicolet National Bank,Niagara,WI,2023_57038_59
54301,DIF,N,United States,54304,OCC,24580,492385,Wisconsin,12/10/2007,2023,Comptroller of the Currency,11,55,100.0,9,0,United States,"NICOLET BANKSHARES, INC.",0,4,0,7254555,,Green Bay,ONE,CB,EXACT,,FED,0,,0,111 N Washington St,267,116607,3103603,9,57038,44.4856470052552,WI,4,CALL,0,Chicago,2941068,Ashwaubenon Branch,1,,Brown,COMMERCIAL LENDING,Western,,07/23/2010,0,6,1,WI,1,Wisconsin,7,OCC,Chicago,8468829,,0,2363 Holmgren Way,-88.0600320212823,,GREEN BAY,55009,"Green Bay-Shawano, WI",Green Bay,3,55009,,"Green Bay, WI",Nicolet National Bank,Green Bay,WI,2023_57038_6
54301,DIF,N,United States,54521,OCC,0,3605,Wisconsin,01/01/1921,2023,Comptroller of the Currency,11,55,100.0,9,0,United States,"NICOLET BANKSHARES, INC.",0,4,0,7254555,,Eagle River,ONE,CB,EXACT,,FED,0,,0,111 N Washington St,0,145816,3103603,125,57038,45.9148019812604,WI,4,CALL,0,Chicago,2941068,Eagle River Branch,0,,Vilas,COMMERCIAL LENDING,Western,,09/03/2021,0,60,1,WI,1,Wisconsin,7,OCC,Chicago,8468829,,0,400 East Wall Street,-89.247472020447,,GREEN BAY,55009,,Green Bay,3,55125,,,Nicolet National Bank,Eagle River,WI,2023_57038_60
54301,DIF,N,United States,54452,OCC,0,5781,Wisconsin,01/01/1897,2023,Comptroller of the Currency,11,55,100.0,9,0,United States,"NICOLET BANKSHARES, INC.",0,4,0,7254555,,Merrill,ONE,CB,EXACT,,FED,0,,0,111 N Washington St,0,53383,3103603,69,57038,45.1811699965881,WI,4,CALL,0,Chicago,2941068,Merrill Branch,0,,Lincoln,COMMERCIAL LENDING,Western,,09/03/2021,0,61,1,WI,1,Wisconsin,7,OCC,Chicago,8468829,,0,1400 E Main St,-89.6795690197868,,GREEN BAY,55009,,Green Bay,3,55069,,,Nicolet National Bank,Merrill,WI,2023_57038_61
54301,DIF,N,United States,54303,OCC,24580,512335,Wisconsin,12/17/2001,2023,Comptroller of the Currency,11,55,100.0,9,0,United States,"NICOLET BANKSHARES, INC.",0,4,0,7254555,,Green Bay,ONE,CB,EXACT,,FED,0,,0,111 N Washington St,267,154264,3103603,9,57038,44.5419809802165,WI,4,CALL,0,Chicago,2941068,Howard Branch,1,,Brown,COMMERCIAL LENDING,Western,,07/23/2010,0,7,1,WI,1,Wisconsin,7,OCC,Chicago,8468829,,0,"2380 Duck Creek Pkwy, Ste 100",-88.0785169676312,,GREEN BAY,55009,"Green Bay-Shawano, WI",Green Bay,3,55009,,"Green Bay, WI",Nicolet National Bank,Green Bay,WI,2023_57038_7
54301,DIF,N,United States,54115,OCC,24580,512338,Wisconsin,09/20/2004,2023,Comptroller of the Currency,11,55,100.0,9,0,United States,"NICOLET BANKSHARES, INC.",0,4,0,7254555,,De Pere,ONE,CB,EXACT,,FED,0,,0,111 N Washington St,267,86050,3103603,9,57038,44.4635790048463,WI,4,CALL,0,Chicago,2941068,Bellevue - Monroe Rd Branch,1,,Brown,COMMERCIAL LENDING,Western,,07/23/2010,0,8,1,WI,1,Wisconsin,7,OCC,Chicago,8468829,,0,2082 Monroe Road,-87.9842420145796,,GREEN BAY,55009,"Green Bay-Shawano, WI",Green Bay,3,55009,,"Green Bay, WI",Nicolet National Bank,De Pere,WI,2023_57038_8
54301,DIF,N,United States,54913,OCC,11540,73815,Wisconsin,03/01/1999,2023,Comptroller of the Currency,11,55,100.0,9,0,United States,"NICOLET BANKSHARES, INC.",0,4,0,7254555,,Appleton,ONE,CB,EXACT,,FED,0,,0,111 N Washington St,118,183675,3103603,87,57038,44.2996089878956,WI,4,CALL,0,Chicago,2941068,Grand Chute Branch,1,,Outagamie,COMMERCIAL LENDING,Western,,12/03/2021,0,89,1,WI,1,Wisconsin,7,OCC,Chicago,8468829,,0,3740 Investors Ct,-88.427786011448,,GREEN BAY,55009,"Appleton-Oshkosh-Neenah, WI",Green Bay,3,55087,,"Appleton, WI",Nicolet National Bank,Grand Chute,WI,2023_57038_89
54301,DIF,N,United States,54481,OCC,0,532157,Wisconsin,12/21/2010,2023,Comptroller of the Currency,11,55,100.0,9,0,United States,"NICOLET BANKSHARES, INC.",0,4,0,7254555,,Stevens Point,ONE,CB,EXACT,,FED,0,,0,111 N Washington St,554,82679,3103603,97,57038,44.5030439805719,WI,4,CALL,0,Chicago,2941068,Stevens Point Office Branch,0,,Portage,COMMERCIAL LENDING,Western,,12/03/2021,1,91,1,WI,1,Wisconsin,7,OCC,Chicago,8468829,,0,3273 Church St,-89.5651039898233,,GREEN BAY,55009,"Wausau-Stevens Point-Wisconsin Rapids, WI",Green Bay,3,55097,,,Nicolet National Bank,Stevens Point,WI,2023_57038_91
54301,DIF,N,United States,54220,OCC,0,57054,Wisconsin,12/03/2021,2023,Comptroller of the Currency,11,55,100.0,9,0,United States,"NICOLET BANKSHARES, INC.",0,4,0,7254555,,Manitowoc,ONE,CB,EXACT,,FED,0,,0,111 N Washington St,0,280664,3103603,71,57038,44.1052230140684,WI,4,CALL,0,Chicago,2941068,Manitowoc Branch,0,,Manitowoc,COMMERCIAL LENDING,Western,,12/03/2021,1,93,1,WI,1,Wisconsin,7,OCC,Chicago,8468829,,0,860 N Rapids Rd,-87.701568029682,,GREEN BAY,55009,,Green Bay,3,55071,,,Nicolet National Bank,Manitowoc,WI,2023_57038_93
54301,DIF,N,United States,53081,OCC,43100,650106,Wisconsin,12/03/2021,2023,Comptroller of the Currency,23,55,100.0,9,0,United States,"NICOLET BANKSHARES, INC.",0,4,0,7254555,,Sheboygan,ONE,CB,EXACT,C,FED,0,93,0,111 N Washington St,0,0,3103603,117,57038,43.756966001241,WI,4,CALL,0,Chicago,2941068,Sheboygan Lpo Branch,1,,Sheboygan,COMMERCIAL LENDING,Western,,,0,95,1,WI,1,Wisconsin,7,OCC,Chicago,8468829,,0,2108 Kohler Memorial Dr,-87.7348929679649,,GREEN BAY,55009,,Green Bay,3,55117,,"Sheboygan, WI",Nicolet National Bank,Sheboygan,WI,2023_57038_95
54301,DIF,N,United States,53530,OCC,0,650107,Wisconsin,12/03/2021,2023,Comptroller of the Currency,23,55,100.0,9,0,United States,"NICOLET BANKSHARES, INC.",0,4,0,7254555,,Darlington,ONE,CB,EXACT,C,FED,0,52,0,111 N Washington St,0,0,3103603,65,57038,42.6784640050859,WI,4,CALL,0,Chicago,2941068,Darlington Branch,0,,Lafayette,COMMERCIAL LENDING,Western,,,0,96,1,WI,1,Wisconsin,7,OCC,Chicago,8468829,,0,200 Main St,-90.1181729743807,,GREEN BAY,55009,,Green Bay,3,55065,,,Nicolet National Bank,Darlington,WI,2023_57038_96
54301,DIF,N,United States,54937,OCC,22540,650117,Wisconsin,12/03/2021,2023,Comptroller of the Currency,23,55,100.0,9,0,United States,"NICOLET BANKSHARES, INC.",0,4,0,7254555,,Fond du Lac,ONE,CB,EXACT,C,FED,0,52,0,111 N Washington St,0,0,3103603,39,57038,43.7801940151398,WI,4,CALL,0,Chicago,2941068,Fond Du Lac Lpo Branch,1,,Fond Du Lac,COMMERCIAL LENDING,Western,,,0,97,1,WI,1,Wisconsin,7,OCC,Chicago,8468829,,0,101 Wisconsin American Dr,-88.3951820006572,,GREEN BAY,55009,,Green Bay,3,55039,,"Fond du Lac, WI",Nicolet National Bank,Fond Du Lac,WI,2023_57038_97
53202,DIF,SB,United States,53202,OCC,33340,357285,Wisconsin,04/06/2001,2023,Comptroller of the Currency,11,55,100.0,9,16662,,,1,7,50500,50500,,Milwaukee,NONE,SA,EXACT,M,FED,1,,0,720 E Wisconsin Ave,376,50500,0,79,57093,43.0394610078258,WI,5,CALL,0,Chicago,3017081,Northwestern Mutual Wealth Management,1,,Milwaukee,MORTGAGE LENDING,Midsize,,,0,0,0,WI,1,Wisconsin,7,OCC,Chicago,447176,,0,720 E Wisconsin Ave,-87.9022179673902,,,55079,"Milwaukee-Racine-Waukesha, WI",Milwaukee,33,55079,,"Milwaukee-Waukesha, WI",Northwestern Mutual Wealth Management,Milwaukee,,2023_57093_0
54720,DIF,N,United States,54720,OCC,20740,360330,Wisconsin,12/10/2001,2023,Comptroller of the Currency,11,55,100.0,9,17873,United States,"CITIZENS COMMUNITY BANCORP, INC.",0,4,1474710,1474710,,Altoona,ONE,CB,EXACT,M,FED,1,,0,219 Fairfax St,232,318507,3823929,35,57265,44.8068129945578,WI,4,CALL,0,Chicago,962890,Citizens Community Federal National Association,1,,Eau Claire,COMMERCIAL LENDING,Western,,,0,0,1,WI,1,Wisconsin,9,OCC,Minneapolis,1828332,,0,219 Fairfax St,-91.4676510037238,,EAU CLAIRE,55035,"Eau Claire-Menomonie, WI",Altoona,3,55035,,"Eau Claire, WI",Citizens Community Federal National Association,Altoona,WI,2023_57265_0
54720,DIF,N,United States,54729,OCC,20740,251260,Wisconsin,06/13/1990,2023,Comptroller of the Currency,12,55,99.9,9,17873,United States,"CITIZENS COMMUNITY BANCORP, INC.",0,4,0,1474710,,Chippewa Falls,ONE,CB,StreetAddress,,FED,0,,0,219 Fairfax St,232,30989,3823929,17,57265,44.8823616227852,WI,4,CALL,0,Chicago,962890,Chippewa Falls Hallie Branch,1,,Chippewa,COMMERCIAL LENDING,Western,,11/01/2002,0,1,1,WI,1,Wisconsin,9,OCC,Minneapolis,1828332,,0,2727 Commercial Blvd,-91.4189567855917,,EAU CLAIRE,55035,"Eau Claire-Menomonie, WI",Altoona,3,55017,,"Eau Claire, WI",Citizens Community Federal National Association,Chippewa Falls,WI,2023_57265_1
54720,DIF,N,United States,54812,OCC,0,3602,Wisconsin,01/01/1916,2023,Comptroller of the Currency,11,55,100.0,9,17873,United States,"CITIZENS COMMUNITY BANCORP, INC.",0,4,0,1474710,,Barron,ONE,CB,EXACT,,FED,0,,0,219 Fairfax St,0,36119,3823929,5,57265,45.4017650081784,WI,4,CALL,0,Chicago,962890,Barron Branch,0,,Barron,COMMERCIAL LENDING,Western,,02/05/2016,1,33,1,WI,1,Wisconsin,9,OCC,Minneapolis,1828332,,0,25 N Mill St,-91.8588340058265,,EAU CLAIRE,55035,,Altoona,3,55005,,,Citizens Community Federal National Association,Barron,WI,2023_57265_33
54720,DIF,N,United States,54868,OCC,0,4177,Wisconsin,05/05/1919,2023,Comptroller of the Currency,11,55,100.0,9,17873,United States,"CITIZENS COMMUNITY BANCORP, INC.",0,4,0,1474710,,Rice Lake,ONE,CB,EXACT,,FED,0,,0,219 Fairfax St,0,83754,3823929,5,57265,45.5086709864012,WI,4,CALL,0,Chicago,962890,Rice Lake Knapp Street Branch,0,,Barron,COMMERCIAL LENDING,Western,,05/16/2016,1,34,1,WI,1,Wisconsin,9,OCC,Minneapolis,1828332,,0,1204 W Knapp St,-91.7516339904404,,EAU CLAIRE,55035,,Altoona,3,55005,,,Citizens Community Federal National Association,Rice Lake,WI,2023_57265_34
54720,DIF,N,United States,54848,OCC,0,359378,Wisconsin,02/05/2001,2023,Comptroller of the Currency,11,55,100.0,9,17873,United States,"CITIZENS COMMUNITY BANCORP, INC.",0,4,0,1474710,,Ladysmith,ONE,CB,StreetAddress,,FED,0,,0,219 Fairfax St,0,30670,3823929,107,57265,45.4640833079284,WI,4,CALL,0,Chicago,962890,Ladysmith Branch,0,,Rusk,COMMERCIAL LENDING,Western,,05/16/2016,0,36,1,WI,1,Wisconsin,9,OCC,Minneapolis,1828332,,0,810 Miner Ave W,-91.1101552791886,,EAU CLAIRE,55035,,Altoona,3,55107,,,Citizens Community Federal National Association,Ladysmith,WI,2023_57265_36
54720,DIF,N,United States,54801,OCC,0,477903,Wisconsin,04/01/2008,2023,Comptroller of the Currency,11,55,100.0,9,17873,United States,"CITIZENS COMMUNITY BANCORP, INC.",0,4,0,1474710,,Spooner,ONE,CB,EXACT,,FED,0,,0,219 Fairfax St,0,96794,3823929,129,57265,45.8253190041638,WI,4,CALL,0,Chicago,962890,Spooner Branch,0,,Washburn,COMMERCIAL LENDING,Western,,05/16/2016,0,37,1,WI,1,Wisconsin,9,OCC,Minneapolis,1828332,,0,322 N River St,-91.8886119741428,,EAU CLAIRE,55035,,Altoona,3,55129,,,Citizens Community Federal National Association,Spooner,WI,2023_57265_37
54720,DIF,N,United States,54011,OCC,33460,597900,Wisconsin,05/14/2018,2023,Comptroller of the Currency,11,55,100.0,9,17873,United States,"CITIZENS COMMUNITY BANCORP, INC.",0,4,0,1474710,,Ellsworth,ONE,CB,EXACT,,FED,0,,0,219 Fairfax St,378,65745,3823929,93,57265,44.7337899798219,WI,4,CALL,0,Chicago,962890,Ellsworth Branch,1,,Pierce,COMMERCIAL LENDING,Western,,,0,48,1,WI,1,Wisconsin,9,OCC,Minneapolis,1828332,,0,218 N Broadway St,-92.4663410207566,,EAU CLAIRE,55035,"Minneapolis-St. Paul, MN-WI",Altoona,3,55093,,"Minneapolis-St. Paul-Bloomington, MN-WI",Citizens Community Federal National Association,Ellsworth,WI,2023_57265_48
54720,DIF,N,United States,54758,OCC,0,9146,Wisconsin,12/23/1911,2023,Comptroller of the Currency,11,55,100.0,9,17873,United States,"CITIZENS COMMUNITY BANCORP, INC.",0,4,0,1474710,,Osseo,ONE,CB,EXACT,,FED,0,,0,219 Fairfax St,0,66072,3823929,121,57265,44.5764899880516,WI,4,CALL,0,Chicago,962890,United Bank Osseo Branch,0,,Trempealeau,COMMERCIAL LENDING,Western,,10/19/2018,0,50,1,WI,1,Wisconsin,9,OCC,Minneapolis,1828332,,0,50518 Charles St,-91.2225609697507,,EAU CLAIRE,55035,,Altoona,3,55121,,,Citizens Community Federal National Association,Osseo,WI,2023_57265_50
54720,DIF,N,United States,54627,OCC,0,8091,Wisconsin,04/27/1932,2023,Comptroller of the Currency,11,55,100.0,9,17873,United States,"CITIZENS COMMUNITY BANCORP, INC.",0,4,0,1474710,,Ettrick,ONE,CB,EXACT,,FED,0,,0,219 Fairfax St,0,23955,3823929,121,57265,44.169054014687,WI,4,CALL,0,Chicago,962890,Ettrick Branch,0,,Trempealeau,COMMERCIAL LENDING,Western,,10/19/2018,0,51,1,WI,1,Wisconsin,9,OCC,Minneapolis,1828332,,0,22818 N Main St,-91.2682990037223,,EAU CLAIRE,55035,,Altoona,3,55121,,,Citizens Community Federal National Association,Ettrick,WI,2023_57265_51
54720,DIF,N,United States,54770,OCC,0,227866,Wisconsin,10/16/1935,2023,Comptroller of the Currency,11,55,100.0,9,17873,United States,"CITIZENS COMMUNITY BANCORP, INC.",0,4,0,1474710,,Strum,ONE,CB,EXACT,,FED,0,,0,219 Fairfax St,0,45112,3823929,121,57265,44.5525599897618,WI,4,CALL,0,Chicago,962890,Strum Branch,0,,Trempealeau,COMMERCIAL LENDING,Western,,10/19/2018,0,53,1,WI,1,Wisconsin,9,OCC,Minneapolis,1828332,,0,131 5th Ave N,-91.3929470402156,,EAU CLAIRE,55035,,Altoona,3,55121,,,Citizens Community Federal National Association,Strum,WI,2023_57265_53
54720,DIF,N,United States,54755,OCC,0,231836,Wisconsin,11/30/1992,2023,Comptroller of the Currency,11,55,100.0,9,17873,United States,"CITIZENS COMMUNITY BANCORP, INC.",0,4,0,1474710,,Mondovi,ONE,CB,EXACT,,FED,0,,0,219 Fairfax St,0,29767,3823929,11,57265,44.5675910052692,WI,4,CALL,0,Chicago,962890,Mondovi Branch,0,,Buffalo,COMMERCIAL LENDING,Western,,10/19/2018,0,54,1,WI,1,Wisconsin,9,OCC,Minneapolis,1828332,,0,203 E Main St,-91.6690099666216,,EAU CLAIRE,55035,,Altoona,3,55011,,,Citizens Community Federal National Association,Mondovi,WI,2023_57265_54
54720,DIF,N,United States,54701,OCC,20740,445227,Wisconsin,10/03/2005,2023,Comptroller of the Currency,11,55,100.0,9,17873,United States,"CITIZENS COMMUNITY BANCORP, INC.",0,4,0,1474710,,Eau Claire,ONE,CB,EXACT,,FED,0,,0,219 Fairfax St,232,99003,3823929,35,57265,44.7791059849687,WI,4,CALL,0,Chicago,962890,Eau Claire Gateway Drive Office,1,,Eau Claire,COMMERCIAL LENDING,Western,,10/19/2018,0,55,1,WI,1,Wisconsin,9,OCC,Minneapolis,1828332,,0,3625 Gateway Dr,-91.4310069994214,,EAU CLAIRE,55035,"Eau Claire-Menomonie, WI",Altoona,3,55035,,"Eau Claire, WI",Citizens Community Federal National Association,Eau Claire,WI,2023_57265_55
54720,DIF,N,United States,54660,OCC,0,8246,Wisconsin,01/01/1911,2023,Comptroller of the Currency,11,55,100.0,9,17873,United States,"CITIZENS COMMUNITY BANCORP, INC.",0,4,0,1474710,,Tomah,ONE,CB,EXACT,,FED,0,,0,219 Fairfax St,317,160099,3823929,81,57265,43.9776100050554,WI,4,CALL,0,Chicago,962890,Tomah Branch,0,,Monroe,COMMERCIAL LENDING,Western,,07/01/2019,1,58,1,WI,1,Wisconsin,9,OCC,Minneapolis,1828332,,0,1001 Superior Ave,-90.5051650248958,,EAU CLAIRE,55035,"La Crosse-Onalaska-Sparta, WI-MN",Altoona,3,55081,,,Citizens Community Federal National Association,Tomah,WI,2023_57265_58
54720,DIF,N,United States,54660,OCC,0,362422,Wisconsin,11/07/2001,2023,Comptroller of the Currency,11,55,100.0,9,17873,United States,"CITIZENS COMMUNITY BANCORP, INC.",0,4,0,1474710,,Tomah,ONE,CB,EXACT,,FED,0,,0,219 Fairfax St,317,43825,3823929,81,57265,44.0096010053575,WI,4,CALL,0,Chicago,962890,1500 Superior Avenue Branch,0,,Monroe,COMMERCIAL LENDING,Western,,07/01/2019,1,59,1,WI,1,Wisconsin,9,OCC,Minneapolis,1828332,,0,1500 N Superior Ave,-90.5061049715179,,EAU CLAIRE,55035,"La Crosse-Onalaska-Sparta, WI-MN",Altoona,3,55081,,,Citizens Community Federal National Association,Tomah,WI,2023_57265_59
54720,DIF,N,United States,54601,OCC,29100,652702,Wisconsin,12/28/2022,2023,Comptroller of the Currency,11,55,100.0,9,17873,United States,"CITIZENS COMMUNITY BANCORP, INC.",0,4,0,1474710,,La Crosse,ONE,CB,EXACT,,FED,0,,0,219 Fairfax St,317,19729,3823929,63,57265,43.8103950181093,WI,4,CALL,0,Chicago,962890,La Crosse Branch,1,,La Crosse,COMMERCIAL LENDING,Western,,,0,60,1,WI,1,Wisconsin,9,OCC,Minneapolis,1828332,,0,141 7th St S,-91.2464189674921,,EAU CLAIRE,55035,"La Crosse-Onalaska-Sparta, WI-MN",Altoona,3,55063,,"La Crosse-Onalaska, WI-MN",Citizens Community Federal National Association,La Crosse,WI,2023_57265_60
60002,DIF,N,United States,53142,OCC,28450,207431,Illinois,11/13/1989,2023,Comptroller of the Currency,11,55,100.0,9,13880,United States,WINTRUST FINANCIAL CORPORATION,0,7,0,1660610,,Kenosha,MULT,CB,EXACT,,FED,0,,0,440 Lake St,176,144033,2260406,59,5744,42.5674009800737,IL,4,CALL,0,Chicago,595430,Kenosha Branch,1,,Kenosha,COMMERCIAL LENDING,Midsize,,08/11/2014,0,7,0,WI,1,Wisconsin,7,OCC,Chicago,1967603,,0,8700 75th St,-87.9133990071311,,ROSEMONT,17097,"Chicago-Naperville, IL-IN-WI",Antioch,3,55059,,"Kenosha, WI","State Bank of the Lakes, National Association",Kenosha,IL,2023_5744_7
60002,DIF,N,United States,53128,OCC,0,225230,Illinois,03/09/1995,2023,Comptroller of the Currency,11,55,100.0,9,13880,United States,WINTRUST FINANCIAL CORPORATION,0,7,0,1660610,,Genoa City,MULT,CB,EXACT,,FED,0,,0,440 Lake St,376,35748,2260406,127,5744,42.4980869994024,IL,4,CALL,0,Chicago,595430,Genoa City Branch,0,,Walworth,COMMERCIAL LENDING,Midsize,,08/11/2014,1,8,0,WI,1,Wisconsin,7,OCC,Chicago,1967603,,0,235 Freeman St,-88.3301869632351,,ROSEMONT,17097,"Milwaukee-Racine-Waukesha, WI",Antioch,3,55127,,,"State Bank of the Lakes, National Association",Genoa City,IL,2023_5744_8
60002,DIF,N,United States,53142,OCC,28450,570170,Illinois,06/22/2015,2023,Comptroller of the Currency,11,55,100.0,9,13880,United States,WINTRUST FINANCIAL CORPORATION,0,7,0,1660610,,Kenosha,MULT,CB,EXACT,,FED,0,,0,440 Lake St,176,28403,2260406,59,5744,42.5568510138229,IL,4,CALL,0,Chicago,595430,Kenosha 39Th Ave Branch,1,,Kenosha,COMMERCIAL LENDING,Midsize,,,0,9,0,WI,1,Wisconsin,7,OCC,Chicago,1967603,,0,8056 39th Ave,-87.8555699940098,,ROSEMONT,17097,"Chicago-Naperville, IL-IN-WI",Antioch,3,55059,,"Kenosha, WI","State Bank of the Lakes, National Association",Kenosha,IL,2023_5744_9
55014,DIF,NM,United States,54024,STATE,0,3620,Minnesota,01/01/1919,2023,State Agency,11,55,100.0,11,0,United States,"AMERI FINANCIAL GROUP, INC.",0,,0,429028,,Saint Croix Falls,ONE,CB,EXACT,,STATE,0,,0,7449 Village Dr,0,61414,4974293,95,58039,45.3989240040066,MN,4,CALL,0,Kansas City,3314043,Saint Croix Falls Branch,0,,Polk,COMMERCIAL LENDING,,,04/16/2018,0,4,1,WI,1,Wisconsin,9,FDIC,Minneapolis,535251,,0,2206 Glacier Dr,-92.6052739995556,,STILLWATER,27003,,Lino Lakes,21,55095,,,First Resource Bank,Saint Croix Falls,MN,2023_58039_4
80202,DIF,NM,United States,53566,STATE,31540,7834,Colorado,01/01/1903,2023,State Agency,11,55,100.0,13,0,United States,"HEARTLAND FINANCIAL USA, INC.",0,,0,13236597,,Monroe,MULT,CB,EXACT,,STATE,0,,0,"1800 Larimer St, Ste 100",357,161301,1206546,45,58458,42.6024049812008,CO,4,CALL,0,Dallas,3465226,Monroe Branch,1,,Green,COMMERCIAL LENDING,,,02/10/2023,0,62,0,WI,1,Wisconsin,10,FDIC,Kansas City,15098165,,0,1717 10th St,-89.6377890043137,,DENVER,8031,"Madison-Janesville-Beloit, WI",Denver,21,55045,,"Madison, WI",HTLF Bank,Monroe,CO,2023_58458_62
80202,DIF,NM,United States,53818,STATE,0,3583,Colorado,12/01/1891,2023,State Agency,11,55,100.0,13,0,United States,"HEARTLAND FINANCIAL USA, INC.",0,,0,13236597,,Platteville,MULT,CB,EXACT,,STATE,0,,0,"1800 Larimer St, Ste 100",0,70011,1206546,43,58458,42.7335689834941,CO,4,CALL,0,Dallas,3465226,The First National Bank Of Platteville Branch,0,,Grant,COMMERCIAL LENDING,,,02/10/2023,1,63,0,WI,1,Wisconsin,10,FDIC,Kansas City,15098165,,0,10 Keystone Pkwy,-90.4450400408567,,DENVER,8031,,Denver,21,55043,,,HTLF Bank,Platteville,CO,2023_58458_63
80202,DIF,NM,United States,54115,STATE,24580,228756,Colorado,11/22/1999,2023,State Agency,11,55,US_Zipcode,13,0,United States,"HEARTLAND FINANCIAL USA, INC.",0,,0,13236597,,De Pere,MULT,CB,M,,STATE,0,,0,"1800 Larimer St, Ste 100",267,25363,1206546,9,58458,44.404081,CO,4,CALL,0,Dallas,3465226,De Pere Branch,1,,Brown,COMMERCIAL LENDING,,,02/10/2023,0,64,0,WI,1,Wisconsin,10,FDIC,Kansas City,15098165,,0,1510 Highway 41,-88.092442,,DENVER,8031,"Green Bay-Shawano, WI",Denver,21,55009,,"Green Bay, WI",HTLF Bank,De Pere,CO,2023_58458_64
80202,DIF,NM,United States,53073,STATE,43100,262166,Colorado,10/04/1993,2023,State Agency,11,55,100.0,13,0,United States,"HEARTLAND FINANCIAL USA, INC.",0,,0,13236597,,Plymouth,MULT,CB,EXACT,,STATE,0,,0,"1800 Larimer St, Ste 100",0,64352,1206546,117,58458,43.7466630077672,CO,4,CALL,0,Dallas,3465226,Plymouth Branch,1,,Sheboygan,COMMERCIAL LENDING,,,02/10/2023,0,65,0,WI,1,Wisconsin,10,FDIC,Kansas City,15098165,,0,2511 Eastern Ave,-87.9506800360748,,DENVER,8031,,Denver,21,55117,,"Sheboygan, WI",HTLF Bank,Plymouth,CO,2023_58458_65
80202,DIF,NM,United States,53081,STATE,43100,262168,Colorado,11/30/1997,2023,State Agency,11,55,100.0,13,0,United States,"HEARTLAND FINANCIAL USA, INC.",0,,0,13236597,,Sheboygan,MULT,CB,EXACT,,STATE,0,,0,"1800 Larimer St, Ste 100",0,73333,1206546,117,58458,43.7209800182474,CO,4,CALL,0,Dallas,3465226,South Sheboygan Branch,1,,Sheboygan,COMMERCIAL LENDING,,,02/10/2023,0,66,0,WI,1,Wisconsin,10,FDIC,Kansas City,15098165,,0,3220 S Business Dr,-87.7376879973978,,DENVER,8031,,Denver,21,55117,,"Sheboygan, WI",HTLF Bank,Sheboygan,CO,2023_58458_66
80202,DIF,NM,United States,53081,STATE,43100,262170,Colorado,03/01/1999,2023,State Agency,11,55,100.0,13,0,United States,"HEARTLAND FINANCIAL USA, INC.",0,,0,13236597,,Sheboygan,MULT,CB,EXACT,,STATE,0,,0,"1800 Larimer St, Ste 100",0,117623,1206546,117,58458,43.7485840142465,CO,4,CALL,0,Dallas,3465226,Sheboygan Branch,1,,Sheboygan,COMMERCIAL LENDING,,,02/10/2023,0,67,0,WI,1,Wisconsin,10,FDIC,Kansas City,15098165,,0,655 S Taylor Dr,-87.7459580021659,,DENVER,8031,,Denver,21,55117,,"Sheboygan, WI",HTLF Bank,Sheboygan,CO,2023_58458_67
80202,DIF,NM,United States,53083,STATE,43100,363522,Colorado,04/29/2002,2023,State Agency,11,55,100.0,13,0,United States,"HEARTLAND FINANCIAL USA, INC.",0,,0,13236597,,Sheboygan,MULT,CB,EXACT,,STATE,0,,0,"1800 Larimer St, Ste 100",0,47024,1206546,117,58458,43.7901069986588,CO,4,CALL,0,Dallas,3465226,Sheboygan North Branch,1,,Sheboygan,COMMERCIAL LENDING,,,02/10/2023,0,68,0,WI,1,Wisconsin,10,FDIC,Kansas City,15098165,,0,4210 State Highway 42,-87.7606590221453,,DENVER,8031,,Denver,21,55117,,"Sheboygan, WI",HTLF Bank,Sheboygan,CO,2023_58458_68
80202,DIF,NM,United States,53719,STATE,31540,418502,Colorado,03/10/2003,2023,State Agency,11,55,100.0,13,0,United States,"HEARTLAND FINANCIAL USA, INC.",0,,0,13236597,,Madison,MULT,CB,EXACT,,STATE,0,,0,"1800 Larimer St, Ste 100",357,36657,1206546,25,58458,43.0148700126516,CO,4,CALL,0,Dallas,3465226,Fitchburg Branch,1,,Dane,COMMERCIAL LENDING,,,02/10/2023,0,69,0,WI,1,Wisconsin,10,FDIC,Kansas City,15098165,,0,6131 Nesbitt Rd,-89.4742040100853,,DENVER,8031,"Madison-Janesville-Beloit, WI",Denver,21,55025,,"Madison, WI",HTLF Bank,Fitchburg,CO,2023_58458_69
80202,DIF,NM,United States,53217,STATE,33340,423112,Colorado,08/25/2003,2023,State Agency,11,55,100.0,13,0,United States,"HEARTLAND FINANCIAL USA, INC.",0,,0,13236597,,Milwaukee,MULT,CB,EXACT,,STATE,0,,0,"1800 Larimer St, Ste 100",376,224383,1206546,79,58458,43.1146769798895,CO,4,CALL,0,Dallas,3465226,Glendale Branch,1,,Milwaukee,COMMERCIAL LENDING,,,02/10/2023,0,70,0,WI,1,Wisconsin,10,FDIC,Kansas City,15098165,,0,5380 N Port Washington Rd,-87.9161460082587,,DENVER,8031,"Milwaukee-Racine-Waukesha, WI",Denver,21,55079,,"Milwaukee-Waukesha, WI",HTLF Bank,Glendale,CO,2023_58458_70
80202,DIF,NM,United States,53527,STATE,31540,468169,Colorado,09/01/2007,2023,State Agency,11,55,100.0,13,0,United States,"HEARTLAND FINANCIAL USA, INC.",0,,0,13236597,,Cottage Grove,MULT,CB,EXACT,,STATE,0,,0,"1800 Larimer St, Ste 100",357,62822,1206546,25,58458,43.0869309944505,CO,4,CALL,0,Dallas,3465226,Cottage Grove Branch,1,,Dane,COMMERCIAL LENDING,,,02/10/2023,0,73,0,WI,1,Wisconsin,10,FDIC,Kansas City,15098165,,0,580 N Main St,-89.1985740089782,,DENVER,8031,"Madison-Janesville-Beloit, WI",Denver,21,55025,,"Madison, WI",HTLF Bank,Cottage Grove,CO,2023_58458_73
80202,DIF,NM,United States,53717,STATE,31540,8229,Colorado,02/10/2023,2023,State Agency,11,55,100.0,13,0,United States,"HEARTLAND FINANCIAL USA, INC.",0,,0,13236597,,Madison,MULT,CB,EXACT,,STATE,0,,0,"1800 Larimer St, Ste 100",357,266939,1206546,25,58458,43.0609970088401,CO,4,CALL,0,Dallas,3465226,Madison Branch,1,,Dane,COMMERCIAL LENDING,,,02/10/2023,0,74,0,WI,1,Wisconsin,10,FDIC,Kansas City,15098165,,0,119 Junction Rd,-89.526454028453,,DENVER,8031,"Madison-Janesville-Beloit, WI",Denver,21,55025,,"Madison, WI",HTLF Bank,Madison,CO,2023_58458_74
53598,DIF,NM,United States,53598,STATE,31540,461630,Wisconsin,12/03/2007,2023,State Agency,11,55,100.0,9,0,United States,"SB BANCORP, INC.",0,,296355,296355,,Windsor,ONE,CB,EXACT,"M,E",STATE,1,,0,4021 Meridian Dr,357,243368,3625655,25,58651,43.1955449949929,WI,4,CALL,0,Chicago,3625664,Settlers Bank,1,,Dane,COMMERCIAL LENDING,,,,0,0,1,WI,1,Wisconsin,7,FDIC,Chicago,411491,,0,4021 Meridian Dr,-89.3313209755958,,DE FOREST,55025,"Madison-Janesville-Beloit, WI",Windsor,21,55025,,"Madison, WI",Settlers Bank,Windsor,WI,2023_58651_0
53598,DIF,NM,United States,53717,STATE,31540,591903,Wisconsin,08/01/2017,2023,State Agency,11,55,100.0,9,0,United States,"SB BANCORP, INC.",0,,0,296355,,Madison,ONE,CB,EXACT,E,STATE,0,,0,4021 Meridian Dr,357,24611,3625655,25,58651,43.0764780068195,WI,4,CALL,0,Chicago,3625664,Madison Branch,1,,Dane,COMMERCIAL LENDING,,,,0,1,1,WI,1,Wisconsin,7,FDIC,Chicago,411491,,0,8010 Excelsior Dr,-89.5237030040118,,DE FOREST,55025,"Madison-Janesville-Beloit, WI",Windsor,21,55025,,"Madison, WI",Settlers Bank,Madison,WI,2023_58651_1
53598,DIF,NM,United States,54914,STATE,11540,607277,Wisconsin,09/12/2018,2023,State Agency,11,55,100.0,9,0,United States,"SB BANCORP, INC.",0,,0,296355,,Appleton,ONE,CB,EXACT,E,STATE,0,,0,4021 Meridian Dr,118,28376,3625655,15,58651,44.2613559934596,WI,4,CALL,0,Chicago,3625664,Appleton Branch,1,,Calumet,COMMERCIAL LENDING,,,,0,2,1,WI,1,Wisconsin,7,FDIC,Chicago,411491,,0,4321 W College Ave,-88.4702329749569,,DE FOREST,55025,"Appleton-Oshkosh-Neenah, WI",Windsor,21,55015,,"Appleton, WI",Settlers Bank,Appleton,WI,2023_58651_2
53005,DIF,NM,United States,53005,STATE,33340,467781,Wisconsin,08/28/2008,2023,State Agency,11,55,100.0,9,0,,,1,,288539,288539,,Brookfield,NONE,CB,EXACT,M,STATE,1,,0,16620 W Bluemound Rd Ste 100a,376,288539,0,133,58780,43.0377580146481,WI,4,CALL,0,Chicago,3721605,Spring Bank,1,,Waukesha,COMMERCIAL LENDING,,,,0,0,1,WI,1,Wisconsin,7,FDIC,Chicago,372803,,0,16620 W Bluemound Rd Ste 100a,-88.1194580384155,,,55133,"Milwaukee-Racine-Waukesha, WI",Brookfield,21,55133,,"Milwaukee-Waukesha, WI",Spring Bank,Brookfield,,2023_58780_0
54446,DIF,NM,United States,54446,STATE,0,4170,Wisconsin,12/15/1909,2023,State Agency,11,55,100.0,9,12650,United States,"CITIZENS BANCSHARES OF LOYAL, INC.",0,,223760,223760,,Loyal,ONE,CB,EXACT,M,STATE,1,,0,400 N Main St,0,79113,1136410,19,6186,44.7397309889736,WI,2,CALL,0,Chicago,479446,Citizens State Bank Of Loyal,0,,Clark,AGRICULTURAL,,,,0,0,1,WI,1,Wisconsin,7,FDIC,Chicago,270266,,0,400 N Main St,-90.4954919733552,,LOYAL,55019,,Loyal,21,55019,,,Citizens State Bank of Loyal,Loyal,WI,2023_6186_0
54446,DIF,NM,United States,54436,STATE,0,208935,Wisconsin,12/10/1934,2023,State Agency,11,55,100.0,9,12650,United States,"CITIZENS BANCSHARES OF LOYAL, INC.",0,,0,223760,,Granton,ONE,CB,EXACT,,STATE,0,,0,400 N Main St,0,35102,1136410,19,6186,44.5880330002811,WI,2,CALL,0,Chicago,479446,Granton Branch,0,,Clark,AGRICULTURAL,,,,0,1,1,WI,1,Wisconsin,7,FDIC,Chicago,270266,,0,110 Maple St,-90.4623039953701,,LOYAL,55019,,Loyal,21,55019,,,Citizens State Bank of Loyal,Granton,WI,2023_6186_1
54446,DIF,NM,United States,54456,STATE,0,208936,Wisconsin,06/12/1995,2023,State Agency,11,55,100.0,9,12650,United States,"CITIZENS BANCSHARES OF LOYAL, INC.",0,,0,223760,,Neillsville,ONE,CB,EXACT,,STATE,0,,0,400 N Main St,0,73078,1136410,19,6186,44.5520690197833,WI,2,CALL,0,Chicago,479446,Neillsville Branch,0,,Clark,AGRICULTURAL,,,,0,2,1,WI,1,Wisconsin,7,FDIC,Chicago,270266,,0,2 Boon Blvd,-90.5871370204664,,LOYAL,55019,,Loyal,21,55019,,,Citizens State Bank of Loyal,Neillsville,WI,2023_6186_2
54446,DIF,NM,United States,54479,STATE,48140,494465,Wisconsin,08/24/2009,2023,State Agency,11,55,100.0,9,12650,United States,"CITIZENS BANCSHARES OF LOYAL, INC.",0,,0,223760,,Spencer,ONE,CB,EXACT,,STATE,0,,0,400 N Main St,554,16384,1136410,73,6186,44.7551596419677,WI,2,CALL,0,Chicago,479446,Spencer Branch,1,,Marathon,AGRICULTURAL,,,,0,3,1,WI,1,Wisconsin,7,FDIC,Chicago,270266,,0,302 S Pacific St,-90.2930469672629,,LOYAL,55019,"Wausau-Stevens Point-Wisconsin Rapids, WI",Loyal,21,55073,,"Wausau, WI",Citizens State Bank of Loyal,Spencer,WI,2023_6186_3
54446,DIF,NM,United States,54449,STATE,48140,229768,Wisconsin,11/30/1999,2023,State Agency,11,55,100.0,9,12650,United States,"CITIZENS BANCSHARES OF LOYAL, INC.",0,,0,223760,,Marshfield,ONE,CB,EXACT,,STATE,0,,0,400 N Main St,554,20083,1136410,73,6186,44.685658451489,WI,2,CALL,0,Chicago,479446,Marshfield Branch,1,,Marathon,AGRICULTURAL,,,02/01/2013,0,4,1,WI,1,Wisconsin,7,FDIC,Chicago,270266,,0,103 W Mcmillan St,-90.1611840399733,,LOYAL,55019,"Wausau-Stevens Point-Wisconsin Rapids, WI",Loyal,21,55073,,"Wausau, WI",Citizens State Bank of Loyal,Marshfield,WI,2023_6186_4
54016,DIF,NM,United States,54016,STATE,33460,4175,Wisconsin,07/15/1904,2023,State Agency,11,55,100.0,9,16055,United States,"CITIZENS BANCSHARES OF WOODVILLE, INC.",0,,297538,297538,,Hudson,ONE,CB,EXACT,M,STATE,1,,0,375 Stageline Rd,378,130275,1129065,109,6194,44.9603159841897,WI,4,CALL,0,Chicago,867856,Citizens State Bank,1,,St. Croix,COMMERCIAL LENDING,,,,0,0,1,WI,1,Wisconsin,9,FDIC,Minneapolis,358087,,0,375 Stageline Rd,-92.7195729840172,,HUDSON,55109,"Minneapolis-St. Paul, MN-WI",Hudson,21,55109,,"Minneapolis-St. Paul-Bloomington, MN-WI",Citizens State Bank,Hudson,WI,2023_6194_0
54016,DIF,NM,United States,54751,STATE,0,208951,Wisconsin,10/01/1990,2023,State Agency,11,55,100.0,9,16055,United States,"CITIZENS BANCSHARES OF WOODVILLE, INC.",0,,0,297538,,Menomonie,ONE,CB,EXACT,,STATE,0,,0,375 Stageline Rd,232,36937,1129065,33,6194,44.9011759995023,WI,4,CALL,0,Chicago,867856,Menomonie Branch,0,,Dunn,COMMERCIAL LENDING,,,,1,1,1,WI,1,Wisconsin,9,FDIC,Minneapolis,358087,,0,1602 Broadway St N,-91.9314509592631,,HUDSON,55109,"Eau Claire-Menomonie, WI",Hudson,21,55033,,,Citizens State Bank,Menomonie,WI,2023_6194_1
54016,DIF,NM,United States,54740,STATE,33460,9580,Wisconsin,01/01/1904,2023,State Agency,11,55,100.0,9,16055,United States,"CITIZENS BANCSHARES OF WOODVILLE, INC.",0,,0,297538,,Elmwood,ONE,CB,StreetAddress,,STATE,0,,0,375 Stageline Rd,378,32047,1129065,93,6194,44.7749153498596,WI,4,CALL,0,Chicago,867856,Elmwood Branch,1,,Pierce,COMMERCIAL LENDING,,,09/29/1993,0,2,1,WI,1,Wisconsin,9,FDIC,Minneapolis,358087,,0,601 S Main St,-92.1514655198053,,HUDSON,55109,"Minneapolis-St. Paul, MN-WI",Hudson,21,55093,,"Minneapolis-St. Paul-Bloomington, MN-WI",Citizens State Bank,Elmwood,WI,2023_6194_2
54016,DIF,NM,United States,54023,STATE,33460,7836,Wisconsin,08/17/1903,2023,State Agency,11,55,100.0,9,16055,United States,"CITIZENS BANCSHARES OF WOODVILLE, INC.",0,,0,297538,,Roberts,ONE,CB,EXACT,,STATE,0,,0,375 Stageline Rd,378,51451,1129065,109,6194,44.9785169935685,WI,4,CALL,0,Chicago,867856,500 West Boulevard Branch,1,,St. Croix,COMMERCIAL LENDING,,,03/14/1998,0,4,1,WI,1,Wisconsin,9,FDIC,Minneapolis,358087,,0,500 West Blvd,-92.5573519768926,,HUDSON,55109,"Minneapolis-St. Paul, MN-WI",Hudson,21,55109,,"Minneapolis-St. Paul-Bloomington, MN-WI",Citizens State Bank,Roberts,WI,2023_6194_4
54016,DIF,NM,United States,54028,STATE,33460,226843,Wisconsin,06/10/1991,2023,State Agency,11,55,100.0,9,16055,United States,"CITIZENS BANCSHARES OF WOODVILLE, INC.",0,,0,297538,,Woodville,ONE,CB,EXACT,,STATE,0,,0,375 Stageline Rd,378,46828,1129065,109,6194,44.9519389844276,WI,4,CALL,0,Chicago,867856,Woodville Branch,1,,St. Croix,COMMERCIAL LENDING,,,03/14/1998,0,5,1,WI,1,Wisconsin,9,FDIC,Minneapolis,358087,,0,140 S Main St,-92.2918899787087,,HUDSON,55109,"Minneapolis-St. Paul, MN-WI",Hudson,21,55109,,"Minneapolis-St. Paul-Bloomington, MN-WI",Citizens State Bank,Woodville,WI,2023_6194_5
54812,DIF,NM,United States,54812,STATE,0,4176,Wisconsin,05/01/1885,2023,State Agency,11,55,100.0,9,0,United States,"NORTHWEST WISCONSIN BANCORP, INC.",0,,292061,292061,,Barron,ONE,CB,EXACT,M,STATE,1,,0,234 E La Salle Ave,0,113665,2176105,5,6195,45.3996049917301,WI,4,CALL,0,Chicago,628356,Sterling Bank,0,,Barron,COMMERCIAL LENDING,,,,1,0,1,WI,1,Wisconsin,9,FDIC,Minneapolis,346252,,0,234 E La Salle Ave,-91.8544240351088,,EAU CLAIRE,55005,,Barron,21,55005,,,Sterling Bank,Barron,WI,2023_6195_0
54812,DIF,NM,United States,54728,STATE,0,10098,Wisconsin,12/06/1941,2023,State Agency,11,55,100.0,9,0,United States,"NORTHWEST WISCONSIN BANCORP, INC.",0,,0,292061,,Chetek,ONE,CB,EXACT,,STATE,0,,0,234 E La Salle Ave,0,114155,2176105,5,6195,45.3132360173917,WI,4,CALL,0,Chicago,628356,Chetek Branch,0,,Barron,COMMERCIAL LENDING,,,01/01/2001,1,1,1,WI,1,Wisconsin,9,FDIC,Minneapolis,346252,,0,427 2nd St,-91.6517350318151,,EAU CLAIRE,55005,,Barron,21,55005,,,Sterling Bank,Chetek,WI,2023_6195_1
54812,DIF,NM,United States,54853,STATE,0,365404,Wisconsin,08/01/2002,2023,State Agency,11,55,US_Streets,9,0,United States,"NORTHWEST WISCONSIN BANCORP, INC.",0,,0,292061,,Luck,ONE,CB,M,,STATE,0,,0,234 E La Salle Ave,0,35952,2176105,95,6195,45.576379,WI,4,CALL,0,Chicago,628356,Luck Branch,0,,Polk,COMMERCIAL LENDING,,,,0,2,1,WI,1,Wisconsin,9,FDIC,Minneapolis,346252,,0,2547 State Route 35,-92.488799,,EAU CLAIRE,55005,,Barron,21,55095,,,Sterling Bank,Luck,WI,2023_6195_2
54812,DIF,NM,United States,54868,STATE,0,432320,Wisconsin,09/21/2004,2023,State Agency,11,55,100.0,9,0,United States,"NORTHWEST WISCONSIN BANCORP, INC.",0,,0,292061,,Rice Lake,ONE,CB,EXACT,,STATE,0,,0,234 E La Salle Ave,0,28289,2176105,5,6195,45.5047430170256,WI,4,CALL,0,Chicago,628356,Rice Lake Branch,0,,Barron,COMMERCIAL LENDING,,,,1,3,1,WI,1,Wisconsin,9,FDIC,Minneapolis,346252,,0,311 N Main St,-91.7331199588874,,EAU CLAIRE,55005,,Barron,21,55005,,,Sterling Bank,Rice Lake,WI,2023_6195_3
53543,DIF,NM,United States,53543,STATE,31540,4179,Wisconsin,06/01/1903,2023,State Agency,11,55,100.0,9,0,United States,"SOUTHWESTERN WISCONSIN BANCSHARES, INC.",1,,37493,37493,,Highland,ONE,CB,EXACT,M,STATE,1,,0,541 Main St,357,37493,1881699,49,6198,43.0458980160979,WI,7,CALL,0,Chicago,681249,Highland State Bank,1,,Iowa,OTHER < $1 BILLION,,,,0,0,1,WI,1,Wisconsin,7,FDIC,Chicago,42749,,0,541 Main St,-90.3806419625788,,HIGHLAND,55049,"Madison-Janesville-Beloit, WI",Highland,21,55049,,"Madison, WI",Highland State Bank,Highland,WI,2023_6198_0
43240,DIF,N,United States,53202,OCC,33340,1635,Ohio,09/01/1901,2023,Comptroller of the Currency,11,55,100.0,9,0,United States,JPMORGAN CHASE & CO.,0,6,0,2068042000,,Milwaukee,MULT,CB,EXACT,,FED,0,,0,1111 Polaris Pkwy,376,4665108,1039502,79,628,43.0379339927053,OH,1,CALL,0,Chicago,852218,Downtown Main Milwaukee  Branch,1,,Milwaukee,INTERNATIONAL,Large Bank,,11/13/2004,0,2852,0,WI,1,Wisconsin,4,OCC,Cleveland,3382195000,,0,111 E Wisconsin Ave,-87.9093979894693,,NEW YORK,39041,"Milwaukee-Racine-Waukesha, WI",Columbus,3,55079,,"Milwaukee-Waukesha, WI","JPMorgan Chase Bank, National Association",Milwaukee,NY,2023_628_2852
43240,DIF,N,United States,53095,OCC,33340,192704,Ohio,04/18/1988,2023,Comptroller of the Currency,11,55,100.0,9,0,United States,JPMORGAN CHASE & CO.,0,6,0,2068042000,,West Bend,MULT,CB,EXACT,,FED,0,,0,1111 Polaris Pkwy,376,175988,1039502,131,628,43.398072520922,OH,1,CALL,0,Chicago,852218,Paradise Branch,1,,Washington,INTERNATIONAL,Large Bank,,11/13/2004,0,2853,0,WI,1,Wisconsin,4,OCC,Cleveland,3382195000,,0,600 W Paradise Dr,-88.1843029559517,,NEW YORK,39041,"Milwaukee-Racine-Waukesha, WI",Columbus,3,55131,,"Milwaukee-Waukesha, WI","JPMorgan Chase Bank, National Association",West Bend,NY,2023_628_2853
43240,DIF,N,United States,53217,OCC,33340,207524,Ohio,03/29/1968,2023,Comptroller of the Currency,11,55,100.0,9,0,United States,JPMORGAN CHASE & CO.,0,6,0,2068042000,,Milwaukee,MULT,CB,EXACT,,FED,0,,0,1111 Polaris Pkwy,376,254322,1039502,79,628,43.1753949835782,OH,1,CALL,0,Chicago,852218,North Port Branch,1,,Milwaukee,INTERNATIONAL,Large Bank,,11/13/2004,0,2855,0,WI,1,Wisconsin,4,OCC,Cleveland,3382195000,,0,8737 N Port Washington Rd,-87.9133450276746,,NEW YORK,39041,"Milwaukee-Racine-Waukesha, WI",Columbus,3,55079,,"Milwaukee-Waukesha, WI","JPMorgan Chase Bank, National Association",Fox Point,NY,2023_628_2855
43240,DIF,N,United States,53224,OCC,33340,4181,Ohio,01/01/1921,2023,Comptroller of the Currency,11,55,100.0,9,0,United States,JPMORGAN CHASE & CO.,0,6,0,2068042000,,Milwaukee,MULT,CB,EXACT,,FED,0,,0,1111 Polaris Pkwy,376,49043,1039502,79,628,43.178067008582,OH,1,CALL,0,Chicago,852218,Brown Deer Branch,1,,Milwaukee,INTERNATIONAL,Large Bank,,11/13/2004,0,2856,0,WI,1,Wisconsin,4,OCC,Cleveland,3382195000,,0,8800 W Brown Deer Rd,-88.021707026298,,NEW YORK,39041,"Milwaukee-Racine-Waukesha, WI",Columbus,3,55079,,"Milwaukee-Waukesha, WI","JPMorgan Chase Bank, National Association",Milwaukee,NY,2023_628_2856
43240,DIF,N,United States,53212,OCC,33340,8464,Ohio,08/20/1920,2023,Comptroller of the Currency,11,55,100.0,9,0,United States,JPMORGAN CHASE & CO.,0,6,0,2068042000,,Milwaukee,MULT,CB,EXACT,,FED,0,,0,1111 Polaris Pkwy,376,93018,1039502,79,628,43.0897440030657,OH,1,CALL,0,Chicago,852218,2Nd And Capitol Branch,1,,Milwaukee,INTERNATIONAL,Large Bank,,11/13/2004,0,2857,0,WI,1,Wisconsin,4,OCC,Cleveland,3382195000,,0,210 W Capitol Dr,-87.9122350122371,,NEW YORK,39041,"Milwaukee-Racine-Waukesha, WI",Columbus,3,55079,,"Milwaukee-Waukesha, WI","JPMorgan Chase Bank, National Association",Milwaukee,NY,2023_628_2857
43240,DIF,N,United States,53212,OCC,33340,229647,Ohio,06/18/1979,2023,Comptroller of the Currency,23,55,100.0,9,0,United States,JPMORGAN CHASE & CO.,0,6,0,2068042000,,Milwaukee,MULT,CB,EXACT,N,FED,0,,0,1111 Polaris Pkwy,376,0,1039502,79,628,43.088965994813,OH,1,CALL,0,Chicago,852218,Second And Capitol Drive-Up Branch,1,,Milwaukee,INTERNATIONAL,Large Bank,,11/13/2004,0,2858,0,WI,1,Wisconsin,4,OCC,Cleveland,3382195000,,0,211 W Capitol Dr,-87.9129440374267,,NEW YORK,39041,"Milwaukee-Racine-Waukesha, WI",Columbus,3,55079,,"Milwaukee-Waukesha, WI","JPMorgan Chase Bank, National Association",Milwaukee,NY,2023_628_2858
43240,DIF,N,United States,53204,OCC,33340,1615,Ohio,05/08/1912,2023,Comptroller of the Currency,11,55,100.0,9,0,United States,JPMORGAN CHASE & CO.,0,6,0,2068042000,,Milwaukee,MULT,CB,EXACT,,FED,0,,0,1111 Polaris Pkwy,376,93907,1039502,79,628,43.017248000492,OH,1,CALL,0,Chicago,852218,Greenfield & 16Th Branch,1,,Milwaukee,INTERNATIONAL,Large Bank,,11/13/2004,0,2859,0,WI,1,Wisconsin,4,OCC,Cleveland,3382195000,,0,1337 S Cesar E Chavez Dr,-87.9335419777471,,NEW YORK,39041,"Milwaukee-Racine-Waukesha, WI",Columbus,3,55079,,"Milwaukee-Waukesha, WI","JPMorgan Chase Bank, National Association",Milwaukee,NY,2023_628_2859
43240,DIF,N,United States,53110,OCC,33340,1612,Ohio,10/02/1909,2023,Comptroller of the Currency,11,55,100.0,9,0,United States,JPMORGAN CHASE & CO.,0,6,0,2068042000,,Cudahy,MULT,CB,EXACT,,FED,0,,0,1111 Polaris Pkwy,376,130335,1039502,79,628,42.9588970043505,OH,1,CALL,0,Chicago,852218,Cudahy Branch,1,,Milwaukee,INTERNATIONAL,Large Bank,,11/13/2004,0,2860,0,WI,1,Wisconsin,4,OCC,Cleveland,3382195000,,0,4702 S Packard Ave,-87.8597340396884,,NEW YORK,39041,"Milwaukee-Racine-Waukesha, WI",Columbus,3,55079,,"Milwaukee-Waukesha, WI","JPMorgan Chase Bank, National Association",Cudahy,NY,2023_628_2860
43240,DIF,N,United States,53213,OCC,33340,9533,Ohio,05/15/1907,2023,Comptroller of the Currency,11,55,100.0,9,0,United States,JPMORGAN CHASE & CO.,0,6,0,2068042000,,Milwaukee,MULT,CB,EXACT,,FED,0,,0,1111 Polaris Pkwy,376,231997,1039502,79,628,43.0492579858048,OH,1,CALL,0,Chicago,852218,Wauwatosa Branch,1,,Milwaukee,INTERNATIONAL,Large Bank,,11/13/2004,0,2861,0,WI,1,Wisconsin,4,OCC,Cleveland,3382195000,,0,7430 W State St,-88.0059399958728,,NEW YORK,39041,"Milwaukee-Racine-Waukesha, WI",Columbus,3,55079,,"Milwaukee-Waukesha, WI","JPMorgan Chase Bank, National Association",Wauwatosa,NY,2023_628_2861
43240,DIF,N,United States,53092,OCC,33340,16533,Ohio,12/16/1981,2023,Comptroller of the Currency,11,55,100.0,9,0,United States,JPMORGAN CHASE & CO.,0,6,0,2068042000,,Mequon,MULT,CB,EXACT,,FED,0,,0,1111 Polaris Pkwy,376,177623,1039502,89,628,43.2211330175498,OH,1,CALL,0,Chicago,852218,Mequon Branch,1,,Ozaukee,INTERNATIONAL,Large Bank,,11/13/2004,0,2863,0,WI,1,Wisconsin,4,OCC,Cleveland,3382195000,,0,5909 W Mequon Rd,-87.9835100229753,,NEW YORK,39041,"Milwaukee-Racine-Waukesha, WI",Columbus,3,55089,,"Milwaukee-Waukesha, WI","JPMorgan Chase Bank, National Association",Mequon,NY,2023_628_2863
43240,DIF,N,United States,53018,OCC,33340,6399,Ohio,02/16/1910,2023,Comptroller of the Currency,11,55,100.0,9,0,United States,JPMORGAN CHASE & CO.,0,6,0,2068042000,,Delafield,MULT,CB,EXACT,,FED,0,,0,1111 Polaris Pkwy,376,181850,1039502,133,628,43.0597160025778,OH,1,CALL,0,Chicago,852218,Delafield Branch,1,,Waukesha,INTERNATIONAL,Large Bank,,11/13/2004,0,2864,0,WI,1,Wisconsin,4,OCC,Cleveland,3382195000,,0,524 Genesee St,-88.4032149652034,,NEW YORK,39041,"Milwaukee-Racine-Waukesha, WI",Columbus,3,55133,,"Milwaukee-Waukesha, WI","JPMorgan Chase Bank, National Association",Delafield,NY,2023_628_2864
43240,DIF,N,United States,53022,OCC,33340,9497,Ohio,02/28/1910,2023,Comptroller of the Currency,11,55,100.0,9,0,United States,JPMORGAN CHASE & CO.,0,6,0,2068042000,,Germantown,MULT,CB,EXACT,,FED,0,,0,1111 Polaris Pkwy,376,168018,1039502,131,628,43.2214695509623,OH,1,CALL,0,Chicago,852218,Germantown Branch,1,,Washington,INTERNATIONAL,Large Bank,,11/13/2004,0,2867,0,WI,1,Wisconsin,4,OCC,Cleveland,3382195000,,0,W156n11251 Pilgrim Rd,-88.1039776690788,,NEW YORK,39041,"Milwaukee-Racine-Waukesha, WI",Columbus,3,55131,,"Milwaukee-Waukesha, WI","JPMorgan Chase Bank, National Association",Germantown,NY,2023_628_2867
43240,DIF,N,United States,53005,OCC,33340,7863,Ohio,05/06/1907,2023,Comptroller of the Currency,11,55,100.0,9,0,United States,JPMORGAN CHASE & CO.,0,6,0,2068042000,,Brookfield,MULT,CB,EXACT,,FED,0,,0,1111 Polaris Pkwy,376,236552,1039502,133,628,43.0904800179836,OH,1,CALL,0,Chicago,852218,Brookfield Branch,1,,Waukesha,INTERNATIONAL,Large Bank,,11/13/2004,0,2868,0,WI,1,Wisconsin,4,OCC,Cleveland,3382195000,,0,14900 W Capitol Dr,-88.0973739866621,,NEW YORK,39041,"Milwaukee-Racine-Waukesha, WI",Columbus,3,55133,,"Milwaukee-Waukesha, WI","JPMorgan Chase Bank, National Association",Brookfield,NY,2023_628_2868
43240,DIF,N,United States,53072,OCC,33340,226876,Ohio,06/20/1936,2023,Comptroller of the Currency,11,55,100.0,9,0,United States,JPMORGAN CHASE & CO.,0,6,0,2068042000,,Pewaukee,MULT,CB,EXACT,,FED,0,,0,1111 Polaris Pkwy,376,148463,1039502,133,628,43.0824089995969,OH,1,CALL,0,Chicago,852218,Pewaukee Branch,1,,Waukesha,INTERNATIONAL,Large Bank,,11/13/2004,0,2869,0,WI,1,Wisconsin,4,OCC,Cleveland,3382195000,,0,110 Oakton Ave,-88.2620059644161,,NEW YORK,39041,"Milwaukee-Racine-Waukesha, WI",Columbus,3,55133,,"Milwaukee-Waukesha, WI","JPMorgan Chase Bank, National Association",Pewaukee,NY,2023_628_2869
43240,DIF,N,United States,53186,OCC,33340,246402,Ohio,01/27/1969,2023,Comptroller of the Currency,11,55,100.0,9,0,United States,JPMORGAN CHASE & CO.,0,6,0,2068042000,,Waukesha,MULT,CB,EXACT,,FED,0,,0,1111 Polaris Pkwy,376,196120,1039502,133,628,43.0329260151055,OH,1,CALL,0,Chicago,852218,East Waukesha Branch,1,,Waukesha,INTERNATIONAL,Large Bank,,11/13/2004,0,2871,0,WI,1,Wisconsin,4,OCC,Cleveland,3382195000,,0,2402 E Moreland Blvd,-88.177570024588,,NEW YORK,39041,"Milwaukee-Racine-Waukesha, WI",Columbus,3,55133,,"Milwaukee-Waukesha, WI","JPMorgan Chase Bank, National Association",Waukesha,NY,2023_628_2871
43240,DIF,N,United States,53005,OCC,33340,12535,Ohio,12/17/1962,2023,Comptroller of the Currency,11,55,100.0,9,0,United States,JPMORGAN CHASE & CO.,0,6,0,2068042000,,Brookfield,MULT,CB,EXACT,,FED,0,,0,1111 Polaris Pkwy,376,312467,1039502,133,628,43.0603899914121,OH,1,CALL,0,Chicago,852218,Elmbrook Branch,1,,Waukesha,INTERNATIONAL,Large Bank,,11/13/2004,0,2872,0,WI,1,Wisconsin,4,OCC,Cleveland,3382195000,,0,2255 N Calhoun Rd,-88.1268750168974,,NEW YORK,39041,"Milwaukee-Racine-Waukesha, WI",Columbus,3,55133,,"Milwaukee-Waukesha, WI","JPMorgan Chase Bank, National Association",Brookfield,NY,2023_628_2872
43240,DIF,N,United States,53151,OCC,33340,12049,Ohio,01/04/1960,2023,Comptroller of the Currency,11,55,100.0,9,0,United States,JPMORGAN CHASE & CO.,0,6,0,2068042000,,New Berlin,MULT,CB,EXACT,,FED,0,,0,1111 Polaris Pkwy,376,227702,1039502,133,628,42.9763840013074,OH,1,CALL,0,Chicago,852218,New Berlin Branch,1,,Waukesha,INTERNATIONAL,Large Bank,,11/13/2004,0,2873,0,WI,1,Wisconsin,4,OCC,Cleveland,3382195000,,0,15525 W National Ave,-88.1072600223624,,NEW YORK,39041,"Milwaukee-Racine-Waukesha, WI",Columbus,3,55133,,"Milwaukee-Waukesha, WI","JPMorgan Chase Bank, National Association",New Berlin,NY,2023_628_2873
43240,DIF,N,United States,53066,OCC,33340,3579,Ohio,06/02/1932,2023,Comptroller of the Currency,11,55,100.0,9,0,United States,JPMORGAN CHASE & CO.,0,6,0,2068042000,,Oconomowoc,MULT,CB,EXACT,,FED,0,,0,1111 Polaris Pkwy,376,182363,1039502,133,628,43.11118998244,OH,1,CALL,0,Chicago,852218,Oconomowoc Branch,1,,Waukesha,INTERNATIONAL,Large Bank,,11/13/2004,0,2874,0,WI,1,Wisconsin,4,OCC,Cleveland,3382195000,,0,138 E Wisconsin Ave,-88.4979990350539,,NEW YORK,39041,"Milwaukee-Racine-Waukesha, WI",Columbus,3,55133,,"Milwaukee-Waukesha, WI","JPMorgan Chase Bank, National Association",Oconomowoc,NY,2023_628_2874
43240,DIF,N,United States,53007,OCC,33340,207571,Ohio,02/17/1947,2023,Comptroller of the Currency,11,55,100.0,9,0,United States,JPMORGAN CHASE & CO.,0,6,0,2068042000,,Butler,MULT,CB,EXACT,,FED,0,,0,1111 Polaris Pkwy,376,86955,1039502,133,628,43.1044800174909,OH,1,CALL,0,Chicago,852218,Butler Branch,1,,Waukesha,INTERNATIONAL,Large Bank,,11/13/2004,0,2875,0,WI,1,Wisconsin,4,OCC,Cleveland,3382195000,,0,12701 W Hampton Ave,-88.0699390117405,,NEW YORK,39041,"Milwaukee-Racine-Waukesha, WI",Columbus,3,55133,,"Milwaukee-Waukesha, WI","JPMorgan Chase Bank, National Association",Butler,NY,2023_628_2875
43240,DIF,N,United States,53150,OCC,33340,207572,Ohio,05/20/1968,2023,Comptroller of the Currency,11,55,US_Zipcode,9,0,United States,JPMORGAN CHASE & CO.,0,6,0,2068042000,,Muskego,MULT,CB,M,,FED,0,,0,1111 Polaris Pkwy,376,91628,1039502,133,628,42.882925,OH,1,CALL,0,Chicago,852218,Muskego Branch,1,,Waukesha,INTERNATIONAL,Large Bank,,11/13/2004,0,2876,0,WI,1,Wisconsin,4,OCC,Cleveland,3382195000,,0,S69 W15612 Janesville Road,-88.1263,,NEW YORK,39041,"Milwaukee-Racine-Waukesha, WI",Columbus,3,55133,,"Milwaukee-Waukesha, WI","JPMorgan Chase Bank, National Association",Muskego,NY,2023_628_2876
43240,DIF,N,United States,53188,OCC,33340,207574,Ohio,03/01/1983,2023,Comptroller of the Currency,11,55,100.0,9,0,United States,JPMORGAN CHASE & CO.,0,6,0,2068042000,,Waukesha,MULT,CB,EXACT,,FED,0,,0,1111 Polaris Pkwy,376,210188,1039502,133,628,42.9891780125858,OH,1,CALL,0,Chicago,852218,Fox Run Branch,1,,Waukesha,INTERNATIONAL,Large Bank,,11/13/2004,0,2877,0,WI,1,Wisconsin,4,OCC,Cleveland,3382195000,,0,2302 W Saint Paul Ave,-88.2670910136155,,NEW YORK,39041,"Milwaukee-Racine-Waukesha, WI",Columbus,3,55133,,"Milwaukee-Waukesha, WI","JPMorgan Chase Bank, National Association",Waukesha,NY,2023_628_2877
43240,DIF,N,United States,53132,OCC,33340,207531,Ohio,02/14/1990,2023,Comptroller of the Currency,11,55,100.0,9,0,United States,JPMORGAN CHASE & CO.,0,6,0,2068042000,,Franklin,MULT,CB,EXACT,,FED,0,,0,1111 Polaris Pkwy,376,215345,1039502,79,628,42.9157349806818,OH,1,CALL,0,Chicago,852218,Franklin 76Th Street Branch,1,,Milwaukee,INTERNATIONAL,Large Bank,,11/13/2004,0,2878,0,WI,1,Wisconsin,4,OCC,Cleveland,3382195000,,0,7100 S 76th St,-88.0086610131006,,NEW YORK,39041,"Milwaukee-Racine-Waukesha, WI",Columbus,3,55079,,"Milwaukee-Waukesha, WI","JPMorgan Chase Bank, National Association",Franklin,NY,2023_628_2878
43240,DIF,N,United States,53220,OCC,33340,207532,Ohio,02/14/1991,2023,Comptroller of the Currency,11,55,100.0,9,0,United States,JPMORGAN CHASE & CO.,0,6,0,2068042000,,Milwaukee,MULT,CB,EXACT,,FED,0,,0,1111 Polaris Pkwy,376,147166,1039502,79,628,42.9814970041539,OH,1,CALL,0,Chicago,852218,76Th & Morgan Branch,1,,Milwaukee,INTERNATIONAL,Large Bank,,11/13/2004,0,2879,0,WI,1,Wisconsin,4,OCC,Cleveland,3382195000,,0,7606 W Morgan Ave,-88.0083679817656,,NEW YORK,39041,"Milwaukee-Racine-Waukesha, WI",Columbus,3,55079,,"Milwaukee-Waukesha, WI","JPMorgan Chase Bank, National Association",Milwaukee,NY,2023_628_2879
43240,DIF,N,United States,53221,OCC,33340,207533,Ohio,02/14/1992,2023,Comptroller of the Currency,11,55,100.0,9,0,United States,JPMORGAN CHASE & CO.,0,6,0,2068042000,,Milwaukee,MULT,CB,EXACT,,FED,0,,0,1111 Polaris Pkwy,376,136917,1039502,79,628,42.9787960196747,OH,1,CALL,0,Chicago,852218,27Th And Loomis Branch,1,,Milwaukee,INTERNATIONAL,Large Bank,,11/13/2004,0,2880,0,WI,1,Wisconsin,4,OCC,Cleveland,3382195000,,0,3605 S 27th St,-87.9490189943225,,NEW YORK,39041,"Milwaukee-Racine-Waukesha, WI",Columbus,3,55079,,"Milwaukee-Waukesha, WI","JPMorgan Chase Bank, National Association",Milwaukee,NY,2023_628_2880
43240,DIF,N,United States,54935,OCC,22540,8110,Ohio,01/01/1902,2023,Comptroller of the Currency,11,55,100.0,9,0,United States,JPMORGAN CHASE & CO.,0,6,0,2068042000,,Fond du Lac,MULT,CB,EXACT,,FED,0,,0,1111 Polaris Pkwy,0,163596,1039502,39,628,43.7786630186153,OH,1,CALL,0,Chicago,852218,Fond Du Lac Main Office Branch,1,,Fond Du Lac,INTERNATIONAL,Large Bank,,11/13/2004,0,2881,0,WI,1,Wisconsin,4,OCC,Cleveland,3382195000,,0,8 S Main St,-88.4473350404051,,NEW YORK,39041,,Columbus,3,55039,,"Fond du Lac, WI","JPMorgan Chase Bank, National Association",Fond Du Lac,NY,2023_628_2881
43240,DIF,N,United States,54903,OCC,36780,207553,Ohio,05/13/1974,2023,Comptroller of the Currency,11,55,100.0,9,0,United States,JPMORGAN CHASE & CO.,0,6,0,2068042000,,Oshkosh,MULT,CB,M,,FED,0,,0,1111 Polaris Pkwy,118,103865,1039502,139,628,43.9959000000001,OH,1,CALL,0,Chicago,852218,Oshkosh West Branch,1,,Winnebago,INTERNATIONAL,Large Bank,,11/13/2004,0,2884,0,WI,1,Wisconsin,4,OCC,Cleveland,3382195000,,0,2280 Wisconsin State Road 44,-88.56311,,NEW YORK,39041,"Appleton-Oshkosh-Neenah, WI",Columbus,3,55139,,"Oshkosh-Neenah, WI","JPMorgan Chase Bank, National Association",Oshkosh,NY,2023_628_2884
43240,DIF,N,United States,53406,OCC,39540,3586,Ohio,01/01/1853,2023,Comptroller of the Currency,11,55,US_Streets,9,0,United States,JPMORGAN CHASE & CO.,0,6,0,2068042000,,Racine,MULT,CB,M,,FED,0,,0,1111 Polaris Pkwy,376,187519,1039502,101,628,42.718903,OH,1,CALL,0,Chicago,852218,Mount Pleasant Branch,1,,Racine,INTERNATIONAL,Large Bank,,11/13/2004,0,2886,0,WI,1,Wisconsin,4,OCC,Cleveland,3382195000,,0,5815 Twenty-First Street,-87.850841,,NEW YORK,39041,"Milwaukee-Racine-Waukesha, WI",Columbus,3,55101,,"Racine-Mount Pleasant, WI","JPMorgan Chase Bank, National Association",Racine,NY,2023_628_2886
43240,DIF,N,United States,53402,OCC,39540,260501,Ohio,02/15/1993,2023,Comptroller of the Currency,11,55,100.0,9,0,United States,JPMORGAN CHASE & CO.,0,6,0,2068042000,,Racine,MULT,CB,EXACT,,FED,0,,0,1111 Polaris Pkwy,376,82435,1039502,101,628,42.7834959993062,OH,1,CALL,0,Chicago,852218,Racine North  Branch,1,,Racine,INTERNATIONAL,Large Bank,,11/13/2004,0,2887,0,WI,1,Wisconsin,4,OCC,Cleveland,3382195000,,0,4930 Douglas Ave,-87.8093410319692,,NEW YORK,39041,"Milwaukee-Racine-Waukesha, WI",Columbus,3,55101,,"Racine-Mount Pleasant, WI","JPMorgan Chase Bank, National Association",Racine,NY,2023_628_2887
43240,DIF,N,United States,53158,OCC,28450,207467,Ohio,05/07/1969,2023,Comptroller of the Currency,11,55,100.0,9,0,United States,JPMORGAN CHASE & CO.,0,6,0,2068042000,,Pleasant Prairie,MULT,CB,EXACT,,FED,0,,0,1111 Polaris Pkwy,176,138083,1039502,59,628,42.5279430032372,OH,1,CALL,0,Chicago,852218,Pleasant Prairie Branch,1,,Kenosha,INTERNATIONAL,Large Bank,,11/13/2004,0,2889,0,WI,1,Wisconsin,4,OCC,Cleveland,3382195000,,0,9900 39th Ave,-87.8546339868822,,NEW YORK,39041,"Chicago-Naperville, IL-IN-WI",Columbus,3,55059,,"Kenosha, WI","JPMorgan Chase Bank, National Association",Pleasant Prairie,NY,2023_628_2889
43240,DIF,N,United States,53104,OCC,28450,207468,Ohio,07/12/1971,2023,Comptroller of the Currency,11,55,100.0,9,0,United States,JPMORGAN CHASE & CO.,0,6,0,2068042000,,Bristol,MULT,CB,EXACT,,FED,0,,0,1111 Polaris Pkwy,176,202398,1039502,59,628,42.5677440094611,OH,1,CALL,0,Chicago,852218,Bristol Branch,1,,Kenosha,INTERNATIONAL,Large Bank,,11/13/2004,0,2890,0,WI,1,Wisconsin,4,OCC,Cleveland,3382195000,,0,7510 Bristol Rd,-88.0476190094126,,NEW YORK,39041,"Chicago-Naperville, IL-IN-WI",Columbus,3,55059,,"Kenosha, WI","JPMorgan Chase Bank, National Association",Bristol,NY,2023_628_2890
43240,DIF,N,United States,53142,OCC,28450,207469,Ohio,06/10/1985,2023,Comptroller of the Currency,11,55,100.0,9,0,United States,JPMORGAN CHASE & CO.,0,6,0,2068042000,,Kenosha,MULT,CB,EXACT,,FED,0,,0,1111 Polaris Pkwy,176,179588,1039502,59,628,42.5584400131173,OH,1,CALL,0,Chicago,852218,Kenosha South Branch,1,,Kenosha,INTERNATIONAL,Large Bank,,11/13/2004,0,2891,0,WI,1,Wisconsin,4,OCC,Cleveland,3382195000,,0,3611 80th St,-87.8521769996044,,NEW YORK,39041,"Chicago-Naperville, IL-IN-WI",Columbus,3,55059,,"Kenosha, WI","JPMorgan Chase Bank, National Association",Kenosha,NY,2023_628_2891
43240,DIF,N,United States,53140,OCC,28450,207470,Ohio,08/19/1985,2023,Comptroller of the Currency,11,55,100.0,9,0,United States,JPMORGAN CHASE & CO.,0,6,0,2068042000,,Kenosha,MULT,CB,EXACT,,FED,0,,0,1111 Polaris Pkwy,176,353814,1039502,59,628,42.6023160072986,OH,1,CALL,0,Chicago,852218,Kenosha North Branch,1,,Kenosha,INTERNATIONAL,Large Bank,,11/13/2004,0,2892,0,WI,1,Wisconsin,4,OCC,Cleveland,3382195000,,0,2901 Washington Rd,-87.8448849952989,,NEW YORK,39041,"Chicago-Naperville, IL-IN-WI",Columbus,3,55059,,"Kenosha, WI","JPMorgan Chase Bank, National Association",Kenosha,NY,2023_628_2892
43240,DIF,N,United States,54481,OCC,0,3592,Ohio,07/13/1893,2023,Comptroller of the Currency,11,55,100.0,9,0,United States,JPMORGAN CHASE & CO.,0,6,0,2068042000,,Stevens Point,MULT,CB,EXACT,,FED,0,,0,1111 Polaris Pkwy,554,204029,1039502,97,628,44.5231359892167,OH,1,CALL,0,Chicago,852218,Stevens Point Main Office Branch,0,,Portage,INTERNATIONAL,Large Bank,,11/13/2004,1,2893,0,WI,1,Wisconsin,4,OCC,Cleveland,3382195000,,0,601 Main St,-89.5879399821106,,NEW YORK,39041,"Wausau-Stevens Point-Wisconsin Rapids, WI",Columbus,3,55097,,,"JPMorgan Chase Bank, National Association",Stevens Point,NY,2023_628_2893
43240,DIF,N,United States,54409,OCC,0,7408,Ohio,01/25/1909,2023,Comptroller of the Currency,11,55,100.0,9,0,United States,JPMORGAN CHASE & CO.,0,6,0,2068042000,,Antigo,MULT,CB,EXACT,,FED,0,,0,1111 Polaris Pkwy,0,54953,1039502,67,628,45.1407530042998,OH,1,CALL,0,Chicago,852218,Antigo Main Branch,0,,Langlade,INTERNATIONAL,Large Bank,,11/13/2004,0,2894,0,WI,1,Wisconsin,4,OCC,Cleveland,3382195000,,0,700 5th Ave,-89.1525590369257,,NEW YORK,39041,,Columbus,3,55067,,,"JPMorgan Chase Bank, National Association",Antigo,NY,2023_628_2894
43240,DIF,N,United States,54911,OCC,11540,13356,Ohio,02/28/1966,2023,Comptroller of the Currency,11,55,100.0,9,0,United States,JPMORGAN CHASE & CO.,0,6,0,2068042000,,Appleton,MULT,CB,EXACT,,FED,0,,0,1111 Polaris Pkwy,118,362778,1039502,87,628,44.2621589797838,OH,1,CALL,0,Chicago,852218,Appleton Main Branch,1,,Outagamie,INTERNATIONAL,Large Bank,,11/13/2004,0,2895,0,WI,1,Wisconsin,4,OCC,Cleveland,3382195000,,0,200 W College Ave,-88.4075680227985,,NEW YORK,39041,"Appleton-Oshkosh-Neenah, WI",Columbus,3,55087,,"Appleton, WI","JPMorgan Chase Bank, National Association",Appleton,NY,2023_628_2895
43240,DIF,N,United States,54913,OCC,11540,270776,Ohio,06/30/1985,2023,Comptroller of the Currency,11,55,100.0,9,0,United States,JPMORGAN CHASE & CO.,0,6,0,2068042000,,Appleton,MULT,CB,EXACT,,FED,0,,0,1111 Polaris Pkwy,118,72787,1039502,87,628,44.2725009910169,OH,1,CALL,0,Chicago,852218,Fox River Mall Branch,1,,Outagamie,INTERNATIONAL,Large Bank,,11/13/2004,0,2899,0,WI,1,Wisconsin,4,OCC,Cleveland,3382195000,,0,4401 W Wisconsin Ave,-88.4728700055149,,NEW YORK,39041,"Appleton-Oshkosh-Neenah, WI",Columbus,3,55087,,"Appleton, WI","JPMorgan Chase Bank, National Association",Appleton,NY,2023_628_2899
43240,DIF,N,United States,54956,OCC,36780,3577,Ohio,11/01/1881,2023,Comptroller of the Currency,11,55,100.0,9,0,United States,JPMORGAN CHASE & CO.,0,6,0,2068042000,,Neenah,MULT,CB,EXACT,,FED,0,,0,1111 Polaris Pkwy,118,125008,1039502,139,628,44.1858119956152,OH,1,CALL,0,Chicago,852218,Neenah Branch,1,,Winnebago,INTERNATIONAL,Large Bank,,11/13/2004,0,2901,0,WI,1,Wisconsin,4,OCC,Cleveland,3382195000,,0,111 E Wisconsin Ave,-88.4611009752662,,NEW YORK,39041,"Appleton-Oshkosh-Neenah, WI",Columbus,3,55139,,"Oshkosh-Neenah, WI","JPMorgan Chase Bank, National Association",Neenah,NY,2023_628_2901
43240,DIF,N,United States,53121,OCC,0,3558,Ohio,03/09/1865,2023,Comptroller of the Currency,11,55,100.0,9,0,United States,JPMORGAN CHASE & CO.,0,6,0,2068042000,,Elkhorn,MULT,CB,EXACT,,FED,0,,0,1111 Polaris Pkwy,376,113434,1039502,127,628,42.67270601479,OH,1,CALL,0,Chicago,852218,Elkhorn Main Office Branch,0,,Walworth,INTERNATIONAL,Large Bank,,11/13/2004,1,2906,0,WI,1,Wisconsin,4,OCC,Cleveland,3382195000,,0,38 N Washington St,-88.5426159894758,,NEW YORK,39041,"Milwaukee-Racine-Waukesha, WI",Columbus,3,55127,,,"JPMorgan Chase Bank, National Association",Elkhorn,NY,2023_628_2906
43240,DIF,N,United States,53147,OCC,0,207444,Ohio,05/22/1995,2023,Comptroller of the Currency,11,55,100.0,9,0,United States,JPMORGAN CHASE & CO.,0,6,0,2068042000,,Lake Geneva,MULT,CB,EXACT,,FED,0,,0,1111 Polaris Pkwy,376,118111,1039502,127,628,42.595056985782,OH,1,CALL,0,Chicago,852218,Lake Geneva Branch,0,,Walworth,INTERNATIONAL,Large Bank,,11/13/2004,1,2908,0,WI,1,Wisconsin,4,OCC,Cleveland,3382195000,,0,426 Center St,-88.4340170344496,,NEW YORK,39041,"Milwaukee-Racine-Waukesha, WI",Columbus,3,55127,,,"JPMorgan Chase Bank, National Association",Lake Geneva,NY,2023_628_2908
43240,DIF,N,United States,54301,OCC,24580,7843,Ohio,12/31/1919,2023,Comptroller of the Currency,11,55,100.0,9,0,United States,JPMORGAN CHASE & CO.,0,6,0,2068042000,,Green Bay,MULT,CB,EXACT,,FED,0,,0,1111 Polaris Pkwy,267,124753,1039502,9,628,44.512412014656,OH,1,CALL,0,Chicago,852218,Green Bay Main Office Branch,1,,Brown,INTERNATIONAL,Large Bank,,11/13/2004,0,2909,0,WI,1,Wisconsin,4,OCC,Cleveland,3382195000,,0,200 S Adams St,-88.0160929951892,,NEW YORK,39041,"Green Bay-Shawano, WI",Columbus,3,55009,,"Green Bay, WI","JPMorgan Chase Bank, National Association",Green Bay,NY,2023_628_2909
43240,DIF,N,United States,54301,OCC,24580,227889,Ohio,03/29/1968,2023,Comptroller of the Currency,11,55,100.0,9,0,United States,JPMORGAN CHASE & CO.,0,6,0,2068042000,,Green Bay,MULT,CB,EXACT,,FED,0,,0,1111 Polaris Pkwy,267,66186,1039502,9,628,44.4704320069731,OH,1,CALL,0,Chicago,852218,Allouez Branch,1,,Brown,INTERNATIONAL,Large Bank,,11/13/2004,0,2911,0,WI,1,Wisconsin,4,OCC,Cleveland,3382195000,,0,2635 Libal St,-88.0207659900285,,NEW YORK,39041,"Green Bay-Shawano, WI",Columbus,3,55009,,"Green Bay, WI","JPMorgan Chase Bank, National Association",Green Bay,NY,2023_628_2911
43240,DIF,N,United States,54303,OCC,24580,227890,Ohio,05/02/1983,2023,Comptroller of the Currency,11,55,100.0,9,0,United States,JPMORGAN CHASE & CO.,0,6,0,2068042000,,Green Bay,MULT,CB,EXACT,,FED,0,,0,1111 Polaris Pkwy,267,159576,1039502,9,628,44.5256309884254,OH,1,CALL,0,Chicago,852218,Green Bay West Branch,1,,Brown,INTERNATIONAL,Large Bank,,11/13/2004,0,2913,0,WI,1,Wisconsin,4,OCC,Cleveland,3382195000,,0,911 Packerland Dr,-88.0986000076395,,NEW YORK,39041,"Green Bay-Shawano, WI",Columbus,3,55009,,"Green Bay, WI","JPMorgan Chase Bank, National Association",Green Bay,NY,2023_628_2913
43240,DIF,N,United States,54304,OCC,24580,226854,Ohio,11/01/1991,2023,Comptroller of the Currency,11,55,100.0,9,0,United States,JPMORGAN CHASE & CO.,0,6,0,2068042000,,Green Bay,MULT,CB,EXACT,,FED,0,,0,1111 Polaris Pkwy,267,148059,1039502,9,628,44.483192993553,OH,1,CALL,0,Chicago,852218,Ashwaubenon Branch,1,,Brown,INTERNATIONAL,Large Bank,,11/13/2004,0,2916,0,WI,1,Wisconsin,4,OCC,Cleveland,3382195000,,0,935 Pilgrim Way,-88.0727300178598,,NEW YORK,39041,"Green Bay-Shawano, WI",Columbus,3,55009,,"Green Bay, WI","JPMorgan Chase Bank, National Association",Green Bay,NY,2023_628_2916
43240,DIF,N,United States,53548,OCC,27500,13700,Ohio,05/05/1969,2023,Comptroller of the Currency,11,55,100.0,9,0,United States,JPMORGAN CHASE & CO.,0,6,0,2068042000,,Janesville,MULT,CB,EXACT,,FED,0,,0,1111 Polaris Pkwy,357,145734,1039502,105,628,42.6800869929977,OH,1,CALL,0,Chicago,852218,Westside Branch,1,,Rock,INTERNATIONAL,Large Bank,,11/13/2004,0,2919,0,WI,1,Wisconsin,4,OCC,Cleveland,3382195000,,0,18 N Arch St,-89.044718979413,,NEW YORK,39041,"Madison-Janesville-Beloit, WI",Columbus,3,55105,,"Janesville-Beloit, WI","JPMorgan Chase Bank, National Association",Janesville,NY,2023_628_2919
43240,DIF,N,United States,53546,OCC,27500,207461,Ohio,11/17/1986,2023,Comptroller of the Currency,11,55,100.0,9,0,United States,JPMORGAN CHASE & CO.,0,6,0,2068042000,,Janesville,MULT,CB,EXACT,,FED,0,,0,1111 Polaris Pkwy,357,135967,1039502,105,628,42.6994579903313,OH,1,CALL,0,Chicago,852218,Eastside Branch,1,,Rock,INTERNATIONAL,Large Bank,,11/13/2004,0,2920,0,WI,1,Wisconsin,4,OCC,Cleveland,3382195000,,0,1201 N Wright Rd,-88.9740659897095,,NEW YORK,39041,"Madison-Janesville-Beloit, WI",Columbus,3,55105,,"Janesville-Beloit, WI","JPMorgan Chase Bank, National Association",Janesville,NY,2023_628_2920
43240,DIF,N,United States,53704,OCC,31540,226872,Ohio,05/15/1969,2023,Comptroller of the Currency,11,55,100.0,9,0,United States,JPMORGAN CHASE & CO.,0,6,0,2068042000,,Madison,MULT,CB,EXACT,,FED,0,,0,1111 Polaris Pkwy,357,381780,1039502,25,628,43.124680990877,OH,1,CALL,0,Chicago,852218,East Towne Branch,1,,Dane,INTERNATIONAL,Large Bank,,11/13/2004,0,2922,0,WI,1,Wisconsin,4,OCC,Cleveland,3382195000,,0,4225 E Towne Blvd,-89.3091189904647,,NEW YORK,39041,"Madison-Janesville-Beloit, WI",Columbus,3,55025,,"Madison, WI","JPMorgan Chase Bank, National Association",Madison,NY,2023_628_2922
43240,DIF,N,United States,53717,OCC,31540,226875,Ohio,11/28/1988,2023,Comptroller of the Currency,11,55,100.0,9,0,United States,JPMORGAN CHASE & CO.,0,6,0,2068042000,,Madison,MULT,CB,EXACT,,FED,0,,0,1111 Polaris Pkwy,357,426206,1039502,25,628,43.0739550120542,OH,1,CALL,0,Chicago,852218,Sauk Creek Branch,1,,Dane,INTERNATIONAL,Large Bank,,11/13/2004,0,2925,0,WI,1,Wisconsin,4,OCC,Cleveland,3382195000,,0,602 N High Point Rd,-89.5192500341308,,NEW YORK,39041,"Madison-Janesville-Beloit, WI",Columbus,3,55025,,"Madison, WI","JPMorgan Chase Bank, National Association",Madison,NY,2023_628_2925
43240,DIF,N,United States,53703,OCC,31540,192707,Ohio,01/15/1999,2023,Comptroller of the Currency,11,55,100.0,9,0,United States,JPMORGAN CHASE & CO.,0,6,0,2068042000,,Madison,MULT,CB,EXACT,,FED,0,,0,1111 Polaris Pkwy,357,365363,1039502,25,628,43.0762439840828,OH,1,CALL,0,Chicago,852218,Capitol Branch,1,,Dane,INTERNATIONAL,Large Bank,,11/13/2004,0,2926,0,WI,1,Wisconsin,4,OCC,Cleveland,3382195000,,0,22 E Mifflin St,-89.3848240046691,,NEW YORK,39041,"Madison-Janesville-Beloit, WI",Columbus,3,55025,,"Madison, WI","JPMorgan Chase Bank, National Association",Madison,NY,2023_628_2926
43240,DIF,N,United States,53154,OCC,33340,192708,Ohio,07/26/1999,2023,Comptroller of the Currency,11,55,100.0,9,0,United States,JPMORGAN CHASE & CO.,0,6,0,2068042000,,Oak Creek,MULT,CB,EXACT,,FED,0,,0,1111 Polaris Pkwy,376,242519,1039502,79,628,42.8998669902328,OH,1,CALL,0,Chicago,852218,Oak Creek Branch,1,,Milwaukee,INTERNATIONAL,Large Bank,,11/13/2004,0,2927,0,WI,1,Wisconsin,4,OCC,Cleveland,3382195000,,0,7980 S Howell Ave,-87.9107879604729,,NEW YORK,39041,"Milwaukee-Racine-Waukesha, WI",Columbus,3,55079,,"Milwaukee-Waukesha, WI","JPMorgan Chase Bank, National Association",Oak Creek,NY,2023_628_2927
43240,DIF,N,United States,54915,OCC,11540,426521,Ohio,02/18/2004,2023,Comptroller of the Currency,11,55,100.0,9,0,United States,JPMORGAN CHASE & CO.,0,6,0,2068042000,,Appleton,MULT,CB,EXACT,,FED,0,,0,1111 Polaris Pkwy,118,112396,1039502,15,628,44.2432660023883,OH,1,CALL,0,Chicago,852218,Calumet And Interstate 441 Banking Center Branch,1,,Calumet,INTERNATIONAL,Large Bank,,11/13/2004,0,3378,0,WI,1,Wisconsin,4,OCC,Cleveland,3382195000,,0,3505 E Calumet St,-88.3539810070554,,NEW YORK,39041,"Appleton-Oshkosh-Neenah, WI",Columbus,3,55015,,"Appleton, WI","JPMorgan Chase Bank, National Association",Appleton,NY,2023_628_3378
43240,DIF,N,United States,53713,OCC,31540,596202,Ohio,01/22/2018,2023,Comptroller of the Currency,11,55,100.0,9,0,United States,JPMORGAN CHASE & CO.,0,6,0,2068042000,,Madison,MULT,CB,EXACT,,FED,0,,0,1111 Polaris Pkwy,357,74082,1039502,25,628,43.0467370026963,OH,1,CALL,0,Chicago,852218,Monona Branch,1,,Dane,INTERNATIONAL,Large Bank,,,0,8055,0,WI,1,Wisconsin,4,OCC,Cleveland,3382195000,,0,2251 W Broadway,-89.351203017566,,NEW YORK,39041,"Madison-Janesville-Beloit, WI",Columbus,3,55025,,"Madison, WI","JPMorgan Chase Bank, National Association",Monona,NY,2023_628_8055
43240,DIF,N,United States,53590,OCC,31540,629444,Ohio,07/07/2020,2023,Comptroller of the Currency,11,55,100.0,9,0,United States,JPMORGAN CHASE & CO.,0,6,0,2068042000,,Sun Prairie,MULT,CB,EXACT,,FED,0,,0,1111 Polaris Pkwy,357,30696,1039502,25,628,43.1714919922741,OH,1,CALL,0,Chicago,852218,Sun Prairie Branch,1,,Dane,INTERNATIONAL,Large Bank,,,0,8606,0,WI,1,Wisconsin,4,OCC,Cleveland,3382195000,,0,620 Spring St,-89.2644560193943,,NEW YORK,39041,"Madison-Janesville-Beloit, WI",Columbus,3,55025,,"Madison, WI","JPMorgan Chase Bank, National Association",Sun Prairie,NY,2023_628_8606
43240,DIF,N,United States,53217,OCC,33340,629488,Ohio,12/08/2020,2023,Comptroller of the Currency,11,55,100.0,9,0,United States,JPMORGAN CHASE & CO.,0,6,0,2068042000,,Milwaukee,MULT,CB,EXACT,,FED,0,,0,1111 Polaris Pkwy,376,15557,1039502,79,628,43.1183070145167,OH,1,CALL,0,Chicago,852218,Whitefish Bay Branch,1,,Milwaukee,INTERNATIONAL,Large Bank,,,0,8615,0,WI,1,Wisconsin,4,OCC,Cleveland,3382195000,,0,209 W Silver Spring Dr,-87.9119829684086,,NEW YORK,39041,"Milwaukee-Racine-Waukesha, WI",Columbus,3,55079,,"Milwaukee-Waukesha, WI","JPMorgan Chase Bank, National Association",Glendale,NY,2023_628_8615
43240,DIF,N,United States,53705,OCC,31540,655252,Ohio,03/28/2023,2023,Comptroller of the Currency,11,55,100.0,9,0,United States,JPMORGAN CHASE & CO.,0,6,0,2068042000,,Madison,MULT,CB,StreetAddress,,FED,0,,0,1111 Polaris Pkwy,357,3822,1039502,25,628,43.0749112191043,OH,1,CALL,0,Chicago,852218,Hilldale Mall Branch,1,,Dane,INTERNATIONAL,Large Bank,,,0,8977,0,WI,1,Wisconsin,4,OCC,Cleveland,3382195000,,0,758 N Midvale Blvd,-89.4513384126691,,NEW YORK,39041,"Madison-Janesville-Beloit, WI",Columbus,3,55025,,"Madison, WI","JPMorgan Chase Bank, National Association",Madison,NY,2023_628_8977
19801,DIF,N,United States,53235,OCC,33340,42060,Delaware,01/01/1923,2023,Comptroller of the Currency,11,55,100.0,2,0,United States,"PNC FINANCIAL SERVICES GROUP, INC., THE",0,6,0,434510625,,Saint Francis,ONE,CB,EXACT,,FED,0,,0,222 Delaware Ave,376,116569,1069778,79,6384,42.979906999031,DE,4,CALL,0,New York,817824,Kinnickinnic Branch,1,,Milwaukee,COMMERCIAL LENDING,Large Bank,,11/06/2009,0,3607,0,WI,1,Wisconsin,3,OCC,Philadelphia,554128320,,0,3545 S Kinnickinnic Ave,-87.8793659656678,,PITTSBURGH,10003,"Milwaukee-Racine-Waukesha, WI",Wilmington,3,55079,,"Milwaukee-Waukesha, WI","PNC Bank, National Association",Milwaukee,PA,2023_6384_3607
19801,DIF,N,United States,53150,OCC,33340,273761,Delaware,01/01/1923,2023,Comptroller of the Currency,11,55,100.0,2,0,United States,"PNC FINANCIAL SERVICES GROUP, INC., THE",0,6,0,434510625,,Muskego,ONE,CB,EXACT,,FED,0,,0,222 Delaware Ave,376,89384,1069778,133,6384,42.9090820126743,DE,4,CALL,0,New York,817824,Muskego Branch,1,,Waukesha,COMMERCIAL LENDING,Large Bank,,11/06/2009,0,3608,0,WI,1,Wisconsin,3,OCC,Philadelphia,554128320,,0,S74w17100 Janesville Rd,-88.1289050300275,,PITTSBURGH,10003,"Milwaukee-Racine-Waukesha, WI",Wilmington,3,55133,,"Milwaukee-Waukesha, WI","PNC Bank, National Association",Muskego,PA,2023_6384_3608
19801,DIF,N,United States,53226,OCC,33340,273762,Delaware,01/01/1923,2023,Comptroller of the Currency,11,55,100.0,2,0,United States,"PNC FINANCIAL SERVICES GROUP, INC., THE",0,6,0,434510625,,Milwaukee,ONE,CB,EXACT,,FED,0,,0,222 Delaware Ave,376,67804,1069778,79,6384,43.0612990088115,DE,4,CALL,0,New York,817824,Elmbrook Branch,1,,Milwaukee,COMMERCIAL LENDING,Large Bank,,11/06/2009,0,3609,0,WI,1,Wisconsin,3,OCC,Philadelphia,554128320,,0,2360 N 124th St,-88.0662750304054,,PITTSBURGH,10003,"Milwaukee-Racine-Waukesha, WI",Wilmington,3,55079,,"Milwaukee-Waukesha, WI","PNC Bank, National Association",Wauwatosa,PA,2023_6384_3609
19801,DIF,N,United States,53129,OCC,33340,273765,Delaware,01/01/1923,2023,Comptroller of the Currency,11,55,100.0,2,0,United States,"PNC FINANCIAL SERVICES GROUP, INC., THE",0,6,0,434510625,,Greendale,ONE,CB,EXACT,,FED,0,,0,222 Delaware Ave,376,98122,1069778,79,6384,42.9451650161972,DE,4,CALL,0,New York,817824,Greendale Branch,1,,Milwaukee,COMMERCIAL LENDING,Large Bank,,11/06/2009,0,3610,0,WI,1,Wisconsin,3,OCC,Philadelphia,554128320,,0,5499 S 76th St,-88.009269036357,,PITTSBURGH,10003,"Milwaukee-Racine-Waukesha, WI",Wilmington,3,55079,,"Milwaukee-Waukesha, WI","PNC Bank, National Association",Greendale,PA,2023_6384_3610
19801,DIF,N,United States,53110,OCC,33340,273766,Delaware,01/01/1923,2023,Comptroller of the Currency,11,55,100.0,2,0,United States,"PNC FINANCIAL SERVICES GROUP, INC., THE",0,6,0,434510625,,Cudahy,ONE,CB,EXACT,,FED,0,,0,222 Delaware Ave,376,83483,1069778,79,6384,42.9347080052526,DE,4,CALL,0,New York,817824,Cudahy Branch,1,,Milwaukee,COMMERCIAL LENDING,Large Bank,,11/06/2009,0,3611,0,WI,1,Wisconsin,3,OCC,Philadelphia,554128320,,0,6042 S Packard Ave,-87.8605640157408,,PITTSBURGH,10003,"Milwaukee-Racine-Waukesha, WI",Wilmington,3,55079,,"Milwaukee-Waukesha, WI","PNC Bank, National Association",Cudahy,PA,2023_6384_3611
19801,DIF,N,United States,53214,OCC,33340,273769,Delaware,01/01/1923,2023,Comptroller of the Currency,11,55,100.0,2,0,United States,"PNC FINANCIAL SERVICES GROUP, INC., THE",0,6,0,434510625,,Milwaukee,ONE,CB,EXACT,,FED,0,,0,222 Delaware Ave,376,113847,1069778,79,6384,43.0170120080081,DE,4,CALL,0,New York,817824,West Allis Branch,1,,Milwaukee,COMMERCIAL LENDING,Large Bank,,11/06/2009,0,3614,0,WI,1,Wisconsin,3,OCC,Philadelphia,554128320,,0,9330 W Greenfield Ave,-88.029015962048,,PITTSBURGH,10003,"Milwaukee-Racine-Waukesha, WI",Wilmington,3,55079,,"Milwaukee-Waukesha, WI","PNC Bank, National Association",West Allis,PA,2023_6384_3614
19801,DIF,N,United States,53213,OCC,33340,273771,Delaware,01/01/1923,2023,Comptroller of the Currency,11,55,100.0,2,0,United States,"PNC FINANCIAL SERVICES GROUP, INC., THE",0,6,0,434510625,,Milwaukee,ONE,CB,EXACT,,FED,0,,0,222 Delaware Ave,376,45137,1069778,79,6384,43.0470320037785,DE,4,CALL,0,New York,817824,Tosa Village Branch,1,,Milwaukee,COMMERCIAL LENDING,Large Bank,,11/06/2009,0,3615,0,WI,1,Wisconsin,3,OCC,Philadelphia,554128320,,0,6900 W State St,-87.9983530323945,,PITTSBURGH,10003,"Milwaukee-Racine-Waukesha, WI",Wilmington,3,55079,,"Milwaukee-Waukesha, WI","PNC Bank, National Association",Wauwatosa,PA,2023_6384_3615
19801,DIF,N,United States,53186,OCC,33340,273772,Delaware,06/30/1987,2023,Comptroller of the Currency,11,55,100.0,2,0,United States,"PNC FINANCIAL SERVICES GROUP, INC., THE",0,6,0,434510625,,Waukesha,ONE,CB,EXACT,,FED,0,,0,222 Delaware Ave,376,80655,1069778,133,6384,43.0283720013818,DE,4,CALL,0,New York,817824,Waukesha Branch,1,,Waukesha,COMMERCIAL LENDING,Large Bank,,11/06/2009,0,3616,0,WI,1,Wisconsin,3,OCC,Philadelphia,554128320,,0,2116 E Moreland Blvd,-88.1870870050914,,PITTSBURGH,10003,"Milwaukee-Racine-Waukesha, WI",Wilmington,3,55133,,"Milwaukee-Waukesha, WI","PNC Bank, National Association",Waukesha,PA,2023_6384_3616
19801,DIF,N,United States,53151,OCC,33340,273773,Delaware,06/30/1989,2023,Comptroller of the Currency,11,55,100.0,2,0,United States,"PNC FINANCIAL SERVICES GROUP, INC., THE",0,6,0,434510625,,New Berlin,ONE,CB,EXACT,,FED,0,,0,222 Delaware Ave,376,81333,1069778,133,6384,42.978367997789,DE,4,CALL,0,New York,817824,New Berlin Branch,1,,Waukesha,COMMERCIAL LENDING,Large Bank,,11/06/2009,0,3617,0,WI,1,Wisconsin,3,OCC,Philadelphia,554128320,,0,3670 S Moorland Rd,-88.1076220367605,,PITTSBURGH,10003,"Milwaukee-Racine-Waukesha, WI",Wilmington,3,55133,,"Milwaukee-Waukesha, WI","PNC Bank, National Association",New Berlin,PA,2023_6384_3617
19801,DIF,N,United States,53051,OCC,33340,220328,Delaware,09/16/1996,2023,Comptroller of the Currency,11,55,99.99,2,0,United States,"PNC FINANCIAL SERVICES GROUP, INC., THE",0,6,0,434510625,,Menomonee Falls,ONE,CB,EXACT,,FED,0,,0,222 Delaware Ave,376,67707,1069778,133,6384,43.1777150105581,DE,4,CALL,0,New York,817824,Menomonee Falls Branch,1,,Waukesha,COMMERCIAL LENDING,Large Bank,,11/06/2009,0,3620,0,WI,1,Wisconsin,3,OCC,Philadelphia,554128320,,0,N88 W16586 Appleton Ave,-88.1157030296119,,PITTSBURGH,10003,"Milwaukee-Racine-Waukesha, WI",Wilmington,3,55133,,"Milwaukee-Waukesha, WI","PNC Bank, National Association",Menomonee Falls,PA,2023_6384_3620
19801,DIF,N,United States,53215,OCC,33340,41304,Delaware,01/01/1922,2023,Comptroller of the Currency,11,55,100.0,2,0,United States,"PNC FINANCIAL SERVICES GROUP, INC., THE",0,6,0,434510625,,Milwaukee,ONE,CB,EXACT,,FED,0,,0,222 Delaware Ave,376,45593,1069778,79,6384,42.9815410091456,DE,4,CALL,0,New York,817824,Morgan Branch,1,,Milwaukee,COMMERCIAL LENDING,Large Bank,,11/06/2009,0,3624,0,WI,1,Wisconsin,3,OCC,Philadelphia,554128320,,0,3470 S 27th St,-87.9478280097003,,PITTSBURGH,10003,"Milwaukee-Racine-Waukesha, WI",Wilmington,3,55079,,"Milwaukee-Waukesha, WI","PNC Bank, National Association",Milwaukee,PA,2023_6384_3624
19801,DIF,N,United States,53147,OCC,0,445970,Delaware,12/01/2003,2023,Comptroller of the Currency,11,55,100.0,2,0,United States,"PNC FINANCIAL SERVICES GROUP, INC., THE",0,6,0,434510625,,Lake Geneva,ONE,CB,EXACT,,FED,0,,0,222 Delaware Ave,376,47248,1069778,127,6384,42.5943910016652,DE,4,CALL,0,New York,817824,Lake Geneva Branch,0,,Walworth,COMMERCIAL LENDING,Large Bank,,11/06/2009,1,3632,0,WI,1,Wisconsin,3,OCC,Philadelphia,554128320,,0,401 Broad St,-88.4349380379705,,PITTSBURGH,10003,"Milwaukee-Racine-Waukesha, WI",Wilmington,3,55127,,,"PNC Bank, National Association",Lake Geneva,PA,2023_6384_3632
19801,DIF,N,United States,53154,OCC,33340,445971,Delaware,12/01/2003,2023,Comptroller of the Currency,11,55,100.0,2,0,United States,"PNC FINANCIAL SERVICES GROUP, INC., THE",0,6,0,434510625,,Oak Creek,ONE,CB,EXACT,,FED,0,,0,222 Delaware Ave,376,51512,1069778,79,6384,42.8862310167804,DE,4,CALL,0,New York,817824,Oak Creek Branch,1,,Milwaukee,COMMERCIAL LENDING,Large Bank,,11/06/2009,0,3633,0,WI,1,Wisconsin,3,OCC,Philadelphia,554128320,,0,125 E Puetz Rd,-87.9112049601559,,PITTSBURGH,10003,"Milwaukee-Racine-Waukesha, WI",Wilmington,3,55079,,"Milwaukee-Waukesha, WI","PNC Bank, National Association",Oak Creek,PA,2023_6384_3633
19801,DIF,N,United States,53072,OCC,33340,445976,Delaware,06/23/2005,2023,Comptroller of the Currency,11,55,100.0,2,0,United States,"PNC FINANCIAL SERVICES GROUP, INC., THE",0,6,0,434510625,,Pewaukee,ONE,CB,EXACT,,FED,0,,0,222 Delaware Ave,376,46478,1069778,133,6384,43.0860469970322,DE,4,CALL,0,New York,817824,Pewaukee Branch,1,,Waukesha,COMMERCIAL LENDING,Large Bank,,11/06/2009,0,3637,0,WI,1,Wisconsin,3,OCC,Philadelphia,554128320,,0,395 Pewaukee Rd,-88.2257829831102,,PITTSBURGH,10003,"Milwaukee-Racine-Waukesha, WI",Wilmington,3,55133,,"Milwaukee-Waukesha, WI","PNC Bank, National Association",Pewaukee,PA,2023_6384_3637
19801,DIF,N,United States,53210,OCC,33340,480784,Delaware,06/30/2008,2023,Comptroller of the Currency,11,55,100.0,2,0,United States,"PNC FINANCIAL SERVICES GROUP, INC., THE",0,6,0,434510625,,Milwaukee,ONE,CB,EXACT,,FED,0,,0,222 Delaware Ave,376,19140,1069778,79,6384,43.0684559806569,DE,4,CALL,0,New York,817824,Lisbon Branch,1,,Milwaukee,COMMERCIAL LENDING,Large Bank,,11/06/2009,0,3690,0,WI,1,Wisconsin,3,OCC,Philadelphia,554128320,,0,6055 W Lisbon Ave,-87.9887219741888,,PITTSBURGH,10003,"Milwaukee-Racine-Waukesha, WI",Wilmington,3,55079,,"Milwaukee-Waukesha, WI","PNC Bank, National Association",Milwaukee,PA,2023_6384_3690
19801,DIF,N,United States,53202,OCC,33340,494313,Delaware,10/27/2008,2023,Comptroller of the Currency,11,55,100.0,2,0,United States,"PNC FINANCIAL SERVICES GROUP, INC., THE",0,6,0,434510625,,Milwaukee,ONE,CB,EXACT,,FED,0,,0,222 Delaware Ave,376,431415,1069778,79,6384,43.0381600107244,DE,4,CALL,0,New York,817824,411 Wisconsin Branch,1,,Milwaukee,COMMERCIAL LENDING,Large Bank,,11/06/2009,0,3706,0,WI,1,Wisconsin,3,OCC,Philadelphia,554128320,,0,411 E Wisconsin Ave,-87.9058780092308,,PITTSBURGH,10003,"Milwaukee-Racine-Waukesha, WI",Wilmington,3,55079,,"Milwaukee-Waukesha, WI","PNC Bank, National Association",Milwaukee,PA,2023_6384_3706
19801,DIF,N,United States,53216,OCC,33340,526212,Delaware,10/03/2011,2023,Comptroller of the Currency,11,55,100.0,2,0,United States,"PNC FINANCIAL SERVICES GROUP, INC., THE",0,6,0,434510625,,Milwaukee,ONE,CB,EXACT,,FED,0,,0,222 Delaware Ave,376,5054,1069778,79,6384,43.090207983316,DE,4,CALL,0,New York,817824,Midtown Branch,1,,Milwaukee,COMMERCIAL LENDING,Large Bank,,,0,3866,0,WI,1,Wisconsin,3,OCC,Philadelphia,554128320,,0,5216 W Capitol Dr,-87.9789709709487,,PITTSBURGH,10003,"Milwaukee-Racine-Waukesha, WI",Wilmington,3,55079,,"Milwaukee-Waukesha, WI","PNC Bank, National Association",Milwaukee,PA,2023_6384_3866
19801,DIF,N,United States,53217,OCC,33340,527015,Delaware,10/17/2011,2023,Comptroller of the Currency,11,55,100.0,2,0,United States,"PNC FINANCIAL SERVICES GROUP, INC., THE",0,6,0,434510625,,Milwaukee,ONE,CB,EXACT,,FED,0,,0,222 Delaware Ave,376,35240,1069778,79,6384,43.118790985606,DE,4,CALL,0,New York,817824,Whitefish Bay Branch,1,,Milwaukee,COMMERCIAL LENDING,Large Bank,,,0,3872,0,WI,1,Wisconsin,3,OCC,Philadelphia,554128320,,0,"130 W Silver Spring Dr, Ste 100",-87.9113969895576,,PITTSBURGH,10003,"Milwaukee-Racine-Waukesha, WI",Wilmington,3,55079,,"Milwaukee-Waukesha, WI","PNC Bank, National Association",Whitefish Bay,PA,2023_6384_3872
19801,DIF,N,United States,53217,OCC,33340,532194,Delaware,07/11/2011,2023,Comptroller of the Currency,11,55,100.0,2,0,United States,"PNC FINANCIAL SERVICES GROUP, INC., THE",0,6,0,434510625,,Milwaukee,ONE,CB,EXACT,,FED,0,,0,222 Delaware Ave,376,28841,1069778,79,6384,43.1444689878935,DE,4,CALL,0,New York,817824,Fox Pointe Glendale Branch,1,,Milwaukee,COMMERCIAL LENDING,Large Bank,,,0,4341,0,WI,1,Wisconsin,3,OCC,Philadelphia,554128320,,0,7001 N Port Washington Rd,-87.9136229715839,,PITTSBURGH,10003,"Milwaukee-Racine-Waukesha, WI",Wilmington,3,55079,,"Milwaukee-Waukesha, WI","PNC Bank, National Association",Glendale,PA,2023_6384_4341
19801,DIF,N,United States,53095,OCC,33340,532199,Delaware,06/04/2012,2023,Comptroller of the Currency,11,55,100.0,2,0,United States,"PNC FINANCIAL SERVICES GROUP, INC., THE",0,6,0,434510625,,West Bend,ONE,CB,EXACT,,FED,0,,0,222 Delaware Ave,376,93969,1069778,131,6384,43.398274566698,DE,4,CALL,0,New York,817824,West Bend Paradise Branch,1,,Washington,COMMERCIAL LENDING,Large Bank,,,0,4346,0,WI,1,Wisconsin,3,OCC,Philadelphia,554128320,,0,1801 S Main St,-88.1804673132396,,PITTSBURGH,10003,"Milwaukee-Racine-Waukesha, WI",Wilmington,3,55131,,"Milwaukee-Waukesha, WI","PNC Bank, National Association",West Bend,PA,2023_6384_4346
19801,DIF,N,United States,53212,OCC,33340,532206,Delaware,12/05/2011,2023,Comptroller of the Currency,11,55,100.0,2,0,United States,"PNC FINANCIAL SERVICES GROUP, INC., THE",0,6,0,434510625,,Milwaukee,ONE,CB,EXACT,,FED,0,,0,222 Delaware Ave,376,5551,1069778,79,6384,43.0888929884363,DE,4,CALL,0,New York,817824,East Capitol Drive Branch,1,,Milwaukee,COMMERCIAL LENDING,Large Bank,,,0,4353,0,WI,1,Wisconsin,3,OCC,Philadelphia,554128320,,0,275 E Capitol Dr,-87.9075460079627,,PITTSBURGH,10003,"Milwaukee-Racine-Waukesha, WI",Wilmington,3,55079,,"Milwaukee-Waukesha, WI","PNC Bank, National Association",Milwaukee,PA,2023_6384_4353
19801,DIF,N,United States,53202,OCC,33340,533980,Delaware,08/13/2012,2023,Comptroller of the Currency,11,55,100.0,2,0,United States,"PNC FINANCIAL SERVICES GROUP, INC., THE",0,6,0,434510625,,Milwaukee,ONE,CB,EXACT,,FED,0,,0,222 Delaware Ave,376,22104,1069778,79,6384,43.060353991138,DE,4,CALL,0,New York,817824,East North Avenue Branch,1,,Milwaukee,COMMERCIAL LENDING,Large Bank,,,0,4357,0,WI,1,Wisconsin,3,OCC,Philadelphia,554128320,,0,1930 E North Ave,-87.8858849908625,,PITTSBURGH,10003,"Milwaukee-Racine-Waukesha, WI",Wilmington,3,55079,,"Milwaukee-Waukesha, WI","PNC Bank, National Association",Milwaukee,PA,2023_6384_4357
19801,DIF,N,United States,53045,OCC,33340,534099,Delaware,10/01/2012,2023,Comptroller of the Currency,11,55,100.0,2,0,United States,"PNC FINANCIAL SERVICES GROUP, INC., THE",0,6,0,434510625,,Brookfield,ONE,CB,EXACT,,FED,0,,0,222 Delaware Ave,376,19749,1069778,133,6384,43.0894920011468,DE,4,CALL,0,New York,817824,Brookfield North Branch,1,,Waukesha,COMMERCIAL LENDING,Large Bank,,,0,4359,0,WI,1,Wisconsin,3,OCC,Philadelphia,554128320,,0,17375 W Capitol Dr,-88.1277999599128,,PITTSBURGH,10003,"Milwaukee-Racine-Waukesha, WI",Wilmington,3,55133,,"Milwaukee-Waukesha, WI","PNC Bank, National Association",Brookfield,PA,2023_6384_4359
19801,DIF,N,United States,53005,OCC,33340,538362,Delaware,11/13/2012,2023,Comptroller of the Currency,11,55,100.0,2,0,United States,"PNC FINANCIAL SERVICES GROUP, INC., THE",0,6,0,434510625,,Brookfield,ONE,CB,EXACT,,FED,0,,0,222 Delaware Ave,376,18496,1069778,133,6384,43.0338600105764,DE,4,CALL,0,New York,817824,Brookfield Elm Grove Branch,1,,Waukesha,COMMERCIAL LENDING,Large Bank,,,0,4376,0,WI,1,Wisconsin,3,OCC,Philadelphia,554128320,,0,12805 W Bluemound Rd,-88.0710750110778,,PITTSBURGH,10003,"Milwaukee-Racine-Waukesha, WI",Wilmington,3,55133,,"Milwaukee-Waukesha, WI","PNC Bank, National Association",Brookfield,PA,2023_6384_4376
19801,DIF,N,United States,53092,OCC,33340,538363,Delaware,12/10/2012,2023,Comptroller of the Currency,11,55,100.0,2,0,United States,"PNC FINANCIAL SERVICES GROUP, INC., THE",0,6,0,434510625,,Mequon,ONE,CB,EXACT,,FED,0,,0,222 Delaware Ave,376,62504,1069778,89,6384,43.2215930163961,DE,4,CALL,0,New York,817824,Mequon Branch,1,,Ozaukee,COMMERCIAL LENDING,Large Bank,,,0,4377,0,WI,1,Wisconsin,3,OCC,Philadelphia,554128320,,0,11201 N Port Washington Rd,-87.924559008295,,PITTSBURGH,10003,"Milwaukee-Racine-Waukesha, WI",Wilmington,3,55089,,"Milwaukee-Waukesha, WI","PNC Bank, National Association",Mequon,PA,2023_6384_4377
19801,DIF,N,United States,53204,OCC,33340,563184,Delaware,12/02/2014,2023,Comptroller of the Currency,11,55,100.0,2,0,United States,"PNC FINANCIAL SERVICES GROUP, INC., THE",0,6,0,434510625,,Milwaukee,ONE,CB,EXACT,,FED,0,,0,222 Delaware Ave,376,11253,1069778,79,6384,43.0233009918701,DE,4,CALL,0,New York,817824,16Th & National Branch,1,,Milwaukee,COMMERCIAL LENDING,Large Bank,,,0,4419,0,WI,1,Wisconsin,3,OCC,Philadelphia,554128320,,0,1574 W National Ave,-87.9328010175064,,PITTSBURGH,10003,"Milwaukee-Racine-Waukesha, WI",Wilmington,3,55079,,"Milwaukee-Waukesha, WI","PNC Bank, National Association",Milwaukee,PA,2023_6384_4419
19801,DIF,N,United States,53223,OCC,33340,665668,Delaware,06/14/2010,2023,Comptroller of the Currency,23,55,100.0,2,0,United States,"PNC FINANCIAL SERVICES GROUP, INC., THE",0,6,0,434510625,,Milwaukee,ONE,CB,EXACT,,FED,0,,0,222 Delaware Ave,376,1,1069778,79,6384,43.186538011388,DE,4,CALL,0,New York,817824,Alexian Village Branch,1,,Milwaukee,COMMERCIAL LENDING,Large Bank,,,0,5262,0,WI,1,Wisconsin,3,OCC,Philadelphia,554128320,,0,9301 N 76th St,-88.008073022593,,PITTSBURGH,10003,"Milwaukee-Racine-Waukesha, WI",Wilmington,3,55079,,"Milwaukee-Waukesha, WI","PNC Bank, National Association",Milwaukee,PA,2023_6384_5262
45202,DIF,N,United States,54601,OCC,29100,13225,Ohio,05/08/1965,2023,Comptroller of the Currency,11,55,100.0,9,11523,United States,U.S. BANCORP,0,6,0,526741722,,La Crosse,MULT,CB,EXACT,,FED,0,,0,425 Walnut St,317,1182014,1119794,63,6548,43.8138380105672,OH,9,CALL,0,Chicago,504713,La Crosse Branch,1,,La Crosse,ALL OTHER > $1 BILLION,Large Bank,,08/09/2001,0,1579,0,WI,1,Wisconsin,4,OCC,Cleveland,669902786,,0,"201 Main St, Ste 100",-91.2530580215403,,MINNEAPOLIS,39061,"La Crosse-Onalaska-Sparta, WI-MN",Cincinnati,3,55063,,"La Crosse-Onalaska, WI-MN",U.S. Bank National Association,La Crosse,MN,2023_6548_1579
45202,DIF,N,United States,53209,OCC,33340,11961,Ohio,06/15/1959,2023,Comptroller of the Currency,11,55,100.0,9,11523,United States,U.S. BANCORP,0,6,0,526741722,,Milwaukee,MULT,CB,EXACT,,FED,0,,0,425 Walnut St,376,82248,1119794,79,6548,43.1791859926559,OH,9,CALL,0,Chicago,504713,Brown Deer Branch,1,,Milwaukee,ALL OTHER > $1 BILLION,Large Bank,,08/09/2001,0,1581,0,WI,1,Wisconsin,4,OCC,Cleveland,669902786,,0,4200 W Brown Deer Rd,-87.9635099638083,,MINNEAPOLIS,39061,"Milwaukee-Racine-Waukesha, WI",Cincinnati,3,55079,,"Milwaukee-Waukesha, WI",U.S. Bank National Association,Milwaukee,MN,2023_6548_1581
45202,DIF,N,United States,54650,OCC,29100,207617,Ohio,06/01/1991,2023,Comptroller of the Currency,12,55,100.0,9,11523,United States,U.S. BANCORP,0,6,0,526741722,,Onalaska,MULT,CB,EXACT,,FED,0,,0,425 Walnut St,317,33983,1119794,63,6548,43.8686269912257,OH,9,CALL,0,Chicago,504713,Onalaska Festival Branch,1,,La Crosse,ALL OTHER > $1 BILLION,Large Bank,,08/09/2001,0,1583,0,WI,1,Wisconsin,4,OCC,Cleveland,669902786,,0,1260 Crossing Meadows Dr,-91.2125089723675,,MINNEAPOLIS,39061,"La Crosse-Onalaska-Sparta, WI-MN",Cincinnati,3,55063,,"La Crosse-Onalaska, WI-MN",U.S. Bank National Association,Onalaska,MN,2023_6548_1583
45202,DIF,N,United States,54016,OCC,33460,266270,Ohio,06/30/1989,2023,Comptroller of the Currency,11,55,100.0,9,11523,United States,U.S. BANCORP,0,6,0,526741722,,Hudson,MULT,CB,EXACT,,FED,0,,0,425 Walnut St,378,157171,1119794,109,6548,44.9579060193886,OH,9,CALL,0,Chicago,504713,Hudson Branch,1,,St. Croix,ALL OTHER > $1 BILLION,Large Bank,,08/09/2001,0,1585,0,WI,1,Wisconsin,4,OCC,Cleveland,669902786,,0,1101 Pearson Dr,-92.7206939797479,,MINNEAPOLIS,39061,"Minneapolis-St. Paul, MN-WI",Cincinnati,3,55109,,"Minneapolis-St. Paul-Bloomington, MN-WI",U.S. Bank National Association,Hudson,MN,2023_6548_1585
45202,DIF,N,United States,53226,OCC,33340,364667,Ohio,08/20/2001,2023,Comptroller of the Currency,12,55,100.0,9,11523,United States,U.S. BANCORP,0,6,0,526741722,,Milwaukee,MULT,CB,EXACT,,FED,0,,0,425 Walnut St,376,31462,1119794,79,6548,43.038708019554,OH,9,CALL,0,Chicago,504713,Froedtert Memorial Lutheran Hospital Branch,1,,Milwaukee,ALL OTHER > $1 BILLION,Large Bank,,,0,2572,0,WI,1,Wisconsin,4,OCC,Cleveland,669902786,,0,9200 W Wisconsin Ave,-88.0246049855019,,MINNEAPOLIS,39061,"Milwaukee-Racine-Waukesha, WI",Cincinnati,3,55079,,"Milwaukee-Waukesha, WI",U.S. Bank National Association,Milwaukee,MN,2023_6548_2572
45202,DIF,N,United States,53226,OCC,33340,364674,Ohio,08/20/2001,2023,Comptroller of the Currency,29,55,100.0,9,11523,United States,U.S. BANCORP,0,6,0,526741722,,Milwaukee,MULT,CB,EXACT,,FED,0,,0,425 Walnut St,376,2212,1119794,79,6548,43.0358279976229,OH,9,CALL,0,Chicago,504713,San Camillo Retirement Center Branch,1,,Milwaukee,ALL OTHER > $1 BILLION,Large Bank,,,0,2579,0,WI,1,Wisconsin,4,OCC,Cleveland,669902786,,0,10200 W Bluemound Rd,-88.0388320088567,,MINNEAPOLIS,39061,"Milwaukee-Racine-Waukesha, WI",Cincinnati,3,55079,,"Milwaukee-Waukesha, WI",U.S. Bank National Association,Wauwatosa,MN,2023_6548_2579
45202,DIF,N,United States,53051,OCC,33340,460062,Ohio,07/10/2006,2023,Comptroller of the Currency,12,55,US_Zipcode,9,11523,United States,U.S. BANCORP,0,6,0,526741722,,Menomonee Falls,MULT,CB,M,,FED,0,,0,425 Walnut St,376,32333,1119794,133,6548,43.148866,OH,9,CALL,0,Chicago,504713,Kohls,1,,Waukesha,ALL OTHER > $1 BILLION,Large Bank,,,0,3170,0,WI,1,Wisconsin,4,OCC,Cleveland,669902786,,0,N56 W17000 Ridgewood Drive,-88.121946,,MINNEAPOLIS,39061,"Milwaukee-Racine-Waukesha, WI",Cincinnati,3,55133,,"Milwaukee-Waukesha, WI",U.S. Bank National Association,Menomonee Falls,MN,2023_6548_3170
45202,DIF,N,United States,54481,OCC,0,479379,Ohio,01/22/2008,2023,Comptroller of the Currency,12,55,100.0,9,11523,United States,U.S. BANCORP,0,6,0,526741722,,Stevens Point,MULT,CB,EXACT,,FED,0,,0,425 Walnut St,554,42487,1119794,97,6548,44.5258019792502,OH,9,CALL,0,Chicago,504713,University Of Wi - Stevens Point Branch,0,,Portage,ALL OTHER > $1 BILLION,Large Bank,,,1,3279,0,WI,1,Wisconsin,4,OCC,Cleveland,669902786,,0,1015 Reserve St,-89.5689729925101,,MINNEAPOLIS,39061,"Wausau-Stevens Point-Wisconsin Rapids, WI",Cincinnati,3,55097,,,U.S. Bank National Association,Stevens Point,MN,2023_6548_3279
45202,DIF,N,United States,54935,OCC,22540,494728,Ohio,06/09/2009,2023,Comptroller of the Currency,11,55,100.0,9,11523,United States,U.S. BANCORP,0,6,0,526741722,,Fond du Lac,MULT,CB,EXACT,C,FED,0,756,0,425 Walnut St,0,0,1119794,39,6548,43.7748070078785,OH,9,CALL,0,Chicago,504713,Fond Du Lac Drive-Up Branch,1,,Fond Du Lac,ALL OTHER > $1 BILLION,Large Bank,,,0,3634,0,WI,1,Wisconsin,4,OCC,Cleveland,669902786,,0,55 3rd St,-88.445091037287,,MINNEAPOLIS,39061,,Cincinnati,3,55039,,"Fond du Lac, WI",U.S. Bank National Association,Fond Du Lac,MN,2023_6548_3634
45202,DIF,N,United States,53715,OCC,31540,494729,Ohio,06/15/2009,2023,Comptroller of the Currency,12,55,100.0,9,11523,United States,U.S. BANCORP,0,6,0,526741722,,Madison,MULT,CB,EXACT,,FED,0,,0,425 Walnut St,357,41663,1119794,25,6548,43.072619020507,OH,9,CALL,0,Chicago,504713,University Square Madison Branch,1,,Dane,ALL OTHER > $1 BILLION,Large Bank,,,0,3635,0,WI,1,Wisconsin,4,OCC,Cleveland,669902786,,0,389 East Campus Mall,-89.3981040406032,,MINNEAPOLIS,39061,"Madison-Janesville-Beloit, WI",Cincinnati,3,55025,,"Madison, WI",U.S. Bank National Association,Madison,MN,2023_6548_3635
45202,DIF,N,United States,53024,OCC,33340,503117,Ohio,12/07/2009,2023,Comptroller of the Currency,11,55,100.0,9,11523,United States,U.S. BANCORP,0,6,0,526741722,,Grafton,MULT,CB,EXACT,,FED,0,,0,425 Walnut St,376,61745,1119794,89,6548,43.3208570039463,OH,9,CALL,0,Chicago,504713,Grafton Branch,1,,Ozaukee,ALL OTHER > $1 BILLION,Large Bank,,,0,3822,0,WI,1,Wisconsin,4,OCC,Cleveland,669902786,,0,2368 Washington St,-87.927708005499,,MINNEAPOLIS,39061,"Milwaukee-Racine-Waukesha, WI",Cincinnati,3,55089,,"Milwaukee-Waukesha, WI",U.S. Bank National Association,Grafton,MN,2023_6548_3822
45202,DIF,N,United States,54915,OCC,11540,521497,Ohio,06/13/2011,2023,Comptroller of the Currency,11,55,100.0,9,11523,United States,U.S. BANCORP,0,6,0,526741722,,Appleton,MULT,CB,EXACT,,FED,0,,0,425 Walnut St,118,28396,1119794,87,6548,44.2443020056208,OH,9,CALL,0,Chicago,504713,Appleton East Branch,1,,Outagamie,ALL OTHER > $1 BILLION,Large Bank,,,0,3969,0,WI,1,Wisconsin,4,OCC,Cleveland,669902786,,0,3300 E Calumet St,-88.3602049892583,,MINNEAPOLIS,39061,"Appleton-Oshkosh-Neenah, WI",Cincinnati,3,55087,,"Appleton, WI",U.S. Bank National Association,Appleton,MN,2023_6548_3969
45202,DIF,N,United States,54701,OCC,20740,537474,Ohio,08/13/2012,2023,Comptroller of the Currency,12,55,82.5499999999999,9,11523,United States,U.S. BANCORP,0,6,0,526741722,,Eau Claire,MULT,CB,StreetAddressExt,,FED,0,,0,425 Walnut St,232,34819,1119794,35,6548,44.7961700818218,OH,9,CALL,0,Chicago,504713,University Of Wisconsin Eau Claire,1,,Eau Claire,ALL OTHER > $1 BILLION,Large Bank,,,0,4067,0,WI,1,Wisconsin,4,OCC,Cleveland,669902786,,0,"77 Roosevelt Road, Davis Center #110f",-91.4993962618903,,MINNEAPOLIS,39061,"Eau Claire-Menomonie, WI",Cincinnati,3,55035,,"Eau Claire, WI",U.S. Bank National Association,Eau Claire,MN,2023_6548_4067
45202,DIF,N,United States,53215,OCC,33340,538874,Ohio,04/10/2013,2023,Comptroller of the Currency,12,55,100.0,9,11523,United States,U.S. BANCORP,0,6,0,526741722,,Milwaukee,MULT,CB,EXACT,,FED,0,,0,425 Walnut St,376,73849,1119794,79,6548,43.0184810203586,OH,9,CALL,0,Chicago,504713,Miller Park Way Walmart Branch,1,,Milwaukee,ALL OTHER > $1 BILLION,Large Bank,,,0,4090,0,WI,1,Wisconsin,4,OCC,Cleveland,669902786,,0,4140 W Greenfield Ave,-87.9658429827382,,MINNEAPOLIS,39061,"Milwaukee-Racine-Waukesha, WI",Cincinnati,3,55079,,"Milwaukee-Waukesha, WI",U.S. Bank National Association,West Milwaukee,MN,2023_6548_4090
45202,DIF,N,United States,53142,OCC,28450,570030,Ohio,06/23/2015,2023,Comptroller of the Currency,12,55,100.0,9,11523,United States,U.S. BANCORP,0,6,0,526741722,,Kenosha,MULT,CB,EXACT,,FED,0,,0,425 Walnut St,176,18750,1119794,59,6548,42.5638429879043,OH,9,CALL,0,Chicago,504713,Kenosha Meijer Branch,1,,Kenosha,ALL OTHER > $1 BILLION,Large Bank,,,0,4263,0,WI,1,Wisconsin,4,OCC,Cleveland,669902786,,0,7701 Green Bay Rd,-87.8852389975848,,MINNEAPOLIS,39061,"Chicago-Naperville, IL-IN-WI",Cincinnati,3,55059,,"Kenosha, WI",U.S. Bank National Association,Kenosha,MN,2023_6548_4263
45202,DIF,N,United States,53081,OCC,43100,572288,Ohio,09/23/2015,2023,Comptroller of the Currency,23,55,100.0,9,11523,United States,U.S. BANCORP,0,6,0,526741722,,Sheboygan,MULT,CB,EXACT,C,FED,0,769,0,425 Walnut St,0,0,1119794,117,6548,43.7506260134981,OH,9,CALL,0,Chicago,504713,Sheboygan Drive-Up Branch,1,,Sheboygan,ALL OTHER > $1 BILLION,Large Bank,,,0,4277,0,WI,1,Wisconsin,4,OCC,Cleveland,669902786,,0,611 Center Ave,-87.7105199860924,,MINNEAPOLIS,39061,,Cincinnati,3,55117,,"Sheboygan, WI",U.S. Bank National Association,Sheboygan,MN,2023_6548_4277
45202,DIF,N,United States,53154,OCC,33340,572457,Ohio,08/04/2015,2023,Comptroller of the Currency,12,55,100.0,9,11523,United States,U.S. BANCORP,0,6,0,526741722,,Oak Creek,MULT,CB,EXACT,,FED,0,,0,425 Walnut St,376,23786,1119794,79,6548,42.8988829967095,OH,9,CALL,0,Chicago,504713,Oak Creek Meijer Branch,1,,Milwaukee,ALL OTHER > $1 BILLION,Large Bank,,,0,4288,0,WI,1,Wisconsin,4,OCC,Cleveland,669902786,,0,171 W Town Square Way,-87.9146660156151,,MINNEAPOLIS,39061,"Milwaukee-Racine-Waukesha, WI",Cincinnati,3,55079,,"Milwaukee-Waukesha, WI",U.S. Bank National Association,Oak Creek,MN,2023_6548_4288
45202,DIF,N,United States,53703,OCC,31540,4183,Ohio,08/20/1920,2023,Comptroller of the Currency,11,55,100.0,9,11523,United States,U.S. BANCORP,0,6,0,526741722,,Madison,MULT,CB,EXACT,,FED,0,,0,425 Walnut St,357,1085021,1119794,25,6548,43.0753689972103,OH,9,CALL,0,Chicago,504713,Capitol Square Madison,1,,Dane,ALL OTHER > $1 BILLION,Large Bank,,09/11/1999,0,707,0,WI,1,Wisconsin,4,OCC,Cleveland,669902786,,0,1 S Pinckney St,-89.3819660271434,,MINNEAPOLIS,39061,"Madison-Janesville-Beloit, WI",Cincinnati,3,55025,,"Madison, WI",U.S. Bank National Association,Madison,MN,2023_6548_707
45202,DIF,N,United States,54558,OCC,0,208959,Ohio,05/04/1970,2023,Comptroller of the Currency,11,55,100.0,9,11523,United States,U.S. BANCORP,0,6,0,526741722,,Saint Germain,MULT,CB,EXACT,,FED,0,,0,425 Walnut St,0,29805,1119794,125,6548,45.9083410007452,OH,9,CALL,0,Chicago,504713,St. Germain Branch,0,,Vilas,ALL OTHER > $1 BILLION,Large Bank,,09/11/1999,0,708,0,WI,1,Wisconsin,4,OCC,Cleveland,669902786,,0,309 Sunrise Ln,-89.4886069695878,,MINNEAPOLIS,39061,,Cincinnati,3,55125,,,U.S. Bank National Association,Saint Germain,MN,2023_6548_708
45202,DIF,N,United States,54548,OCC,0,208962,Ohio,06/24/1991,2023,Comptroller of the Currency,11,55,100.0,9,11523,United States,U.S. BANCORP,0,6,0,526741722,,Minocqua,MULT,CB,StreetAddress,,FED,0,,0,425 Walnut St,0,84235,1119794,85,6548,45.8867383794592,OH,9,CALL,0,Chicago,504713,Minocqua Main Branch,0,,Oneida,ALL OTHER > $1 BILLION,Large Bank,,09/11/1999,0,710,0,WI,1,Wisconsin,4,OCC,Cleveland,669902786,,0,9760 Highway 70,-89.7190734744274,,MINNEAPOLIS,39061,,Cincinnati,3,55085,,,U.S. Bank National Association,Minocqua,MN,2023_6548_710
45202,DIF,N,United States,53705,OCC,31540,207478,Ohio,01/01/1854,2023,Comptroller of the Currency,11,55,100.0,9,11523,United States,U.S. BANCORP,0,6,0,526741722,,Madison,MULT,CB,EXACT,,FED,0,,0,425 Walnut St,357,175161,1119794,25,6548,43.0749809989123,OH,9,CALL,0,Chicago,504713,Hilldale Madison Branch,1,,Dane,ALL OTHER > $1 BILLION,Large Bank,,09/11/1999,0,711,0,WI,1,Wisconsin,4,OCC,Cleveland,669902786,,0,3609 University Ave,-89.4506460006585,,MINNEAPOLIS,39061,"Madison-Janesville-Beloit, WI",Cincinnati,3,55025,,"Madison, WI",U.S. Bank National Association,Madison,MN,2023_6548_711
45202,DIF,N,United States,53704,OCC,31540,207479,Ohio,07/08/1969,2023,Comptroller of the Currency,11,55,100.0,9,11523,United States,U.S. BANCORP,0,6,0,526741722,,Madison,MULT,CB,EXACT,,FED,0,,0,425 Walnut St,357,136444,1119794,25,6548,43.1290480043409,OH,9,CALL,0,Chicago,504713,East Towne Madison Branch,1,,Dane,ALL OTHER > $1 BILLION,Large Bank,,09/11/1999,0,712,0,WI,1,Wisconsin,4,OCC,Cleveland,669902786,,0,4602 E Towne Blvd,-89.3055700088411,,MINNEAPOLIS,39061,"Madison-Janesville-Beloit, WI",Cincinnati,3,55025,,"Madison, WI",U.S. Bank National Association,Madison,MN,2023_6548_712
45202,DIF,N,United States,53719,OCC,31540,13945,Ohio,10/06/1970,2023,Comptroller of the Currency,11,55,100.0,9,11523,United States,U.S. BANCORP,0,6,0,526741722,,Madison,MULT,CB,EXACT,,FED,0,,0,425 Walnut St,357,176969,1119794,25,6548,43.060234004194,OH,9,CALL,0,Chicago,504713,West Towne Madison Branch,1,,Dane,ALL OTHER > $1 BILLION,Large Bank,,09/11/1999,0,715,0,WI,1,Wisconsin,4,OCC,Cleveland,669902786,,0,402 Gammon Pl,-89.5022170010499,,MINNEAPOLIS,39061,"Madison-Janesville-Beloit, WI",Cincinnati,3,55025,,"Madison, WI",U.S. Bank National Association,Madison,MN,2023_6548_715
45202,DIF,N,United States,53597,OCC,31540,7426,Ohio,02/09/1902,2023,Comptroller of the Currency,11,55,100.0,9,11523,United States,U.S. BANCORP,0,6,0,526741722,,Waunakee,MULT,CB,EXACT,,FED,0,,0,425 Walnut St,357,76472,1119794,25,6548,43.1921649925374,OH,9,CALL,0,Chicago,504713,Waunakee Madison Branch,1,,Dane,ALL OTHER > $1 BILLION,Large Bank,,09/11/1999,0,716,0,WI,1,Wisconsin,4,OCC,Cleveland,669902786,,0,127 W Main St,-89.4566020134169,,MINNEAPOLIS,39061,"Madison-Janesville-Beloit, WI",Cincinnati,3,55025,,"Madison, WI",U.S. Bank National Association,Waunakee,MN,2023_6548_716
45202,DIF,N,United States,53717,OCC,31540,207482,Ohio,12/07/1988,2023,Comptroller of the Currency,11,55,100.0,9,11523,United States,U.S. BANCORP,0,6,0,526741722,,Madison,MULT,CB,EXACT,,FED,0,,0,425 Walnut St,357,93849,1119794,25,6548,43.075603019947,OH,9,CALL,0,Chicago,504713,Sauk Trails Madison Branch,1,,Dane,ALL OTHER > $1 BILLION,Large Bank,,09/11/1999,0,718,0,WI,1,Wisconsin,4,OCC,Cleveland,669902786,,0,8000 Excelsior Dr,-89.5244019709176,,MINNEAPOLIS,39061,"Madison-Janesville-Beloit, WI",Cincinnati,3,55025,,"Madison, WI",U.S. Bank National Association,Madison,MN,2023_6548_718
45202,DIF,N,United States,53711,OCC,31540,207483,Ohio,03/11/1991,2023,Comptroller of the Currency,11,55,100.0,9,11523,United States,U.S. BANCORP,0,6,0,526741722,,Madison,MULT,CB,EXACT,,FED,0,,0,425 Walnut St,357,99566,1119794,25,6548,43.0163220097387,OH,9,CALL,0,Chicago,504713,Fitchburg Madison Branch,1,,Dane,ALL OTHER > $1 BILLION,Large Bank,,09/11/1999,0,719,0,WI,1,Wisconsin,4,OCC,Cleveland,669902786,,0,2961 Yarmouth Greenway Dr,-89.42752703532,,MINNEAPOLIS,39061,"Madison-Janesville-Beloit, WI",Cincinnati,3,55025,,"Madison, WI",U.S. Bank National Association,Madison,MN,2023_6548_719
45202,DIF,N,United States,53590,OCC,31540,207484,Ohio,11/15/1993,2023,Comptroller of the Currency,11,55,100.0,9,11523,United States,U.S. BANCORP,0,6,0,526741722,,Sun Prairie,MULT,CB,EXACT,,FED,0,,0,425 Walnut St,357,83006,1119794,25,6548,43.187575020449,OH,9,CALL,0,Chicago,504713,Sun Prairie Madison Branch,1,,Dane,ALL OTHER > $1 BILLION,Large Bank,,09/11/1999,0,720,0,WI,1,Wisconsin,4,OCC,Cleveland,669902786,,0,2311 Windsor St,-89.2551650150005,,MINNEAPOLIS,39061,"Madison-Janesville-Beloit, WI",Cincinnati,3,55025,,"Madison, WI",U.S. Bank National Association,Sun Prairie,MN,2023_6548_720
45202,DIF,N,United States,53901,OCC,31540,7415,Ohio,05/04/1874,2023,Comptroller of the Currency,11,55,100.0,9,11523,United States,U.S. BANCORP,0,6,0,526741722,,Portage,MULT,CB,EXACT,,FED,0,,0,425 Walnut St,357,55237,1119794,21,6548,43.5391650132552,OH,9,CALL,0,Chicago,504713,Portage Downtown Branch,1,,Columbia,ALL OTHER > $1 BILLION,Large Bank,,09/11/1999,0,721,0,WI,1,Wisconsin,4,OCC,Cleveland,669902786,,0,238 W Wisconsin St,-89.4613180074195,,MINNEAPOLIS,39061,"Madison-Janesville-Beloit, WI",Cincinnati,3,55021,,"Madison, WI",U.S. Bank National Association,Portage,MN,2023_6548_721
45202,DIF,N,United States,53901,OCC,31540,225239,Ohio,01/24/1985,2023,Comptroller of the Currency,11,55,100.0,9,11523,United States,U.S. BANCORP,0,6,0,526741722,,Portage,MULT,CB,EXACT,,FED,0,,0,425 Walnut St,357,56151,1119794,21,6548,43.5670570114474,OH,9,CALL,0,Chicago,504713,Portage Northridge Branch,1,,Columbia,ALL OTHER > $1 BILLION,Large Bank,,09/11/1999,0,723,0,WI,1,Wisconsin,4,OCC,Cleveland,669902786,,0,2848 New Pinery Rd,-89.4706579621279,,MINNEAPOLIS,39061,"Madison-Janesville-Beloit, WI",Cincinnati,3,55021,,"Madison, WI",U.S. Bank National Association,Portage,MN,2023_6548_723
45202,DIF,N,United States,54494,OCC,0,207580,Ohio,03/10/1992,2023,Comptroller of the Currency,11,55,100.0,9,11523,United States,U.S. BANCORP,0,6,0,526741722,,Wisconsin Rapids,MULT,CB,EXACT,,FED,0,,0,425 Walnut St,554,96381,1119794,141,6548,44.362772998569,OH,9,CALL,0,Chicago,504713,Wisconsin Rapids 8Th Street Branch,0,,Wood,ALL OTHER > $1 BILLION,Large Bank,,09/11/1999,1,725,0,WI,1,Wisconsin,4,OCC,Cleveland,669902786,,0,3520 8th St S,-89.8178460308434,,MINNEAPOLIS,39061,"Wausau-Stevens Point-Wisconsin Rapids, WI",Cincinnati,3,55141,,,U.S. Bank National Association,Wisconsin Rapids,MN,2023_6548_725
45202,DIF,N,United States,54495,OCC,0,12358,Ohio,12/07/1961,2023,Comptroller of the Currency,11,55,100.0,9,11523,United States,U.S. BANCORP,0,6,0,526741722,,Wisconsin Rapids,MULT,CB,EXACT,,FED,0,,0,425 Walnut St,554,71425,1119794,141,6548,44.3932739898531,OH,9,CALL,0,Chicago,504713,Wisconsin Rapids Branch,0,,Wood,ALL OTHER > $1 BILLION,Large Bank,,09/11/1999,1,728,0,WI,1,Wisconsin,4,OCC,Cleveland,669902786,,0,311 W Grand Ave,-89.8296050028082,,MINNEAPOLIS,39061,"Wausau-Stevens Point-Wisconsin Rapids, WI",Cincinnati,3,55141,,,U.S. Bank National Association,Wisconsin Rapids,MN,2023_6548_728
45202,DIF,N,United States,54476,OCC,48140,245432,Ohio,04/25/1983,2023,Comptroller of the Currency,11,55,100.0,9,11523,United States,U.S. BANCORP,0,6,0,526741722,,Schofield,MULT,CB,EXACT,,FED,0,,0,425 Walnut St,554,44612,1119794,73,6548,44.9041636450701,OH,9,CALL,0,Chicago,504713,Wausau Weston Branch,1,,Marathon,ALL OTHER > $1 BILLION,Large Bank,,09/11/1999,0,729,0,WI,1,Wisconsin,4,OCC,Cleveland,669902786,,0,5802 Camp Phillips Rd,-89.5735485058155,,MINNEAPOLIS,39061,"Wausau-Stevens Point-Wisconsin Rapids, WI",Cincinnati,3,55073,,"Wausau, WI",U.S. Bank National Association,Schofield,MN,2023_6548_729
45202,DIF,N,United States,54401,OCC,48140,7858,Ohio,09/01/1900,2023,Comptroller of the Currency,11,55,100.0,9,11523,United States,U.S. BANCORP,0,6,0,526741722,,Wausau,MULT,CB,EXACT,,FED,0,,0,425 Walnut St,554,83317,1119794,73,6548,44.9577170493816,OH,9,CALL,0,Chicago,504713,Wausau Stewart Avenue Branch,1,,Marathon,ALL OTHER > $1 BILLION,Large Bank,,09/11/1999,0,731,0,WI,1,Wisconsin,4,OCC,Cleveland,669902786,,0,2620 Stewart Ave,-89.6696691539463,,MINNEAPOLIS,39061,"Wausau-Stevens Point-Wisconsin Rapids, WI",Cincinnati,3,55073,,"Wausau, WI",U.S. Bank National Association,Wausau,MN,2023_6548_731
45202,DIF,N,United States,54403,OCC,48140,207581,Ohio,03/04/1996,2023,Comptroller of the Currency,11,55,100.0,9,11523,United States,U.S. BANCORP,0,6,0,526741722,,Wausau,MULT,CB,EXACT,,FED,0,,0,425 Walnut St,554,77179,1119794,73,6548,44.959988209866,OH,9,CALL,0,Chicago,504713,Wausau Main Branch,1,,Marathon,ALL OTHER > $1 BILLION,Large Bank,,09/11/1999,0,734,0,WI,1,Wisconsin,4,OCC,Cleveland,669902786,,0,401 N 5th St,-89.6252461567639,,MINNEAPOLIS,39061,"Wausau-Stevens Point-Wisconsin Rapids, WI",Cincinnati,3,55073,,"Wausau, WI",U.S. Bank National Association,Wausau,MN,2023_6548_734
45202,DIF,N,United States,54872,OCC,0,233154,Ohio,03/08/1934,2023,Comptroller of the Currency,11,55,100.0,9,11523,United States,U.S. BANCORP,0,6,0,526741722,,Siren,MULT,CB,POINTADDRESS,,FED,0,,0,425 Walnut St,0,69329,1119794,13,6548,45.7867085267782,OH,9,CALL,0,Chicago,504713,Grantsburg Siren Branch,0,,Burnett,ALL OTHER > $1 BILLION,Large Bank,,09/11/1999,0,737,0,WI,1,Wisconsin,4,OCC,Cleveland,669902786,,0,24049 State Hwy 35,-92.3809502542501,,MINNEAPOLIS,39061,,Cincinnati,3,55013,,,U.S. Bank National Association,Siren,MN,2023_6548_737
45202,DIF,N,United States,54893,OCC,0,233155,Ohio,03/08/1934,2023,Comptroller of the Currency,11,55,100.0,9,11523,United States,U.S. BANCORP,0,6,0,526741722,,Webster,MULT,CB,EXACT,,FED,0,,0,425 Walnut St,0,58140,1119794,13,6548,45.8790729874182,OH,9,CALL,0,Chicago,504713,Grantsburg Webster Branch,0,,Burnett,ALL OTHER > $1 BILLION,Large Bank,,09/11/1999,0,738,0,WI,1,Wisconsin,4,OCC,Cleveland,669902786,,0,26541 Lakeland Ave N,-92.3651589603932,,MINNEAPOLIS,39061,,Cincinnati,3,55013,,,U.S. Bank National Association,Webster,MN,2023_6548_738
45202,DIF,N,United States,54837,OCC,0,233158,Ohio,10/02/1992,2023,Comptroller of the Currency,11,55,100.0,9,11523,United States,U.S. BANCORP,0,6,0,526741722,,Frederic,MULT,CB,EXACT,,FED,0,,0,425 Walnut St,0,53381,1119794,95,6548,45.6584970027481,OH,9,CALL,0,Chicago,504713,Grantsburg Frederic Branch,0,,Polk,ALL OTHER > $1 BILLION,Large Bank,,09/11/1999,0,741,0,WI,1,Wisconsin,4,OCC,Cleveland,669902786,,0,114 Wisconsin Ave S,-92.4665290268448,,MINNEAPOLIS,39061,,Cincinnati,3,55095,,,U.S. Bank National Association,Frederic,MN,2023_6548_741
45202,DIF,N,United States,54701,OCC,20740,3607,Ohio,02/15/1872,2023,Comptroller of the Currency,11,55,100.0,9,11523,United States,U.S. BANCORP,0,6,0,526741722,,Eau Claire,MULT,CB,EXACT,,FED,0,,0,425 Walnut St,232,135768,1119794,35,6548,44.8120490018335,OH,9,CALL,0,Chicago,504713,Eau Claire Main Branch,1,,Eau Claire,ALL OTHER > $1 BILLION,Large Bank,,09/11/1999,0,742,0,WI,1,Wisconsin,4,OCC,Cleveland,669902786,,0,131 S Barstow St,-91.4998729673679,,MINNEAPOLIS,39061,"Eau Claire-Menomonie, WI",Cincinnati,3,55035,,"Eau Claire, WI",U.S. Bank National Association,Eau Claire,MN,2023_6548_742
45202,DIF,N,United States,54729,OCC,20740,207604,Ohio,05/29/1968,2023,Comptroller of the Currency,11,55,100.0,9,11523,United States,U.S. BANCORP,0,6,0,526741722,,Chippewa Falls,MULT,CB,EXACT,,FED,0,,0,425 Walnut St,232,64504,1119794,17,6548,44.8669329913645,OH,9,CALL,0,Chicago,504713,Eau Claire Hallie Branch,1,,Chippewa,ALL OTHER > $1 BILLION,Large Bank,,09/11/1999,0,744,0,WI,1,Wisconsin,4,OCC,Cleveland,669902786,,0,1660 County Highway Oo,-91.4518559777419,,MINNEAPOLIS,39061,"Eau Claire-Menomonie, WI",Cincinnati,3,55017,,"Eau Claire, WI",U.S. Bank National Association,Chippewa Falls,MN,2023_6548_744
45202,DIF,N,United States,54701,OCC,20740,207607,Ohio,10/14/1986,2023,Comptroller of the Currency,11,55,100.0,9,11523,United States,U.S. BANCORP,0,6,0,526741722,,Eau Claire,MULT,CB,EXACT,,FED,0,,0,425 Walnut St,232,103987,1119794,35,6548,44.7730659855404,OH,9,CALL,0,Chicago,504713,Eau Claire Oakwood Branch,1,,Eau Claire,ALL OTHER > $1 BILLION,Large Bank,,09/11/1999,0,747,0,WI,1,Wisconsin,4,OCC,Cleveland,669902786,,0,4640 Golf Rd,-91.4383290109403,,MINNEAPOLIS,39061,"Eau Claire-Menomonie, WI",Cincinnati,3,55035,,"Eau Claire, WI",U.S. Bank National Association,Eau Claire,MN,2023_6548_747
45202,DIF,N,United States,54868,OCC,0,3618,Ohio,10/28/1889,2023,Comptroller of the Currency,11,55,100.0,9,11523,United States,U.S. BANCORP,0,6,0,526741722,,Rice Lake,MULT,CB,EXACT,,FED,0,,0,425 Walnut St,0,80080,1119794,5,6548,45.5033110107776,OH,9,CALL,0,Chicago,504713,Rice Lake Main Branch,0,,Barron,ALL OTHER > $1 BILLION,Large Bank,,09/11/1999,1,749,0,WI,1,Wisconsin,4,OCC,Cleveland,669902786,,0,138 N Main St,-91.7338739948971,,MINNEAPOLIS,39061,,Cincinnati,3,55005,,,U.S. Bank National Association,Rice Lake,MN,2023_6548_749
45202,DIF,N,United States,54868,OCC,0,207631,Ohio,09/16/1985,2023,Comptroller of the Currency,11,55,100.0,9,11523,United States,U.S. BANCORP,0,6,0,526741722,,Rice Lake,MULT,CB,EXACT,,FED,0,,0,425 Walnut St,0,30136,1119794,5,6548,45.4702599930904,OH,9,CALL,0,Chicago,504713,Rice Lake Cedar Mall Branch,0,,Barron,ALL OTHER > $1 BILLION,Large Bank,,09/11/1999,1,751,0,WI,1,Wisconsin,4,OCC,Cleveland,669902786,,0,2950 S Main St,-91.7359549699984,,MINNEAPOLIS,39061,,Cincinnati,3,55005,,,U.S. Bank National Association,Rice Lake,MN,2023_6548_751
45202,DIF,N,United States,54829,OCC,0,8230,Ohio,01/01/1929,2023,Comptroller of the Currency,11,55,100.0,9,11523,United States,U.S. BANCORP,0,6,0,526741722,,Cumberland,MULT,CB,EXACT,,FED,0,,0,425 Walnut St,0,78632,1119794,5,6548,45.5369900006507,OH,9,CALL,0,Chicago,504713,Rice Lake Cumberland Branch,0,,Barron,ALL OTHER > $1 BILLION,Large Bank,,09/11/1999,1,752,0,WI,1,Wisconsin,4,OCC,Cleveland,669902786,,0,1485 2nd Ave,-92.0220900103553,,MINNEAPOLIS,39061,,Cincinnati,3,55005,,,U.S. Bank National Association,Cumberland,MN,2023_6548_752
45202,DIF,N,United States,54220,OCC,0,13300,Ohio,10/27/1965,2023,Comptroller of the Currency,11,55,100.0,9,11523,United States,U.S. BANCORP,0,6,0,526741722,,Manitowoc,MULT,CB,EXACT,,FED,0,,0,425 Walnut St,0,72838,1119794,71,6548,44.0885589942748,OH,9,CALL,0,Chicago,504713,Manitowoc Main Branch,0,,Manitowoc,ALL OTHER > $1 BILLION,Large Bank,,09/11/1999,1,754,0,WI,1,Wisconsin,4,OCC,Cleveland,669902786,,0,1617 Washington St,-87.6697860321355,,MINNEAPOLIS,39061,,Cincinnati,3,55071,,,U.S. Bank National Association,Manitowoc,MN,2023_6548_754
45202,DIF,N,United States,54241,OCC,0,8460,Ohio,04/01/1891,2023,Comptroller of the Currency,11,55,100.0,9,11523,United States,U.S. BANCORP,0,6,0,526741722,,Two Rivers,MULT,CB,EXACT,,FED,0,,0,425 Walnut St,0,47023,1119794,71,6548,44.1473160098062,OH,9,CALL,0,Chicago,504713,Manitowoc Two Rivers Branch,0,,Manitowoc,ALL OTHER > $1 BILLION,Large Bank,,09/11/1999,1,755,0,WI,1,Wisconsin,4,OCC,Cleveland,669902786,,0,1516 Washington St,-87.568592991479,,MINNEAPOLIS,39061,,Cincinnati,3,55071,,,U.S. Bank National Association,Two Rivers,MN,2023_6548_755
45202,DIF,N,United States,54935,OCC,22540,248523,Ohio,01/13/1992,2023,Comptroller of the Currency,11,55,100.0,9,11523,United States,U.S. BANCORP,0,6,0,526741722,,Fond du Lac,MULT,CB,EXACT,,FED,0,,0,425 Walnut St,0,157694,1119794,39,6548,43.7772740115306,OH,9,CALL,0,Chicago,504713,Fond Du Lac Branch,1,,Fond Du Lac,ALL OTHER > $1 BILLION,Large Bank,,09/11/1999,0,756,0,WI,1,Wisconsin,4,OCC,Cleveland,669902786,,0,55 S Main St,-88.4466100057804,,MINNEAPOLIS,39061,,Cincinnati,3,55039,,"Fond du Lac, WI",U.S. Bank National Association,Fond Du Lac,MN,2023_6548_756
45202,DIF,N,United States,54901,OCC,36780,3580,Ohio,08/10/1852,2023,Comptroller of the Currency,11,55,100.0,9,11523,United States,U.S. BANCORP,0,6,0,526741722,,Oshkosh,MULT,CB,EXACT,,FED,0,,0,425 Walnut St,118,109978,1119794,139,6548,44.0156469978465,OH,9,CALL,0,Chicago,504713,Oshkosh Main Branch,1,,Winnebago,ALL OTHER > $1 BILLION,Large Bank,,09/11/1999,0,757,0,WI,1,Wisconsin,4,OCC,Cleveland,669902786,,0,111 N Main St,-88.5379519632729,,MINNEAPOLIS,39061,"Appleton-Oshkosh-Neenah, WI",Cincinnati,3,55139,,"Oshkosh-Neenah, WI",U.S. Bank National Association,Oshkosh,MN,2023_6548_757
45202,DIF,N,United States,54902,OCC,36780,207551,Ohio,06/25/1979,2023,Comptroller of the Currency,11,55,100.0,9,11523,United States,U.S. BANCORP,0,6,0,526741722,,Oshkosh,MULT,CB,EXACT,,FED,0,,0,425 Walnut St,118,97007,1119794,139,6548,43.9968429943532,OH,9,CALL,0,Chicago,504713,Oshkosh Southwest Branch,1,,Winnebago,ALL OTHER > $1 BILLION,Large Bank,,09/11/1999,0,758,0,WI,1,Wisconsin,4,OCC,Cleveland,669902786,,0,1620 W 20th Ave,-88.5761440212727,,MINNEAPOLIS,39061,"Appleton-Oshkosh-Neenah, WI",Cincinnati,3,55139,,"Oshkosh-Neenah, WI",U.S. Bank National Association,Oshkosh,MN,2023_6548_758
45202,DIF,N,United States,54982,OCC,0,207552,Ohio,03/09/1995,2023,Comptroller of the Currency,11,55,100.0,9,11523,United States,U.S. BANCORP,0,6,0,526741722,,Wautoma,MULT,CB,EXACT,,FED,0,,0,425 Walnut St,0,34774,1119794,137,6548,44.0736229876399,OH,9,CALL,0,Chicago,504713,Oshkosh Wautoma Branch,0,,Waushara,ALL OTHER > $1 BILLION,Large Bank,,09/11/1999,0,759,0,WI,1,Wisconsin,4,OCC,Cleveland,669902786,,0,450 E Main St,-89.2780829823008,,MINNEAPOLIS,39061,,Cincinnati,3,55137,,,U.S. Bank National Association,Wautoma,MN,2023_6548_759
45202,DIF,N,United States,54301,OCC,24580,8474,Ohio,01/01/1903,2023,Comptroller of the Currency,11,55,100.0,9,11523,United States,U.S. BANCORP,0,6,0,526741722,,Green Bay,MULT,CB,EXACT,,FED,0,,0,425 Walnut St,267,98725,1119794,9,6548,44.515115010792,OH,9,CALL,0,Chicago,504713,Green Bay Branch,1,,Brown,ALL OTHER > $1 BILLION,Large Bank,,09/11/1999,0,760,0,WI,1,Wisconsin,4,OCC,Cleveland,669902786,,0,425 Pine St,-88.0108259748718,,MINNEAPOLIS,39061,"Green Bay-Shawano, WI",Cincinnati,3,55009,,"Green Bay, WI",U.S. Bank National Association,Green Bay,MN,2023_6548_760
45202,DIF,N,United States,54301,OCC,24580,229674,Ohio,09/12/1984,2023,Comptroller of the Currency,11,55,100.0,9,11523,United States,U.S. BANCORP,0,6,0,526741722,,Green Bay,MULT,CB,EXACT,,FED,0,,0,425 Walnut St,267,86902,1119794,9,6548,44.4856330074769,OH,9,CALL,0,Chicago,504713,Green Bay Allouez Branch,1,,Brown,ALL OTHER > $1 BILLION,Large Bank,,09/11/1999,0,761,0,WI,1,Wisconsin,4,OCC,Cleveland,669902786,,0,1950 S Webster Ave,-88.0215890091013,,MINNEAPOLIS,39061,"Green Bay-Shawano, WI",Cincinnati,3,55009,,"Green Bay, WI",U.S. Bank National Association,Green Bay,MN,2023_6548_761
45202,DIF,N,United States,54304,OCC,24580,14912,Ohio,05/01/1974,2023,Comptroller of the Currency,11,55,100.0,9,11523,United States,U.S. BANCORP,0,6,0,526741722,,Green Bay,MULT,CB,EXACT,,FED,0,,0,425 Walnut St,267,76674,1119794,9,6548,44.5073620018118,OH,9,CALL,0,Chicago,504713,Green Bay West Side Branch,1,,Brown,ALL OTHER > $1 BILLION,Large Bank,,09/11/1999,0,762,0,WI,1,Wisconsin,4,OCC,Cleveland,669902786,,0,1317 Lombardi Access Rd,-88.0766209811329,,MINNEAPOLIS,39061,"Green Bay-Shawano, WI",Cincinnati,3,55009,,"Green Bay, WI",U.S. Bank National Association,Green Bay,MN,2023_6548_762
45202,DIF,N,United States,54968,OCC,0,3559,Ohio,01/01/1855,2023,Comptroller of the Currency,11,55,100.0,9,11523,United States,U.S. BANCORP,0,6,0,526741722,,Princeton,MULT,CB,EXACT,,FED,0,,0,425 Walnut St,0,50996,1119794,47,6548,43.8508299895799,OH,9,CALL,0,Chicago,504713,Fond Du Lac Princeton Branch,0,,Green Lake,ALL OTHER > $1 BILLION,Large Bank,,09/11/1999,0,763,0,WI,1,Wisconsin,4,OCC,Cleveland,669902786,,0,102 S Pearl St,-89.1303609912891,,MINNEAPOLIS,39061,,Cincinnati,3,55047,,,U.S. Bank National Association,Princeton,MN,2023_6548_763
45202,DIF,N,United States,54937,OCC,22540,207445,Ohio,03/29/1968,2023,Comptroller of the Currency,11,55,100.0,9,11523,United States,U.S. BANCORP,0,6,0,526741722,,Fond du Lac,MULT,CB,EXACT,,FED,0,,0,425 Walnut St,0,30133,1119794,39,6548,43.8088299910579,OH,9,CALL,0,Chicago,504713,North Fond Du Lac Branch,1,,Fond Du Lac,ALL OTHER > $1 BILLION,Large Bank,,09/11/1999,0,764,0,WI,1,Wisconsin,4,OCC,Cleveland,669902786,,0,718 Wisconsin Ave,-88.4807339908931,,MINNEAPOLIS,39061,,Cincinnati,3,55039,,"Fond du Lac, WI",U.S. Bank National Association,North Fond Du Lac,MN,2023_6548_764
45202,DIF,N,United States,54971,OCC,22540,226139,Ohio,03/02/1995,2023,Comptroller of the Currency,11,55,100.0,9,11523,United States,U.S. BANCORP,0,6,0,526741722,,Ripon,MULT,CB,EXACT,,FED,0,,0,425 Walnut St,0,43878,1119794,39,6548,43.8510190014965,OH,9,CALL,0,Chicago,504713,Fond Du Lac Ripon Branch,1,,Fond Du Lac,ALL OTHER > $1 BILLION,Large Bank,,09/11/1999,0,768,0,WI,1,Wisconsin,4,OCC,Cleveland,669902786,,0,738 W Fond Du Lac St,-88.8510179747134,,MINNEAPOLIS,39061,,Cincinnati,3,55039,,"Fond du Lac, WI",U.S. Bank National Association,Ripon,MN,2023_6548_768
45202,DIF,N,United States,53081,OCC,43100,3589,Ohio,07/01/1856,2023,Comptroller of the Currency,11,55,100.0,9,11523,United States,U.S. BANCORP,0,6,0,526741722,,Sheboygan,MULT,CB,EXACT,,FED,0,,0,425 Walnut St,0,113839,1119794,117,6548,43.7511940131668,OH,9,CALL,0,Chicago,504713,Sheboygan Main Branch,1,,Sheboygan,ALL OTHER > $1 BILLION,Large Bank,,09/11/1999,0,769,0,WI,1,Wisconsin,4,OCC,Cleveland,669902786,,0,605 N 8th St,-87.7125840297493,,MINNEAPOLIS,39061,,Cincinnati,3,55117,,"Sheboygan, WI",U.S. Bank National Association,Sheboygan,MN,2023_6548_769
45202,DIF,N,United States,53081,OCC,43100,8241,Ohio,08/18/1923,2023,Comptroller of the Currency,11,55,100.0,9,11523,United States,U.S. BANCORP,0,6,0,526741722,,Sheboygan,MULT,CB,EXACT,,FED,0,,0,425 Walnut St,0,83973,1119794,117,6548,43.7384790013258,OH,9,CALL,0,Chicago,504713,Sheboygan Southwest,1,,Sheboygan,ALL OTHER > $1 BILLION,Large Bank,,09/11/1999,0,770,0,WI,1,Wisconsin,4,OCC,Cleveland,669902786,,0,1450 S 12th St,-87.7199989965744,,MINNEAPOLIS,39061,,Cincinnati,3,55117,,"Sheboygan, WI",U.S. Bank National Association,Sheboygan,MN,2023_6548_770
45202,DIF,N,United States,53545,OCC,27500,208963,Ohio,06/04/1996,2023,Comptroller of the Currency,11,55,100.0,9,11523,United States,U.S. BANCORP,0,6,0,526741722,,Janesville,MULT,CB,EXACT,,FED,0,,0,425 Walnut St,357,43762,1119794,105,6548,42.7156879951785,OH,9,CALL,0,Chicago,504713,Janesville Madison Branch,1,,Rock,ALL OTHER > $1 BILLION,Large Bank,,09/11/1999,0,771,0,WI,1,Wisconsin,4,OCC,Cleveland,669902786,,0,2732 Milton Ave,-88.9985800390125,,MINNEAPOLIS,39061,"Madison-Janesville-Beloit, WI",Cincinnati,3,55105,,"Janesville-Beloit, WI",U.S. Bank National Association,Janesville,MN,2023_6548_771
45202,DIF,N,United States,54911,OCC,11540,6119,Ohio,01/01/1870,2023,Comptroller of the Currency,11,55,100.0,9,11523,United States,U.S. BANCORP,0,6,0,526741722,,Appleton,MULT,CB,EXACT,,FED,0,,0,425 Walnut St,118,91131,1119794,87,6548,44.263264007989,OH,9,CALL,0,Chicago,504713,Appleton Main Branch,1,,Outagamie,ALL OTHER > $1 BILLION,Large Bank,,09/11/1999,0,772,0,WI,1,Wisconsin,4,OCC,Cleveland,669902786,,0,200 N Durkee St,-88.4024600071844,,MINNEAPOLIS,39061,"Appleton-Oshkosh-Neenah, WI",Cincinnati,3,55087,,"Appleton, WI",U.S. Bank National Association,Appleton,MN,2023_6548_772
45202,DIF,N,United States,54914,OCC,11540,220311,Ohio,06/01/1983,2023,Comptroller of the Currency,11,55,100.0,9,11523,United States,U.S. BANCORP,0,6,0,526741722,,Appleton,MULT,CB,EXACT,,FED,0,,0,425 Walnut St,118,67214,1119794,87,6548,44.2869780046339,OH,9,CALL,0,Chicago,504713,Appleton Grand Chute Branch,1,,Outagamie,ALL OTHER > $1 BILLION,Large Bank,,09/11/1999,0,774,0,WI,1,Wisconsin,4,OCC,Cleveland,669902786,,0,2445 W Northland Ave,-88.4457520341714,,MINNEAPOLIS,39061,"Appleton-Oshkosh-Neenah, WI",Cincinnati,3,55087,,"Appleton, WI",U.S. Bank National Association,Appleton,MN,2023_6548_774
45202,DIF,N,United States,54952,OCC,36780,220312,Ohio,08/08/1988,2023,Comptroller of the Currency,11,55,100.0,9,11523,United States,U.S. BANCORP,0,6,0,526741722,,Menasha,MULT,CB,EXACT,,FED,0,,0,425 Walnut St,118,26315,1119794,139,6548,44.2013450033038,OH,9,CALL,0,Chicago,504713,Appleton Menasha Branch,1,,Winnebago,ALL OTHER > $1 BILLION,Large Bank,,09/11/1999,0,775,0,WI,1,Wisconsin,4,OCC,Cleveland,669902786,,0,150 Main St,-88.4496890140929,,MINNEAPOLIS,39061,"Appleton-Oshkosh-Neenah, WI",Cincinnati,3,55139,,"Oshkosh-Neenah, WI",U.S. Bank National Association,Menasha,MN,2023_6548_775
45202,DIF,N,United States,54482,OCC,0,208964,Ohio,03/10/1998,2023,Comptroller of the Currency,11,55,100.0,9,11523,United States,U.S. BANCORP,0,6,0,526741722,,Stevens Point,MULT,CB,EXACT,,FED,0,,0,425 Walnut St,554,80715,1119794,97,6548,44.5230240069903,OH,9,CALL,0,Chicago,504713,Stevens Point,0,,Portage,ALL OTHER > $1 BILLION,Large Bank,,09/11/1999,1,776,0,WI,1,Wisconsin,4,OCC,Cleveland,669902786,,0,5673 Us Highway 10 E,-89.5044409714194,,MINNEAPOLIS,39061,"Wausau-Stevens Point-Wisconsin Rapids, WI",Cincinnati,3,55097,,,U.S. Bank National Association,Stevens Point,MN,2023_6548_776
45202,DIF,N,United States,53202,OCC,33340,3573,Ohio,01/01/1853,2023,Comptroller of the Currency,11,55,100.0,9,11523,United States,U.S. BANCORP,0,6,0,526741722,,Milwaukee,MULT,CB,EXACT,,FED,0,,0,425 Walnut St,376,24107358,1119794,79,6548,43.03832400266,OH,9,CALL,0,Chicago,504713,Center Branch,1,,Milwaukee,ALL OTHER > $1 BILLION,Large Bank,,10/15/1999,0,782,0,WI,1,Wisconsin,4,OCC,Cleveland,669902786,,0,777 E Wisconsin Ave,-87.902096010699,,MINNEAPOLIS,39061,"Milwaukee-Racine-Waukesha, WI",Cincinnati,3,55079,,"Milwaukee-Waukesha, WI",U.S. Bank National Association,Milwaukee,MN,2023_6548_782
45202,DIF,N,United States,53207,OCC,33340,207500,Ohio,10/19/1932,2023,Comptroller of the Currency,11,55,100.0,9,11523,United States,U.S. BANCORP,0,6,0,526741722,,Milwaukee,MULT,CB,EXACT,,FED,0,,0,425 Walnut St,376,139278,1119794,79,6548,42.9714149995574,OH,9,CALL,0,Chicago,504713,Howell Branch,1,,Milwaukee,ALL OTHER > $1 BILLION,Large Bank,,10/15/1999,0,783,0,WI,1,Wisconsin,4,OCC,Cleveland,669902786,,0,4015 S Howell Ave,-87.9099449924705,,MINNEAPOLIS,39061,"Milwaukee-Racine-Waukesha, WI",Cincinnati,3,55079,,"Milwaukee-Waukesha, WI",U.S. Bank National Association,Milwaukee,MN,2023_6548_783
45202,DIF,N,United States,53209,OCC,33340,207501,Ohio,12/31/1934,2023,Comptroller of the Currency,11,55,100.0,9,11523,United States,U.S. BANCORP,0,6,0,526741722,,Milwaukee,MULT,CB,EXACT,,FED,0,,0,425 Walnut St,376,41963,1119794,79,6548,43.1122039831766,OH,9,CALL,0,Chicago,504713,Villard Branch,1,,Milwaukee,ALL OTHER > $1 BILLION,Large Bank,,10/15/1999,0,784,0,WI,1,Wisconsin,4,OCC,Cleveland,669902786,,0,3720 W Villard Ave,-87.9597019813767,,MINNEAPOLIS,39061,"Milwaukee-Racine-Waukesha, WI",Cincinnati,3,55079,,"Milwaukee-Waukesha, WI",U.S. Bank National Association,Milwaukee,MN,2023_6548_784
45202,DIF,N,United States,53211,OCC,33340,207502,Ohio,12/31/1934,2023,Comptroller of the Currency,11,55,100.0,9,11523,United States,U.S. BANCORP,0,6,0,526741722,,Milwaukee,MULT,CB,EXACT,,FED,0,,0,425 Walnut St,376,231042,1119794,79,6548,43.060563999722,OH,9,CALL,0,Chicago,504713,Farwell Branch,1,,Milwaukee,ALL OTHER > $1 BILLION,Large Bank,,10/15/1999,0,785,0,WI,1,Wisconsin,4,OCC,Cleveland,669902786,,0,2303 N Farwell Ave,-87.885361038095,,MINNEAPOLIS,39061,"Milwaukee-Racine-Waukesha, WI",Cincinnati,3,55079,,"Milwaukee-Waukesha, WI",U.S. Bank National Association,Milwaukee,MN,2023_6548_785
45202,DIF,N,United States,53204,OCC,33340,207504,Ohio,01/01/1906,2023,Comptroller of the Currency,11,55,96.5,9,11523,United States,U.S. BANCORP,0,6,0,526741722,,Milwaukee,MULT,CB,StreetName,,FED,0,,0,425 Walnut St,376,65806,1119794,79,6548,43.0123100117838,OH,9,CALL,0,Chicago,504713,Mitchell Branch,1,,Milwaukee,ALL OTHER > $1 BILLION,Large Bank,,10/15/1999,0,786,0,WI,1,Wisconsin,4,OCC,Cleveland,669902786,,0,939 W Mitchell St,-87.9138800045025,,MINNEAPOLIS,39061,"Milwaukee-Racine-Waukesha, WI",Cincinnati,3,55079,,"Milwaukee-Waukesha, WI",U.S. Bank National Association,Milwaukee,MN,2023_6548_786
45202,DIF,N,United States,53219,OCC,33340,207505,Ohio,12/15/1928,2023,Comptroller of the Currency,11,55,100.0,9,11523,United States,U.S. BANCORP,0,6,0,526741722,,Milwaukee,MULT,CB,EXACT,,FED,0,,0,425 Walnut St,376,181799,1119794,79,6548,42.9878569827358,OH,9,CALL,0,Chicago,504713,Oklahoma At 74Th Branch,1,,Milwaukee,ALL OTHER > $1 BILLION,Large Bank,,10/15/1999,0,787,0,WI,1,Wisconsin,4,OCC,Cleveland,669902786,,0,7325 W Oklahoma Ave,-88.0047869812719,,MINNEAPOLIS,39061,"Milwaukee-Racine-Waukesha, WI",Cincinnati,3,55079,,"Milwaukee-Waukesha, WI",U.S. Bank National Association,Milwaukee,MN,2023_6548_787
45202,DIF,N,United States,53216,OCC,33340,207506,Ohio,12/28/1934,2023,Comptroller of the Currency,11,55,100.0,9,11523,United States,U.S. BANCORP,0,6,0,526741722,,Milwaukee,MULT,CB,EXACT,,FED,0,,0,425 Walnut St,376,81515,1119794,79,6548,43.0902700093995,OH,9,CALL,0,Chicago,504713,Capitol Court Branch,1,,Milwaukee,ALL OTHER > $1 BILLION,Large Bank,,10/15/1999,0,788,0,WI,1,Wisconsin,4,OCC,Cleveland,669902786,,0,5526 W Capitol Dr,-87.9827630277643,,MINNEAPOLIS,39061,"Milwaukee-Racine-Waukesha, WI",Cincinnati,3,55079,,"Milwaukee-Waukesha, WI",U.S. Bank National Association,Milwaukee,MN,2023_6548_788
45202,DIF,N,United States,53222,OCC,33340,207507,Ohio,12/15/1928,2023,Comptroller of the Currency,11,55,100.0,9,11523,United States,U.S. BANCORP,0,6,0,526741722,,Milwaukee,MULT,CB,EXACT,,FED,0,,0,425 Walnut St,376,84435,1119794,79,6548,43.089234006167,OH,9,CALL,0,Chicago,504713,Capitol &  Lisbon Branch,1,,Milwaukee,ALL OTHER > $1 BILLION,Large Bank,,10/15/1999,0,789,0,WI,1,Wisconsin,4,OCC,Cleveland,669902786,,0,9921 W Capitol Dr,-88.0373309776361,,MINNEAPOLIS,39061,"Milwaukee-Racine-Waukesha, WI",Cincinnati,3,55079,,"Milwaukee-Waukesha, WI",U.S. Bank National Association,Milwaukee,MN,2023_6548_789
45202,DIF,N,United States,53208,OCC,33340,207508,Ohio,11/21/1932,2023,Comptroller of the Currency,11,55,100.0,9,11523,United States,U.S. BANCORP,0,6,0,526741722,,Milwaukee,MULT,CB,EXACT,,FED,0,,0,425 Walnut St,376,98602,1119794,79,6548,43.0608789916434,OH,9,CALL,0,Chicago,504713,North At 52Nd Branch,1,,Milwaukee,ALL OTHER > $1 BILLION,Large Bank,,10/15/1999,0,790,0,WI,1,Wisconsin,4,OCC,Cleveland,669902786,,0,5220 W North Ave,-87.9795800000334,,MINNEAPOLIS,39061,"Milwaukee-Racine-Waukesha, WI",Cincinnati,3,55079,,"Milwaukee-Waukesha, WI",U.S. Bank National Association,Milwaukee,MN,2023_6548_790
45202,DIF,N,United States,53233,OCC,33340,207510,Ohio,12/29/1934,2023,Comptroller of the Currency,11,55,100.0,9,11523,United States,U.S. BANCORP,0,6,0,526741722,,Milwaukee,MULT,CB,EXACT,,FED,0,,0,425 Walnut St,376,33867,1119794,79,6548,43.0384460012608,OH,9,CALL,0,Chicago,504713,Wisconsin At 26Th Branch,1,,Milwaukee,ALL OTHER > $1 BILLION,Large Bank,,10/15/1999,0,792,0,WI,1,Wisconsin,4,OCC,Cleveland,669902786,,0,2537 W Wisconsin Ave,-87.9459860026585,,MINNEAPOLIS,39061,"Milwaukee-Racine-Waukesha, WI",Cincinnati,3,55079,,"Milwaukee-Waukesha, WI",U.S. Bank National Association,Milwaukee,MN,2023_6548_792
45202,DIF,N,United States,53217,OCC,33340,207511,Ohio,03/29/1968,2023,Comptroller of the Currency,11,55,100.0,9,11523,United States,U.S. BANCORP,0,6,0,526741722,,Milwaukee,MULT,CB,EXACT,,FED,0,,0,425 Walnut St,376,130313,1119794,79,6548,43.1771509922934,OH,9,CALL,0,Chicago,504713,Bayside Branch,1,,Milwaukee,ALL OTHER > $1 BILLION,Large Bank,,10/15/1999,0,793,0,WI,1,Wisconsin,4,OCC,Cleveland,669902786,,0,400 W Brown Deer Rd,-87.9138569943206,,MINNEAPOLIS,39061,"Milwaukee-Racine-Waukesha, WI",Cincinnati,3,55079,,"Milwaukee-Waukesha, WI",U.S. Bank National Association,Bayside,MN,2023_6548_793
45202,DIF,N,United States,53217,OCC,33340,12959,Ohio,06/08/1964,2023,Comptroller of the Currency,11,55,100.0,9,11523,United States,U.S. BANCORP,0,6,0,526741722,,Milwaukee,MULT,CB,EXACT,,FED,0,,0,425 Walnut St,376,161794,1119794,79,6548,43.1234890004264,OH,9,CALL,0,Chicago,504713,Bay Shore Branch,1,,Milwaukee,ALL OTHER > $1 BILLION,Large Bank,,10/15/1999,0,796,0,WI,1,Wisconsin,4,OCC,Cleveland,669902786,,0,5888 N Port Washington Rd,-87.914510028397,,MINNEAPOLIS,39061,"Milwaukee-Racine-Waukesha, WI",Cincinnati,3,55079,,"Milwaukee-Waukesha, WI",U.S. Bank National Association,Glendale,MN,2023_6548_796
45202,DIF,N,United States,53223,OCC,33340,13685,Ohio,03/10/1969,2023,Comptroller of the Currency,11,55,100.0,9,11523,United States,U.S. BANCORP,0,6,0,526741722,,Milwaukee,MULT,CB,EXACT,,FED,0,,0,425 Walnut St,376,64711,1119794,79,6548,43.1491209860654,OH,9,CALL,0,Chicago,504713,Northwestern Branch,1,,Milwaukee,ALL OTHER > $1 BILLION,Large Bank,,10/15/1999,0,800,0,WI,1,Wisconsin,4,OCC,Cleveland,669902786,,0,7500 W Good Hope Rd,-88.0048159826569,,MINNEAPOLIS,39061,"Milwaukee-Racine-Waukesha, WI",Cincinnati,3,55079,,"Milwaukee-Waukesha, WI",U.S. Bank National Association,Milwaukee,MN,2023_6548_800
45202,DIF,N,United States,53012,OCC,33340,7167,Ohio,01/01/1908,2023,Comptroller of the Currency,11,55,US_Zipcode,9,11523,United States,U.S. BANCORP,0,6,0,526741722,,Cedarburg,MULT,CB,M,,FED,0,,0,425 Walnut St,376,121187,1119794,89,6548,43.31496,OH,9,CALL,0,Chicago,504713,Cedarburg Branch,1,,Ozaukee,ALL OTHER > $1 BILLION,Large Bank,,10/15/1999,0,801,0,WI,1,Wisconsin,4,OCC,Cleveland,669902786,,0,N61 W6312 Turner Street,-88.034806,,MINNEAPOLIS,39061,"Milwaukee-Racine-Waukesha, WI",Cincinnati,3,55089,,"Milwaukee-Waukesha, WI",U.S. Bank National Association,Cedarburg,MN,2023_6548_801
45202,DIF,N,United States,53226,OCC,33340,12199,Ohio,08/01/1960,2023,Comptroller of the Currency,11,55,100.0,9,11523,United States,U.S. BANCORP,0,6,0,526741722,,Milwaukee,MULT,CB,EXACT,,FED,0,,0,425 Walnut St,376,181556,1119794,79,6548,43.0612749946589,OH,9,CALL,0,Chicago,504713,Mayfair Office,1,,Milwaukee,ALL OTHER > $1 BILLION,Large Bank,,10/15/1999,0,804,0,WI,1,Wisconsin,4,OCC,Cleveland,669902786,,0,2323 N Mayfair Rd,-88.0484260190504,,MINNEAPOLIS,39061,"Milwaukee-Racine-Waukesha, WI",Cincinnati,3,55079,,"Milwaukee-Waukesha, WI",U.S. Bank National Association,Wauwatosa,MN,2023_6548_804
45202,DIF,N,United States,53092,OCC,33340,13536,Ohio,08/14/1967,2023,Comptroller of the Currency,11,55,100.0,9,11523,United States,U.S. BANCORP,0,6,0,526741722,,Mequon,MULT,CB,EXACT,,FED,0,,0,425 Walnut St,376,201113,1119794,89,6548,43.2199240118358,OH,9,CALL,0,Chicago,504713,Mequon Branch,1,,Ozaukee,ALL OTHER > $1 BILLION,Large Bank,,10/15/1999,0,806,0,WI,1,Wisconsin,4,OCC,Cleveland,669902786,,0,11111 N Port Washington Rd,-87.9248279835679,,MINNEAPOLIS,39061,"Milwaukee-Racine-Waukesha, WI",Cincinnati,3,55089,,"Milwaukee-Waukesha, WI",U.S. Bank National Association,Mequon,MN,2023_6548_806
45202,DIF,N,United States,53189,OCC,33340,14512,Ohio,03/27/1973,2023,Comptroller of the Currency,11,55,100.0,9,11523,United States,U.S. BANCORP,0,6,0,526741722,,Waukesha,MULT,CB,EXACT,,FED,0,,0,425 Walnut St,376,149006,1119794,133,6548,42.9879009877275,OH,9,CALL,0,Chicago,504713,Sunset Branch,1,,Waukesha,ALL OTHER > $1 BILLION,Large Bank,,10/15/1999,0,807,0,WI,1,Wisconsin,4,OCC,Cleveland,669902786,,0,101 E Sunset Dr,-88.2265950218898,,MINNEAPOLIS,39061,"Milwaukee-Racine-Waukesha, WI",Cincinnati,3,55133,,"Milwaukee-Waukesha, WI",U.S. Bank National Association,Waukesha,MN,2023_6548_807
45202,DIF,N,United States,53018,OCC,33340,252029,Ohio,04/18/1983,2023,Comptroller of the Currency,11,55,100.0,9,11523,United States,U.S. BANCORP,0,6,0,526741722,,Delafield,MULT,CB,EXACT,,FED,0,,0,425 Walnut St,376,90745,1119794,133,6548,43.0503610023532,OH,9,CALL,0,Chicago,504713,Delafield Branch,1,,Waukesha,ALL OTHER > $1 BILLION,Large Bank,,10/15/1999,0,808,0,WI,1,Wisconsin,4,OCC,Cleveland,669902786,,0,2805 Heritage Dr,-88.372048031712,,MINNEAPOLIS,39061,"Milwaukee-Racine-Waukesha, WI",Cincinnati,3,55133,,"Milwaukee-Waukesha, WI",U.S. Bank National Association,Delafield,MN,2023_6548_808
45202,DIF,N,United States,53072,OCC,33340,252030,Ohio,07/20/1987,2023,Comptroller of the Currency,11,55,100.0,9,11523,United States,U.S. BANCORP,0,6,0,526741722,,Pewaukee,MULT,CB,EXACT,,FED,0,,0,425 Walnut St,376,93892,1119794,133,6548,43.0431839977592,OH,9,CALL,0,Chicago,504713,Silvernail Branch,1,,Waukesha,ALL OTHER > $1 BILLION,Large Bank,,10/15/1999,0,809,0,WI,1,Wisconsin,4,OCC,Cleveland,669902786,,0,2040 Silvernail Rd,-88.2586589866591,,MINNEAPOLIS,39061,"Milwaukee-Racine-Waukesha, WI",Cincinnati,3,55133,,"Milwaukee-Waukesha, WI",U.S. Bank National Association,Pewaukee,MN,2023_6548_809
45202,DIF,N,United States,53221,OCC,33340,11792,Ohio,04/07/1958,2023,Comptroller of the Currency,11,55,100.0,9,11523,United States,U.S. BANCORP,0,6,0,526741722,,Milwaukee,MULT,CB,EXACT,,FED,0,,0,425 Walnut St,376,127669,1119794,79,6548,42.9660610169946,OH,9,CALL,0,Chicago,504713,Greenfield Branch,1,,Milwaukee,ALL OTHER > $1 BILLION,Large Bank,,10/15/1999,0,810,0,WI,1,Wisconsin,4,OCC,Cleveland,669902786,,0,4333 S 27th St,-87.9490879773857,,MINNEAPOLIS,39061,"Milwaukee-Racine-Waukesha, WI",Cincinnati,3,55079,,"Milwaukee-Waukesha, WI",U.S. Bank National Association,Greenfield,MN,2023_6548_810
45202,DIF,N,United States,53132,OCC,33340,243006,Ohio,03/29/1968,2023,Comptroller of the Currency,11,55,100.0,9,11523,United States,U.S. BANCORP,0,6,0,526741722,,Franklin,MULT,CB,EXACT,,FED,0,,0,425 Walnut St,376,109451,1119794,79,6548,42.9019050080804,OH,9,CALL,0,Chicago,504713,Franklin Branch,1,,Milwaukee,ALL OTHER > $1 BILLION,Large Bank,,10/15/1999,0,811,0,WI,1,Wisconsin,4,OCC,Cleveland,669902786,,0,9109 W Drexel Ave,-88.0287670195237,,MINNEAPOLIS,39061,"Milwaukee-Racine-Waukesha, WI",Cincinnati,3,55079,,"Milwaukee-Waukesha, WI",U.S. Bank National Association,Franklin,MN,2023_6548_811
45202,DIF,N,United States,53005,OCC,33340,13035,Ohio,09/01/1964,2023,Comptroller of the Currency,11,55,100.0,9,11523,United States,U.S. BANCORP,0,6,0,526741722,,Brookfield,MULT,CB,EXACT,,FED,0,,0,425 Walnut St,376,153898,1119794,133,6548,43.0339629822569,OH,9,CALL,0,Chicago,504713,Brookfield Square Branch,1,,Waukesha,ALL OTHER > $1 BILLION,Large Bank,,10/15/1999,0,812,0,WI,1,Wisconsin,4,OCC,Cleveland,669902786,,0,205 N Moorland Rd,-88.1072870120906,,MINNEAPOLIS,39061,"Milwaukee-Racine-Waukesha, WI",Cincinnati,3,55133,,"Milwaukee-Waukesha, WI",U.S. Bank National Association,Brookfield,MN,2023_6548_812
45202,DIF,N,United States,53150,OCC,33340,247643,Ohio,05/20/1968,2023,Comptroller of the Currency,11,55,100.0,9,11523,United States,U.S. BANCORP,0,6,0,526741722,,Muskego,MULT,CB,EXACT,,FED,0,,0,425 Walnut St,376,124916,1119794,133,6548,42.9081719894466,OH,9,CALL,0,Chicago,504713,Muskego Branch,1,,Waukesha,ALL OTHER > $1 BILLION,Large Bank,,10/15/1999,0,813,0,WI,1,Wisconsin,4,OCC,Cleveland,669902786,,0,S75w17125 Janesville Rd,-88.1287300158891,,MINNEAPOLIS,39061,"Milwaukee-Racine-Waukesha, WI",Cincinnati,3,55133,,"Milwaukee-Waukesha, WI",U.S. Bank National Association,Muskego,MN,2023_6548_813
45202,DIF,N,United States,53005,OCC,33340,247645,Ohio,08/12/1985,2023,Comptroller of the Currency,11,55,100.0,9,11523,United States,U.S. BANCORP,0,6,0,526741722,,Brookfield,MULT,CB,EXACT,,FED,0,,0,425 Walnut St,376,167004,1119794,133,6548,43.0360170095395,OH,9,CALL,0,Chicago,504713,Market Square Branch,1,,Waukesha,ALL OTHER > $1 BILLION,Large Bank,,10/15/1999,0,814,0,WI,1,Wisconsin,4,OCC,Cleveland,669902786,,0,17195 W Bluemound Rd,-88.1262700111262,,MINNEAPOLIS,39061,"Milwaukee-Racine-Waukesha, WI",Cincinnati,3,55133,,"Milwaukee-Waukesha, WI",U.S. Bank National Association,Brookfield,MN,2023_6548_814
45202,DIF,N,United States,53129,OCC,33340,207521,Ohio,08/19/1991,2023,Comptroller of the Currency,11,55,100.0,9,11523,United States,U.S. BANCORP,0,6,0,526741722,,Greendale,MULT,CB,EXACT,,FED,0,,0,425 Walnut St,376,134643,1119794,79,6548,42.9472169899136,OH,9,CALL,0,Chicago,504713,Southridge Branch,1,,Milwaukee,ALL OTHER > $1 BILLION,Large Bank,,10/15/1999,0,815,0,WI,1,Wisconsin,4,OCC,Cleveland,669902786,,0,5434 S 76th St,-88.0079679973461,,MINNEAPOLIS,39061,"Milwaukee-Racine-Waukesha, WI",Cincinnati,3,55079,,"Milwaukee-Waukesha, WI",U.S. Bank National Association,Greendale,MN,2023_6548_815
45202,DIF,N,United States,53122,OCC,33340,281389,Ohio,04/30/1979,2023,Comptroller of the Currency,11,55,100.0,9,11523,United States,U.S. BANCORP,0,6,0,526741722,,Elm Grove,MULT,CB,EXACT,,FED,0,,0,425 Walnut St,376,97544,1119794,133,6548,43.0419599884385,OH,9,CALL,0,Chicago,504713,Elm Grove Branch,1,,Waukesha,ALL OTHER > $1 BILLION,Large Bank,,10/15/1999,0,816,0,WI,1,Wisconsin,4,OCC,Cleveland,669902786,,0,945 Elm Grove Rd,-88.0805360004681,,MINNEAPOLIS,39061,"Milwaukee-Racine-Waukesha, WI",Cincinnati,3,55133,,"Milwaukee-Waukesha, WI",U.S. Bank National Association,Elm Grove,MN,2023_6548_816
45202,DIF,N,United States,53007,OCC,33340,43497,Ohio,10/01/1953,2023,Comptroller of the Currency,11,55,100.0,9,11523,United States,U.S. BANCORP,0,6,0,526741722,,Butler,MULT,CB,EXACT,,FED,0,,0,425 Walnut St,376,57636,1119794,133,6548,43.1043500141727,OH,9,CALL,0,Chicago,504713,Butler Branch,1,,Waukesha,ALL OTHER > $1 BILLION,Large Bank,,10/15/1999,0,819,0,WI,1,Wisconsin,4,OCC,Cleveland,669902786,,0,13195 W Hampton Ave,-88.0757399592901,,MINNEAPOLIS,39061,"Milwaukee-Racine-Waukesha, WI",Cincinnati,3,55133,,"Milwaukee-Waukesha, WI",U.S. Bank National Association,Butler,MN,2023_6548_819
45202,DIF,N,United States,53066,OCC,33340,280203,Ohio,01/01/1946,2023,Comptroller of the Currency,11,55,100.0,9,11523,United States,U.S. BANCORP,0,6,0,526741722,,Oconomowoc,MULT,CB,EXACT,,FED,0,,0,425 Walnut St,376,68582,1119794,133,6548,43.077559020872,OH,9,CALL,0,Chicago,504713,Oconomowoc Branch,1,,Waukesha,ALL OTHER > $1 BILLION,Large Bank,,10/15/1999,0,820,0,WI,1,Wisconsin,4,OCC,Cleveland,669902786,,0,"1674 Old Schoolhouse Rd, Ste 100",-88.4691149967113,,MINNEAPOLIS,39061,"Milwaukee-Racine-Waukesha, WI",Cincinnati,3,55133,,"Milwaukee-Waukesha, WI",U.S. Bank National Association,Oconomowoc,MN,2023_6548_820
45202,DIF,N,United States,53027,OCC,33340,281394,Ohio,06/30/1986,2023,Comptroller of the Currency,11,55,100.0,9,11523,United States,U.S. BANCORP,0,6,0,526741722,,Hartford,MULT,CB,EXACT,,FED,0,,0,425 Walnut St,376,93045,1119794,131,6548,43.3179727491541,OH,9,CALL,0,Chicago,504713,Hartford Branch,1,,Washington,ALL OTHER > $1 BILLION,Large Bank,,10/15/1999,0,821,0,WI,1,Wisconsin,4,OCC,Cleveland,669902786,,0,1472 E Sumner St,-88.3531449122136,,MINNEAPOLIS,39061,"Milwaukee-Racine-Waukesha, WI",Cincinnati,3,55131,,"Milwaukee-Waukesha, WI",U.S. Bank National Association,Hartford,MN,2023_6548_821
45202,DIF,N,United States,53051,OCC,33340,280205,Ohio,01/01/1946,2023,Comptroller of the Currency,11,55,US_Zipcode,9,11523,United States,U.S. BANCORP,0,6,0,526741722,,Menomonee Falls,MULT,CB,M,,FED,0,,0,425 Walnut St,376,113818,1119794,133,6548,43.148866,OH,9,CALL,0,Chicago,504713,Menomonee Falls Branch,1,,Waukesha,ALL OTHER > $1 BILLION,Large Bank,,10/15/1999,0,822,0,WI,1,Wisconsin,4,OCC,Cleveland,669902786,,0,N78 W14545 Appleton Avenue,-88.121946,,MINNEAPOLIS,39061,"Milwaukee-Racine-Waukesha, WI",Cincinnati,3,55133,,"Milwaukee-Waukesha, WI",U.S. Bank National Association,Menomonee Falls,MN,2023_6548_822
45202,DIF,N,United States,53095,OCC,33340,280206,Ohio,06/30/1985,2023,Comptroller of the Currency,11,55,100.0,9,11523,United States,U.S. BANCORP,0,6,0,526741722,,West Bend,MULT,CB,EXACT,,FED,0,,0,425 Walnut St,376,63441,1119794,131,6548,43.4267866161777,OH,9,CALL,0,Chicago,504713,West Bend Branch,1,,Washington,ALL OTHER > $1 BILLION,Large Bank,,10/15/1999,0,823,0,WI,1,Wisconsin,4,OCC,Cleveland,669902786,,0,2165 W Washington St,-88.2065642011382,,MINNEAPOLIS,39061,"Milwaukee-Racine-Waukesha, WI",Cincinnati,3,55131,,"Milwaukee-Waukesha, WI",U.S. Bank National Association,West Bend,MN,2023_6548_823
45202,DIF,N,United States,53029,OCC,33340,263413,Ohio,01/01/1925,2023,Comptroller of the Currency,11,55,100.0,9,11523,United States,U.S. BANCORP,0,6,0,526741722,,Hartland,MULT,CB,EXACT,,FED,0,,0,425 Walnut St,376,111360,1119794,133,6548,43.104833985262,OH,9,CALL,0,Chicago,504713,Hartland Branch,1,,Waukesha,ALL OTHER > $1 BILLION,Large Bank,,10/15/1999,0,825,0,WI,1,Wisconsin,4,OCC,Cleveland,669902786,,0,160 E Capitol Dr,-88.345169028428,,MINNEAPOLIS,39061,"Milwaukee-Racine-Waukesha, WI",Cincinnati,3,55133,,"Milwaukee-Waukesha, WI",U.S. Bank National Association,Hartland,MN,2023_6548_825
45202,DIF,N,United States,53089,OCC,33340,263414,Ohio,01/01/1925,2023,Comptroller of the Currency,11,55,100.0,9,11523,United States,U.S. BANCORP,0,6,0,526741722,,Sussex,MULT,CB,Postal,,FED,0,,0,425 Walnut St,376,79382,1119794,133,6548,43.1381742291584,OH,9,CALL,0,Chicago,504713,Sussex Branch,1,,Waukesha,ALL OTHER > $1 BILLION,Large Bank,,10/15/1999,0,826,0,WI,1,Wisconsin,4,OCC,Cleveland,669902786,,0,N 64 W 24857 Main Street,-88.2308169362518,,MINNEAPOLIS,39061,"Milwaukee-Racine-Waukesha, WI",Cincinnati,3,55133,,"Milwaukee-Waukesha, WI",U.S. Bank National Association,Sussex,MN,2023_6548_826
45202,DIF,N,United States,53022,OCC,33340,263418,Ohio,01/01/1925,2023,Comptroller of the Currency,11,55,US_Zipcode,9,11523,United States,U.S. BANCORP,0,6,0,526741722,,Germantown,MULT,CB,M,,FED,0,,0,425 Walnut St,376,112810,1119794,131,6548,43.231016,OH,9,CALL,0,Chicago,504713,Germantown Branch,1,,Washington,ALL OTHER > $1 BILLION,Large Bank,,10/15/1999,0,827,0,WI,1,Wisconsin,4,OCC,Cleveland,669902786,,0,N96 W18480 County Line Road,-88.111702,,MINNEAPOLIS,39061,"Milwaukee-Racine-Waukesha, WI",Cincinnati,3,55131,,"Milwaukee-Waukesha, WI",U.S. Bank National Association,Germantown,MN,2023_6548_827
45202,DIF,N,United States,53406,OCC,39540,6131,Ohio,01/01/1923,2023,Comptroller of the Currency,11,55,100.0,9,11523,United States,U.S. BANCORP,0,6,0,526741722,,Racine,MULT,CB,EXACT,,FED,0,,0,425 Walnut St,376,141454,1119794,101,6548,42.7180659830189,OH,9,CALL,0,Chicago,504713,Racine Branch,1,,Racine,ALL OTHER > $1 BILLION,Large Bank,,10/15/1999,0,828,0,WI,1,Wisconsin,4,OCC,Cleveland,669902786,,0,4701 Washington Ave,-87.8368040024474,,MINNEAPOLIS,39061,"Milwaukee-Racine-Waukesha, WI",Cincinnati,3,55101,,"Racine-Mount Pleasant, WI",U.S. Bank National Association,Racine,MN,2023_6548_828
45202,DIF,N,United States,53121,OCC,0,12014,Ohio,10/09/1959,2023,Comptroller of the Currency,11,55,100.0,9,11523,United States,U.S. BANCORP,0,6,0,526741722,,Elkhorn,MULT,CB,EXACT,,FED,0,,0,425 Walnut St,376,68686,1119794,127,6548,42.6715809957458,OH,9,CALL,0,Chicago,504713,Elkhorn Branch,0,,Walworth,ALL OTHER > $1 BILLION,Large Bank,,10/15/1999,1,829,0,WI,1,Wisconsin,4,OCC,Cleveland,669902786,,0,101 E Walworth St,-88.5418969898214,,MINNEAPOLIS,39061,"Milwaukee-Racine-Waukesha, WI",Cincinnati,3,55127,,,U.S. Bank National Association,Elkhorn,MN,2023_6548_829
45202,DIF,N,United States,53142,OCC,28450,207522,Ohio,12/12/1994,2023,Comptroller of the Currency,11,55,100.0,9,11523,United States,U.S. BANCORP,0,6,0,526741722,,Kenosha,MULT,CB,EXACT,,FED,0,,0,425 Walnut St,176,51716,1119794,59,6548,42.5593040196967,OH,9,CALL,0,Chicago,504713,Kenosha South Branch,1,,Kenosha,ALL OTHER > $1 BILLION,Large Bank,,10/15/1999,0,831,0,WI,1,Wisconsin,4,OCC,Cleveland,669902786,,0,3314 80th St,-87.8492060340239,,MINNEAPOLIS,39061,"Chicago-Naperville, IL-IN-WI",Cincinnati,3,55059,,"Kenosha, WI",U.S. Bank National Association,Kenosha,MN,2023_6548_831
45202,DIF,N,United States,53147,OCC,0,3567,Ohio,02/01/1884,2023,Comptroller of the Currency,11,55,100.0,9,11523,United States,U.S. BANCORP,0,6,0,526741722,,Lake Geneva,MULT,CB,EXACT,,FED,0,,0,425 Walnut St,376,114010,1119794,127,6548,42.5932759989953,OH,9,CALL,0,Chicago,504713,Lake Geneva Branch,0,,Walworth,ALL OTHER > $1 BILLION,Large Bank,,10/15/1999,1,832,0,WI,1,Wisconsin,4,OCC,Cleveland,669902786,,0,303 Center St,-88.4332540298036,,MINNEAPOLIS,39061,"Milwaukee-Racine-Waukesha, WI",Cincinnati,3,55127,,,U.S. Bank National Association,Lake Geneva,MN,2023_6548_832
45202,DIF,N,United States,53115,OCC,0,207476,Ohio,02/18/1986,2023,Comptroller of the Currency,11,55,100.0,9,11523,United States,U.S. BANCORP,0,6,0,526741722,,Delavan,MULT,CB,EXACT,,FED,0,,0,425 Walnut St,376,53931,1119794,127,6548,42.6279989968184,OH,9,CALL,0,Chicago,504713,Delavan Branch,0,,Walworth,ALL OTHER > $1 BILLION,Large Bank,,10/15/1999,1,834,0,WI,1,Wisconsin,4,OCC,Cleveland,669902786,,0,1121 E Geneva St,-88.6291139613041,,MINNEAPOLIS,39061,"Milwaukee-Racine-Waukesha, WI",Cincinnati,3,55127,,,U.S. Bank National Association,Delavan,MN,2023_6548_834
45202,DIF,N,United States,53181,OCC,28450,207477,Ohio,04/01/1985,2023,Comptroller of the Currency,11,55,100.0,9,11523,United States,U.S. BANCORP,0,6,0,526741722,,Twin Lakes,MULT,CB,EXACT,,FED,0,,0,425 Walnut St,176,55890,1119794,59,6548,42.5391149905227,OH,9,CALL,0,Chicago,504713,Twin Lakes Branch,1,,Kenosha,ALL OTHER > $1 BILLION,Large Bank,,10/15/1999,0,835,0,WI,1,Wisconsin,4,OCC,Cleveland,669902786,,0,720 N Lake Ave,-88.2458050028634,,MINNEAPOLIS,39061,"Chicago-Naperville, IL-IN-WI",Cincinnati,3,55059,,"Kenosha, WI",U.S. Bank National Association,Twin Lakes,MN,2023_6548_835
45202,DIF,N,United States,53140,OCC,28450,237882,Ohio,07/01/1969,2023,Comptroller of the Currency,11,55,100.0,9,11523,United States,U.S. BANCORP,0,6,0,526741722,,Kenosha,MULT,CB,EXACT,,FED,0,,0,425 Walnut St,176,53200,1119794,59,6548,42.623978994146,OH,9,CALL,0,Chicago,504713,Parkside Branch,1,,Kenosha,ALL OTHER > $1 BILLION,Large Bank,,10/15/1999,0,839,0,WI,1,Wisconsin,4,OCC,Cleveland,669902786,,0,1800 22nd Ave,-87.8366729933008,,MINNEAPOLIS,39061,"Chicago-Naperville, IL-IN-WI",Cincinnati,3,55059,,"Kenosha, WI",U.S. Bank National Association,Kenosha,MN,2023_6548_839
45202,DIF,N,United States,53142,OCC,28450,14000,Ohio,01/04/1971,2023,Comptroller of the Currency,11,55,100.0,9,11523,United States,U.S. BANCORP,0,6,0,526741722,,Kenosha,MULT,CB,EXACT,,FED,0,,0,425 Walnut St,176,62140,1119794,59,6548,42.5658890104694,OH,9,CALL,0,Chicago,504713,West Kenosha Branch,1,,Kenosha,ALL OTHER > $1 BILLION,Large Bank,,10/15/1999,0,840,0,WI,1,Wisconsin,4,OCC,Cleveland,669902786,,0,5621 75th St,-87.8754119704829,,MINNEAPOLIS,39061,"Chicago-Naperville, IL-IN-WI",Cincinnati,3,55059,,"Kenosha, WI",U.S. Bank National Association,Kenosha,MN,2023_6548_840
45202,DIF,N,United States,53151,OCC,33340,207523,Ohio,01/17/1995,2023,Comptroller of the Currency,11,55,100.0,9,11523,United States,U.S. BANCORP,0,6,0,526741722,,New Berlin,MULT,CB,EXACT,,FED,0,,0,425 Walnut St,376,126376,1119794,133,6548,42.9787769927544,OH,9,CALL,0,Chicago,504713,New Berlin Branch,1,,Waukesha,ALL OTHER > $1 BILLION,Large Bank,,10/15/1999,0,844,0,WI,1,Wisconsin,4,OCC,Cleveland,669902786,,0,15305 W National Ave,-88.1040289663263,,MINNEAPOLIS,39061,"Milwaukee-Racine-Waukesha, WI",Cincinnati,3,55133,,"Milwaukee-Waukesha, WI",U.S. Bank National Association,New Berlin,MN,2023_6548_844
43215,DIF,N,United States,53402,OCC,39540,270093,Ohio,01/01/1927,2023,Comptroller of the Currency,11,55,100.0,9,0,United States,HUNTINGTON BANCSHARES INCORPORATED,0,6,0,152046997,,Racine,ONE,CB,EXACT,,FED,0,,0,17 S High St,376,37303,1068191,101,6560,42.7696650208764,OH,4,CALL,0,Chicago,12311,Racine North Branch,1,,Racine,COMMERCIAL LENDING,Large Bank,,06/09/2021,0,2501,0,WI,1,Wisconsin,4,OCC,Cleveland,188063214,,0,3935 Douglas Ave,-87.8023709765646,,COLUMBUS,39049,"Milwaukee-Racine-Waukesha, WI",Columbus,3,55101,,"Racine-Mount Pleasant, WI",The Huntington National Bank,Racine,OH,2023_6560_2501
43215,DIF,N,United States,53143,OCC,28450,277502,Ohio,01/01/1923,2023,Comptroller of the Currency,11,55,100.0,9,0,United States,HUNTINGTON BANCSHARES INCORPORATED,0,6,0,152046997,,Kenosha,ONE,CB,EXACT,,FED,0,,0,17 S High St,176,19163,1068191,59,6560,42.5774129957787,OH,4,CALL,0,Chicago,12311,Uptown Brass Branch,1,,Kenosha,COMMERCIAL LENDING,Large Bank,,06/09/2021,0,2511,0,WI,1,Wisconsin,4,OCC,Cleveland,188063214,,0,1815 63rd St,-87.8318290076367,,COLUMBUS,39049,"Chicago-Naperville, IL-IN-WI",Columbus,3,55059,,"Kenosha, WI",The Huntington National Bank,Kenosha,OH,2023_6560_2511
43215,DIF,N,United States,53211,OCC,33340,277503,Ohio,01/01/1923,2023,Comptroller of the Currency,11,55,100.0,9,0,United States,HUNTINGTON BANCSHARES INCORPORATED,0,6,0,152046997,,Milwaukee,ONE,CB,EXACT,,FED,0,,0,17 S High St,376,49670,1068191,79,6560,43.0938199968514,OH,4,CALL,0,Chicago,12311,Shorewood North Oakland Branch,1,,Milwaukee,COMMERCIAL LENDING,Large Bank,,06/09/2021,0,2512,0,WI,1,Wisconsin,4,OCC,Cleveland,188063214,,0,4201 N Oakland Ave,-87.8879340309128,,COLUMBUS,39049,"Milwaukee-Racine-Waukesha, WI",Columbus,3,55079,,"Milwaukee-Waukesha, WI",The Huntington National Bank,Shorewood,OH,2023_6560_2512
43215,DIF,N,United States,53213,OCC,33340,277504,Ohio,01/01/1923,2023,Comptroller of the Currency,11,55,100.0,9,0,United States,HUNTINGTON BANCSHARES INCORPORATED,0,6,0,152046997,,Milwaukee,ONE,CB,EXACT,,FED,0,,0,17 S High St,376,52504,1068191,79,6560,43.0342850149769,OH,4,CALL,0,Chicago,12311,Wauwatosa Branch,1,,Milwaukee,COMMERCIAL LENDING,Large Bank,,06/09/2021,0,2513,0,WI,1,Wisconsin,4,OCC,Cleveland,188063214,,0,307 N 76th St,-88.008252982054,,COLUMBUS,39049,"Milwaukee-Racine-Waukesha, WI",Columbus,3,55079,,"Milwaukee-Waukesha, WI",The Huntington National Bank,Milwaukee,OH,2023_6560_2513
43215,DIF,N,United States,53220,OCC,33340,277508,Ohio,01/01/1923,2023,Comptroller of the Currency,11,55,100.0,9,0,United States,HUNTINGTON BANCSHARES INCORPORATED,0,6,0,152046997,,Milwaukee,ONE,CB,EXACT,,FED,0,,0,17 S High St,376,81207,1068191,79,6560,42.9648419949062,OH,4,CALL,0,Chicago,12311,Greenfield 76Th Branch,1,,Milwaukee,COMMERCIAL LENDING,Large Bank,,06/09/2021,0,2514,0,WI,1,Wisconsin,4,OCC,Cleveland,188063214,,0,4375 S 76th St,-88.0086360350291,,COLUMBUS,39049,"Milwaukee-Racine-Waukesha, WI",Columbus,3,55079,,"Milwaukee-Waukesha, WI",The Huntington National Bank,Greenfield,OH,2023_6560_2514
43215,DIF,N,United States,53209,OCC,33340,277509,Ohio,01/01/1923,2023,Comptroller of the Currency,11,55,100.0,9,0,United States,HUNTINGTON BANCSHARES INCORPORATED,0,6,0,152046997,,Milwaukee,ONE,CB,EXACT,,FED,0,,0,17 S High St,376,54876,1068191,79,6560,43.1487510088593,OH,4,CALL,0,Chicago,12311,Glendale Branch,1,,Milwaukee,COMMERCIAL LENDING,Large Bank,,06/09/2021,0,2515,0,WI,1,Wisconsin,4,OCC,Cleveland,188063214,,0,2100 W Good Hope Rd,-87.9388970080479,,COLUMBUS,39049,"Milwaukee-Racine-Waukesha, WI",Columbus,3,55079,,"Milwaukee-Waukesha, WI",The Huntington National Bank,Glendale,OH,2023_6560_2515
43215,DIF,N,United States,53122,OCC,33340,277514,Ohio,01/01/1923,2023,Comptroller of the Currency,11,55,100.0,9,0,United States,HUNTINGTON BANCSHARES INCORPORATED,0,6,0,152046997,,Elm Grove,ONE,CB,EXACT,,FED,0,,0,17 S High St,376,87632,1068191,133,6560,43.0366370189174,OH,4,CALL,0,Chicago,12311,Elm Grove Branch,1,,Waukesha,COMMERCIAL LENDING,Large Bank,,06/09/2021,0,2516,0,WI,1,Wisconsin,4,OCC,Cleveland,188063214,,0,12850 W Bluemound Rd,-88.0724250004033,,COLUMBUS,39049,"Milwaukee-Racine-Waukesha, WI",Columbus,3,55133,,"Milwaukee-Waukesha, WI",The Huntington National Bank,Elm Grove,OH,2023_6560_2516
43215,DIF,N,United States,53140,OCC,28450,288343,Ohio,12/23/1987,2023,Comptroller of the Currency,11,55,100.0,9,0,United States,HUNTINGTON BANCSHARES INCORPORATED,0,6,0,152046997,,Kenosha,ONE,CB,EXACT,,FED,0,,0,17 S High St,176,53786,1068191,59,6560,42.6199640206154,OH,4,CALL,0,Chicago,12311,Kenosha North Branch,1,,Kenosha,COMMERCIAL LENDING,Large Bank,,06/09/2021,0,2518,0,WI,1,Wisconsin,4,OCC,Cleveland,188063214,,0,2020 22nd Ave,-87.836509965284,,COLUMBUS,39049,"Chicago-Naperville, IL-IN-WI",Columbus,3,55059,,"Kenosha, WI",The Huntington National Bank,Kenosha,OH,2023_6560_2518
43215,DIF,N,United States,53143,OCC,28450,288344,Ohio,12/23/1987,2023,Comptroller of the Currency,11,55,100.0,9,0,United States,HUNTINGTON BANCSHARES INCORPORATED,0,6,0,152046997,,Kenosha,ONE,CB,EXACT,,FED,0,,0,17 S High St,176,58491,1068191,59,6560,42.5576309918229,OH,4,CALL,0,Chicago,12311,Kenosha South Branch,1,,Kenosha,COMMERCIAL LENDING,Large Bank,,06/09/2021,0,2519,0,WI,1,Wisconsin,4,OCC,Cleveland,188063214,,0,8018 22nd Ave,-87.8361209611577,,COLUMBUS,39049,"Chicago-Naperville, IL-IN-WI",Columbus,3,55059,,"Kenosha, WI",The Huntington National Bank,Kenosha,OH,2023_6560_2519
43215,DIF,N,United States,53142,OCC,28450,288348,Ohio,05/18/1998,2023,Comptroller of the Currency,11,55,100.0,9,0,United States,HUNTINGTON BANCSHARES INCORPORATED,0,6,0,152046997,,Kenosha,ONE,CB,EXACT,,FED,0,,0,17 S High St,176,60201,1068191,59,6560,42.5673550053348,OH,4,CALL,0,Chicago,12311,Kenosha West Branch,1,,Kenosha,COMMERCIAL LENDING,Large Bank,,06/09/2021,0,2520,0,WI,1,Wisconsin,4,OCC,Cleveland,188063214,,0,7111 74th Pl,-87.8936280253779,,COLUMBUS,39049,"Chicago-Naperville, IL-IN-WI",Columbus,3,55059,,"Kenosha, WI",The Huntington National Bank,Kenosha,OH,2023_6560_2520
43215,DIF,N,United States,53223,OCC,33340,360269,Ohio,04/09/2001,2023,Comptroller of the Currency,11,55,100.0,9,0,United States,HUNTINGTON BANCSHARES INCORPORATED,0,6,0,152046997,,Milwaukee,ONE,CB,EXACT,,FED,0,,0,17 S High St,376,28871,1068191,79,6560,43.1621320048171,OH,4,CALL,0,Chicago,12311,Northridge Branch,1,,Milwaukee,COMMERCIAL LENDING,Large Bank,,06/09/2021,0,2528,0,WI,1,Wisconsin,4,OCC,Cleveland,188063214,,0,7932 N 76th St,-88.0040310174246,,COLUMBUS,39049,"Milwaukee-Racine-Waukesha, WI",Columbus,3,55079,,"Milwaukee-Waukesha, WI",The Huntington National Bank,Milwaukee,OH,2023_6560_2528
43215,DIF,N,United States,53222,OCC,33340,361888,Ohio,07/01/2000,2023,Comptroller of the Currency,11,55,US_RoofTop,9,0,United States,HUNTINGTON BANCSHARES INCORPORATED,0,6,0,152046997,,Milwaukee,ONE,CB,M,,FED,0,,0,17 S High St,376,47077,1068191,79,6560,43.092462,OH,4,CALL,0,Chicago,12311,76Th And Appleton Branch #1001,1,,Milwaukee,COMMERCIAL LENDING,Large Bank,,06/09/2021,0,2531,0,WI,1,Wisconsin,4,OCC,Cleveland,188063214,,0,4110 76th Street,-88.007093,,COLUMBUS,39049,"Milwaukee-Racine-Waukesha, WI",Columbus,3,55079,,"Milwaukee-Waukesha, WI",The Huntington National Bank,Milwaukee,OH,2023_6560_2531
43215,DIF,N,United States,53214,OCC,33340,443452,Ohio,05/31/2005,2023,Comptroller of the Currency,11,55,100.0,9,0,United States,HUNTINGTON BANCSHARES INCORPORATED,0,6,0,152046997,,Milwaukee,ONE,CB,EXACT,,FED,0,,0,17 S High St,376,23029,1068191,79,6560,43.0157190156243,OH,4,CALL,0,Chicago,12311,West Milwaukee #1019 Branch,1,,Milwaukee,COMMERCIAL LENDING,Large Bank,,06/09/2021,0,2592,0,WI,1,Wisconsin,4,OCC,Cleveland,188063214,,0,1441 Miller Park Way,-87.9683930091413,,COLUMBUS,39049,"Milwaukee-Racine-Waukesha, WI",Columbus,3,55079,,"Milwaukee-Waukesha, WI",The Huntington National Bank,Milwaukee,OH,2023_6560_2592
43215,DIF,N,United States,53154,OCC,33340,448799,Ohio,12/28/2005,2023,Comptroller of the Currency,11,55,100.0,9,0,United States,HUNTINGTON BANCSHARES INCORPORATED,0,6,0,152046997,,Oak Creek,ONE,CB,EXACT,,FED,0,,0,17 S High St,376,36295,1068191,79,6560,42.881536983364,OH,4,CALL,0,Chicago,12311,Oak Creek Branch,1,,Milwaukee,COMMERCIAL LENDING,Large Bank,,06/09/2021,0,2602,0,WI,1,Wisconsin,4,OCC,Cleveland,188063214,,0,8995 S Howell Ave,-87.9134249910309,,COLUMBUS,39049,"Milwaukee-Racine-Waukesha, WI",Columbus,3,55079,,"Milwaukee-Waukesha, WI",The Huntington National Bank,Oak Creek,OH,2023_6560_2602
43215,DIF,N,United States,53207,OCC,33340,468295,Ohio,08/20/2007,2023,Comptroller of the Currency,11,55,100.0,9,0,United States,HUNTINGTON BANCSHARES INCORPORATED,0,6,0,152046997,,Milwaukee,ONE,CB,EXACT,,FED,0,,0,17 S High St,376,54791,1068191,79,6560,42.9830339937392,OH,4,CALL,0,Chicago,12311,Holt Plaza Branch,1,,Milwaukee,COMMERCIAL LENDING,Large Bank,,06/09/2021,0,2623,0,WI,1,Wisconsin,4,OCC,Cleveland,188063214,,0,110 W Holt Ave,-87.9098910130141,,COLUMBUS,39049,"Milwaukee-Racine-Waukesha, WI",Columbus,3,55079,,"Milwaukee-Waukesha, WI",The Huntington National Bank,Milwaukee,OH,2023_6560_2623
43215,DIF,N,United States,53233,OCC,33340,570245,Ohio,07/01/2014,2023,Comptroller of the Currency,11,55,100.0,9,0,United States,HUNTINGTON BANCSHARES INCORPORATED,0,6,0,152046997,,Milwaukee,ONE,CB,EXACT,,FED,0,,0,17 S High St,376,108007,1068191,79,6560,43.0460649836092,OH,4,CALL,0,Chicago,12311,Pabst Office Branch,1,,Milwaukee,COMMERCIAL LENDING,Large Bank,,06/09/2021,0,2645,0,WI,1,Wisconsin,4,OCC,Cleveland,188063214,,0,1036 W Juneau Ave,-87.925416979904,,COLUMBUS,39049,"Milwaukee-Racine-Waukesha, WI",Columbus,3,55079,,"Milwaukee-Waukesha, WI",The Huntington National Bank,Milwaukee,OH,2023_6560_2645
43215,DIF,N,United States,53406,OCC,39540,638236,Ohio,06/09/2021,2023,Comptroller of the Currency,23,55,100.0,9,0,United States,HUNTINGTON BANCSHARES INCORPORATED,0,6,0,152046997,,Racine,ONE,CB,EXACT,,FED,0,,0,17 S High St,376,58723,1068191,101,6560,42.7188100026542,OH,4,CALL,0,Chicago,12311,Mount Pleasant Branch,1,,Racine,COMMERCIAL LENDING,Large Bank,,,0,2670,0,WI,1,Wisconsin,4,OCC,Cleveland,188063214,,0,6115 Washington Ave,-87.8551669921052,,COLUMBUS,39049,"Milwaukee-Racine-Waukesha, WI",Columbus,3,55101,,"Racine-Mount Pleasant, WI",The Huntington National Bank,Racine,OH,2023_6560_2670
54630,DIF,NM,United States,54630,STATE,0,5534,Wisconsin,01/01/1883,2023,State Agency,11,55,100.0,9,12552,United States,"GALE BANK HOLDING COMPANY, INC.",0,,101837,101837,,Galesville,ONE,CB,EXACT,M,STATE,1,,0,16893 S Main St,0,64158,1127249,121,8693,44.0830090009063,WI,2,CALL,0,Chicago,167453,Bluff View Bank,0,,Trempealeau,AGRICULTURAL,,,,0,0,1,WI,1,Wisconsin,9,FDIC,Minneapolis,138857,,0,16893 S Main St,-91.3493449666301,,GALESVILLE,55121,,Galesville,21,55121,,,Bluff View Bank,Galesville,WI,2023_8693_0
54630,DIF,NM,United States,54661,STATE,0,218837,Wisconsin,05/06/1992,2023,State Agency,11,55,100.0,9,12552,United States,"GALE BANK HOLDING COMPANY, INC.",0,,0,101837,,Trempealeau,ONE,CB,EXACT,,STATE,0,,0,16893 S Main St,0,14739,1127249,121,8693,44.0059050051523,WI,2,CALL,0,Chicago,167453,Trempealeau Branch,0,,Trempealeau,AGRICULTURAL,,,,0,1,1,WI,1,Wisconsin,9,FDIC,Minneapolis,138857,,0,24480 3rd St,-91.4416749828689,,GALESVILLE,55121,,Galesville,21,55121,,,Bluff View Bank,Trempealeau,WI,2023_8693_1
54630,DIF,NM,United States,54636,STATE,29100,357515,Wisconsin,02/21/2000,2023,State Agency,11,55,100.0,9,12552,United States,"GALE BANK HOLDING COMPANY, INC.",0,,0,101837,,Holmen,ONE,CB,EXACT,,STATE,0,,0,16893 S Main St,317,22940,1127249,63,8693,43.9982309956095,WI,2,CALL,0,Chicago,167453,Bluff View Bank Branch,1,,La Crosse,AGRICULTURAL,,,,0,2,1,WI,1,Wisconsin,9,FDIC,Minneapolis,138857,,0,1749 Spakenburg Rd,-91.2943730090253,,GALESVILLE,55121,"La Crosse-Onalaska-Sparta, WI-MN",Galesville,21,55063,,"La Crosse-Onalaska, WI-MN",Bluff View Bank,Holmen,WI,2023_8693_2
53551,DIF,NM,United States,53551,STATE,0,5536,Wisconsin,01/01/1893,2023,State Agency,11,55,100.0,9,14218,,,0,,232228,232228,,Lake Mills,NONE,CB,EXACT,M,STATE,1,,0,136 E Madison St,376,168326,0,55,8695,43.0805249992202,WI,4,CALL,0,Chicago,477349,Bank Of Lake Mills,0,,Jefferson,COMMERCIAL LENDING,,,,1,0,1,WI,1,Wisconsin,7,FDIC,Chicago,316509,,0,136 E Madison St,-88.9102089632816,,,55055,"Milwaukee-Racine-Waukesha, WI",Lake Mills,21,55055,,,Bank of Lake Mills,Lake Mills,,2023_8695_0
53551,DIF,NM,United States,53094,STATE,0,507060,Wisconsin,03/15/2010,2023,State Agency,11,55,100.0,9,14218,,,0,,0,232228,,Watertown,NONE,CB,EXACT,,STATE,0,,0,136 E Madison St,376,63902,0,55,8695,43.1869439888685,WI,4,CALL,0,Chicago,477349,Watertown Branch,0,,Jefferson,COMMERCIAL LENDING,,,,1,1,1,WI,1,Wisconsin,7,FDIC,Chicago,316509,,0,400 Bernard St,-88.730659041894,,,55055,"Milwaukee-Racine-Waukesha, WI",Lake Mills,21,55055,,,Bank of Lake Mills,Watertown,,2023_8695_1
53074,DIF,NM,United States,53074,STATE,33340,5537,Wisconsin,09/11/1899,2023,State Agency,11,55,100.0,9,13894,United States,"PORT BANCSHARES, INC.",0,,812073,812073,,Port Washington,ONE,CB,EXACT,M,STATE,1,,0,206 N Franklin St,376,245789,1208577,89,8698,43.3887880125031,WI,4,CALL,0,Chicago,937740,The Port Washington State Bank,1,,Ozaukee,COMMERCIAL LENDING,,,,0,0,1,WI,1,Wisconsin,7,FDIC,Chicago,915096,,0,206 N Franklin St,-87.8689520377056,,PORT WASHINGTON,55089,"Milwaukee-Racine-Waukesha, WI",Port Washington,21,55089,,"Milwaukee-Waukesha, WI",The Port Washington State Bank,Port Washington,WI,2023_8698_0
53074,DIF,NM,United States,53004,STATE,33340,218838,Wisconsin,01/08/1934,2023,State Agency,11,55,100.0,9,13894,United States,"PORT BANCSHARES, INC.",0,,0,812073,,Belgium,ONE,CB,EXACT,,STATE,0,,0,206 N Franklin St,376,52062,1208577,89,8698,43.499279014533,WI,4,CALL,0,Chicago,937740,Belgium Branch,1,,Ozaukee,COMMERCIAL LENDING,,,,0,1,1,WI,1,Wisconsin,7,FDIC,Chicago,915096,,0,545 Main St,-87.847335025597,,PORT WASHINGTON,55089,"Milwaukee-Racine-Waukesha, WI",Port Washington,21,55089,,"Milwaukee-Waukesha, WI",The Port Washington State Bank,Belgium,WI,2023_8698_1
53074,DIF,NM,United States,53092,STATE,33340,589488,Wisconsin,06/08/2017,2023,State Agency,12,55,100.0,9,13894,United States,"PORT BANCSHARES, INC.",0,,0,812073,,Mequon,ONE,CB,EXACT,,STATE,0,,0,206 N Franklin St,376,55992,1208577,89,8698,43.228043980537,WI,4,CALL,0,Chicago,937740,Thiensville Branch,1,,Ozaukee,COMMERCIAL LENDING,,,,0,10,1,WI,1,Wisconsin,7,FDIC,Chicago,915096,,0,197 S Main St,-87.984990015619,,PORT WASHINGTON,55089,"Milwaukee-Racine-Waukesha, WI",Port Washington,21,55089,,"Milwaukee-Waukesha, WI",The Port Washington State Bank,Thiensville,WI,2023_8698_10
53074,DIF,NM,United States,53092,STATE,33340,612272,Wisconsin,04/03/2019,2023,State Agency,11,55,100.0,9,13894,United States,"PORT BANCSHARES, INC.",0,,0,812073,,Mequon,ONE,CB,EXACT,,STATE,0,,0,206 N Franklin St,376,40265,1208577,89,8698,43.2089039884549,WI,4,CALL,0,Chicago,937740,Mequon,1,,Ozaukee,COMMERCIAL LENDING,,,,0,11,1,WI,1,Wisconsin,7,FDIC,Chicago,915096,,0,10509 N Port Washington Rd,-87.9250680412748,,PORT WASHINGTON,55089,"Milwaukee-Racine-Waukesha, WI",Port Washington,21,55089,,"Milwaukee-Waukesha, WI",The Port Washington State Bank,Mequon,WI,2023_8698_11
53074,DIF,NM,United States,53080,STATE,33340,218839,Wisconsin,04/01/1968,2023,State Agency,11,55,100.0,9,13894,United States,"PORT BANCSHARES, INC.",0,,0,812073,,Saukville,ONE,CB,EXACT,,STATE,0,,0,206 N Franklin St,376,78859,1208577,89,8698,43.383308008026,WI,4,CALL,0,Chicago,937740,Saukville Branch,1,,Ozaukee,COMMERCIAL LENDING,,,,0,2,1,WI,1,Wisconsin,7,FDIC,Chicago,915096,,0,601 E Green Bay Ave,-87.9324960000499,,PORT WASHINGTON,55089,"Milwaukee-Racine-Waukesha, WI",Port Washington,21,55089,,"Milwaukee-Waukesha, WI",The Port Washington State Bank,Saukville,WI,2023_8698_2
53074,DIF,NM,United States,53021,STATE,33340,1614,Wisconsin,07/10/1910,2023,State Agency,11,55,100.0,9,13894,United States,"PORT BANCSHARES, INC.",0,,0,812073,,Fredonia,ONE,CB,EXACT,,STATE,0,,0,206 N Franklin St,376,89526,1208577,89,8698,43.4707649953062,WI,4,CALL,0,Chicago,937740,Fredonia Branch,1,,Ozaukee,COMMERCIAL LENDING,,,11/14/1994,0,3,1,WI,1,Wisconsin,7,FDIC,Chicago,915096,,0,201 Regal Dr,-87.9430710281912,,PORT WASHINGTON,55089,"Milwaukee-Racine-Waukesha, WI",Port Washington,21,55089,,"Milwaukee-Waukesha, WI",The Port Washington State Bank,Fredonia,WI,2023_8698_3
53074,DIF,NM,United States,53024,STATE,33340,418948,Wisconsin,05/12/2003,2023,State Agency,11,55,100.0,9,13894,United States,"PORT BANCSHARES, INC.",0,,0,812073,,Grafton,ONE,CB,EXACT,,STATE,0,,0,206 N Franklin St,376,107447,1208577,89,8698,43.3211010011477,WI,4,CALL,0,Chicago,937740,Grafton Branch,1,,Ozaukee,COMMERCIAL LENDING,,,,0,5,1,WI,1,Wisconsin,7,FDIC,Chicago,915096,,0,2080 Washington St,-87.9351770355996,,PORT WASHINGTON,55089,"Milwaukee-Racine-Waukesha, WI",Port Washington,21,55089,,"Milwaukee-Waukesha, WI",The Port Washington State Bank,Grafton,WI,2023_8698_5
53074,DIF,NM,United States,53012,STATE,33340,359983,Wisconsin,02/03/2001,2023,State Agency,11,55,US_Zipcode,9,13894,United States,"PORT BANCSHARES, INC.",0,,0,812073,,Cedarburg,ONE,CB,M,,STATE,0,,0,206 N Franklin St,376,142133,1208577,89,8698,43.31496,WI,4,CALL,0,Chicago,937740,Cedarburg Branch,1,,Ozaukee,COMMERCIAL LENDING,,,02/19/2007,0,9,1,WI,1,Wisconsin,7,FDIC,Chicago,915096,,0,W61 N526 Washington Avenue,-88.034806,,PORT WASHINGTON,55089,"Milwaukee-Racine-Waukesha, WI",Port Washington,21,55089,,"Milwaukee-Waukesha, WI",The Port Washington State Bank,Cedarburg,WI,2023_8698_9
53093,DIF,NM,United States,53093,STATE,43100,5538,Wisconsin,01/01/1913,2023,State Agency,11,55,100.0,9,0,,,1,,93104,93104,,Waldo,NONE,CB,EXACT,M,STATE,1,,0,119 Depot St,0,93104,0,117,8700,43.6749569995678,WI,4,CALL,0,Chicago,131940,Waldo State Bank,1,,Sheboygan,COMMERCIAL LENDING,,,,0,0,1,WI,1,Wisconsin,7,FDIC,Chicago,114192,,0,119 Depot St,-87.9532599858722,,,55117,,Waldo,21,55117,,"Sheboygan, WI",Waldo State Bank,Waldo,,2023_8700_0
54722,DIF,NM,United States,54722,STATE,20740,5547,Wisconsin,12/01/1914,2023,State Agency,11,55,100.0,9,0,United States,KIMBERLY LEASING CORPORATION,0,,518795,518795,,Augusta,ONE,CB,EXACT,M,STATE,1,,0,207 W Lincoln St,232,159651,1122990,35,8714,44.6802589971014,WI,2,CALL,0,Chicago,443353,Unity Bank,1,,Eau Claire,AGRICULTURAL,,,,0,0,1,WI,1,Wisconsin,9,FDIC,Minneapolis,604328,,0,207 W Lincoln St,-91.1224419861671,,AUGUSTA,55035,"Eau Claire-Menomonie, WI",Augusta,21,55035,,"Eau Claire, WI",Unity Bank,Augusta,WI,2023_8714_0
54722,DIF,NM,United States,54742,STATE,20740,444135,Wisconsin,04/25/2005,2023,State Agency,11,55,100.0,9,0,United States,KIMBERLY LEASING CORPORATION,0,,0,518795,,Fall Creek,ONE,CB,EXACT,,STATE,0,,0,207 W Lincoln St,232,22125,1122990,35,8714,44.7636880189011,WI,2,CALL,0,Chicago,443353,Branch Office Branch,1,,Eau Claire,AGRICULTURAL,,,,0,1,1,WI,1,Wisconsin,9,FDIC,Minneapolis,604328,,0,103 E Lincoln Ave,-91.2769580126167,,AUGUSTA,55035,"Eau Claire-Menomonie, WI",Augusta,21,55035,,"Eau Claire, WI",Unity Bank,Fall Creek,WI,2023_8714_1
54722,DIF,NM,United States,54456,STATE,0,5540,Wisconsin,03/01/1879,2023,State Agency,11,55,100.0,9,0,United States,KIMBERLY LEASING CORPORATION,0,,0,518795,,Neillsville,ONE,CB,EXACT,,STATE,0,,0,207 W Lincoln St,0,38732,1122990,19,8714,44.5601630045847,WI,2,CALL,0,Chicago,443353,Neillsville Branch,0,,Clark,AGRICULTURAL,,,08/10/2015,0,2,1,WI,1,Wisconsin,9,FDIC,Minneapolis,604328,,0,500 West St,-90.5976930216875,,AUGUSTA,55035,,Augusta,21,55019,,,Unity Bank,Neillsville,WI,2023_8714_2
54722,DIF,NM,United States,54741,STATE,20740,218841,Wisconsin,12/31/1968,2023,State Agency,11,55,100.0,9,0,United States,KIMBERLY LEASING CORPORATION,0,,0,518795,,Fairchild,ONE,CB,EXACT,,STATE,0,,0,207 W Lincoln St,232,5090,1122990,35,8714,44.6002720038408,WI,2,CALL,0,Chicago,443353,Fairchild Branch,1,,Eau Claire,AGRICULTURAL,,,08/10/2015,0,3,1,WI,1,Wisconsin,9,FDIC,Minneapolis,604328,,0,111 N Front St,-90.9636309887113,,AUGUSTA,55035,"Eau Claire-Menomonie, WI",Augusta,21,55035,,"Eau Claire, WI",Unity Bank,Fairchild,WI,2023_8714_3
55987,DIF,N,United States,54650,OCC,29100,6521,Minnesota,09/10/1912,2023,Comptroller of the Currency,11,55,100.0,11,13801,United States,"MERCHANTS FINANCIAL GROUP, INC.",0,4,0,2099046,,Onalaska,ONE,CB,EXACT,,FED,0,,0,"100 E 3rd St, # 106",317,123189,1128769,63,8866,43.8795450068449,MN,4,CALL,0,Kansas City,779351,Onalaska Branch,1,,La Crosse,COMMERCIAL LENDING,Western,,06/28/2009,0,17,1,WI,1,Wisconsin,9,OCC,Minneapolis,2466195,,0,3140 Market Pl,-91.1795300390476,,WINONA,27169,"La Crosse-Onalaska-Sparta, WI-MN",Winona,3,55063,,"La Crosse-Onalaska, WI-MN","Merchants Bank, National Association",Onalaska,MN,2023_8866_17
55987,DIF,N,United States,54701,OCC,20740,14190,Minnesota,12/13/1971,2023,Comptroller of the Currency,11,55,100.0,11,13801,United States,"MERCHANTS FINANCIAL GROUP, INC.",0,4,0,2099046,,Eau Claire,ONE,CB,EXACT,,FED,0,,0,"100 E 3rd St, # 106",232,58612,1128769,35,8866,44.7906119910956,MN,4,CALL,0,Kansas City,779351,Alliance Bank Branch,1,,Eau Claire,COMMERCIAL LENDING,Western,,02/14/2014,0,25,1,WI,1,Wisconsin,9,OCC,Minneapolis,2466195,,0,2728 Mall Dr,-91.4625080355734,,WINONA,27169,"Eau Claire-Menomonie, WI",Winona,3,55035,,"Eau Claire, WI","Merchants Bank, National Association",Eau Claire,MN,2023_8866_25
54540,DIF,NM,United States,54540,STATE,0,5775,Wisconsin,09/01/1921,2023,State Agency,11,55,100.0,9,0,United States,LAKE SHORE III CORPORATION,0,,77968,77968,,Land O' Lakes,MULT,CB,EXACT,M,STATE,1,,0,4175 County Road B,0,66878,4465559,125,9035,46.1610280145709,WI,4,CALL,0,Chicago,224954,Headwaters State Bank,0,,Vilas,COMMERCIAL LENDING,,,,0,0,1,WI,1,Wisconsin,9,FDIC,Minneapolis,94741,,0,4175 County Road B,-89.2133969856489,,GLENWOOD CITY,55125,,Land O' Lakes,21,55125,,,Headwaters State Bank,Land O' Lakes,WI,2023_9035_0
54540,DIF,NM,United States,54557,STATE,0,446856,Wisconsin,01/11/2006,2023,State Agency,11,55,98.0,9,0,United States,LAKE SHORE III CORPORATION,0,,0,77968,,Presque Isle,MULT,CB,Postal,,STATE,0,,0,4175 County Road B,0,11090,4465559,125,9035,46.2079054000001,WI,4,CALL,0,Chicago,224954,Presque Isle Branch,0,,Vilas,COMMERCIAL LENDING,,,,0,2,1,WI,1,Wisconsin,9,FDIC,Minneapolis,94741,,0,"Po Box 116, P.O. Box 116",-89.779909,,GLENWOOD CITY,55125,,Land O' Lakes,21,55125,,,Headwaters State Bank,Presque Isle,WI,2023_9035_2
54847,DIF,NM,United States,54847,STATE,0,5776,Wisconsin,06/06/1911,2023,State Agency,11,55,100.0,9,12930,United States,"SECURITY BANK SHARES, INC.",0,,92978,92978,,Iron River,MULT,CB,EXACT,M,STATE,1,,0,7865 Us Highway 2,0,72999,1128497,7,9036,46.5643620102501,WI,4,CALL,0,Chicago,43052,Security State Bank,0,,Bayfield,COMMERCIAL LENDING,,,,0,0,1,WI,1,Wisconsin,9,FDIC,Minneapolis,118523,,0,7865 Us Highway 2,-91.4109230374037,,IRON RIVER,55007,,Iron River,21,55007,,,Security State Bank,Iron River,WI,2023_9036_0
54847,DIF,NM,United States,54865,STATE,0,219321,Wisconsin,03/22/1934,2023,State Agency,11,55,100.0,9,12930,United States,"SECURITY BANK SHARES, INC.",0,,0,92978,,Port Wing,MULT,CB,EXACT,,STATE,0,,0,7865 Us Highway 2,0,9933,1128497,7,9036,46.7804110128341,WI,4,CALL,0,Chicago,43052,Port Wing Branch,0,,Bayfield,COMMERCIAL LENDING,,,,0,1,1,WI,1,Wisconsin,9,FDIC,Minneapolis,118523,,0,83325 Washington Ave,-91.3846639596786,,IRON RIVER,55007,,Iron River,21,55007,,,Security State Bank,Port Wing,WI,2023_9036_1
54847,DIF,NM,United States,54820,STATE,20260,219322,Wisconsin,12/18/1972,2023,State Agency,11,55,100.0,9,12930,United States,"SECURITY BANK SHARES, INC.",0,,0,92978,,Brule,MULT,CB,EXACT,,STATE,0,,0,7865 Us Highway 2,228,10046,1128497,31,9036,46.5510180203947,WI,4,CALL,0,Chicago,43052,Brule Branch,1,,Douglas,COMMERCIAL LENDING,,,,0,2,1,WI,1,Wisconsin,9,FDIC,Minneapolis,118523,,0,13967 E Us Highway 2,-91.575906971272,,IRON RIVER,55007,"Duluth-Grand Rapids, MN-WI",Iron River,21,55031,,"Duluth, MN-WI",Security State Bank,Brule,WI,2023_9036_2
53818,DIF,NM,United States,53818,STATE,0,5777,Wisconsin,02/15/1915,2023,State Agency,11,55,100.0,9,13222,United States,"MOUND CITY FINANCIAL SERVICES, INC.",0,,397595,397595,,Platteville,ONE,CB,EXACT,M,STATE,1,,0,25 E Pine St,0,235122,2510428,43,9037,42.7327470121592,WI,2,CALL,0,Chicago,259442,Mound City Bank,0,,Grant,AGRICULTURAL,,,,1,0,1,WI,1,Wisconsin,7,FDIC,Chicago,462032,,0,25 E Pine St,-90.4782639772064,,PLATTEVILLE,55043,,Platteville,21,55043,,,Mound City Bank,Platteville,WI,2023_9037_0
53818,DIF,NM,United States,53510,STATE,0,219323,Wisconsin,09/21/1935,2023,State Agency,11,55,100.0,9,13222,United States,"MOUND CITY FINANCIAL SERVICES, INC.",0,,0,397595,,Belmont,ONE,CB,EXACT,,STATE,0,,0,25 E Pine St,0,39666,2510428,65,9037,42.737741997809,WI,2,CALL,0,Chicago,259442,Belmont Branch,0,,Lafayette,AGRICULTURAL,,,,0,1,1,WI,1,Wisconsin,7,FDIC,Chicago,462032,,0,112 S Mound Ave,-90.3336879659135,,PLATTEVILLE,55043,,Platteville,21,55065,,,Mound City Bank,Belmont,WI,2023_9037_1
53818,DIF,NM,United States,53807,STATE,0,273334,Wisconsin,10/31/1934,2023,State Agency,11,55,100.0,9,13222,United States,"MOUND CITY FINANCIAL SERVICES, INC.",0,,0,397595,,Cuba City,ONE,CB,EXACT,,STATE,0,,0,25 E Pine St,0,38465,2510428,43,9037,42.6052860089602,WI,2,CALL,0,Chicago,259442,Cuba City Branch,0,,Grant,AGRICULTURAL,,,07/01/1992,1,2,1,WI,1,Wisconsin,7,FDIC,Chicago,462032,,0,200 S Main St,-90.4305729597949,,PLATTEVILLE,55043,,Platteville,21,55043,,,Mound City Bank,Cuba City,WI,2023_9037_2
53818,DIF,NM,United States,53818,STATE,0,219324,Wisconsin,01/31/1995,2023,State Agency,23,55,100.0,9,13222,United States,"MOUND CITY FINANCIAL SERVICES, INC.",0,,0,397595,,Platteville,ONE,CB,StreetAddress,C,STATE,0,0,0,25 E Pine St,0,0,2510428,43,9037,42.732959094026,WI,2,CALL,0,Chicago,259442,Second Street Motor Branch,0,,Grant,AGRICULTURAL,,,,1,3,1,WI,1,Wisconsin,7,FDIC,Chicago,462032,,0,90 S 2nd St,-90.477596620214,,PLATTEVILLE,55043,,Platteville,21,55043,,,Mound City Bank,Platteville,WI,2023_9037_3
53818,DIF,NM,United States,53565,STATE,31540,470749,Wisconsin,02/01/2008,2023,State Agency,11,55,100.0,9,13222,United States,"MOUND CITY FINANCIAL SERVICES, INC.",0,,0,397595,,Mineral Point,ONE,CB,EXACT,,STATE,0,,0,25 E Pine St,357,34768,2510428,49,9037,42.8693149950678,WI,2,CALL,0,Chicago,259442,Mineral Point Branch (New),1,,Iowa,AGRICULTURAL,,,,0,5,1,WI,1,Wisconsin,7,FDIC,Chicago,462032,,0,615 Dodge St,-90.1758220280408,,PLATTEVILLE,55043,"Madison-Janesville-Beloit, WI",Platteville,21,55049,,"Madison, WI",Mound City Bank,Mineral Point,WI,2023_9037_5
53818,DIF,NM,United States,53572,STATE,31540,567744,Wisconsin,04/01/2015,2023,State Agency,11,55,100.0,9,13222,United States,"MOUND CITY FINANCIAL SERVICES, INC.",0,,0,397595,,Mount Horeb,ONE,CB,EXACT,,STATE,0,,0,25 E Pine St,357,49574,2510428,25,9037,43.0105200144511,WI,2,CALL,0,Chicago,259442,Mount Horeb Branch,1,,Dane,AGRICULTURAL,,,,0,6,1,WI,1,Wisconsin,7,FDIC,Chicago,462032,,0,1100 Springdale St,-89.7256320201446,,PLATTEVILLE,55043,"Madison-Janesville-Beloit, WI",Platteville,21,55025,,"Madison, WI",Mound City Bank,Mount Horeb,WI,2023_9037_6
60603,DIF,SM,United States,53202,STATE,33340,520246,Illinois,08/14/2000,2023,State Agency,11,55,100.0,9,14033,United States,NORTHERN TRUST CORPORATION,0,,0,39497072,,Milwaukee,MULT,CB,EXACT,,STATE,0,,0,50 S La Salle St,376,141648,1199611,79,913,43.0391859975826,IL,1,CALL,0,Chicago,210434,Milwaukee Branch,1,,Milwaukee,INTERNATIONAL,,,10/01/2011,0,98,0,WI,1,Wisconsin,7,FED,Chicago,157816397,,0,526 E Wisconsin Ave,-87.9043440371306,,CHICAGO,17031,"Milwaukee-Racine-Waukesha, WI",Chicago,13,55079,,"Milwaukee-Waukesha, WI",The Northern Trust Company,Milwaukee,IL,2023_913_98
53015,DIF,NM,United States,53015,STATE,0,6116,Wisconsin,04/19/1907,2023,State Agency,11,55,100.0,9,0,United States,"WISCUB, INC.",0,,175334,175334,,Cleveland,ONE,CB,EXACT,M,STATE,1,,0,1250 W Washington Ave,0,97964,1202865,71,9517,43.9145389915977,WI,4,CALL,0,Chicago,48440,Cleveland State Bank,0,,Manitowoc,COMMERCIAL LENDING,,,,1,0,1,WI,1,Wisconsin,7,FDIC,Chicago,199191,,0,1250 W Washington Ave,-87.7533640003546,,MADISON,55071,,Cleveland,21,55071,,,Cleveland State Bank,Cleveland,WI,2023_9517_0
53015,DIF,NM,United States,53083,STATE,43100,450424,Wisconsin,03/29/2006,2023,State Agency,11,55,100.0,9,0,United States,"WISCUB, INC.",0,,0,175334,,Sheboygan,ONE,CB,EXACT,,STATE,0,,0,1250 W Washington Ave,0,61980,1202865,117,9517,43.8291040127301,WI,4,CALL,0,Chicago,48440,Howards Grove Branch,1,,Sheboygan,COMMERCIAL LENDING,,,,0,2,1,WI,1,Wisconsin,7,FDIC,Chicago,199191,,0,502 S Wisconsin Dr,-87.8218129686181,,MADISON,55071,,Cleveland,21,55117,,"Sheboygan, WI",Cleveland State Bank,Howards Grove,WI,2023_9517_2
53015,DIF,NM,United States,53020,STATE,43100,640957,Wisconsin,08/02/2021,2023,State Agency,11,55,100.0,9,0,United States,"WISCUB, INC.",0,,0,175334,,Elkhart Lake,ONE,CB,StreetAddress,,STATE,0,,0,1250 W Washington Ave,0,15390,1202865,117,9517,43.835313676689,WI,4,CALL,0,Chicago,48440,Elkhart Lake Branch,1,,Sheboygan,COMMERCIAL LENDING,,,,0,4,1,WI,1,Wisconsin,7,FDIC,Chicago,199191,,0,184 N Lincoln St,-88.013844143168,,MADISON,55071,,Cleveland,21,55117,,"Sheboygan, WI",Cleveland State Bank,Elkhart Lake,WI,2023_9517_4
53065,DIF,SM,United States,53065,STATE,22540,6120,Wisconsin,01/01/1901,2023,State Agency,11,55,100.0,9,0,United States,"OAKFIELD BANCORP., INC.",0,,130131,130131,,Oakfield,ONE,CB,EXACT,M,STATE,1,,0,103 S Main St,0,83992,2736899,39,9523,43.6834870109723,WI,4,CALL,0,Chicago,807348,Bristol Morgan Bank,1,,Fond Du Lac,COMMERCIAL LENDING,,,,0,0,1,WI,1,Wisconsin,7,FED,Chicago,168882,,0,103 S Main St,-88.5471800195739,,OAKFIELD,55039,,Oakfield,13,55039,,"Fond du Lac, WI",Bristol Morgan Bank,Oakfield,WI,2023_9523_0
53065,DIF,SM,United States,54979,STATE,22540,228789,Wisconsin,03/12/1969,2023,State Agency,11,55,100.0,9,0,United States,"OAKFIELD BANCORP., INC.",0,,0,130131,,Van Dyne,ONE,CB,EXACT,,STATE,0,,0,103 S Main St,0,13879,2736899,39,9523,43.8864710153483,WI,4,CALL,0,Chicago,807348,Van Dyne Branch,1,,Fond Du Lac,COMMERCIAL LENDING,,,10/23/1995,0,1,1,WI,1,Wisconsin,7,FED,Chicago,168882,,0,N9512 Van Dyne Rd,-88.5030300209778,,OAKFIELD,55039,,Oakfield,13,55039,,"Fond du Lac, WI",Bristol Morgan Bank,Van Dyne,WI,2023_9523_1
53065,DIF,SM,United States,54935,STATE,22540,604850,Wisconsin,07/16/2018,2023,State Agency,11,55,100.0,9,0,United States,"OAKFIELD BANCORP., INC.",0,,0,130131,,Fond du Lac,ONE,CB,EXACT,,STATE,0,,0,103 S Main St,0,32260,2736899,39,9523,43.772342979802,WI,4,CALL,0,Chicago,807348,Fond Du Lac Branch,1,,Fond Du Lac,COMMERCIAL LENDING,,,,0,3,1,WI,1,Wisconsin,7,FED,Chicago,168882,,0,171 S Pioneer Rd,-88.48098704055,,OAKFIELD,55039,,Oakfield,13,55039,,"Fond du Lac, WI",Bristol Morgan Bank,Fond Du Lac,WI,2023_9523_3
54481,DIF,NM,United States,54481,STATE,0,6122,Wisconsin,06/01/1906,2023,State Agency,11,55,100.0,9,14789,United States,"PINERIES BANKSHARES, INC.",1,,119066,119066,,Stevens Point,ONE,CB,EXACT,M,STATE,1,,0,3601 Main St,554,119066,2514921,97,9526,44.522758007293,WI,8,CALL,0,Chicago,674344,The Pineries Bank,0,,Portage,ALL OTHER < $1 BILLION,,,,1,0,1,WI,1,Wisconsin,7,FDIC,Chicago,133498,,0,3601 Main St,-89.5497279751812,,STEVENS POINT,55097,"Wausau-Stevens Point-Wisconsin Rapids, WI",Stevens Point,21,55097,,,The Pineries Bank,Stevens Point,WI,2023_9526_0
53060,DIF,NM,United States,53060,STATE,33340,6125,Wisconsin,01/01/1911,2023,State Agency,11,55,97.94,9,0,United States,"SBN COMMUNITY BANCORP, INC.",1,,193015,193015,,Newburg,ONE,CB,EXACT,M,STATE,1,,0,300 Congress Dr Hwy 33,376,193015,3089314,131,9529,43.4297169295278,WI,2,CALL,0,Chicago,228345,State Bank Of Newburg,1,,Washington,AGRICULTURAL,,,,0,0,1,WI,1,Wisconsin,7,FDIC,Chicago,254053,,0,300 Congress Dr Hwy 33,-88.0462850295223,,NEWBURG,55131,"Milwaukee-Racine-Waukesha, WI",Newburg,21,55131,,"Milwaukee-Waukesha, WI",State Bank of Newburg,Newburg,WI,2023_9529_0
53182,DIF,NM,United States,53182,STATE,39540,6132,Wisconsin,01/01/1903,2023,State Agency,11,55,100.0,9,9943,United States,COMMUNITY STATE BANK EMPLOYEE STOCK OWNERSHIP PLAN AND TRUST,0,,584227,584227,,Union Grove,ONE,CB,EXACT,M,STATE,1,,0,1500 Main St,376,225379,3195671,101,9536,42.680559019875,WI,4,CALL,0,Chicago,130345,Community State Bank,1,,Racine,COMMERCIAL LENDING,,,,0,0,1,WI,1,Wisconsin,7,FDIC,Chicago,606616,,0,1500 Main St,-88.0524289645499,,UNION GROVE,55101,"Milwaukee-Racine-Waukesha, WI",Union Grove,21,55101,,"Racine-Mount Pleasant, WI",Community State Bank,Union Grove,WI,2023_9536_0
53182,DIF,NM,United States,53105,STATE,39540,426572,Wisconsin,01/05/2004,2023,State Agency,11,55,100.0,9,9943,United States,COMMUNITY STATE BANK EMPLOYEE STOCK OWNERSHIP PLAN AND TRUST,0,,0,584227,,Burlington,ONE,CB,EXACT,,STATE,0,,0,1500 Main St,376,55747,3195671,101,9536,42.6798820135556,WI,4,CALL,0,Chicago,130345,Burlington Branch,1,,Racine,COMMERCIAL LENDING,,,,0,10,1,WI,1,Wisconsin,7,FDIC,Chicago,606616,,0,308 Bridge St,-88.272799005859,,UNION GROVE,55101,"Milwaukee-Racine-Waukesha, WI",Union Grove,21,55101,,"Racine-Mount Pleasant, WI",Community State Bank,Burlington,WI,2023_9536_10
53182,DIF,NM,United States,53406,STATE,39540,492446,Wisconsin,06/29/2009,2023,State Agency,11,55,100.0,9,9943,United States,COMMUNITY STATE BANK EMPLOYEE STOCK OWNERSHIP PLAN AND TRUST,0,,0,584227,,Racine,ONE,CB,EXACT,,STATE,0,,0,1500 Main St,376,89087,3195671,101,9536,42.7200180025399,WI,4,CALL,0,Chicago,130345,Racine Branch,1,,Racine,COMMERCIAL LENDING,,,,0,11,1,WI,1,Wisconsin,7,FDIC,Chicago,606616,,0,8930 Washington Ave,-87.8945419881002,,UNION GROVE,55101,"Milwaukee-Racine-Waukesha, WI",Union Grove,21,55101,,"Racine-Mount Pleasant, WI",Community State Bank,Racine,WI,2023_9536_11
53182,DIF,NM,United States,53147,STATE,0,589996,Wisconsin,01/04/2017,2023,State Agency,11,55,100.0,9,9943,United States,COMMUNITY STATE BANK EMPLOYEE STOCK OWNERSHIP PLAN AND TRUST,0,,0,584227,,Lake Geneva,ONE,CB,EXACT,,STATE,0,,0,1500 Main St,376,44103,3195671,127,9536,42.6063300169102,WI,4,CALL,0,Chicago,130345,Lake Geneva Branch,0,,Walworth,COMMERCIAL LENDING,,,,1,12,1,WI,1,Wisconsin,7,FDIC,Chicago,606616,,0,200 Interchange N,-88.4255099894598,,UNION GROVE,55101,"Milwaukee-Racine-Waukesha, WI",Union Grove,21,55127,,,Community State Bank,Lake Geneva,WI,2023_9536_12
53182,DIF,NM,United States,53142,STATE,28450,624982,Wisconsin,06/02/2020,2023,State Agency,11,55,100.0,9,9943,United States,COMMUNITY STATE BANK EMPLOYEE STOCK OWNERSHIP PLAN AND TRUST,0,,0,584227,,Kenosha,ONE,CB,EXACT,,STATE,0,,0,1500 Main St,176,34804,3195671,59,9536,42.5675660197472,WI,4,CALL,0,Chicago,130345,Kenosha Branch,1,,Kenosha,COMMERCIAL LENDING,,,,0,13,1,WI,1,Wisconsin,7,FDIC,Chicago,606616,,0,8304 75th St,-87.9085400178603,,UNION GROVE,55101,"Chicago-Naperville, IL-IN-WI",Union Grove,21,55059,,"Kenosha, WI",Community State Bank,Kenosha,WI,2023_9536_13
53182,DIF,NM,United States,53185,STATE,39540,220335,Wisconsin,01/05/1998,2023,State Agency,11,55,100.0,9,9943,United States,COMMUNITY STATE BANK EMPLOYEE STOCK OWNERSHIP PLAN AND TRUST,0,,0,584227,,Waterford,ONE,CB,EXACT,,STATE,0,,0,1500 Main St,376,76662,3195671,101,9536,42.7671569878082,WI,4,CALL,0,Chicago,130345,Waterford Branch,1,,Racine,COMMERCIAL LENDING,,,,0,5,1,WI,1,Wisconsin,7,FDIC,Chicago,606616,,0,810 Fox Ln,-88.1979360376475,,UNION GROVE,55101,"Milwaukee-Racine-Waukesha, WI",Union Grove,21,55101,,"Racine-Mount Pleasant, WI",Community State Bank,Waterford,WI,2023_9536_5
53182,DIF,NM,United States,53168,STATE,28450,220339,Wisconsin,03/01/2000,2023,State Agency,11,55,100.0,9,9943,United States,COMMUNITY STATE BANK EMPLOYEE STOCK OWNERSHIP PLAN AND TRUST,0,,0,584227,,Salem,ONE,CB,EXACT,,STATE,0,,0,1500 Main St,176,58445,3195671,59,9536,42.5688489957568,WI,4,CALL,0,Chicago,130345,Salem Branch,1,,Kenosha,COMMERCIAL LENDING,,,,0,9,1,WI,1,Wisconsin,7,FDIC,Chicago,606616,,0,25360 75th St,-88.1160989907179,,UNION GROVE,55101,"Chicago-Naperville, IL-IN-WI",Union Grove,21,55059,,"Kenosha, WI",Community State Bank,Salem,WI,2023_9536_9
