ZIP,INSAGNT1,BKCLASS,CNTRYNAB,ZIPBR,CHRTAGNT,MSABR,UNINUMBR,STNAME,SIMS_ESTABLISHED_DATE,YEAR,CHRTAGNN,BRSERTYP,STNUMBR,SIMS_DESCRIPTION,FDICDBS,DOCKET,CNTRYNA,NAMEHCR,UNIT,OCCDIST,DEPSUM,DEPDOM,ESCROW,CITY2BR,HCTMULT,INSURED,SIMS_PROJECTION,BRCENM,CHARTER,BKMO,CONSOLD,DIVISIONB,ADDRESS,CSABR,DEPSUMBR,RSSDHCR,CNTYNUMB,CERT,SIMS_LATITUDE,STALP,SPECGRP,CALL,DENOVO,FDICNAME,RSSDID,NAMEBR,METROBR,NECNAMB,CNTYNAMB,SPECDESC,OCCNAME,NECTABR,SIMS_ACQUIRED_DATE,MICROBR,BRNUM,CB,STALPBR,USA,STNAMEBR,FED,REGAGNT,FEDNAME,ASSET,INSBRTS,PLACENUM,ADDRESBR,SIMS_LONGITUDE,INSBRDD,CITYHCR,STCNTY,CSANAMBR,CITY,CLCODE,STCNTYBR,CBSA_DIV_NAMB,MSANAMB,NAMEFULL,CITYBR,STALPHCR,ID
53946,DIF,NM,United States,53946,STATE,0,6394,Wisconsin,1/20/1910,2019,State Agency,11,55,M,9,13641,United States,"FS BANCSHARES, INC.",0,3,77254,77254,,Markesan,ONE,CB,US_Streets,M,STATE,1,0,0,86 East Water Street,0,46823,1249691,47,10004,43.706476,WI,4,CALL,0,Chicago,599643,Ergo Bank,0,,Green Lake,COMMERCIAL LENDING,Central District,0,,0,0,,WI,1,Wisconsin,7,FDIC,Chicago,89100,,0,86 East Water Street,-88.986177,,MARKESAN,55047,,Markesan,21,55047,,,Ergo Bank,Markesan,WI,2019_10004_0
53946,DIF,NM,United States,53933,STATE,0,6890,Wisconsin,03/02/1891,2019,State Agency,11,55,M,9,13641,United States,"FS BANCSHARES, INC.",0,3,0,77254,,Fox Lake,ONE,CB,US_Streets,,STATE,0,0,0,86 East Water Street,376,30431,1249691,27,10004,43.566038,WI,4,CALL,0,Chicago,599643,314 West State Street Branch,0,,Dodge,COMMERCIAL LENDING,Central District,0,9/28/1991,1,1,,WI,1,Wisconsin,7,FDIC,Chicago,89100,,0,314 West State Street,-88.909526,,MARKESAN,55047,"Milwaukee-Racine-Waukesha, WI",Markesan,21,55027,,,Ergo Bank,Fox Lake,WI,2019_10004_1
53012,DIF,NM,United States,53012,STATE,33340,6397,Wisconsin,03/01/1894,2019,State Agency,11,55,POSTAL,9,12896,United States,"PARTNERSHIP COMMUNITY BANCSHARES, INC.",0,3,269581,269581,,Cedarburg,ONE,CB,100,M,STATE,1,,0,W61 N529 Washington Avenue,376,120302,3552724,89,10007,43.297322,WI,4,CALL,0,Chicago,284248,Partnership Bank,1,,Ozaukee,COMMERCIAL LENDING,Central District,0,,0,0,,WI,1,Wisconsin,7,FDIC,Chicago,310272,,0,W61 N529 Washington Avenue,-88.004427,,CEDARBURG,55089,"Milwaukee-Racine-Waukesha, WI",Cedarburg,21,55089,,"Milwaukee-Waukesha, WI",Partnership Bank,Cedarburg,WI,2019_10007_0
53012,DIF,NM,United States,54660,STATE,0,221684,Wisconsin,7/22/1996,2019,State Agency,23,55,M,9,12896,United States,"PARTNERSHIP COMMUNITY BANCSHARES, INC.",0,3,0,269581,,Tomah,ONE,CB,US_STREETS,N,STATE,0,,0,W61 N529 Washington Avenue,0,0,3552724,81,10007,43.976806,WI,4,CALL,0,Chicago,284248,Monowau Street,0,,Monroe,COMMERCIAL LENDING,Central District,0,,0,1,,WI,1,Wisconsin,7,FDIC,Chicago,310272,,0,120 West Monowau Street,-90.505062,,CEDARBURG,55089,,Cedarburg,21,55081,,,Partnership Bank,Tomah,WI,2019_10007_1
53012,DIF,NM,United States,53092,STATE,33340,559920,Wisconsin,9/15/2014,2019,State Agency,11,55,STREETADDRESS,9,12896,United States,"PARTNERSHIP COMMUNITY BANCSHARES, INC.",0,3,0,269581,,Mequon,ONE,CB,100,,STATE,0,,0,W61 N529 Washington Avenue,376,28609,3552724,89,10007,43.231585,WI,4,CALL,0,Chicago,284248,Mequon Wi Branch,1,,Ozaukee,COMMERCIAL LENDING,Central District,0,,0,11,,WI,1,Wisconsin,7,FDIC,Chicago,310272,,0,11740 North Port Washington Road,-87.924021,,CEDARBURG,55089,"Milwaukee-Racine-Waukesha, WI",Cedarburg,21,55089,,"Milwaukee-Waukesha, WI",Partnership Bank,Mequon,WI,2019_10007_11
53012,DIF,NM,United States,53094,STATE,0,7833,Wisconsin,1/10/1913,2019,State Agency,11,55,M,9,12896,United States,"PARTNERSHIP COMMUNITY BANCSHARES, INC.",0,3,0,269581,,Watertown,ONE,CB,US_STREETS,,STATE,0,,0,W61 N529 Washington Avenue,376,48529,3552724,55,10007,43.194465,WI,4,CALL,0,Chicago,284248,Watertown Branch,0,,Jefferson,COMMERCIAL LENDING,Central District,0,3/23/2015,1,12,,WI,1,Wisconsin,7,FDIC,Chicago,310272,,0,104 West Main Street,-88.72535,,CEDARBURG,55089,"Milwaukee-Racine-Waukesha, WI",Cedarburg,21,55055,,,Partnership Bank,Watertown,WI,2019_10007_12
53012,DIF,NM,United States,54660,STATE,0,572190,Wisconsin,5/4/2015,2019,State Agency,11,55,POINTADDRESS,9,12896,United States,"PARTNERSHIP COMMUNITY BANCSHARES, INC.",0,3,0,269581,,Tomah,ONE,CB,100,,STATE,0,,0,W61 N529 Washington Avenue,0,72141,3552724,81,10007,43.97699,WI,4,CALL,0,Chicago,284248,Tomah Branch,0,,Monroe,COMMERCIAL LENDING,Central District,0,,0,13,,WI,1,Wisconsin,7,FDIC,Chicago,310272,,0,1021 Superior Avenue,-90.504758,,CEDARBURG,55089,,Cedarburg,21,55081,,,Partnership Bank,Tomah,WI,2019_10007_13
53566,DIF,NM,United States,53566,STATE,31540,6400,Wisconsin,1/1/1915,2019,State Agency,11,55,STREETADDRESS,9,0,United States,"WOODFORD BANCSHARES, INC.",0,3,188286,188286,,Monroe,ONE,CB,100,"M,E",STATE,1,,0,403 West 8th Street,357,137254,2961347,45,10011,42.603581,WI,4,CALL,0,Chicago,93244,Woodford State Bank,1,,Green,COMMERCIAL LENDING,Central District,0,,0,0,,WI,1,Wisconsin,7,FDIC,Chicago,239160,,0,403 West 8th Street,-89.662267,,MONROE,55045,"Madison-Janesville-Beloit, WI",Monroe,21,55045,,"Madison, WI",Woodford State Bank,Monroe,WI,2019_10011_0
53566,DIF,NM,United States,53504,STATE,0,221691,Wisconsin,8/6/1999,2019,State Agency,11,55,M,9,0,United States,"WOODFORD BANCSHARES, INC.",0,3,0,188286,,Argyle,ONE,CB,US_Streets,E,STATE,0,,0,403 West 8th Street,0,19980,2961347,65,10011,42.70099,WI,4,CALL,0,Chicago,93244,Argyle Branch,0,,Lafayette,COMMERCIAL LENDING,Central District,0,,0,2,,WI,1,Wisconsin,7,FDIC,Chicago,239160,,0,101 Spruce Street,-89.8756,,MONROE,55045,,Monroe,21,55065,,,Woodford State Bank,Argyle,WI,2019_10011_2
53566,DIF,NM,United States,53587,STATE,0,362475,Wisconsin,10/15/2001,2019,State Agency,11,55,M,9,0,United States,"WOODFORD BANCSHARES, INC.",0,3,0,188286,,South Wayne,ONE,CB,US_Zipcode,E,STATE,0,,0,403 West 8th Street,0,17982,2961347,65,10011,42.577433,WI,4,CALL,0,Chicago,93244,South Wayne Branch,0,,Lafayette,COMMERCIAL LENDING,Central District,0,,0,4,,WI,1,Wisconsin,7,FDIC,Chicago,239160,,0,212 West High 11,-89.902103,,MONROE,55045,,Monroe,21,55065,,,Woodford State Bank,South Wayne,WI,2019_10011_4
53566,DIF,NM,United States,53516,STATE,0,7441,Wisconsin,1/1/1917,2019,State Agency,11,55,M,9,0,United States,"WOODFORD BANCSHARES, INC.",0,3,0,188286,,Blanchardville,ONE,CB,US_Streets,E,STATE,0,,0,403 West 8th Street,0,13070,2961347,65,10011,42.810138,WI,4,CALL,0,Chicago,93244,Blanchardville Branch,0,,Lafayette,COMMERCIAL LENDING,Central District,0,10/1/2007,0,5,,WI,1,Wisconsin,7,FDIC,Chicago,239160,,0,319 South Main Street,-89.862367,,MONROE,55045,,Monroe,21,55065,,,Woodford State Bank,Blanchardville,WI,2019_10011_5
54909,DIF,NM,United States,54909,STATE,0,6401,Wisconsin,1/1/1901,2019,State Agency,11,55,M,9,11965,United States,"PORTAGE COUNTY BANCSHARES, INC.",0,3,138863,138863,,Almond,ONE,CB,US_Streets,M,STATE,1,,0,1155 County Road D,554,49412,1141133,97,10012,44.258447,WI,4,CALL,0,Chicago,12647,Portage County Bank,0,,Portage,COMMERCIAL LENDING,Central District,0,,1,0,,WI,1,Wisconsin,7,FDIC,Chicago,157719,,0,1155 County Road D,-89.415147,,ALMOND,55097,"Wausau-Stevens Point-Wisconsin Rapids, WI",Almond,21,55097,,,Portage County Bank,Almond,WI,2019_10012_0
54909,DIF,NM,United States,54467,STATE,0,221692,Wisconsin,9/23/1991,2019,State Agency,11,55,PointAddress,9,11965,United States,"PORTAGE COUNTY BANCSHARES, INC.",0,3,0,138863,,Plover,ONE,CB,100,,STATE,0,,0,1155 County Road D,554,11725,1141133,97,10012,44.46039,WI,4,CALL,0,Chicago,12647,Plover Branch,0,,Portage,COMMERCIAL LENDING,Central District,0,,1,1,,WI,1,Wisconsin,7,FDIC,Chicago,157719,,0,2520 Post Road,-89.543011,,ALMOND,55097,"Wausau-Stevens Point-Wisconsin Rapids, WI",Almond,21,55097,,,Portage County Bank,Plover,WI,2019_10012_1
54909,DIF,NM,United States,54481,STATE,0,469744,Wisconsin,12/17/2007,2019,State Agency,11,55,M,9,11965,United States,"PORTAGE COUNTY BANCSHARES, INC.",0,3,0,138863,,Stevens Point,ONE,CB,US_Zipcode,,STATE,0,,0,1155 County Road D,554,16164,1141133,97,10012,44.503873,WI,4,CALL,0,Chicago,12647,Vern Holmes Drive Branch,0,,Portage,COMMERCIAL LENDING,Central District,0,,1,4,,WI,1,Wisconsin,7,FDIC,Chicago,157719,,0,5417 Vern Holmes Drive,-89.639138,,ALMOND,55097,"Wausau-Stevens Point-Wisconsin Rapids, WI",Almond,21,55097,,,Portage County Bank,Stevens Point,WI,2019_10012_4
54909,DIF,NM,United States,54921,STATE,0,7850,Wisconsin,10/7/1912,2019,State Agency,11,55,M,9,11965,United States,"PORTAGE COUNTY BANCSHARES, INC.",0,3,0,138863,,Bancroft,ONE,CB,91,,STATE,0,,0,1155 County Road D,554,14124,1141133,97,10012,44.309527,WI,4,CALL,0,Chicago,12647,Bancroft Branch,0,,Portage,COMMERCIAL LENDING,Central District,0,12/4/2016,1,5,,WI,1,Wisconsin,7,FDIC,Chicago,157719,,0,5496 County Road W,-89.514196,,ALMOND,55097,"Wausau-Stevens Point-Wisconsin Rapids, WI",Almond,21,55097,,,Portage County Bank,Bancroft,WI,2019_10012_5
54909,DIF,NM,United States,54494,STATE,0,226864,Wisconsin,10/16/1992,2019,State Agency,11,55,M,9,11965,United States,"PORTAGE COUNTY BANCSHARES, INC.",0,3,0,138863,,Wisconsin Rapids,ONE,CB,US_Streets,,STATE,0,,0,1155 County Road D,554,11781,1141133,141,10012,44.305188,WI,4,CALL,0,Chicago,12647,Saratoga Branch,0,,Wood,COMMERCIAL LENDING,Central District,0,12/4/2016,1,7,,WI,1,Wisconsin,7,FDIC,Chicago,157719,,0,9031 Highway 13 South,-89.810049,,ALMOND,55097,"Wausau-Stevens Point-Wisconsin Rapids, WI",Almond,21,55141,,,Portage County Bank,Wisconsin Rapids,WI,2019_10012_7
54909,DIF,NM,United States,54943,STATE,0,356716,Wisconsin,5/24/2000,2019,State Agency,11,55,M,9,11965,United States,"PORTAGE COUNTY BANCSHARES, INC.",0,3,0,138863,,Hancock,ONE,CB,US_Streets,,STATE,0,,0,1155 County Road D,0,9268,1141133,137,10012,44.133314,WI,4,CALL,0,Chicago,12647,Hancock Branch,0,,Waushara,COMMERCIAL LENDING,Central District,0,12/4/2016,0,8,,WI,1,Wisconsin,7,FDIC,Chicago,157719,,0,220 West North Lake Street,-89.521166,,ALMOND,55097,,Almond,21,55137,,,Portage County Bank,Hancock,WI,2019_10012_8
54909,DIF,NM,United States,54966,STATE,0,365860,Wisconsin,11/1/2002,2019,State Agency,11,55,M,9,11965,United States,"PORTAGE COUNTY BANCSHARES, INC.",0,3,0,138863,,Plainfield,ONE,CB,US_Streets,,STATE,0,,0,1155 County Road D,0,26389,1141133,137,10012,44.213666,WI,4,CALL,0,Chicago,12647,Plainfield Branch,0,,Waushara,COMMERCIAL LENDING,Central District,0,12/4/2016,0,9,,WI,1,Wisconsin,7,FDIC,Chicago,157719,,0,123 West North Street,-89.492574,,ALMOND,55097,,Almond,21,55137,,,Portage County Bank,Plainfield,WI,2019_10012_9
54757,DIF,NM,United States,54757,STATE,20740,6404,Wisconsin,8/28/1907,2019,State Agency,11,55,POINTADDRESS,9,0,United States,"SECURITY BANK SHARES, INC.",0,3,91535,91535,,New Auburn,MULT,CB,100,M,STATE,1,,0,112 East Main Street,232,57504,1128497,17,10015,45.203937,WI,2,CALL,0,Chicago,20053,Security Bank,1,,Chippewa,AGRICULTURAL,Central District,0,,0,0,,WI,1,Wisconsin,9,FDIC,Minneapolis,106078,,0,112 East Main Street,-91.560841,,IRON RIVER,55017,"Eau Claire-Menomonie, WI",New Auburn,21,55017,,"Eau Claire, WI",Security Bank,New Auburn,WI,2019_10015_0
54757,DIF,NM,United States,54765,STATE,0,221699,Wisconsin,10/2/1935,2019,State Agency,11,55,M,9,0,United States,"SECURITY BANK SHARES, INC.",0,3,0,91535,,Sand Creek,MULT,CB,US_Zipcode,,STATE,0,,0,112 East Main Street,232,7789,1128497,33,10015,45.17767,WI,2,CALL,0,Chicago,20053,Sand Creek Branch,0,,Dunn,AGRICULTURAL,Central District,0,,1,1,,WI,1,Wisconsin,9,FDIC,Minneapolis,106078,,0,County Road 1,-91.676218,,IRON RIVER,55017,"Eau Claire-Menomonie, WI",New Auburn,21,55033,,,Security Bank,Sand Creek,WI,2019_10015_1
54757,DIF,NM,United States,54763,STATE,0,461649,Wisconsin,2/20/2007,2019,State Agency,11,55,M,9,0,United States,"SECURITY BANK SHARES, INC.",0,3,0,91535,,Ridgeland,MULT,CB,US_Streets,,STATE,0,,0,112 East Main Street,232,19462,1128497,33,10015,45.203791,WI,2,CALL,0,Chicago,20053,Ridgeland Office Branch,0,,Dunn,AGRICULTURAL,Central District,0,,1,2,,WI,1,Wisconsin,9,FDIC,Minneapolis,106078,,0,101 Main Street,-91.897244,,IRON RIVER,55017,"Eau Claire-Menomonie, WI",New Auburn,21,55033,,,Security Bank,Ridgeland,WI,2019_10015_2
54757,DIF,NM,United States,54733,STATE,0,7856,Wisconsin,8/28/1903,2019,State Agency,11,55,T,9,0,United States,"SECURITY BANK SHARES, INC.",0,3,0,91535,,Dallas,MULT,CB,US_Streets,,STATE,0,,0,112 East Main Street,0,5483,1128497,5,10015,45.259287,WI,2,CALL,0,Chicago,20053,Dallas Branch,0,,Barron,AGRICULTURAL,Central District,0,2/20/2007,0,3,,WI,1,Wisconsin,9,FDIC,Minneapolis,106078,,0,107 Dallas Street West,-91.809521,,IRON RIVER,55017,,New Auburn,21,55005,,,Security Bank,Dallas,WI,2019_10015_3
54757,DIF,NM,United States,54724,STATE,20740,614811,Wisconsin,4/1/2019,2019,State Agency,11,55,EXACT,9,0,United States,"SECURITY BANK SHARES, INC.",0,3,0,91535,,Bloomer,MULT,CB,100,,STATE,0,,0,112 East Main Street,232,1298,1128497,17,10015,45.099739,WI,2,CALL,0,Chicago,20053,Bloomer Office,1,,Chippewa,AGRICULTURAL,Central District,0,,0,4,,WI,1,Wisconsin,9,FDIC,Minneapolis,106078,,0,1923 17th Avenue,-91.498801,,IRON RIVER,55017,"Eau Claire-Menomonie, WI",New Auburn,21,55017,,"Eau Claire, WI",Security Bank,Bloomer,WI,2019_10015_4
54935,DIF,N,United States,54935,OCC,22540,6419,Wisconsin,12/20/1933,2019,Comptroller of the Currency,11,55,M,9,10433,United States,NEB CORPORATION,0,3,1422165,1422165,,Fond Du Lac,ONE,CB,US_RoofTop,M,FED,1,,0,130 South Main Street,0,451221,1202052,39,10044,43.775088,WI,4,CALL,0,Chicago,722544,National Exchange Bank And Trust,1,,Fond du Lac,COMMERCIAL LENDING,Central District,0,,0,0,,WI,1,Wisconsin,7,OCC,Chicago,1879574,,0,130 South Main Street,-88.446998,,FOND DU LAC,55039,,Fond Du Lac,3,55039,,"Fond du Lac, WI",National Exchange Bank and Trust,Fond Du Lac,WI,2019_10044_0
54935,DIF,N,United States,53057,OCC,22540,7968,Wisconsin,10/18/1909,2019,Comptroller of the Currency,11,55,M,9,10433,United States,NEB CORPORATION,0,3,0,1422165,,Mount Calvary,ONE,CB,US_RoofTop,,FED,0,,0,130 South Main Street,0,40385,1202052,39,10044,43.8263,WI,4,CALL,0,Chicago,722544,Mount Calvary Branch,1,,Fond du Lac,COMMERCIAL LENDING,Central District,0,6/23/1989,0,1,,WI,1,Wisconsin,7,OCC,Chicago,1879574,,0,516 Fond Du Lac Street,-88.245129,,FOND DU LAC,55039,,Fond Du Lac,3,55039,,"Fond du Lac, WI",National Exchange Bank and Trust,Mount Calvary,WI,2019_10044_1
54935,DIF,N,United States,53095,OCC,33340,221732,Wisconsin,12/11/1995,2019,Comptroller of the Currency,11,55,M,9,10433,United States,NEB CORPORATION,0,3,0,1422165,,West Bend,ONE,CB,US_RoofTop,,FED,0,,0,130 South Main Street,376,51404,1202052,131,10044,43.397929,WI,4,CALL,0,Chicago,722544,West Bend Branch,1,,Washington,COMMERCIAL LENDING,Central District,0,,0,10,,WI,1,Wisconsin,7,OCC,Chicago,1879574,,0,1320 West Paradise Drive,-88.19418,,FOND DU LAC,55039,"Milwaukee-Racine-Waukesha, WI",Fond Du Lac,3,55131,,"Milwaukee-Waukesha, WI",National Exchange Bank and Trust,West Bend,WI,2019_10044_10
54935,DIF,N,United States,54935,OCC,22540,221733,Wisconsin,7/31/1997,2019,Comptroller of the Currency,11,55,M,9,10433,United States,NEB CORPORATION,0,3,0,1422165,,Fond Du Lac,ONE,CB,US_RoofTop,,FED,0,,0,130 South Main Street,0,11014,1202052,39,10044,43.788386,WI,4,CALL,0,Chicago,722544,North Main Street Branch,1,,Fond du Lac,COMMERCIAL LENDING,Central District,0,,0,11,,WI,1,Wisconsin,7,OCC,Chicago,1879574,,0,346 North Main Street,-88.446945,,FOND DU LAC,55039,,Fond Du Lac,3,55039,,"Fond du Lac, WI",National Exchange Bank and Trust,Fond Du Lac,WI,2019_10044_11
54935,DIF,N,United States,53019,OCC,22540,221734,Wisconsin,12/14/1998,2019,Comptroller of the Currency,11,55,M,9,10433,United States,NEB CORPORATION,0,3,0,1422165,,Eden,ONE,CB,US_Streets,,FED,0,,0,130 South Main Street,0,28812,1202052,39,10044,43.693084,WI,4,CALL,0,Chicago,722544,Eden Branch,1,,Fond du Lac,COMMERCIAL LENDING,Central District,0,,0,12,,WI,1,Wisconsin,7,OCC,Chicago,1879574,,0,404 East Main Street,-88.357872,,FOND DU LAC,55039,,Fond Du Lac,3,55039,,"Fond du Lac, WI",National Exchange Bank and Trust,Eden,WI,2019_10044_12
54935,DIF,N,United States,53010,OCC,22540,270766,Wisconsin,1/1/1927,2019,Comptroller of the Currency,11,55,M,9,10433,United States,NEB CORPORATION,0,3,0,1422165,,Campbellsport,ONE,CB,US_RoofTop,,FED,0,,0,130 South Main Street,0,79946,1202052,39,10044,43.598463,WI,4,CALL,0,Chicago,722544,Campbellsport Branch,1,,Fond du Lac,COMMERCIAL LENDING,Central District,0,5/21/1999,0,13,,WI,1,Wisconsin,7,OCC,Chicago,1879574,,0,114 North Fond Du Lac Avenue,-88.285352,,FOND DU LAC,55039,,Fond Du Lac,3,55039,,"Fond du Lac, WI",National Exchange Bank and Trust,Campbellsport,WI,2019_10044_13
54935,DIF,N,United States,53956,OCC,31540,8109,Wisconsin,12/8/1923,2019,Comptroller of the Currency,11,55,M,9,10433,United States,NEB CORPORATION,0,3,0,1422165,,Randolph,ONE,CB,US_Streets,,FED,0,,0,130 South Main Street,357,33870,1202052,21,10044,43.53802,WI,4,CALL,0,Chicago,722544,Randolph Branch,1,,Columbia,COMMERCIAL LENDING,Central District,0,5/21/1999,0,14,,WI,1,Wisconsin,7,OCC,Chicago,1879574,,0,103 North High Street,-89.007008,,FOND DU LAC,55039,"Madison-Janesville-Beloit, WI",Fond Du Lac,3,55021,,"Madison, WI",National Exchange Bank and Trust,Randolph,WI,2019_10044_14
54935,DIF,N,United States,53954,OCC,31540,227891,Wisconsin,9/13/1938,2019,Comptroller of the Currency,11,55,M,9,10433,United States,NEB CORPORATION,0,3,0,1422165,,Pardeeville,ONE,CB,US_Streets,,FED,0,,0,130 South Main Street,357,37517,1202052,21,10044,43.538209,WI,4,CALL,0,Chicago,722544,Pardeeville Branch,1,,Columbia,COMMERCIAL LENDING,Central District,0,5/21/1999,0,15,,WI,1,Wisconsin,7,OCC,Chicago,1879574,,0,113 Lake Street,-89.299723,,FOND DU LAC,55039,"Madison-Janesville-Beloit, WI",Fond Du Lac,3,55021,,"Madison, WI",National Exchange Bank and Trust,Pardeeville,WI,2019_10044_15
54935,DIF,N,United States,53956,OCC,0,227892,Wisconsin,5/31/1990,2019,Comptroller of the Currency,23,55,M,9,10433,United States,NEB CORPORATION,0,3,0,1422165,,Randolph,ONE,CB,US_RoofTop,N,FED,0,,0,130 South Main Street,376,0,1202052,27,10044,43.537967,WI,4,CALL,0,Chicago,722544,Randolph Drive-In Branch,0,,Dodge,COMMERCIAL LENDING,Central District,0,5/21/1999,1,17,,WI,1,Wisconsin,7,OCC,Chicago,1879574,,0,154 Stark Street,-89.006236,,FOND DU LAC,55039,"Milwaukee-Racine-Waukesha, WI",Fond Du Lac,3,55027,,,National Exchange Bank and Trust,Randolph,WI,2019_10044_17
54935,DIF,N,United States,53926,OCC,0,233497,Wisconsin,1/15/1934,2019,Comptroller of the Currency,11,55,M,9,10433,United States,NEB CORPORATION,0,3,0,1422165,,Dalton,ONE,CB,US_Streets,,FED,0,,0,130 South Main Street,0,1045,1202052,47,10044,43.654343,WI,4,CALL,0,Chicago,722544,Dalton Branch,0,,Green Lake,COMMERCIAL LENDING,Central District,0,3/7/2003,0,20,,WI,1,Wisconsin,7,OCC,Chicago,1879574,,0,509 Main Street,-89.206807,,FOND DU LAC,55039,,Fond Du Lac,3,55047,,,National Exchange Bank and Trust,Dalton,WI,2019_10044_20
54935,DIF,N,United States,53939,OCC,0,233498,Wisconsin,3/26/1990,2019,Comptroller of the Currency,11,55,M,9,10433,United States,NEB CORPORATION,0,3,0,1422165,,Kingston,ONE,CB,US_Streets,,FED,0,,0,130 South Main Street,0,19849,1202052,47,10044,43.683574,WI,4,CALL,0,Chicago,722544,Kingston Branch,0,,Green Lake,COMMERCIAL LENDING,Central District,0,3/7/2003,0,21,,WI,1,Wisconsin,7,OCC,Chicago,1879574,,0,120 North South Street,-89.13693,,FOND DU LAC,55039,,Fond Du Lac,3,55047,,,National Exchange Bank and Trust,Kingston,WI,2019_10044_21
54935,DIF,N,United States,53949,OCC,0,9543,Wisconsin,2/12/1900,2019,Comptroller of the Currency,11,55,M,9,10433,United States,NEB CORPORATION,0,3,0,1422165,,Montello,ONE,CB,US_Streets,,FED,0,,0,130 South Main Street,0,46427,1202052,77,10044,43.791835,WI,4,CALL,0,Chicago,722544,Montello Branch,0,,Marquette,COMMERCIAL LENDING,Central District,0,3/7/2003,0,22,,WI,1,Wisconsin,7,OCC,Chicago,1879574,,0,24 West Street,-89.329254,,FOND DU LAC,55039,,Fond Du Lac,3,55077,,,National Exchange Bank and Trust,Montello,WI,2019_10044_22
54935,DIF,N,United States,53964,OCC,0,233334,Wisconsin,8/6/1990,2019,Comptroller of the Currency,11,55,M,9,10433,United States,NEB CORPORATION,0,3,0,1422165,,Westfield,ONE,CB,US_Streets,,FED,0,,0,130 South Main Street,0,12042,1202052,77,10044,43.885788,WI,4,CALL,0,Chicago,722544,Westfield Branch,0,,Marquette,COMMERCIAL LENDING,Central District,0,3/7/2003,0,23,,WI,1,Wisconsin,7,OCC,Chicago,1879574,,0,326 Second Street,-89.487257,,FOND DU LAC,55039,,Fond Du Lac,3,55077,,,National Exchange Bank and Trust,Westfield,WI,2019_10044_23
54935,DIF,N,United States,53081,OCC,43100,7861,Wisconsin,1/25/1913,2019,Comptroller of the Currency,11,55,M,9,10433,United States,NEB CORPORATION,0,3,0,1422165,,Sheboygan,ONE,CB,US_Streets,,FED,0,,0,130 South Main Street,0,37541,1202052,117,10044,43.835056,WI,4,CALL,0,Chicago,722544,State Bank Of Howards Grove Branch,1,,Sheboygan,COMMERCIAL LENDING,Central District,0,4/15/2005,0,24,,WI,1,Wisconsin,7,OCC,Chicago,1879574,,0,211 North Wisconsin Drive,-87.820332,,FOND DU LAC,55039,,Fond Du Lac,3,55117,,"Sheboygan, WI",National Exchange Bank and Trust,Howards Grove,WI,2019_10044_24
54935,DIF,N,United States,53916,OCC,0,437182,Wisconsin,4/19/2004,2019,Comptroller of the Currency,11,55,M,9,10433,United States,NEB CORPORATION,0,3,0,1422165,,Beaver Dam,ONE,CB,US_RoofTop,,FED,0,,0,130 South Main Street,376,17856,1202052,27,10044,43.474063,WI,4,CALL,0,Chicago,722544,Beaver Dam Regular Branch,0,,Dodge,COMMERCIAL LENDING,Central District,0,4/15/2005,1,25,,WI,1,Wisconsin,7,OCC,Chicago,1879574,,0,1609 Spring Street,-88.825051,,FOND DU LAC,55039,"Milwaukee-Racine-Waukesha, WI",Fond Du Lac,3,55027,,,National Exchange Bank and Trust,Beaver Dam,WI,2019_10044_25
54935,DIF,N,United States,53002,OCC,33340,220326,Wisconsin,5/24/1973,2019,Comptroller of the Currency,11,55,M,9,10433,United States,NEB CORPORATION,0,3,0,1422165,,Allenton,ONE,CB,US_RoofTop,,FED,0,,0,130 South Main Street,376,16449,1202052,131,10044,43.421093,WI,4,CALL,0,Chicago,722544,Allenton Branch,1,,Washington,COMMERCIAL LENDING,Central District,0,10/14/2005,0,26,,WI,1,Wisconsin,7,OCC,Chicago,1879574,,0,6278 Blueberry Road,-88.351092,,FOND DU LAC,55039,"Milwaukee-Racine-Waukesha, WI",Fond Du Lac,3,55131,,"Milwaukee-Waukesha, WI",National Exchange Bank and Trust,Allenton,WI,2019_10044_26
54935,DIF,N,United States,54930,OCC,0,207566,Wisconsin,10/4/1902,2019,Comptroller of the Currency,11,55,M,9,10433,United States,NEB CORPORATION,0,3,0,1422165,,Coloma,ONE,CB,US_Streets,,FED,0,,0,130 South Main Street,0,25738,1202052,137,10044,44.034738,WI,4,CALL,0,Chicago,722544,Coloma Branch,0,,Waushara,COMMERCIAL LENDING,Central District,0,10/14/2005,0,28,,WI,1,Wisconsin,7,OCC,Chicago,1879574,,0,209 N. Front Street,-89.522521,,FOND DU LAC,55039,,Fond Du Lac,3,55137,,,National Exchange Bank and Trust,Coloma,WI,2019_10044_28
54935,DIF,N,United States,53011,OCC,43100,9405,Wisconsin,5/1/1916,2019,Comptroller of the Currency,11,55,M,9,10433,United States,NEB CORPORATION,0,3,0,1422165,,Cascade,ONE,CB,US_Streets,,FED,0,,0,130 South Main Street,0,10629,1202052,117,10044,43.658309,WI,4,CALL,0,Chicago,722544,Cascade Branch,1,,Sheboygan,COMMERCIAL LENDING,Central District,0,6/1/1994,0,3,,WI,1,Wisconsin,7,OCC,Chicago,1879574,,0,310 Madison Avenue,-88.007001,,FOND DU LAC,55039,,Fond Du Lac,3,55117,,"Sheboygan, WI",National Exchange Bank and Trust,Cascade,WI,2019_10044_3
54935,DIF,N,United States,54935,OCC,22540,475452,Wisconsin,10/5/2007,2019,Comptroller of the Currency,11,55,M,9,10433,United States,NEB CORPORATION,0,3,0,1422165,,Fond Du Lac,ONE,CB,US_RoofTop,,FED,0,,0,130 South Main Street,0,6140,1202052,39,10044,43.783623,WI,4,CALL,0,Chicago,722544,E. Johnson Street Branch,1,,Fond du Lac,COMMERCIAL LENDING,Central District,0,,0,30,,WI,1,Wisconsin,7,OCC,Chicago,1879574,,0,1125 E. Johnson Street,-88.40412,,FOND DU LAC,55039,,Fond Du Lac,3,55039,,"Fond du Lac, WI",National Exchange Bank and Trust,Fond Du Lac,WI,2019_10044_30
54935,DIF,N,United States,54935,OCC,22540,13631,Wisconsin,7/10/1968,2019,Comptroller of the Currency,11,55,M,9,10433,United States,NEB CORPORATION,0,3,0,1422165,,Fond Du Lac,ONE,CB,US_RoofTop,,FED,0,,0,130 South Main Street,0,111117,1202052,39,10044,43.784255,WI,4,CALL,0,Chicago,722544,Fond Du Lac Branch,1,,Fond du Lac,COMMERCIAL LENDING,Central District,0,9/10/2016,0,31,,WI,1,Wisconsin,7,OCC,Chicago,1879574,,0,676 West Johnson Street,-88.472111,,FOND DU LAC,55039,,Fond Du Lac,3,55039,,"Fond du Lac, WI",National Exchange Bank and Trust,Fond Du Lac,WI,2019_10044_31
54935,DIF,N,United States,53006,OCC,0,7421,Wisconsin,2/9/1908,2019,Comptroller of the Currency,11,55,M,9,10433,United States,NEB CORPORATION,0,3,0,1422165,,Brownsville,ONE,CB,US_RoofTop,,FED,0,,0,130 South Main Street,376,58239,1202052,27,10044,43.61634,WI,4,CALL,0,Chicago,722544,Brownsville Branch,0,,Dodge,COMMERCIAL LENDING,Central District,0,9/10/2016,1,32,,WI,1,Wisconsin,7,OCC,Chicago,1879574,,0,505 Main Street,-88.488552,,FOND DU LAC,55039,"Milwaukee-Racine-Waukesha, WI",Fond Du Lac,3,55027,,,National Exchange Bank and Trust,Brownsville,WI,2019_10044_32
54935,DIF,N,United States,53050,OCC,0,249661,Wisconsin,7/20/1998,2019,Comptroller of the Currency,11,55,M,9,10433,United States,NEB CORPORATION,0,3,0,1422165,,Mayville,ONE,CB,US_Streets,,FED,0,,0,130 South Main Street,376,15413,1202052,27,10044,43.494579,WI,4,CALL,0,Chicago,722544,Mayville Branch,0,,Dodge,COMMERCIAL LENDING,Central District,0,9/10/2016,1,33,,WI,1,Wisconsin,7,OCC,Chicago,1879574,,0,1802 Horicon Street,-88.562431,,FOND DU LAC,55039,"Milwaukee-Racine-Waukesha, WI",Fond Du Lac,3,55027,,,National Exchange Bank and Trust,Mayville,WI,2019_10044_33
54935,DIF,N,United States,54968,OCC,0,270768,Wisconsin,1/1/1927,2019,Comptroller of the Currency,11,55,M,9,10433,United States,NEB CORPORATION,0,3,0,1422165,,Princeton,ONE,CB,US_Streets,,FED,0,,0,130 South Main Street,0,14662,1202052,47,10044,43.850117,WI,4,CALL,0,Chicago,722544,Princeton Branch,0,,Green Lake,COMMERCIAL LENDING,Central District,0,9/10/2016,0,34,,WI,1,Wisconsin,7,OCC,Chicago,1879574,,0,705 West Water Street,-89.131837,,FOND DU LAC,55039,,Fond Du Lac,3,55047,,,National Exchange Bank and Trust,Princeton,WI,2019_10044_34
54935,DIF,N,United States,54963,OCC,36780,270767,Wisconsin,1/1/1927,2019,Comptroller of the Currency,11,55,M,9,10433,United States,NEB CORPORATION,0,3,0,1422165,,Omro,ONE,CB,US_RoofTop,,FED,0,,0,130 South Main Street,118,13174,1202052,139,10044,44.039475,WI,4,CALL,0,Chicago,722544,Omro Branch,1,,Winnebago,COMMERCIAL LENDING,Central District,0,9/10/2016,0,35,,WI,1,Wisconsin,7,OCC,Chicago,1879574,,0,200 West Main Street,-88.746231,,FOND DU LAC,55039,"Appleton-Oshkosh-Neenah, WI",Fond Du Lac,3,55139,,"Oshkosh-Neenah, WI",National Exchange Bank and Trust,Omro,WI,2019_10044_35
54935,DIF,N,United States,53188,OCC,33340,57106,Wisconsin,9/8/1997,2019,Comptroller of the Currency,11,55,POSTAL,9,10433,United States,NEB CORPORATION,0,3,0,1422165,,Waukesha,ONE,CB,100,,FED,0,,0,130 South Main Street,376,145414,1202052,133,10044,43.021739,WI,4,CALL,0,Chicago,722544,Waukesha Branch,1,,Waukesha,COMMERCIAL LENDING,Central District,0,9/10/2016,0,36,,WI,1,Wisconsin,7,OCC,Chicago,1879574,,0,W239 N1700 Busse Road,-88.263439,,FOND DU LAC,55039,"Milwaukee-Racine-Waukesha, WI",Fond Du Lac,3,55133,,"Milwaukee-Waukesha, WI",National Exchange Bank and Trust,Waukesha,WI,2019_10044_36
54935,DIF,N,United States,53020,OCC,43100,262167,Wisconsin,10/16/1995,2019,Comptroller of the Currency,11,55,M,9,10433,United States,NEB CORPORATION,0,3,0,1422165,,Elkhart Lake,ONE,CB,US_Streets,,FED,0,,0,130 South Main Street,0,41882,1202052,117,10044,43.832301,WI,4,CALL,0,Chicago,722544,Elkhart Lake Branch,1,,Sheboygan,COMMERCIAL LENDING,Central District,0,2/22/2019,0,37,,WI,1,Wisconsin,7,OCC,Chicago,1879574,,0,274 Osthoff Avenue,-88.015117,,FOND DU LAC,55039,,Fond Du Lac,3,55117,,"Sheboygan, WI",National Exchange Bank and Trust,Elkhart Lake,WI,2019_10044_37
54935,DIF,N,United States,53014,OCC,11540,262169,Wisconsin,9/28/1998,2019,Comptroller of the Currency,11,55,M,9,10433,United States,NEB CORPORATION,0,3,0,1422165,,Chilton,ONE,CB,US_Streets,,FED,0,,0,130 South Main Street,118,20853,1202052,15,10044,44.02061,WI,4,CALL,0,Chicago,722544,Chilton Branch,1,,Calumet,COMMERCIAL LENDING,Central District,0,2/22/2019,0,38,,WI,1,Wisconsin,7,OCC,Chicago,1879574,,0,1265 East Chestnut Street,-88.153248,,FOND DU LAC,55039,"Appleton-Oshkosh-Neenah, WI",Fond Du Lac,3,55015,,"Appleton, WI",National Exchange Bank and Trust,Chilton,WI,2019_10044_38
54935,DIF,N,United States,53061,OCC,22540,8450,Wisconsin,2/18/1918,2019,Comptroller of the Currency,11,55,STREETADDRESS,9,10433,United States,NEB CORPORATION,0,3,0,1422165,,New Holstein,ONE,CB,100,,FED,0,,0,130 South Main Street,0,17150,1202052,39,10044,43.92092,WI,4,CALL,0,Chicago,722544,Marytown Branch,1,,Fond du Lac,COMMERCIAL LENDING,Central District,0,11/14/1994,0,4,,WI,1,Wisconsin,7,OCC,Chicago,1879574,,0,N10504 County Road G,-88.202266,,FOND DU LAC,55039,,Fond Du Lac,3,55039,,"Fond du Lac, WI",National Exchange Bank and Trust,New Holstein,WI,2019_10044_4
54935,DIF,N,United States,53023,OCC,43100,7412,Wisconsin,3/8/1913,2019,Comptroller of the Currency,11,55,M,9,10433,United States,NEB CORPORATION,0,3,0,1422165,,Glenbeulah,ONE,CB,US_Streets,,FED,0,,0,130 South Main Street,0,12074,1202052,117,10044,43.796985,WI,4,CALL,0,Chicago,722544,Glenbeulah Branch,1,,Sheboygan,COMMERCIAL LENDING,Central District,0,11/14/1994,0,5,,WI,1,Wisconsin,7,OCC,Chicago,1879574,,0,105 East Main Street,-88.047478,,FOND DU LAC,55039,,Fond Du Lac,3,55117,,"Sheboygan, WI",National Exchange Bank and Trust,Glenbeulah,WI,2019_10044_5
54935,DIF,N,United States,53001,OCC,43100,6127,Wisconsin,1/8/1908,2019,Comptroller of the Currency,11,55,M,9,10433,United States,NEB CORPORATION,0,3,0,1422165,,Adell,ONE,CB,US_Streets,,FED,0,,0,130 South Main Street,0,14491,1202052,117,10044,43.623343,WI,4,CALL,0,Chicago,722544,Adell Branch,1,,Sheboygan,COMMERCIAL LENDING,Central District,0,11/1/1995,0,6,,WI,1,Wisconsin,7,OCC,Chicago,1879574,,0,901 Wisconsin Street,-87.949741,,FOND DU LAC,55039,,Fond Du Lac,3,55117,,"Sheboygan, WI",National Exchange Bank and Trust,Adell,WI,2019_10044_6
54935,DIF,N,United States,53013,OCC,43100,220322,Wisconsin,11/12/1990,2019,Comptroller of the Currency,11,55,M,9,10433,United States,NEB CORPORATION,0,3,0,1422165,,Cedar Grove,ONE,CB,US_Streets,,FED,0,,0,130 South Main Street,0,17745,1202052,117,10044,43.569085,WI,4,CALL,0,Chicago,722544,Cedar Grove Branch,1,,Sheboygan,COMMERCIAL LENDING,Central District,0,11/1/1995,0,7,,WI,1,Wisconsin,7,OCC,Chicago,1879574,,0,323 South Main,-87.820425,,FOND DU LAC,55039,,Fond Du Lac,3,55117,,"Sheboygan, WI",National Exchange Bank and Trust,Cedar Grove,WI,2019_10044_7
54935,DIF,N,United States,53085,OCC,43100,221685,Wisconsin,11/16/1990,2019,Comptroller of the Currency,11,55,M,9,10433,United States,NEB CORPORATION,0,3,0,1422165,,Sheboygan Falls,ONE,CB,US_Streets,,FED,0,,0,130 South Main Street,0,12066,1202052,117,10044,43.735773,WI,4,CALL,0,Chicago,722544,Sheboygan Falls Branch,1,,Sheboygan,COMMERCIAL LENDING,Central District,0,11/1/1995,0,9,,WI,1,Wisconsin,7,OCC,Chicago,1879574,,0,191 North Main Street,-87.819864,,FOND DU LAC,55039,,Fond Du Lac,3,55117,,"Sheboygan, WI",National Exchange Bank and Trust,Sheboygan Falls,WI,2019_10044_9
53818,DIF,N,United States,53818,OCC,0,678,Wisconsin,10/28/1905,2019,Comptroller of the Currency,11,55,M,9,10108,United States,"MONTFORT BANCORPORATION, INC.",0,3,228759,228759,,Platteville,ONE,CB,US_Streets,M,FED,1,,0,345 West Pine Street,0,80105,1205325,43,1022,42.73365,WI,2,CALL,0,Chicago,988144,"Clare Bank, National Association",0,,Grant,AGRICULTURAL,Central District,0,,1,0,,WI,1,Wisconsin,7,OCC,Chicago,263474,,0,345 West Pine Street,-90.48235,,PLATTEVILLE,55043,,Platteville,3,55043,,,"Clare Bank, National Association",Platteville,WI,2019_1022_0
53818,DIF,N,United States,53807,OCC,0,187693,Wisconsin,3/25/1975,2019,Comptroller of the Currency,11,55,M,9,10108,United States,"MONTFORT BANCORPORATION, INC.",0,3,0,228759,,Cuba City,ONE,CB,US_Streets,,FED,0,,0,345 West Pine Street,0,11009,1205325,43,1022,42.580716,WI,2,CALL,0,Chicago,988144,Jamestown Branch,0,,Grant,AGRICULTURAL,Central District,0,,1,1,,WI,1,Wisconsin,7,OCC,Chicago,263474,,0,3810 Dry Hollow Road,-90.616125,,PLATTEVILLE,55043,,Platteville,3,55043,,,"Clare Bank, National Association",Jamestown Township,WI,2019_1022_1
53818,DIF,N,United States,53804,OCC,0,8949,Wisconsin,8/26/1909,2019,Comptroller of the Currency,11,55,M,9,10108,United States,"MONTFORT BANCORPORATION, INC.",0,3,0,228759,,Bloomington,ONE,CB,100,,FED,0,,0,345 West Pine Street,0,15535,1205325,43,1022,42.883621,WI,2,CALL,0,Chicago,988144,Bloomington Main Branch,0,,Grant,AGRICULTURAL,Central District,0,9/30/1990,1,2,,WI,1,Wisconsin,7,OCC,Chicago,263474,,0,475 Canal St,-90.926459,,PLATTEVILLE,55043,,Platteville,3,55043,,,"Clare Bank, National Association",Bloomington,WI,2019_1022_2
53818,DIF,N,United States,53805,OCC,0,15621,Wisconsin,2/22/1977,2019,Comptroller of the Currency,11,55,M,9,10108,United States,"MONTFORT BANCORPORATION, INC.",0,3,0,228759,,Boscobel,ONE,CB,US_Streets,,FED,0,,0,345 West Pine Street,0,19524,1205325,43,1022,43.128289,WI,2,CALL,0,Chicago,988144,Boscobel Main Branch,0,,Grant,AGRICULTURAL,Central District,0,9/30/1990,1,3,,WI,1,Wisconsin,7,OCC,Chicago,263474,,0,1701 Elm Street,-90.710305,,PLATTEVILLE,55043,,Platteville,3,55043,,,"Clare Bank, National Association",Boscobel,WI,2019_1022_3
53818,DIF,N,United States,53569,OCC,0,7969,Wisconsin,3/28/1905,2019,Comptroller of the Currency,11,55,M,9,10108,United States,"MONTFORT BANCORPORATION, INC.",0,3,0,228759,,Montfort,ONE,CB,US_Streets,,FED,0,,0,345 West Pine Street,0,20455,1205325,43,1022,42.96857,WI,2,CALL,0,Chicago,988144,Montfort Main Branch,0,,Grant,AGRICULTURAL,Central District,0,9/30/1990,1,4,,WI,1,Wisconsin,7,OCC,Chicago,263474,,0,2 S Wall Street,-90.43122,,PLATTEVILLE,55043,,Platteville,3,55043,,,"Clare Bank, National Association",Montfort,WI,2019_1022_4
53818,DIF,N,United States,53586,OCC,0,5543,Wisconsin,1/1/1909,2019,Comptroller of the Currency,11,55,M,9,10108,United States,"MONTFORT BANCORPORATION, INC.",0,3,0,228759,,Shullsburg,ONE,CB,US_Streets,,FED,0,,0,345 West Pine Street,0,36474,1205325,65,1022,42.572078,WI,2,CALL,0,Chicago,988144,Shullsburg Main Branch,0,,Lafayette,AGRICULTURAL,Central District,0,9/30/1990,0,5,,WI,1,Wisconsin,7,OCC,Chicago,263474,,0,105 West Water Street,-90.231118,,PLATTEVILLE,55043,,Platteville,3,55065,,,"Clare Bank, National Association",Shullsburg,WI,2019_1022_5
53818,DIF,N,United States,53809,OCC,0,285301,Wisconsin,11/8/1971,2019,Comptroller of the Currency,11,55,M,9,10108,United States,"MONTFORT BANCORPORATION, INC.",0,3,0,228759,,Fennimore,ONE,CB,US_Streets,,FED,0,,0,345 West Pine Street,0,22012,1205325,43,1022,42.988411,WI,2,CALL,0,Chicago,988144,1290 4th Street Branch,0,,Grant,AGRICULTURAL,Central District,0,10/1/1992,1,7,,WI,1,Wisconsin,7,OCC,Chicago,263474,,0,1290 4th Street,-90.656668,,PLATTEVILLE,55043,,Platteville,3,55043,,,"Clare Bank, National Association",Fennimore,WI,2019_1022_7
53818,DIF,N,United States,53573,OCC,0,285302,Wisconsin,6/30/1989,2019,Comptroller of the Currency,11,55,M,9,10108,United States,"MONTFORT BANCORPORATION, INC.",0,3,0,228759,,Muscoda,ONE,CB,US_Streets,,FED,0,,0,345 West Pine Street,0,23645,1205325,43,1022,43.185256,WI,2,CALL,0,Chicago,988144,107 W Nebraska Branch,0,,Grant,AGRICULTURAL,Central District,0,10/1/1992,1,8,,WI,1,Wisconsin,7,OCC,Chicago,263474,,0,107 W Nebraska,-90.443178,,PLATTEVILLE,55043,,Platteville,3,55043,,,"Clare Bank, National Association",Muscoda,WI,2019_1022_8
54414,DIF,NM,United States,54414,STATE,0,6646,Wisconsin,1/1/1900,2019,State Agency,11,55,M,9,9734,United States,"BANNER BANCORP, LTD",0,3,85987,85987,,Birnamwood,ONE,CB,US_Streets,M,STATE,1,,0,416 Main St.,267,35700,1207691,115,10374,44.933428,WI,2,CALL,0,Chicago,453147,Banner Banks,0,,Shawano,AGRICULTURAL,Central District,0,,1,0,,WI,1,Wisconsin,7,FDIC,Chicago,98173,,0,416 Main St.,-89.204222,,BIRNAMWOOD,55115,"Green Bay-Shawano, WI",Birnamwood,21,55115,,,Banner Banks,Birnamwood,WI,2019_10374_0
54414,DIF,NM,United States,54440,STATE,48140,222348,Wisconsin,11/2/1945,2019,State Agency,11,55,M,9,9734,United States,"BANNER BANCORP, LTD",0,3,0,85987,,Hatley,ONE,CB,US_Zipcode,,STATE,0,,0,416 Main St.,554,22100,1207691,73,10374,44.819186,WI,2,CALL,0,Chicago,453147,Hatley Branch,1,,Marathon,AGRICULTURAL,Central District,0,,0,1,,WI,1,Wisconsin,7,FDIC,Chicago,98173,,0,225 Clark St,-89.387216,,BIRNAMWOOD,55115,"Wausau-Stevens Point-Wisconsin Rapids, WI",Birnamwood,21,55073,,"Wausau-Weston, WI",Banner Banks,Hatley,WI,2019_10374_1
54414,DIF,NM,United States,54409,STATE,0,222349,Wisconsin,10/15/1990,2019,State Agency,11,55,M,9,9734,United States,"BANNER BANCORP, LTD",0,3,0,85987,,Antigo,ONE,CB,US_Streets,,STATE,0,,0,416 Main St.,0,10962,1207691,67,10374,45.132825,WI,2,CALL,0,Chicago,453147,Antigo Branch,0,,Langlade,AGRICULTURAL,Central District,0,,0,2,,WI,1,Wisconsin,7,FDIC,Chicago,98173,,0,100 South Superior Street,-89.152579,,BIRNAMWOOD,55115,,Birnamwood,21,55067,,,Banner Banks,Antigo,WI,2019_10374_2
54414,DIF,NM,United States,54499,STATE,0,439655,Wisconsin,4/4/2005,2019,State Agency,11,55,M,9,9734,United States,"BANNER BANCORP, LTD",0,3,0,85987,,Wittenberg,ONE,CB,US_Streets,,STATE,0,,0,416 Main St.,267,17225,1207691,115,10374,44.827756,WI,2,CALL,0,Chicago,453147,Wittenberg Branch,0,,Shawano,AGRICULTURAL,Central District,0,,1,4,,WI,1,Wisconsin,7,FDIC,Chicago,98173,,0,201 East Westgor Avenue,-89.169621,,BIRNAMWOOD,55115,"Green Bay-Shawano, WI",Birnamwood,21,55115,,,Banner Banks,Wittenberg,WI,2019_10374_4
54425,DIF,NM,United States,54425,STATE,0,6647,Wisconsin,8/9/1906,2019,State Agency,11,55,STREETNAME,9,14584,United States,"ADVANTAGE COMMUNITY BANCSHARES, INC.",0,3,122906,122906,,Dorchester,ONE,CB,89.5,M,STATE,1,,0,101 W Business County Road A,0,29055,3155273,19,10375,45.003436,WI,4,CALL,0,Chicago,189549,Advantage Community Bank,0,,Clark,COMMERCIAL LENDING,Central District,0,,0,0,,WI,1,Wisconsin,7,FDIC,Chicago,145230,,0,101 W Business County Road A,-90.266747,,WAUSAU,55019,,Dorchester,21,55019,,,Advantage Community Bank,Dorchester,WI,2019_10375_0
54425,DIF,NM,United States,54401,STATE,48140,418872,Wisconsin,4/23/2003,2019,State Agency,11,55,M,9,14584,United States,"ADVANTAGE COMMUNITY BANCSHARES, INC.",0,3,0,122906,,Wausau,ONE,CB,US_Streets,,STATE,0,,0,101 W Business County Road A,554,40763,3155273,73,10375,44.965187,WI,4,CALL,0,Chicago,189549,Wausau Branch,1,,Marathon,COMMERCIAL LENDING,Central District,0,,0,2,,WI,1,Wisconsin,7,FDIC,Chicago,145230,,0,210 North 17th Avenue,-89.65561,,WAUSAU,55019,"Wausau-Stevens Point-Wisconsin Rapids, WI",Dorchester,21,55073,,"Wausau-Weston, WI",Advantage Community Bank,Wausau,WI,2019_10375_2
54425,DIF,NM,United States,54455,STATE,48140,442579,Wisconsin,7/11/2005,2019,State Agency,11,55,M,9,14584,United States,"ADVANTAGE COMMUNITY BANCSHARES, INC.",0,3,0,122906,,Mosinee,ONE,CB,US_Streets,,STATE,0,,0,101 W Business County Road A,554,15181,3155273,73,10375,44.788585,WI,4,CALL,0,Chicago,189549,Mosinee Branch,1,,Marathon,COMMERCIAL LENDING,Central District,0,,0,3,,WI,1,Wisconsin,7,FDIC,Chicago,145230,,0,1220 Western Avenue,-89.725657,,WAUSAU,55019,"Wausau-Stevens Point-Wisconsin Rapids, WI",Dorchester,21,55073,,"Wausau-Weston, WI",Advantage Community Bank,Mosinee,WI,2019_10375_3
54425,DIF,NM,United States,54426,STATE,48140,451606,Wisconsin,5/15/2006,2019,State Agency,11,55,POINTADDRESS,9,14584,United States,"ADVANTAGE COMMUNITY BANCSHARES, INC.",0,3,0,122906,,Edgar,ONE,CB,100,,STATE,0,,0,101 W Business County Road A,554,37907,3155273,73,10375,44.92073,WI,4,CALL,0,Chicago,189549,Edgar Branch,1,,Marathon,COMMERCIAL LENDING,Central District,0,,0,4,,WI,1,Wisconsin,7,FDIC,Chicago,145230,,0,325 S Third Avenue,-89.963952,,WAUSAU,55019,"Wausau-Stevens Point-Wisconsin Rapids, WI",Dorchester,21,55073,,"Wausau-Weston, WI",Advantage Community Bank,Edgar,WI,2019_10375_4
53574,DIF,NM,United States,53574,STATE,31540,6649,Wisconsin,10/30/1893,2019,State Agency,11,55,M,9,10875,United States,"BANCORP OF NEW GLARUS, INC.",0,3,235901,235901,,New Glarus,ONE,CB,US_Streets,M,STATE,1,,0,501 First Street,357,37677,2339544,45,10378,42.815427,WI,4,CALL,0,Chicago,797140,The Bank Of New Glarus,1,,Green,COMMERCIAL LENDING,Central District,0,,0,0,,WI,1,Wisconsin,7,FDIC,Chicago,303738,,0,501 First Street,-89.634192,,NEW GLARUS,55045,"Madison-Janesville-Beloit, WI",New Glarus,21,55045,,"Madison, WI",The Bank of New Glarus,New Glarus,WI,2019_10378_0
53574,DIF,NM,United States,53520,STATE,31540,222352,Wisconsin,8/7/1995,2019,State Agency,11,55,M,9,10875,United States,"BANCORP OF NEW GLARUS, INC.",0,3,0,235901,,Brodhead,ONE,CB,US_Streets,,STATE,0,,0,501 First Street,357,48998,2339544,45,10378,42.610826,WI,4,CALL,0,Chicago,797140,Brodhead Branch,1,,Green,COMMERCIAL LENDING,Central District,0,,0,2,,WI,1,Wisconsin,7,FDIC,Chicago,303738,,0,2006 First Center Avenue,-89.376711,,NEW GLARUS,55045,"Madison-Janesville-Beloit, WI",New Glarus,21,55045,,"Madison, WI",The Bank of New Glarus,Brodhead,WI,2019_10378_2
53574,DIF,NM,United States,53508,STATE,31540,222353,Wisconsin,6/30/1998,2019,State Agency,11,55,M,9,10875,United States,"BANCORP OF NEW GLARUS, INC.",0,3,0,235901,,Belleville,ONE,CB,US_RoofTop,,STATE,0,,0,501 First Street,357,26871,2339544,25,10378,42.868296,WI,4,CALL,0,Chicago,797140,Belleville Branch,1,,Dane,COMMERCIAL LENDING,Central District,0,,0,3,,WI,1,Wisconsin,7,FDIC,Chicago,303738,,0,12 North Shore Drive,-89.533571,,NEW GLARUS,55045,"Madison-Janesville-Beloit, WI",New Glarus,21,55025,,"Madison, WI",The Bank of New Glarus,Belleville,WI,2019_10378_3
53574,DIF,NM,United States,53574,STATE,31540,357769,Wisconsin,2/28/2000,2019,State Agency,11,55,M,9,10875,United States,"BANCORP OF NEW GLARUS, INC.",0,3,0,235901,,New Glarus,ONE,CB,US_Streets,,STATE,0,,0,501 First Street,357,47388,2339544,45,10378,42.808534,WI,4,CALL,0,Chicago,797140,New Glarus Branch,1,,Green,COMMERCIAL LENDING,Central District,0,,0,4,,WI,1,Wisconsin,7,FDIC,Chicago,303738,,0,1101 Hwy 69,-89.631452,,NEW GLARUS,55045,"Madison-Janesville-Beloit, WI",New Glarus,21,55045,,"Madison, WI",The Bank of New Glarus,New Glarus,WI,2019_10378_4
53574,DIF,NM,United States,53550,STATE,31540,9581,Wisconsin,8/3/1903,2019,State Agency,11,55,M,9,10875,United States,"BANCORP OF NEW GLARUS, INC.",0,3,0,235901,,Juda,ONE,CB,US_Zipcode,,STATE,0,,0,501 First Street,357,29562,2339544,45,10378,42.556129,WI,4,CALL,0,Chicago,797140,Juda Branch,1,,Green,COMMERCIAL LENDING,Central District,0,9/26/2008,0,5,,WI,1,Wisconsin,7,FDIC,Chicago,303738,,0,201 Main Street,-89.495721,,NEW GLARUS,55045,"Madison-Janesville-Beloit, WI",New Glarus,21,55045,,"Madison, WI",The Bank of New Glarus,Juda,WI,2019_10378_5
53574,DIF,NM,United States,53566,STATE,31540,506567,Wisconsin,3/23/2010,2019,State Agency,11,55,M,9,10875,United States,"BANCORP OF NEW GLARUS, INC.",0,3,0,235901,,Monroe,ONE,CB,US_Streets,,STATE,0,,0,501 First Street,357,45403,2339544,45,10378,42.610503,WI,4,CALL,0,Chicago,797140,Monroe Wi Branch,1,,Green,COMMERCIAL LENDING,Central District,0,,0,6,,WI,1,Wisconsin,7,FDIC,Chicago,303738,,0,250 North 18th Avenue,-89.63665,,NEW GLARUS,55045,"Madison-Janesville-Beloit, WI",New Glarus,21,55045,,"Madison, WI",The Bank of New Glarus,Monroe,WI,2019_10378_6
53070,DIF,NM,United States,53070,STATE,43100,6651,Wisconsin,3/1/1908,2019,State Agency,11,55,M,9,13267,United States,"OOSTBURG BANCORP, INC.",0,3,188082,188082,,Oostburg,ONE,CB,US_Streets,M,STATE,1,,0,905 Center Avenue,0,154896,2128944,117,10380,43.623039,WI,4,CALL,0,Chicago,248745,Oostburg State Bank,1,,Sheboygan,COMMERCIAL LENDING,Central District,0,,0,0,,WI,1,Wisconsin,7,FDIC,Chicago,231114,,0,905 Center Avenue,-87.796936,,OOSTBURG,55117,,Oostburg,21,55117,,"Sheboygan, WI",Oostburg State Bank,Oostburg,WI,2019_10380_0
53070,DIF,NM,United States,53013,STATE,43100,510993,Wisconsin,7/21/2010,2019,State Agency,11,55,STREETNAME,9,13267,United States,"OOSTBURG BANCORP, INC.",0,3,0,188082,,Cedar Grove,ONE,CB,100,,STATE,0,,0,905 Center Avenue,0,33186,2128944,117,10380,43.566139,WI,4,CALL,0,Chicago,248745,Cedar Grove Branch,1,,Sheboygan,COMMERCIAL LENDING,Central District,0,,0,1,,WI,1,Wisconsin,7,FDIC,Chicago,231114,,0,10 Phoenix Avenue,-87.821203,,OOSTBURG,55117,,Oostburg,21,55117,,"Sheboygan, WI",Oostburg State Bank,Cedar Grove,WI,2019_10380_1
53070,DIF,NM,United States,53070,STATE,43100,614812,Wisconsin,12/17/2018,2019,State Agency,21,55,EXACT,9,13267,United States,"OOSTBURG BANCORP, INC.",0,3,0,188082,,Oostburg,ONE,CB,100,N,STATE,0,,0,905 Center Avenue,0,0,2128944,117,10380,43.622325,WI,4,CALL,0,Chicago,248745,Loan Processing,1,,Sheboygan,COMMERCIAL LENDING,Central District,0,,0,2,,WI,1,Wisconsin,7,FDIC,Chicago,231114,,0,20 S Business Park Dr,-87.776866,,OOSTBURG,55117,,Oostburg,21,55117,,"Sheboygan, WI",Oostburg State Bank,Oostburg,WI,2019_10380_2
54143,DIF,NM,United States,54143,STATE,0,6653,Wisconsin,12/2/1902,2019,State Agency,11,55,M,9,0,United States,"F & M BANKSHARES, INC.",0,3,120587,120587,,Marinette,ONE,CB,US_Streets,M,STATE,1,,0,1644 Ludington Street,361,92888,1204300,75,10382,45.099543,WI,4,CALL,0,Chicago,672247,Farmers & Merchants Bank & Trust,0,,Marinette,COMMERCIAL LENDING,Central District,0,,1,0,,WI,1,Wisconsin,7,FDIC,Chicago,140040,,0,1644 Ludington Street,-87.628844,,MARINETTE,55075,"Marinette-Iron Mountain, WI-MI",Marinette,21,55075,,,Farmers & Merchants Bank & Trust,Marinette,WI,2019_10382_0
54143,DIF,NM,United States,54143,STATE,0,16567,Wisconsin,2/16/1982,2019,State Agency,11,55,PointAddress,9,0,United States,"F & M BANKSHARES, INC.",0,3,0,120587,,Marinette,ONE,CB,100,,STATE,0,,0,1644 Ludington Street,361,13426,1204300,75,10382,45.076,WI,4,CALL,0,Chicago,672247,Roosevelt Road Branch,0,,Marinette,COMMERCIAL LENDING,Central District,0,12/31/1982,1,1,,WI,1,Wisconsin,7,FDIC,Chicago,140040,,0,2811 Roosevelt Road,-87.660631,,MARINETTE,55075,"Marinette-Iron Mountain, WI-MI",Marinette,21,55075,,,Farmers & Merchants Bank & Trust,Marinette,WI,2019_10382_1
54143,DIF,NM,United States,54114,STATE,0,441090,Wisconsin,6/20/2005,2019,State Agency,11,55,M,9,0,United States,"F & M BANKSHARES, INC.",0,3,0,120587,,Crivitz,ONE,CB,US_Streets,,STATE,0,,0,1644 Ludington Street,361,14273,1204300,75,10382,45.225797,WI,4,CALL,0,Chicago,672247,Crivitz Branch,0,,Marinette,COMMERCIAL LENDING,Central District,0,,1,2,,WI,1,Wisconsin,7,FDIC,Chicago,140040,,0,114 South Highway 141,-87.996723,,MARINETTE,55075,"Marinette-Iron Mountain, WI-MI",Marinette,21,55075,,,Farmers & Merchants Bank & Trust,Crivitz,WI,2019_10382_2
54601,DIF,SM,United States,54601,STATE,29100,6654,Wisconsin,07/26/1858,2019,State Agency,11,55,M,9,12546,United States,"FIRST BANCORPORATION, INC.",0,3,285706,285706,,La Crosse,ONE,CB,US_Streets,M,STATE,1,,0,401 Main Street,0,147830,1842935,63,10383,43.812425,WI,4,CALL,0,Chicago,2631172,State Bank Financial,1,,La Crosse,COMMERCIAL LENDING,Central District,0,,0,0,,WI,1,Wisconsin,9,FED,Minneapolis,336592,,0,401 Main Street,-91.251199,,LA CROSSE,55063,,La Crosse,13,55063,,"La Crosse-Onalaska, WI-MN",State Bank Financial,La Crosse,WI,2019_10383_0
54601,DIF,SM,United States,54449,STATE,0,446065,Wisconsin,11/21/2005,2019,State Agency,11,55,M,9,12546,United States,"FIRST BANCORPORATION, INC.",0,3,0,285706,,Marshfield,ONE,CB,US_Streets,,STATE,0,,0,401 Main Street,554,13978,1842935,141,10383,44.668311,WI,4,CALL,0,Chicago,2631172,Marshfield Branch,0,,Wood,COMMERCIAL LENDING,Central District,0,,1,10,,WI,1,Wisconsin,9,FED,Minneapolis,336592,,0,124 North Central Avenue,-90.172619,,LA CROSSE,55063,"Wausau-Stevens Point-Wisconsin Rapids, WI",La Crosse,13,55141,,,State Bank Financial,Marshfield,WI,2019_10383_10
54601,DIF,SM,United States,54656,STATE,0,466122,Wisconsin,4/13/2007,2019,State Agency,11,55,M,9,12546,United States,"FIRST BANCORPORATION, INC.",0,3,0,285706,,Sparta,ONE,CB,US_Streets,,STATE,0,,0,401 Main Street,0,48675,1842935,81,10383,43.939104,WI,4,CALL,0,Chicago,2631172,Sparta Branch,0,,Monroe,COMMERCIAL LENDING,Central District,0,,0,11,,WI,1,Wisconsin,9,FED,Minneapolis,336592,,0,203 West Wisconsin Street,-90.812254,,LA CROSSE,55063,,La Crosse,13,55081,,,State Bank Financial,Sparta,WI,2019_10383_11
54601,DIF,SM,United States,54601,STATE,29100,225231,Wisconsin,3/17/1972,2019,State Agency,11,55,POINTADDRESS,9,12546,United States,"FIRST BANCORPORATION, INC.",0,3,0,285706,,La Crosse,ONE,CB,100,,STATE,0,,0,401 Main Street,0,24600,1842935,63,10383,43.774147,WI,4,CALL,0,Chicago,2631172,Shelby Branch,1,,La Crosse,COMMERCIAL LENDING,Central District,0,2/2/1998,0,4,,WI,1,Wisconsin,9,FED,Minneapolis,336592,,0,4020 Mormon Coulee Road,-91.218932,,LA CROSSE,55063,,La Crosse,13,55063,,"La Crosse-Onalaska, WI-MN",State Bank Financial,La Crosse,WI,2019_10383_4
54601,DIF,SM,United States,54650,STATE,29100,225233,Wisconsin,11/17/1990,2019,State Agency,11,55,M,9,12546,United States,"FIRST BANCORPORATION, INC.",0,3,0,285706,,Onalaska,ONE,CB,US_Streets,,STATE,0,,0,401 Main Street,0,50623,1842935,63,10383,43.883166,WI,4,CALL,0,Chicago,2631172,Onalaska Branch,1,,La Crosse,COMMERCIAL LENDING,Central District,0,2/2/1998,0,6,,WI,1,Wisconsin,9,FED,Minneapolis,336592,,0,1836 East Main Street,-91.208599,,LA CROSSE,55063,,La Crosse,13,55063,,"La Crosse-Onalaska, WI-MN",State Bank Financial,Onalaska,WI,2019_10383_6
54622,DIF,NM,United States,54622,STATE,0,6655,Wisconsin,1/1/1914,2019,State Agency,11,55,M,9,0,United States,"WAUMANDEE BANCSHARES, LTD.",0,3,165826,165826,,Cochrane,ONE,CB,US_Streets,M,STATE,1,,0,S2021 County Road U,0,33953,2892067,11,10384,44.303392,WI,2,CALL,0,Chicago,780955,Waumandee State Bank,0,,Buffalo,AGRICULTURAL,Central District,0,,0,0,,WI,1,Wisconsin,9,FDIC,Minneapolis,186701,,0,S2021 County Road U,-91.705424,,WAUMANDEE,55011,,Waumandee,21,55011,,,Waumandee State Bank,Waumandee,WI,2019_10384_0
54622,DIF,NM,United States,54612,STATE,0,231835,Wisconsin,12/6/1989,2019,State Agency,11,55,M,9,0,United States,"WAUMANDEE BANCSHARES, LTD.",0,3,0,165826,,Arcadia,ONE,CB,US_Streets,,STATE,0,,0,S2021 County Road U,0,19472,2892067,121,10384,44.250608,WI,2,CALL,0,Chicago,780955,Arcadia Branch,0,,Trempealeau,AGRICULTURAL,Central District,0,1/24/2003,0,2,,WI,1,Wisconsin,9,FDIC,Minneapolis,186701,,0,350 S Nelson Drive,-91.471617,,WAUMANDEE,55011,,Waumandee,21,55121,,,Waumandee State Bank,Arcadia,WI,2019_10384_2
54622,DIF,NM,United States,54629,STATE,0,5780,Wisconsin,8/11/1906,2019,State Agency,11,55,M,9,0,United States,"WAUMANDEE BANCSHARES, LTD.",0,3,0,165826,,Fountain City,ONE,CB,US_Streets,,STATE,0,,0,S2021 County Road U,0,28529,2892067,11,10384,44.130276,WI,2,CALL,0,Chicago,780955,Fountain City Branch,0,,Buffalo,AGRICULTURAL,Central District,0,7/9/2004,0,3,,WI,1,Wisconsin,9,FDIC,Minneapolis,186701,,0,46 South Main Street,-91.716313,,WAUMANDEE,55011,,Waumandee,21,55011,,,Waumandee State Bank,Fountain City,WI,2019_10384_3
54622,DIF,NM,United States,54736,STATE,0,42140,Wisconsin,12/1/1934,2019,State Agency,11,55,M,9,0,United States,"WAUMANDEE BANCSHARES, LTD.",0,3,0,165826,,Durand,ONE,CB,US_Streets,,STATE,0,,0,S2021 County Road U,0,33732,2892067,91,10384,44.627072,WI,2,CALL,0,Chicago,780955,Durand Branch,0,,Pepin,AGRICULTURAL,Central District,0,10/19/2007,0,4,,WI,1,Wisconsin,9,FDIC,Minneapolis,186701,,0,308 3rd Avenue West,-91.966856,,WAUMANDEE,55011,,Waumandee,21,55091,,,Waumandee State Bank,Durand,WI,2019_10384_4
54622,DIF,NM,United States,54755,STATE,0,274345,Wisconsin,12/1/1934,2019,State Agency,11,55,M,9,0,United States,"WAUMANDEE BANCSHARES, LTD.",0,3,0,165826,,Mondovi,ONE,CB,US_Streets,,STATE,0,,0,S2021 County Road U,0,15419,2892067,11,10384,44.56797,WI,2,CALL,0,Chicago,780955,Mondovi Branch,0,,Buffalo,AGRICULTURAL,Central District,0,10/19/2007,0,5,,WI,1,Wisconsin,9,FDIC,Minneapolis,186701,,0,600 East Main Street,-91.662992,,WAUMANDEE,55011,,Waumandee,21,55011,,,Waumandee State Bank,Mondovi,WI,2019_10384_5
54622,DIF,NM,United States,54615,STATE,0,42156,Wisconsin,1/1/1935,2019,State Agency,11,55,M,9,0,United States,"WAUMANDEE BANCSHARES, LTD.",0,3,0,165826,,Black River Falls,ONE,CB,US_Streets,,STATE,0,,0,S2021 County Road U,0,14008,2892067,53,10384,44.294982,WI,2,CALL,0,Chicago,780955,Black River Falls Branch,0,,Jackson,AGRICULTURAL,Central District,0,10/19/2007,0,6,,WI,1,Wisconsin,9,FDIC,Minneapolis,186701,,0,203 Main Street,-90.849738,,WAUMANDEE,55011,,Waumandee,21,55053,,,Waumandee State Bank,Black River Falls,WI,2019_10384_6
54622,DIF,NM,United States,54773,STATE,0,285101,Wisconsin,1/1/1964,2019,State Agency,11,55,M,9,0,United States,"WAUMANDEE BANCSHARES, LTD.",0,3,0,165826,,Whitehall,ONE,CB,US_Streets,,STATE,0,,0,S2021 County Road U,0,20712,2892067,121,10384,44.369481,WI,2,CALL,0,Chicago,780955,Whitehall Branch,0,,Trempealeau,AGRICULTURAL,Central District,0,10/19/2007,0,7,,WI,1,Wisconsin,9,FDIC,Minneapolis,186701,,0,18526 Scranton Street,-91.316251,,WAUMANDEE,55011,,Waumandee,21,55121,,,Waumandee State Bank,Whitehall,WI,2019_10384_7
54412,DIF,NM,United States,54412,STATE,0,6885,Wisconsin,1/4/1910,2019,State Agency,11,55,StreetAddress,9,13293,United States,"PB HOLDINGS OF MARSHFIELD, LLC",0,3,138107,138107,,Auburndale,ONE,CB,100,"M,E",STATE,1,0,0,5758 Main Street,554,44978,2523231,141,10734,44.627214,WI,2,CALL,0,Chicago,508841,Pioneer Bank,0,,Wood,AGRICULTURAL,Central District,0,,1,0,,WI,1,Wisconsin,7,FDIC,Chicago,155461,,0,5758 Main Street,-90.007791,,WAUSAU,55141,"Wausau-Stevens Point-Wisconsin Rapids, WI",Auburndale,21,55141,,,Pioneer Bank,Auburndale,WI,2019_10734_0
54412,DIF,NM,United States,54437,STATE,0,528465,Wisconsin,2/13/2012,2019,State Agency,11,55,M,9,13293,United States,"PB HOLDINGS OF MARSHFIELD, LLC",0,3,0,138107,,Greenwood,ONE,CB,100,E,STATE,0,0,0,5758 Main Street,0,6608,2523231,19,10734,44.766854,WI,2,CALL,0,Chicago,508841,Greenwood Branch,0,,Clark,AGRICULTURAL,Central District,0,,0,10,,WI,1,Wisconsin,7,FDIC,Chicago,155461,,0,106 South Main Street,-90.598088,,WAUSAU,55141,,Auburndale,21,55019,,,Pioneer Bank,Greenwood,WI,2019_10734_10
54412,DIF,NM,United States,54484,STATE,48140,222956,Wisconsin,9/5/1978,2019,State Agency,11,55,M,9,13293,United States,"PB HOLDINGS OF MARSHFIELD, LLC",0,3,0,138107,,Stratford,ONE,CB,US_Streets,E,STATE,0,0,0,5758 Main Street,554,11636,2523231,73,10734,44.745552,WI,2,CALL,0,Chicago,508841,Rozellville Branch,1,,Marathon,AGRICULTURAL,Central District,0,,0,3,,WI,1,Wisconsin,7,FDIC,Chicago,155461,,0,D3291 County Road M,-90.025053,,WAUSAU,55141,"Wausau-Stevens Point-Wisconsin Rapids, WI",Auburndale,21,55073,,"Wausau-Weston, WI",Pioneer Bank,Stratford,WI,2019_10734_3
54412,DIF,NM,United States,54449,STATE,0,222957,Wisconsin,3/16/1992,2019,State Agency,11,55,M,9,13293,United States,"PB HOLDINGS OF MARSHFIELD, LLC",0,3,0,138107,,Marshfield,ONE,CB,US_Streets,E,STATE,0,0,0,5758 Main Street,554,49193,2523231,141,10734,44.683859,WI,2,CALL,0,Chicago,508841,Marshfield Branch,0,,Wood,AGRICULTURAL,Central District,0,,1,4,,WI,1,Wisconsin,7,FDIC,Chicago,155461,,0,1700 North Central Avenue,-90.161819,,WAUSAU,55141,"Wausau-Stevens Point-Wisconsin Rapids, WI",Auburndale,21,55141,,,Pioneer Bank,Marshfield,WI,2019_10734_4
54412,DIF,NM,United States,54494,STATE,0,222959,Wisconsin,6/15/1997,2019,State Agency,11,55,M,9,13293,United States,"PB HOLDINGS OF MARSHFIELD, LLC",0,3,0,138107,,Wisconsin Rapids,ONE,CB,US_Streets,E,STATE,0,0,0,5758 Main Street,554,12003,2523231,141,10734,44.396332,WI,2,CALL,0,Chicago,508841,Wisconsin Rapids Branch,0,,Wood,AGRICULTURAL,Central District,0,,1,6,,WI,1,Wisconsin,7,FDIC,Chicago,155461,,0,1710 W Grand Avenue,-89.844811,,WAUSAU,55141,"Wausau-Stevens Point-Wisconsin Rapids, WI",Auburndale,21,55141,,,Pioneer Bank,Wisconsin Rapids,WI,2019_10734_6
54412,DIF,NM,United States,54481,STATE,0,222960,Wisconsin,11/10/1997,2019,State Agency,11,55,M,9,13293,United States,"PB HOLDINGS OF MARSHFIELD, LLC",0,3,0,138107,,Stevens Point,ONE,CB,US_Streets,E,STATE,0,0,0,5758 Main Street,554,8116,2523231,97,10734,44.523131,WI,2,CALL,0,Chicago,508841,Stevens Point Branch,0,,Portage,AGRICULTURAL,Central District,0,,1,7,,WI,1,Wisconsin,7,FDIC,Chicago,155461,,0,31 Park Ridge Drive,-89.546889,,WAUSAU,55141,"Wausau-Stevens Point-Wisconsin Rapids, WI",Auburndale,21,55097,,,Pioneer Bank,Stevens Point,WI,2019_10734_7
54412,DIF,NM,United States,54498,STATE,0,493875,Wisconsin,8/3/2009,2019,State Agency,11,55,M,9,13293,United States,"PB HOLDINGS OF MARSHFIELD, LLC",0,3,0,138107,,Withee,ONE,CB,US_Streets,E,STATE,0,0,0,5758 Main Street,0,5572,2523231,19,10734,44.949296,WI,2,CALL,0,Chicago,508841,Withee Branch,0,,Clark,AGRICULTURAL,Central District,0,,0,9,,WI,1,Wisconsin,7,FDIC,Chicago,155461,,0,N14570 County Rd O,-90.659228,,WAUSAU,55141,,Auburndale,21,55019,,,Pioneer Bank,Withee,WI,2019_10734_9
54747,DIF,NM,United States,54747,STATE,0,6892,Wisconsin,01/01/1897,2019,State Agency,11,55,M,9,0,United States,NORTHERN FINANCIAL CORPORATION,0,3,55361,55361,,Independence,ONE,CB,US_Zipcode,M,STATE,1,,0,23942 Senty Drive,0,39695,1121724,121,10741,44.401259,WI,2,CALL,0,Chicago,396057,Independence State Bank,0,,Trempealeau,AGRICULTURAL,Central District,0,,0,0,,WI,1,Wisconsin,9,FDIC,Minneapolis,67288,,0,23942 Senty Drive,-91.487727,,INDEPENDENCE,55121,,Independence,21,55121,,,Independence State Bank,Independence,WI,2019_10741_0
54747,DIF,NM,United States,54739,STATE,0,222964,Wisconsin,1/13/1999,2019,State Agency,11,55,M,9,0,United States,NORTHERN FINANCIAL CORPORATION,0,3,0,55361,,Elk Mound,ONE,CB,US_Zipcode,,STATE,0,,0,23942 Senty Drive,232,9395,1121724,33,10741,44.860905,WI,2,CALL,0,Chicago,396057,Elk Mound Branch,0,,Dunn,AGRICULTURAL,Central District,0,,1,1,,WI,1,Wisconsin,9,FDIC,Minneapolis,67288,,0,E401 Menomonie Street,-91.702659,,INDEPENDENCE,55121,"Eau Claire-Menomonie, WI",Independence,21,55033,,,Independence State Bank,Elk Mound,WI,2019_10741_1
54747,DIF,NM,United States,54729,STATE,20740,457010,Wisconsin,11/16/2006,2019,State Agency,11,55,M,9,0,United States,NORTHERN FINANCIAL CORPORATION,0,3,0,55361,,Chippewa Falls,ONE,CB,US_Zipcode,,STATE,0,,0,23942 Senty Drive,232,6266,1121724,17,10741,44.942935,WI,2,CALL,0,Chicago,396057,Chippewa Falls Branch,1,,Chippewa,AGRICULTURAL,Central District,0,,0,2,,WI,1,Wisconsin,9,FDIC,Minneapolis,67288,,0,2495 Commercial Boulevard,-91.395002,,INDEPENDENCE,55121,"Eau Claire-Menomonie, WI",Independence,21,55017,,"Eau Claire, WI",Independence State Bank,Chippewa Falls,WI,2019_10741_2
53563,DIF,NM,United States,53563,STATE,27500,7161,Wisconsin,1/1/1911,2019,State Agency,11,55,M,9,14233,United States,FIRST COMMUNITY BANCSHARES CORP.,1,3,87299,87299,,Milton,MULT,CB,US_Streets,M,STATE,1,,0,202 Merchant Row,357,87299,1990096,105,11225,42.781493,WI,4,CALL,0,Chicago,742542,First Community Bank,1,,Rock,COMMERCIAL LENDING,Central District,0,,0,0,,WI,1,Wisconsin,7,FDIC,Chicago,102734,,0,202 Merchant Row,-88.963263,,ANAMOSA,55105,"Madison-Janesville-Beloit, WI",Milton,21,55105,,"Janesville-Beloit, WI",First Community Bank,Milton,IA,2019_11225_0
53190,DIF,NM,United States,53190,STATE,0,7164,Wisconsin,10/25/1863,2019,State Agency,11,55,M,9,12845,United States,"WHITEWATER BANCORP., INC.",0,3,235793,235793,,Whitewater,ONE,CB,US_Streets,"M,E",STATE,1,,0,207 West Main Street,376,150730,1203536,127,11228,42.834137,WI,4,CALL,0,Chicago,831642,First Citizens State Bank,0,,Walworth,COMMERCIAL LENDING,Central District,0,,1,0,,WI,1,Wisconsin,7,FDIC,Chicago,301784,,0,207 West Main Street,-88.732467,,WHITEWATER,55127,"Milwaukee-Racine-Waukesha, WI",Whitewater,21,55127,,,First Citizens State Bank,Whitewater,WI,2019_11228_0
53190,DIF,NM,United States,53190,STATE,0,270094,Wisconsin,1/1/1927,2019,State Agency,11,55,PointAddress,9,12845,United States,"WHITEWATER BANCORP., INC.",0,3,0,235793,,Whitewater,ONE,CB,100,E,STATE,0,,0,207 West Main Street,376,5910,1203536,127,11228,42.83511,WI,4,CALL,0,Chicago,831642,West Branch,0,,Walworth,COMMERCIAL LENDING,Central District,0,7/17/1998,1,2,,WI,1,Wisconsin,7,FDIC,Chicago,301784,,0,1058 W Main St,-88.749211,,WHITEWATER,55127,"Milwaukee-Racine-Waukesha, WI",Whitewater,21,55127,,,First Citizens State Bank,Whitewater,WI,2019_11228_2
53190,DIF,NM,United States,53190,STATE,0,334445,Wisconsin,3/17/2000,2019,State Agency,29,55,M,9,12845,United States,"WHITEWATER BANCORP., INC.",0,3,0,235793,,Whitewater,ONE,CB,US_Streets,N,STATE,0,,0,207 West Main Street,376,0,1203536,127,11228,42.839757,WI,4,CALL,0,Chicago,831642,Fairhaven Retirement Community Branch,0,,Walworth,COMMERCIAL LENDING,Central District,0,,1,3,,WI,1,Wisconsin,7,FDIC,Chicago,301784,,0,435 West Starin Road,-88.7355,,WHITEWATER,55127,"Milwaukee-Racine-Waukesha, WI",Whitewater,21,55127,,,First Citizens State Bank,Whitewater,WI,2019_11228_3
53190,DIF,NM,United States,53190,STATE,0,334446,Wisconsin,3/15/2000,2019,State Agency,29,55,M,9,12845,United States,"WHITEWATER BANCORP., INC.",0,3,0,235793,,Whitewater,ONE,CB,US_Streets,N,STATE,0,,0,207 West Main Street,376,0,1203536,127,11228,42.834694,WI,4,CALL,0,Chicago,831642,Mulberry Glen Retirement Community Branch,0,,Walworth,COMMERCIAL LENDING,Central District,0,,1,4,,WI,1,Wisconsin,7,FDIC,Chicago,301784,,0,1281 West Main Street,-88.755261,,WHITEWATER,55127,"Milwaukee-Racine-Waukesha, WI",Whitewater,21,55127,,,First Citizens State Bank,Whitewater,WI,2019_11228_4
53190,DIF,NM,United States,53120,STATE,0,359371,Wisconsin,1/29/2001,2019,State Agency,11,55,M,9,12845,United States,"WHITEWATER BANCORP., INC.",0,3,0,235793,,East Troy,ONE,CB,US_Streets,E,STATE,0,,0,207 West Main Street,376,50542,1203536,127,11228,42.790137,WI,4,CALL,0,Chicago,831642,East Troy Branch,0,,Walworth,COMMERCIAL LENDING,Central District,0,,1,5,,WI,1,Wisconsin,7,FDIC,Chicago,301784,,0,2546 East Main Street,-88.394419,,WHITEWATER,55127,"Milwaukee-Racine-Waukesha, WI",Whitewater,21,55127,,,First Citizens State Bank,East Troy,WI,2019_11228_5
53190,DIF,NM,United States,53156,STATE,0,9490,Wisconsin,10/21/1911,2019,State Agency,11,55,M,9,12845,United States,"WHITEWATER BANCORP., INC.",0,3,0,235793,,Palmyra,ONE,CB,US_Streets,E,STATE,0,,0,207 West Main Street,376,28611,1203536,55,11228,42.87862,WI,4,CALL,0,Chicago,831642,Palmyra State Bank Branch,0,,Jefferson,COMMERCIAL LENDING,Central District,0,2/22/2016,1,8,,WI,1,Wisconsin,7,FDIC,Chicago,301784,,0,"111 East Main Street, P. O. Box 159",-88.584408,,WHITEWATER,55127,"Milwaukee-Racine-Waukesha, WI",Whitewater,21,55055,,,First Citizens State Bank,Palmyra,WI,2019_11228_8
53563,DIF,NM,United States,53563,STATE,27500,7166,Wisconsin,03/25/1884,2019,State Agency,11,55,M,9,13299,United States,"MILTON BANCSHARES, INC.",0,3,114525,114525,,Milton,ONE,CB,US_Streets,M,STATE,1,,0,323 Parkview Drive,357,89059,2342722,105,11232,42.773993,WI,4,CALL,0,Chicago,426945,Bank Of Milton,1,,Rock,COMMERCIAL LENDING,Central District,0,,0,0,,WI,1,Wisconsin,7,FDIC,Chicago,126161,,0,323 Parkview Drive,-88.938925,,MILTON,55105,"Madison-Janesville-Beloit, WI",Milton,21,55105,,"Janesville-Beloit, WI",Bank of Milton,Milton,WI,2019_11232_0
53563,DIF,NM,United States,53534,STATE,27500,224163,Wisconsin,7/31/1998,2019,State Agency,11,55,M,9,13299,United States,"MILTON BANCSHARES, INC.",0,3,0,114525,,Edgerton,ONE,CB,US_Streets,,STATE,0,,0,323 Parkview Drive,357,25466,2342722,105,11232,42.834181,WI,4,CALL,0,Chicago,426945,Edgerton Branch,1,,Rock,COMMERCIAL LENDING,Central District,0,,0,1,,WI,1,Wisconsin,7,FDIC,Chicago,126161,,0,102 North Main Street,-89.068664,,MILTON,55105,"Madison-Janesville-Beloit, WI",Milton,21,55105,,"Janesville-Beloit, WI",Bank of Milton,Edgerton,WI,2019_11232_1
54107,DIF,NM,United States,54107,STATE,0,7168,Wisconsin,9/21/1906,2019,State Agency,11,55,M,9,13510,United States,"BONDUEL BANCORP, INC.",1,3,47042,47042,,Bonduel,ONE,CB,US_Streets,M,STATE,1,,0,130 North Cecil Street,267,47042,1839252,115,11235,44.740545,WI,8,CALL,0,Chicago,35646,Bonduel State Bank,0,,Shawano,ALL OTHER < $1 BILLION,Central District,0,,1,0,,WI,1,Wisconsin,7,FDIC,Chicago,60663,,0,130 North Cecil Street,-88.446121,,BONDUEL,55115,"Green Bay-Shawano, WI",Bonduel,21,55115,,,Bonduel State Bank,Bonduel,WI,2019_11235_0
53032,DIF,NM,United States,53032,STATE,0,7169,Wisconsin,09/07/1896,2019,State Agency,11,55,M,9,11580,United States,SWORD FINANCIAL CORPORATION,0,3,662706,662706,,Horicon,MULT,CB,US_RoofTop,M,STATE,1,,0,326 East Lake Street,376,141598,1202883,27,11236,43.451565,WI,4,CALL,0,Chicago,528849,Horicon Bank,0,,Dodge,COMMERCIAL LENDING,Central District,0,,1,0,,WI,1,Wisconsin,7,FDIC,Chicago,749120,,0,326 East Lake Street,-88.631515,,HORICON,55027,"Milwaukee-Racine-Waukesha, WI",Horicon,21,55027,,,Horicon Bank,Horicon,WI,2019_11236_0
53032,DIF,NM,United States,53035,STATE,0,7425,Wisconsin,1/1/1905,2019,State Agency,11,55,M,9,11580,United States,SWORD FINANCIAL CORPORATION,0,3,0,662706,,Iron Ridge,MULT,CB,US_RoofTop,,STATE,0,,0,326 East Lake Street,376,21686,1202883,27,11236,43.396951,WI,4,CALL,0,Chicago,528849,Iron Ridge Branch,0,,Dodge,COMMERCIAL LENDING,Central District,0,11/4/1985,1,1,,WI,1,Wisconsin,7,FDIC,Chicago,749120,,0,156 South Main Street,-88.530733,,HORICON,55027,"Milwaukee-Racine-Waukesha, WI",Horicon,21,55027,,,Horicon Bank,Iron Ridge,WI,2019_11236_1
53032,DIF,NM,United States,54971,STATE,22540,445684,Wisconsin,11/21/2005,2019,State Agency,12,55,M,9,11580,United States,SWORD FINANCIAL CORPORATION,0,3,0,662706,,Ripon,MULT,CB,US_RoofTop,,STATE,0,,0,326 East Lake Street,0,5848,1202883,39,11236,43.855183,WI,4,CALL,0,Chicago,528849,Ripon Branch,1,,Fond du Lac,COMMERCIAL LENDING,Central District,0,1/5/2009,0,12,,WI,1,Wisconsin,7,FDIC,Chicago,749120,,0,1188 West Fond Du Lac Street,-88.863246,,HORICON,55027,,Horicon,21,55039,,"Fond du Lac, WI",Horicon Bank,Ripon,WI,2019_11236_12
53032,DIF,NM,United States,53050,STATE,0,424623,Wisconsin,11/10/2003,2019,State Agency,12,55,M,9,11580,United States,SWORD FINANCIAL CORPORATION,0,3,0,662706,,Mayville,MULT,CB,US_Streets,,STATE,0,,0,326 East Lake Street,376,9015,1202883,27,11236,43.494404,WI,4,CALL,0,Chicago,528849,Mayville Branch,0,,Dodge,COMMERCIAL LENDING,Central District,0,1/5/2009,1,13,,WI,1,Wisconsin,7,FDIC,Chicago,749120,,0,1440 Horicon Street,-88.560914,,HORICON,55027,"Milwaukee-Racine-Waukesha, WI",Horicon,21,55027,,,Horicon Bank,Mayville,WI,2019_11236_13
53032,DIF,NM,United States,53916,STATE,0,267210,Wisconsin,5/28/1999,2019,State Agency,12,55,M,9,11580,United States,SWORD FINANCIAL CORPORATION,0,3,0,662706,,Beaver Dam,MULT,CB,US_RoofTop,,STATE,0,,0,326 East Lake Street,376,7357,1202883,27,11236,43.456435,WI,4,CALL,0,Chicago,528849,Beaver Dam Branch,0,,Dodge,COMMERCIAL LENDING,Central District,0,12/31/2010,1,16,,WI,1,Wisconsin,7,FDIC,Chicago,749120,,0,810 Park Avenue,-88.818449,,HORICON,55027,"Milwaukee-Racine-Waukesha, WI",Horicon,21,55027,,,Horicon Bank,Beaver Dam,WI,2019_11236_16
53032,DIF,NM,United States,54904,STATE,36780,540087,Wisconsin,6/17/2013,2019,State Agency,11,55,M,9,11580,United States,SWORD FINANCIAL CORPORATION,0,3,0,662706,,Oshkosh,MULT,CB,100,,STATE,0,,0,326 East Lake Street,118,38155,1202883,139,11236,44.032697,WI,4,CALL,0,Chicago,528849,Oshkosh Wi Branch,1,,Winnebago,COMMERCIAL LENDING,Central District,0,,0,17,,WI,1,Wisconsin,7,FDIC,Chicago,749120,,0,2251 Omro Road,-88.589911,,HORICON,55027,"Appleton-Oshkosh-Neenah, WI",Horicon,21,55139,,"Oshkosh-Neenah, WI",Horicon Bank,Oshkosh,WI,2019_11236_17
53032,DIF,NM,United States,54941,STATE,0,9518,Wisconsin,7/2/1902,2019,State Agency,11,55,M,9,11580,United States,SWORD FINANCIAL CORPORATION,0,3,0,662706,,Green Lake,MULT,CB,US_Streets,,STATE,0,,0,326 East Lake Street,0,51064,1202883,47,11236,43.845095,WI,4,CALL,0,Chicago,528849,Green Lake Branch,0,,Green Lake,COMMERCIAL LENDING,Central District,0,5/19/2014,0,18,,WI,1,Wisconsin,7,FDIC,Chicago,749120,,0,515 Hill Street,-88.958908,,HORICON,55027,,Horicon,21,55047,,,Horicon Bank,Green Lake,WI,2019_11236_18
53032,DIF,NM,United States,54935,STATE,22540,473977,Wisconsin,4/14/2008,2019,State Agency,11,55,M,9,11580,United States,SWORD FINANCIAL CORPORATION,0,3,0,662706,,Fond Du Lac,MULT,CB,US_RoofTop,,STATE,0,,0,326 East Lake Street,0,23595,1202883,39,11236,43.784746,WI,4,CALL,0,Chicago,528849,Fond Du Lac Branch,1,,Fond du Lac,COMMERCIAL LENDING,Central District,0,11/16/2015,0,19,,WI,1,Wisconsin,7,FDIC,Chicago,749120,,0,1207 West Johnson Street,-88.49017,,HORICON,55027,,Horicon,21,55039,,"Fond du Lac, WI",Horicon Bank,Fond Du Lac,WI,2019_11236_19
53032,DIF,NM,United States,53059,STATE,0,225247,Wisconsin,7/9/1932,2019,State Agency,11,55,T,9,11580,United States,SWORD FINANCIAL CORPORATION,0,3,0,662706,,Neosho,MULT,CB,US_Streets,,STATE,0,,0,326 East Lake Street,376,22048,1202883,27,11236,43.313308,WI,4,CALL,0,Chicago,528849,Neosho Branch,0,,Dodge,COMMERCIAL LENDING,Central District,0,11/4/1985,1,2,,WI,1,Wisconsin,7,FDIC,Chicago,749120,,0,226 Schuyler Street,-88.51833,,HORICON,55027,"Milwaukee-Racine-Waukesha, WI",Horicon,21,55027,,,Horicon Bank,Neosho,WI,2019_11236_2
53032,DIF,NM,United States,53916,STATE,0,224164,Wisconsin,8/20/1990,2019,State Agency,11,55,M,9,11580,United States,SWORD FINANCIAL CORPORATION,0,3,0,662706,,Beaver Dam,MULT,CB,US_Streets,,STATE,0,,0,326 East Lake Street,376,124857,1202883,27,11236,43.477109,WI,4,CALL,0,Chicago,528849,Beaver Dam Branch,0,,Dodge,COMMERCIAL LENDING,Central District,0,,1,4,,WI,1,Wisconsin,7,FDIC,Chicago,749120,,0,105 Industrial Drive,-88.823159,,HORICON,55027,"Milwaukee-Racine-Waukesha, WI",Horicon,21,55027,,,Horicon Bank,Beaver Dam,WI,2019_11236_4
53032,DIF,NM,United States,54915,STATE,11540,233310,Wisconsin,1/10/1994,2019,State Agency,11,55,STREETADDRESS,9,11580,United States,SWORD FINANCIAL CORPORATION,0,3,0,662706,,Appleton,MULT,CB,100,,STATE,0,,0,326 East Lake Street,118,21532,1202883,15,11236,44.228803,WI,4,CALL,0,Chicago,528849,Appleton Branch,1,,Calumet,COMMERCIAL LENDING,Central District,0,1/31/1998,0,5,,WI,1,Wisconsin,7,FDIC,Chicago,749120,,0,100 East Midway Road,-88.397771,,HORICON,55027,"Appleton-Oshkosh-Neenah, WI",Horicon,21,55015,,"Appleton, WI",Horicon Bank,Appleton,WI,2019_11236_5
53032,DIF,NM,United States,54971,STATE,22540,233311,Wisconsin,7/12/1994,2019,State Agency,11,55,M,9,11580,United States,SWORD FINANCIAL CORPORATION,0,3,0,662706,,Ripon,MULT,CB,US_RoofTop,,STATE,0,,0,326 East Lake Street,0,64608,1202883,39,11236,43.842082,WI,4,CALL,0,Chicago,528849,Ripon Branch,1,,Fond du Lac,COMMERCIAL LENDING,Central District,0,1/31/1998,0,6,,WI,1,Wisconsin,7,FDIC,Chicago,749120,,0,400 Watson Street,-88.838787,,HORICON,55027,,Horicon,21,55039,,"Fond du Lac, WI",Horicon Bank,Ripon,WI,2019_11236_6
53032,DIF,NM,United States,53095,STATE,33340,224165,Wisconsin,6/16/1999,2019,State Agency,11,55,M,9,11580,United States,SWORD FINANCIAL CORPORATION,0,3,0,662706,,West Bend,MULT,CB,US_RoofTop,,STATE,0,,0,326 East Lake Street,376,68445,1202883,131,11236,43.397838,WI,4,CALL,0,Chicago,528849,West Bend Branch,1,,Washington,COMMERCIAL LENDING,Central District,0,,0,7,,WI,1,Wisconsin,7,FDIC,Chicago,749120,,0,1535 West Paradise Drive,-88.197162,,HORICON,55027,"Milwaukee-Racine-Waukesha, WI",Horicon,21,55131,,"Milwaukee-Waukesha, WI",Horicon Bank,West Bend,WI,2019_11236_7
53032,DIF,NM,United States,53916,STATE,0,428769,Wisconsin,3/29/2004,2019,State Agency,12,55,M,9,11580,United States,SWORD FINANCIAL CORPORATION,0,3,0,662706,,Beaver Dam,MULT,CB,US_RoofTop,,STATE,0,,0,326 East Lake Street,376,5182,1202883,27,11236,43.450417,WI,4,CALL,0,Chicago,528849,Spring Street Branch,0,,Dodge,COMMERCIAL LENDING,Central District,0,,1,8,,WI,1,Wisconsin,7,FDIC,Chicago,749120,,0,609 North Spring Street,-88.836781,,HORICON,55027,"Milwaukee-Racine-Waukesha, WI",Horicon,21,55027,,,Horicon Bank,Beaver Dam,WI,2019_11236_8
53032,DIF,NM,United States,54935,STATE,22540,444378,Wisconsin,9/12/2005,2019,State Agency,11,55,M,9,11580,United States,SWORD FINANCIAL CORPORATION,0,3,0,662706,,Fond Du Lac,MULT,CB,US_RoofTop,,STATE,0,,0,326 East Lake Street,0,57716,1202883,39,11236,43.783725,WI,4,CALL,0,Chicago,528849,Fond Du Lac Branch,1,,Fond du Lac,COMMERCIAL LENDING,Central District,0,,0,9,,WI,1,Wisconsin,7,FDIC,Chicago,749120,,0,854 East Johnson Street,-88.413783,,HORICON,55027,,Horicon,21,55039,,"Fond du Lac, WI",Horicon Bank,Fond Du Lac,WI,2019_11236_9
53805,DIF,SM,United States,53805,STATE,0,7409,Wisconsin,01/01/1871,2019,State Agency,11,55,M,9,10444,United States,"BOSCOBEL BANCORP, INC.",0,3,351485,351485,,Boscobel,ONE,CB,US_Streets,M,STATE,1,,0,925 Wisconsin Avenue,0,76427,1492291,43,11595,43.134186,WI,2,CALL,0,Chicago,175140,Community First Bank,0,,Grant,AGRICULTURAL,Central District,0,,1,0,,WI,1,Wisconsin,7,FED,Chicago,429880,,0,925 Wisconsin Avenue,-90.705819,,BOSCOBEL,55043,,Boscobel,13,55043,,,Community First Bank,Boscobel,WI,2019_11595_0
53805,DIF,SM,United States,53818,STATE,0,511679,Wisconsin,7/15/2009,2019,State Agency,11,55,M,9,10444,United States,"BOSCOBEL BANCORP, INC.",0,3,0,351485,,Platteville,ONE,CB,US_Streets,,STATE,0,,0,925 Wisconsin Avenue,0,16709,1492291,43,11595,42.733862,WI,2,CALL,0,Chicago,175140,Platteville Main Street Office Branch,0,,Grant,AGRICULTURAL,Central District,0,12/3/2016,1,11,,WI,1,Wisconsin,7,FED,Chicago,429880,,0,170 West Main Street,-90.4769,,BOSCOBEL,55043,,Boscobel,13,55043,,,Community First Bank,Platteville,WI,2019_11595_11
53805,DIF,SM,United States,53809,STATE,0,606457,Wisconsin,11/15/2018,2019,State Agency,11,55,StreetAddress,9,10444,United States,"BOSCOBEL BANCORP, INC.",0,3,0,351485,,Fennimore,ONE,CB,100,,STATE,0,,0,925 Wisconsin Avenue,0,1823,1492291,43,11595,42.988601,WI,2,CALL,0,Chicago,175140,Fennimore Branch,0,,Grant,AGRICULTURAL,Central District,0,,1,12,,WI,1,Wisconsin,7,FED,Chicago,429880,,0,375 Lincoln Avenue,-90.655534,,BOSCOBEL,55043,,Boscobel,13,55043,,,Community First Bank,Fennimore,WI,2019_11595_12
53805,DIF,SM,United States,53573,STATE,0,225224,Wisconsin,12/24/1942,2019,State Agency,11,55,M,9,10444,United States,"BOSCOBEL BANCORP, INC.",0,3,0,351485,,Muscoda,ONE,CB,US_Streets,,STATE,0,,0,925 Wisconsin Avenue,0,28022,1492291,43,11595,43.184806,WI,2,CALL,0,Chicago,175140,Muscoda Branch,0,,Grant,AGRICULTURAL,Central District,0,,1,2,,WI,1,Wisconsin,7,FED,Chicago,429880,,0,101 North Wisconsin Avenue,-90.443166,,BOSCOBEL,55043,,Boscobel,13,55043,,,Community First Bank,Muscoda,WI,2019_11595_2
53805,DIF,SM,United States,53581,STATE,0,225227,Wisconsin,4/24/1995,2019,State Agency,11,55,M,9,10444,United States,"BOSCOBEL BANCORP, INC.",0,3,0,351485,,Richland Center,ONE,CB,US_Streets,,STATE,0,,0,925 Wisconsin Avenue,0,56013,1492291,103,11595,43.325008,WI,2,CALL,0,Chicago,175140,Richland Center Branch,0,,Richland,AGRICULTURAL,Central District,0,,0,5,,WI,1,Wisconsin,7,FED,Chicago,429880,,0,1200 Sextonville Road,-90.381872,,BOSCOBEL,55043,,Boscobel,13,55103,,,Community First Bank,Richland Center,WI,2019_11595_5
53805,DIF,SM,United States,53959,STATE,0,360629,Wisconsin,9/25/2000,2019,State Agency,11,55,M,9,10444,United States,"BOSCOBEL BANCORP, INC.",0,3,0,351485,,Reedsburg,ONE,CB,US_Streets,,STATE,0,,0,925 Wisconsin Avenue,357,46249,1492291,111,11595,43.53257,WI,2,CALL,0,Chicago,175140,Reedsburg Branch,0,,Sauk,AGRICULTURAL,Central District,0,,1,6,,WI,1,Wisconsin,7,FED,Chicago,429880,,0,115 Main Street,-90.00979,,BOSCOBEL,55043,"Madison-Janesville-Beloit, WI",Boscobel,13,55111,,,Community First Bank,Reedsburg,WI,2019_11595_6
53805,DIF,SM,United States,53913,STATE,0,365679,Wisconsin,11/4/2002,2019,State Agency,11,55,M,9,10444,United States,"BOSCOBEL BANCORP, INC.",0,3,0,351485,,Baraboo,ONE,CB,US_Streets,,STATE,0,,0,925 Wisconsin Avenue,357,22977,1492291,111,11595,43.474675,WI,2,CALL,0,Chicago,175140,Baraboo Branch,0,,Sauk,AGRICULTURAL,Central District,0,,1,7,,WI,1,Wisconsin,7,FED,Chicago,429880,,0,129 8th Avenue,-89.742951,,BOSCOBEL,55043,"Madison-Janesville-Beloit, WI",Boscobel,13,55111,,,Community First Bank,Baraboo,WI,2019_11595_7
53805,DIF,SM,United States,53554,STATE,0,4169,Wisconsin,8/14/1903,2019,State Agency,11,55,M,9,10444,United States,"BOSCOBEL BANCORP, INC.",0,3,0,351485,,Livingston,ONE,CB,US_Streets,,STATE,0,,0,925 Wisconsin Avenue,0,103265,1492291,43,11595,42.900479,WI,2,CALL,0,Chicago,175140,Livingston Branch,0,,Grant,AGRICULTURAL,Central District,0,12/3/2016,1,9,,WI,1,Wisconsin,7,FED,Chicago,429880,,0,125 N Center Street,-90.431021,,BOSCOBEL,55043,,Boscobel,13,55043,,,Community First Bank,Livingston,WI,2019_11595_9
54541,DIF,NM,United States,54541,STATE,0,7414,Wisconsin,1/1/1914,2019,State Agency,11,55,M,9,0,United States,"NORTHERN WISCONSIN BANK HOLDING COMPANY, INC.",0,3,169517,169517,,Laona,ONE,CB,US_Streets,M,STATE,1,,0,5308 Beech Street,0,69716,1128189,41,11601,45.562715,WI,8,CALL,0,Chicago,178150,Laona State Bank,0,,Forest,ALL OTHER < $1 BILLION,Central District,0,,0,0,,WI,1,Wisconsin,9,FDIC,Minneapolis,193960,,0,5308 Beech Street,-88.672656,,LAONA,55041,,Laona,21,55041,,,Laona State Bank,Laona,WI,2019_11601_0
54541,DIF,NM,United States,54520,STATE,0,225234,Wisconsin,8/29/1994,2019,State Agency,23,55,M,9,0,United States,"NORTHERN WISCONSIN BANK HOLDING COMPANY, INC.",0,3,0,169517,,Crandon,ONE,CB,US_Zipcode,C,STATE,0,2,0,5308 Beech Street,0,0,1128189,41,11601,45.521951,WI,8,CALL,0,Chicago,178150,Crandon Branch,0,,Forest,ALL OTHER < $1 BILLION,Central District,0,,0,1,,WI,1,Wisconsin,9,FDIC,Minneapolis,193960,,0,"Highway 8 East, Pioneer Plaza",-88.926006,,LAONA,55041,,Laona,21,55041,,,Laona State Bank,Crandon,WI,2019_11601_1
54541,DIF,NM,United States,54520,STATE,0,270078,Wisconsin,1/1/1913,2019,State Agency,11,55,M,9,0,United States,"NORTHERN WISCONSIN BANK HOLDING COMPANY, INC.",0,3,0,169517,,Crandon,ONE,CB,US_Streets,,STATE,0,,0,5308 Beech Street,0,32594,1128189,41,11601,45.569368,WI,8,CALL,0,Chicago,178150,Lake Ave Branch,0,,Forest,ALL OTHER < $1 BILLION,Central District,0,10/1/1997,0,2,,WI,1,Wisconsin,9,FDIC,Minneapolis,193960,,0,108 North Lake Street,-88.9033,,LAONA,55041,,Laona,21,55041,,,Laona State Bank,Crandon,WI,2019_11601_2
54541,DIF,NM,United States,54103,STATE,0,225236,Wisconsin,4/23/1999,2019,State Agency,23,55,M,9,0,United States,"NORTHERN WISCONSIN BANK HOLDING COMPANY, INC.",0,3,0,169517,,Armstrong Creek,ONE,CB,US_Streets,,STATE,0,,0,5308 Beech Street,0,7924,1128189,41,11601,45.658067,WI,8,CALL,0,Chicago,178150,Armstrong Creek Branch,0,,Forest,ALL OTHER < $1 BILLION,Central District,0,,0,4,,WI,1,Wisconsin,9,FDIC,Minneapolis,193960,,0,Po Box 38 497 Hwy 8,-88.44449,,LAONA,55041,,Laona,21,55041,,,Laona State Bank,Armstrong Creek,WI,2019_11601_4
54541,DIF,NM,United States,54138,STATE,24580,225237,Wisconsin,9/13/1999,2019,State Agency,23,55,StreetInt,9,0,United States,"NORTHERN WISCONSIN BANK HOLDING COMPANY, INC.",0,3,0,169517,,Lakewood,ONE,CB,100,C,STATE,0,6,0,5308 Beech Street,267,0,1128189,83,11601,45.30141,WI,8,CALL,0,Chicago,178150,Lakewood Branch,1,,Oconto,ALL OTHER < $1 BILLION,Central District,0,,0,5,,WI,1,Wisconsin,9,FDIC,Minneapolis,193960,,0,Highway 32 And Evergreen Lane,-88.535939,,LAONA,55041,"Green Bay-Shawano, WI",Laona,21,55083,,"Green Bay, WI",Laona State Bank,Lakewood,WI,2019_11601_5
54541,DIF,NM,United States,54138,STATE,24580,233313,Wisconsin,7/15/1968,2019,State Agency,11,55,M,9,0,United States,"NORTHERN WISCONSIN BANK HOLDING COMPANY, INC.",0,3,0,169517,,Lakewood,ONE,CB,US_Streets,,STATE,0,,0,5308 Beech Street,267,41400,1128189,83,11601,45.299517,WI,8,CALL,0,Chicago,178150,Lakewood Branch,1,,Oconto,ALL OTHER < $1 BILLION,Central District,0,7/5/2007,0,6,,WI,1,Wisconsin,9,FDIC,Minneapolis,193960,,0,15290 Hwy 32,-88.519519,,LAONA,55041,"Green Bay-Shawano, WI",Laona,21,55083,,"Green Bay, WI",Laona State Bank,Lakewood,WI,2019_11601_6
54541,DIF,NM,United States,54566,STATE,0,456661,Wisconsin,11/15/2006,2019,State Agency,23,55,PointAddress,9,0,United States,"NORTHERN WISCONSIN BANK HOLDING COMPANY, INC.",0,3,0,169517,,Wabeno,ONE,CB,100,,STATE,0,,0,5308 Beech Street,0,17883,1128189,41,11601,45.43868,WI,8,CALL,0,Chicago,178150,Wabeno Branch,0,,Forest,ALL OTHER < $1 BILLION,Central District,0,7/5/2007,0,7,,WI,1,Wisconsin,9,FDIC,Minneapolis,193960,,0,4519 North Branch Street,-88.658911,,LAONA,55041,,Laona,21,55041,,,Laona State Bank,Wabeno,WI,2019_11601_7
54140,DIF,NM,United States,54140,STATE,11540,7419,Wisconsin,12/6/1906,2019,State Agency,11,55,M,9,14713,United States,"INDEPENDENT BANCORP., LIMITED",1,3,208534,208534,,Little Chute,ONE,CB,US_Streets,M,STATE,1,,0,206 East Main Avenue,118,208534,2511313,87,11608,44.280309,WI,4,CALL,0,Chicago,578741,Blc Community Bank,1,,Outagamie,COMMERCIAL LENDING,Central District,0,,0,0,,WI,1,Wisconsin,7,FDIC,Chicago,271660,,0,206 East Main Avenue,-88.313738,,LITTLE CHUTE,55087,"Appleton-Oshkosh-Neenah, WI",Little Chute,21,55087,,"Appleton, WI",BLC Community Bank,Little Chute,WI,2019_11608_0
53551,DIF,NM,United States,53551,STATE,0,7431,Wisconsin,10/22/1883,2019,State Agency,11,55,StreetAddress,9,13014,United States,"GREENWOODS FINANCIAL GROUP, INC.",0,3,251678,251678,,Lake Mills,ONE,CB,100,M,STATE,1,,0,365 West Tyranena Park Road,376,57699,3618536,55,11623,43.088781,WI,4,CALL,0,Chicago,576644,The Greenwood's State Bank,0,,Jefferson,COMMERCIAL LENDING,Central District,0,,1,0,,WI,1,Wisconsin,7,FDIC,Chicago,292623,,0,365 West Tyranena Park Road,-88.899333,,LAKE MILLS,55055,"Milwaukee-Racine-Waukesha, WI",Lake Mills,21,55055,,,The Greenwood's State Bank,Lake Mills,WI,2019_11623_0
53551,DIF,NM,United States,53188,STATE,33340,612399,Wisconsin,5/6/2019,2019,State Agency,11,55,EXACT,9,13014,United States,"GREENWOODS FINANCIAL GROUP, INC.",0,3,0,251678,,Waukesha,ONE,CB,100,,STATE,0,,0,365 West Tyranena Park Road,376,1482,3618536,133,11623,43.01844,WI,4,CALL,0,Chicago,576644,Fiddlers Creek Branch,1,,Waukesha,COMMERCIAL LENDING,Central District,0,,0,10,,WI,1,Wisconsin,7,FDIC,Chicago,292623,,0,3212 Fiddlers Creek Drive,-88.286912,,LAKE MILLS,55055,"Milwaukee-Racine-Waukesha, WI",Lake Mills,21,55133,,"Milwaukee-Waukesha, WI",The Greenwood's State Bank,Waukesha,WI,2019_11623_10
53551,DIF,NM,United States,53105,STATE,39540,364388,Wisconsin,8/15/2003,2019,State Agency,11,55,M,9,13014,United States,"GREENWOODS FINANCIAL GROUP, INC.",0,3,0,251678,,Burlington,ONE,CB,US_RoofTop,,STATE,0,,0,365 West Tyranena Park Road,376,83364,3618536,101,11623,42.676665,WI,4,CALL,0,Chicago,576644,Burlington Branch,1,,Racine,COMMERCIAL LENDING,Central District,0,5/17/2019,0,11,,WI,1,Wisconsin,7,FDIC,Chicago,292623,,0,241 E. Jefferson Street,-88.281203,,LAKE MILLS,55055,"Milwaukee-Racine-Waukesha, WI",Lake Mills,21,55101,,"Racine, WI",The Greenwood's State Bank,Burlington,WI,2019_11623_11
53551,DIF,NM,United States,53147,STATE,0,580282,Wisconsin,7/6/2016,2019,State Agency,11,55,POINTADDRESS,9,13014,United States,"GREENWOODS FINANCIAL GROUP, INC.",0,3,0,251678,,Lake Geneva,ONE,CB,100,,STATE,0,,0,365 West Tyranena Park Road,376,5268,3618536,127,11623,42.604714,WI,4,CALL,0,Chicago,576644,Frsb - Lake Geneva Branch,0,,Walworth,COMMERCIAL LENDING,Central District,0,5/17/2019,1,12,,WI,1,Wisconsin,7,FDIC,Chicago,292623,,0,500 Interchange North Suite 1,-88.430098,,LAKE MILLS,55055,"Milwaukee-Racine-Waukesha, WI",Lake Mills,21,55127,,,The Greenwood's State Bank,Lake Geneva,WI,2019_11623_12
53551,DIF,NM,United States,53570,STATE,31540,7420,Wisconsin,01/01/1896,2019,State Agency,11,55,T,9,13014,United States,"GREENWOODS FINANCIAL GROUP, INC.",0,3,0,251678,,Monticello,ONE,CB,US_Streets,,STATE,0,,0,365 West Tyranena Park Road,357,56888,3618536,45,11623,42.747541,WI,4,CALL,0,Chicago,576644,Monticello Branch,1,,Green,COMMERCIAL LENDING,Central District,0,3/23/2013,0,4,,WI,1,Wisconsin,7,FDIC,Chicago,292623,,0,238 North Main Street,-89.594253,,LAKE MILLS,55055,"Madison-Janesville-Beloit, WI",Lake Mills,21,55045,,"Madison, WI",The Greenwood's State Bank,Monticello,WI,2019_11623_4
53551,DIF,NM,United States,53570,STATE,31540,362381,Wisconsin,8/15/1987,2019,State Agency,11,55,PointAddress,9,13014,United States,"GREENWOODS FINANCIAL GROUP, INC.",0,3,0,251678,,Monticello,ONE,CB,100,C,STATE,0,4,0,365 West Tyranena Park Road,357,0,3618536,45,11623,42.74855,WI,4,CALL,0,Chicago,576644,Coates Avenue Facility,1,,Green,COMMERCIAL LENDING,Central District,0,3/23/2013,0,6,,WI,1,Wisconsin,7,FDIC,Chicago,292623,,0,401 West Coates Avenue,-89.598871,,LAKE MILLS,55055,"Madison-Janesville-Beloit, WI",Lake Mills,21,55045,,"Madison, WI",The Greenwood's State Bank,Monticello,WI,2019_11623_6
53551,DIF,NM,United States,53536,STATE,27500,279464,Wisconsin,1/1/1920,2019,State Agency,11,55,M,9,13014,United States,"GREENWOODS FINANCIAL GROUP, INC.",0,3,0,251678,,Evansville,ONE,CB,US_Zipcode,,STATE,0,,0,365 West Tyranena Park Road,357,19744,3618536,105,11623,42.762194,WI,4,CALL,0,Chicago,576644,Evansville Branch,1,,Rock,COMMERCIAL LENDING,Central District,0,3/23/2013,0,7,,WI,1,Wisconsin,7,FDIC,Chicago,292623,,0,12 J. Lendemann Drive,-89.264778,,LAKE MILLS,55055,"Madison-Janesville-Beloit, WI",Lake Mills,21,55105,,"Janesville-Beloit, WI",The Greenwood's State Bank,Evansville,WI,2019_11623_7
53551,DIF,NM,United States,53551,STATE,0,279463,Wisconsin,1/1/1920,2019,State Agency,11,55,M,9,13014,United States,"GREENWOODS FINANCIAL GROUP, INC.",0,3,0,251678,,Lake Mills,ONE,CB,US_Streets,,STATE,0,,0,365 West Tyranena Park Road,376,27232,3618536,55,11623,43.079218,WI,4,CALL,0,Chicago,576644,Lake Mills Branch,0,,Jefferson,COMMERCIAL LENDING,Central District,0,12/16/2013,1,8,,WI,1,Wisconsin,7,FDIC,Chicago,292623,,0,300 East Lake Street,-88.908731,,LAKE MILLS,55055,"Milwaukee-Racine-Waukesha, WI",Lake Mills,21,55055,,,The Greenwood's State Bank,Lake Mills,WI,2019_11623_8
54843,DIF,NM,United States,54843,STATE,0,7835,Wisconsin,1/1/1917,2019,State Agency,11,55,POINTADDRESS,9,0,United States,"CHIPPEWA VALLEY AGENCY, LTD.",0,3,356925,356925,,Hayward,ONE,CB,100,M,STATE,1,,0,15755 W County Road B,0,44569,1122963,113,12322,46.006462,WI,4,CALL,0,Chicago,779650,Chippewa Valley Bank,0,,Sawyer,COMMERCIAL LENDING,Central District,0,,0,0,,WI,1,Wisconsin,9,FDIC,Minneapolis,443073,,0,15755 W County Road B,-91.48027,,BRUCE,55113,,Hayward,21,55113,,,Chippewa Valley Bank,Hayward,WI,2019_12322_0
54843,DIF,NM,United States,54867,STATE,0,226839,Wisconsin,11/18/1937,2019,State Agency,11,55,M,9,0,United States,"CHIPPEWA VALLEY AGENCY, LTD.",0,3,0,356925,,Radisson,ONE,CB,90,,STATE,0,,0,15755 W County Road B,0,7817,1122963,113,12322,45.770107,WI,4,CALL,0,Chicago,779650,Radisson Branch,0,,Sawyer,COMMERCIAL LENDING,Central District,0,,0,1,,WI,1,Wisconsin,9,FDIC,Minneapolis,443073,,0,10609 W Omaha Street,-91.220839,,BRUCE,55113,,Hayward,21,55113,,,Chippewa Valley Bank,Radisson,WI,2019_12322_1
54843,DIF,NM,United States,54806,STATE,0,531343,Wisconsin,5/29/2012,2019,State Agency,11,55,PointAddress,9,0,United States,"CHIPPEWA VALLEY AGENCY, LTD.",0,3,0,356925,,Ashland,ONE,CB,100,,STATE,0,,0,15755 W County Road B,0,24032,1122963,3,12322,46.58412,WI,4,CALL,0,Chicago,779650,Ashland Wi Branch,0,,Ashland,COMMERCIAL LENDING,Central District,0,,0,10,,WI,1,Wisconsin,9,FDIC,Minneapolis,443073,,0,1508 Lake Shore Drive W,-90.901641,,BRUCE,55113,,Hayward,21,55003,,,Chippewa Valley Bank,Ashland,WI,2019_12322_10
54843,DIF,NM,United States,54880,STATE,20260,533978,Wisconsin,8/16/2012,2019,State Agency,11,55,M,9,0,United States,"CHIPPEWA VALLEY AGENCY, LTD.",0,3,0,356925,,Superior,ONE,CB,100,,STATE,0,,0,15755 W County Road B,0,30752,1122963,31,12322,46.700152,WI,4,CALL,0,Chicago,779650,Superior Branch,1,,Douglas,COMMERCIAL LENDING,Central District,0,8/17/2012,0,11,,WI,1,Wisconsin,9,FDIC,Minneapolis,443073,,0,2820 East 2nd Street,-92.039198,,BRUCE,55113,,Hayward,21,55031,,"Duluth, MN-WI",Chippewa Valley Bank,Superior,WI,2019_12322_11
54843,DIF,NM,United States,54534,STATE,0,551811,Wisconsin,3/31/2014,2019,State Agency,11,55,StreetAddress,9,0,United States,"CHIPPEWA VALLEY AGENCY, LTD.",0,3,0,356925,,Hurley,ONE,CB,100,,STATE,0,,0,15755 W County Road B,0,13560,1122963,51,12322,46.459684,WI,4,CALL,0,Chicago,779650,Hurley Office,0,,Iron,COMMERCIAL LENDING,Central District,0,,0,12,,WI,1,Wisconsin,9,FDIC,Minneapolis,443073,,0,13365 N Us Hwy 51,-90.19213,,BRUCE,55113,,Hayward,21,55051,,,Chippewa Valley Bank,Hurley,WI,2019_12322_12
54843,DIF,NM,United States,54821,STATE,0,225261,Wisconsin,5/18/1970,2019,State Agency,11,55,M,9,0,United States,"CHIPPEWA VALLEY AGENCY, LTD.",0,3,0,356925,,Cable,ONE,CB,US_Streets,,STATE,0,,0,15755 W County Road B,0,16626,1122963,7,12322,46.207243,WI,4,CALL,0,Chicago,779650,Cable Branch,0,,Bayfield,COMMERCIAL LENDING,Central District,0,5/6/2016,0,13,,WI,1,Wisconsin,9,FDIC,Minneapolis,443073,,0,43480 Kavanaugh Road,-91.293519,,BRUCE,55113,,Hayward,21,55007,,,Chippewa Valley Bank,Cable,WI,2019_12322_13
54843,DIF,NM,United States,54873,STATE,0,225262,Wisconsin,7/23/1979,2019,State Agency,11,55,M,9,0,United States,"CHIPPEWA VALLEY AGENCY, LTD.",0,3,0,356925,,Solon Springs,ONE,CB,US_Zipcode,,STATE,0,,0,15755 W County Road B,0,7272,1122963,7,12322,46.38488,WI,4,CALL,0,Chicago,779650,Barnes Branch,0,,Bayfield,COMMERCIAL LENDING,Central District,0,5/6/2016,0,14,,WI,1,Wisconsin,9,FDIC,Minneapolis,443073,,0,50490 State Highway 27,-91.737496,,BRUCE,55113,,Hayward,21,55007,,,Chippewa Valley Bank,Barnes,WI,2019_12322_14
54843,DIF,NM,United States,54832,STATE,0,579102,Wisconsin,5/5/2016,2019,State Agency,11,55,PointAddress,9,0,United States,"CHIPPEWA VALLEY AGENCY, LTD.",0,3,0,356925,,Drummond,ONE,CB,100,,STATE,0,,0,15755 W County Road B,0,11847,1122963,7,12322,46.33661,WI,4,CALL,0,Chicago,779650,Drummond Branch,0,,Bayfield,COMMERCIAL LENDING,Central District,0,5/6/2016,0,15,,WI,1,Wisconsin,9,FDIC,Minneapolis,443073,,0,52485 Wisconsin Avenue,-91.258431,,BRUCE,55113,,Hayward,21,55007,,,Chippewa Valley Bank,Drummond,WI,2019_12322_15
54843,DIF,NM,United States,54819,STATE,0,226840,Wisconsin,7/2/1990,2019,State Agency,11,55,M,9,0,United States,"CHIPPEWA VALLEY AGENCY, LTD.",0,3,0,356925,,Bruce,ONE,CB,US_Streets,,STATE,0,,0,15755 W County Road B,0,95026,1122963,107,12322,45.453443,WI,4,CALL,0,Chicago,779650,Bruce Branch,0,,Rusk,COMMERCIAL LENDING,Central District,0,,0,2,,WI,1,Wisconsin,9,FDIC,Minneapolis,443073,,0,607 Main Street,-91.273425,,BRUCE,55113,,Hayward,21,55107,,,Chippewa Valley Bank,Bruce,WI,2019_12322_2
54843,DIF,NM,United States,54896,STATE,0,226841,Wisconsin,7/6/1994,2019,State Agency,11,55,STREETADDRESS,9,0,United States,"CHIPPEWA VALLEY AGENCY, LTD.",0,3,0,356925,,Winter,ONE,CB,100,,STATE,0,,0,15755 W County Road B,0,24694,1122963,113,12322,45.824126,WI,4,CALL,0,Chicago,779650,Winter Branch,0,,Sawyer,COMMERCIAL LENDING,Central District,0,,0,3,,WI,1,Wisconsin,9,FDIC,Minneapolis,443073,,0,5150 North Main Street,-91.011399,,BRUCE,55113,,Hayward,21,55113,,,Chippewa Valley Bank,Winter,WI,2019_12322_3
54843,DIF,NM,United States,54895,STATE,0,226842,Wisconsin,4/19/1999,2019,State Agency,11,55,M,9,0,United States,"CHIPPEWA VALLEY AGENCY, LTD.",0,3,0,356925,,Weyerhaeuser,ONE,CB,US_Streets,,STATE,0,,0,15755 W County Road B,0,5289,1122963,107,12322,45.427954,WI,4,CALL,0,Chicago,779650,Weyerhaeuser Branch,0,,Rusk,COMMERCIAL LENDING,Central District,0,,0,4,,WI,1,Wisconsin,9,FDIC,Minneapolis,443073,,0,W14334 Hwy 8 - Po Box 256,-91.40022,,BRUCE,55113,,Hayward,21,55107,,,Chippewa Valley Bank,Weyerhaeuser,WI,2019_12322_4
54843,DIF,NM,United States,54849,STATE,20260,423082,Wisconsin,8/25/2003,2019,State Agency,11,55,PointAddress,9,0,United States,"CHIPPEWA VALLEY AGENCY, LTD.",0,3,0,356925,,Lake Nebagamon,ONE,CB,100,,STATE,0,,0,15755 W County Road B,0,6792,1122963,31,12322,46.51463,WI,4,CALL,0,Chicago,779650,Lake Nebagamon,1,,Douglas,COMMERCIAL LENDING,Central District,0,,0,5,,WI,1,Wisconsin,9,FDIC,Minneapolis,443073,,0,6882 S Lake Avenue,-91.699311,,BRUCE,55113,,Hayward,21,55031,,"Duluth, MN-WI",Chippewa Valley Bank,Lake Nebagamon,WI,2019_12322_5
54843,DIF,NM,United States,54538,STATE,0,431392,Wisconsin,8/9/2004,2019,State Agency,11,55,M,9,0,United States,"CHIPPEWA VALLEY AGENCY, LTD.",0,3,0,356925,,Lac Du Flambeau,ONE,CB,US_Streets,,STATE,0,,0,15755 W County Road B,0,36639,1122963,125,12322,45.954123,WI,4,CALL,0,Chicago,779650,Lac Du Flambeau Branch,0,,Vilas,COMMERCIAL LENDING,Central District,0,,0,6,,WI,1,Wisconsin,9,FDIC,Minneapolis,443073,,0,602 Peacepipe Lane,-89.895921,,BRUCE,55113,,Hayward,21,55125,,,Chippewa Valley Bank,Lac Du Flambeau,WI,2019_12322_6
54843,DIF,NM,United States,54847,STATE,0,269212,Wisconsin,1/1/1902,2019,State Agency,11,55,M,9,0,United States,"CHIPPEWA VALLEY AGENCY, LTD.",0,3,0,356925,,Iron River,ONE,CB,US_Zipcode,,STATE,0,,0,15755 W County Road B,0,13429,1122963,7,12322,46.561728,WI,4,CALL,0,Chicago,779650,Iron River Branch,0,,Bayfield,COMMERCIAL LENDING,Central District,0,8/7/2007,0,7,,WI,1,Wisconsin,9,FDIC,Minneapolis,443073,,0,68240 S. Main Street,-91.389747,,BRUCE,55113,,Hayward,21,55007,,,Chippewa Valley Bank,Iron River,WI,2019_12322_7
54843,DIF,NM,United States,54814,STATE,0,269213,Wisconsin,1/1/1902,2019,State Agency,11,55,M,9,0,United States,"CHIPPEWA VALLEY AGENCY, LTD.",0,3,0,356925,,Bayfield,ONE,CB,US_Streets,,STATE,0,,0,15755 W County Road B,0,14817,1122963,7,12322,46.808242,WI,4,CALL,0,Chicago,779650,Bayfield Branch,0,,Bayfield,COMMERCIAL LENDING,Central District,0,8/7/2007,0,8,,WI,1,Wisconsin,9,FDIC,Minneapolis,443073,,0,117 South Broad Street,-90.817111,,BRUCE,55113,,Hayward,21,55007,,,Chippewa Valley Bank,Bayfield,WI,2019_12322_8
54843,DIF,NM,United States,54891,STATE,0,506557,Wisconsin,3/1/2010,2019,State Agency,11,55,M,9,0,United States,"CHIPPEWA VALLEY AGENCY, LTD.",0,3,0,356925,,Washburn,ONE,CB,US_Streets,,STATE,0,,0,15755 W County Road B,0,3764,1122963,7,12322,46.670914,WI,4,CALL,0,Chicago,779650,Washburn Office,0,,Bayfield,COMMERCIAL LENDING,Central District,0,,0,9,,WI,1,Wisconsin,9,FDIC,Minneapolis,443073,,0,104 Washington Avenue,-90.89478,,BRUCE,55113,,Hayward,21,55007,,,Chippewa Valley Bank,Washburn,WI,2019_12322_9
54619,DIF,NM,United States,54619,STATE,0,7837,Wisconsin,03/15/1899,2019,State Agency,11,55,M,9,0,United States,"EAGLE BANCSHARES, INC.",1,3,79040,79040,,Cashton,ONE,CB,US_Streets,M,STATE,1,,0,723 Main Street,0,79040,3045815,81,12325,43.74309,WI,2,CALL,0,Chicago,458946,Bank Of Cashton,0,,Monroe,AGRICULTURAL,Central District,0,,0,0,,WI,1,Wisconsin,7,FDIC,Chicago,93667,,0,723 Main Street,-90.779908,,CASHTON,55081,,Cashton,21,55081,,,Bank of Cashton,Cashton,WI,2019_12325_0
53948,DIF,NM,United States,53948,STATE,0,7839,Wisconsin,9/12/1932,2019,State Agency,11,55,T,9,0,United States,"MAUSTON BANCORP, INC.",0,3,248143,248143,,Mauston,ONE,CB,US_Streets,M,STATE,1,,0,503 Highway 82 East,0,173047,1205857,57,12327,43.789037,WI,4,CALL,0,Chicago,601443,Bank Of Mauston,0,,Juneau,COMMERCIAL LENDING,Central District,0,,0,0,,WI,1,Wisconsin,7,FDIC,Chicago,291659,,0,503 Highway 82 East,-90.083328,,LA CROSSE,55057,,Mauston,21,55057,,,Bank of Mauston,Mauston,WI,2019_12327_0
53948,DIF,NM,United States,53944,STATE,0,226846,Wisconsin,2/7/1942,2019,State Agency,11,55,T,9,0,United States,"MAUSTON BANCORP, INC.",0,3,0,248143,,Lyndon Station,ONE,CB,US_Streets,,STATE,0,,0,503 Highway 82 East,0,15032,1205857,57,12327,43.710614,WI,4,CALL,0,Chicago,601443,Lyndon Station Branch,0,,Juneau,COMMERCIAL LENDING,Central District,0,,0,1,,WI,1,Wisconsin,7,FDIC,Chicago,291659,,0,149 Wisconsin Street,-89.901514,,LA CROSSE,55057,,Mauston,21,55057,,,Bank of Mauston,Lyndon Station,WI,2019_12327_1
53948,DIF,NM,United States,53948,STATE,0,226848,Wisconsin,12/16/1991,2019,State Agency,11,55,M,9,0,United States,"MAUSTON BANCORP, INC.",0,3,0,248143,,Mauston,ONE,CB,US_Streets,,STATE,0,,0,503 Highway 82 East,0,2383,1205857,57,12327,43.79675,WI,4,CALL,0,Chicago,601443,Mauston Division Street Branch,0,,Juneau,COMMERCIAL LENDING,Central District,0,,0,3,,WI,1,Wisconsin,7,FDIC,Chicago,291659,,0,103 Division Street,-90.077113,,LA CROSSE,55057,,Mauston,21,55057,,,Bank of Mauston,Mauston,WI,2019_12327_3
53948,DIF,NM,United States,53965,STATE,0,226849,Wisconsin,12/1/1997,2019,State Agency,11,55,M,9,0,United States,"MAUSTON BANCORP, INC.",0,3,0,248143,,Wisconsin Dells,ONE,CB,US_Streets,,STATE,0,,0,503 Highway 82 East,357,23141,1205857,111,12327,43.605369,WI,4,CALL,0,Chicago,601443,Dells-Delton Bank,0,,Sauk,COMMERCIAL LENDING,Central District,0,,1,4,,WI,1,Wisconsin,7,FDIC,Chicago,291659,,0,402 County Highway A,-89.769895,,LA CROSSE,55057,"Madison-Janesville-Beloit, WI",Mauston,21,55111,,,Bank of Mauston,Wisconsin Dells,WI,2019_12327_4
53948,DIF,NM,United States,53950,STATE,0,359518,Wisconsin,3/5/2001,2019,State Agency,11,55,M,9,0,United States,"MAUSTON BANCORP, INC.",0,3,0,248143,,New Lisbon,ONE,CB,US_Streets,,STATE,0,,0,503 Highway 82 East,0,17115,1205857,57,12327,43.87982,WI,4,CALL,0,Chicago,601443,New Lisbon Branch,0,,Juneau,COMMERCIAL LENDING,Central District,0,,0,5,,WI,1,Wisconsin,7,FDIC,Chicago,291659,,0,800 Germantown Road,-90.153785,,LA CROSSE,55057,,Mauston,21,55057,,,Bank of Mauston,New Lisbon,WI,2019_12327_5
53948,DIF,NM,United States,54646,STATE,0,443997,Wisconsin,8/16/2005,2019,State Agency,11,55,M,9,0,United States,"MAUSTON BANCORP, INC.",0,3,0,248143,,Necedah,ONE,CB,US_Streets,,STATE,0,,0,503 Highway 82 East,0,17425,1205857,57,12327,44.026081,WI,4,CALL,0,Chicago,601443,Necedah Branch,0,,Juneau,COMMERCIAL LENDING,Central District,0,,0,6,,WI,1,Wisconsin,7,FDIC,Chicago,291659,,0,101 South Main Street,-90.073858,,LA CROSSE,55057,,Mauston,21,55057,,,Bank of Mauston,Necedah,WI,2019_12327_6
53014,DIF,NM,United States,53014,STATE,11540,7842,Wisconsin,04/19/1891,2019,State Agency,11,55,M,9,11432,United States,"CALUMET BANCORPORATION, INC.",0,3,244964,244964,,Chilton,ONE,CB,US_Streets,M,STATE,1,,0,26 East Main Street,118,118861,1133820,15,12331,44.028946,WI,4,CALL,0,Chicago,120542,State Bank Of Chilton,1,,Calumet,COMMERCIAL LENDING,Central District,0,,0,0,,WI,1,Wisconsin,7,FDIC,Chicago,287076,,0,26 East Main Street,-88.162168,,CHILTON,55015,"Appleton-Oshkosh-Neenah, WI",Chilton,21,55015,,"Appleton, WI",State Bank of Chilton,Chilton,WI,2019_12331_0
53014,DIF,NM,United States,53088,STATE,11540,8245,Wisconsin,8/19/1905,2019,State Agency,11,55,M,9,11432,United States,"CALUMET BANCORPORATION, INC.",0,3,0,244964,,Stockbridge,ONE,CB,US_Streets,,STATE,0,,0,26 East Main Street,118,27932,1133820,15,12331,44.071769,WI,4,CALL,0,Chicago,120542,Stockbridge Office Branch,1,,Calumet,COMMERCIAL LENDING,Central District,0,1/1/2001,0,2,,WI,1,Wisconsin,7,FDIC,Chicago,287076,,0,401 West Lake Street,-88.304253,,CHILTON,55015,"Appleton-Oshkosh-Neenah, WI",Chilton,21,55015,,"Appleton, WI",State Bank of Chilton,Stockbridge,WI,2019_12331_2
53014,DIF,NM,United States,53223,STATE,33340,437248,Wisconsin,2/14/2005,2019,State Agency,11,55,StreetAddress,9,11432,United States,"CALUMET BANCORPORATION, INC.",0,3,0,244964,,Milwaukee,ONE,CB,100,,STATE,0,,0,26 East Main Street,376,10810,1133820,79,12331,43.148028,WI,4,CALL,0,Chicago,120542,Milwaukee Branch,1,,Milwaukee,COMMERCIAL LENDING,Central District,0,,0,3,,WI,1,Wisconsin,7,FDIC,Chicago,287076,,0,7155 North 76th Street,-88.005574,,CHILTON,55015,"Milwaukee-Racine-Waukesha, WI",Chilton,21,55079,,"Milwaukee-Waukesha, WI",State Bank of Chilton,Milwaukee,WI,2019_12331_3
53014,DIF,NM,United States,54110,STATE,11540,7418,Wisconsin,1/19/1921,2019,State Agency,11,55,M,9,11432,United States,"CALUMET BANCORPORATION, INC.",0,3,0,244964,,Brillion,ONE,CB,US_Streets,,STATE,0,,0,26 East Main Street,118,65392,1133820,15,12331,44.177011,WI,4,CALL,0,Chicago,120542,Brillion Office Branch,1,,Calumet,COMMERCIAL LENDING,Central District,0,6/1/2016,0,4,,WI,1,Wisconsin,7,FDIC,Chicago,287076,,0,103 North Main Street,-88.064312,,CHILTON,55015,"Appleton-Oshkosh-Neenah, WI",Chilton,21,55015,,"Appleton, WI",State Bank of Chilton,Brillion,WI,2019_12331_4
53014,DIF,NM,United States,54169,STATE,11540,442955,Wisconsin,12/8/2004,2019,State Agency,11,55,M,9,11432,United States,"CALUMET BANCORPORATION, INC.",0,3,0,244964,,Sherwood,ONE,CB,US_Streets,,STATE,0,,0,26 East Main Street,118,21969,1133820,15,12331,44.175076,WI,4,CALL,0,Chicago,120542,Sherwood Office Branch,1,,Calumet,COMMERCIAL LENDING,Central District,0,6/1/2016,0,5,,WI,1,Wisconsin,7,FDIC,Chicago,287076,,0,W443 Veterans Avenue,-88.26194,,CHILTON,55015,"Appleton-Oshkosh-Neenah, WI",Chilton,21,55015,,"Appleton, WI",State Bank of Chilton,Sherwood,WI,2019_12331_5
54822,DIF,NM,United States,54822,STATE,0,7855,Wisconsin,1/1/1903,2019,State Agency,11,55,M,9,0,United States,"CAMERON BANCORP, INC.",0,3,106167,106167,,Cameron,ONE,CB,US_Streets,M,STATE,1,,0,101 West Main Street,0,43082,1516405,5,12349,45.408628,WI,8,CALL,0,Chicago,385350,Community Bank Of Cameron,0,,Barron,ALL OTHER < $1 BILLION,Central District,0,,0,0,,WI,1,Wisconsin,9,FDIC,Minneapolis,121101,,0,101 West Main Street,-91.736056,,CAMERON,55005,,Cameron,21,55005,,,Community Bank of Cameron,Cameron,WI,2019_12349_0
54822,DIF,NM,United States,54840,STATE,0,226866,Wisconsin,3/23/1998,2019,State Agency,11,55,M,9,0,United States,"CAMERON BANCORP, INC.",0,3,0,106167,,Grantsburg,ONE,CB,US_Streets,,STATE,0,,0,101 West Main Street,0,37501,1516405,13,12349,45.778896,WI,8,CALL,0,Chicago,385350,Grantsburg Branch,0,,Burnett,ALL OTHER < $1 BILLION,Central District,0,,0,1,,WI,1,Wisconsin,9,FDIC,Minneapolis,121101,,0,114 East Madison Avenue,-92.681977,,CAMERON,55005,,Cameron,21,55013,,,Community Bank of Cameron,Grantsburg,WI,2019_12349_1
54822,DIF,NM,United States,54872,STATE,0,428183,Wisconsin,9/15/2003,2019,State Agency,11,55,POINTADDRESS,9,0,United States,"CAMERON BANCORP, INC.",0,3,0,106167,,Siren,ONE,CB,100,,STATE,0,,0,101 West Main Street,0,19743,1516405,13,12349,45.784945,WI,8,CALL,0,Chicago,385350,Siren Branch,0,,Burnett,ALL OTHER < $1 BILLION,Central District,0,,0,3,,WI,1,Wisconsin,9,FDIC,Minneapolis,121101,,0,24006 State Road 35,-92.380861,,CAMERON,55005,,Cameron,21,55013,,,Community Bank of Cameron,Siren,WI,2019_12349_3
54822,DIF,NM,United States,54830,STATE,0,587682,Wisconsin,4/6/2017,2019,State Agency,11,55,POINTADDRESS,9,0,United States,"CAMERON BANCORP, INC.",0,3,0,106167,,Danbury,ONE,CB,100,,STATE,0,,0,101 West Main Street,0,5841,1516405,13,12349,46.006952,WI,8,CALL,0,Chicago,385350,Danbury Branch,0,,Burnett,ALL OTHER < $1 BILLION,Central District,0,,0,4,,WI,1,Wisconsin,9,FDIC,Minneapolis,121101,,0,7511 Main Street,-92.3692,,CAMERON,55005,,Cameron,21,55013,,,Community Bank of Cameron,Danbury,WI,2019_12349_4
53034,DIF,NM,United States,53034,STATE,0,7859,Wisconsin,1/6/1902,2019,State Agency,11,55,M,9,14162,United States,"HUSTISFORD COMMUNITY BANCORP., INC.",1,3,38223,38223,,Hustisford,ONE,CB,US_RoofTop,M,STATE,1,,0,200 South Lake Street,376,38223,2999854,27,12354,43.344683,WI,5,CALL,0,Chicago,467144,Hustisford State Bank,0,,Dodge,MORTGAGE LENDING,Central District,0,,1,0,,WI,1,Wisconsin,7,FDIC,Chicago,52782,,0,200 South Lake Street,-88.60064,,HUSTISFORD,55027,"Milwaukee-Racine-Waukesha, WI",Hustisford,21,55027,,,Hustisford State Bank,Hustisford,WI,2019_12354_0
54638,DIF,NM,United States,54638,STATE,0,7860,Wisconsin,9/11/1913,2019,State Agency,11,55,M,9,0,,,0,3,60098,60098,,Kendall,NONE,CB,US_Streets,M,STATE,1,,0,102 E S Railroad St,0,29718,0,81,12355,43.792572,WI,2,CALL,0,Chicago,472643,Farmers And Merchants Bank Of Kendall,0,,Monroe,AGRICULTURAL,Central District,0,,0,0,,WI,1,Wisconsin,7,FDIC,Chicago,72942,,0,102 E S Railroad St,-90.368426,,,55081,,Kendall,21,55081,,,Farmers and Merchants Bank of Kendall,Kendall,,2019_12355_0
54638,DIF,NM,United States,54637,STATE,0,226871,Wisconsin,2/22/1988,2019,State Agency,11,55,M,9,0,,,0,3,0,60098,,Hustler,NONE,CB,US_Zipcode,,STATE,0,,0,102 E S Railroad St,0,3627,0,57,12355,43.880486,WI,2,CALL,0,Chicago,472643,Hustler Branch,0,,Juneau,AGRICULTURAL,Central District,0,,0,1,,WI,1,Wisconsin,7,FDIC,Chicago,72942,,0,Main Street - P.O. Box 36,-90.272818,,,55081,,Kendall,21,55057,,,Farmers and Merchants Bank of Kendall,Hustler,,2019_12355_1
54638,DIF,NM,United States,54648,STATE,0,9502,Wisconsin,3/25/1933,2019,State Agency,11,55,PointAddress,9,0,,,0,3,0,60098,,Norwalk,NONE,CB,100,,STATE,0,,0,102 E S Railroad St,0,10027,0,81,12355,43.83225,WI,2,CALL,0,Chicago,472643,Norwalk Branch,0,,Monroe,AGRICULTURAL,Central District,0,6/7/2013,0,2,,WI,1,Wisconsin,7,FDIC,Chicago,72942,,0,108 Main St,-90.622121,,,55081,,Kendall,21,55081,,,Farmers and Merchants Bank of Kendall,Norwalk,,2019_12355_2
54638,DIF,NM,United States,54670,STATE,0,441046,Wisconsin,1/1/2005,2019,State Agency,11,55,M,9,0,,,0,3,0,60098,,Wilton,NONE,CB,US_Streets,,STATE,0,,0,102 E S Railroad St,0,16726,0,81,12355,43.814413,WI,2,CALL,0,Chicago,472643,Wilton Branch,0,,Monroe,AGRICULTURAL,Central District,0,6/7/2013,0,3,,WI,1,Wisconsin,7,FDIC,Chicago,72942,,0,406 Main Street,-90.528106,,,55081,,Kendall,21,55081,,,Farmers and Merchants Bank of Kendall,Wilton,,2019_12355_3
54755,DIF,NM,United States,54755,STATE,0,7959,Wisconsin,1/1/1900,2019,State Agency,11,55,M,9,11730,United States,"GEBSCO, INC.",0,3,151320,151320,,Mondovi,ONE,CB,US_Streets,M,STATE,1,,0,245 South Eau Claire Street,0,78497,1126082,11,12511,44.566193,WI,2,CALL,0,Chicago,21658,Alliance Bank,0,,Buffalo,AGRICULTURAL,Central District,0,,0,0,,WI,1,Wisconsin,9,FDIC,Minneapolis,180563,,0,245 South Eau Claire Street,-91.670552,,MONDOVI,55011,,Mondovi,21,55011,,,Alliance Bank,Mondovi,WI,2019_12511_0
54755,DIF,NM,United States,54743,STATE,0,207623,Wisconsin,8/12/1988,2019,State Agency,11,55,M,9,11730,United States,"GEBSCO, INC.",0,3,0,151320,,Gilmanton,ONE,CB,US_Zipcode,,STATE,0,,0,245 South Eau Claire Street,0,6607,1126082,11,12511,44.56877,WI,2,CALL,0,Chicago,21658,Gilmanton Branch,0,,Buffalo,AGRICULTURAL,Central District,0,8/12/1988,0,3,,WI,1,Wisconsin,9,FDIC,Minneapolis,180563,,0,S879 State Road 88,-91.671018,,MONDOVI,55011,,Mondovi,21,55011,,,Alliance Bank,Gilmanton,WI,2019_12511_3
54755,DIF,NM,United States,54758,STATE,0,227281,Wisconsin,7/1/1991,2019,State Agency,11,55,M,9,11730,United States,"GEBSCO, INC.",0,3,0,151320,,Osseo,ONE,CB,US_Streets,,STATE,0,,0,245 South Eau Claire Street,0,20121,1126082,121,12511,44.579435,WI,2,CALL,0,Chicago,21658,Osseo Branch,0,,Trempealeau,AGRICULTURAL,Central District,0,,0,4,,WI,1,Wisconsin,9,FDIC,Minneapolis,180563,,0,13806 10th St,-91.22824,,MONDOVI,55011,,Mondovi,21,55121,,,Alliance Bank,Osseo,WI,2019_12511_4
54755,DIF,NM,United States,54622,STATE,0,10138,Wisconsin,8/12/1942,2019,State Agency,11,55,M,9,11730,United States,"GEBSCO, INC.",0,3,0,151320,,Cochrane,ONE,CB,US_Streets,,STATE,0,,0,245 South Eau Claire Street,0,29395,1126082,11,12511,44.227233,WI,2,CALL,0,Chicago,21658,Cochrane Branch,0,,Buffalo,AGRICULTURAL,Central District,0,1/1/2003,0,5,,WI,1,Wisconsin,9,FDIC,Minneapolis,180563,,0,103 South Main Street,-91.835741,,MONDOVI,55011,,Mondovi,21,55011,,,Alliance Bank,Cochrane,WI,2019_12511_5
54755,DIF,NM,United States,54629,STATE,0,235802,Wisconsin,10/9/1984,2019,State Agency,11,55,M,9,11730,United States,"GEBSCO, INC.",0,3,0,151320,,Fountain City,ONE,CB,US_Streets,,STATE,0,,0,245 South Eau Claire Street,0,16700,1126082,11,12511,44.071337,WI,2,CALL,0,Chicago,21658,Bluff Siding Branch,0,,Buffalo,AGRICULTURAL,Central District,0,1/1/2003,0,6,,WI,1,Wisconsin,9,FDIC,Minneapolis,180563,,0,W418 Bluff Siding Road,-91.616736,,MONDOVI,55011,,Mondovi,21,55011,,,Alliance Bank,Fountain City,WI,2019_12511_6
54473,DIF,NM,United States,54473,STATE,0,7960,Wisconsin,1/1/1904,2019,State Agency,11,55,M,9,11834,United States,"ROSHOLT BANCORPORATION, INC.",0,3,72853,72853,,Rosholt,ONE,CB,US_Streets,M,STATE,1,,0,275 West Grand Avenue,554,31059,1210422,97,12512,44.627945,WI,4,CALL,0,Chicago,62147,Community First Bank,0,,Portage,COMMERCIAL LENDING,Central District,0,,1,0,,WI,1,Wisconsin,7,FDIC,Chicago,82542,,0,275 West Grand Avenue,-89.314319,,ROSHOLT,55097,"Wausau-Stevens Point-Wisconsin Rapids, WI",Rosholt,21,55097,,,Community First Bank,Rosholt,WI,2019_12512_0
54473,DIF,NM,United States,54429,STATE,48140,227282,Wisconsin,3/1/1934,2019,State Agency,11,55,STREETADDRESS,9,11834,United States,"ROSHOLT BANCORPORATION, INC.",0,3,0,72853,,Elderon,ONE,CB,100,,STATE,0,,0,275 West Grand Avenue,554,9873,1210422,73,12512,44.782427,WI,4,CALL,0,Chicago,62147,Elderon Branch,1,,Marathon,COMMERCIAL LENDING,Central District,0,,0,1,,WI,1,Wisconsin,7,FDIC,Chicago,82542,,0,211311 State Rd 49,-89.244541,,ROSHOLT,55097,"Wausau-Stevens Point-Wisconsin Rapids, WI",Rosholt,21,55073,,"Wausau-Weston, WI",Community First Bank,Elderon,WI,2019_12512_1
54473,DIF,NM,United States,54481,STATE,0,227285,Wisconsin,6/24/1994,2019,State Agency,11,55,M,9,11834,United States,"ROSHOLT BANCORPORATION, INC.",0,3,0,72853,,Stevens Point,ONE,CB,US_Streets,,STATE,0,,0,275 West Grand Avenue,554,31921,1210422,97,12512,44.523332,WI,4,CALL,0,Chicago,62147,Highway 10 Branch,0,,Portage,COMMERCIAL LENDING,Central District,0,,1,4,,WI,1,Wisconsin,7,FDIC,Chicago,82542,,0,5525 Highway 10 East,-89.512976,,ROSHOLT,55097,"Wausau-Stevens Point-Wisconsin Rapids, WI",Rosholt,21,55097,,,Community First Bank,Stevens Point,WI,2019_12512_4
54449,DIF,NM,United States,54449,STATE,0,7961,Wisconsin,6/13/1908,2019,State Agency,11,55,M,9,10502,United States,"STRATFORD BANCSHARES, INC.",0,3,170272,170272,,Marshfield,ONE,CB,US_STREETS,M,STATE,1,,0,907 North Central,554,55229,1138713,141,12513,44.675179,WI,4,CALL,0,Chicago,114149,Partners Bank Of Wisconsin,0,,Wood,COMMERCIAL LENDING,Central District,0,,1,0,,WI,1,Wisconsin,7,FDIC,Chicago,213588,,0,907 North Central,-90.167611,,STRATFORD,55141,"Wausau-Stevens Point-Wisconsin Rapids, WI",Marshfield,21,55141,,,Partners Bank of Wisconsin,Marshfield,WI,2019_12513_0
54449,DIF,NM,United States,54484,STATE,48140,9539,Wisconsin,12/11/1908,2019,State Agency,11,55,STREETADDRESS,9,10502,United States,"STRATFORD BANCSHARES, INC.",0,3,0,170272,,Stratford,ONE,CB,100,,STATE,0,,0,907 North Central,554,73991,1138713,73,12513,44.802966,WI,4,CALL,0,Chicago,114149,Stratford Branch,1,,Marathon,COMMERCIAL LENDING,Central District,0,6/17/2017,0,2,,WI,1,Wisconsin,7,FDIC,Chicago,213588,,0,213100 State Highway 97,-90.079159,,STRATFORD,55141,"Wausau-Stevens Point-Wisconsin Rapids, WI",Marshfield,21,55073,,"Wausau-Weston, WI",Partners Bank of Wisconsin,Stratford,WI,2019_12513_2
54449,DIF,NM,United States,54479,STATE,48140,589550,Wisconsin,6/17/2017,2019,State Agency,11,55,M,9,10502,United States,"STRATFORD BANCSHARES, INC.",0,3,0,170272,,Spencer,ONE,CB,US_Streets,,STATE,0,,0,907 North Central,554,41052,1138713,73,12513,44.757513,WI,4,CALL,0,Chicago,114149,Spencer Branch,1,,Marathon,COMMERCIAL LENDING,Central District,0,6/17/2017,0,3,,WI,1,Wisconsin,7,FDIC,Chicago,213588,,0,201 West Clark Street,-90.301517,,STRATFORD,55141,"Wausau-Stevens Point-Wisconsin Rapids, WI",Marshfield,21,55073,,"Wausau-Weston, WI",Partners Bank of Wisconsin,Spencer,WI,2019_12513_3
53036,DIF,NM,United States,53036,STATE,0,7962,Wisconsin,1/1/1918,2019,State Agency,11,55,T,9,12974,United States,"IXONIA BANCSHARES, INC.",0,3,315293,315293,,Ixonia,ONE,CB,US_Streets,M,STATE,1,,0,W 1046 Marietta Ave,376,104725,1247295,55,12514,43.14592,WI,4,CALL,0,Chicago,529341,Ixonia Bank,0,,Jefferson,COMMERCIAL LENDING,Central District,0,,1,0,,WI,1,Wisconsin,7,FDIC,Chicago,363019,,0,W 1046 Marietta Ave,-88.602674,,IXONIA,55055,"Milwaukee-Racine-Waukesha, WI",Ixonia,21,55055,,,Ixonia Bank,Ixonia,WI,2019_12514_0
53036,DIF,NM,United States,53094,STATE,0,227287,Wisconsin,12/26/1990,2019,State Agency,11,55,M,9,12974,United States,"IXONIA BANCSHARES, INC.",0,3,0,315293,,Watertown,ONE,CB,US_Streets,,STATE,0,,0,W 1046 Marietta Ave,376,56849,1247295,55,12514,43.192568,WI,4,CALL,0,Chicago,529341,Watertown Branch,0,,Jefferson,COMMERCIAL LENDING,Central District,0,,1,1,,WI,1,Wisconsin,7,FDIC,Chicago,363019,,0,109 Oakridge Court,-88.698449,,IXONIA,55055,"Milwaukee-Racine-Waukesha, WI",Ixonia,21,55055,,,Ixonia Bank,Watertown,WI,2019_12514_1
53036,DIF,NM,United States,53066,STATE,33340,227288,Wisconsin,12/19/1994,2019,State Agency,11,55,T,9,12974,United States,"IXONIA BANCSHARES, INC.",0,3,0,315293,,Oconomowoc,ONE,CB,US_Streets,,STATE,0,,0,W 1046 Marietta Ave,376,35318,1247295,133,12514,43.091941,WI,4,CALL,0,Chicago,529341,Oconomowoc Branch,1,,Waukesha,COMMERCIAL LENDING,Central District,0,,0,2,,WI,1,Wisconsin,7,FDIC,Chicago,363019,,0,1223 East Summit Avenue,-88.477265,,IXONIA,55055,"Milwaukee-Racine-Waukesha, WI",Ixonia,21,55133,,"Milwaukee-Waukesha, WI",Ixonia Bank,Oconomowoc,WI,2019_12514_2
53036,DIF,NM,United States,53094,STATE,0,227289,Wisconsin,1/31/1997,2019,State Agency,11,55,M,9,12974,United States,"IXONIA BANCSHARES, INC.",0,3,0,315293,,Watertown,ONE,CB,US_Streets,,STATE,0,,0,W 1046 Marietta Ave,376,55467,1247295,55,12514,43.174083,WI,4,CALL,0,Chicago,529341,Church Street Branch,0,,Jefferson,COMMERCIAL LENDING,Central District,0,,1,3,,WI,1,Wisconsin,7,FDIC,Chicago,363019,,0,1725 South Church Street,-88.731855,,IXONIA,55055,"Milwaukee-Racine-Waukesha, WI",Ixonia,21,55055,,,Ixonia Bank,Watertown,WI,2019_12514_3
53036,DIF,NM,United States,53118,STATE,33340,358965,Wisconsin,12/18/2000,2019,State Agency,11,55,M,9,12974,United States,"IXONIA BANCSHARES, INC.",0,3,0,315293,,Dousman,ONE,CB,US_RoofTop,,STATE,0,,0,W 1046 Marietta Ave,376,29979,1247295,133,12514,43.024008,WI,4,CALL,0,Chicago,529341,Dousman Branch,1,,Waukesha,COMMERCIAL LENDING,Central District,0,,0,4,,WI,1,Wisconsin,7,FDIC,Chicago,363019,,0,491 North Main Street,-88.472391,,IXONIA,55055,"Milwaukee-Racine-Waukesha, WI",Ixonia,21,55133,,"Milwaukee-Waukesha, WI",Ixonia Bank,Dousman,WI,2019_12514_4
53036,DIF,NM,United States,53029,STATE,33340,489600,Wisconsin,11/1/2008,2019,State Agency,11,55,M,9,12974,United States,"IXONIA BANCSHARES, INC.",0,3,0,315293,,Hartland,ONE,CB,US_Zipcode,,STATE,0,,0,W 1046 Marietta Ave,376,14760,1247295,133,12514,43.14402,WI,4,CALL,0,Chicago,529341,Hartland Branch,1,,Waukesha,COMMERCIAL LENDING,Central District,0,,0,7,,WI,1,Wisconsin,7,FDIC,Chicago,363019,,0,"Village Square Drive, 3201 Village Square Drive",-88.344959,,IXONIA,55055,"Milwaukee-Racine-Waukesha, WI",Ixonia,21,55133,,"Milwaukee-Waukesha, WI",Ixonia Bank,Hartland,WI,2019_12514_7
53036,DIF,NM,United States,53066,STATE,0,595724,Wisconsin,1/16/2018,2019,State Agency,11,55,StreetAddress,9,12974,United States,"IXONIA BANCSHARES, INC.",0,3,0,315293,,Oconomowoc,ONE,CB,100,,STATE,0,,0,W 1046 Marietta Ave,376,18195,1247295,55,12514,43.111901,WI,4,CALL,0,Chicago,529341,Ixonia Bank-Lakes Plaza Branch,0,,Jefferson,COMMERCIAL LENDING,Central District,0,,1,8,,WI,1,Wisconsin,7,FDIC,Chicago,363019,,0,W359n5002 Brown Street,-88.461235,,IXONIA,55055,"Milwaukee-Racine-Waukesha, WI",Ixonia,21,55055,,,Ixonia Bank,Oconomowoc,WI,2019_12514_8
53066,DIF,NM,United States,53066,STATE,33340,7965,Wisconsin,09/01/1859,2019,State Agency,11,55,EXACT,9,12624,United States,"OCONOMOWOC BANCSHARES, INC.",0,3,938760,938760,,Oconomowoc,ONE,CB,100,M,STATE,1,,0,155 West Wisconsin Avenue,376,306314,2320618,133,12517,43.111402,WI,4,CALL,0,Chicago,806846,First Bank Financial Centre,1,,Waukesha,COMMERCIAL LENDING,Central District,0,,0,0,,WI,1,Wisconsin,7,FDIC,Chicago,1197814,,0,155 West Wisconsin Avenue,-88.50082,,OCONOMOWOC,55133,"Milwaukee-Racine-Waukesha, WI",Oconomowoc,21,55133,,"Milwaukee-Waukesha, WI",First Bank Financial Centre,Oconomowoc,WI,2019_12517_0
53066,DIF,NM,United States,53051,STATE,33340,479127,Wisconsin,4/14/2008,2019,State Agency,11,55,POINTADDRESS,9,12624,United States,"OCONOMOWOC BANCSHARES, INC.",0,3,0,938760,,Menomonee Falls,ONE,CB,99.75,,STATE,0,,0,155 West Wisconsin Avenue,376,26879,2320618,133,12517,43.119257,WI,4,CALL,0,Chicago,806846,Menomonee Falls Branch,1,,Waukesha,COMMERCIAL LENDING,Central District,0,,0,10,,WI,1,Wisconsin,7,FDIC,Chicago,1197814,,0,N56 W14044 Silver Spring Drive Suite 100,-88.086003,,OCONOMOWOC,55133,"Milwaukee-Racine-Waukesha, WI",Oconomowoc,21,55133,,"Milwaukee-Waukesha, WI",First Bank Financial Centre,Menomonee Falls,WI,2019_12517_10
53066,DIF,NM,United States,53005,STATE,33340,269381,Wisconsin,1/1/1927,2019,State Agency,11,55,M,9,12624,United States,"OCONOMOWOC BANCSHARES, INC.",0,3,0,938760,,Brookfield,ONE,CB,US_RoofTop,,STATE,0,,0,155 West Wisconsin Avenue,376,73694,2320618,133,12517,43.090467,WI,4,CALL,0,Chicago,806846,Brookfield Branch,1,,Waukesha,COMMERCIAL LENDING,Central District,0,6/18/2012,0,14,,WI,1,Wisconsin,7,FDIC,Chicago,1197814,,0,18815 West Capitol Drive,-88.146539,,OCONOMOWOC,55133,"Milwaukee-Racine-Waukesha, WI",Oconomowoc,21,55133,,"Milwaukee-Waukesha, WI",First Bank Financial Centre,Brookfield,WI,2019_12517_14
53066,DIF,NM,United States,53092,STATE,33340,440172,Wisconsin,5/2/2005,2019,State Agency,11,55,M,9,12624,United States,"OCONOMOWOC BANCSHARES, INC.",0,3,0,938760,,Mequon,ONE,CB,US_Streets,,STATE,0,,0,155 West Wisconsin Avenue,376,45317,2320618,89,12517,43.231146,WI,4,CALL,0,Chicago,806846,Mequon Branch,1,,Ozaukee,COMMERCIAL LENDING,Central District,0,6/18/2012,0,15,,WI,1,Wisconsin,7,FDIC,Chicago,1197814,,0,11715 North Port Washington Road,-87.924134,,OCONOMOWOC,55133,"Milwaukee-Racine-Waukesha, WI",Oconomowoc,21,55089,,"Milwaukee-Waukesha, WI",First Bank Financial Centre,Mequon,WI,2019_12517_15
53066,DIF,NM,United States,53024,STATE,33340,535354,Wisconsin,12/3/2012,2019,State Agency,11,55,M,9,12624,United States,"OCONOMOWOC BANCSHARES, INC.",0,3,0,938760,,Grafton,ONE,CB,100,,STATE,0,,0,155 West Wisconsin Avenue,376,31363,2320618,89,12517,43.320377,WI,4,CALL,0,Chicago,806846,Grafton Wi Branch,1,,Ozaukee,COMMERCIAL LENDING,Central District,0,,0,16,,WI,1,Wisconsin,7,FDIC,Chicago,1197814,,0,2300 Washington Street,-87.933294,,OCONOMOWOC,55133,"Milwaukee-Racine-Waukesha, WI",Oconomowoc,21,55089,,"Milwaukee-Waukesha, WI",First Bank Financial Centre,Grafton,WI,2019_12517_16
53066,DIF,NM,United States,53217,STATE,33340,581982,Wisconsin,1/19/2016,2019,State Agency,11,55,PointAddress,9,12624,United States,"OCONOMOWOC BANCSHARES, INC.",0,3,0,938760,,Milwaukee,ONE,CB,100,,STATE,0,,0,155 West Wisconsin Avenue,376,12416,2320618,79,12517,43.117281,WI,4,CALL,0,Chicago,806846,Glendale Branch,1,,Milwaukee,COMMERCIAL LENDING,Central District,0,,0,18,,WI,1,Wisconsin,7,FDIC,Chicago,1197814,,0,5555 N Port Washington Rd,-87.916758,,OCONOMOWOC,55133,"Milwaukee-Racine-Waukesha, WI",Oconomowoc,21,55079,,"Milwaukee-Waukesha, WI",First Bank Financial Centre,Glendale,WI,2019_12517_18
53066,DIF,NM,United States,53202,STATE,33340,581983,Wisconsin,9/9/2015,2019,State Agency,23,55,PointAddress,9,12624,United States,"OCONOMOWOC BANCSHARES, INC.",0,3,0,938760,,Milwaukee,ONE,CB,100,,STATE,0,,0,155 West Wisconsin Avenue,376,2237,2320618,79,12517,43.038777,WI,4,CALL,0,Chicago,806846,Milwaukee Branch,1,,Milwaukee,COMMERCIAL LENDING,Central District,0,,0,19,,WI,1,Wisconsin,7,FDIC,Chicago,1197814,,0,400 E Wisconsin Avenue,-87.906242,,OCONOMOWOC,55133,"Milwaukee-Racine-Waukesha, WI",Oconomowoc,21,55079,,"Milwaukee-Waukesha, WI",First Bank Financial Centre,Milwaukee,WI,2019_12517_19
53066,DIF,NM,United States,53066,STATE,33340,227296,Wisconsin,11/18/1994,2019,State Agency,11,55,M,9,12624,United States,"OCONOMOWOC BANCSHARES, INC.",0,3,0,938760,,Oconomowoc,ONE,CB,US_Zipcode,,STATE,0,,0,155 West Wisconsin Avenue,376,82952,2320618,133,12517,43.11738,WI,4,CALL,0,Chicago,806846,Brown Street Branch,1,,Waukesha,COMMERCIAL LENDING,Central District,0,,0,2,,WI,1,Wisconsin,7,FDIC,Chicago,1197814,,0,W359 N5900 Brown Street,-88.489408,,OCONOMOWOC,55133,"Milwaukee-Racine-Waukesha, WI",Oconomowoc,21,55133,,"Milwaukee-Waukesha, WI",First Bank Financial Centre,Oconomowoc,WI,2019_12517_2
53066,DIF,NM,United States,53005,STATE,33340,591431,Wisconsin,7/30/2014,2019,State Agency,11,55,STREETADDRESS,9,12624,United States,"OCONOMOWOC BANCSHARES, INC.",0,3,0,938760,,Brookfield,ONE,CB,99.55,,STATE,0,,0,155 West Wisconsin Avenue,376,29208,2320618,133,12517,43.060155,WI,4,CALL,0,Chicago,806846,East Brookfield,1,,Waukesha,COMMERCIAL LENDING,Central District,0,,0,20,,WI,1,Wisconsin,7,FDIC,Chicago,1197814,,0,12600 North Avenue,-88.069118,,OCONOMOWOC,55133,"Milwaukee-Racine-Waukesha, WI",Oconomowoc,21,55133,,"Milwaukee-Waukesha, WI",First Bank Financial Centre,Brookfield,WI,2019_12517_20
53066,DIF,NM,United States,53029,STATE,33340,227297,Wisconsin,12/23/1996,2019,State Agency,11,55,M,9,12624,United States,"OCONOMOWOC BANCSHARES, INC.",0,3,0,938760,,Hartland,ONE,CB,US_RoofTop,,STATE,0,,0,155 West Wisconsin Avenue,376,84791,2320618,133,12517,43.093836,WI,4,CALL,0,Chicago,806846,Hartland Branch,1,,Waukesha,COMMERCIAL LENDING,Central District,0,,0,3,,WI,1,Wisconsin,7,FDIC,Chicago,1197814,,0,800 Cardinal Lane,-88.360468,,OCONOMOWOC,55133,"Milwaukee-Racine-Waukesha, WI",Oconomowoc,21,55133,,"Milwaukee-Waukesha, WI",First Bank Financial Centre,Hartland,WI,2019_12517_3
53066,DIF,NM,United States,53066,STATE,33340,227299,Wisconsin,10/7/1996,2019,State Agency,29,55,PointAddress,9,12624,United States,"OCONOMOWOC BANCSHARES, INC.",0,3,0,938760,,Oconomowoc,ONE,CB,100,N,STATE,0,,0,155 West Wisconsin Avenue,376,0,2320618,133,12517,43.12074,WI,4,CALL,0,Chicago,806846,Shorehaven Branch,1,,Waukesha,COMMERCIAL LENDING,Central District,0,,0,5,,WI,1,Wisconsin,7,FDIC,Chicago,1197814,,0,1306 W Wisconsin Av,-88.520721,,OCONOMOWOC,55133,"Milwaukee-Racine-Waukesha, WI",Oconomowoc,21,55133,,"Milwaukee-Waukesha, WI",First Bank Financial Centre,Oconomowoc,WI,2019_12517_5
53066,DIF,NM,United States,53022,STATE,33340,227300,Wisconsin,12/13/1999,2019,State Agency,11,55,M,9,12624,United States,"OCONOMOWOC BANCSHARES, INC.",0,3,0,938760,,Germantown,ONE,CB,US_Zipcode,,STATE,0,,0,155 West Wisconsin Avenue,376,86184,2320618,131,12517,43.231016,WI,4,CALL,0,Chicago,806846,Germantown Branch,1,,Washington,COMMERCIAL LENDING,Central District,0,,0,6,,WI,1,Wisconsin,7,FDIC,Chicago,1197814,,0,N112 W17100 Mequon Road,-88.111702,,OCONOMOWOC,55133,"Milwaukee-Racine-Waukesha, WI",Oconomowoc,21,55131,,"Milwaukee-Waukesha, WI",First Bank Financial Centre,Germantown,WI,2019_12517_6
53066,DIF,NM,United States,53027,STATE,33340,357185,Wisconsin,12/9/1998,2019,State Agency,11,55,M,9,12624,United States,"OCONOMOWOC BANCSHARES, INC.",0,3,0,938760,,Hartford,ONE,CB,US_RoofTop,,STATE,0,,0,155 West Wisconsin Avenue,376,51732,2320618,131,12517,43.31644,WI,4,CALL,0,Chicago,806846,Hartford Branch,1,,Washington,COMMERCIAL LENDING,Central District,0,,0,7,,WI,1,Wisconsin,7,FDIC,Chicago,1197814,,0,940 Bell Avenue,-88.364502,,OCONOMOWOC,55133,"Milwaukee-Racine-Waukesha, WI",Oconomowoc,21,55131,,"Milwaukee-Waukesha, WI",First Bank Financial Centre,Hartford,WI,2019_12517_7
53066,DIF,NM,United States,53095,STATE,33340,365854,Wisconsin,11/4/2002,2019,State Agency,11,55,M,9,12624,United States,"OCONOMOWOC BANCSHARES, INC.",0,3,0,938760,,West Bend,ONE,CB,US_RoofTop,,STATE,0,,0,155 West Wisconsin Avenue,376,64743,2320618,131,12517,43.426992,WI,4,CALL,0,Chicago,806846,West Bend Branch,1,,Washington,COMMERCIAL LENDING,Central District,0,,0,8,,WI,1,Wisconsin,7,FDIC,Chicago,1197814,,0,1811 West Washington Avenue,-88.20154,,OCONOMOWOC,55133,"Milwaukee-Racine-Waukesha, WI",Oconomowoc,21,55131,,"Milwaukee-Waukesha, WI",First Bank Financial Centre,West Bend,WI,2019_12517_8
53066,DIF,NM,United States,53066,STATE,33340,437201,Wisconsin,2/1/2005,2019,State Agency,11,55,M,9,12624,United States,"OCONOMOWOC BANCSHARES, INC.",0,3,0,938760,,Oconomowoc,ONE,CB,US_Streets,,STATE,0,,0,155 West Wisconsin Avenue,376,40930,2320618,133,12517,43.090667,WI,4,CALL,0,Chicago,806846,Summit Avenue Branch,1,,Waukesha,COMMERCIAL LENDING,Central District,0,,0,9,,WI,1,Wisconsin,7,FDIC,Chicago,1197814,,0,"1300 Summit Avenue, Suite 100",-88.47469,,OCONOMOWOC,55133,"Milwaukee-Racine-Waukesha, WI",Oconomowoc,21,55133,,"Milwaukee-Waukesha, WI",First Bank Financial Centre,Oconomowoc,WI,2019_12517_9
54126,DIF,NM,United States,54126,STATE,24580,8035,Wisconsin,1/1/1913,2019,State Agency,11,55,EXACT,9,13016,United States,"G. W. BANCORP., INC.",0,3,84466,84466,,Greenleaf,ONE,CB,100,M,STATE,1,,0,1608 Day Street,267,70624,1205754,9,12661,44.313165,WI,4,CALL,0,Chicago,675248,Greenleaf Wayside Bank,1,,Brown,COMMERCIAL LENDING,Central District,0,,0,0,,WI,1,Wisconsin,7,FDIC,Chicago,94963,,0,1608 Day Street,-88.096658,,GREENLEAF,55009,"Green Bay-Shawano, WI",Greenleaf,21,55009,,"Green Bay, WI",Greenleaf Wayside Bank,Greenleaf,WI,2019_12661_0
54126,DIF,NM,United States,54180,STATE,24580,425206,Wisconsin,2/9/2004,2019,State Agency,11,55,M,9,13016,United States,"G. W. BANCORP., INC.",0,3,0,84466,,Wrightstown,ONE,CB,US_Streets,,STATE,0,,0,1608 Day Street,267,13842,1205754,9,12661,44.328081,WI,4,CALL,0,Chicago,675248,Wrightstown Branch,1,,Brown,COMMERCIAL LENDING,Central District,0,,0,2,,WI,1,Wisconsin,7,FDIC,Chicago,94963,,0,1165 Broadway Street,-88.185848,,GREENLEAF,55009,"Green Bay-Shawano, WI",Greenleaf,21,55009,,"Green Bay, WI",Greenleaf Wayside Bank,Wrightstown,WI,2019_12661_2
54935,DIF,NM,United States,54935,STATE,22540,8094,Wisconsin,1/1/1907,2019,State Agency,11,55,M,9,13928,United States,"HOMETOWN BANCORP, LTD.",0,3,393567,393567,,Fond Du Lac,ONE,CB,US_RoofTop,M,STATE,1,,0,80 Sheboygan Street,0,64903,2628453,39,12781,43.777831,WI,4,CALL,0,Chicago,63742,Hometown Bank,1,,Fond du Lac,COMMERCIAL LENDING,Central District,0,,0,0,,WI,1,Wisconsin,7,FDIC,Chicago,475587,,0,80 Sheboygan Street,-88.443737,,FOND DU LAC,55039,,Fond Du Lac,21,55039,,"Fond du Lac, WI",Hometown Bank,Fond Du Lac,WI,2019_12781_0
54935,DIF,NM,United States,53079,STATE,22540,490143,Wisconsin,5/1/2009,2019,State Agency,11,55,M,9,13928,United States,"HOMETOWN BANCORP, LTD.",0,3,0,393567,,Saint Cloud,ONE,CB,US_RoofTop,,STATE,0,,0,80 Sheboygan Street,0,37822,2628453,39,12781,43.823409,WI,4,CALL,0,Chicago,63742,St. Cloud Branch,1,,Fond du Lac,COMMERCIAL LENDING,Central District,0,,0,12,,WI,1,Wisconsin,7,FDIC,Chicago,475587,,0,1200 Main Street,-88.166583,,FOND DU LAC,55039,,Fond Du Lac,21,55039,,"Fond du Lac, WI",Hometown Bank,Saint Cloud,WI,2019_12781_12
54935,DIF,NM,United States,54960,STATE,0,9553,Wisconsin,5/4/1908,2019,State Agency,11,55,M,9,13928,United States,"HOMETOWN BANCORP, LTD.",0,3,0,393567,,Neshkoro,ONE,CB,US_Streets,,STATE,0,,0,80 Sheboygan Street,0,27689,2628453,77,12781,43.969074,WI,4,CALL,0,Chicago,63742,Neshkoro Branch,0,,Marquette,COMMERCIAL LENDING,Central District,0,2/20/2016,0,13,,WI,1,Wisconsin,7,FDIC,Chicago,475587,,0,846 North Main Street,-89.218624,,FOND DU LAC,55039,,Fond Du Lac,21,55077,,,Hometown Bank,Neshkoro,WI,2019_12781_13
54935,DIF,NM,United States,54970,STATE,0,340730,Wisconsin,4/3/2000,2019,State Agency,11,55,M,9,13928,United States,"HOMETOWN BANCORP, LTD.",0,3,0,393567,,Redgranite,ONE,CB,US_Streets,,STATE,0,,0,80 Sheboygan Street,0,13561,2628453,137,12781,44.044074,WI,4,CALL,0,Chicago,63742,Redgranite Branch,0,,Waushara,COMMERCIAL LENDING,Central District,0,2/20/2016,0,14,,WI,1,Wisconsin,7,FDIC,Chicago,475587,,0,300 East Bannerman Avenue,-89.10367,,FOND DU LAC,55039,,Fond Du Lac,21,55137,,,Hometown Bank,Redgranite,WI,2019_12781_14
54935,DIF,NM,United States,53955,STATE,31540,7416,Wisconsin,01/01/1894,2019,State Agency,11,55,M,9,13928,United States,"HOMETOWN BANCORP, LTD.",0,3,0,393567,,Poynette,ONE,CB,US_Streets,,STATE,0,,0,80 Sheboygan Street,357,66246,2628453,21,12781,43.38883,WI,4,CALL,0,Chicago,63742,United Community Bank Branch,1,,Columbia,COMMERCIAL LENDING,Central District,0,1/25/2019,0,16,,WI,1,Wisconsin,7,FDIC,Chicago,475587,,0,105 South Main Street,-89.402656,,FOND DU LAC,55039,"Madison-Janesville-Beloit, WI",Fond Du Lac,21,55021,,"Madison, WI",Hometown Bank,Poynette,WI,2019_12781_16
54935,DIF,NM,United States,53555,STATE,31540,225243,Wisconsin,6/28/1993,2019,State Agency,11,55,StreetName,9,13928,United States,"HOMETOWN BANCORP, LTD.",0,3,0,393567,,Lodi,ONE,CB,89.82,,STATE,0,,0,80 Sheboygan Street,357,7888,2628453,21,12781,43.379718,WI,4,CALL,0,Chicago,63742,Lodi Branch,1,,Columbia,COMMERCIAL LENDING,Central District,0,1/25/2019,0,17,,WI,1,Wisconsin,7,FDIC,Chicago,475587,,0,10901 West Lake Point Drive,-89.550035,,FOND DU LAC,55039,"Madison-Janesville-Beloit, WI",Fond Du Lac,21,55021,,"Madison, WI",Hometown Bank,Lodi,WI,2019_12781_17
54935,DIF,NM,United States,53954,STATE,31540,364349,Wisconsin,7/1/2002,2019,State Agency,11,55,M,9,13928,United States,"HOMETOWN BANCORP, LTD.",0,3,0,393567,,Pardeeville,ONE,CB,US_Streets,,STATE,0,,0,80 Sheboygan Street,357,31326,2628453,21,12781,43.527099,WI,4,CALL,0,Chicago,63742,Pardeeville Branch,1,,Columbia,COMMERCIAL LENDING,Central District,0,1/25/2019,0,18,,WI,1,Wisconsin,7,FDIC,Chicago,475587,,0,512 South Main Street,-89.303444,,FOND DU LAC,55039,"Madison-Janesville-Beloit, WI",Fond Du Lac,21,55021,,"Madison, WI",Hometown Bank,Pardeeville,WI,2019_12781_18
54935,DIF,NM,United States,53523,STATE,31540,9277,Wisconsin,01/01/1892,2019,State Agency,11,55,M,9,13928,United States,"HOMETOWN BANCORP, LTD.",0,3,0,393567,,Cambridge,ONE,CB,US_RoofTop,,STATE,0,,0,80 Sheboygan Street,357,45399,2628453,25,12781,43.003717,WI,4,CALL,0,Chicago,63742,Cambridge State Bank Branch,1,,Dane,COMMERCIAL LENDING,Central District,0,1/25/2019,0,19,,WI,1,Wisconsin,7,FDIC,Chicago,475587,,0,221 West Main Street,-89.017323,,FOND DU LAC,55039,"Madison-Janesville-Beloit, WI",Fond Du Lac,21,55025,,"Madison, WI",Hometown Bank,Cambridge,WI,2019_12781_19
54935,DIF,NM,United States,54935,STATE,22540,227872,Wisconsin,10/22/1999,2019,State Agency,11,55,M,9,13928,United States,"HOMETOWN BANCORP, LTD.",0,3,0,393567,,Fond Du Lac,ONE,CB,US_RoofTop,,STATE,0,,0,80 Sheboygan Street,0,45410,2628453,39,12781,43.785397,WI,4,CALL,0,Chicago,63742,Fond Du Lac Branch,1,,Fond du Lac,COMMERCIAL LENDING,Central District,0,,0,2,,WI,1,Wisconsin,7,FDIC,Chicago,475587,,0,245 North Peters Avenue,-88.472931,,FOND DU LAC,55039,,Fond Du Lac,21,55039,,"Fond du Lac, WI",Hometown Bank,Fond Du Lac,WI,2019_12781_2
54935,DIF,NM,United States,54982,STATE,0,360455,Wisconsin,6/25/2001,2019,State Agency,11,55,M,9,13928,United States,"HOMETOWN BANCORP, LTD.",0,3,0,393567,,Wautoma,ONE,CB,US_Zipcode,,STATE,0,,0,80 Sheboygan Street,0,33247,2628453,137,12781,44.07093,WI,4,CALL,0,Chicago,63742,Wautoma Branch,0,,Waushara,COMMERCIAL LENDING,Central District,0,,0,4,,WI,1,Wisconsin,7,FDIC,Chicago,475587,,0,105 Plaza Road,-89.289217,,FOND DU LAC,55039,,Fond Du Lac,21,55137,,,Hometown Bank,Wautoma,WI,2019_12781_4
54935,DIF,NM,United States,54914,STATE,11540,365440,Wisconsin,10/24/2002,2019,State Agency,11,55,M,9,13928,United States,"HOMETOWN BANCORP, LTD.",0,3,0,393567,,Appleton,ONE,CB,US_Streets,,STATE,0,,0,80 Sheboygan Street,118,20076,2628453,87,12781,44.253545,WI,4,CALL,0,Chicago,63742,Appleton Branch,1,,Outagamie,COMMERCIAL LENDING,Central District,0,,0,6,,WI,1,Wisconsin,7,FDIC,Chicago,475587,,0,4190 Boardwalk Court,-88.469101,,FOND DU LAC,55039,"Appleton-Oshkosh-Neenah, WI",Fond Du Lac,21,55087,,"Appleton, WI",Hometown Bank,Appleton,WI,2019_12781_6
53913,DIF,SM,United States,53913,STATE,0,8101,Wisconsin,07/01/1857,2019,State Agency,11,55,M,9,12050,United States,"BARABOO BANCORPORATION, INC., THE",0,9,324110,324110,,Baraboo,ONE,CB,US_Streets,M,STATE,1,,0,101 Third Avenue,357,197853,1209248,111,12788,43.469832,WI,4,CALL,0,Chicago,24949,Baraboo State Bank,0,,Sauk,COMMERCIAL LENDING,Other,0,,1,0,,WI,1,Wisconsin,7,FED,Chicago,370864,,0,101 Third Avenue,-89.742531,,BARABOO,55111,"Madison-Janesville-Beloit, WI",Baraboo,13,55111,,,Baraboo State Bank,Baraboo,WI,2019_12788_0
53913,DIF,SM,United States,53913,STATE,0,227880,Wisconsin,9/17/1973,2019,State Agency,23,55,M,9,12050,United States,"BARABOO BANCORPORATION, INC., THE",0,9,0,324110,,Baraboo,ONE,CB,US_Streets,C,STATE,0,0,0,101 Third Avenue,357,0,1209248,111,12788,43.468939,WI,4,CALL,0,Chicago,24949,Paying And Receiving Station Branch,0,,Sauk,COMMERCIAL LENDING,Other,0,,1,1,,WI,1,Wisconsin,7,FED,Chicago,370864,,0,113 Second Avenue,-89.742759,,BARABOO,55111,"Madison-Janesville-Beloit, WI",Baraboo,13,55111,,,Baraboo State Bank,Baraboo,WI,2019_12788_1
53913,DIF,SM,United States,53913,STATE,0,227881,Wisconsin,5/22/1986,2019,State Agency,23,55,M,9,12050,United States,"BARABOO BANCORPORATION, INC., THE",0,9,0,324110,,Baraboo,ONE,CB,US_Streets,C,STATE,0,0,0,101 Third Avenue,357,0,1209248,111,12788,43.474733,WI,4,CALL,0,Chicago,24949,East Side Branch,0,,Sauk,COMMERCIAL LENDING,Other,0,,1,3,,WI,1,Wisconsin,7,FED,Chicago,370864,,0,1120 Eighth Street,-89.724366,,BARABOO,55111,"Madison-Janesville-Beloit, WI",Baraboo,13,55111,,,Baraboo State Bank,Baraboo,WI,2019_12788_3
53913,DIF,SM,United States,53913,STATE,0,227882,Wisconsin,8/29/1991,2019,State Agency,23,55,M,9,12050,United States,"BARABOO BANCORPORATION, INC., THE",0,9,0,324110,,Baraboo,ONE,CB,US_Streets,C,STATE,0,0,0,101 Third Avenue,357,0,1209248,111,12788,43.472935,WI,4,CALL,0,Chicago,24949,West Baraboo Branch,0,,Sauk,COMMERCIAL LENDING,Other,0,,1,4,,WI,1,Wisconsin,7,FED,Chicago,370864,,0,400 West Pine Street,-89.768754,,BARABOO,55111,"Madison-Janesville-Beloit, WI",Baraboo,13,55111,,,Baraboo State Bank,West Baraboo,WI,2019_12788_4
53913,DIF,SM,United States,53940,STATE,0,227883,Wisconsin,2/17/1992,2019,State Agency,11,55,M,9,12050,United States,"BARABOO BANCORPORATION, INC., THE",0,9,0,324110,,Lake Delton,ONE,CB,US_Streets,,STATE,0,,0,101 Third Avenue,357,32284,1209248,111,12788,43.589298,WI,4,CALL,0,Chicago,24949,Lake Delton Branch,0,,Sauk,COMMERCIAL LENDING,Other,0,,1,5,,WI,1,Wisconsin,7,FED,Chicago,370864,,0,41 West Munroe Avenue,-89.795228,,BARABOO,55111,"Madison-Janesville-Beloit, WI",Baraboo,13,55111,,,Baraboo State Bank,Lake Delton,WI,2019_12788_5
53913,DIF,SM,United States,53913,STATE,0,362220,Wisconsin,3/23/2001,2019,State Agency,12,55,T,9,12050,United States,"BARABOO BANCORPORATION, INC., THE",0,9,0,324110,,Baraboo,ONE,CB,US_Streets,,STATE,0,,0,101 Third Avenue,357,1970,1209248,111,12788,43.481901,WI,4,CALL,0,Chicago,24949,Southwest Branch,0,,Sauk,COMMERCIAL LENDING,Other,0,,1,6,,WI,1,Wisconsin,7,FED,Chicago,370864,,0,920 Hwy 12,-89.770663,,BARABOO,55111,"Madison-Janesville-Beloit, WI",Baraboo,13,55111,,,Baraboo State Bank,Baraboo,WI,2019_12788_6
53913,DIF,SM,United States,53959,STATE,0,431406,Wisconsin,6/30/2004,2019,State Agency,11,55,M,9,12050,United States,"BARABOO BANCORPORATION, INC., THE",0,9,0,324110,,Reedsburg,ONE,CB,US_Streets,,STATE,0,,0,101 Third Avenue,357,54798,1209248,111,12788,43.533254,WI,4,CALL,0,Chicago,24949,Reedsburg Branch,0,,Sauk,COMMERCIAL LENDING,Other,0,,1,8,,WI,1,Wisconsin,7,FED,Chicago,370864,,0,130 Viking Drive,-89.984568,,BARABOO,55111,"Madison-Janesville-Beloit, WI",Baraboo,13,55111,,,Baraboo State Bank,Reedsburg,WI,2019_12788_8
53913,DIF,SM,United States,53901,STATE,31540,431407,Wisconsin,6/30/2004,2019,State Agency,11,55,M,9,12050,United States,"BARABOO BANCORPORATION, INC., THE",0,9,0,324110,,Portage,ONE,CB,US_Streets,,STATE,0,,0,101 Third Avenue,357,37205,1209248,21,12788,43.567458,WI,4,CALL,0,Chicago,24949,Portage Branch,1,,Columbia,COMMERCIAL LENDING,Other,0,,0,9,,WI,1,Wisconsin,7,FED,Chicago,370864,,0,2830 New Pinery Road,-89.469366,,BARABOO,55111,"Madison-Janesville-Beloit, WI",Baraboo,13,55021,,"Madison, WI",Baraboo State Bank,Portage,WI,2019_12788_9
53821,DIF,NM,United States,53821,STATE,0,8116,Wisconsin,1/22/1915,2019,State Agency,11,55,M,9,10276,United States,"PEOPLES BANCORP, INC.",0,3,627694,627694,,Prairie Du Chien,ONE,CB,US_Streets,"M,E",STATE,1,,0,301 E Blackhawk Ave,0,233039,1209499,23,12814,43.051854,WI,2,CALL,0,Chicago,262844,Peoples State Bank,0,,Crawford,AGRICULTURAL,Central District,0,,0,0,,WI,1,Wisconsin,7,FDIC,Chicago,779325,,0,301 E Blackhawk Ave,-91.143435,,PRAIRIE DU CHIEN,55023,,Prairie Du Chien,21,55023,,,Peoples State Bank,Prairie Du Chien,WI,2019_12814_0
53821,DIF,NM,United States,53810,STATE,0,227908,Wisconsin,8/28/1934,2019,State Agency,11,55,M,9,10276,United States,"PEOPLES BANCORP, INC.",0,3,0,627694,,Glen Haven,ONE,CB,US_Streets,E,STATE,0,,0,301 E Blackhawk Ave,0,9239,1209499,43,12814,42.813792,WI,2,CALL,0,Chicago,262844,Glen Haven Branch,0,,Grant,AGRICULTURAL,Central District,0,,1,1,,WI,1,Wisconsin,7,FDIC,Chicago,779325,,0,13207 Main St,-90.966175,,PRAIRIE DU CHIEN,55023,,Prairie Du Chien,21,55043,,,Peoples State Bank,Glen Haven,WI,2019_12814_1
53821,DIF,NM,United States,54654,STATE,0,227916,Wisconsin,3/13/2000,2019,State Agency,11,55,M,9,10276,United States,"PEOPLES BANCORP, INC.",0,3,0,627694,,Seneca,ONE,CB,US_Zipcode,E,STATE,0,,0,301 E Blackhawk Ave,0,17839,1209499,23,12814,43.265039,WI,2,CALL,0,Chicago,262844,Seneca Branch,0,,Crawford,AGRICULTURAL,Central District,0,,0,10,,WI,1,Wisconsin,7,FDIC,Chicago,779325,,0,"Main Street, Highway 27",-90.958741,,PRAIRIE DU CHIEN,55023,,Prairie Du Chien,21,55023,,,Peoples State Bank,Seneca,WI,2019_12814_10
53821,DIF,NM,United States,53801,STATE,0,468301,Wisconsin,10/1/2007,2019,State Agency,11,55,M,9,10276,United States,"PEOPLES BANCORP, INC.",0,3,0,627694,,Bagley,ONE,CB,US_Streets,E,STATE,0,,0,301 E Blackhawk Ave,0,5935,1209499,43,12814,42.905333,WI,2,CALL,0,Chicago,262844,Bagley Branch,0,,Grant,AGRICULTURAL,Central District,0,,1,11,,WI,1,Wisconsin,7,FDIC,Chicago,779325,,0,115 South Bagley Avenue,-91.102792,,PRAIRIE DU CHIEN,55023,,Prairie Du Chien,21,55043,,,Peoples State Bank,Bagley,WI,2019_12814_11
53821,DIF,NM,United States,54626,STATE,0,507805,Wisconsin,4/12/2010,2019,State Agency,11,55,M,9,10276,United States,"PEOPLES BANCORP, INC.",0,3,0,627694,,Eastman,ONE,CB,US_Streets,E,STATE,0,,0,301 E Blackhawk Ave,0,5273,1209499,23,12814,43.166748,WI,2,CALL,0,Chicago,262844,Eastman Branch,0,,Crawford,AGRICULTURAL,Central District,0,,0,12,,WI,1,Wisconsin,7,FDIC,Chicago,779325,,0,103 North Main Street,-91.017236,,PRAIRIE DU CHIEN,55023,,Prairie Du Chien,21,55023,,,Peoples State Bank,Eastman,WI,2019_12814_12
53821,DIF,NM,United States,53804,STATE,0,8103,Wisconsin,02/01/1883,2019,State Agency,11,55,M,9,10276,United States,"PEOPLES BANCORP, INC.",0,3,0,627694,,Bloomington,ONE,CB,US_Streets,E,STATE,0,,0,301 E Blackhawk Ave,0,36797,1209499,43,12814,42.882849,WI,2,CALL,0,Chicago,262844,Woodhouse&bartley Branch,0,,Grant,AGRICULTURAL,Central District,0,12/28/2010,1,13,,WI,1,Wisconsin,7,FDIC,Chicago,779325,,0,445 Canal Street,-90.922492,,PRAIRIE DU CHIEN,55023,,Prairie Du Chien,21,55043,,,Peoples State Bank,Bloomington,WI,2019_12814_13
53821,DIF,NM,United States,52052,STATE,0,10146,Wisconsin,1/1/1934,2019,State Agency,11,19,M,9,10276,United States,"PEOPLES BANCORP, INC.",0,3,0,627694,,Guttenberg,ONE,CB,US_Streets,E,STATE,0,,0,301 E Blackhawk Ave,0,60527,1209499,43,12814,42.782902,WI,2,CALL,0,Chicago,262844,Security State Bank Branch,0,,Clayton,AGRICULTURAL,Central District,0,8/20/2011,0,14,,IA,1,Iowa,7,FDIC,Chicago,779325,,0,15 Goethe,-91.096158,,PRAIRIE DU CHIEN,55023,,Prairie Du Chien,21,19043,,,Peoples State Bank,Guttenberg,WI,2019_12814_14
53821,DIF,NM,United States,54665,STATE,0,9720,Wisconsin,6/15/1936,2019,State Agency,11,55,M,9,10276,United States,"PEOPLES BANCORP, INC.",0,3,0,627694,,Viroqua,ONE,CB,100,E,STATE,0,,0,301 E Blackhawk Ave,0,61238,1209499,123,12814,43.55623,WI,2,CALL,0,Chicago,262844,Viroqua Branch,0,,Vernon,AGRICULTURAL,Central District,0,6/14/2014,0,15,,WI,1,Wisconsin,7,FDIC,Chicago,779325,,0,101 N Main Street,-90.889246,,PRAIRIE DU CHIEN,55023,,Prairie Du Chien,21,55123,,,Peoples State Bank,Viroqua,WI,2019_12814_15
53821,DIF,NM,United States,53809,STATE,0,10326,Wisconsin,1/1/1930,2019,State Agency,11,55,M,9,10276,United States,"PEOPLES BANCORP, INC.",0,3,0,627694,,Fennimore,ONE,CB,US_Streets,E,STATE,0,,0,301 E Blackhawk Ave,0,17578,1209499,43,12814,42.982727,WI,2,CALL,0,Chicago,262844,Fennimore Branch,0,,Grant,AGRICULTURAL,Central District,0,7/9/2016,1,17,,WI,1,Wisconsin,7,FDIC,Chicago,779325,,0,1275 Tenth Street,-90.656437,,PRAIRIE DU CHIEN,55023,,Prairie Du Chien,21,55043,,,Peoples State Bank,Fennimore,WI,2019_12814_17
53821,DIF,NM,United States,53813,STATE,0,8104,Wisconsin,9/1/1903,2019,State Agency,11,55,M,9,10276,United States,"PEOPLES BANCORP, INC.",0,3,0,627694,,Lancaster,ONE,CB,US_Streets,E,STATE,0,,0,301 E Blackhawk Ave,0,29931,1209499,43,12814,42.846171,WI,2,CALL,0,Chicago,262844,Lancaster Branch,0,,Grant,AGRICULTURAL,Central District,0,7/9/2016,1,18,,WI,1,Wisconsin,7,FDIC,Chicago,779325,,0,302 South Madison Street,-90.7096,,PRAIRIE DU CHIEN,55023,,Prairie Du Chien,21,55043,,,Peoples State Bank,Lancaster,WI,2019_12814_18
53821,DIF,NM,United States,53820,STATE,0,8395,Wisconsin,3/4/1904,2019,State Agency,11,55,M,9,10276,United States,"PEOPLES BANCORP, INC.",0,3,0,627694,,Potosi,ONE,CB,US_Streets,E,STATE,0,,0,301 E Blackhawk Ave,0,14617,1209499,43,12814,42.666751,WI,2,CALL,0,Chicago,262844,Potosi Branch,0,,Grant,AGRICULTURAL,Central District,0,7/9/2016,1,19,,WI,1,Wisconsin,7,FDIC,Chicago,779325,,0,102 South Main Street,-90.729449,,PRAIRIE DU CHIEN,55023,,Prairie Du Chien,21,55043,,,Peoples State Bank,Potosi,WI,2019_12814_19
53821,DIF,NM,United States,53817,STATE,0,227909,Wisconsin,9/6/1938,2019,State Agency,11,55,M,9,10276,United States,"PEOPLES BANCORP, INC.",0,3,0,627694,,Patch Grove,ONE,CB,US_Zipcode,E,STATE,0,,0,301 E Blackhawk Ave,0,12141,1209499,43,12814,42.945509,WI,2,CALL,0,Chicago,262844,Patch Grove Branch,0,,Grant,AGRICULTURAL,Central District,0,,1,2,,WI,1,Wisconsin,7,FDIC,Chicago,779325,,0,Hwy 35,-90.970988,,PRAIRIE DU CHIEN,55023,,Prairie Du Chien,21,55043,,,Peoples State Bank,Patch Grove,WI,2019_12814_2
53821,DIF,NM,United States,53808,STATE,0,229405,Wisconsin,5/6/1968,2019,State Agency,11,55,M,9,10276,United States,"PEOPLES BANCORP, INC.",0,3,0,627694,,Dickeyville,ONE,CB,US_Zipcode,E,STATE,0,,0,301 E Blackhawk Ave,0,12865,1209499,43,12814,42.627198,WI,2,CALL,0,Chicago,262844,Dickeyville Branch,0,,Grant,AGRICULTURAL,Central District,0,7/9/2016,1,20,,WI,1,Wisconsin,7,FDIC,Chicago,779325,,0,100 Rosalyn Avenue,-90.593305,,PRAIRIE DU CHIEN,55023,,Prairie Du Chien,21,55043,,,Peoples State Bank,Dickeyville,WI,2019_12814_20
53821,DIF,NM,United States,52146,STATE,0,612416,Wisconsin,5/8/2019,2019,State Agency,11,19,EXACT,9,10276,United States,"PEOPLES BANCORP, INC.",0,3,0,627694,,Harpers Ferry,ONE,CB,100,E,STATE,0,,0,301 E Blackhawk Ave,0,3000,1209499,5,12814,43.200793,WI,2,CALL,0,Chicago,262844,Harpers Ferry,0,,Allamakee,AGRICULTURAL,Central District,0,,0,21,,IA,1,Iowa,7,FDIC,Chicago,779325,,0,415 West Chestnut Street,-91.153117,,PRAIRIE DU CHIEN,55023,,Prairie Du Chien,21,19005,,,Peoples State Bank,Harpers Ferry,WI,2019_12814_21
53821,DIF,NM,United States,54655,STATE,0,227910,Wisconsin,2/8/1934,2019,State Agency,11,55,M,9,10276,United States,"PEOPLES BANCORP, INC.",0,3,0,627694,,Soldiers Grove,ONE,CB,US_Streets,E,STATE,0,,0,301 E Blackhawk Ave,0,21691,1209499,23,12814,43.387647,WI,2,CALL,0,Chicago,262844,Soldiers Grove Branch,0,,Crawford,AGRICULTURAL,Central District,0,,0,3,,WI,1,Wisconsin,7,FDIC,Chicago,779325,,0,101 Sunbeam Blvd,-90.764775,,PRAIRIE DU CHIEN,55023,,Prairie Du Chien,21,55023,,,Peoples State Bank,Soldiers Grove,WI,2019_12814_3
53821,DIF,NM,United States,53826,STATE,0,227911,Wisconsin,3/4/1939,2019,State Agency,11,55,M,9,10276,United States,"PEOPLES BANCORP, INC.",0,3,0,627694,,Wauzeka,ONE,CB,US_Streets,E,STATE,0,,0,301 E Blackhawk Ave,0,14151,1209499,23,12814,43.084363,WI,2,CALL,0,Chicago,262844,Wauzeka Branch,0,,Crawford,AGRICULTURAL,Central District,0,,0,4,,WI,1,Wisconsin,7,FDIC,Chicago,779325,,0,106 S Business St,-90.884478,,PRAIRIE DU CHIEN,55023,,Prairie Du Chien,21,55023,,,Peoples State Bank,Wauzeka,WI,2019_12814_4
53821,DIF,NM,United States,53821,STATE,0,227912,Wisconsin,1/27/1999,2019,State Agency,11,55,M,9,10276,United States,"PEOPLES BANCORP, INC.",0,3,0,627694,,Prairie Du Chien,ONE,CB,US_Streets,E,STATE,0,,0,301 E Blackhawk Ave,0,24543,1209499,23,12814,43.027539,WI,2,CALL,0,Chicago,262844,Riverside Square Branch,0,,Crawford,AGRICULTURAL,Central District,0,,0,5,,WI,1,Wisconsin,7,FDIC,Chicago,779325,,0,1000 East Lapointe Street,-91.133531,,PRAIRIE DU CHIEN,55023,,Prairie Du Chien,21,55023,,,Peoples State Bank,Prairie Du Chien,WI,2019_12814_5
53821,DIF,NM,United States,53816,STATE,0,227913,Wisconsin,5/10/1999,2019,State Agency,11,55,M,9,10276,United States,"PEOPLES BANCORP, INC.",0,3,0,627694,,Mount Hope,ONE,CB,US_Streets,E,STATE,0,,0,301 E Blackhawk Ave,0,16076,1209499,43,12814,42.967003,WI,2,CALL,0,Chicago,262844,Mt. Hope Branch,0,,Grant,AGRICULTURAL,Central District,0,,1,6,,WI,1,Wisconsin,7,FDIC,Chicago,779325,,0,116 East Main Street,-90.859209,,PRAIRIE DU CHIEN,55023,,Prairie Du Chien,21,55043,,,Peoples State Bank,Mt. Hope,WI,2019_12814_6
53821,DIF,NM,United States,53805,STATE,0,227915,Wisconsin,10/11/1999,2019,State Agency,11,55,M,9,10276,United States,"PEOPLES BANCORP, INC.",0,3,0,627694,,Boscobel,ONE,CB,US_Streets,E,STATE,0,,0,301 E Blackhawk Ave,0,31214,1209499,43,12814,43.130804,WI,2,CALL,0,Chicago,262844,Boscobel Branch,0,,Grant,AGRICULTURAL,Central District,0,,1,9,,WI,1,Wisconsin,7,FDIC,Chicago,779325,,0,1609 Elm Street,-90.710696,,PRAIRIE DU CHIEN,55023,,Prairie Du Chien,21,55043,,,Peoples State Bank,Boscobel,WI,2019_12814_9
53719,DIF,NM,United States,53719,STATE,31540,8229,Wisconsin,11/1/1911,2019,State Agency,11,55,M,9,0,United States,"HEARTLAND FINANCIAL USA, INC.",0,3,892020,892020,,Madison,MULT,CB,US_Streets,M,STATE,1,,0,8240 Mineral Point Road,357,108521,1206546,25,13023,43.060493,WI,4,CALL,0,Chicago,463342,Wisconsin Bank & Trust,1,,Dane,COMMERCIAL LENDING,Central District,0,,0,0,,WI,1,Wisconsin,7,FDIC,Chicago,1042463,,0,8240 Mineral Point Road,-89.527953,,DUBUQUE,55025,"Madison-Janesville-Beloit, WI",Madison,21,55025,,"Madison, WI",Wisconsin Bank & Trust,Madison,IA,2019_13023_0
53719,DIF,NM,United States,53527,STATE,31540,468169,Wisconsin,9/1/2007,2019,State Agency,11,55,M,9,0,United States,"HEARTLAND FINANCIAL USA, INC.",0,3,0,892020,,Cottage Grove,MULT,CB,US_RoofTop,,STATE,0,,0,8240 Mineral Point Road,357,57281,1206546,25,13023,43.087005,WI,4,CALL,0,Chicago,463342,Cottage Grove Branch,1,,Dane,COMMERCIAL LENDING,Central District,0,,0,10,,WI,1,Wisconsin,7,FDIC,Chicago,1042463,,0,580 North Main Street,-89.199552,,DUBUQUE,55025,"Madison-Janesville-Beloit, WI",Madison,21,55025,,"Madison, WI",Wisconsin Bank & Trust,Cottage Grove,IA,2019_13023_10
53719,DIF,NM,United States,53818,STATE,0,3583,Wisconsin,12/01/1891,2019,State Agency,11,55,M,9,0,United States,"HEARTLAND FINANCIAL USA, INC.",0,3,0,892020,,Platteville,MULT,CB,US_Zipcode,,STATE,0,,0,8240 Mineral Point Road,0,62186,1206546,43,13023,42.743645,WI,4,CALL,0,Chicago,463342,The First National Bank Of Platteville Branch,0,,Grant,COMMERCIAL LENDING,Central District,0,11/17/2012,1,11,,WI,1,Wisconsin,7,FDIC,Chicago,1042463,,0,10 Keystone Parkway,-90.493479,,DUBUQUE,55025,,Madison,21,55043,,,Wisconsin Bank & Trust,Platteville,IA,2019_13023_11
53719,DIF,NM,United States,53813,STATE,0,207554,Wisconsin,6/17/1991,2019,State Agency,11,55,M,9,0,United States,"HEARTLAND FINANCIAL USA, INC.",0,3,0,892020,,Lancaster,MULT,CB,US_Streets,,STATE,0,,0,8240 Mineral Point Road,0,31481,1206546,43,13023,42.846155,WI,4,CALL,0,Chicago,463342,Lancaster Branch,0,,Grant,COMMERCIAL LENDING,Central District,0,11/17/2012,1,12,,WI,1,Wisconsin,7,FDIC,Chicago,1042463,,0,305 South Madison Street,-90.709749,,DUBUQUE,55025,,Madison,21,55043,,,Wisconsin Bank & Trust,Lancaster,IA,2019_13023_12
53719,DIF,NM,United States,53081,STATE,43100,40240,Wisconsin,5/15/1989,2019,State Agency,11,55,M,9,0,United States,"HEARTLAND FINANCIAL USA, INC.",0,3,0,892020,,Sheboygan,MULT,CB,US_RoofTop,,STATE,0,,0,8240 Mineral Point Road,0,40227,1206546,117,13023,43.751206,WI,4,CALL,0,Chicago,463342,Community Bank & Trust Branch,1,,Sheboygan,COMMERCIAL LENDING,Central District,0,1/17/2015,0,14,,WI,1,Wisconsin,7,FDIC,Chicago,1042463,,0,604 North 8th Street,-87.712919,,DUBUQUE,55025,,Madison,21,55117,,"Sheboygan, WI",Wisconsin Bank & Trust,Sheboygan,IA,2019_13023_14
53719,DIF,NM,United States,53073,STATE,43100,262166,Wisconsin,10/4/1993,2019,State Agency,11,55,M,9,0,United States,"HEARTLAND FINANCIAL USA, INC.",0,3,0,892020,,Plymouth,MULT,CB,US_Streets,,STATE,0,,0,8240 Mineral Point Road,0,64008,1206546,117,13023,43.747045,WI,4,CALL,0,Chicago,463342,Plymouth Branch,1,,Sheboygan,COMMERCIAL LENDING,Central District,0,1/17/2015,0,15,,WI,1,Wisconsin,7,FDIC,Chicago,1042463,,0,2511 Eastern Avenue,-87.950861,,DUBUQUE,55025,,Madison,21,55117,,"Sheboygan, WI",Wisconsin Bank & Trust,Plymouth,IA,2019_13023_15
53719,DIF,NM,United States,53081,STATE,43100,262168,Wisconsin,11/30/1997,2019,State Agency,11,55,M,9,0,United States,"HEARTLAND FINANCIAL USA, INC.",0,3,0,892020,,Sheboygan,MULT,CB,US_RoofTop,,STATE,0,,0,8240 Mineral Point Road,0,52996,1206546,117,13023,43.720849,WI,4,CALL,0,Chicago,463342,South Sheboygan Branch,1,,Sheboygan,COMMERCIAL LENDING,Central District,0,1/17/2015,0,17,,WI,1,Wisconsin,7,FDIC,Chicago,1042463,,0,3220 South Business Drive,-87.737148,,DUBUQUE,55025,,Madison,21,55117,,"Sheboygan, WI",Wisconsin Bank & Trust,Sheboygan,IA,2019_13023_17
53719,DIF,NM,United States,53081,STATE,43100,262170,Wisconsin,3/1/1999,2019,State Agency,11,55,M,9,0,United States,"HEARTLAND FINANCIAL USA, INC.",0,3,0,892020,,Sheboygan,MULT,CB,US_Streets,,STATE,0,,0,8240 Mineral Point Road,0,51103,1206546,117,13023,43.749829,WI,4,CALL,0,Chicago,463342,Sheboygan Branch,1,,Sheboygan,COMMERCIAL LENDING,Central District,0,1/17/2015,0,19,,WI,1,Wisconsin,7,FDIC,Chicago,1042463,,0,655 South Taylor Drive,-87.747713,,DUBUQUE,55025,,Madison,21,55117,,"Sheboygan, WI",Wisconsin Bank & Trust,Sheboygan,IA,2019_13023_19
53719,DIF,NM,United States,53083,STATE,43100,363522,Wisconsin,4/29/2002,2019,State Agency,11,55,M,9,0,United States,"HEARTLAND FINANCIAL USA, INC.",0,3,0,892020,,Sheboygan,MULT,CB,US_Streets,,STATE,0,,0,8240 Mineral Point Road,0,42330,1206546,117,13023,43.789445,WI,4,CALL,0,Chicago,463342,Sheboygan North Branch,1,,Sheboygan,COMMERCIAL LENDING,Central District,0,1/17/2015,0,20,,WI,1,Wisconsin,7,FDIC,Chicago,1042463,,0,4210 State Hwy 42 North,-87.758861,,DUBUQUE,55025,,Madison,21,55117,,"Sheboygan, WI",Wisconsin Bank & Trust,Sheboygan,IA,2019_13023_20
53719,DIF,NM,United States,53217,STATE,33340,423112,Wisconsin,8/25/2003,2019,State Agency,11,55,M,9,0,United States,"HEARTLAND FINANCIAL USA, INC.",0,3,0,892020,,Milwaukee,MULT,CB,US_Streets,,STATE,0,,0,8240 Mineral Point Road,376,43615,1206546,79,13023,43.114727,WI,4,CALL,0,Chicago,463342,Glendale Branch,1,,Milwaukee,COMMERCIAL LENDING,Central District,0,1/17/2015,0,21,,WI,1,Wisconsin,7,FDIC,Chicago,1042463,,0,5380 North Port Washington Road,-87.916547,,DUBUQUE,55025,"Milwaukee-Racine-Waukesha, WI",Madison,21,55079,,"Milwaukee-Waukesha, WI",Wisconsin Bank & Trust,Glendale,IA,2019_13023_21
53719,DIF,NM,United States,53085,STATE,43100,444338,Wisconsin,9/1/2005,2019,State Agency,11,55,M,9,0,United States,"HEARTLAND FINANCIAL USA, INC.",0,3,0,892020,,Sheboygan Falls,MULT,CB,US_Streets,,STATE,0,,0,8240 Mineral Point Road,0,34375,1206546,117,13023,43.733447,WI,4,CALL,0,Chicago,463342,Sheboygan Falls Branch,1,,Sheboygan,COMMERCIAL LENDING,Central District,0,1/17/2015,0,22,,WI,1,Wisconsin,7,FDIC,Chicago,1042463,,0,1160 Fond Du Lac Avenue,-87.825395,,DUBUQUE,55025,,Madison,21,55117,,"Sheboygan, WI",Wisconsin Bank & Trust,Sheboygan Falls,IA,2019_13023_22
53719,DIF,NM,United States,53220,STATE,33340,447917,Wisconsin,2/15/2006,2019,State Agency,11,55,M,9,0,United States,"HEARTLAND FINANCIAL USA, INC.",0,3,0,892020,,Milwaukee,MULT,CB,US_Streets,,STATE,0,,0,8240 Mineral Point Road,376,35213,1206546,79,13023,42.964203,WI,4,CALL,0,Chicago,463342,Greenfield Branch,1,,Milwaukee,COMMERCIAL LENDING,Central District,0,1/17/2015,0,23,,WI,1,Wisconsin,7,FDIC,Chicago,1042463,,0,4131 West Loomis Road,-87.966334,,DUBUQUE,55025,"Milwaukee-Racine-Waukesha, WI",Madison,21,55079,,"Milwaukee-Waukesha, WI",Wisconsin Bank & Trust,Greenfield,IA,2019_13023_23
53719,DIF,NM,United States,53566,STATE,31540,7834,Wisconsin,1/1/1903,2019,State Agency,11,55,M,9,0,United States,"HEARTLAND FINANCIAL USA, INC.",0,3,0,892020,,Monroe,MULT,CB,US_Streets,,STATE,0,,0,8240 Mineral Point Road,357,199853,1206546,45,13023,42.602124,WI,4,CALL,0,Chicago,463342,Monroe Branch,1,,Green,COMMERCIAL LENDING,Central District,0,7/23/1999,0,3,,WI,1,Wisconsin,7,FDIC,Chicago,1042463,,0,1717 10th Street,-89.638276,,DUBUQUE,55025,"Madison-Janesville-Beloit, WI",Madison,21,55045,,"Madison, WI",Wisconsin Bank & Trust,Monroe,IA,2019_13023_3
53719,DIF,NM,United States,54115,STATE,24580,228756,Wisconsin,11/22/1999,2019,State Agency,11,55,M,9,0,United States,"HEARTLAND FINANCIAL USA, INC.",0,3,0,892020,,De Pere,MULT,CB,US_Zipcode,,STATE,0,,0,8240 Mineral Point Road,267,35682,1206546,9,13023,44.404081,WI,4,CALL,0,Chicago,463342,De Pere Branch,1,,Brown,COMMERCIAL LENDING,Central District,0,,0,4,,WI,1,Wisconsin,7,FDIC,Chicago,1042463,,0,1510 Highway 41,-88.092442,,DUBUQUE,55025,"Green Bay-Shawano, WI",Madison,21,55009,,"Green Bay, WI",Wisconsin Bank & Trust,De Pere,IA,2019_13023_4
53719,DIF,NM,United States,53719,STATE,31540,418502,Wisconsin,3/10/2003,2019,State Agency,11,55,M,9,0,United States,"HEARTLAND FINANCIAL USA, INC.",0,3,0,892020,,Madison,MULT,CB,US_Streets,,STATE,0,,0,8240 Mineral Point Road,357,33149,1206546,25,13023,43.016132,WI,4,CALL,0,Chicago,463342,Fitchburg Branch,1,,Dane,COMMERCIAL LENDING,Central District,0,,0,6,,WI,1,Wisconsin,7,FDIC,Chicago,1042463,,0,6180 Verona Road,-89.472692,,DUBUQUE,55025,"Madison-Janesville-Beloit, WI",Madison,21,55025,,"Madison, WI",Wisconsin Bank & Trust,Fitchburg,IA,2019_13023_6
53719,DIF,NM,United States,53719,STATE,31540,461744,Wisconsin,3/20/2007,2019,State Agency,11,55,PointAddress,9,0,United States,"HEARTLAND FINANCIAL USA, INC.",0,3,0,892020,,Madison,MULT,CB,100,C,STATE,0,0,0,8240 Mineral Point Road,357,0,1206546,25,13023,43.06097,WI,4,CALL,0,Chicago,463342,Madison Branch,1,,Dane,COMMERCIAL LENDING,Central District,0,,0,9,,WI,1,Wisconsin,7,FDIC,Chicago,1042463,,0,119 Junction Road,-89.526501,,DUBUQUE,55025,"Madison-Janesville-Beloit, WI",Madison,21,55025,,"Madison, WI",Wisconsin Bank & Trust,Madison,IA,2019_13023_9
53565,DIF,NM,United States,53565,STATE,31540,8231,Wisconsin,1/1/1917,2019,State Agency,11,55,M,9,11920,United States,SOUTHERN WISCONSIN BANCSHARES CORPORATION,0,3,275099,275099,,Mineral Point,ONE,CB,US_Streets,M,STATE,1,,0,305 Doty Street,357,121519,1207338,49,13025,42.861276,WI,4,CALL,0,Chicago,205346,Farmers Savings Bank,1,,Iowa,COMMERCIAL LENDING,Central District,0,,0,0,,WI,1,Wisconsin,7,FDIC,Chicago,305259,,0,305 Doty Street,-90.181916,,INVERNESS,55049,"Madison-Janesville-Beloit, WI",Mineral Point,21,55049,,"Madison, WI",Farmers Savings Bank,Mineral Point,IL,2019_13025_0
53565,DIF,NM,United States,53535,STATE,31540,228759,Wisconsin,4/27/1935,2019,State Agency,11,55,M,9,11920,United States,SOUTHERN WISCONSIN BANCSHARES CORPORATION,0,3,0,275099,,Edmund,ONE,CB,100,,STATE,0,,0,305 Doty Street,357,10320,1207338,49,13025,42.91743,WI,4,CALL,0,Chicago,205346,Edmund Branch,1,,Iowa,COMMERCIAL LENDING,Central District,0,,0,1,,WI,1,Wisconsin,7,FDIC,Chicago,305259,,0,3156 Main Street,-90.27273,,INVERNESS,55049,"Madison-Janesville-Beloit, WI",Mineral Point,21,55049,,"Madison, WI",Farmers Savings Bank,Edmund,IL,2019_13025_1
53565,DIF,NM,United States,53544,STATE,31540,228760,Wisconsin,6/15/1940,2019,State Agency,11,55,M,9,11920,United States,SOUTHERN WISCONSIN BANCSHARES CORPORATION,0,3,0,275099,,Hollandale,ONE,CB,100,,STATE,0,,0,305 Doty Street,357,18089,1207338,49,13025,42.875333,WI,4,CALL,0,Chicago,205346,Hollandale Branch,1,,Iowa,COMMERCIAL LENDING,Central District,0,,0,2,,WI,1,Wisconsin,7,FDIC,Chicago,305259,,0,501 Second Avenue,-89.934864,,INVERNESS,55049,"Madison-Janesville-Beloit, WI",Mineral Point,21,55049,,"Madison, WI",Farmers Savings Bank,Hollandale,IL,2019_13025_2
53565,DIF,NM,United States,53582,STATE,31540,235524,Wisconsin,1/2/1969,2019,State Agency,11,55,M,9,11920,United States,SOUTHERN WISCONSIN BANCSHARES CORPORATION,0,3,0,275099,,Ridgeway,ONE,CB,US_Streets,,STATE,0,,0,305 Doty Street,357,9562,1207338,49,13025,43.001216,WI,4,CALL,0,Chicago,205346,Ridgeway Branch,1,,Iowa,COMMERCIAL LENDING,Central District,0,2/25/1995,0,4,,WI,1,Wisconsin,7,FDIC,Chicago,305259,,0,609 Main Street,-89.990958,,INVERNESS,55049,"Madison-Janesville-Beloit, WI",Mineral Point,21,55049,,"Madison, WI",Farmers Savings Bank,Ridgeway,IL,2019_13025_4
53565,DIF,NM,United States,53533,STATE,31540,334306,Wisconsin,5/1/2000,2019,State Agency,11,55,M,9,11920,United States,SOUTHERN WISCONSIN BANCSHARES CORPORATION,0,3,0,275099,,Dodgeville,ONE,CB,US_Streets,,STATE,0,,0,305 Doty Street,357,67689,1207338,49,13025,42.974034,WI,4,CALL,0,Chicago,205346,Dodgeville Office,1,,Iowa,COMMERCIAL LENDING,Central District,0,,0,5,,WI,1,Wisconsin,7,FDIC,Chicago,305259,,0,1113 Johns Street,-90.126215,,INVERNESS,55049,"Madison-Janesville-Beloit, WI",Mineral Point,21,55049,,"Madison, WI",Farmers Savings Bank,Dodgeville,IL,2019_13025_5
53565,DIF,NM,United States,53572,STATE,31540,450318,Wisconsin,3/15/2006,2019,State Agency,11,55,M,9,11920,United States,SOUTHERN WISCONSIN BANCSHARES CORPORATION,0,3,0,275099,,Mount Horeb,ONE,CB,US_Streets,,STATE,0,,0,305 Doty Street,357,47920,1207338,25,13025,43.009881,WI,4,CALL,0,Chicago,205346,Mount Horeb Branch,1,,Dane,COMMERCIAL LENDING,Central District,0,,0,6,,WI,1,Wisconsin,7,FDIC,Chicago,305259,,0,1833 Business Hwy 18/151,-89.715447,,INVERNESS,55049,"Madison-Janesville-Beloit, WI",Mineral Point,21,55025,,"Madison, WI",Farmers Savings Bank,Mount Horeb,IL,2019_13025_6
53204,DIF,NM,United States,53204,STATE,33340,8235,Wisconsin,1/1/1907,2019,State Agency,11,55,M,9,10226,United States,M.S. INVESTMENT CO.,0,3,39441,39441,,Milwaukee,ONE,CB,US_Zipcode,M,STATE,1,,0,1039 West Mitchell Street,376,31834,1201420,79,13029,43.017918,WI,7,CALL,0,Chicago,761347,Mitchell Bank,1,,Milwaukee,OTHER < $1 BILLION,Central District,0,,0,0,,WI,1,Wisconsin,7,FDIC,Chicago,47988,,0,1039 West Mitchell Street,-87.926153,,NEW BERLIN,55079,"Milwaukee-Racine-Waukesha, WI",Milwaukee,21,55079,,"Milwaukee-Waukesha, WI",Mitchell Bank,Milwaukee,WI,2019_13029_0
53204,DIF,NM,United States,53204,STATE,33340,228782,Wisconsin,7/20/1971,2019,State Agency,23,55,M,9,10226,United States,M.S. INVESTMENT CO.,0,3,0,39441,,Milwaukee,ONE,CB,US_Zipcode,C,STATE,0,0,0,1039 West Mitchell Street,376,0,1201420,79,13029,43.017918,WI,7,CALL,0,Chicago,761347,Drive-In Branch,1,,Milwaukee,OTHER < $1 BILLION,Central District,0,,0,1,,WI,1,Wisconsin,7,FDIC,Chicago,47988,,0,1718-20-22 South 11th Street,-87.926153,,NEW BERLIN,55079,"Milwaukee-Racine-Waukesha, WI",Milwaukee,21,55079,,"Milwaukee-Waukesha, WI",Mitchell Bank,Milwaukee,WI,2019_13029_1
53204,DIF,NM,United States,53151,STATE,33340,424624,Wisconsin,11/3/2003,2019,State Agency,11,55,M,9,10226,United States,M.S. INVESTMENT CO.,0,3,0,39441,,New Berlin,ONE,CB,US_RoofTop,,STATE,0,,0,1039 West Mitchell Street,376,7607,1201420,133,13029,42.988297,WI,7,CALL,0,Chicago,761347,New Berlin Branch,1,,Waukesha,OTHER < $1 BILLION,Central District,0,,0,13,,WI,1,Wisconsin,7,FDIC,Chicago,47988,,0,12400 West National Avenue,-88.06932,,NEW BERLIN,55079,"Milwaukee-Racine-Waukesha, WI",Milwaukee,21,55133,,"Milwaukee-Waukesha, WI",Mitchell Bank,New Berlin,WI,2019_13029_13
54760,DIF,NM,United States,54760,STATE,0,8236,Wisconsin,4/6/1920,2019,State Agency,11,55,M,9,0,United States,"PF INVESTORS, INC.",0,3,71725,71725,,Pigeon Falls,ONE,CB,US_Streets,"M,E",STATE,1,,0,40214 S Ekern Avenue,0,31357,5280133,121,13030,44.425577,WI,2,CALL,0,Chicago,37051,Oakwood Bank,0,,Trempealeau,AGRICULTURAL,Central District,0,,0,0,,WI,1,Wisconsin,9,FDIC,Minneapolis,86265,,0,40214 S Ekern Avenue,-91.210509,,WHITEHALL,55121,,Pigeon Falls,21,55121,,,Oakwood Bank,Pigeon Falls,WI,2019_13030_0
54760,DIF,NM,United States,54722,STATE,20740,359023,Wisconsin,8/7/2000,2019,State Agency,11,55,M,9,0,United States,"PF INVESTORS, INC.",0,3,0,71725,,Augusta,ONE,CB,US_Streets,E,STATE,0,,0,40214 S Ekern Avenue,232,27527,5280133,35,13030,44.683478,WI,2,CALL,0,Chicago,37051,Oakwood Bank,1,,Eau Claire,AGRICULTURAL,Central District,0,,0,1,,WI,1,Wisconsin,9,FDIC,Minneapolis,86265,,0,1214 W. Lincoln St.,-91.133298,,WHITEHALL,55121,"Eau Claire-Menomonie, WI",Pigeon Falls,21,55035,,"Eau Claire, WI",Oakwood Bank,Augusta,WI,2019_13030_1
54760,DIF,NM,United States,54773,STATE,0,467315,Wisconsin,8/2/2006,2019,State Agency,11,55,M,9,0,United States,"PF INVESTORS, INC.",0,3,0,71725,,Whitehall,ONE,CB,US_Streets,E,STATE,0,,0,40214 S Ekern Avenue,0,12841,5280133,121,13030,44.370198,WI,2,CALL,0,Chicago,37051,Oakwood Bank,0,,Trempealeau,AGRICULTURAL,Central District,0,,0,2,,WI,1,Wisconsin,9,FDIC,Minneapolis,86265,,0,36328 Main Street,-91.316623,,WHITEHALL,55121,,Pigeon Falls,21,55121,,,Oakwood Bank,Whitehall,WI,2019_13030_2
54665,DIF,NM,United States,54665,STATE,0,8238,Wisconsin,1/1/1912,2019,State Agency,11,55,M,9,0,United States,"FIRSNABANCO, INC.",0,3,177987,177987,,Viroqua,ONE,CB,US_Streets,M,STATE,1,,0,101 South Main Street,0,110639,1207561,123,13032,43.556197,WI,4,CALL,0,Chicago,716954,Citizens First Bank,0,,Vernon,COMMERCIAL LENDING,Central District,0,,0,0,,WI,1,Wisconsin,7,FDIC,Chicago,215692,,0,101 South Main Street,-90.889298,,VIROQUA,55123,,Viroqua,21,55123,,,Citizens First Bank,Viroqua,WI,2019_13032_0
54665,DIF,NM,United States,54664,STATE,0,9147,Wisconsin,11/24/1914,2019,State Agency,11,55,M,9,0,United States,"FIRSNABANCO, INC.",0,3,0,177987,,Viola,ONE,CB,US_Zipcode,,STATE,0,,0,101 South Main Street,0,14113,1207561,103,13032,43.490569,WI,4,CALL,0,Chicago,716954,Viola Branch,0,,Richland,COMMERCIAL LENDING,Central District,0,6/10/2005,0,2,,WI,1,Wisconsin,7,FDIC,Chicago,215692,,0,Commercial Street,-90.633257,,VIROQUA,55123,,Viroqua,21,55103,,,Citizens First Bank,Viola,WI,2019_13032_2
54665,DIF,NM,United States,54656,STATE,0,41811,Wisconsin,6/1/1934,2019,State Agency,11,55,PointAddress,9,0,United States,"FIRSNABANCO, INC.",0,3,0,177987,,Sparta,ONE,CB,100,,STATE,0,,0,101 South Main Street,0,20840,1207561,81,13032,43.93892,WI,4,CALL,0,Chicago,716954,Sparta Branch,0,,Monroe,COMMERCIAL LENDING,Central District,0,6/10/2005,0,3,,WI,1,Wisconsin,7,FDIC,Chicago,215692,,0,835 W Wisconsin St,-90.822171,,VIROQUA,55123,,Viroqua,21,55081,,,Citizens First Bank,Sparta,WI,2019_13032_3
54665,DIF,NM,United States,54661,STATE,0,443996,Wisconsin,6/10/2005,2019,State Agency,11,55,M,9,0,United States,"FIRSNABANCO, INC.",0,3,0,177987,,Trempealeau,ONE,CB,US_Streets,,STATE,0,,0,101 South Main Street,0,26218,1207561,121,13032,44.004638,WI,4,CALL,0,Chicago,716954,Trempealeau Branch,0,,Trempealeau,COMMERCIAL LENDING,Central District,0,,0,4,,WI,1,Wisconsin,7,FDIC,Chicago,215692,,0,24050 Third Street,-91.437481,,VIROQUA,55123,,Viroqua,21,55121,,,Citizens First Bank,Trempealeau,WI,2019_13032_4
54665,DIF,NM,United States,54661,STATE,0,465216,Wisconsin,9/18/2006,2019,State Agency,11,55,M,9,0,United States,"FIRSNABANCO, INC.",0,3,0,177987,,Trempealeau,ONE,CB,US_Zipcode,,STATE,0,,0,101 South Main Street,0,6177,1207561,121,13032,44.026995,WI,4,CALL,0,Chicago,716954,Centerville Branch,0,,Trempealeau,COMMERCIAL LENDING,Central District,0,,0,5,,WI,1,Wisconsin,7,FDIC,Chicago,215692,,0,W25042 Hwy 54 & 35,-91.446426,,VIROQUA,55123,,Viroqua,21,55121,,,Citizens First Bank,Trempealeau,WI,2019_13032_5
54981,DIF,SM,United States,54981,STATE,0,8239,Wisconsin,1/11/1911,2019,State Agency,11,55,POINTADDRESS,9,12942,United States,"FARMERS STATE BANCORPORATION, INC.",0,3,164550,164550,,Waupaca,ONE,CB,100,M,STATE,1,,0,112 West Fulton Street,0,117739,1209284,135,13033,44.357997,WI,8,CALL,0,Chicago,879747,The Farmers State Bank Of Waupaca,0,,Waupaca,ALL OTHER < $1 BILLION,Central District,0,,0,0,,WI,1,Wisconsin,7,FED,Chicago,195901,,0,112 West Fulton Street,-89.085802,,WAUPACA,55135,,Waupaca,13,55135,,,The Farmers State Bank of Waupaca,Waupaca,WI,2019_13033_0
54981,DIF,SM,United States,54981,STATE,0,228790,Wisconsin,12/2/1991,2019,State Agency,11,55,StreetAddress,9,12942,United States,"FARMERS STATE BANCORPORATION, INC.",0,3,0,164550,,Waupaca,ONE,CB,100,,STATE,0,,0,112 West Fulton Street,0,6533,1209284,135,13033,44.337606,WI,8,CALL,0,Chicago,879747,King Branch,0,,Waupaca,ALL OTHER < $1 BILLION,Central District,0,,0,1,,WI,1,Wisconsin,7,FED,Chicago,195901,,0,N2701 County Road Qq,-89.141939,,WAUPACA,55135,,Waupaca,13,55135,,,The Farmers State Bank of Waupaca,Waupaca,WI,2019_13033_1
54981,DIF,SM,United States,54984,STATE,0,358260,Wisconsin,5/15/2000,2019,State Agency,11,55,StreetAddress,9,12942,United States,"FARMERS STATE BANCORPORATION, INC.",0,3,0,164550,,Wild Rose,ONE,CB,100,,STATE,0,,0,112 West Fulton Street,0,26433,1209284,137,13033,44.181683,WI,8,CALL,0,Chicago,879747,Wild Rose Branch,0,,Waushara,ALL OTHER < $1 BILLION,Central District,0,,0,3,,WI,1,Wisconsin,7,FED,Chicago,195901,,0,315 Hospital Road,-89.246493,,WAUPACA,55135,,Waupaca,13,55137,,,The Farmers State Bank of Waupaca,Wild Rose,WI,2019_13033_3
54981,DIF,SM,United States,54940,STATE,0,440762,Wisconsin,6/1/2005,2019,State Agency,11,55,M,9,12942,United States,"FARMERS STATE BANCORPORATION, INC.",0,3,0,164550,,Fremont,ONE,CB,US_Streets,,STATE,0,,0,112 West Fulton Street,0,13845,1209284,135,13033,44.257849,WI,8,CALL,0,Chicago,879747,Fremont Branch,0,,Waupaca,ALL OTHER < $1 BILLION,Central District,0,,0,4,,WI,1,Wisconsin,7,FED,Chicago,195901,,0,N560 Highway 110,-88.849978,,WAUPACA,55135,,Waupaca,13,55135,,,The Farmers State Bank of Waupaca,Fremont,WI,2019_13033_4
54660,DIF,NM,United States,54660,STATE,0,8246,Wisconsin,1/1/1911,2019,State Agency,11,55,M,9,14158,United States,"F. & M. BANCORP OF TOMAH, INC.",0,3,148550,148550,,Tomah,ONE,CB,US_Streets,M,STATE,1,,0,1001 Superior Avenue,0,120422,1245602,81,13046,43.977794,WI,4,CALL,0,Chicago,2040,Farmers & Merchants Bank,0,,Monroe,COMMERCIAL LENDING,Central District,0,,0,0,,WI,1,Wisconsin,7,FDIC,Chicago,192281,,0,1001 Superior Avenue,-90.504786,,TOMAH,55081,,Tomah,21,55081,,,Farmers & Merchants Bank,Tomah,WI,2019_13046_0
54660,DIF,NM,United States,54660,STATE,0,362422,Wisconsin,11/7/2001,2019,State Agency,11,55,M,9,14158,United States,"F. & M. BANCORP OF TOMAH, INC.",0,3,0,148550,,Tomah,ONE,CB,US_Streets,,STATE,0,,0,1001 Superior Avenue,0,28128,1245602,81,13046,44.009074,WI,4,CALL,0,Chicago,2040,1500 Superior Avenue Branch,0,,Monroe,COMMERCIAL LENDING,Central District,0,,0,3,,WI,1,Wisconsin,7,FDIC,Chicago,192281,,0,1500 North Superior Avenue,-90.505213,,TOMAH,55081,,Tomah,21,55081,,,Farmers & Merchants Bank,Tomah,WI,2019_13046_3
54636,DIF,NM,United States,54636,STATE,29100,8251,Wisconsin,1/1/1909,2019,State Agency,11,55,M,9,13185,United States,"GOLDEN OAK BANCSHARES, INC.",0,3,44747,44747,,Holmen,ONE,CB,US_RoofTop,M,STATE,1,,0,1200 Main Street,0,24929,4281197,63,13054,43.954534,WI,4,CALL,0,Chicago,518354,Park Bank,1,,La Crosse,COMMERCIAL LENDING,Central District,0,,0,0,,WI,1,Wisconsin,9,FDIC,Minneapolis,55288,,0,1200 Main Street,-91.259186,,SPARTA,55063,,Holmen,21,55063,,"La Crosse-Onalaska, WI-MN",Park Bank,Holmen,WI,2019_13054_0
54636,DIF,NM,United States,54601,STATE,29100,228814,Wisconsin,7/23/1991,2019,State Agency,11,55,POINTADDRESS,9,13185,United States,"GOLDEN OAK BANCSHARES, INC.",0,3,0,44747,,La Crosse,ONE,CB,100,,STATE,0,,0,1200 Main Street,0,13195,4281197,63,13054,43.812702,WI,4,CALL,0,Chicago,518354,La Crosse Branch,1,,La Crosse,COMMERCIAL LENDING,Central District,0,,0,1,,WI,1,Wisconsin,9,FDIC,Minneapolis,55288,,0,700 State Street,-91.246151,,SPARTA,55063,,Holmen,21,55063,,"La Crosse-Onalaska, WI-MN",Park Bank,La Crosse,WI,2019_13054_1
54636,DIF,NM,United States,54656,STATE,0,468163,Wisconsin,9/4/2007,2019,State Agency,11,55,S03,9,13185,United States,"GOLDEN OAK BANCSHARES, INC.",0,3,0,44747,,Sparta,ONE,CB,0,,STATE,0,,0,1200 Main Street,0,6623,4281197,81,13054,43.944765,WI,4,CALL,0,Chicago,518354,Sparta Branch,0,,Monroe,COMMERCIAL LENDING,Central District,0,,0,2,,WI,1,Wisconsin,9,FDIC,Minneapolis,55288,,0,145 North Water Street,-90.810828,,SPARTA,55063,,Holmen,21,55081,,,Park Bank,Sparta,WI,2019_13054_2
53149,DIF,NM,United States,53149,STATE,33340,8252,Wisconsin,12/12/1892,2019,State Agency,11,55,M,9,12655,United States,"CITIZENS BANK HOLDING, INC.",0,3,669221,669221,,Mukwonago,ONE,CB,US_RoofTop,M,STATE,1,,0,301 North Rochester,376,271893,1207132,133,13055,42.865507,WI,4,CALL,0,Chicago,783844,Citizens Bank,1,,Waukesha,COMMERCIAL LENDING,Central District,0,,0,0,,WI,1,Wisconsin,7,FDIC,Chicago,768388,,0,301 North Rochester,-88.333678,,MUKWONAGO,55133,"Milwaukee-Racine-Waukesha, WI",Mukwonago,21,55133,,"Milwaukee-Waukesha, WI",Citizens Bank,Mukwonago,WI,2019_13055_0
53149,DIF,NM,United States,53103,STATE,33340,228815,Wisconsin,6/26/1937,2019,State Agency,11,55,M,9,12655,United States,"CITIZENS BANK HOLDING, INC.",0,3,0,669221,,Big Bend,ONE,CB,US_Zipcode,,STATE,0,,0,301 North Rochester,376,84058,1207132,133,13055,42.879862,WI,4,CALL,0,Chicago,783844,Big Bend Branch,1,,Waukesha,COMMERCIAL LENDING,Central District,0,,0,1,,WI,1,Wisconsin,7,FDIC,Chicago,768388,,0,W230 S9125 Clark Street,-88.214547,,MUKWONAGO,55133,"Milwaukee-Racine-Waukesha, WI",Mukwonago,21,55133,,"Milwaukee-Waukesha, WI",Citizens Bank,Big Bend,WI,2019_13055_1
53149,DIF,NM,United States,53149,STATE,33340,363725,Wisconsin,5/20/2002,2019,State Agency,12,55,M,9,12655,United States,"CITIZENS BANK HOLDING, INC.",0,3,0,669221,,Mukwonago,ONE,CB,US_RoofTop,,STATE,0,,0,301 North Rochester,376,6566,1207132,133,13055,42.875179,WI,4,CALL,0,Chicago,783844,Parkview Branch,1,,Waukesha,COMMERCIAL LENDING,Central District,0,,0,10,,WI,1,Wisconsin,7,FDIC,Chicago,768388,,0,1010 North Rochester Street,-88.338333,,MUKWONAGO,55133,"Milwaukee-Racine-Waukesha, WI",Mukwonago,21,55133,,"Milwaukee-Waukesha, WI",Citizens Bank,Mukwonago,WI,2019_13055_10
53149,DIF,NM,United States,53120,STATE,0,426770,Wisconsin,2/2/2004,2019,State Agency,11,55,M,9,12655,United States,"CITIZENS BANK HOLDING, INC.",0,3,0,669221,,East Troy,ONE,CB,US_Streets,,STATE,0,,0,301 North Rochester,376,31271,1207132,127,13055,42.790101,WI,4,CALL,0,Chicago,783844,East Brook Branch,0,,Walworth,COMMERCIAL LENDING,Central District,0,,1,11,,WI,1,Wisconsin,7,FDIC,Chicago,768388,,0,2541a Main Street,-88.394195,,MUKWONAGO,55133,"Milwaukee-Racine-Waukesha, WI",Mukwonago,21,55127,,,Citizens Bank,East Troy,WI,2019_13055_11
53149,DIF,NM,United States,53189,STATE,33340,441899,Wisconsin,7/5/2005,2019,State Agency,11,55,M,9,12655,United States,"CITIZENS BANK HOLDING, INC.",0,3,0,669221,,Waukesha,ONE,CB,US_Streets,,STATE,0,,0,301 North Rochester,376,33795,1207132,133,13055,42.975211,WI,4,CALL,0,Chicago,783844,Waukesha Branch,1,,Waukesha,COMMERCIAL LENDING,Central District,0,,0,12,,WI,1,Wisconsin,7,FDIC,Chicago,768388,,0,2109 Corporate Drive,-88.24728,,MUKWONAGO,55133,"Milwaukee-Racine-Waukesha, WI",Mukwonago,21,55133,,"Milwaukee-Waukesha, WI",Citizens Bank,Waukesha,WI,2019_13055_12
53149,DIF,NM,United States,53150,STATE,33340,507806,Wisconsin,4/20/2010,2019,State Agency,29,55,M,9,12655,United States,"CITIZENS BANK HOLDING, INC.",0,3,0,669221,,Muskego,ONE,CB,US_Zipcode,C,STATE,0,5,0,301 North Rochester,376,0,1207132,133,13055,42.882925,WI,4,CALL,0,Chicago,783844,Muskego Senior Center Facility,1,,Waukesha,COMMERCIAL LENDING,Central District,0,,0,13,,WI,1,Wisconsin,7,FDIC,Chicago,768388,,0,W181 S8540 Lodge Boulevard,-88.1263,,MUKWONAGO,55133,"Milwaukee-Racine-Waukesha, WI",Mukwonago,21,55133,,"Milwaukee-Waukesha, WI",Citizens Bank,Muskego,WI,2019_13055_13
53149,DIF,NM,United States,53150,STATE,33340,602925,Wisconsin,1/25/2018,2019,State Agency,29,55,EXACT,9,12655,United States,"CITIZENS BANK HOLDING, INC.",0,3,0,669221,,Muskego,ONE,CB,100,C,STATE,0,0,0,301 North Rochester,376,0,1207132,133,13055,42.932494,WI,4,CALL,0,Chicago,783844,Steeple View Christian Senior Community Branch,1,,Waukesha,COMMERCIAL LENDING,Central District,0,,0,14,,WI,1,Wisconsin,7,FDIC,Chicago,768388,,0,12455 W. Janesville Rd,-88.070767,,MUKWONAGO,55133,"Milwaukee-Racine-Waukesha, WI",Mukwonago,21,55133,,"Milwaukee-Waukesha, WI",Citizens Bank,Muskego,WI,2019_13055_14
53149,DIF,NM,United States,53149,STATE,33340,228816,Wisconsin,3/18/1985,2019,State Agency,11,55,EXACT,9,12655,United States,"CITIZENS BANK HOLDING, INC.",0,3,0,669221,,Mukwonago,ONE,CB,92.6,,STATE,0,,0,301 North Rochester,376,53703,1207132,133,13055,42.861544,WI,4,CALL,0,Chicago,783844,Town Of Genesee Branch,1,,Waukesha,COMMERCIAL LENDING,Central District,0,,0,2,,WI,1,Wisconsin,7,FDIC,Chicago,768388,,0,W307n4823 Hwy 83,-88.331337,,MUKWONAGO,55133,"Milwaukee-Racine-Waukesha, WI",Mukwonago,21,55133,,"Milwaukee-Waukesha, WI",Citizens Bank,Mukwonago,WI,2019_13055_2
53149,DIF,NM,United States,53103,STATE,33340,228817,Wisconsin,6/13/1989,2019,State Agency,11,55,M,9,12655,United States,"CITIZENS BANK HOLDING, INC.",0,3,0,669221,,Big Bend,ONE,CB,US_Zipcode,,STATE,0,,0,301 North Rochester,376,63891,1207132,133,13055,42.879862,WI,4,CALL,0,Chicago,783844,Vernon Branch,1,,Waukesha,COMMERCIAL LENDING,Central District,0,,0,3,,WI,1,Wisconsin,7,FDIC,Chicago,768388,,0,W236 S7050 Big Bend Drive,-88.214547,,MUKWONAGO,55133,"Milwaukee-Racine-Waukesha, WI",Mukwonago,21,55133,,"Milwaukee-Waukesha, WI",Citizens Bank,Big Bend,WI,2019_13055_3
53149,DIF,NM,United States,53149,STATE,33340,228818,Wisconsin,10/5/1992,2019,State Agency,11,55,StreetAddress,9,12655,United States,"CITIZENS BANK HOLDING, INC.",0,3,0,669221,,Mukwonago,ONE,CB,100,,STATE,0,,0,301 North Rochester,376,17561,1207132,133,13055,42.85466,WI,4,CALL,0,Chicago,783844,Riverview Branch,1,,Waukesha,COMMERCIAL LENDING,Central District,0,,0,4,,WI,1,Wisconsin,7,FDIC,Chicago,768388,,0,875 South Rochester Street,-88.325458,,MUKWONAGO,55133,"Milwaukee-Racine-Waukesha, WI",Mukwonago,21,55133,,"Milwaukee-Waukesha, WI",Citizens Bank,Mukwonago,WI,2019_13055_4
53149,DIF,NM,United States,53150,STATE,33340,228819,Wisconsin,9/18/1995,2019,State Agency,12,55,M,9,12655,United States,"CITIZENS BANK HOLDING, INC.",0,3,0,669221,,Muskego,ONE,CB,US_Zipcode,,STATE,0,,0,301 North Rochester,376,16363,1207132,133,13055,42.882925,WI,4,CALL,0,Chicago,783844,Muskego Branch,1,,Waukesha,COMMERCIAL LENDING,Central District,0,,0,5,,WI,1,Wisconsin,7,FDIC,Chicago,768388,,0,S74 W17005 South Janesville Road,-88.1263,,MUKWONAGO,55133,"Milwaukee-Racine-Waukesha, WI",Mukwonago,21,55133,,"Milwaukee-Waukesha, WI",Citizens Bank,Muskego,WI,2019_13055_5
53149,DIF,NM,United States,53120,STATE,0,228820,Wisconsin,11/13/1996,2019,State Agency,12,55,M,9,12655,United States,"CITIZENS BANK HOLDING, INC.",0,3,0,669221,,East Troy,ONE,CB,US_Streets,,STATE,0,,0,301 North Rochester,376,19014,1207132,127,13055,42.783589,WI,4,CALL,0,Chicago,783844,East Troy Branch,0,,Walworth,COMMERCIAL LENDING,Central District,0,,1,6,,WI,1,Wisconsin,7,FDIC,Chicago,768388,,0,3238 West Main Street,-88.422466,,MUKWONAGO,55133,"Milwaukee-Racine-Waukesha, WI",Mukwonago,21,55127,,,Citizens Bank,East Troy,WI,2019_13055_6
53149,DIF,NM,United States,53149,STATE,33340,228821,Wisconsin,2/18/1997,2019,State Agency,29,55,M,9,12655,United States,"CITIZENS BANK HOLDING, INC.",0,3,0,669221,,Mukwonago,ONE,CB,US_Zipcode,C,STATE,0,0,0,301 North Rochester,376,0,1207132,133,13055,42.875633,WI,4,CALL,0,Chicago,783844,Linden Grove Nursing Home Branch,1,,Waukesha,COMMERCIAL LENDING,Central District,0,,0,7,,WI,1,Wisconsin,7,FDIC,Chicago,768388,,0,841 County Nn East,-88.343828,,MUKWONAGO,55133,"Milwaukee-Racine-Waukesha, WI",Mukwonago,21,55133,,"Milwaukee-Waukesha, WI",Citizens Bank,Mukwonago,WI,2019_13055_7
53149,DIF,NM,United States,53119,STATE,33340,228822,Wisconsin,9/21/1999,2019,State Agency,11,55,M,9,12655,United States,"CITIZENS BANK HOLDING, INC.",0,3,0,669221,,Eagle,ONE,CB,US_Zipcode,,STATE,0,,0,301 North Rochester,376,31712,1207132,133,13055,42.887321,WI,4,CALL,0,Chicago,783844,Eagle Branch,1,,Waukesha,COMMERCIAL LENDING,Central District,0,,0,8,,WI,1,Wisconsin,7,FDIC,Chicago,768388,,0,S90 W35680 Highway Nn,-88.483409,,MUKWONAGO,55133,"Milwaukee-Racine-Waukesha, WI",Mukwonago,21,55133,,"Milwaukee-Waukesha, WI",Citizens Bank,Eagle,WI,2019_13055_8
53149,DIF,NM,United States,53151,STATE,33340,228823,Wisconsin,12/13/1999,2019,State Agency,11,55,M,9,12655,United States,"CITIZENS BANK HOLDING, INC.",0,3,0,669221,,New Berlin,ONE,CB,US_RoofTop,,STATE,0,,0,301 North Rochester,376,39394,1207132,133,13055,42.94574,WI,4,CALL,0,Chicago,783844,New Berlin Branch,1,,Waukesha,COMMERCIAL LENDING,Central District,0,,0,9,,WI,1,Wisconsin,7,FDIC,Chicago,768388,,0,5450 South Moorland Road,-88.10893,,MUKWONAGO,55133,"Milwaukee-Racine-Waukesha, WI",Mukwonago,21,55133,,"Milwaukee-Waukesha, WI",Citizens Bank,New Berlin,WI,2019_13055_9
54014,DIF,N,United States,54014,OCC,33460,8254,Wisconsin,1/1/1917,2019,Comptroller of the Currency,11,55,T,9,0,United States,LAKE SHORE III CORPORATION,0,3,170003,170003,,Hager City,MULT,CB,US_Streets,M,FED,1,,0,N 1555 770th Street,378,25522,4465559,93,13058,44.600849,WI,4,CALL,0,Chicago,505550,Hiawatha National Bank,1,,Pierce,COMMERCIAL LENDING,Central District,0,,0,0,,WI,1,Wisconsin,9,OCC,Minneapolis,213609,,0,N 1555 770th Street,-92.517731,,GLENWOOD CITY,55093,"Minneapolis-St. Paul, MN-WI",Hager City,3,55093,,"Minneapolis-St. Paul-Bloomington, MN-WI",Hiawatha National Bank,Hager City,WI,2019_13058_0
54014,DIF,N,United States,54750,OCC,33460,3613,Wisconsin,9/2/1919,2019,Comptroller of the Currency,11,55,M,9,0,United States,LAKE SHORE III CORPORATION,0,3,0,170003,,Maiden Rock,MULT,CB,US_Zipcode,,FED,0,,0,N 1555 770th Street,378,14036,4465559,93,13058,44.618279,WI,4,CALL,0,Chicago,505550,Maiden Rock Branch,1,,Pierce,COMMERCIAL LENDING,Central District,0,10/7/1996,0,2,,WI,1,Wisconsin,9,OCC,Minneapolis,213609,,0,"W3532 Main Street, Highway 35",-92.292402,,GLENWOOD CITY,55093,"Minneapolis-St. Paul, MN-WI",Hager City,3,55093,,"Minneapolis-St. Paul-Bloomington, MN-WI",Hiawatha National Bank,Maiden Rock,WI,2019_13058_2
54014,DIF,N,United States,54013,OCC,33460,776,Wisconsin,01/01/1896,2019,Comptroller of the Currency,11,55,M,9,0,United States,LAKE SHORE III CORPORATION,0,3,0,170003,,Glenwood City,MULT,CB,US_Streets,,FED,0,,0,N 1555 770th Street,378,85703,4465559,109,13058,45.058719,WI,4,CALL,0,Chicago,505550,Glenwood City Branch,1,,St. Croix,COMMERCIAL LENDING,Central District,0,2/28/1998,0,3,,WI,1,Wisconsin,9,OCC,Minneapolis,213609,,0,220 East Oak Street,-92.170418,,GLENWOOD CITY,55093,"Minneapolis-St. Paul, MN-WI",Hager City,3,55109,,"Minneapolis-St. Paul-Bloomington, MN-WI",Hiawatha National Bank,Glenwood City,WI,2019_13058_3
54014,DIF,N,United States,54020,OCC,0,535364,Wisconsin,11/1/2012,2019,Comptroller of the Currency,11,55,M,9,0,United States,LAKE SHORE III CORPORATION,0,3,0,170003,,Osceola,MULT,CB,100,,FED,0,,0,N 1555 770th Street,0,30278,4465559,95,13058,45.316942,WI,4,CALL,0,Chicago,505550,Hiawatha National Bank Branch,0,,Polk,COMMERCIAL LENDING,Central District,0,,0,6,,WI,1,Wisconsin,9,OCC,Minneapolis,213609,,0,409 S Cascade Street,-92.704439,,GLENWOOD CITY,55093,,Hager City,3,55095,,,Hiawatha National Bank,Osceola,WI,2019_13058_6
54014,DIF,N,United States,54016,OCC,33460,557501,Wisconsin,11/1/2013,2019,Comptroller of the Currency,11,55,POINTADDRESS,9,0,United States,LAKE SHORE III CORPORATION,0,3,0,170003,,Hudson,MULT,CB,100,,FED,0,,0,N 1555 770th Street,378,14464,4465559,109,13058,44.961383,WI,4,CALL,0,Chicago,505550,Hiawatha National Bank Branch,1,,St. Croix,COMMERCIAL LENDING,Central District,0,,0,7,,WI,1,Wisconsin,9,OCC,Minneapolis,213609,,0,2212 Crest View Drive,-92.727958,,GLENWOOD CITY,55093,"Minneapolis-St. Paul, MN-WI",Hager City,3,55109,,"Minneapolis-St. Paul-Bloomington, MN-WI",Hiawatha National Bank,Hudson,WI,2019_13058_7
54208,DIF,NM,United States,54208,STATE,24580,8375,Wisconsin,3/21/1909,2019,State Agency,11,55,M,9,11945,United States,"DENMARK BANCSHARES, INC.",0,3,430193,430193,,Denmark,ONE,CB,US_Streets,M,STATE,1,,0,103 Main Street,267,164389,1209789,9,13240,44.347877,WI,2,CALL,0,Chicago,222446,Denmark State Bank,1,,Brown,AGRICULTURAL,Central District,0,,0,0,,WI,1,Wisconsin,7,FDIC,Chicago,505358,,0,103 Main Street,-87.826725,,DENMARK,55009,"Green Bay-Shawano, WI",Denmark,21,55009,,"Green Bay, WI",Denmark State Bank,Denmark,WI,2019_13240_0
54208,DIF,NM,United States,54311,STATE,24580,229370,Wisconsin,11/11/1969,2019,State Agency,11,55,M,9,11945,United States,"DENMARK BANCSHARES, INC.",0,3,0,430193,,Green Bay,ONE,CB,US_Streets,,STATE,0,,0,103 Main Street,267,153633,1209789,9,13240,44.457652,WI,2,CALL,0,Chicago,222446,Noel Drive Branch,1,,Brown,AGRICULTURAL,Central District,0,,0,1,,WI,1,Wisconsin,7,FDIC,Chicago,505358,,0,2646 Noel Drive,-87.949895,,DENMARK,55009,"Green Bay-Shawano, WI",Denmark,21,55009,,"Green Bay, WI",Denmark State Bank,Green Bay,WI,2019_13240_1
54208,DIF,NM,United States,54166,STATE,0,602726,Wisconsin,10/2/2017,2019,State Agency,11,55,EXACT,9,11945,United States,"DENMARK BANCSHARES, INC.",0,3,0,430193,,Shawano,ONE,CB,100,,STATE,0,,0,103 Main Street,267,6357,1209789,115,13240,44.779472,WI,2,CALL,0,Chicago,222446,Shawano Branch,0,,Shawano,AGRICULTURAL,Central District,0,,1,10,,WI,1,Wisconsin,7,FDIC,Chicago,505358,,0,219 S Main St,-88.60934,,DENMARK,55009,"Green Bay-Shawano, WI",Denmark,21,55115,,,Denmark State Bank,Shawano,WI,2019_13240_10
54208,DIF,NM,United States,54247,STATE,0,233303,Wisconsin,4/7/1934,2019,State Agency,11,55,M,9,11945,United States,"DENMARK BANCSHARES, INC.",0,3,0,430193,,Whitelaw,ONE,CB,US_Streets,,STATE,0,,0,103 Main Street,0,41906,1209789,71,13240,44.142806,WI,2,CALL,0,Chicago,222446,Whitelaw Branch,0,,Manitowoc,AGRICULTURAL,Central District,0,10/1/1986,1,3,,WI,1,Wisconsin,7,FDIC,Chicago,505358,,0,202 North Hickory Street,-87.829385,,DENMARK,55009,,Denmark,21,55071,,,Denmark State Bank,Whitelaw,WI,2019_13240_3
54208,DIF,NM,United States,54230,STATE,0,7848,Wisconsin,12/1/1906,2019,State Agency,11,55,M,9,11945,United States,"DENMARK BANCSHARES, INC.",0,3,0,430193,,Reedsville,ONE,CB,US_Streets,,STATE,0,,0,103 Main Street,0,36749,1209789,71,13240,44.153245,WI,2,CALL,0,Chicago,222446,Manitowoc Street Branch,0,,Manitowoc,AGRICULTURAL,Central District,0,8/2/1997,1,4,,WI,1,Wisconsin,7,FDIC,Chicago,505358,,0,427 Manitowoc Street,-87.95489,,DENMARK,55009,,Denmark,21,55071,,,Denmark State Bank,Reedsville,WI,2019_13240_4
54208,DIF,NM,United States,54303,STATE,24580,587380,Wisconsin,3/14/2017,2019,State Agency,11,55,POINTADDRESS,9,11945,United States,"DENMARK BANCSHARES, INC.",0,3,0,430193,,Green Bay,ONE,CB,100,,STATE,0,,0,103 Main Street,267,13945,1209789,9,13240,44.563198,WI,2,CALL,0,Chicago,222446,Howard Branch,1,,Brown,AGRICULTURAL,Central District,0,,0,7,,WI,1,Wisconsin,7,FDIC,Chicago,505358,,0,"2450 Velp Avenue, Suite 101",-88.074319,,DENMARK,55009,"Green Bay-Shawano, WI",Denmark,21,55009,,"Green Bay, WI",Denmark State Bank,Green Bay,WI,2019_13240_7
54208,DIF,NM,United States,54115,STATE,24580,588474,Wisconsin,5/10/2017,2019,State Agency,11,55,STREETADDRESS,9,11945,United States,"DENMARK BANCSHARES, INC.",0,3,0,430193,,De Pere,ONE,CB,100,,STATE,0,,0,103 Main Street,267,13214,1209789,9,13240,44.43055,WI,2,CALL,0,Chicago,222446,Lawrence Branch,1,,Brown,AGRICULTURAL,Central District,0,,0,9,,WI,1,Wisconsin,7,FDIC,Chicago,505358,,0,1740 Scheuring Road,-88.117801,,DENMARK,55009,"Green Bay-Shawano, WI",Denmark,21,55009,,"Green Bay, WI",Denmark State Bank,De Pere,WI,2019_13240_9
53594,DIF,NM,United States,53594,STATE,0,8377,Wisconsin,01/01/1897,2019,State Agency,11,55,M,9,0,United States,"MAUNESHA BANCSHARES, INC.",0,3,131714,131714,,Waterloo,ONE,CB,US_Streets,M,STATE,1,,0,210 West Madison,376,80561,3087039,55,13242,43.183723,WI,4,CALL,0,Chicago,79145,Farmers & Merchants State Bank,0,,Jefferson,COMMERCIAL LENDING,Central District,0,,1,0,,WI,1,Wisconsin,7,FDIC,Chicago,181892,,0,210 West Madison,-88.99199,,WATERLOO,55055,"Milwaukee-Racine-Waukesha, WI",Waterloo,21,55055,,,Farmers & Merchants State Bank,Waterloo,WI,2019_13242_0
53594,DIF,NM,United States,53559,STATE,31540,229374,Wisconsin,2/8/1937,2019,State Agency,11,55,M,9,0,United States,"MAUNESHA BANCSHARES, INC.",0,3,0,131714,,Marshall,ONE,CB,US_RoofTop,,STATE,0,,0,210 West Madison,357,51153,3087039,25,13242,43.168226,WI,4,CALL,0,Chicago,79145,Marshall Branch,1,,Dane,COMMERCIAL LENDING,Central District,0,,0,1,,WI,1,Wisconsin,7,FDIC,Chicago,181892,,0,218 West Main,-89.065595,,WATERLOO,55055,"Madison-Janesville-Beloit, WI",Waterloo,21,55025,,"Madison, WI",Farmers & Merchants State Bank,Marshall,WI,2019_13242_1
54217,DIF,NM,United States,54217,STATE,24580,8390,Wisconsin,10/3/1903,2019,State Agency,11,55,M,9,12871,United States,"LUXEMBURG BANCSHARES, INC.",0,3,316643,316643,,Luxemburg,ONE,CB,US_Streets,M,STATE,1,,0,630 Main Street,267,109052,1209743,61,13264,44.539977,WI,4,CALL,0,Chicago,580548,Bank Of Luxemburg,1,,Kewaunee,COMMERCIAL LENDING,Central District,0,,0,0,,WI,1,Wisconsin,7,FDIC,Chicago,371134,,0,630 Main Street,-87.703451,,LUXEMBURG,55061,"Green Bay-Shawano, WI",Luxemburg,21,55061,,"Green Bay, WI",Bank of Luxemburg,Luxemburg,WI,2019_13264_0
54217,DIF,NM,United States,54217,STATE,24580,229401,Wisconsin,5/4/1987,2019,State Agency,11,55,M,9,12871,United States,"LUXEMBURG BANCSHARES, INC.",0,3,0,316643,,Luxemburg,ONE,CB,US_Zipcode,,STATE,0,,0,630 Main Street,267,28396,1209743,61,13264,44.550465,WI,4,CALL,0,Chicago,580548,Dyckesville Branch,1,,Kewaunee,COMMERCIAL LENDING,Central District,0,,0,1,,WI,1,Wisconsin,7,FDIC,Chicago,371134,,0,State Route 57 And County Trunk S,-87.714945,,LUXEMBURG,55061,"Green Bay-Shawano, WI",Luxemburg,21,55061,,"Green Bay, WI",Bank of Luxemburg,Dyckesville,WI,2019_13264_1
54217,DIF,NM,United States,54302,STATE,24580,229402,Wisconsin,10/2/1989,2019,State Agency,11,55,M,9,12871,United States,"LUXEMBURG BANCSHARES, INC.",0,3,0,316643,,Green Bay,ONE,CB,US_Streets,,STATE,0,,0,630 Main Street,267,50345,1209743,9,13264,44.474758,WI,4,CALL,0,Chicago,580548,Banking Center Of Bellevue Branch,1,,Brown,COMMERCIAL LENDING,Central District,0,,0,2,,WI,1,Wisconsin,7,FDIC,Chicago,371134,,0,1311 Bellevue Street,-87.999414,,LUXEMBURG,55061,"Green Bay-Shawano, WI",Luxemburg,21,55009,,"Green Bay, WI",Bank of Luxemburg,Green Bay,WI,2019_13264_2
54217,DIF,NM,United States,54205,STATE,24580,229403,Wisconsin,5/24/1999,2019,State Agency,11,55,M,9,12871,United States,"LUXEMBURG BANCSHARES, INC.",0,3,0,316643,,Casco,ONE,CB,US_Zipcode,,STATE,0,,0,630 Main Street,267,18272,1209743,61,13264,44.595681,WI,4,CALL,0,Chicago,580548,Casco Branch,1,,Kewaunee,COMMERCIAL LENDING,Central District,0,,0,3,,WI,1,Wisconsin,7,FDIC,Chicago,371134,,0,100 Old Orchard Ave,-87.617909,,LUXEMBURG,55061,"Green Bay-Shawano, WI",Luxemburg,21,55061,,"Green Bay, WI",Bank of Luxemburg,Casco,WI,2019_13264_3
54217,DIF,NM,United States,54217,STATE,24580,334299,Wisconsin,5/1/1996,2019,State Agency,23,55,M,9,12871,United States,"LUXEMBURG BANCSHARES, INC.",0,3,0,316643,,Luxemburg,ONE,CB,US_Streets,C,STATE,0,0,0,630 Main Street,267,0,1209743,61,13264,44.545288,WI,4,CALL,0,Chicago,580548,Center Drive Branch,1,,Kewaunee,COMMERCIAL LENDING,Central District,0,,0,4,,WI,1,Wisconsin,7,FDIC,Chicago,371134,,0,602 Center Drive,-87.697012,,LUXEMBURG,55061,"Green Bay-Shawano, WI",Luxemburg,21,55061,,"Green Bay, WI",Bank of Luxemburg,Luxemburg,WI,2019_13264_4
54217,DIF,NM,United States,54201,STATE,24580,43656,Wisconsin,1/1/1924,2019,State Agency,11,55,M,9,12871,United States,"LUXEMBURG BANCSHARES, INC.",0,3,0,316643,,Algoma,ONE,CB,US_Streets,,STATE,0,,0,630 Main Street,267,53215,1209743,61,13264,44.607704,WI,4,CALL,0,Chicago,580548,510 Second Street Branch,1,,Kewaunee,COMMERCIAL LENDING,Central District,0,6/27/2008,0,7,,WI,1,Wisconsin,7,FDIC,Chicago,371134,,0,510 Second Street,-87.436209,,LUXEMBURG,55061,"Green Bay-Shawano, WI",Luxemburg,21,55061,,"Green Bay, WI",Bank of Luxemburg,Algoma,WI,2019_13264_7
54217,DIF,NM,United States,54235,STATE,0,546629,Wisconsin,1/13/2014,2019,State Agency,11,55,PointAddress,9,12871,United States,"LUXEMBURG BANCSHARES, INC.",0,3,0,316643,,Sturgeon Bay,ONE,CB,92.43,,STATE,0,,0,630 Main Street,0,34112,1209743,29,13264,44.823192,WI,4,CALL,0,Chicago,580548,Sturgeon Bay Wi Branch,0,,Door,COMMERCIAL LENDING,Central District,0,,0,8,,WI,1,Wisconsin,7,FDIC,Chicago,371134,,0,519 Lansing Avenue,-87.387199,,LUXEMBURG,55061,,Luxemburg,21,55029,,,Bank of Luxemburg,Sturgeon Bay,WI,2019_13264_8
54217,DIF,NM,United States,54216,STATE,24580,580418,Wisconsin,2/2/2016,2019,State Agency,11,55,STREETADDRESS,9,12871,United States,"LUXEMBURG BANCSHARES, INC.",0,3,0,316643,,Kewaunee,ONE,CB,100,,STATE,0,,0,630 Main Street,267,23251,1209743,61,13264,44.454512,WI,4,CALL,0,Chicago,580548,Kewaunee Office Branch,1,,Kewaunee,COMMERCIAL LENDING,Central District,0,,0,9,,WI,1,Wisconsin,7,FDIC,Chicago,371134,,0,980 Marquette Drive,-87.527237,,LUXEMBURG,55061,"Green Bay-Shawano, WI",Luxemburg,21,55061,,"Green Bay, WI",Bank of Luxemburg,Kewaunee,WI,2019_13264_9
53929,DIF,NM,United States,53929,STATE,0,8470,Wisconsin,4/30/1932,2019,State Agency,11,55,M,9,12530,United States,"ROYAL BANCSHARES, INC.",0,3,373880,373880,,Elroy,ONE,CB,US_Streets,M,STATE,1,,0,202 Main Street,0,62402,1491904,57,13454,43.738379,WI,2,CALL,0,Chicago,532042,Royal Bank,0,,Juneau,AGRICULTURAL,Central District,0,,0,0,,WI,1,Wisconsin,7,FDIC,Chicago,443220,,0,202 Main Street,-90.270014,,ELROY,55057,,Elroy,21,55057,,,Royal Bank,Elroy,WI,2019_13454_0
53929,DIF,NM,United States,53556,STATE,0,6124,Wisconsin,3/8/1919,2019,State Agency,11,55,M,9,12530,United States,"ROYAL BANCSHARES, INC.",0,3,0,373880,,Lone Rock,ONE,CB,US_Streets,,STATE,0,,0,202 Main Street,0,13151,1491904,103,13454,43.182358,WI,2,CALL,0,Chicago,532042,Lone Rock Branch,0,,Richland,AGRICULTURAL,Central District,0,4/1/1992,0,1,,WI,1,Wisconsin,7,FDIC,Chicago,443220,,0,252 S Oak Street,-90.198012,,ELROY,55057,,Elroy,21,55103,,,Royal Bank,Lone Rock,WI,2019_13454_1
53929,DIF,NM,United States,53808,STATE,0,363727,Wisconsin,5/7/2002,2019,State Agency,11,55,M,9,12530,United States,"ROYAL BANCSHARES, INC.",0,3,0,373880,,Dickeyville,ONE,CB,US_Zipcode,,STATE,0,,0,202 Main Street,0,12985,1491904,43,13454,42.627198,WI,2,CALL,0,Chicago,532042,Dickeyville Branch,0,,Grant,AGRICULTURAL,Central District,0,,1,10,,WI,1,Wisconsin,7,FDIC,Chicago,443220,,0,100 Splinter Avenue,-90.593305,,ELROY,55057,,Elroy,21,55043,,,Royal Bank,Dickeyville,WI,2019_13454_10
53929,DIF,NM,United States,53910,STATE,0,280302,Wisconsin,1/1/1920,2019,State Agency,11,55,POINTADDRESS,9,12530,United States,"ROYAL BANCSHARES, INC.",0,3,0,373880,,Adams,ONE,CB,100,,STATE,0,,0,202 Main Street,0,22061,1491904,1,13454,43.956127,WI,2,CALL,0,Chicago,532042,Adams Branch,0,,Adams,AGRICULTURAL,Central District,0,4/13/2007,0,11,,WI,1,Wisconsin,7,FDIC,Chicago,443220,,0,185 South Main Street,-89.817659,,ELROY,55057,,Elroy,21,55001,,,Royal Bank,Adams,WI,2019_13454_11
53929,DIF,NM,United States,53950,STATE,0,280303,Wisconsin,1/1/1920,2019,State Agency,11,55,POINTADDRESS,9,12530,United States,"ROYAL BANCSHARES, INC.",0,3,0,373880,,New Lisbon,ONE,CB,100,,STATE,0,,0,202 Main Street,0,15384,1491904,57,13454,43.879532,WI,2,CALL,0,Chicago,532042,New Lisbon Branch,0,,Juneau,AGRICULTURAL,Central District,0,4/13/2007,0,12,,WI,1,Wisconsin,7,FDIC,Chicago,443220,,0,201 E Bridge St,-90.165042,,ELROY,55057,,Elroy,21,55057,,,Royal Bank,New Lisbon,WI,2019_13454_12
53929,DIF,NM,United States,53948,STATE,0,280305,Wisconsin,1/1/1920,2019,State Agency,11,55,POINTADDRESS,9,12530,United States,"ROYAL BANCSHARES, INC.",0,3,0,373880,,Mauston,ONE,CB,100,,STATE,0,,0,202 Main Street,0,17565,1491904,57,13454,43.797801,WI,2,CALL,0,Chicago,532042,Mauston Branch,0,,Juneau,AGRICULTURAL,Central District,0,4/13/2007,0,13,,WI,1,Wisconsin,7,FDIC,Chicago,443220,,0,523 Gateway Avenue,-90.067608,,ELROY,55057,,Elroy,21,55057,,,Royal Bank,Mauston,WI,2019_13454_13
53929,DIF,NM,United States,53806,STATE,0,8396,Wisconsin,1/1/1910,2019,State Agency,11,55,POINTADDRESS,9,12530,United States,"ROYAL BANCSHARES, INC.",0,3,0,373880,,Cassville,ONE,CB,100,,STATE,0,,0,202 Main Street,0,45956,1491904,43,13454,42.713675,WI,2,CALL,0,Chicago,532042,Cassville Branch,0,,Grant,AGRICULTURAL,Central District,0,2/11/2011,1,15,,WI,1,Wisconsin,7,FDIC,Chicago,443220,,0,201 East Amelia Street,-90.989337,,ELROY,55057,,Elroy,21,55043,,,Royal Bank,Cassville,WI,2019_13454_15
53929,DIF,NM,United States,54665,STATE,0,41844,Wisconsin,7/1/1934,2019,State Agency,11,55,M,9,12530,United States,"ROYAL BANCSHARES, INC.",0,3,0,373880,,Viroqua,ONE,CB,US_Streets,,STATE,0,,0,202 Main Street,0,12135,1491904,123,13454,43.558183,WI,2,CALL,0,Chicago,532042,Viroqua Branch,0,,Vernon,AGRICULTURAL,Central District,0,5/15/2015,0,16,,WI,1,Wisconsin,7,FDIC,Chicago,443220,,0,311 North Main Street,-90.889279,,ELROY,55057,,Elroy,21,55123,,,Royal Bank,Viroqua,WI,2019_13454_16
53929,DIF,NM,United States,53813,STATE,0,580032,Wisconsin,6/13/2016,2019,State Agency,11,55,StreetAddress,9,12530,United States,"ROYAL BANCSHARES, INC.",0,3,0,373880,,Lancaster,ONE,CB,100,,STATE,0,,0,202 Main Street,0,3992,1491904,43,13454,42.84736,WI,2,CALL,0,Chicago,532042,Lancaster Branch,0,,Grant,AGRICULTURAL,Central District,0,,1,17,,WI,1,Wisconsin,7,FDIC,Chicago,443220,,0,142 Hwy 61 N,-90.709581,,ELROY,55057,,Elroy,21,55043,,,Royal Bank,Lancaster,WI,2019_13454_17
53929,DIF,NM,United States,53924,STATE,0,9495,Wisconsin,11/21/1906,2019,State Agency,11,55,M,9,12530,United States,"ROYAL BANCSHARES, INC.",0,3,0,373880,,Cazenovia,ONE,CB,US_Streets,,STATE,0,,0,202 Main Street,0,11914,1491904,103,13454,43.522965,WI,2,CALL,0,Chicago,532042,Cazenovia Branch,0,,Richland,AGRICULTURAL,Central District,0,7/14/2017,0,18,,WI,1,Wisconsin,7,FDIC,Chicago,443220,,0,110 E Main St,-90.195937,,ELROY,55057,,Elroy,21,55103,,,Royal Bank,Cazenovia,WI,2019_13454_18
53929,DIF,NM,United States,53941,STATE,0,233271,Wisconsin,4/16/1934,2019,State Agency,11,55,M,9,12530,United States,"ROYAL BANCSHARES, INC.",0,3,0,373880,,La Valle,ONE,CB,100,,STATE,0,,0,202 Main Street,357,18657,1491904,111,13454,43.58265,WI,2,CALL,0,Chicago,532042,La Valle Branch,0,,Sauk,AGRICULTURAL,Central District,0,7/14/2017,1,19,,WI,1,Wisconsin,7,FDIC,Chicago,443220,,0,210 W Main Street,-90.132749,,ELROY,55057,"Madison-Janesville-Beloit, WI",Elroy,21,55111,,,Royal Bank,La Valle,WI,2019_13454_19
53929,DIF,NM,United States,53506,STATE,31540,220319,Wisconsin,10/1/1934,2019,State Agency,11,55,M,9,12530,United States,"ROYAL BANCSHARES, INC.",0,3,0,373880,,Avoca,ONE,CB,US_Streets,,STATE,0,,0,202 Main Street,357,6569,1491904,49,13454,43.182051,WI,2,CALL,0,Chicago,532042,Avoca Branch,1,,Iowa,AGRICULTURAL,Central District,0,4/1/1992,0,2,,WI,1,Wisconsin,7,FDIC,Chicago,443220,,0,102 North 4th Street,-90.326068,,ELROY,55057,"Madison-Janesville-Beloit, WI",Elroy,21,55049,,"Madison, WI",Royal Bank,Avoca,WI,2019_13454_2
53929,DIF,NM,United States,53588,STATE,0,220320,Wisconsin,10/29/1990,2019,State Agency,11,55,M,9,12530,United States,"ROYAL BANCSHARES, INC.",0,3,0,373880,,Spring Green,ONE,CB,100,,STATE,0,,0,202 Main Street,357,20754,1491904,111,13454,43.176323,WI,2,CALL,0,Chicago,532042,Spring Green Branch,0,,Sauk,AGRICULTURAL,Central District,0,4/1/1992,1,3,,WI,1,Wisconsin,7,FDIC,Chicago,443220,,0,152 South Worcester Street,-90.066839,,ELROY,55057,"Madison-Janesville-Beloit, WI",Elroy,21,55111,,,Royal Bank,Spring Green,WI,2019_13454_3
53929,DIF,NM,United States,54634,STATE,0,273333,Wisconsin,10/31/1934,2019,State Agency,11,55,M,9,12530,United States,"ROYAL BANCSHARES, INC.",0,3,0,373880,,Hillsboro,ONE,CB,US_Streets,,STATE,0,,0,202 Main Street,0,18222,1491904,123,13454,43.650254,WI,2,CALL,0,Chicago,532042,Hillsboro Branch,0,,Vernon,AGRICULTURAL,Central District,0,2/19/1993,0,4,,WI,1,Wisconsin,7,FDIC,Chicago,443220,,0,731 Water Avenue,-90.340549,,ELROY,55057,,Elroy,21,55123,,,Royal Bank,Hillsboro,WI,2019_13454_4
53929,DIF,NM,United States,53930,STATE,0,221694,Wisconsin,9/2/1935,2019,State Agency,11,55,M,9,12530,United States,"ROYAL BANCSHARES, INC.",0,3,0,373880,,Endeavor,ONE,CB,US_Streets,,STATE,0,,0,202 Main Street,0,4749,1491904,77,13454,43.707956,WI,2,CALL,0,Chicago,532042,Endeavor Branch,0,,Marquette,AGRICULTURAL,Central District,0,9/12/1997,0,5,,WI,1,Wisconsin,7,FDIC,Chicago,443220,,0,551 South Church Street,-89.465687,,ELROY,55057,,Elroy,21,55077,,,Royal Bank,Endeavor,WI,2019_13454_5
53929,DIF,NM,United States,54618,STATE,0,227291,Wisconsin,1/8/1934,2019,State Agency,11,55,POINTADDRESS,9,12530,United States,"ROYAL BANCSHARES, INC.",0,3,0,373880,,Camp Douglas,ONE,CB,100,,STATE,0,,0,202 Main Street,0,10181,1491904,57,13454,43.919395,WI,2,CALL,0,Chicago,532042,Camp Douglas Branch,0,,Juneau,AGRICULTURAL,Central District,0,9/12/1997,0,6,,WI,1,Wisconsin,7,FDIC,Chicago,443220,,0,129 Main Street,-90.26811,,ELROY,55057,,Elroy,21,55057,,,Royal Bank,Camp Douglas,WI,2019_13454_6
53929,DIF,NM,United States,54631,STATE,0,6891,Wisconsin,9/1/1904,2019,State Agency,11,55,T,9,12530,United States,"ROYAL BANCSHARES, INC.",0,3,0,373880,,Gays Mills,ONE,CB,US_Streets,,STATE,0,,0,202 Main Street,0,21189,1491904,23,13454,43.316901,WI,2,CALL,0,Chicago,532042,Gays Mills Branch,0,,Crawford,AGRICULTURAL,Central District,0,7/1/1998,0,7,,WI,1,Wisconsin,7,FDIC,Chicago,443220,,0,114 Hwy 171 East,-90.843581,,ELROY,55057,,Elroy,21,55023,,,Royal Bank,Gays Mills,WI,2019_13454_7
53929,DIF,NM,United States,53526,STATE,31540,9073,Wisconsin,3/18/1910,2019,State Agency,11,55,M,9,12530,United States,"ROYAL BANCSHARES, INC.",0,3,0,373880,,Cobb,ONE,CB,US_Streets,,STATE,0,,0,202 Main Street,357,40281,1491904,49,13454,42.967347,WI,2,CALL,0,Chicago,532042,Cobb Branch,1,,Iowa,AGRICULTURAL,Central District,0,7/1/1998,0,8,,WI,1,Wisconsin,7,FDIC,Chicago,443220,,0,104 W Main Street,-90.329935,,ELROY,55057,"Madison-Janesville-Beloit, WI",Elroy,21,55049,,"Madison, WI",Royal Bank,Cobb,WI,2019_13454_8
53929,DIF,NM,United States,53952,STATE,0,221696,Wisconsin,10/4/1902,2019,State Agency,11,55,M,9,12530,United States,"ROYAL BANCSHARES, INC.",0,3,0,373880,,Oxford,ONE,CB,US_Streets,,STATE,0,,0,202 Main Street,0,15733,1491904,77,13454,43.781353,WI,2,CALL,0,Chicago,532042,Oxford Branch,0,,Marquette,AGRICULTURAL,Central District,0,5/7/1999,0,9,,WI,1,Wisconsin,7,FDIC,Chicago,443220,,0,107 East Ormsby Street,-89.572474,,ELROY,55057,,Elroy,21,55077,,,Royal Bank,Oxford,WI,2019_13454_9
53590,DIF,NM,United States,53590,STATE,31540,8481,Wisconsin,8/8/1903,2019,State Agency,11,55,M,9,15599,United States,"BOSP BANCSHARES, INC.",0,3,355461,355461,,Sun Prairie,ONE,CB,US_RoofTop,M,STATE,1,,0,228 East Main Street,357,243542,3808113,25,13565,43.183303,WI,4,CALL,0,Chicago,124344,Bank Of Sun Prairie,1,,Dane,COMMERCIAL LENDING,Central District,0,,0,0,,WI,1,Wisconsin,7,FDIC,Chicago,434169,,0,228 East Main Street,-89.216109,,SUN PRAIRIE,55025,"Madison-Janesville-Beloit, WI",Sun Prairie,21,55025,,"Madison, WI",Bank of Sun Prairie,Sun Prairie,WI,2019_13565_0
53590,DIF,NM,United States,53590,STATE,31540,229686,Wisconsin,5/8/1990,2019,State Agency,11,55,M,9,15599,United States,"BOSP BANCSHARES, INC.",0,3,0,355461,,Sun Prairie,ONE,CB,US_Streets,,STATE,0,,0,228 East Main Street,357,35492,3808113,25,13565,43.186955,WI,4,CALL,0,Chicago,124344,Broadway Office,1,,Dane,COMMERCIAL LENDING,Central District,0,,0,1,,WI,1,Wisconsin,7,FDIC,Chicago,434169,,0,550 Broadway Drive,-89.241587,,SUN PRAIRIE,55025,"Madison-Janesville-Beloit, WI",Sun Prairie,21,55025,,"Madison, WI",Bank of Sun Prairie,Sun Prairie,WI,2019_13565_1
53590,DIF,NM,United States,53527,STATE,31540,432879,Wisconsin,10/18/2004,2019,State Agency,11,55,M,9,15599,United States,"BOSP BANCSHARES, INC.",0,3,0,355461,,Cottage Grove,ONE,CB,US_Streets,,STATE,0,,0,228 East Main Street,357,37993,3808113,25,13565,43.086705,WI,4,CALL,0,Chicago,124344,Cottage Grove Branch,1,,Dane,COMMERCIAL LENDING,Central District,0,,0,4,,WI,1,Wisconsin,7,FDIC,Chicago,434169,,0,419 West Cottage Grove Road,-89.209187,,SUN PRAIRIE,55025,"Madison-Janesville-Beloit, WI",Sun Prairie,21,55025,,"Madison, WI",Bank of Sun Prairie,Cottage Grove,WI,2019_13565_4
53590,DIF,NM,United States,53590,STATE,31540,572713,Wisconsin,10/19/2015,2019,State Agency,11,55,STREETADDRESS,9,15599,United States,"BOSP BANCSHARES, INC.",0,3,0,355461,,Sun Prairie,ONE,CB,100,,STATE,0,,0,228 East Main Street,357,38435,3808113,25,13565,43.169167,WI,4,CALL,0,Chicago,124344,Grand Avenue Office Branch,1,,Dane,COMMERCIAL LENDING,Central District,0,,0,5,,WI,1,Wisconsin,7,FDIC,Chicago,434169,,0,695 South Grand Avenue,-89.266371,,SUN PRAIRIE,55025,"Madison-Janesville-Beloit, WI",Sun Prairie,21,55025,,"Madison, WI",Bank of Sun Prairie,Sun Prairie,WI,2019_13565_5
54616,DIF,NM,United States,54616,STATE,0,8489,Wisconsin,10/07/1899,2019,State Agency,11,55,M,9,12812,United States,LAKE SHORE III CORPORATION,1,3,83356,83356,,Blair,MULT,CB,US_Zipcode,M,STATE,1,,0,123 Urberg Street,0,83356,4465559,121,13580,44.297132,WI,4,CALL,0,Chicago,506052,Union Bank Of Blair,0,,Trempealeau,COMMERCIAL LENDING,Central District,0,,0,0,,WI,1,Wisconsin,9,FDIC,Minneapolis,108061,,0,123 Urberg Street,-91.231251,,GLENWOOD CITY,55121,,Blair,21,55121,,,Union Bank of Blair,Blair,WI,2019_13580_0
53511,DIF,NM,United States,53511,STATE,27500,8801,Wisconsin,01/01/1881,2019,State Agency,11,55,M,9,11465,United States,"BLACKHAWK BANCORP, INC.",0,3,745511,745511,,Beloit,MULT,CB,US_Streets,M,STATE,1,,0,400 Broad Street,357,230030,1491913,105,14078,42.498622,WI,4,CALL,0,Chicago,27548,Blackhawk Bank,1,,Rock,COMMERCIAL LENDING,Central District,0,,0,0,,WI,1,Wisconsin,7,FDIC,Chicago,848168,,0,400 Broad Street,-89.035814,,BELOIT,55105,"Madison-Janesville-Beloit, WI",Beloit,21,55105,,"Janesville-Beloit, WI",Blackhawk  Bank,Beloit,WI,2019_14078_0
53511,DIF,NM,United States,61107,STATE,40420,230920,Wisconsin,9/1/1998,2019,State Agency,11,17,M,9,11465,United States,"BLACKHAWK BANCORP, INC.",0,3,0,745511,,Rockford,MULT,CB,US_Streets,,STATE,0,,0,400 Broad Street,466,193700,1491913,201,14078,42.290328,WI,4,CALL,0,Chicago,27548,Rockford Branch,1,,Winnebago,COMMERCIAL LENDING,Central District,0,,0,10,,IL,1,Illinois,7,FDIC,Chicago,848168,,0,2475 N. Perryville Road,-88.980178,,BELOIT,55105,"Rockford-Freeport-Rochelle, IL",Beloit,21,17201,,"Rockford, IL",Blackhawk  Bank,Rockford,WI,2019_14078_10
53511,DIF,NM,United States,61008,STATE,40420,238344,Wisconsin,10/12/1993,2019,State Agency,11,17,M,9,11465,United States,"BLACKHAWK BANCORP, INC.",0,3,0,745511,,Belvidere,MULT,CB,US_RoofTop,,STATE,0,,0,400 Broad Street,466,120721,1491913,7,14078,42.274514,WI,4,CALL,0,Chicago,27548,Belvidere Branch,1,,Boone,COMMERCIAL LENDING,Central District,0,10/1/2003,0,12,,IL,1,Illinois,7,FDIC,Chicago,848168,,0,2141 North State Street,-88.86619,,BELOIT,55105,"Rockford-Freeport-Rochelle, IL",Beloit,21,17007,,"Rockford, IL",Blackhawk  Bank,Belvidere,WI,2019_14078_12
53511,DIF,NM,United States,61115,STATE,40420,238346,Wisconsin,12/6/1999,2019,State Agency,11,17,M,9,11465,United States,"BLACKHAWK BANCORP, INC.",0,3,0,745511,,Machesney Park,MULT,CB,US_Streets,,STATE,0,,0,400 Broad Street,466,56820,1491913,201,14078,42.366931,WI,4,CALL,0,Chicago,27548,Machesney Park Branch,1,,Winnebago,COMMERCIAL LENDING,Central District,0,10/1/2003,0,14,,IL,1,Illinois,7,FDIC,Chicago,848168,,0,9609 Forest Hills Road,-89.01438,,BELOIT,55105,"Rockford-Freeport-Rochelle, IL",Beloit,21,17201,,"Rockford, IL",Blackhawk  Bank,Machesney Park,WI,2019_14078_14
53511,DIF,NM,United States,61109,STATE,40420,482169,Wisconsin,11/11/2008,2019,State Agency,11,17,M,9,11465,United States,"BLACKHAWK BANCORP, INC.",0,3,0,745511,,Rockford,MULT,CB,US_Streets,,STATE,0,,0,400 Broad Street,466,22948,1491913,201,14078,42.228785,WI,4,CALL,0,Chicago,27548,11th Street Branch,1,,Winnebago,COMMERCIAL LENDING,Central District,0,,0,15,,IL,1,Illinois,7,FDIC,Chicago,848168,,0,3101 11th Street,-89.072348,,BELOIT,55105,"Rockford-Freeport-Rochelle, IL",Beloit,21,17201,,"Rockford, IL",Blackhawk  Bank,Rockford,WI,2019_14078_15
53511,DIF,NM,United States,53545,STATE,27500,592848,Wisconsin,11/20/2017,2019,State Agency,11,55,EXACT,9,11465,United States,"BLACKHAWK BANCORP, INC.",0,3,0,745511,,Janesville,MULT,CB,100,,STATE,0,,0,400 Broad Street,357,11807,1491913,105,14078,42.713454,WI,4,CALL,0,Chicago,27548,Blackhawk Bank Milton Branch,1,,Rock,COMMERCIAL LENDING,Central District,0,,0,17,,WI,1,Wisconsin,7,FDIC,Chicago,848168,,0,2525 Milton Avenue,-89.001422,,BELOIT,55105,"Madison-Janesville-Beloit, WI",Beloit,21,55105,,"Janesville-Beloit, WI",Blackhawk  Bank,Janesville,WI,2019_14078_17
53511,DIF,NM,United States,60123,STATE,16980,596189,Wisconsin,3/5/2018,2019,State Agency,11,17,EXACT,9,11465,United States,"BLACKHAWK BANCORP, INC.",0,3,0,745511,,Elgin,MULT,CB,100,,STATE,0,,16984,400 Broad Street,176,7,1491913,31,14078,42.081038,WI,4,CALL,0,Chicago,27548,Elgin Branch,1,,Cook,COMMERCIAL LENDING,Central District,0,,0,18,,IL,1,Illinois,7,FDIC,Chicago,848168,,0,"2205 Point Boulevard, Suite 205",-88.331698,,BELOIT,55105,"Chicago-Naperville, IL-IN-WI",Beloit,21,17031,"Chicago-Naperville-Evanston, IL","Chicago-Naperville-Elgin, IL-IN-WI",Blackhawk  Bank,Elgin,WI,2019_14078_18
53511,DIF,NM,United States,53511,STATE,27500,230916,Wisconsin,2/1/1987,2019,State Agency,11,55,M,9,11465,United States,"BLACKHAWK BANCORP, INC.",0,3,0,745511,,Beloit,MULT,CB,US_Streets,,STATE,0,,0,400 Broad Street,357,40257,1491913,105,14078,42.533148,WI,4,CALL,0,Chicago,27548,Cranston Road Branch,1,,Rock,COMMERCIAL LENDING,Central District,0,,0,2,,WI,1,Wisconsin,7,FDIC,Chicago,848168,,0,2200 Cranston,-89.005063,,BELOIT,55105,"Madison-Janesville-Beloit, WI",Beloit,21,55105,,"Janesville-Beloit, WI",Blackhawk  Bank,Beloit,WI,2019_14078_2
53511,DIF,NM,United States,61073,STATE,40420,230919,Wisconsin,3/9/1998,2019,State Agency,11,17,EXACT,9,11465,United States,"BLACKHAWK BANCORP, INC.",0,3,0,745511,,Roscoe,MULT,CB,100,,STATE,0,,0,400 Broad Street,466,69220,1491913,201,14078,42.429153,WI,4,CALL,0,Chicago,27548,Roscoe Branch,1,,Winnebago,COMMERCIAL LENDING,Central District,0,,0,7,,IL,1,Illinois,7,FDIC,Chicago,848168,,0,5506 Clayton Circle,-89.010475,,BELOIT,55105,"Rockford-Freeport-Rochelle, IL",Beloit,21,17201,,"Rockford, IL",Blackhawk  Bank,Roscoe,WI,2019_14078_7
54736,DIF,SM,United States,54736,STATE,0,8879,Wisconsin,4/6/1934,2019,State Agency,11,55,M,9,13893,United States,SECURITY FINANCIAL SERVICES CORPORATION,0,,379527,379527,,Durand,ONE,CB,US_Streets,M,STATE,1,,0,212 West Prospect Street,0,152761,2848804,91,14222,44.626861,WI,2,CALL,0,Chicago,450959,Security Financial Bank,0,,Pepin,AGRICULTURAL,Other,0,,0,0,,WI,1,Wisconsin,9,FED,Minneapolis,483468,,0,212 West Prospect Street,-91.965355,,DURAND,55091,,Durand,13,55091,,,Security Financial Bank,Durand,WI,2019_14222_0
54736,DIF,SM,United States,54022,STATE,33460,439716,Wisconsin,4/4/2005,2019,State Agency,11,55,M,9,13893,United States,SECURITY FINANCIAL SERVICES CORPORATION,0,,0,379527,,River Falls,ONE,CB,US_Zipcode,,STATE,0,,0,212 West Prospect Street,378,21133,2848804,109,14222,44.849689,WI,2,CALL,0,Chicago,450959,River Falls Branch,1,,St. Croix,AGRICULTURAL,Other,0,,0,1,,WI,1,Wisconsin,9,FED,Minneapolis,483468,,0,1561 Commerce Court,-92.610288,,DURAND,55091,"Minneapolis-St. Paul, MN-WI",Durand,13,55109,,"Minneapolis-St. Paul-Bloomington, MN-WI",Security Financial Bank,River Falls,WI,2019_14222_1
54736,DIF,SM,United States,54701,STATE,20740,488144,Wisconsin,2/2/2009,2019,State Agency,11,55,M,9,13893,United States,SECURITY FINANCIAL SERVICES CORPORATION,0,,0,379527,,Eau Claire,ONE,CB,US_Streets,,STATE,0,,0,212 West Prospect Street,232,34721,2848804,35,14222,44.781428,WI,2,CALL,0,Chicago,450959,Eau Claire Branch,1,,Eau Claire,AGRICULTURAL,Other,0,,0,2,,WI,1,Wisconsin,9,FED,Minneapolis,483468,,0,3430 Oakwood Mall Drive Suite 200,-91.44406,,DURAND,55091,"Eau Claire-Menomonie, WI",Durand,13,55035,,"Eau Claire, WI",Security Financial Bank,Eau Claire,WI,2019_14222_2
54736,DIF,SM,United States,54724,STATE,20740,774,Wisconsin,1/2/1912,2019,State Agency,11,55,M,9,13893,United States,SECURITY FINANCIAL SERVICES CORPORATION,0,,0,379527,,Bloomer,ONE,CB,US_Streets,,STATE,0,,0,212 West Prospect Street,232,102500,2848804,17,14222,45.099637,WI,2,CALL,0,Chicago,450959,Bloomer Branch,1,,Chippewa,AGRICULTURAL,Other,0,8/15/2014,0,3,,WI,1,Wisconsin,9,FED,Minneapolis,483468,,0,1401 Main Street,-91.488594,,DURAND,55091,"Eau Claire-Menomonie, WI",Durand,13,55017,,"Eau Claire, WI",Security Financial Bank,Bloomer,WI,2019_14222_3
54736,DIF,SM,United States,54848,STATE,0,3612,Wisconsin,7/23/1920,2019,State Agency,11,55,POINTADDRESS,9,13893,United States,SECURITY FINANCIAL SERVICES CORPORATION,0,,0,379527,,Ladysmith,ONE,CB,99.55,,STATE,0,,0,212 West Prospect Street,0,68412,2848804,107,14222,45.464206,WI,2,CALL,0,Chicago,450959,Ladysmith Branch,0,,Rusk,AGRICULTURAL,Other,0,7/14/2018,0,4,,WI,1,Wisconsin,9,FED,Minneapolis,483468,,0,200 Miner Avenue,-91.102099,,DURAND,55091,,Durand,13,55107,,,Security Financial Bank,Ladysmith,WI,2019_14222_4
54880,DIF,N,United States,54880,OCC,20260,8911,Wisconsin,2/7/1934,2019,Comptroller of the Currency,11,55,M,9,14585,United States,"NATCOM BANCSHARES,INC.",0,3,502983,502983,,Superior,MULT,CB,US_Streets,M,FED,1,,0,1127 Tower Avenue,0,300358,2665739,31,14266,46.725161,WI,4,CALL,0,Chicago,775456,National Bank Of Commerce,1,,Douglas,COMMERCIAL LENDING,Central District,0,,0,0,,WI,1,Wisconsin,9,OCC,Minneapolis,601661,,0,1127 Tower Avenue,-92.104014,,SUPERIOR,55031,,Superior,3,55031,,"Duluth, MN-WI",National Bank of Commerce,Superior,WI,2019_14266_0
54880,DIF,N,United States,54864,OCC,20260,356850,Wisconsin,1/3/2000,2019,Comptroller of the Currency,11,55,StreetAddress,9,14585,United States,"NATCOM BANCSHARES,INC.",0,3,0,502983,,Poplar,MULT,CB,98.87,,FED,0,,0,1127 Tower Avenue,0,30757,2665739,31,14266,46.583304,WI,4,CALL,0,Chicago,775456,Poplar Branch,1,,Douglas,COMMERCIAL LENDING,Central District,0,1/1/2003,0,4,,WI,1,Wisconsin,9,OCC,Minneapolis,601661,,0,"4994 S Memorial Dr, P.O. Box 15",-91.798104,,SUPERIOR,55031,,Superior,3,55031,,"Duluth, MN-WI",National Bank of Commerce,Poplar,WI,2019_14266_4
54880,DIF,N,United States,54873,OCC,20260,356852,Wisconsin,1/3/2000,2019,Comptroller of the Currency,11,55,EXACT,9,14585,United States,"NATCOM BANCSHARES,INC.",0,3,0,502983,,Solon Springs,MULT,CB,100,,FED,0,,0,1127 Tower Avenue,0,28042,2665739,31,14266,46.352933,WI,4,CALL,0,Chicago,775456,Solon Springs Branch,1,,Douglas,COMMERCIAL LENDING,Central District,0,1/1/2003,0,5,,WI,1,Wisconsin,9,OCC,Minneapolis,601661,,0,"9245 E Main St, P.O. Box 279",-91.817998,,SUPERIOR,55031,,Superior,3,55031,,"Duluth, MN-WI",National Bank of Commerce,Solon Springs,WI,2019_14266_5
54880,DIF,N,United States,55805,OCC,20260,366071,Wisconsin,1/1/2003,2019,Comptroller of the Currency,11,27,M,9,14585,United States,"NATCOM BANCSHARES,INC.",0,3,0,502983,,Duluth,MULT,CB,US_Streets,,FED,0,,0,1127 Tower Avenue,0,79100,2665739,137,14266,46.799462,WI,4,CALL,0,Chicago,775456,Duluth Branch,1,,St. Louis,COMMERCIAL LENDING,Central District,0,,0,6,,MN,1,Minnesota,9,OCC,Minneapolis,601661,,0,1314 East Superior Street,-92.081731,,SUPERIOR,55031,,Superior,3,27137,,"Duluth, MN-WI",National Bank of Commerce,Duluth,WI,2019_14266_6
54880,DIF,N,United States,54880,OCC,20260,419351,Wisconsin,3/31/2003,2019,Comptroller of the Currency,11,55,M,9,14585,United States,"NATCOM BANCSHARES,INC.",0,3,0,502983,,Superior,MULT,CB,US_Streets,,FED,0,,0,1127 Tower Avenue,0,43180,2665739,31,14266,46.705953,WI,4,CALL,0,Chicago,775456,Midtown Branch,1,,Douglas,COMMERCIAL LENDING,Central District,0,,0,7,,WI,1,Wisconsin,9,OCC,Minneapolis,601661,,0,2822 Tower Avenue,-92.103917,,SUPERIOR,55031,,Superior,3,55031,,"Duluth, MN-WI",National Bank of Commerce,Superior,WI,2019_14266_7
54880,DIF,N,United States,55811,OCC,20260,439896,Wisconsin,12/1/2004,2019,Comptroller of the Currency,11,27,M,9,14585,United States,"NATCOM BANCSHARES,INC.",0,3,0,502983,,Duluth,MULT,CB,US_Zipcode,,FED,0,,0,1127 Tower Avenue,0,21546,2665739,137,14266,46.853918,WI,4,CALL,0,Chicago,775456,Hermantown Branch,1,,St. Louis,COMMERCIAL LENDING,Central District,0,,0,8,,MN,1,Minnesota,9,OCC,Minneapolis,601661,,0,4105 Richard Avenue,-92.262162,,SUPERIOR,55031,,Superior,3,27137,,"Duluth, MN-WI",National Bank of Commerce,Hermantown,WI,2019_14266_8
53803,DIF,NM,United States,53803,STATE,0,8943,Wisconsin,12/05/1894,2019,State Agency,11,55,M,9,0,United States,"BSB COMMUNITY BANCORPORATION, INC.",0,3,56131,56131,,Benton,ONE,CB,US_Streets,M,STATE,1,,0,42 West Main Street,0,38306,2983246,65,14316,42.569886,WI,8,CALL,0,Chicago,208347,The Benton State Bank,0,,Lafayette,ALL OTHER < $1 BILLION,Central District,0,,0,0,,WI,1,Wisconsin,7,FDIC,Chicago,65368,,0,42 West Main Street,-90.381689,,BENTON,55065,,Benton,21,55065,,,The Benton State Bank,Benton,WI,2019_14316_0
53803,DIF,NM,United States,53586,STATE,0,334292,Wisconsin,6/12/1997,2019,State Agency,11,55,M,9,0,United States,"BSB COMMUNITY BANCORPORATION, INC.",0,3,0,56131,,Shullsburg,ONE,CB,US_Zipcode,,STATE,0,,0,42 West Main Street,0,9840,2983246,65,14316,42.572976,WI,8,CALL,0,Chicago,208347,Shullsburg Branch,0,,Lafayette,ALL OTHER < $1 BILLION,Central District,0,,0,1,,WI,1,Wisconsin,7,FDIC,Chicago,65368,,0,195 Highway 11,-90.232718,,BENTON,55065,,Benton,21,55065,,,The Benton State Bank,Shullsburg,WI,2019_14316_1
53803,DIF,NM,United States,53820,STATE,0,437946,Wisconsin,1/10/2005,2019,State Agency,11,55,M,9,0,United States,"BSB COMMUNITY BANCORPORATION, INC.",0,3,0,56131,,Potosi,ONE,CB,US_Streets,,STATE,0,,0,42 West Main Street,0,7984,2983246,43,14316,42.686496,WI,8,CALL,0,Chicago,208347,Potosi Branch,0,,Grant,ALL OTHER < $1 BILLION,Central District,0,,1,2,,WI,1,Wisconsin,7,FDIC,Chicago,65368,,0,338 Highway 61 South,-90.686682,,BENTON,55065,,Benton,21,55043,,,The Benton State Bank,Potosi,WI,2019_14316_2
54486,DIF,N,United States,54486,OCC,0,8999,Wisconsin,5/19/1934,2019,Comptroller of the Currency,11,55,M,9,0,United States,"TIGERTON BANCORPORATION, INC.",0,3,20739,20739,,Tigerton,ONE,CB,US_Streets,M,FED,1,,0,140 Cedar Street,267,14635,1204720,115,14400,44.74038,WI,8,CALL,0,Chicago,74449,First National Bank In Tigerton,0,,Shawano,ALL OTHER < $1 BILLION,Central District,0,,1,0,,WI,1,Wisconsin,7,OCC,Chicago,24134,,0,140 Cedar Street,-89.062588,,TIGERTON,55115,"Green Bay-Shawano, WI",Tigerton,3,55115,,,First National Bank in Tigerton,Tigerton,WI,2019_14400_0
54486,DIF,N,United States,54416,OCC,0,476059,Wisconsin,2/14/2008,2019,Comptroller of the Currency,11,55,M,9,0,United States,"TIGERTON BANCORPORATION, INC.",0,3,0,20739,,Bowler,ONE,CB,US_Streets,,FED,0,,0,140 Cedar Street,267,6104,1204720,115,14400,44.866428,WI,8,CALL,0,Chicago,74449,Bowler Office,0,,Shawano,ALL OTHER < $1 BILLION,Central District,0,,1,1,,WI,1,Wisconsin,7,OCC,Chicago,24134,,0,104 East Railroad Street,-88.97183,,TIGERTON,55115,"Green Bay-Shawano, WI",Tigerton,3,55115,,,First National Bank in Tigerton,Bowler,WI,2019_14400_1
53925,DIF,NM,United States,53925,STATE,31540,9027,Wisconsin,09/05/1861,2019,State Agency,11,55,M,9,14748,United States,"JEWEL BOX FINANCIAL SERVICES, INC.",0,3,340471,340471,,Columbus,ONE,CB,US_Streets,"M,E",STATE,1,,0,159 West James Street,357,142318,2653071,21,14445,43.338781,WI,2,CALL,0,Chicago,51842,Farmers And Merchants Union Bank,1,,Columbia,AGRICULTURAL,Central District,0,,0,0,,WI,1,Wisconsin,7,FDIC,Chicago,393136,,0,159 West James Street,-89.015415,,COLUMBUS,55021,"Madison-Janesville-Beloit, WI",Columbus,21,55021,,"Madison, WI",Farmers and Merchants Union Bank,Columbus,WI,2019_14445_0
53925,DIF,NM,United States,53935,STATE,31540,231495,Wisconsin,10/16/1939,2019,State Agency,11,55,M,9,14748,United States,"JEWEL BOX FINANCIAL SERVICES, INC.",0,3,0,340471,,Friesland,ONE,CB,US_Streets,E,STATE,0,,0,159 West James Street,357,29808,2653071,21,14445,43.588532,WI,2,CALL,0,Chicago,51842,Friesland Branch,1,,Columbia,AGRICULTURAL,Central District,0,,0,1,,WI,1,Wisconsin,7,FDIC,Chicago,393136,,0,114 West Winnebago Street,-89.068829,,COLUMBUS,55021,"Madison-Janesville-Beloit, WI",Columbus,21,55021,,"Madison, WI",Farmers and Merchants Union Bank,Friesland,WI,2019_14445_1
53925,DIF,NM,United States,53925,STATE,31540,231496,Wisconsin,3/21/1994,2019,State Agency,11,55,M,9,14748,United States,"JEWEL BOX FINANCIAL SERVICES, INC.",0,3,0,340471,,Columbus,ONE,CB,US_Streets,E,STATE,0,,0,159 West James Street,357,142318,2653071,21,14445,43.349025,WI,2,CALL,0,Chicago,51842,Industrial Drive Branch,1,,Columbia,AGRICULTURAL,Central District,0,,0,2,,WI,1,Wisconsin,7,FDIC,Chicago,393136,,0,104 Industrial Drive,-89.027324,,COLUMBUS,55021,"Madison-Janesville-Beloit, WI",Columbus,21,55021,,"Madison, WI",Farmers and Merchants Union Bank,Columbus,WI,2019_14445_2
53925,DIF,NM,United States,53039,STATE,0,366289,Wisconsin,2/24/2003,2019,State Agency,11,55,StreetName,9,14748,United States,"JEWEL BOX FINANCIAL SERVICES, INC.",0,3,0,340471,,Juneau,ONE,CB,96.91,E,STATE,0,,0,159 West James Street,376,9942,2653071,27,14445,43.409354,WI,2,CALL,0,Chicago,51842,New Juneau Branch,0,,Dodge,AGRICULTURAL,Central District,0,,1,3,,WI,1,Wisconsin,7,FDIC,Chicago,393136,,0,198 North Western Avenue,-88.713821,,COLUMBUS,55021,"Milwaukee-Racine-Waukesha, WI",Columbus,21,55027,,,Farmers and Merchants Union Bank,Juneau,WI,2019_14445_3
53925,DIF,NM,United States,53932,STATE,31540,466130,Wisconsin,4/24/2007,2019,State Agency,11,55,M,9,14748,United States,"JEWEL BOX FINANCIAL SERVICES, INC.",0,3,0,340471,,Fall River,ONE,CB,US_Streets,E,STATE,0,,0,159 West James Street,357,6814,2653071,21,14445,43.380477,WI,2,CALL,0,Chicago,51842,Farmers & Merchants Union Bank Branch,1,,Columbia,AGRICULTURAL,Central District,0,,0,4,,WI,1,Wisconsin,7,FDIC,Chicago,393136,,0,637 South Main Street,-89.060635,,COLUMBUS,55021,"Madison-Janesville-Beloit, WI",Columbus,21,55021,,"Madison, WI",Farmers and Merchants Union Bank,Fall River,WI,2019_14445_4
53925,DIF,NM,United States,53960,STATE,31540,556652,Wisconsin,12/2/2013,2019,State Agency,11,55,POINTADDRESS,9,14748,United States,"JEWEL BOX FINANCIAL SERVICES, INC.",0,3,0,340471,,Rio,ONE,CB,100,E,STATE,0,,0,159 West James Street,357,9271,2653071,21,14445,43.444281,WI,2,CALL,0,Chicago,51842,Rio Branch,1,,Columbia,AGRICULTURAL,Central District,0,,0,5,,WI,1,Wisconsin,7,FDIC,Chicago,393136,,0,575 Lowville Road,-89.244937,,COLUMBUS,55021,"Madison-Janesville-Beloit, WI",Columbus,21,55021,,"Madison, WI",Farmers and Merchants Union Bank,Rio,WI,2019_14445_5
53530,DIF,N,United States,53530,OCC,0,9039,Wisconsin,6/15/1934,2019,Comptroller of the Currency,11,55,M,9,0,,,0,3,128452,128452,,Darlington,NONE,CB,US_Streets,M,FED,1,,0,245 Main Street,0,98738,0,65,14468,42.680495,WI,2,CALL,0,Chicago,57040,First National Bank At Darlington,0,,Lafayette,AGRICULTURAL,Central District,0,,0,0,,WI,1,Wisconsin,7,OCC,Chicago,151280,,0,245 Main Street,-90.11787,,,55065,,Darlington,3,55065,,,First National Bank at Darlington,Darlington,,2019_14468_0
53530,DIF,N,United States,53541,OCC,0,5535,Wisconsin,2/15/1902,2019,Comptroller of the Currency,11,55,POINTADDRESS,9,0,,,0,3,0,128452,,Gratiot,NONE,CB,100,,FED,0,,0,245 Main Street,0,29714,0,65,14468,42.580537,WI,2,CALL,0,Chicago,57040,First National Bank At Darlington-Gratiot Branch,0,,Lafayette,AGRICULTURAL,Central District,0,10/24/2015,0,1,,WI,1,Wisconsin,7,OCC,Chicago,151280,,0,5800 Phillips Street,-90.029637,,,55065,,Darlington,3,55065,,,First National Bank at Darlington,Gratiot,,2019_14468_1
54669,DIF,NM,United States,54669,STATE,29100,9097,Wisconsin,8/25/1903,2019,State Agency,11,55,M,9,0,,,0,3,69901,69901,,West Salem,NONE,CB,US_Streets,"M,E",STATE,1,,0,120 South Mill Street,0,58477,0,63,14560,43.896667,WI,8,CALL,0,Chicago,903754,Union State Bank Of West Salem,1,,La Crosse,ALL OTHER < $1 BILLION,Central District,0,,0,0,,WI,1,Wisconsin,9,FDIC,Minneapolis,84691,,0,120 South Mill Street,-91.079853,,,55063,,West Salem,21,55063,,"La Crosse-Onalaska, WI-MN",Union State Bank of West Salem,West Salem,,2019_14560_0
54669,DIF,NM,United States,54669,STATE,29100,442364,Wisconsin,6/2/2003,2019,State Agency,11,55,M,9,0,,,0,3,0,69901,,West Salem,NONE,CB,US_Zipcode,E,STATE,0,,0,120 South Mill Street,0,11424,0,63,14560,43.904709,WI,8,CALL,0,Chicago,903754,Union Station Branch,1,,La Crosse,ALL OTHER < $1 BILLION,Central District,0,,0,1,,WI,1,Wisconsin,9,FDIC,Minneapolis,84691,,0,Hwy 16 And Cty M,-91.089277,,,55063,,West Salem,21,55063,,"La Crosse-Onalaska, WI-MN",Union State Bank of West Salem,West Salem,,2019_14560_1
53578,DIF,NM,United States,53578,STATE,0,9166,Wisconsin,3/22/1916,2019,State Agency,11,55,M,9,0,United States,PLOETZ INVESTMENTS LIMITED PARTNERSHIP,0,3,355643,355643,,Prairie Du Sac,ONE,CB,US_Streets,M,STATE,1,,0,555 Park Avenue,357,355643,2658496,111,14660,43.291274,WI,4,CALL,0,Chicago,997847,Bank Of Prairie Du Sac,0,,Sauk,COMMERCIAL LENDING,Central District,0,,1,0,,WI,1,Wisconsin,7,FDIC,Chicago,436949,,0,555 Park Avenue,-89.721984,,PRAIRIE DU SAC,55111,"Madison-Janesville-Beloit, WI",Prairie Du Sac,21,55111,,,Bank of Prairie du Sac,Prairie Du Sac,WI,2019_14660_0
53578,DIF,NM,United States,53583,STATE,0,231892,Wisconsin,8/22/1991,2019,State Agency,11,55,M,9,0,United States,PLOETZ INVESTMENTS LIMITED PARTNERSHIP,0,3,0,355643,,Sauk City,ONE,CB,US_Streets,C,STATE,0,2,0,555 Park Avenue,357,0,2658496,111,14660,43.271045,WI,4,CALL,0,Chicago,997847,Sauk City Branch,0,,Sauk,COMMERCIAL LENDING,Central District,0,,1,1,,WI,1,Wisconsin,7,FDIC,Chicago,436949,,0,865 Phillips Boulevard,-89.737926,,PRAIRIE DU SAC,55111,"Madison-Janesville-Beloit, WI",Prairie Du Sac,21,55111,,,Bank of Prairie du Sac,Sauk City,WI,2019_14660_1
53532,DIF,NM,United States,53532,STATE,31540,9237,Wisconsin,6/29/1922,2019,State Agency,11,55,M,9,10002,United States,"DMB CORPORATION, INC.",1,3,414367,414367,,Deforest,ONE,CB,US_Streets,M,STATE,1,,0,321 North Main Street,357,414367,1135628,25,14769,43.249917,WI,4,CALL,0,Chicago,56548,Dmb Community Bank,1,,Dane,COMMERCIAL LENDING,Central District,0,,0,0,,WI,1,Wisconsin,7,FDIC,Chicago,494288,,0,321 North Main Street,-89.343815,,DE FOREST,55025,"Madison-Janesville-Beloit, WI",De Forest,21,55025,,"Madison, WI",DMB Community Bank,De Forest,WI,2019_14769_0
54406,DIF,NM,United States,54406,STATE,0,9334,Wisconsin,04/01/1893,2019,State Agency,11,55,M,9,14534,,,1,3,63838,63838,,Amherst,NONE,CB,US_Streets,M,STATE,1,,0,103 South Main Street,554,63838,0,97,14907,44.450744,WI,8,CALL,0,Chicago,504647,The International Bank Of Amherst,0,,Portage,ALL OTHER < $1 BILLION,Central District,0,,1,0,,WI,1,Wisconsin,7,FDIC,Chicago,74169,,0,103 South Main Street,-89.284825,,,55097,"Wausau-Stevens Point-Wisconsin Rapids, WI",Amherst,21,55097,,,The International Bank of Amherst,Amherst,,2019_14907_0
54871,DIF,NM,United States,54871,STATE,0,9338,Wisconsin,11/16/1916,2019,State Agency,11,55,M,9,13881,United States,"SHELL LAKE BANCORP, INC.",0,3,176315,176315,,Shell Lake,ONE,CB,US_Streets,M,STATE,1,,0,102 5th Ave,0,85033,1139251,129,14911,45.743091,WI,8,CALL,0,Chicago,896155,Shell Lake State Bank,0,,Washburn,ALL OTHER < $1 BILLION,Central District,0,,0,0,,WI,1,Wisconsin,9,FDIC,Minneapolis,213563,,0,102 5th Ave,-91.924499,,SHELL LAKE,55129,,Shell Lake,21,55129,,,Shell Lake State Bank,Shell Lake,WI,2019_14911_0
54871,DIF,NM,United States,54801,STATE,0,232400,Wisconsin,10/18/1990,2019,State Agency,11,55,T,9,13881,United States,"SHELL LAKE BANCORP, INC.",0,3,0,176315,,Spooner,ONE,CB,US_Streets,,STATE,0,,0,102 5th Ave,0,69070,1139251,129,14911,45.822377,WI,8,CALL,0,Chicago,896155,Spooner Branch,0,,Washburn,ALL OTHER < $1 BILLION,Central District,0,,0,2,,WI,1,Wisconsin,9,FDIC,Minneapolis,213563,,0,219 River Street,-91.891335,,SHELL LAKE,55129,,Shell Lake,21,55129,,,Shell Lake State Bank,Spooner,WI,2019_14911_2
54871,DIF,NM,United States,54876,STATE,0,552023,Wisconsin,4/23/2014,2019,State Agency,11,55,STREETNAME,9,13881,United States,"SHELL LAKE BANCORP, INC.",0,3,0,176315,,Stone Lake,ONE,CB,90.54,,STATE,0,,0,102 5th Ave,0,9202,1139251,113,14911,45.84473,WI,8,CALL,0,Chicago,896155,Stone Lake Wi Branch,0,,Sawyer,ALL OTHER < $1 BILLION,Central District,0,,0,3,,WI,1,Wisconsin,9,FDIC,Minneapolis,213563,,0,5836 North 1st Street,-91.536837,,SHELL LAKE,55129,,Shell Lake,21,55113,,,Shell Lake State Bank,Stone Lake,WI,2019_14911_3
54871,DIF,NM,United States,54859,STATE,0,552025,Wisconsin,4/24/2014,2019,State Agency,11,55,PointAddress,9,13881,United States,"SHELL LAKE BANCORP, INC.",0,3,0,176315,,Minong,ONE,CB,100,,STATE,0,,0,102 5th Ave,0,13010,1139251,129,14911,46.100322,WI,8,CALL,0,Chicago,896155,Minong Wi Branch,0,,Washburn,ALL OTHER < $1 BILLION,Central District,0,,0,4,,WI,1,Wisconsin,9,FDIC,Minneapolis,213563,,0,401 West 5th Avenue,-91.825212,,SHELL LAKE,55129,,Shell Lake,21,55129,,,Shell Lake State Bank,Minong,WI,2019_14911_4
54207,DIF,NM,United States,54207,STATE,0,9341,Wisconsin,1/1/1914,2019,State Agency,11,55,M,9,0,United States,"COLLINS BANKCORP, INC.",0,3,74658,74658,,Collins,ONE,CB,US_Zipcode,M,STATE,1,,0,20741 Cth Jj And State Hwy. 32,0,25854,1399783,71,14914,44.081903,WI,4,CALL,0,Chicago,219044,Collins State Bank,0,,Manitowoc,COMMERCIAL LENDING,Central District,0,,1,0,,WI,1,Wisconsin,7,FDIC,Chicago,90223,,0,20741 Cth Jj And State Hwy. 32,-87.977747,,COLLINS,55071,,Collins,21,55071,,,Collins State Bank,Collins,WI,2019_14914_0
54207,DIF,NM,United States,53075,STATE,43100,358655,Wisconsin,8/21/2000,2019,State Agency,11,55,POINTADDRESS,9,0,United States,"COLLINS BANKCORP, INC.",0,3,0,74658,,Random Lake,ONE,CB,100,,STATE,0,,0,20741 Cth Jj And State Hwy. 32,0,22636,1399783,117,14914,43.552542,WI,4,CALL,0,Chicago,219044,Random Lake Branch,1,,Sheboygan,COMMERCIAL LENDING,Central District,0,12/7/2009,0,2,,WI,1,Wisconsin,7,FDIC,Chicago,90223,,0,302 East Towne Drive,-87.942973,,COLLINS,55071,,Collins,21,55117,,"Sheboygan, WI",Collins State Bank,Random Lake,WI,2019_14914_2
54207,DIF,NM,United States,53042,STATE,0,543349,Wisconsin,5/28/2013,2019,State Agency,11,55,StreetAddress,9,0,United States,"COLLINS BANKCORP, INC.",0,3,0,74658,,Kiel,ONE,CB,100,,STATE,0,,0,20741 Cth Jj And State Hwy. 32,0,16362,1399783,71,14914,43.917481,WI,4,CALL,0,Chicago,219044,Kiel Wi Branch,0,,Manitowoc,COMMERCIAL LENDING,Central District,0,,1,3,,WI,1,Wisconsin,7,FDIC,Chicago,90223,,0,913 Service Road,-88.022835,,COLLINS,55071,,Collins,21,55071,,,Collins State Bank,Kiel,WI,2019_14914_3
54207,DIF,NM,United States,54110,STATE,11540,589865,Wisconsin,12/27/2016,2019,State Agency,11,55,PointAddress,9,0,United States,"COLLINS BANKCORP, INC.",0,3,0,74658,,Brillion,ONE,CB,100,,STATE,0,,0,20741 Cth Jj And State Hwy. 32,118,9806,1399783,15,14914,44.17402,WI,4,CALL,0,Chicago,219044,Brillion Branch,1,,Calumet,COMMERCIAL LENDING,Central District,0,,0,4,,WI,1,Wisconsin,7,FDIC,Chicago,90223,,0,314 S Main St,-88.064091,,COLLINS,55071,"Appleton-Oshkosh-Neenah, WI",Collins,21,55015,,"Appleton, WI",Collins State Bank,Brillion,WI,2019_14914_4
53579,DIF,NM,United States,53579,STATE,0,9371,Wisconsin,1/1/1902,2019,State Agency,11,55,M,9,0,United States,"RW BANCORP., LTD.",0,3,70459,70459,,Reeseville,ONE,CB,US_RoofTop,M,STATE,1,,0,203 South Main Street,376,45171,2629834,27,14960,43.303444,WI,2,CALL,0,Chicago,159645,State Bank Of Reeseville,0,,Dodge,AGRICULTURAL,Central District,0,,1,0,,WI,1,Wisconsin,7,FDIC,Chicago,100001,,0,203 South Main Street,-88.846358,,REESEVILLE,55027,"Milwaukee-Racine-Waukesha, WI",Reeseville,21,55027,,,State Bank of Reeseville,Reeseville,WI,2019_14960_0
53579,DIF,NM,United States,53098,STATE,0,232576,Wisconsin,9/8/1994,2019,State Agency,11,55,M,9,0,United States,"RW BANCORP., LTD.",0,3,0,70459,,Watertown,ONE,CB,US_Streets,,STATE,0,,0,203 South Main Street,376,25288,2629834,27,14960,43.197761,WI,2,CALL,0,Chicago,159645,Watertown Branch,0,,Dodge,AGRICULTURAL,Central District,0,,1,2,,WI,1,Wisconsin,7,FDIC,Chicago,100001,,0,1312 West Main Street,-88.752273,,REESEVILLE,55027,"Milwaukee-Racine-Waukesha, WI",Reeseville,21,55027,,,State Bank of Reeseville,Watertown,WI,2019_14960_2
54612,DIF,NM,United States,54612,STATE,0,9397,Wisconsin,5/14/1913,2019,State Agency,11,55,M,9,10844,United States,"B & E INVESTMENTS, INC. (STATE BANK OF ARCADIA) EMPLOYEE STOCK OWNERSHIP PLAN & TRUST",0,3,150570,150570,,Arcadia,ONE,CB,US_Streets,"M,E",STATE,1,0,0,131 West Main Street,0,105054,2264020,121,14994,44.253836,WI,2,CALL,0,Chicago,380654,State Bank Of Arcadia,0,,Trempealeau,AGRICULTURAL,Central District,0,,0,0,,WI,1,Wisconsin,9,FDIC,Minneapolis,173314,,0,131 West Main Street,-91.506814,,ARCADIA,55121,,Arcadia,21,55121,,,State Bank of Arcadia,Arcadia,WI,2019_14994_0
54612,DIF,NM,United States,54612,STATE,0,423268,Wisconsin,10/6/2003,2019,State Agency,11,55,M,9,10844,United States,"B & E INVESTMENTS, INC. (STATE BANK OF ARCADIA) EMPLOYEE STOCK OWNERSHIP PLAN & TRUST",0,3,0,150570,,Arcadia,ONE,CB,US_Streets,C,STATE,0,0,0,131 West Main Street,0,0,2264020,121,14994,44.253086,WI,2,CALL,0,Chicago,380654,East Main Street Branch,0,,Trempealeau,AGRICULTURAL,Central District,0,,0,2,,WI,1,Wisconsin,9,FDIC,Minneapolis,173314,,0,1550 East Main Street,-91.504586,,ARCADIA,55121,,Arcadia,21,55121,,,State Bank of Arcadia,Arcadia,WI,2019_14994_2
54612,DIF,NM,United States,54747,STATE,0,525919,Wisconsin,9/6/2011,2019,State Agency,11,55,M,9,10844,United States,"B & E INVESTMENTS, INC. (STATE BANK OF ARCADIA) EMPLOYEE STOCK OWNERSHIP PLAN & TRUST",0,3,0,150570,,Independence,ONE,CB,100,E,STATE,0,0,0,131 West Main Street,0,10315,2264020,121,14994,44.359205,WI,2,CALL,0,Chicago,380654,Independence Branch (Cedar Street),0,,Trempealeau,AGRICULTURAL,Central District,0,,0,3,,WI,1,Wisconsin,9,FDIC,Minneapolis,173314,,0,23513 Cedar Street,-91.418471,,ARCADIA,55121,,Arcadia,21,55121,,,State Bank of Arcadia,Independence,WI,2019_14994_3
54612,DIF,NM,United States,54773,STATE,0,9360,Wisconsin,01/01/1888,2019,State Agency,11,55,M,9,10844,United States,"B & E INVESTMENTS, INC. (STATE BANK OF ARCADIA) EMPLOYEE STOCK OWNERSHIP PLAN & TRUST",0,3,0,150570,,Whitehall,ONE,CB,US_Streets,E,STATE,0,0,0,131 West Main Street,0,35201,2264020,121,14994,44.371762,WI,2,CALL,0,Chicago,380654,Whitehall Branch,0,,Trempealeau,AGRICULTURAL,Central District,0,1/13/2014,0,4,,WI,1,Wisconsin,9,FDIC,Minneapolis,173314,,0,36450 Main Street,-91.316421,,ARCADIA,55121,,Arcadia,21,55121,,,State Bank of Arcadia,Whitehall,WI,2019_14994_4
54658,DIF,NM,United States,54658,STATE,0,9398,Wisconsin,10/11/1911,2019,State Agency,11,55,M,9,12843,United States,RIVER HOLDING COMPANY,0,3,413540,413540,,Stoddard,MULT,CB,US_Streets,M,STATE,1,,0,145 North Main Street,0,40956,2486813,123,14995,43.66284,WI,4,CALL,0,Chicago,279842,River Bank,0,,Vernon,COMMERCIAL LENDING,Central District,0,,0,0,,WI,1,Wisconsin,7,FDIC,Chicago,506599,,0,145 North Main Street,-91.219116,,STODDARD,55123,,Stoddard,21,55123,,,River Bank,Stoddard,WI,2019_14995_0
54658,DIF,NM,United States,54628,STATE,0,9197,Wisconsin,7/24/1911,2019,State Agency,11,55,M,9,12843,United States,RIVER HOLDING COMPANY,0,3,0,413540,,Ferryville,MULT,CB,US_Streets,,STATE,0,,0,145 North Main Street,0,12198,2486813,23,14995,43.346938,WI,4,CALL,0,Chicago,279842,Ferryville Branch,0,,Crawford,COMMERCIAL LENDING,Central District,0,6/30/1991,0,1,,WI,1,Wisconsin,7,FDIC,Chicago,506599,,0,161 Main Street,-91.096061,,STODDARD,55123,,Stoddard,21,55023,,,River Bank,Ferryville,WI,2019_14995_1
54658,DIF,NM,United States,54667,STATE,0,470113,Wisconsin,12/28/2007,2019,State Agency,11,55,M,9,12843,United States,RIVER HOLDING COMPANY,0,3,0,413540,,Westby,MULT,CB,US_Zipcode,,STATE,0,,0,145 North Main Street,0,22992,2486813,123,14995,43.661779,WI,4,CALL,0,Chicago,279842,Westby Branch,0,,Vernon,COMMERCIAL LENDING,Central District,0,,0,10,,WI,1,Wisconsin,7,FDIC,Chicago,506599,,0,101 Stenslien Street,-90.858588,,STODDARD,55123,,Stoddard,21,55123,,,River Bank,Westby,WI,2019_14995_10
54658,DIF,NM,United States,54623,STATE,0,513460,Wisconsin,10/22/2010,2019,State Agency,11,55,M,9,12843,United States,RIVER HOLDING COMPANY,0,3,0,413540,,Coon Valley,MULT,CB,US_Streets,,STATE,0,,0,145 North Main Street,0,14902,2486813,123,14995,43.702382,WI,4,CALL,0,Chicago,279842,Coon Valley Branch,0,,Vernon,COMMERCIAL LENDING,Central District,0,,0,11,,WI,1,Wisconsin,7,FDIC,Chicago,506599,,0,300 Central Avenue,-91.015723,,STODDARD,55123,,Stoddard,21,55123,,,River Bank,Coon Valley,WI,2019_14995_11
54658,DIF,NM,United States,54624,STATE,0,8484,Wisconsin,1/26/1904,2019,State Agency,11,55,M,9,12843,United States,RIVER HOLDING COMPANY,0,3,0,413540,,De Soto,MULT,CB,US_Zipcode,,STATE,0,,0,145 North Main Street,0,10362,2486813,123,14995,43.449021,WI,4,CALL,0,Chicago,279842,De Soto Branch,0,,Vernon,COMMERCIAL LENDING,Central District,0,6/30/1991,0,2,,WI,1,Wisconsin,7,FDIC,Chicago,506599,,0,88 Crawford Street,-91.16208,,STODDARD,55123,,Stoddard,21,55123,,,River Bank,De Soto,WI,2019_14995_2
54658,DIF,NM,United States,54601,STATE,29100,232714,Wisconsin,9/1/1993,2019,State Agency,11,55,M,9,12843,United States,RIVER HOLDING COMPANY,0,3,0,413540,,La Crosse,MULT,CB,US_RoofTop,,STATE,0,,0,145 North Main Street,0,128748,2486813,63,14995,43.76982,WI,4,CALL,0,Chicago,279842,La Crosse Branch,1,,La Crosse,COMMERCIAL LENDING,Central District,0,,0,3,,WI,1,Wisconsin,7,FDIC,Chicago,506599,,0,4401 Mormon Coulee Road,-91.214201,,STODDARD,55123,,Stoddard,21,55063,,"La Crosse-Onalaska, WI-MN",River Bank,La Crosse,WI,2019_14995_3
54658,DIF,NM,United States,54636,STATE,29100,232715,Wisconsin,11/11/1996,2019,State Agency,11,55,M,9,12843,United States,RIVER HOLDING COMPANY,0,3,0,413540,,Holmen,MULT,CB,US_Streets,,STATE,0,,0,145 North Main Street,0,34843,2486813,63,14995,43.924384,WI,4,CALL,0,Chicago,279842,Holmen Branch,1,,La Crosse,COMMERCIAL LENDING,Central District,0,,0,4,,WI,1,Wisconsin,7,FDIC,Chicago,506599,,0,4000 Corporate Drive,-91.245048,,STODDARD,55123,,Stoddard,21,55063,,"La Crosse-Onalaska, WI-MN",River Bank,Holmen,WI,2019_14995_4
54658,DIF,NM,United States,54656,STATE,0,232716,Wisconsin,11/8/1999,2019,State Agency,11,55,M,9,12843,United States,RIVER HOLDING COMPANY,0,3,0,413540,,Sparta,MULT,CB,US_Streets,,STATE,0,,0,145 North Main Street,0,59289,2486813,81,14995,43.937569,WI,4,CALL,0,Chicago,279842,Sparta Branch,0,,Monroe,COMMERCIAL LENDING,Central District,0,,0,5,,WI,1,Wisconsin,7,FDIC,Chicago,506599,,0,900 Maple Avenue,-90.822302,,STODDARD,55123,,Stoddard,21,55081,,,River Bank,Sparta,WI,2019_14995_5
54658,DIF,NM,United States,54603,STATE,29100,428172,Wisconsin,5/3/2004,2019,State Agency,11,55,M,9,12843,United States,RIVER HOLDING COMPANY,0,3,0,413540,,La Crosse,MULT,CB,US_RoofTop,,STATE,0,,0,145 North Main Street,0,45972,2486813,63,14995,43.841129,WI,4,CALL,0,Chicago,279842,La Crosse Branch,1,,La Crosse,COMMERCIAL LENDING,Central District,0,,0,6,,WI,1,Wisconsin,7,FDIC,Chicago,506599,,0,1232 Rose Street,-91.248168,,STODDARD,55123,,Stoddard,21,55063,,"La Crosse-Onalaska, WI-MN",River Bank,La Crosse,WI,2019_14995_6
54658,DIF,NM,United States,54614,STATE,29100,8666,Wisconsin,7/5/1910,2019,State Agency,11,55,M,9,12843,United States,RIVER HOLDING COMPANY,0,3,0,413540,,Bangor,MULT,CB,US_RoofTop,,STATE,0,,0,145 North Main Street,0,39865,2486813,63,14995,43.89199,WI,4,CALL,0,Chicago,279842,Farmers State Bank/Branch,1,,La Crosse,COMMERCIAL LENDING,Central District,0,10/1/2005,0,7,,WI,1,Wisconsin,7,FDIC,Chicago,506599,,0,1606 Commercial,-90.989377,,STODDARD,55123,,Stoddard,21,55063,,"La Crosse-Onalaska, WI-MN",River Bank,Bangor,WI,2019_14995_7
54658,DIF,NM,United States,54669,STATE,29100,423229,Wisconsin,7/7/2003,2019,State Agency,11,55,M,9,12843,United States,RIVER HOLDING COMPANY,0,3,0,413540,,West Salem,MULT,CB,US_Streets,,STATE,0,,0,145 North Main Street,0,3413,2486813,63,14995,43.838104,WI,4,CALL,0,Chicago,279842,West Salem Branch,1,,La Crosse,COMMERCIAL LENDING,Central District,0,10/1/2005,0,9,,WI,1,Wisconsin,7,FDIC,Chicago,506599,,0,W 3995 Country Highway M,-91.100097,,STODDARD,55123,,Stoddard,21,55063,,"La Crosse-Onalaska, WI-MN",River Bank,West Salem,WI,2019_14995_9
53560,DIF,NM,United States,53560,STATE,31540,9435,Wisconsin,11/28/1891,2019,State Agency,11,55,M,9,9680,United States,"PEOPLES COMMUNITY BANCSHARES, INC., THE",0,3,180019,180019,,Mazomanie,ONE,CB,US_RoofTop,M,STATE,1,,0,222 West Commercial Street,357,46837,2516998,25,15046,43.171808,WI,2,CALL,0,Chicago,420644,The Peoples Community Bank,1,,Dane,AGRICULTURAL,Central District,0,,0,0,,WI,1,Wisconsin,7,FDIC,Chicago,285874,,0,222 West Commercial Street,-89.798277,,MAZOMANIE,55025,"Madison-Janesville-Beloit, WI",Mazomanie,21,55025,,"Madison, WI",The Peoples Community Bank,Mazomanie,WI,2019_15046_0
53560,DIF,NM,United States,53503,STATE,31540,233138,Wisconsin,11/9/1938,2019,State Agency,11,55,M,9,9680,United States,"PEOPLES COMMUNITY BANCSHARES, INC., THE",0,3,0,180019,,Arena,ONE,CB,US_Zipcode,,STATE,0,,0,222 West Commercial Street,357,16970,2516998,49,15046,43.135381,WI,2,CALL,0,Chicago,420644,Arena Branch,1,,Iowa,AGRICULTURAL,Central District,0,,0,1,,WI,1,Wisconsin,7,FDIC,Chicago,285874,,0,614 Highway 14,-89.986141,,MAZOMANIE,55025,"Madison-Janesville-Beloit, WI",Mazomanie,21,55049,,"Madison, WI",The Peoples Community Bank,Arena,WI,2019_15046_1
53560,DIF,NM,United States,53588,STATE,0,56831,Wisconsin,5/13/1996,2019,State Agency,11,55,M,9,9680,United States,"PEOPLES COMMUNITY BANCSHARES, INC., THE",0,3,0,180019,,Spring Green,ONE,CB,US_Streets,,STATE,0,,0,222 West Commercial Street,357,42971,2516998,111,15046,43.178104,WI,2,CALL,0,Chicago,420644,Spring Green Branch,0,,Sauk,AGRICULTURAL,Central District,0,7/16/2005,1,6,,WI,1,Wisconsin,7,FDIC,Chicago,285874,,0,166 South Lexington Street,-90.067878,,MAZOMANIE,55025,"Madison-Janesville-Beloit, WI",Mazomanie,21,55111,,,The Peoples Community Bank,Spring Green,WI,2019_15046_6
53560,DIF,NM,United States,53577,STATE,0,290427,Wisconsin,5/13/1996,2019,State Agency,11,55,M,9,9680,United States,"PEOPLES COMMUNITY BANCSHARES, INC., THE",0,3,0,180019,,Plain,ONE,CB,US_Zipcode,,STATE,0,,0,222 West Commercial Street,357,25321,2516998,111,15046,43.311252,WI,2,CALL,0,Chicago,420644,Plain Branch,0,,Sauk,AGRICULTURAL,Central District,0,7/16/2005,1,7,,WI,1,Wisconsin,7,FDIC,Chicago,285874,,0,1065 Main Street,-90.062269,,MAZOMANIE,55025,"Madison-Janesville-Beloit, WI",Mazomanie,21,55111,,,The Peoples Community Bank,Plain,WI,2019_15046_7
53560,DIF,NM,United States,53507,STATE,31540,489591,Wisconsin,3/2/2009,2019,State Agency,11,55,POINTADDRESS,9,9680,United States,"PEOPLES COMMUNITY BANCSHARES, INC., THE",0,3,0,180019,,Barneveld,ONE,CB,100,,STATE,0,,0,222 West Commercial Street,357,28902,2516998,49,15046,43.007501,WI,2,CALL,0,Chicago,420644,Barneveld Branch,1,,Iowa,AGRICULTURAL,Central District,0,,0,8,,WI,1,Wisconsin,7,FDIC,Chicago,285874,,0,100 Ernie Drive,-89.901973,,MAZOMANIE,55025,"Madison-Janesville-Beloit, WI",Mazomanie,21,55049,,"Madison, WI",The Peoples Community Bank,Barneveld,WI,2019_15046_8
53560,DIF,NM,United States,53581,STATE,0,42024,Wisconsin,10/31/1934,2019,State Agency,11,55,POINTADDRESS,9,9680,United States,"PEOPLES COMMUNITY BANCSHARES, INC., THE",0,3,0,180019,,Richland Center,ONE,CB,100,,STATE,0,,0,222 West Commercial Street,0,19018,2516998,103,15046,43.334849,WI,2,CALL,0,Chicago,420644,Richland Center Branch,0,,Richland,AGRICULTURAL,Central District,0,12/31/2014,0,9,,WI,1,Wisconsin,7,FDIC,Chicago,285874,,0,187 South Central Avenue,-90.385353,,MAZOMANIE,55025,,Mazomanie,21,55103,,,The Peoples Community Bank,Richland Center,WI,2019_15046_9
53528,DIF,NM,United States,53528,STATE,31540,9468,Wisconsin,1/1/1908,2019,State Agency,11,55,S01,9,9868,United States,"S.B.C.P. BANCORP, INC.",0,3,1062037,1062037,,Cross Plains,ONE,CB,0,M,STATE,1,,0,1205 Main Street,357,218197,2336806,25,15091,43.114471,WI,4,CALL,0,Chicago,525549,State Bank Of Cross Plains,1,,Dane,COMMERCIAL LENDING,Central District,0,,0,0,,WI,1,Wisconsin,7,FDIC,Chicago,1305470,,0,1205 Main Street,-89.658852,,CROSS PLAINS,55025,"Madison-Janesville-Beloit, WI",Cross Plains,21,55025,,"Madison, WI",State Bank of Cross Plains,Cross Plains,WI,2019_15091_0
53528,DIF,NM,United States,53572,STATE,31540,233208,Wisconsin,2/26/1990,2019,State Agency,11,55,M,9,9868,United States,"S.B.C.P. BANCORP, INC.",0,3,0,1062037,,Mount Horeb,ONE,CB,US_Zipcode,,STATE,0,,0,1205 Main Street,357,104106,2336806,25,15091,42.963689,WI,4,CALL,0,Chicago,525549,Mount Horeb Branch,1,,Dane,COMMERCIAL LENDING,Central District,0,,0,1,,WI,1,Wisconsin,7,FDIC,Chicago,1305470,,0,1740 Business Highway 18-151 East,-89.734935,,CROSS PLAINS,55025,"Madison-Janesville-Beloit, WI",Cross Plains,21,55025,,"Madison, WI",State Bank of Cross Plains,Mount Horeb,WI,2019_15091_1
53528,DIF,NM,United States,53536,STATE,27500,9542,Wisconsin,01/01/1897,2019,State Agency,11,55,M,9,9868,United States,"S.B.C.P. BANCORP, INC.",0,3,0,1062037,,Evansville,ONE,CB,US_Streets,,STATE,0,,0,1205 Main Street,357,86401,2336806,105,15091,42.780396,WI,4,CALL,0,Chicago,525549,Union Branch,1,,Rock,COMMERCIAL LENDING,Central District,0,6/1/2019,0,10,,WI,1,Wisconsin,7,FDIC,Chicago,1305470,,0,2 East Main Street,-89.299185,,CROSS PLAINS,55025,"Madison-Janesville-Beloit, WI",Cross Plains,21,55105,,"Janesville-Beloit, WI",State Bank of Cross Plains,Evansville,WI,2019_15091_10
53528,DIF,NM,United States,53521,STATE,31540,8391,Wisconsin,7/1/1900,2019,State Agency,11,55,M,9,9868,United States,"S.B.C.P. BANCORP, INC.",0,3,0,1062037,,Brooklyn,ONE,CB,US_Streets,,STATE,0,,0,1205 Main Street,357,15639,2336806,45,15091,42.853279,WI,4,CALL,0,Chicago,525549,Bank Of Brooklyn,1,,Green,COMMERCIAL LENDING,Central District,0,6/1/2019,0,11,,WI,1,Wisconsin,7,FDIC,Chicago,1305470,,0,210 Commercial,-89.370447,,CROSS PLAINS,55025,"Madison-Janesville-Beloit, WI",Cross Plains,21,55045,,"Madison, WI",State Bank of Cross Plains,Brooklyn,WI,2019_15091_11
53528,DIF,NM,United States,53508,STATE,31540,233333,Wisconsin,3/3/1997,2019,State Agency,11,55,M,9,9868,United States,"S.B.C.P. BANCORP, INC.",0,3,0,1062037,,Belleville,ONE,CB,US_RoofTop,,STATE,0,,0,1205 Main Street,357,53101,2336806,25,15091,42.869768,WI,4,CALL,0,Chicago,525549,Bank Of Belleville,1,,Dane,COMMERCIAL LENDING,Central District,0,6/1/2019,0,12,,WI,1,Wisconsin,7,FDIC,Chicago,1305470,,0,110 Greenway Cross,-89.532335,,CROSS PLAINS,55025,"Madison-Janesville-Beloit, WI",Cross Plains,21,55025,,"Madison, WI",State Bank of Cross Plains,Belleville,WI,2019_15091_12
53528,DIF,NM,United States,53575,STATE,31540,419474,Wisconsin,4/7/2003,2019,State Agency,11,55,M,9,9868,United States,"S.B.C.P. BANCORP, INC.",0,3,0,1062037,,Oregon,ONE,CB,US_RoofTop,,STATE,0,,0,1205 Main Street,357,25856,2336806,25,15091,42.939778,WI,4,CALL,0,Chicago,525549,Bank Of Oregon,1,,Dane,COMMERCIAL LENDING,Central District,0,6/1/2019,0,13,,WI,1,Wisconsin,7,FDIC,Chicago,1305470,,0,883 N. Main St,-89.383353,,CROSS PLAINS,55025,"Madison-Janesville-Beloit, WI",Cross Plains,21,55025,,"Madison, WI",State Bank of Cross Plains,Oregon,WI,2019_15091_13
53528,DIF,NM,United States,53574,STATE,31540,207538,Wisconsin,8/27/1990,2019,State Agency,11,55,M,9,9868,United States,"S.B.C.P. BANCORP, INC.",0,3,0,1062037,,New Glarus,ONE,CB,US_Streets,,STATE,0,,0,1205 Main Street,357,30769,2336806,45,15091,42.816607,WI,4,CALL,0,Chicago,525549,New Glarus Branch,1,,Green,COMMERCIAL LENDING,Central District,0,6/1/2019,0,14,,WI,1,Wisconsin,7,FDIC,Chicago,1305470,,0,512 Highway 69,-89.631988,,CROSS PLAINS,55025,"Madison-Janesville-Beloit, WI",Cross Plains,21,55045,,"Madison, WI",State Bank of Cross Plains,New Glarus,WI,2019_15091_14
53528,DIF,NM,United States,53528,STATE,31540,233209,Wisconsin,3/11/1991,2019,State Agency,11,55,M,9,9868,United States,"S.B.C.P. BANCORP, INC.",0,3,0,1062037,,Cross Plains,ONE,CB,US_RoofTop,C,STATE,0,0,0,1205 Main Street,357,0,2336806,25,15091,43.110796,WI,4,CALL,0,Chicago,525549,Cross Plains Branch,1,,Dane,COMMERCIAL LENDING,Central District,0,,0,2,,WI,1,Wisconsin,7,FDIC,Chicago,1305470,,0,2535 Main Street,-89.643341,,CROSS PLAINS,55025,"Madison-Janesville-Beloit, WI",Cross Plains,21,55025,,"Madison, WI",State Bank of Cross Plains,Cross Plains,WI,2019_15091_2
53528,DIF,NM,United States,53562,STATE,31540,233210,Wisconsin,4/10/1995,2019,State Agency,11,55,M,9,9868,United States,"S.B.C.P. BANCORP, INC.",0,3,0,1062037,,Middleton,ONE,CB,US_RoofTop,,STATE,0,,0,1205 Main Street,357,181961,2336806,25,15091,43.096742,WI,4,CALL,0,Chicago,525549,Middleton - West Branch,1,,Dane,COMMERCIAL LENDING,Central District,0,,0,3,,WI,1,Wisconsin,7,FDIC,Chicago,1305470,,0,8309 University Avenue,-89.524215,,CROSS PLAINS,55025,"Madison-Janesville-Beloit, WI",Cross Plains,21,55025,,"Madison, WI",State Bank of Cross Plains,Middleton,WI,2019_15091_3
53528,DIF,NM,United States,53719,STATE,31540,362068,Wisconsin,8/6/2001,2019,State Agency,11,55,M,9,9868,United States,"S.B.C.P. BANCORP, INC.",0,3,0,1062037,,Madison,ONE,CB,US_RoofTop,,STATE,0,,0,1205 Main Street,357,49386,2336806,25,15091,43.057005,WI,4,CALL,0,Chicago,525549,Madison Branch,1,,Dane,COMMERCIAL LENDING,Central District,0,,0,4,,WI,1,Wisconsin,7,FDIC,Chicago,1305470,,0,455 County Highway M,-89.527502,,CROSS PLAINS,55025,"Madison-Janesville-Beloit, WI",Cross Plains,21,55025,,"Madison, WI",State Bank of Cross Plains,Madison,WI,2019_15091_4
53528,DIF,NM,United States,53597,STATE,31540,6893,Wisconsin,4/12/1912,2019,State Agency,11,55,M,9,9868,United States,"S.B.C.P. BANCORP, INC.",0,3,0,1062037,,Waunakee,ONE,CB,US_Streets,,STATE,0,,0,1205 Main Street,357,128175,2336806,25,15091,43.191995,WI,4,CALL,0,Chicago,525549,Bank Of Waunakee/Branch,1,,Dane,COMMERCIAL LENDING,Central District,0,7/31/2002,0,5,,WI,1,Wisconsin,7,FDIC,Chicago,1305470,,0,610 West Main Street,-89.465437,,CROSS PLAINS,55025,"Madison-Janesville-Beloit, WI",Cross Plains,21,55025,,"Madison, WI",State Bank of Cross Plains,Waunakee,WI,2019_15091_5
53528,DIF,NM,United States,53593,STATE,31540,9506,Wisconsin,2/1/1904,2019,State Agency,11,55,M,9,9868,United States,"S.B.C.P. BANCORP, INC.",0,3,0,1062037,,Verona,ONE,CB,US_RoofTop,,STATE,0,,0,1205 Main Street,357,110416,2336806,25,15091,42.991602,WI,4,CALL,0,Chicago,525549,Independent Bank Verona - Branch,1,,Dane,COMMERCIAL LENDING,Central District,0,12/4/2006,0,7,,WI,1,Wisconsin,7,FDIC,Chicago,1305470,,0,108 North Main Street,-89.533498,,CROSS PLAINS,55025,"Madison-Janesville-Beloit, WI",Cross Plains,21,55025,,"Madison, WI",State Bank of Cross Plains,Verona,WI,2019_15091_7
53528,DIF,NM,United States,53575,STATE,31540,430072,Wisconsin,7/26/2004,2019,State Agency,11,55,M,9,9868,United States,"S.B.C.P. BANCORP, INC.",0,3,0,1062037,,Oregon,ONE,CB,US_RoofTop,,STATE,0,,0,1205 Main Street,357,17552,2336806,25,15091,42.937064,WI,4,CALL,0,Chicago,525549,Oregon,1,,Dane,COMMERCIAL LENDING,Central District,0,12/4/2006,0,8,,WI,1,Wisconsin,7,FDIC,Chicago,1305470,,0,744 North Main Street,-89.383405,,CROSS PLAINS,55025,"Madison-Janesville-Beloit, WI",Cross Plains,21,55025,,"Madison, WI",State Bank of Cross Plains,Oregon,WI,2019_15091_8
53528,DIF,NM,United States,53515,STATE,31540,8100,Wisconsin,1/1/1904,2019,State Agency,11,55,M,9,9868,United States,"S.B.C.P. BANCORP, INC.",0,3,0,1062037,,Black Earth,ONE,CB,US_Streets,,STATE,0,,0,1205 Main Street,357,40477,2336806,25,15091,43.139481,WI,4,CALL,0,Chicago,525549,Black Earth State Bank Branch,1,,Dane,COMMERCIAL LENDING,Central District,0,5/8/2010,0,9,,WI,1,Wisconsin,7,FDIC,Chicago,1305470,,0,1030 Mills Street,-89.748039,,CROSS PLAINS,55025,"Madison-Janesville-Beloit, WI",Cross Plains,21,55025,,"Madison, WI",State Bank of Cross Plains,Black Earth,WI,2019_15091_9
53581,DIF,NM,United States,53581,STATE,0,9469,Wisconsin,01/01/1881,2019,State Agency,11,55,M,9,0,United States,"RICHLAND COUNTY BANCSHARES, INC.",1,3,79870,79870,,Richland Center,ONE,CB,100,M,STATE,1,,0,195 West Court Street,0,79870,2737971,103,15092,43.335495,WI,8,CALL,0,Chicago,331544,Richland County Bank,0,,Richland,ALL OTHER < $1 BILLION,Central District,0,,0,0,,WI,1,Wisconsin,7,FDIC,Chicago,99634,,0,195 West Court Street,-90.386554,,RICHLAND CENTER,55103,,Richland Center,21,55103,,,Richland County Bank,Richland Center,WI,2019_15092_0
54615,DIF,NM,United States,54615,STATE,0,9494,Wisconsin,01/02/1877,2019,State Agency,11,55,M,9,11561,United States,"WISCONSIN BANK SERVICES, INC.",0,3,178706,178706,,Black River Falls,ONE,CB,US_Streets,M,STATE,1,,0,8 Main Street,0,156649,1141218,53,15121,44.295078,WI,2,CALL,0,Chicago,112444,Jackson County Bank,0,,Jackson,AGRICULTURAL,Central District,0,,0,0,,WI,1,Wisconsin,7,FDIC,Chicago,206412,,0,8 Main Street,-90.847521,,BLACK RIVER FALLS,55053,,Black River Falls,21,55053,,,Jackson County Bank,Black River Falls,WI,2019_15121_0
54615,DIF,NM,United States,54611,STATE,0,233266,Wisconsin,10/8/1934,2019,State Agency,11,55,T,9,11561,United States,"WISCONSIN BANK SERVICES, INC.",0,3,0,178706,,Alma Center,ONE,CB,US_Streets,,STATE,0,,0,8 Main Street,0,9072,1141218,53,15121,44.437035,WI,2,CALL,0,Chicago,112444,Alma Center Branch,0,,Jackson,AGRICULTURAL,Central District,0,,0,1,,WI,1,Wisconsin,7,FDIC,Chicago,206412,,0,141 Main Street,-90.914576,,BLACK RIVER FALLS,55053,,Black River Falls,21,55053,,,Jackson County Bank,Alma Center,WI,2019_15121_1
54615,DIF,NM,United States,54635,STATE,0,233267,Wisconsin,10/8/1934,2019,State Agency,11,55,M,9,11561,United States,"WISCONSIN BANK SERVICES, INC.",0,3,0,178706,,Hixton,ONE,CB,US_Streets,,STATE,0,,0,8 Main Street,0,3888,1141218,53,15121,44.386388,WI,2,CALL,0,Chicago,112444,Hixton Branch,0,,Jackson,AGRICULTURAL,Central District,0,,0,2,,WI,1,Wisconsin,7,FDIC,Chicago,206412,,0,130 East Main Street,-91.013369,,BLACK RIVER FALLS,55053,,Black River Falls,21,55053,,,Jackson County Bank,Hixton,WI,2019_15121_2
54615,DIF,NM,United States,54754,STATE,0,233268,Wisconsin,10/8/1934,2019,State Agency,11,55,M,9,11561,United States,"WISCONSIN BANK SERVICES, INC.",0,3,0,178706,,Merrillan,ONE,CB,US_Streets,,STATE,0,,0,8 Main Street,0,2683,1141218,53,15121,44.451375,WI,2,CALL,0,Chicago,112444,Merrillan Branch,0,,Jackson,AGRICULTURAL,Central District,0,,0,3,,WI,1,Wisconsin,7,FDIC,Chicago,206412,,0,101 North Main,-90.841218,,BLACK RIVER FALLS,55053,,Black River Falls,21,55053,,,Jackson County Bank,Merrillan,WI,2019_15121_3
54615,DIF,NM,United States,54659,STATE,0,233269,Wisconsin,10/8/1934,2019,State Agency,11,55,M,9,11561,United States,"WISCONSIN BANK SERVICES, INC.",0,3,0,178706,,Taylor,ONE,CB,US_Streets,,STATE,0,,0,8 Main Street,0,4538,1141218,53,15121,44.321735,WI,2,CALL,0,Chicago,112444,Taylor Branch,0,,Jackson,AGRICULTURAL,Central District,0,,0,4,,WI,1,Wisconsin,7,FDIC,Chicago,206412,,0,Second And Main Streets,-91.123214,,BLACK RIVER FALLS,55053,,Black River Falls,21,55053,,,Jackson County Bank,Taylor,WI,2019_15121_4
54615,DIF,NM,United States,54615,STATE,0,233270,Wisconsin,7/18/1996,2019,State Agency,11,55,M,9,11561,United States,"WISCONSIN BANK SERVICES, INC.",0,3,0,178706,,Black River Falls,ONE,CB,US_Streets,,STATE,0,,0,8 Main Street,0,1876,1141218,53,15121,44.29478,WI,2,CALL,0,Chicago,112444,Highway 54 Branch,0,,Jackson,AGRICULTURAL,Central District,0,,0,5,,WI,1,Wisconsin,7,FDIC,Chicago,206412,,0,616 Highway 54 East,-90.854541,,BLACK RIVER FALLS,55053,,Black River Falls,21,55053,,,Jackson County Bank,Black River Falls,WI,2019_15121_5
54634,DIF,NM,United States,54634,STATE,0,9498,Wisconsin,1/6/1913,2019,State Agency,11,55,M,9,0,United States,"BOSSHARD FINANCIAL GROUP, INC.",0,3,138048,138048,,Hillsboro,MULT,CB,US_Streets,M,STATE,1,,0,726 Water Avenue,0,90663,1205473,123,15126,43.650155,WI,8,CALL,0,Chicago,680747,Farmers State Bank,0,,Vernon,ALL OTHER < $1 BILLION,Central District,0,,0,0,,WI,1,Wisconsin,7,FDIC,Chicago,169861,,0,726 Water Avenue,-90.34046,,LA CROSSE,55123,,Hillsboro,21,55123,,,Farmers State Bank,Hillsboro,WI,2019_15126_0
54634,DIF,NM,United States,53968,STATE,0,233272,Wisconsin,2/8/1982,2019,State Agency,11,55,STREETADDRESS,9,0,United States,"BOSSHARD FINANCIAL GROUP, INC.",0,3,0,138048,,Wonewoc,MULT,CB,100,,STATE,0,,0,726 Water Avenue,0,6774,1205473,57,15126,43.681271,WI,8,CALL,0,Chicago,680747,Union Center Branch,0,,Juneau,ALL OTHER < $1 BILLION,Central District,0,,0,1,,WI,1,Wisconsin,7,FDIC,Chicago,169861,,0,435 Bridge Street,-90.263992,,LA CROSSE,55123,,Hillsboro,21,55057,,,Farmers State Bank,Wonewoc,WI,2019_15126_1
54634,DIF,NM,United States,54639,STATE,0,9499,Wisconsin,3/29/1921,2019,State Agency,11,55,M,9,0,United States,"BOSSHARD FINANCIAL GROUP, INC.",0,3,0,138048,,La Farge,MULT,CB,US_Streets,,STATE,0,,0,726 Water Avenue,0,22213,1205473,123,15126,43.574321,WI,8,CALL,0,Chicago,680747,Lafarge Branch,0,,Vernon,ALL OTHER < $1 BILLION,Central District,0,7/1/2014,0,2,,WI,1,Wisconsin,7,FDIC,Chicago,169861,,0,119 Main St,-90.636581,,LA CROSSE,55123,,Hillsboro,21,55123,,,Farmers State Bank,La Farge,WI,2019_15126_2
54634,DIF,NM,United States,54652,STATE,0,233273,Wisconsin,10/9/1979,2019,State Agency,11,55,POINTADDRESS,9,0,United States,"BOSSHARD FINANCIAL GROUP, INC.",0,3,0,138048,,Readstown,MULT,CB,100,,STATE,0,,0,726 Water Avenue,0,5966,1205473,123,15126,43.451052,WI,8,CALL,0,Chicago,680747,Readstown Branch,0,,Vernon,ALL OTHER < $1 BILLION,Central District,0,7/1/2014,0,3,,WI,1,Wisconsin,7,FDIC,Chicago,169861,,0,111 West Wisconsin Avenue,-90.75978,,LA CROSSE,55123,,Hillsboro,21,55123,,,Farmers State Bank,Readstown,WI,2019_15126_3
54634,DIF,NM,United States,53968,STATE,0,7165,Wisconsin,09/01/1887,2019,State Agency,11,55,M,9,0,United States,"BOSSHARD FINANCIAL GROUP, INC.",0,3,0,138048,,Wonewoc,MULT,CB,100,,STATE,0,,0,726 Water Avenue,0,12432,1205473,57,15126,43.653948,WI,8,CALL,0,Chicago,680747,State Bank Of Wonewo/Branch,0,,Juneau,ALL OTHER < $1 BILLION,Central District,0,1/23/2017,0,4,,WI,1,Wisconsin,7,FDIC,Chicago,169861,,0,226 Center St,-90.223239,,LA CROSSE,55123,,Hillsboro,21,55057,,,Farmers State Bank,Wonewoc,WI,2019_15126_4
53965,DIF,NM,United States,53965,STATE,31540,9508,Wisconsin,2/26/1910,2019,State Agency,11,55,M,9,0,United States,"DELLS BANCSHARES, INC.",0,3,489081,489081,,Wisconsin Dells,ONE,CB,US_Streets,M,STATE,1,,0,716 Superior Street,357,303178,3059746,21,15136,43.62678,WI,4,CALL,0,Chicago,894348,Bank Of Wisconsin Dells,1,,Columbia,COMMERCIAL LENDING,Central District,0,,0,0,,WI,1,Wisconsin,7,FDIC,Chicago,575306,,0,716 Superior Street,-89.775174,,WISCONSIN DELLS,55021,"Madison-Janesville-Beloit, WI",Wisconsin Dells,21,55021,,"Madison, WI",Bank of Wisconsin Dells,Wisconsin Dells,WI,2019_15136_0
53965,DIF,NM,United States,53965,STATE,0,233284,Wisconsin,6/3/1968,2019,State Agency,11,55,POINTADDRESS,9,0,United States,"DELLS BANCSHARES, INC.",0,3,0,489081,,Wisconsin Dells,ONE,CB,100,,STATE,0,,0,716 Superior Street,357,122168,3059746,111,15136,43.589851,WI,4,CALL,0,Chicago,894348,Lake Delton Branch,0,,Sauk,COMMERCIAL LENDING,Central District,0,,1,1,,WI,1,Wisconsin,7,FDIC,Chicago,575306,,0,31 North Judson Street,-89.792208,,WISCONSIN DELLS,55021,"Madison-Janesville-Beloit, WI",Wisconsin Dells,21,55111,,,Bank of Wisconsin Dells,Wisconsin Dells,WI,2019_15136_1
53965,DIF,NM,United States,53901,STATE,31540,233285,Wisconsin,7/17/1996,2019,State Agency,11,55,M,9,0,United States,"DELLS BANCSHARES, INC.",0,3,0,489081,,Portage,ONE,CB,US_Streets,,STATE,0,,0,716 Superior Street,357,63735,3059746,21,15136,43.569383,WI,4,CALL,0,Chicago,894348,Portage Branch,1,,Columbia,COMMERCIAL LENDING,Central District,0,,0,2,,WI,1,Wisconsin,7,FDIC,Chicago,575306,,0,2930 New Pinery Road,-89.469383,,WISCONSIN DELLS,55021,"Madison-Janesville-Beloit, WI",Wisconsin Dells,21,55021,,"Madison, WI",Bank of Wisconsin Dells,Portage,WI,2019_15136_2
54601,DIF,NM,United States,54601,STATE,29100,997,Wisconsin,12/9/1907,2019,State Agency,11,55,M,9,0,United States,"CLAYTON BANKSHARES, INC.",0,3,246513,246513,,La Crosse,ONE,CB,US_Streets,M,STATE,1,,0,620 Main Street,0,178137,1123782,63,1513,43.811609,WI,4,CALL,0,Chicago,447557,Citizens State Bank Of La Crosse,1,,La Crosse,COMMERCIAL LENDING,Central District,0,,0,0,,WI,1,Wisconsin,9,FDIC,Minneapolis,298124,,0,620 Main Street,-91.247891,,LA CROSSE,55063,,La Crosse,21,55063,,"La Crosse-Onalaska, WI-MN",Citizens State Bank of La Crosse,La Crosse,WI,2019_1513_0
54601,DIF,NM,United States,54650,STATE,29100,474313,Wisconsin,4/21/2008,2019,State Agency,11,55,M,9,0,United States,"CLAYTON BANKSHARES, INC.",0,3,0,246513,,Onalaska,ONE,CB,US_Streets,,STATE,0,,0,620 Main Street,0,16437,1123782,63,1513,43.884059,WI,4,CALL,0,Chicago,447557,Onalaska Branch,1,,La Crosse,COMMERCIAL LENDING,Central District,0,,0,2,,WI,1,Wisconsin,9,FDIC,Minneapolis,298124,,0,625 Main Street,-91.22923,,LA CROSSE,55063,,La Crosse,21,55063,,"La Crosse-Onalaska, WI-MN",Citizens State Bank of La Crosse,Onalaska,WI,2019_1513_2
54601,DIF,NM,United States,54720,STATE,20740,510346,Wisconsin,4/1/2010,2019,State Agency,11,55,M,9,0,United States,"CLAYTON BANKSHARES, INC.",0,3,0,246513,,Altoona,ONE,CB,100,,STATE,0,,0,620 Main Street,232,16020,1123782,35,1513,44.795008,WI,4,CALL,0,Chicago,447557,Eau Claire Branch,1,,Eau Claire,COMMERCIAL LENDING,Central District,0,,0,3,,WI,1,Wisconsin,9,FDIC,Minneapolis,298124,,0,1028 N Hillcrest Pkwy,-91.43003,,LA CROSSE,55063,"Eau Claire-Menomonie, WI",La Crosse,21,55035,,"Eau Claire, WI",Citizens State Bank of La Crosse,Altoona,WI,2019_1513_3
54601,DIF,NM,United States,54004,STATE,0,522191,Wisconsin,8/26/2011,2019,State Agency,11,55,M,9,0,United States,"CLAYTON BANKSHARES, INC.",0,3,0,246513,,Clayton,ONE,CB,89,,STATE,0,,0,620 Main Street,0,35919,1123782,95,1513,45.330284,WI,4,CALL,0,Chicago,447557,Clayton Branch,0,,Polk,COMMERCIAL LENDING,Central District,0,,0,4,,WI,1,Wisconsin,9,FDIC,Minneapolis,298124,,0,"101 Prentice Street, South",-92.172247,,LA CROSSE,55063,,La Crosse,21,55095,,,Citizens State Bank of La Crosse,Clayton,WI,2019_1513_4
54121,DIF,NM,United States,54121,STATE,0,9516,Wisconsin,01/01/1891,2019,State Agency,11,55,M,9,14106,United States,"FLORENCE BANCORPORATION, INC.",0,3,114539,114539,,Florence,ONE,CB,US_Zipcode,M,STATE,1,,0,541 Central Avenue,361,87405,1125432,37,15146,45.877519,WI,4,CALL,0,Chicago,576354,Great North Bank,0,,Florence,COMMERCIAL LENDING,Central District,0,,1,0,,WI,1,Wisconsin,9,FDIC,Minneapolis,141345,,0,541 Central Avenue,-88.334119,,FLORENCE,55037,"Marinette-Iron Mountain, WI-MI",Florence,21,55037,,,Great North Bank,Florence,WI,2019_15146_0
54121,DIF,NM,United States,54151,STATE,0,432355,Wisconsin,9/27/2004,2019,State Agency,11,55,StreetName,9,14106,United States,"FLORENCE BANCORPORATION, INC.",0,3,0,114539,,Niagara,ONE,CB,95.05,,STATE,0,,0,541 Central Avenue,361,17138,1125432,37,15146,45.778621,WI,4,CALL,0,Chicago,576354,Aurora Branch,0,,Florence,COMMERCIAL LENDING,Central District,0,,1,1,,WI,1,Wisconsin,9,FDIC,Minneapolis,141345,,0,W627 Co Rd N,-88.077536,,FLORENCE,55037,"Marinette-Iron Mountain, WI-MI",Florence,21,55037,,,Great North Bank,Niagara,WI,2019_15146_1
54121,DIF,NM,United States,54521,STATE,0,570019,Wisconsin,3/17/2015,2019,State Agency,11,55,PointAddress,9,14106,United States,"FLORENCE BANCORPORATION, INC.",0,3,0,114539,,Eagle River,ONE,CB,100,,STATE,0,,0,541 Central Avenue,0,9996,1125432,125,15146,45.923856,WI,4,CALL,0,Chicago,576354,Eagle River Branch,0,,Vilas,COMMERCIAL LENDING,Central District,0,,0,3,,WI,1,Wisconsin,9,FDIC,Minneapolis,141345,,0,111 Mill Street,-89.256621,,FLORENCE,55037,,Florence,21,55125,,,Great North Bank,Eagle River,WI,2019_15146_3
54615,DIF,NM,United States,54615,STATE,0,9522,Wisconsin,1/1/1907,2019,State Agency,11,55,M,9,12080,United States,"BRAD, INC.",0,3,68947,68947,,Black River Falls,ONE,CB,US_Streets,M,STATE,1,,0,221 Main Street,0,42186,1978656,53,15152,44.294982,WI,2,CALL,0,Chicago,603540,Black River Country Bank,0,,Jackson,AGRICULTURAL,Central District,0,,0,0,,WI,1,Wisconsin,7,FDIC,Chicago,81693,,0,221 Main Street,-90.849918,,BLACK RIVER FALLS,55053,,Black River Falls,21,55053,,,Black River Country Bank,Black River Falls,WI,2019_15152_0
54615,DIF,NM,United States,54642,STATE,0,233304,Wisconsin,4/23/1973,2019,State Agency,11,55,M,9,12080,United States,"BRAD, INC.",0,3,0,68947,,Melrose,ONE,CB,US_Streets,,STATE,0,,0,221 Main Street,0,26761,1978656,53,15152,44.132484,WI,2,CALL,0,Chicago,603540,Melrose Branch,0,,Jackson,AGRICULTURAL,Central District,0,,0,1,,WI,1,Wisconsin,7,FDIC,Chicago,81693,,0,401 North Washington,-90.996153,,BLACK RIVER FALLS,55053,,Black River Falls,21,55053,,,Black River Country Bank,Melrose,WI,2019_15152_1
54660,DIF,NM,United States,54660,STATE,0,9527,Wisconsin,8/1/1907,2019,State Agency,11,55,EXACT,9,0,United States,"TOMAH BANCSHARES, INC.",0,3,148338,148338,,Tomah,ONE,CB,100,M,STATE,1,,0,110 West Veterans Street,0,148338,3179961,81,15158,44.001017,WI,4,CALL,0,Chicago,962256,Timberwood Bank,0,,Monroe,COMMERCIAL LENDING,Central District,0,,0,0,,WI,1,Wisconsin,7,FDIC,Chicago,185149,,0,110 West Veterans Street,-90.506752,,TOMAH,55081,,Tomah,21,55081,,,Timberwood Bank,Tomah,WI,2019_15158_0
54660,DIF,NM,United States,54660,STATE,0,227294,Wisconsin,10/17/1984,2019,State Agency,21,55,M,9,0,United States,"TOMAH BANCSHARES, INC.",0,3,0,148338,,Tomah,ONE,CB,US_Streets,N,STATE,0,,0,110 West Veterans Street,0,0,3179961,81,15158,44.001076,WI,4,CALL,0,Chicago,962256,Tomah Branch,0,,Monroe,COMMERCIAL LENDING,Central District,0,11/10/2003,0,3,,WI,1,Wisconsin,7,FDIC,Chicago,185149,,0,102 East Veterans Street,-90.504693,,TOMAH,55081,,Tomah,21,55081,,,Timberwood Bank,Tomah,WI,2019_15158_3
53576,DIF,SM,United States,53576,STATE,27500,9538,Wisconsin,2/25/1901,2019,State Agency,11,55,M,9,0,,,1,3,46008,46008,,Orfordville,NONE,CB,US_Streets,M,STATE,1,,0,303 Spring Street,357,46008,0,105,15173,42.628246,WI,2,CALL,0,Chicago,41245,"Farmers & Merchants Bank, Of Orfordville",1,,Rock,AGRICULTURAL,Central District,0,,0,0,,WI,1,Wisconsin,7,FED,Chicago,54468,,0,303 Spring Street,-89.253437,,,55105,"Madison-Janesville-Beloit, WI",Orfordville,13,55105,,"Janesville-Beloit, WI","Farmers & Merchants Bank, of Orfordville",Orfordville,,2019_15173_0
53946,DIF,SM,United States,53946,STATE,0,1001,Wisconsin,11/03/1891,2019,State Agency,11,55,POINTADDRESS,9,13003,United States,SWORD FINANCIAL CORPORATION,0,3,104790,104790,,Markesan,MULT,CB,100,"M,E",STATE,1,,0,84 N. Bridge Street,0,51798,1202883,47,1517,43.707852,WI,2,CALL,0,Chicago,489641,Markesan State Bank,0,,Green Lake,AGRICULTURAL,Central District,0,,0,0,,WI,1,Wisconsin,7,FED,Chicago,117517,,0,84 N. Bridge Street,-88.987535,,HORICON,55047,,Markesan,13,55047,,,Markesan State Bank,Markesan,WI,2019_1517_0
53946,DIF,SM,United States,53956,STATE,0,189663,Wisconsin,3/19/1990,2019,State Agency,11,55,M,9,13003,United States,SWORD FINANCIAL CORPORATION,0,3,0,104790,,Randolph,MULT,CB,US_Streets,E,STATE,0,,0,84 N. Bridge Street,376,31237,1202883,27,1517,43.531361,WI,2,CALL,0,Chicago,489641,Randolph Branch,0,,Dodge,AGRICULTURAL,Central District,0,,1,1,,WI,1,Wisconsin,7,FED,Chicago,117517,,0,170 Kienow Drive,-89.004324,,HORICON,55047,"Milwaukee-Racine-Waukesha, WI",Markesan,13,55027,,,Markesan State Bank,Randolph,WI,2019_1517_1
53946,DIF,SM,United States,53946,STATE,0,363508,Wisconsin,10/1/2001,2019,State Agency,11,55,M,9,13003,United States,SWORD FINANCIAL CORPORATION,0,3,0,104790,,Markesan,MULT,CB,US_Streets,C,STATE,0,0,0,84 N. Bridge Street,0,0,1202883,47,1517,43.715888,WI,2,CALL,0,Chicago,489641,Margaret Street Branch,0,,Green Lake,AGRICULTURAL,Central District,0,,0,2,,WI,1,Wisconsin,7,FED,Chicago,117517,,0,825 North Margaret Street,-88.99058,,HORICON,55047,,Markesan,13,55047,,,Markesan State Bank,Markesan,WI,2019_1517_2
53946,DIF,SM,United States,53963,STATE,0,467735,Wisconsin,7/30/2007,2019,State Agency,11,55,M,9,13003,United States,SWORD FINANCIAL CORPORATION,0,3,0,104790,,Waupun,MULT,CB,US_RoofTop,E,STATE,0,,0,84 N. Bridge Street,376,21755,1202883,27,1517,43.633086,WI,2,CALL,0,Chicago,489641,Waupun Branch,0,,Dodge,AGRICULTURAL,Central District,0,,1,3,,WI,1,Wisconsin,7,FED,Chicago,117517,,0,807 West Main Street,-88.749495,,HORICON,55047,"Milwaukee-Racine-Waukesha, WI",Markesan,13,55027,,,Markesan State Bank,Waupun,WI,2019_1517_3
54128,DIF,NM,United States,54128,STATE,0,9550,Wisconsin,10/23/1908,2019,State Agency,11,55,M,9,0,United States,WEST END FINANCIAL CORP.,0,3,24537,24537,,Gresham,MULT,CB,US_Streets,M,STATE,1,,0,801 S. Main St,267,18184,3025910,115,15186,44.847338,WI,4,CALL,0,Chicago,926342,State Bank,0,,Shawano,COMMERCIAL LENDING,Central District,0,,1,0,,WI,1,Wisconsin,7,FDIC,Chicago,27719,,0,801 S. Main St,-88.786881,,IRONWOOD,55115,"Green Bay-Shawano, WI",Gresham,21,55115,,,State Bank,Gresham,MI,2019_15186_0
54128,DIF,NM,United States,54166,STATE,0,593134,Wisconsin,11/15/2017,2019,State Agency,11,55,STREETADDRESS,9,0,United States,WEST END FINANCIAL CORP.,0,3,0,24537,,Shawano,MULT,CB,100,,STATE,0,,0,801 S. Main St,267,6348,3025910,115,15186,44.782064,WI,4,CALL,0,Chicago,926342,Shawano Office Branch,0,,Shawano,COMMERCIAL LENDING,Central District,0,,1,1,,WI,1,Wisconsin,7,FDIC,Chicago,27719,,0,1213 E. Green Bay Street,-88.584747,,IRONWOOD,55115,"Green Bay-Shawano, WI",Gresham,21,55115,,,State Bank,Shawano,MI,2019_15186_1
54130,DIF,NM,United States,54130,STATE,11540,9582,Wisconsin,09/01/1883,2019,State Agency,11,55,M,9,10258,United States,"BROGAN BANKSHARES, INC.",1,3,88350,88350,,Kaukauna,ONE,CB,US_Streets,M,STATE,1,,0,264 W. Wisconsin Avenue,118,88350,1202744,87,15228,44.282917,WI,4,CALL,0,Chicago,380944,The Bank Of Kaukauna,1,,Outagamie,COMMERCIAL LENDING,Central District,0,,0,0,,WI,1,Wisconsin,7,FDIC,Chicago,99311,,0,264 W. Wisconsin Avenue,-88.269948,,KAUKAUNA,55087,"Appleton-Oshkosh-Neenah, WI",Kaukauna,21,55087,,"Appleton, WI",The Bank of Kaukauna,Kaukauna,WI,2019_15228_0
53719,DIF,NM,United States,53719,STATE,31540,9583,Wisconsin,5/1/1909,2019,State Agency,11,55,M,9,10824,United States,"FIRST BUSINESS FINANCIAL SERVICES, INC.",0,3,1531686,1531686,,Madison,ONE,CB,US_Streets,M,STATE,1,,0,401 Charmany Drive,357,1069856,1247428,25,15229,43.059394,WI,4,CALL,0,Chicago,537449,First Business Bank,1,,Dane,COMMERCIAL LENDING,Central District,0,,0,0,,WI,1,Wisconsin,7,FDIC,Chicago,2057942,,0,401 Charmany Drive,-89.477812,,MADISON,55025,"Madison-Janesville-Beloit, WI",Madison,21,55025,,"Madison, WI",First Business Bank,Madison,WI,2019_15229_0
53719,DIF,NM,United States,53045,STATE,33340,80044,Wisconsin,6/8/2000,2019,State Agency,11,55,M,9,10824,United States,"FIRST BUSINESS FINANCIAL SERVICES, INC.",0,3,0,1531686,,Brookfield,ONE,CB,US_RoofTop,,STATE,0,,0,401 Charmany Drive,376,247864,1247428,133,15229,43.029424,WI,4,CALL,0,Chicago,537449,Brookfield Branch,1,,Waukesha,COMMERCIAL LENDING,Central District,0,6/1/2017,0,10,,WI,1,Wisconsin,7,FDIC,Chicago,2057942,,0,18500 West Corporate Drive,-88.143393,,MADISON,55025,"Milwaukee-Racine-Waukesha, WI",Madison,21,55133,,"Milwaukee-Waukesha, WI",First Business Bank,Brookfield,WI,2019_15229_10
53719,DIF,NM,United States,54911,STATE,11540,469779,Wisconsin,12/7/2007,2019,State Agency,11,55,M,9,10824,United States,"FIRST BUSINESS FINANCIAL SERVICES, INC.",0,3,0,1531686,,Appleton,ONE,CB,US_RoofTop,,STATE,0,,0,401 Charmany Drive,118,92311,1247428,87,15229,44.243681,WI,4,CALL,0,Chicago,537449,First Business Bank,1,,Outagamie,COMMERCIAL LENDING,Central District,0,,0,3,,WI,1,Wisconsin,7,FDIC,Chicago,2057942,,0,3913 West Prospect Avenue,-88.46433,,MADISON,55025,"Appleton-Oshkosh-Neenah, WI",Madison,21,55087,,"Appleton, WI",First Business Bank,Appleton,WI,2019_15229_3
53719,DIF,NM,United States,66211,STATE,28140,786,Wisconsin,01/01/1892,2019,State Agency,11,20,M,9,10824,United States,"FIRST BUSINESS FINANCIAL SERVICES, INC.",0,3,0,1531686,,Leawood,ONE,CB,100,,STATE,0,,0,401 Charmany Drive,312,121655,1247428,91,15229,38.924234,WI,4,CALL,0,Chicago,537449,Leawood Branch,1,,Johnson,COMMERCIAL LENDING,Central District,0,6/1/2017,0,9,,KS,1,Kansas,7,FDIC,Chicago,2057942,,0,11300 Tomahawk Creek Pkwy,-94.627093,,MADISON,55025,"Kansas City-Overland Park-Kansas City, MO-KS",Madison,21,20091,,"Kansas City, MO-KS",First Business Bank,Leawood,WI,2019_15229_9
54806,DIF,NM,United States,54806,STATE,0,9594,Wisconsin,9/5/1933,2019,State Agency,11,55,T,9,0,United States,"BAY AREA BANKING SHARES, INC.",0,3,210322,210322,,Ashland,ONE,CB,US_Streets,M,STATE,1,,0,321 West Main Street,0,144499,1127799,3,15242,46.592784,WI,4,CALL,0,Chicago,625757,Northern State Bank,0,,Ashland,COMMERCIAL LENDING,Central District,0,,0,0,,WI,1,Wisconsin,9,FDIC,Minneapolis,233408,,0,321 West Main Street,-90.880507,,ASHLAND,55003,,Ashland,21,55003,,,Northern State Bank,Ashland,WI,2019_15242_0
54806,DIF,NM,United States,54514,STATE,0,233512,Wisconsin,9/5/1933,2019,State Agency,11,55,M,9,0,United States,"BAY AREA BANKING SHARES, INC.",0,3,0,210322,,Butternut,ONE,CB,US_Streets,,STATE,0,,0,321 West Main Street,0,11436,1127799,3,15242,46.014815,WI,4,CALL,0,Chicago,625757,Butternut Branch,0,,Ashland,COMMERCIAL LENDING,Central District,0,,0,1,,WI,1,Wisconsin,9,FDIC,Minneapolis,233408,,0,200 West Main Street,-90.492732,,ASHLAND,55003,,Ashland,21,55003,,,Northern State Bank,Butternut,WI,2019_15242_1
54806,DIF,NM,United States,54527,STATE,0,233513,Wisconsin,9/5/1933,2019,State Agency,11,55,M,9,0,United States,"BAY AREA BANKING SHARES, INC.",0,3,0,210322,,Glidden,ONE,CB,US_Streets,,STATE,0,,0,321 West Main Street,0,9090,1127799,3,15242,46.136717,WI,4,CALL,0,Chicago,625757,Glidden Branch,0,,Ashland,COMMERCIAL LENDING,Central District,0,,0,2,,WI,1,Wisconsin,9,FDIC,Minneapolis,233408,,0,163 South Grant Street,-90.575742,,ASHLAND,55003,,Ashland,21,55003,,,Northern State Bank,Glidden,WI,2019_15242_2
54806,DIF,NM,United States,54546,STATE,0,233515,Wisconsin,9/5/1933,2019,State Agency,11,55,M,9,0,United States,"BAY AREA BANKING SHARES, INC.",0,3,0,210322,,Mellen,ONE,CB,US_Streets,,STATE,0,,0,321 West Main Street,0,9501,1127799,3,15242,46.325795,WI,4,CALL,0,Chicago,625757,Mellen Branch,0,,Ashland,COMMERCIAL LENDING,Central District,0,,0,4,,WI,1,Wisconsin,9,FDIC,Minneapolis,233408,,0,103 North Main,-90.660585,,ASHLAND,55003,,Ashland,21,55003,,,Northern State Bank,Mellen,WI,2019_15242_4
54806,DIF,NM,United States,54806,STATE,0,233516,Wisconsin,11/8/1979,2019,State Agency,23,55,M,9,0,United States,"BAY AREA BANKING SHARES, INC.",0,3,0,210322,,Ashland,ONE,CB,US_Streets,C,STATE,0,2,0,321 West Main Street,0,0,1127799,3,15242,46.590312,WI,4,CALL,0,Chicago,625757,Auto Bank Facility,0,,Ashland,COMMERCIAL LENDING,Central District,0,,0,5,,WI,1,Wisconsin,9,FDIC,Minneapolis,233408,,0,321 Second Street West,-90.886094,,ASHLAND,55003,,Ashland,21,55003,,,Northern State Bank,Ashland,WI,2019_15242_5
54806,DIF,NM,United States,54806,STATE,0,233517,Wisconsin,10/5/1998,2019,State Agency,23,55,M,9,0,United States,"BAY AREA BANKING SHARES, INC.",0,3,0,210322,,Ashland,ONE,CB,US_Streets,C,STATE,0,2,0,321 West Main Street,0,0,1127799,3,15242,46.58983,WI,4,CALL,0,Chicago,625757,Super One Branch,0,,Ashland,COMMERCIAL LENDING,Central District,0,,0,6,,WI,1,Wisconsin,9,FDIC,Minneapolis,233408,,0,401 Ellis Avenue,-90.881778,,ASHLAND,55003,,Ashland,21,55003,,,Northern State Bank,Ashland,WI,2019_15242_6
54806,DIF,NM,United States,54891,STATE,0,340734,Wisconsin,5/8/2000,2019,State Agency,12,55,M,9,0,United States,"BAY AREA BANKING SHARES, INC.",0,3,0,210322,,Washburn,ONE,CB,US_Streets,,STATE,0,,0,321 West Main Street,0,8800,1127799,7,15242,46.670466,WI,4,CALL,0,Chicago,625757,Washburn Iga Branch,0,,Bayfield,COMMERCIAL LENDING,Central District,0,,0,7,,WI,1,Wisconsin,9,FDIC,Minneapolis,233408,,0,226 West Bayfield St.,-90.900813,,ASHLAND,55003,,Ashland,21,55007,,,Northern State Bank,Washburn,WI,2019_15242_7
54806,DIF,NM,United States,55705,STATE,20260,5244,Wisconsin,1/1/1906,2019,State Agency,11,27,StreetAddress,9,0,United States,"BAY AREA BANKING SHARES, INC.",0,3,0,210322,,Aurora,ONE,CB,100,,STATE,0,,0,321 West Main Street,0,26996,1127799,137,15242,47.529184,WI,4,CALL,0,Chicago,625757,Aurora Branch,1,,St. Louis,COMMERCIAL LENDING,Central District,0,3/19/2010,0,8,,MN,1,Minnesota,9,FDIC,Minneapolis,233408,,0,213 North Main Street,-92.236916,,ASHLAND,55003,,Ashland,21,27137,,"Duluth, MN-WI",Northern State Bank,Aurora,WI,2019_15242_8
54961,DIF,NM,United States,54961,STATE,0,9616,Wisconsin,1/1/1911,2019,State Agency,11,55,T,9,12547,United States,"FIRST STATE BANCSHARES, INC.",0,3,260617,260617,,New London,ONE,CB,US_Streets,M,STATE,1,,0,113 North Water Street,0,146241,1975459,135,15271,44.392641,WI,4,CALL,0,Chicago,801047,First State Bank,0,,Waupaca,COMMERCIAL LENDING,Central District,0,,0,0,,WI,1,Wisconsin,7,FDIC,Chicago,305729,,0,113 North Water Street,-88.738746,,NEW LONDON,55135,,New London,21,55135,,,First State Bank,New London,WI,2019_15271_0
54961,DIF,NM,United States,54961,STATE,0,233560,Wisconsin,2/19/1980,2019,State Agency,11,55,M,9,12547,United States,"FIRST STATE BANCSHARES, INC.",0,3,0,260617,,New London,ONE,CB,US_Zipcode,C,STATE,0,0,0,113 North Water Street,0,0,1975459,135,15271,44.409014,WI,4,CALL,0,Chicago,801047,Drive-In Facility,0,,Waupaca,COMMERCIAL LENDING,Central District,0,,0,1,,WI,1,Wisconsin,7,FDIC,Chicago,305729,,0,St Johns Place,-88.765703,,NEW LONDON,55135,,New London,21,55135,,,First State Bank,New London,WI,2019_15271_1
54961,DIF,NM,United States,54929,STATE,0,9175,Wisconsin,8/11/1934,2019,State Agency,11,55,M,9,12547,United States,"FIRST STATE BANCSHARES, INC.",0,3,0,260617,,Clintonville,ONE,CB,US_Streets,,STATE,0,,0,113 North Water Street,0,41617,1975459,135,15271,44.622333,WI,4,CALL,0,Chicago,801047,Clintonville Branch,0,,Waupaca,COMMERCIAL LENDING,Central District,0,7/1/1989,0,2,,WI,1,Wisconsin,7,FDIC,Chicago,305729,,0,60 South Main Street,-88.760801,,NEW LONDON,55135,,New London,21,55135,,,First State Bank,Clintonville,WI,2019_15271_2
54961,DIF,NM,United States,54949,STATE,0,233562,Wisconsin,5/20/1996,2019,State Agency,11,55,M,9,12547,United States,"FIRST STATE BANCSHARES, INC.",0,3,0,260617,,Manawa,ONE,CB,US_Streets,,STATE,0,,0,113 North Water Street,0,21074,1975459,135,15271,44.465023,WI,4,CALL,0,Chicago,801047,Manawa Branch,0,,Waupaca,COMMERCIAL LENDING,Central District,0,,0,4,,WI,1,Wisconsin,7,FDIC,Chicago,305729,,0,227 South Bridge Street,-88.920063,,NEW LONDON,55135,,New London,21,55135,,,First State Bank,Manawa,WI,2019_15271_4
54961,DIF,NM,United States,54111,STATE,0,357314,Wisconsin,4/20/1998,2019,State Agency,11,55,M,9,12547,United States,"FIRST STATE BANCSHARES, INC.",0,3,0,260617,,Cecil,ONE,CB,US_Zipcode,,STATE,0,,0,113 North Water Street,267,12636,1975459,115,15271,44.817348,WI,4,CALL,0,Chicago,801047,Cecil Branch,0,,Shawano,COMMERCIAL LENDING,Central District,0,,1,7,,WI,1,Wisconsin,7,FDIC,Chicago,305729,,0,111 E. Freeborn St.,-88.384656,,NEW LONDON,55135,"Green Bay-Shawano, WI",New London,21,55115,,,First State Bank,Cecil,WI,2019_15271_7
54961,DIF,NM,United States,54981,STATE,0,442335,Wisconsin,2/21/2005,2019,State Agency,11,55,M,9,12547,United States,"FIRST STATE BANCSHARES, INC.",0,3,0,260617,,Waupaca,ONE,CB,US_Streets,,STATE,0,,0,113 North Water Street,0,18841,1975459,135,15271,44.355976,WI,4,CALL,0,Chicago,801047,First State Bank-Waupaca Branch,0,,Waupaca,COMMERCIAL LENDING,Central District,0,,0,8,,WI,1,Wisconsin,7,FDIC,Chicago,305729,,0,101 County Rd Qq,-89.118188,,NEW LONDON,55135,,New London,21,55135,,,First State Bank,Waupaca,WI,2019_15271_8
54961,DIF,NM,United States,54475,STATE,0,1633,Wisconsin,9/20/1917,2019,State Agency,11,55,M,9,12547,United States,"FIRST STATE BANCSHARES, INC.",0,3,0,260617,,Rudolph,ONE,CB,US_Streets,,STATE,0,,0,113 North Water Street,554,20208,1975459,141,15271,44.496162,WI,4,CALL,0,Chicago,801047,Rudolph Branch,0,,Wood,COMMERCIAL LENDING,Central District,0,1/21/2017,1,9,,WI,1,Wisconsin,7,FDIC,Chicago,305729,,0,1680 Main Street,-89.80675,,NEW LONDON,55135,"Wausau-Stevens Point-Wisconsin Rapids, WI",New London,21,55141,,,First State Bank,Rudolph,WI,2019_15271_9
54923,DIF,SM,United States,54923,STATE,0,10026,Wisconsin,12/2/1940,2019,State Agency,11,55,M,9,0,United States,"KUJAWA FAMILY HOLDINGS, INC.",0,3,263133,263133,,Berlin,ONE,CB,US_Streets,M,STATE,1,,0,123 W Huron Street,0,263133,3444203,47,15779,43.968292,WI,4,CALL,0,Chicago,574949,The Farmers & Merchants Bank,0,,Green Lake,COMMERCIAL LENDING,Central District,0,,0,0,,WI,1,Wisconsin,7,FED,Chicago,314667,,0,123 W Huron Street,-88.947374,,BERLIN,55047,,Berlin,13,55047,,,The Farmers & Merchants Bank,Berlin,WI,2019_15779_0
54923,DIF,SM,United States,54923,STATE,0,590055,Wisconsin,11/11/2011,2019,State Agency,23,55,PointAddress,9,0,United States,"KUJAWA FAMILY HOLDINGS, INC.",0,3,0,263133,,Berlin,ONE,CB,100,C,STATE,0,0,0,123 W Huron Street,0,0,3444203,47,15779,43.96832,WI,4,CALL,0,Chicago,574949,Berlin Drive Up Location Branch,0,,Green Lake,COMMERCIAL LENDING,Central District,0,,0,1,,WI,1,Wisconsin,7,FED,Chicago,314667,,0,663 Broadway St,-88.970551,,BERLIN,55047,,Berlin,13,55047,,,The Farmers & Merchants Bank,Berlin,WI,2019_15779_1
54950,DIF,NM,United States,54950,STATE,0,10044,Wisconsin,2/24/1941,2019,State Agency,11,55,M,9,11899,United States,"M.S.B. BANCORPORATION, INC.",0,3,280097,280097,,Marion,ONE,CB,US_Streets,M,STATE,1,,0,230 Mavis Road,0,71364,1210749,135,15799,44.67973,WI,2,CALL,0,Chicago,597546,Premier Community Bank,0,,Waupaca,AGRICULTURAL,Central District,0,,0,0,,WI,1,Wisconsin,7,FDIC,Chicago,315055,,0,230 Mavis Road,-88.891724,,MARION,55135,,Marion,21,55135,,,Premier Community Bank,Marion,WI,2019_15799_0
54950,DIF,NM,United States,54922,STATE,11540,235299,Wisconsin,12/3/1945,2019,State Agency,11,55,POINTADDRESS,9,11899,United States,"M.S.B. BANCORPORATION, INC.",0,3,0,280097,,Bear Creek,ONE,CB,100,,STATE,0,,0,230 Mavis Road,118,11592,1210749,87,15799,44.530783,WI,2,CALL,0,Chicago,597546,Bear Creek Branch,1,,Outagamie,AGRICULTURAL,Central District,0,,0,1,,WI,1,Wisconsin,7,FDIC,Chicago,315055,,0,108 Railroad Avenue,-88.726508,,MARION,55135,"Appleton-Oshkosh-Neenah, WI",Marion,21,55087,,"Appleton, WI",Premier Community Bank,Bear Creek,WI,2019_15799_1
54950,DIF,NM,United States,54949,STATE,0,8519,Wisconsin,3/17/1916,2019,State Agency,11,55,M,9,11899,United States,"M.S.B. BANCORPORATION, INC.",0,3,0,280097,,Manawa,ONE,CB,US_Streets,,STATE,0,,0,230 Mavis Road,0,23626,1210749,135,15799,44.468718,WI,2,CALL,0,Chicago,597546,Manawa Branch,0,,Waupaca,AGRICULTURAL,Central District,0,9/7/2012,0,10,,WI,1,Wisconsin,7,FDIC,Chicago,315055,,0,431 South Bridge Street,-88.920136,,MARION,55135,,Marion,21,55135,,,Premier Community Bank,Manawa,WI,2019_15799_10
54950,DIF,NM,United States,54940,STATE,0,229371,Wisconsin,6/1/1992,2019,State Agency,11,55,M,9,11899,United States,"M.S.B. BANCORPORATION, INC.",0,3,0,280097,,Fremont,ONE,CB,US_Streets,,STATE,0,,0,230 Mavis Road,0,15379,1210749,135,15799,44.259649,WI,2,CALL,0,Chicago,597546,Fremont Branch,0,,Waupaca,AGRICULTURAL,Central District,0,9/7/2012,0,12,,WI,1,Wisconsin,7,FDIC,Chicago,315055,,0,307 Wolf River Drive,-88.86446,,MARION,55135,,Marion,21,55135,,,Premier Community Bank,Fremont,WI,2019_15799_12
54950,DIF,NM,United States,54981,STATE,0,358289,Wisconsin,8/9/1999,2019,State Agency,11,55,M,9,11899,United States,"M.S.B. BANCORPORATION, INC.",0,3,0,280097,,Waupaca,ONE,CB,US_Streets,,STATE,0,,0,230 Mavis Road,0,26248,1210749,135,15799,44.357394,WI,2,CALL,0,Chicago,597546,Waupaca Branch,0,,Waupaca,AGRICULTURAL,Central District,0,9/7/2012,0,13,,WI,1,Wisconsin,7,FDIC,Chicago,315055,,0,936 Furman Drive,-89.104761,,MARION,55135,,Marion,21,55135,,,Premier Community Bank,Waupaca,WI,2019_15799_13
54950,DIF,NM,United States,54986,STATE,36780,276708,Wisconsin,01/01/1886,2019,State Agency,11,55,M,9,11899,United States,"M.S.B. BANCORPORATION, INC.",0,3,0,280097,,Winneconne,ONE,CB,US_RoofTop,,STATE,0,,0,230 Mavis Road,118,16235,1210749,139,15799,44.11243,WI,2,CALL,0,Chicago,597546,927 E Main St Branch,1,,Winnebago,AGRICULTURAL,Central District,0,9/25/2015,0,14,,WI,1,Wisconsin,7,FDIC,Chicago,315055,,0,927 E Main St,-88.693974,,MARION,55135,"Appleton-Oshkosh-Neenah, WI",Marion,21,55139,,"Oshkosh-Neenah, WI",Premier Community Bank,Winneconne,WI,2019_15799_14
54950,DIF,NM,United States,54945,STATE,0,235301,Wisconsin,11/4/1991,2019,State Agency,11,55,M,9,11899,United States,"M.S.B. BANCORPORATION, INC.",0,3,0,280097,,Iola,ONE,CB,US_Streets,,STATE,0,,0,230 Mavis Road,0,20092,1210749,135,15799,44.507274,WI,2,CALL,0,Chicago,597546,Iola Branch,0,,Waupaca,AGRICULTURAL,Central District,0,,0,3,,WI,1,Wisconsin,7,FDIC,Chicago,315055,,0,505 East State Street,-89.126171,,MARION,55135,,Marion,21,55135,,,Premier Community Bank,Iola,WI,2019_15799_3
54950,DIF,NM,United States,54486,STATE,0,235303,Wisconsin,11/2/1998,2019,State Agency,11,55,M,9,11899,United States,"M.S.B. BANCORPORATION, INC.",0,3,0,280097,,Tigerton,ONE,CB,US_Streets,,STATE,0,,0,230 Mavis Road,267,11895,1210749,115,15799,44.710243,WI,2,CALL,0,Chicago,597546,Tigerton Branch,0,,Shawano,AGRICULTURAL,Central District,0,,1,5,,WI,1,Wisconsin,7,FDIC,Chicago,315055,,0,112 Us Highway 45,-89.022971,,MARION,55135,"Green Bay-Shawano, WI",Marion,21,55115,,,Premier Community Bank,Tigerton,WI,2019_15799_5
54950,DIF,NM,United States,54162,STATE,24580,361952,Wisconsin,9/17/2001,2019,State Agency,11,55,T,9,11899,United States,"M.S.B. BANCORPORATION, INC.",0,3,0,280097,,Pulaski,ONE,CB,US_Streets,,STATE,0,,0,230 Mavis Road,267,48689,1210749,9,15799,44.693553,WI,2,CALL,0,Chicago,597546,Pulaski Branch,1,,Brown,AGRICULTURAL,Central District,0,,0,8,,WI,1,Wisconsin,7,FDIC,Chicago,315055,,0,745 Highway 32,-88.243538,,MARION,55135,"Green Bay-Shawano, WI",Marion,21,55009,,"Green Bay, WI",Premier Community Bank,Pulaski,WI,2019_15799_8
54950,DIF,NM,United States,54166,STATE,0,455687,Wisconsin,10/16/2006,2019,State Agency,11,55,M,9,11899,United States,"M.S.B. BANCORPORATION, INC.",0,3,0,280097,,Shawano,ONE,CB,US_Streets,,STATE,0,,0,230 Mavis Road,267,34977,1210749,115,15799,44.760232,WI,2,CALL,0,Chicago,597546,Shawano Branch,0,,Shawano,AGRICULTURAL,Central District,0,,1,9,,WI,1,Wisconsin,7,FDIC,Chicago,315055,,0,N4805 Highway 22,-88.60911,,MARION,55135,"Green Bay-Shawano, WI",Marion,21,55115,,,Premier Community Bank,Shawano,WI,2019_15799_9
53188,DIF,NM,United States,53188,STATE,33340,10370,Wisconsin,6/15/1944,2019,State Agency,11,55,M,9,0,United States,BANK STREET CAPITAL CORPORATION,0,3,783362,783362,,Waukesha,ONE,CB,US_Streets,M,STATE,1,,0,151 East St. Paul Avenue,376,349987,5149043,133,16160,43.01283,WI,4,CALL,0,Chicago,290249,Waukesha State Bank,1,,Waukesha,COMMERCIAL LENDING,Central District,0,,0,0,,WI,1,Wisconsin,7,FDIC,Chicago,965749,,0,151 East St. Paul Avenue,-88.233784,,WAUKESHA,55133,"Milwaukee-Racine-Waukesha, WI",Waukesha,21,55133,,"Milwaukee-Waukesha, WI",Waukesha State Bank,Waukesha,WI,2019_16160_0
53188,DIF,NM,United States,53188,STATE,33340,237540,Wisconsin,6/3/1991,2019,State Agency,29,55,M,9,0,United States,BANK STREET CAPITAL CORPORATION,0,3,0,783362,,Waukesha,ONE,CB,US_Streets,C,STATE,0,0,0,151 East St. Paul Avenue,376,0,5149043,133,16160,43.021515,WI,4,CALL,0,Chicago,290249,Summit Avenue Branch,1,,Waukesha,COMMERCIAL LENDING,Central District,0,,0,10,,WI,1,Wisconsin,7,FDIC,Chicago,965749,,0,2501 Summit Avenue,-88.26538,,WAUKESHA,55133,"Milwaukee-Racine-Waukesha, WI",Waukesha,21,55133,,"Milwaukee-Waukesha, WI",Waukesha State Bank,Waukesha,WI,2019_16160_10
53188,DIF,NM,United States,53018,STATE,33340,237541,Wisconsin,11/2/1994,2019,State Agency,12,55,M,9,0,United States,BANK STREET CAPITAL CORPORATION,0,3,0,783362,,Delafield,ONE,CB,US_RoofTop,,STATE,0,,0,151 East St. Paul Avenue,376,46603,5149043,133,16160,43.05308,WI,4,CALL,0,Chicago,290249,Delafield Branch,1,,Waukesha,COMMERCIAL LENDING,Central District,0,,0,11,,WI,1,Wisconsin,7,FDIC,Chicago,965749,,0,3293 Golf Road,-88.364576,,WAUKESHA,55133,"Milwaukee-Racine-Waukesha, WI",Waukesha,21,55133,,"Milwaukee-Waukesha, WI",Waukesha State Bank,Delafield,WI,2019_16160_11
53188,DIF,NM,United States,53072,STATE,33340,237542,Wisconsin,8/21/1996,2019,State Agency,12,55,M,9,0,United States,BANK STREET CAPITAL CORPORATION,0,3,0,783362,,Pewaukee,ONE,CB,US_Streets,,STATE,0,,0,151 East St. Paul Avenue,376,44265,5149043,133,16160,43.083084,WI,4,CALL,0,Chicago,290249,Pewaukee Branch,1,,Waukesha,COMMERCIAL LENDING,Central District,0,,0,12,,WI,1,Wisconsin,7,FDIC,Chicago,965749,,0,1230 Capitol Drive,-88.237892,,WAUKESHA,55133,"Milwaukee-Racine-Waukesha, WI",Waukesha,21,55133,,"Milwaukee-Waukesha, WI",Waukesha State Bank,Pewaukee,WI,2019_16160_12
53188,DIF,NM,United States,53188,STATE,33340,237543,Wisconsin,10/27/1999,2019,State Agency,12,55,M,9,0,United States,BANK STREET CAPITAL CORPORATION,0,3,0,783362,,Waukesha,ONE,CB,US_Streets,,STATE,0,,0,151 East St. Paul Avenue,376,25588,5149043,133,16160,43.021579,WI,4,CALL,0,Chicago,290249,Meadowbrook Road Branch,1,,Waukesha,COMMERCIAL LENDING,Central District,0,,0,13,,WI,1,Wisconsin,7,FDIC,Chicago,965749,,0,701 North Meadowbrook Road,-88.28577,,WAUKESHA,55133,"Milwaukee-Racine-Waukesha, WI",Waukesha,21,55133,,"Milwaukee-Waukesha, WI",Waukesha State Bank,Waukesha,WI,2019_16160_13
53188,DIF,NM,United States,53072,STATE,33340,362472,Wisconsin,11/26/2001,2019,State Agency,29,55,M,9,0,United States,BANK STREET CAPITAL CORPORATION,0,3,0,783362,,Pewaukee,ONE,CB,100,C,STATE,0,12,0,151 East St. Paul Avenue,376,0,5149043,133,16160,43.091063,WI,4,CALL,0,Chicago,290249,Kirkland Crossings Senior Apartments Branch,1,,Waukesha,COMMERCIAL LENDING,Central District,0,,0,16,,WI,1,Wisconsin,7,FDIC,Chicago,965749,,0,700 Quinlan Dr.,-88.273659,,WAUKESHA,55133,"Milwaukee-Racine-Waukesha, WI",Waukesha,21,55133,,"Milwaukee-Waukesha, WI",Waukesha State Bank,Pewaukee,WI,2019_16160_16
53188,DIF,NM,United States,53066,STATE,33340,428176,Wisconsin,5/4/2004,2019,State Agency,11,55,M,9,0,United States,BANK STREET CAPITAL CORPORATION,0,3,0,783362,,Oconomowoc,ONE,CB,US_Streets,,STATE,0,,0,151 East St. Paul Avenue,376,45514,5149043,133,16160,43.073752,WI,4,CALL,0,Chicago,290249,Oconomowoc Branch,1,,Waukesha,COMMERCIAL LENDING,Central District,0,,0,17,,WI,1,Wisconsin,7,FDIC,Chicago,965749,,0,1227 Corporate Center Drive,-88.472503,,WAUKESHA,55133,"Milwaukee-Racine-Waukesha, WI",Waukesha,21,55133,,"Milwaukee-Waukesha, WI",Waukesha State Bank,Oconomowoc,WI,2019_16160_17
53188,DIF,NM,United States,53150,STATE,33340,451600,Wisconsin,6/5/2006,2019,State Agency,11,55,M,9,0,United States,BANK STREET CAPITAL CORPORATION,0,3,0,783362,,Muskego,ONE,CB,US_Zipcode,,STATE,0,,0,151 East St. Paul Avenue,376,25036,5149043,133,16160,42.882925,WI,4,CALL,0,Chicago,290249,Muskego Branch,1,,Waukesha,COMMERCIAL LENDING,Central District,0,,0,19,,WI,1,Wisconsin,7,FDIC,Chicago,965749,,0,S69w15273 Janesville Road,-88.1263,,WAUKESHA,55133,"Milwaukee-Racine-Waukesha, WI",Waukesha,21,55133,,"Milwaukee-Waukesha, WI",Waukesha State Bank,Muskego,WI,2019_16160_19
53188,DIF,NM,United States,53186,STATE,33340,237532,Wisconsin,7/18/1984,2019,State Agency,12,55,StreetAddress,9,0,United States,BANK STREET CAPITAL CORPORATION,0,3,0,783362,,Waukesha,ONE,CB,100,,STATE,0,,0,151 East St. Paul Avenue,376,55653,5149043,133,16160,43.020299,WI,4,CALL,0,Chicago,290249,E Main,1,,Waukesha,COMMERCIAL LENDING,Central District,0,,0,2,,WI,1,Wisconsin,7,FDIC,Chicago,965749,,0,1640 E Main Street,-88.203125,,WAUKESHA,55133,"Milwaukee-Racine-Waukesha, WI",Waukesha,21,55133,,"Milwaukee-Waukesha, WI",Waukesha State Bank,Waukesha,WI,2019_16160_2
53188,DIF,NM,United States,53149,STATE,33340,466807,Wisconsin,7/24/2007,2019,State Agency,11,55,M,9,0,United States,BANK STREET CAPITAL CORPORATION,0,3,0,783362,,Mukwonago,ONE,CB,US_Streets,,STATE,0,,0,151 East St. Paul Avenue,376,20316,5149043,133,16160,42.855289,WI,4,CALL,0,Chicago,290249,Mukwonago Branch,1,,Waukesha,COMMERCIAL LENDING,Central District,0,,0,20,,WI,1,Wisconsin,7,FDIC,Chicago,965749,,0,1160 North Rochester Street,-88.325715,,WAUKESHA,55133,"Milwaukee-Racine-Waukesha, WI",Waukesha,21,55133,,"Milwaukee-Waukesha, WI",Waukesha State Bank,Mukwonago,WI,2019_16160_20
53188,DIF,NM,United States,53089,STATE,33340,477839,Wisconsin,6/23/2008,2019,State Agency,11,55,POSTAL,9,0,United States,BANK STREET CAPITAL CORPORATION,0,3,0,783362,,Sussex,ONE,CB,100,,STATE,0,,0,151 East St. Paul Avenue,376,31922,5149043,133,16160,43.138168,WI,4,CALL,0,Chicago,290249,Sussex Branch,1,,Waukesha,COMMERCIAL LENDING,Central District,0,,0,22,,WI,1,Wisconsin,7,FDIC,Chicago,965749,,0,W249 N6688 State Highway 164,-88.230817,,WAUKESHA,55133,"Milwaukee-Racine-Waukesha, WI",Waukesha,21,55133,,"Milwaukee-Waukesha, WI",Waukesha State Bank,Sussex,WI,2019_16160_22
53188,DIF,NM,United States,53186,STATE,33340,501288,Wisconsin,1/28/2010,2019,State Agency,11,55,EXACT,9,0,United States,BANK STREET CAPITAL CORPORATION,0,3,0,783362,,Waukesha,ONE,CB,100,,STATE,0,,0,151 East St. Paul Avenue,376,29101,5149043,133,16160,42.995443,WI,4,CALL,0,Chicago,290249,East Racine Avenue Branch,1,,Waukesha,COMMERCIAL LENDING,Central District,0,,0,23,,WI,1,Wisconsin,7,FDIC,Chicago,965749,,0,1709 E Racine Ave,-88.200951,,WAUKESHA,55133,"Milwaukee-Racine-Waukesha, WI",Waukesha,21,55133,,"Milwaukee-Waukesha, WI",Waukesha State Bank,Waukesha,WI,2019_16160_23
53188,DIF,NM,United States,53151,STATE,33340,539955,Wisconsin,6/4/2013,2019,State Agency,11,55,M,9,0,United States,BANK STREET CAPITAL CORPORATION,0,3,0,783362,,New Berlin,ONE,CB,100,,STATE,0,,0,151 East St. Paul Avenue,376,15860,5149043,133,16160,42.98559,WI,4,CALL,0,Chicago,290249,New Berlin Wi Branch,1,,Waukesha,COMMERCIAL LENDING,Central District,0,,0,24,,WI,1,Wisconsin,7,FDIC,Chicago,965749,,0,14000 West National Avenue,-88.088824,,WAUKESHA,55133,"Milwaukee-Racine-Waukesha, WI",Waukesha,21,55133,,"Milwaukee-Waukesha, WI",Waukesha State Bank,New Berlin,WI,2019_16160_24
53188,DIF,NM,United States,53045,STATE,33340,555745,Wisconsin,5/19/2014,2019,State Agency,11,55,PointAddress,9,0,United States,BANK STREET CAPITAL CORPORATION,0,3,0,783362,,Brookfield,ONE,CB,100,,STATE,0,,0,151 East St. Paul Avenue,376,33493,5149043,133,16160,43.090737,WI,4,CALL,0,Chicago,290249,Brookfield Wi Branch,1,,Waukesha,COMMERCIAL LENDING,Central District,0,,0,25,,WI,1,Wisconsin,7,FDIC,Chicago,965749,,0,18300 West Capitol Drive,-88.13983,,WAUKESHA,55133,"Milwaukee-Racine-Waukesha, WI",Waukesha,21,55133,,"Milwaukee-Waukesha, WI",Waukesha State Bank,Brookfield,WI,2019_16160_25
53188,DIF,NM,United States,53188,STATE,33340,237534,Wisconsin,12/1/1983,2019,State Agency,23,55,M,9,0,United States,BANK STREET CAPITAL CORPORATION,0,3,0,783362,,Waukesha,ONE,CB,US_Streets,C,STATE,0,0,0,151 East St. Paul Avenue,376,0,5149043,133,16160,43.049488,WI,4,CALL,0,Chicago,290249,Ge Medical,1,,Waukesha,COMMERCIAL LENDING,Central District,0,,0,4,,WI,1,Wisconsin,7,FDIC,Chicago,965749,,0,3000 North Grandview Boulevard,-88.255594,,WAUKESHA,55133,"Milwaukee-Racine-Waukesha, WI",Waukesha,21,55133,,"Milwaukee-Waukesha, WI",Waukesha State Bank,Waukesha,WI,2019_16160_4
53188,DIF,NM,United States,53188,STATE,33340,237535,Wisconsin,1/5/1987,2019,State Agency,29,55,M,9,0,United States,BANK STREET CAPITAL CORPORATION,0,3,0,783362,,Waukesha,ONE,CB,US_RoofTop,C,STATE,0,0,0,151 East St. Paul Avenue,376,0,5149043,133,16160,43.001939,WI,4,CALL,0,Chicago,290249,Oak Hill Branch,1,,Waukesha,COMMERCIAL LENDING,Central District,0,,0,5,,WI,1,Wisconsin,7,FDIC,Chicago,965749,,0,1810 Kensington Drive,-88.257369,,WAUKESHA,55133,"Milwaukee-Racine-Waukesha, WI",Waukesha,21,55133,,"Milwaukee-Waukesha, WI",Waukesha State Bank,Waukesha,WI,2019_16160_5
53188,DIF,NM,United States,53188,STATE,33340,237536,Wisconsin,6/6/1988,2019,State Agency,11,55,M,9,0,United States,BANK STREET CAPITAL CORPORATION,0,3,0,783362,,Waukesha,ONE,CB,100,,STATE,0,,0,151 East St. Paul Avenue,376,60024,5149043,133,16160,43.02304,WI,4,CALL,0,Chicago,290249,West Sunset Drive Office,1,,Waukesha,COMMERCIAL LENDING,Central District,0,,0,6,,WI,1,Wisconsin,7,FDIC,Chicago,965749,,0,S31w25995 Sunset Drive,-88.28844,,WAUKESHA,55133,"Milwaukee-Racine-Waukesha, WI",Waukesha,21,55133,,"Milwaukee-Waukesha, WI",Waukesha State Bank,Waukesha,WI,2019_16160_6
53188,DIF,NM,United States,53186,STATE,33340,237537,Wisconsin,1/24/1990,2019,State Agency,29,55,M,9,0,United States,BANK STREET CAPITAL CORPORATION,0,3,0,783362,,Waukesha,ONE,CB,US_RoofTop,C,STATE,0,0,0,151 East St. Paul Avenue,376,0,5149043,133,16160,43.011103,WI,4,CALL,0,Chicago,290249,Avalon Manor Branch,1,,Waukesha,COMMERCIAL LENDING,Central District,0,,0,7,,WI,1,Wisconsin,7,FDIC,Chicago,965749,,0,222 Park Place,-88.229706,,WAUKESHA,55133,"Milwaukee-Racine-Waukesha, WI",Waukesha,21,55133,,"Milwaukee-Waukesha, WI",Waukesha State Bank,Waukesha,WI,2019_16160_7
53188,DIF,NM,United States,53188,STATE,33340,237538,Wisconsin,11/12/1990,2019,State Agency,23,55,M,9,0,United States,BANK STREET CAPITAL CORPORATION,0,3,0,783362,,Waukesha,ONE,CB,US_Streets,C,STATE,0,0,0,151 East St. Paul Avenue,376,0,5149043,133,16160,43.023098,WI,4,CALL,0,Chicago,290249,Moreland Medical Center Branch,1,,Waukesha,COMMERCIAL LENDING,Central District,0,,0,8,,WI,1,Wisconsin,7,FDIC,Chicago,965749,,0,1111 Delafield Street,-88.24068,,WAUKESHA,55133,"Milwaukee-Racine-Waukesha, WI",Waukesha,21,55133,,"Milwaukee-Waukesha, WI",Waukesha State Bank,Waukesha,WI,2019_16160_8
54022,DIF,NM,United States,54022,STATE,33460,10939,Wisconsin,10/3/1949,2019,State Agency,11,55,M,9,0,United States,"RIVER FALLS BANCSHARES, INC.",1,3,76772,76772,,River Falls,ONE,CB,US_Streets,M,STATE,1,,0,124 South Second Street,378,76772,2519805,93,16840,44.857875,WI,4,CALL,0,Chicago,955753,River Falls State Bank,1,,Pierce,COMMERCIAL LENDING,Central District,0,,0,0,,WI,1,Wisconsin,9,FDIC,Minneapolis,92686,,0,124 South Second Street,-92.624577,,RIVER FALLS,55093,"Minneapolis-St. Paul, MN-WI",River Falls,21,55093,,"Minneapolis-St. Paul-Bloomington, MN-WI",River Falls State Bank,River Falls,WI,2019_16840_0
54476,DIF,NM,United States,54476,STATE,48140,11171,Wisconsin,7/14/1952,2019,State Agency,11,55,M,9,15900,United States,"BOSSHARD BANCO, LTD.",0,3,146110,146110,,Schofield,MULT,CB,US_Streets,M,STATE,1,,0,962 Grand Avenue,554,89662,1124163,73,17128,44.919031,WI,4,CALL,0,Chicago,1016941,Intercity State Bank,1,,Marathon,COMMERCIAL LENDING,Central District,0,,0,0,,WI,1,Wisconsin,7,FDIC,Chicago,187320,,0,962 Grand Avenue,-89.612676,,LA CROSSE,55073,"Wausau-Stevens Point-Wisconsin Rapids, WI",Schofield,21,55073,,"Wausau-Weston, WI",Intercity State Bank,Schofield,WI,2019_17128_0
54476,DIF,NM,United States,54476,STATE,48140,240623,Wisconsin,11/5/1990,2019,State Agency,11,55,M,9,15900,United States,"BOSSHARD BANCO, LTD.",0,3,0,146110,,Schofield,MULT,CB,US_Streets,,STATE,0,,0,962 Grand Avenue,554,44457,1124163,73,17128,44.906402,WI,4,CALL,0,Chicago,1016941,Schofield Branch,1,,Marathon,COMMERCIAL LENDING,Central District,0,,0,1,,WI,1,Wisconsin,7,FDIC,Chicago,187320,,0,2900 Schofield Avenue,-89.587754,,LA CROSSE,55073,"Wausau-Stevens Point-Wisconsin Rapids, WI",Schofield,21,55073,,"Wausau-Weston, WI",Intercity State Bank,Schofield,WI,2019_17128_1
54476,DIF,NM,United States,54401,STATE,48140,478958,Wisconsin,10/1/2007,2019,State Agency,11,55,M,9,15900,United States,"BOSSHARD BANCO, LTD.",0,3,0,146110,,Wausau,MULT,CB,US_Streets,,STATE,0,,0,962 Grand Avenue,554,11991,1124163,73,17128,44.955394,WI,4,CALL,0,Chicago,1016941,Wausau Office Branch,1,,Marathon,COMMERCIAL LENDING,Central District,0,,0,2,,WI,1,Wisconsin,7,FDIC,Chicago,187320,,0,3600 Stewart Ave,-89.681123,,LA CROSSE,55073,"Wausau-Stevens Point-Wisconsin Rapids, WI",Schofield,21,55073,,"Wausau-Weston, WI",Intercity State Bank,Wausau,WI,2019_17128_2
54868,DIF,NM,United States,54868,STATE,0,11198,Wisconsin,1/2/1953,2019,State Agency,11,55,M,9,10201,United States,"DAIRY STATE BANCORP, INC.",0,3,401543,401543,,Rice Lake,ONE,CB,US_Streets,"M,E",STATE,1,,0,16 South Main Street,0,181377,1126121,5,17162,45.501471,WI,4,CALL,0,Chicago,57451,Dairy State Bank,0,,Barron,COMMERCIAL LENDING,Central District,0,,0,0,,WI,1,Wisconsin,9,FDIC,Minneapolis,480132,,0,16 South Main Street,-91.733531,,RICE LAKE,55005,,Rice Lake,21,55005,,,Dairy State Bank,Rice Lake,WI,2019_17162_0
54868,DIF,NM,United States,54817,STATE,0,1618,Wisconsin,5/7/1919,2019,State Agency,11,55,M,9,10201,United States,"DAIRY STATE BANCORP, INC.",0,3,0,401543,,Birchwood,ONE,CB,US_Streets,E,STATE,0,,0,16 South Main Street,0,28509,1126121,129,17162,45.655221,WI,4,CALL,0,Chicago,57451,Birchwood Branch,0,,Washburn,COMMERCIAL LENDING,Central District,0,7/15/1987,0,1,,WI,1,Wisconsin,9,FDIC,Minneapolis,480132,,0,124 N. Main Street,-91.555752,,RICE LAKE,55005,,Rice Lake,21,55129,,,Dairy State Bank,Birchwood,WI,2019_17162_1
54868,DIF,NM,United States,54751,STATE,0,473044,Wisconsin,2/29/2008,2019,State Agency,11,55,M,9,10201,United States,"DAIRY STATE BANCORP, INC.",0,3,0,401543,,Menomonie,ONE,CB,US_Streets,E,STATE,0,,0,16 South Main Street,232,73422,1126121,33,17162,44.881255,WI,4,CALL,0,Chicago,57451,Menomonie Branch,0,,Dunn,COMMERCIAL LENDING,Central District,0,2/29/2008,1,10,,WI,1,Wisconsin,9,FDIC,Minneapolis,480132,,0,2405 Schneider Avenue,-91.900419,,RICE LAKE,55005,"Eau Claire-Menomonie, WI",Rice Lake,21,55033,,,Dairy State Bank,Menomonie,WI,2019_17162_10
54868,DIF,NM,United States,54829,STATE,0,227879,Wisconsin,6/17/1991,2019,State Agency,11,55,M,9,10201,United States,"DAIRY STATE BANCORP, INC.",0,3,0,401543,,Cumberland,ONE,CB,US_Streets,E,STATE,0,,0,16 South Main Street,0,15168,1126121,5,17162,45.536125,WI,4,CALL,0,Chicago,57451,Island City Branch,0,,Barron,COMMERCIAL LENDING,Central District,0,2/22/2014,0,12,,WI,1,Wisconsin,9,FDIC,Minneapolis,480132,,0,1405 Second Avenue,-92.021609,,RICE LAKE,55005,,Rice Lake,21,55005,,,Dairy State Bank,Cumberland,WI,2019_17162_12
54868,DIF,NM,United States,54889,STATE,0,569574,Wisconsin,6/22/2015,2019,State Agency,11,55,STREETADDRESS,9,10201,United States,"DAIRY STATE BANCORP, INC.",0,3,0,401543,,Turtle Lake,ONE,CB,100,E,STATE,0,,0,16 South Main Street,0,45133,1126121,5,17162,45.395332,WI,4,CALL,0,Chicago,57451,Turtle Lake Branch,0,,Barron,COMMERCIAL LENDING,Central District,0,,0,13,,WI,1,Wisconsin,9,FDIC,Minneapolis,480132,,0,640 Us Highway 8,-92.155313,,RICE LAKE,55005,,Rice Lake,21,55005,,,Dairy State Bank,Turtle Lake,WI,2019_17162_13
54868,DIF,NM,United States,54724,STATE,20740,578433,Wisconsin,4/18/2016,2019,State Agency,11,55,POINTADDRESS,9,10201,United States,"DAIRY STATE BANCORP, INC.",0,3,0,401543,,Bloomer,ONE,CB,100,E,STATE,0,,0,16 South Main Street,232,10389,1126121,17,17162,45.102417,WI,4,CALL,0,Chicago,57451,Bloomer Branch,1,,Chippewa,COMMERCIAL LENDING,Central District,0,,0,14,,WI,1,Wisconsin,9,FDIC,Minneapolis,480132,,0,1311 14th Ave,-91.489461,,RICE LAKE,55005,"Eau Claire-Menomonie, WI",Rice Lake,21,55017,,"Eau Claire, WI",Dairy State Bank,Bloomer,WI,2019_17162_14
54868,DIF,NM,United States,54841,STATE,0,192679,Wisconsin,6/1/1972,2019,State Agency,11,55,M,9,10201,United States,"DAIRY STATE BANCORP, INC.",0,3,0,401543,,Haugen,ONE,CB,US_Streets,E,STATE,0,,0,16 South Main Street,0,5932,1126121,5,17162,45.608317,WI,4,CALL,0,Chicago,57451,Haugen Branch,0,,Barron,COMMERCIAL LENDING,Central District,0,7/15/1987,0,2,,WI,1,Wisconsin,9,FDIC,Minneapolis,480132,,0,103 Third Street,-91.7755,,RICE LAKE,55005,,Rice Lake,21,55005,,,Dairy State Bank,Haugen,WI,2019_17162_2
54868,DIF,NM,United States,54762,STATE,0,6405,Wisconsin,3/18/1908,2019,State Agency,11,55,M,9,10201,United States,"DAIRY STATE BANCORP, INC.",0,3,0,401543,,Prairie Farm,ONE,CB,US_Streets,E,STATE,0,,0,16 South Main Street,0,24203,1126121,5,17162,45.237747,WI,4,CALL,0,Chicago,57451,Prairie Farm Branch,0,,Barron,COMMERCIAL LENDING,Central District,0,12/12/1995,0,3,,WI,1,Wisconsin,9,FDIC,Minneapolis,480132,,0,100 Hepburn Street East,-91.983842,,RICE LAKE,55005,,Rice Lake,21,55005,,,Dairy State Bank,Prairie Farm,WI,2019_17162_3
54868,DIF,NM,United States,54751,STATE,0,235804,Wisconsin,5/11/1964,2019,State Agency,11,55,T,9,10201,United States,"DAIRY STATE BANCORP, INC.",0,3,0,401543,,Menomonie,ONE,CB,US_Streets,E,STATE,0,,0,16 South Main Street,232,2352,1126121,33,17162,44.877345,WI,4,CALL,0,Chicago,57451,Downtown Branch,0,,Dunn,COMMERCIAL LENDING,Central District,0,2/29/2008,1,4,,WI,1,Wisconsin,9,FDIC,Minneapolis,480132,,0,600 Second Street,-91.928546,,RICE LAKE,55005,"Eau Claire-Menomonie, WI",Rice Lake,21,55033,,,Dairy State Bank,Menomonie,WI,2019_17162_4
54868,DIF,NM,United States,54735,STATE,0,235805,Wisconsin,4/24/1972,2019,State Agency,11,55,STREETADDRESS,9,10201,United States,"DAIRY STATE BANCORP, INC.",0,3,0,401543,,Downsville,ONE,CB,100,E,STATE,0,,0,16 South Main Street,232,2046,1126121,33,17162,44.774638,WI,4,CALL,0,Chicago,57451,Downsville Branch,0,,Dunn,COMMERCIAL LENDING,Central District,0,2/29/2008,1,5,,WI,1,Wisconsin,9,FDIC,Minneapolis,480132,,0,E 4491 County Road C,-91.934309,,RICE LAKE,55005,"Eau Claire-Menomonie, WI",Rice Lake,21,55033,,,Dairy State Bank,Downsville,WI,2019_17162_5
54868,DIF,NM,United States,54772,STATE,0,235806,Wisconsin,6/1/1972,2019,State Agency,23,55,M,9,10201,United States,"DAIRY STATE BANCORP, INC.",0,3,0,401543,,Wheeler,ONE,CB,US_Streets,E,STATE,0,,0,16 South Main Street,232,29,1126121,33,17162,45.047233,WI,4,CALL,0,Chicago,57451,Wheeler Branch,0,,Dunn,COMMERCIAL LENDING,Central District,0,2/29/2008,1,6,,WI,1,Wisconsin,9,FDIC,Minneapolis,480132,,0,100 S. Highway 25,-91.905458,,RICE LAKE,55005,"Eau Claire-Menomonie, WI",Rice Lake,21,55033,,,Dairy State Bank,Wheeler,WI,2019_17162_6
54868,DIF,NM,United States,54730,STATE,0,441490,Wisconsin,7/7/2005,2019,State Agency,11,55,M,9,10201,United States,"DAIRY STATE BANCORP, INC.",0,3,0,401543,,Colfax,ONE,CB,US_Streets,E,STATE,0,,0,16 South Main Street,232,12983,1126121,33,17162,44.990307,WI,4,CALL,0,Chicago,57451,Colfax Branch,0,,Dunn,COMMERCIAL LENDING,Central District,0,2/29/2008,1,8,,WI,1,Wisconsin,9,FDIC,Minneapolis,480132,,0,101 South Main Street,-91.727551,,RICE LAKE,55005,"Eau Claire-Menomonie, WI",Rice Lake,21,55033,,,Dairy State Bank,Colfax,WI,2019_17162_8
53048,DIF,NM,United States,53048,STATE,0,11237,Wisconsin,4/1/1905,2019,State Agency,11,55,M,9,14249,,,0,3,120912,120912,,Lomira,NONE,CB,US_RoofTop,M,STATE,1,,0,695 East Avenue,376,71447,0,27,17208,43.590514,WI,4,CALL,0,Chicago,186548,Tsb Bank,0,,Dodge,COMMERCIAL LENDING,Central District,0,,1,0,,WI,1,Wisconsin,7,FDIC,Chicago,137915,,0,695 East Avenue,-88.433863,,,55027,"Milwaukee-Racine-Waukesha, WI",Lomira,21,55027,,,TSB Bank,Lomira,,2019_17208_0
53048,DIF,NM,United States,53091,STATE,0,241033,Wisconsin,6/10/1996,2019,State Agency,11,55,M,9,14249,,,0,3,0,120912,,Theresa,NONE,CB,US_RoofTop,,STATE,0,,0,695 East Avenue,376,20161,0,27,17208,43.517722,WI,4,CALL,0,Chicago,186548,Theresa Branch,0,,Dodge,COMMERCIAL LENDING,Central District,0,,1,1,,WI,1,Wisconsin,7,FDIC,Chicago,137915,,0,113 N. Milwaukee St.,-88.451141,,,55027,"Milwaukee-Racine-Waukesha, WI",Lomira,21,55027,,,TSB Bank,Theresa,,2019_17208_1
53048,DIF,NM,United States,53050,STATE,0,357182,Wisconsin,7/6/1999,2019,State Agency,11,55,StreetAddress,9,14249,,,0,3,0,120912,,Mayville,NONE,CB,100,,STATE,0,,0,695 East Avenue,376,29304,0,27,17208,43.494534,WI,4,CALL,0,Chicago,186548,Mayville Branch,0,,Dodge,COMMERCIAL LENDING,Central District,0,,1,2,,WI,1,Wisconsin,7,FDIC,Chicago,137915,,0,1390b Horicon St.,-88.561634,,,55027,"Milwaukee-Racine-Waukesha, WI",Lomira,21,55027,,,TSB Bank,Mayville,,2019_17208_2
54601,DIF,NM,United States,54601,STATE,29100,12273,Wisconsin,2/27/1961,2019,State Agency,11,55,M,9,12544,United States,"COULEE BANCSHARES, INC.",0,3,304225,304225,,La Crosse,ONE,CB,US_Streets,M,STATE,1,,0,1516 Losey Boulevard South,0,216974,1126989,63,18361,43.795932,WI,4,CALL,0,Chicago,457752,Coulee Bank,1,,La Crosse,COMMERCIAL LENDING,Central District,0,,0,0,,WI,1,Wisconsin,9,FDIC,Minneapolis,396742,,0,1516 Losey Boulevard South,-91.220078,,LA CROSSE,55063,,La Crosse,21,55063,,"La Crosse-Onalaska, WI-MN",Coulee Bank,La Crosse,WI,2019_18361_0
54601,DIF,NM,United States,54601,STATE,29100,245116,Wisconsin,11/15/1997,2019,State Agency,11,55,M,9,12544,United States,"COULEE BANCSHARES, INC.",0,3,0,304225,,La Crosse,ONE,CB,US_RoofTop,,STATE,0,,0,1516 Losey Boulevard South,0,40051,1126989,63,18361,43.872988,WI,4,CALL,0,Chicago,457752,Onalaska Branch,1,,La Crosse,COMMERCIAL LENDING,Central District,0,,0,1,,WI,1,Wisconsin,9,FDIC,Minneapolis,396742,,0,590 Theatre Road,-91.195438,,LA CROSSE,55063,,La Crosse,21,55063,,"La Crosse-Onalaska, WI-MN",Coulee Bank,Onalaska,WI,2019_18361_1
54601,DIF,NM,United States,54650,STATE,29100,478877,Wisconsin,1/31/2008,2019,State Agency,29,55,PointAddress,9,12544,United States,"COULEE BANCSHARES, INC.",0,3,0,304225,,Onalaska,ONE,CB,100,,STATE,0,,0,1516 Losey Boulevard South,0,750,1126989,63,18361,43.91122,WI,4,CALL,0,Chicago,457752,Eagle Crest Branch,1,,La Crosse,COMMERCIAL LENDING,Central District,0,,0,2,,WI,1,Wisconsin,9,FDIC,Minneapolis,396742,,0,351 Mason Street,-91.239251,,LA CROSSE,55063,,La Crosse,21,55063,,"La Crosse-Onalaska, WI-MN",Coulee Bank,Onalaska,WI,2019_18361_2
54601,DIF,NM,United States,55105,STATE,33460,520799,Wisconsin,11/22/2010,2019,State Agency,11,27,M,9,12544,United States,"COULEE BANCSHARES, INC.",0,3,0,304225,,Saint Paul,ONE,CB,100,,STATE,0,,0,1516 Losey Boulevard South,378,30591,1126989,123,18361,44.939952,WI,4,CALL,0,Chicago,457752,Highland Park Branch,1,,Ramsey,COMMERCIAL LENDING,Central District,0,,0,5,,MN,1,Minnesota,9,FDIC,Minneapolis,396742,,0,742 Grand Avenue,-93.131539,,LA CROSSE,55063,"Minneapolis-St. Paul, MN-WI",La Crosse,21,27123,,"Minneapolis-St. Paul-Bloomington, MN-WI",Coulee Bank,Saint Paul,WI,2019_18361_5
54601,DIF,NM,United States,55901,STATE,40340,587065,Wisconsin,9/30/2016,2019,State Agency,11,27,POINTADDRESS,9,12544,United States,"COULEE BANCSHARES, INC.",0,3,0,304225,,Rochester,ONE,CB,100,,STATE,0,,0,1516 Losey Boulevard South,462,11462,1126989,109,18361,44.029112,WI,4,CALL,0,Chicago,457752,Coulee Bank - Rochester,1,,Olmsted,COMMERCIAL LENDING,Central District,0,,0,6,,MN,1,Minnesota,9,FDIC,Minneapolis,396742,,0,1110 Sixth Street Nw,-92.47939,,LA CROSSE,55063,"Rochester-Austin, MN",La Crosse,21,27109,,"Rochester, MN",Coulee Bank,Rochester,WI,2019_18361_6
54601,DIF,NM,United States,54636,STATE,29100,594109,Wisconsin,12/11/2017,2019,State Agency,11,55,STREETADDRESS,9,12544,United States,"COULEE BANCSHARES, INC.",0,3,0,304225,,Holmen,ONE,CB,100,,STATE,0,,0,1516 Losey Boulevard South,0,4397,1126989,63,18361,43.952191,WI,4,CALL,0,Chicago,457752,Holmen Branch,1,,La Crosse,COMMERCIAL LENDING,Central District,0,,0,7,,WI,1,Wisconsin,9,FDIC,Minneapolis,396742,,0,129 Hale Dr,-91.258655,,LA CROSSE,55063,,La Crosse,21,55063,,"La Crosse-Onalaska, WI-MN",Coulee Bank,Holmen,WI,2019_18361_7
54401,DIF,NM,United States,54401,STATE,48140,12457,Wisconsin,8/1/1962,2019,State Agency,11,55,M,9,14149,United States,"PSB HOLDINGS, INC.",0,3,719419,719419,,Wausau,ONE,CB,US_Streets,M,STATE,1,,0,1905 West Stewart Avenue,554,320277,2321419,73,18569,44.959022,WI,4,CALL,0,Chicago,340144,Peoples State Bank,1,,Marathon,COMMERCIAL LENDING,Central District,0,,0,0,,WI,1,Wisconsin,7,FDIC,Chicago,900885,,0,1905 West Stewart Avenue,-89.659133,,WAUSAU,55073,"Wausau-Stevens Point-Wisconsin Rapids, WI",Wausau,21,55073,,"Wausau-Weston, WI",Peoples State Bank,Wausau,WI,2019_18569_0
54401,DIF,NM,United States,54401,STATE,48140,245766,Wisconsin,5/15/1989,2019,State Agency,11,55,M,9,14149,United States,"PSB HOLDINGS, INC.",0,3,0,719419,,Wausau,ONE,CB,US_Streets,,STATE,0,,0,1905 West Stewart Avenue,554,44647,2321419,73,18569,44.930535,WI,4,CALL,0,Chicago,340144,Rib Mountain Branch,1,,Marathon,COMMERCIAL LENDING,Central District,0,,0,1,,WI,1,Wisconsin,7,FDIC,Chicago,900885,,0,2904 Rib Mountain Drive,-89.655841,,WAUSAU,55073,"Wausau-Stevens Point-Wisconsin Rapids, WI",Wausau,21,55073,,"Wausau-Weston, WI",Peoples State Bank,Wausau,WI,2019_18569_1
54401,DIF,NM,United States,54501,STATE,0,6889,Wisconsin,1/1/1912,2019,State Agency,11,55,POINTADDRESS,9,14149,United States,"PSB HOLDINGS, INC.",0,3,0,719419,,Rhinelander,ONE,CB,100,,STATE,0,,0,1905 West Stewart Avenue,0,30815,2321419,85,18569,45.633036,WI,4,CALL,0,Chicago,340144,Rhinelander Branch - Lincoln,0,,Oneida,COMMERCIAL LENDING,Central District,0,4/14/2014,0,10,,WI,1,Wisconsin,7,FDIC,Chicago,900885,,0,1255 Lincoln Street,-89.394181,,WAUSAU,55073,,Wausau,21,55085,,,Peoples State Bank,Rhinelander,WI,2019_18569_10
54401,DIF,NM,United States,54403,STATE,48140,245768,Wisconsin,10/15/1995,2019,State Agency,11,55,POINTADDRESS,9,14149,United States,"PSB HOLDINGS, INC.",0,3,0,719419,,Wausau,ONE,CB,99.55,,STATE,0,,0,1905 West Stewart Avenue,554,46171,2321419,73,18569,44.966834,WI,4,CALL,0,Chicago,340144,Eastside Branch,1,,Marathon,COMMERCIAL LENDING,Central District,0,,0,3,,WI,1,Wisconsin,7,FDIC,Chicago,900885,,0,1201 Sixth Street,-89.623201,,WAUSAU,55073,"Wausau-Stevens Point-Wisconsin Rapids, WI",Wausau,21,55073,,"Wausau-Weston, WI",Peoples State Bank,Wausau,WI,2019_18569_3
54401,DIF,NM,United States,54521,STATE,0,361859,Wisconsin,8/29/2001,2019,State Agency,11,55,PointAddress,9,14149,United States,"PSB HOLDINGS, INC.",0,3,0,719419,,Eagle River,ONE,CB,100,,STATE,0,,0,1905 West Stewart Avenue,0,33388,2321419,125,18569,45.91563,WI,4,CALL,0,Chicago,340144,Eagle River Branch,0,,Vilas,COMMERCIAL LENDING,Central District,0,,0,5,,WI,1,Wisconsin,7,FDIC,Chicago,900885,,0,1011 East Wall Street,-89.238681,,WAUSAU,55073,,Wausau,21,55125,,,Peoples State Bank,Eagle River,WI,2019_18569_5
54401,DIF,NM,United States,54501,STATE,0,365405,Wisconsin,8/19/2002,2019,State Agency,11,55,PointAddress,9,14149,United States,"PSB HOLDINGS, INC.",0,3,0,719419,,Rhinelander,ONE,CB,100,,STATE,0,,0,1905 West Stewart Avenue,0,65743,2321419,85,18569,45.63493,WI,4,CALL,0,Chicago,340144,Rhinelander Branch - Anderson,0,,Oneida,COMMERCIAL LENDING,Central District,0,,0,6,,WI,1,Wisconsin,7,FDIC,Chicago,900885,,0,8 East Anderson Street,-89.411501,,WAUSAU,55073,,Wausau,21,55085,,,Peoples State Bank,Rhinelander,WI,2019_18569_6
54401,DIF,NM,United States,54548,STATE,0,431922,Wisconsin,5/3/2004,2019,State Agency,11,55,M,9,14149,United States,"PSB HOLDINGS, INC.",0,3,0,719419,,Minocqua,ONE,CB,US_Streets,,STATE,0,,0,1905 West Stewart Avenue,0,36699,2321419,85,18569,45.888059,WI,4,CALL,0,Chicago,340144,Minocqua Branch,0,,Oneida,COMMERCIAL LENDING,Central District,0,,0,7,,WI,1,Wisconsin,7,FDIC,Chicago,900885,,0,9560 Highway 70 West,-89.706151,,WAUSAU,55073,,Wausau,21,55085,,,Peoples State Bank,Minocqua,WI,2019_18569_7
54401,DIF,NM,United States,54476,STATE,48140,437821,Wisconsin,2/23/2005,2019,State Agency,11,55,M,9,14149,United States,"PSB HOLDINGS, INC.",0,3,0,719419,,Schofield,ONE,CB,US_Streets,,STATE,0,,0,1905 West Stewart Avenue,554,45126,2321419,73,18569,44.892653,WI,4,CALL,0,Chicago,340144,Weston Branch,1,,Marathon,COMMERCIAL LENDING,Central District,0,,0,8,,WI,1,Wisconsin,7,FDIC,Chicago,900885,,0,7205 Stone Ridge Drive,-89.574558,,WAUSAU,55073,"Wausau-Stevens Point-Wisconsin Rapids, WI",Wausau,21,55073,,"Wausau-Weston, WI",Peoples State Bank,Weston,WI,2019_18569_8
54401,DIF,NM,United States,54448,STATE,48140,10123,Wisconsin,1/1/1905,2019,State Agency,11,55,M,9,14149,United States,"PSB HOLDINGS, INC.",0,3,0,719419,,Marathon,ONE,CB,100,,STATE,0,,0,1905 West Stewart Avenue,554,96553,2321419,73,18569,44.931642,WI,4,CALL,0,Chicago,340144,Marathon Branch,1,,Marathon,COMMERCIAL LENDING,Central District,0,10/13/2012,0,9,,WI,1,Wisconsin,7,FDIC,Chicago,900885,,0,314 Main Street,-89.840209,,WAUSAU,55073,"Wausau-Stevens Point-Wisconsin Rapids, WI",Wausau,21,55073,,"Wausau-Weston, WI",Peoples State Bank,Marathon,WI,2019_18569_9
53154,DIF,N,United States,53154,OCC,33340,12769,Wisconsin,10/28/1963,2019,Comptroller of the Currency,11,55,S03,9,0,United States,TRI CITY BANKSHARES CORPORATION,0,3,1247436,1247436,,Oak Creek,ONE,CB,0,M,FED,1,,0,6400 South 27th Street,376,176733,1203974,79,18922,42.928062,WI,4,CALL,0,Chicago,242444,Tri City National Bank,1,,Milwaukee,COMMERCIAL LENDING,Central District,0,,0,0,,WI,1,Wisconsin,7,OCC,Chicago,1435937,,0,6400 South 27th Street,-87.949243,,OAK CREEK,55079,"Milwaukee-Racine-Waukesha, WI",Oak Creek,3,55079,,"Milwaukee-Waukesha, WI",Tri City National Bank,Oak Creek,WI,2019_18922_0
53154,DIF,N,United States,53154,OCC,33340,246816,Wisconsin,12/10/1968,2019,Comptroller of the Currency,11,55,M,9,0,United States,TRI CITY BANKSHARES CORPORATION,0,3,0,1247436,,Oak Creek,ONE,CB,US_RoofTop,,FED,0,,0,6400 South 27th Street,376,54118,1203974,79,18922,42.872561,WI,4,CALL,0,Chicago,242444,Ryan Road Branch,1,,Milwaukee,COMMERCIAL LENDING,Central District,0,,0,1,,WI,1,Wisconsin,7,OCC,Chicago,1435937,,0,2555 West Ryan Road,-87.948908,,OAK CREEK,55079,"Milwaukee-Racine-Waukesha, WI",Oak Creek,3,55079,,"Milwaukee-Waukesha, WI",Tri City National Bank,Franklin,WI,2019_18922_1
53154,DIF,N,United States,53130,OCC,33340,13839,Wisconsin,2/27/1970,2019,Comptroller of the Currency,11,55,M,9,0,United States,TRI CITY BANKSHARES CORPORATION,0,3,0,1247436,,Hales Corners,ONE,CB,US_RoofTop,,FED,0,,0,6400 South 27th Street,376,166106,1203974,79,18922,42.942853,WI,4,CALL,0,Chicago,242444,South 108th Street Branch,1,,Milwaukee,COMMERCIAL LENDING,Central District,0,8/13/1990,0,10,,WI,1,Wisconsin,7,OCC,Chicago,1435937,,0,5555 South 108th Street,-88.04848,,OAK CREEK,55079,"Milwaukee-Racine-Waukesha, WI",Oak Creek,3,55079,,"Milwaukee-Waukesha, WI",Tri City National Bank,Hales Corners,WI,2019_18922_10
53154,DIF,N,United States,53130,OCC,33340,250340,Wisconsin,5/19/1982,2019,Comptroller of the Currency,23,55,M,9,0,United States,TRI CITY BANKSHARES CORPORATION,0,3,0,1247436,,Hales Corners,ONE,CB,US_RoofTop,C,FED,0,10,0,6400 South 27th Street,376,0,1203974,79,18922,42.945409,WI,4,CALL,0,Chicago,242444,Drive-In Bank Facility,1,,Milwaukee,COMMERCIAL LENDING,Central District,0,8/13/1990,0,11,,WI,1,Wisconsin,7,OCC,Chicago,1435937,,0,5455 S. 108th St,-88.048443,,OAK CREEK,55079,"Milwaukee-Racine-Waukesha, WI",Oak Creek,3,55079,,"Milwaukee-Waukesha, WI",Tri City National Bank,Hales Corners,WI,2019_18922_11
53154,DIF,N,United States,53219,OCC,33340,250341,Wisconsin,3/5/1990,2019,Comptroller of the Currency,11,55,M,9,0,United States,TRI CITY BANKSHARES CORPORATION,0,3,0,1247436,,Milwaukee,ONE,CB,US_RoofTop,,FED,0,,0,6400 South 27th Street,376,61382,1203974,79,18922,42.987004,WI,4,CALL,0,Chicago,242444,Oklahoma Branch,1,,Milwaukee,COMMERCIAL LENDING,Central District,0,8/13/1990,0,12,,WI,1,Wisconsin,7,OCC,Chicago,1435937,,0,3164 South 76th Street,-88.007583,,OAK CREEK,55079,"Milwaukee-Racine-Waukesha, WI",Oak Creek,3,55079,,"Milwaukee-Waukesha, WI",Tri City National Bank,Milwaukee,WI,2019_18922_12
53154,DIF,N,United States,53051,OCC,33340,38726,Wisconsin,10/13/1987,2019,Comptroller of the Currency,11,55,M,9,0,United States,TRI CITY BANKSHARES CORPORATION,0,3,0,1247436,,Menomonee Falls,ONE,CB,US_Zipcode,,FED,0,,0,6400 South 27th Street,376,47218,1203974,133,18922,43.148866,WI,4,CALL,0,Chicago,242444,County Line Branch,1,,Waukesha,COMMERCIAL LENDING,Central District,0,8/13/1990,0,13,,WI,1,Wisconsin,7,OCC,Chicago,1435937,,0,N96 W18211 County Line,-88.121946,,OAK CREEK,55079,"Milwaukee-Racine-Waukesha, WI",Oak Creek,3,55133,,"Milwaukee-Waukesha, WI",Tri City National Bank,Menomonee Falls,WI,2019_18922_13
53154,DIF,N,United States,53214,OCC,33340,14993,Wisconsin,7/1/1974,2019,Comptroller of the Currency,11,55,M,9,0,United States,TRI CITY BANKSHARES CORPORATION,0,3,0,1247436,,Milwaukee,ONE,CB,US_RoofTop,,FED,0,,0,6400 South 27th Street,376,54287,1203974,79,18922,43.016349,WI,4,CALL,0,Chicago,242444,West Greenfield Branch,1,,Milwaukee,COMMERCIAL LENDING,Central District,0,8/13/1990,0,14,,WI,1,Wisconsin,7,OCC,Chicago,1435937,,0,10909 West Greenfield Avenue,-88.049004,,OAK CREEK,55079,"Milwaukee-Racine-Waukesha, WI",Oak Creek,3,55079,,"Milwaukee-Waukesha, WI",Tri City National Bank,West Allis,WI,2019_18922_14
53154,DIF,N,United States,53226,OCC,33340,253204,Wisconsin,12/1/1986,2019,Comptroller of the Currency,11,55,M,9,0,United States,TRI CITY BANKSHARES CORPORATION,0,3,0,1247436,,Milwaukee,ONE,CB,US_RoofTop,,FED,0,,0,6400 South 27th Street,376,19604,1203974,79,18922,43.035101,WI,4,CALL,0,Chicago,242444,Waumatosa Branch,1,,Milwaukee,COMMERCIAL LENDING,Central District,0,8/13/1990,0,16,,WI,1,Wisconsin,7,OCC,Chicago,1435937,,0,10859 West Bluemound Road,-88.048386,,OAK CREEK,55079,"Milwaukee-Racine-Waukesha, WI",Oak Creek,3,55079,,"Milwaukee-Waukesha, WI",Tri City National Bank,Wauwatosa,WI,2019_18922_16
53154,DIF,N,United States,53227,OCC,33340,253205,Wisconsin,1/24/1990,2019,Comptroller of the Currency,12,55,M,9,0,United States,TRI CITY BANKSHARES CORPORATION,0,3,0,1247436,,Milwaukee,ONE,CB,US_Streets,,FED,0,,0,6400 South 27th Street,376,16481,1203974,79,18922,42.996421,WI,4,CALL,0,Chicago,242444,Cleveland Branch,1,,Milwaukee,COMMERCIAL LENDING,Central District,0,8/13/1990,0,17,,WI,1,Wisconsin,7,OCC,Chicago,1435937,,0,2625 South 108th Street,-88.047197,,OAK CREEK,55079,"Milwaukee-Racine-Waukesha, WI",Oak Creek,3,55079,,"Milwaukee-Waukesha, WI",Tri City National Bank,West Allis,WI,2019_18922_17
53154,DIF,N,United States,53214,OCC,33340,253206,Wisconsin,7/31/1990,2019,Comptroller of the Currency,12,55,M,9,0,United States,TRI CITY BANKSHARES CORPORATION,0,3,0,1247436,,Milwaukee,ONE,CB,US_RoofTop,,FED,0,,0,6400 South 27th Street,376,16615,1203974,79,18922,43.013773,WI,4,CALL,0,Chicago,242444,Market Square Conv. Center Branch,1,,Milwaukee,COMMERCIAL LENDING,Central District,0,8/13/1990,0,18,,WI,1,Wisconsin,7,OCC,Chicago,1435937,,0,6760 West National Avenue,-87.997591,,OAK CREEK,55079,"Milwaukee-Racine-Waukesha, WI",Oak Creek,3,55079,,"Milwaukee-Waukesha, WI",Tri City National Bank,West Allis,WI,2019_18922_18
53154,DIF,N,United States,53005,OCC,33340,246819,Wisconsin,3/28/1990,2019,Comptroller of the Currency,12,55,M,9,0,United States,TRI CITY BANKSHARES CORPORATION,0,3,0,1247436,,Brookfield,ONE,CB,US_RoofTop,,FED,0,,0,6400 South 27th Street,376,9296,1203974,133,18922,43.08902,WI,4,CALL,0,Chicago,242444,Pick 'n Save Branch,1,,Waukesha,COMMERCIAL LENDING,Central District,0,,0,19,,WI,1,Wisconsin,7,OCC,Chicago,1435937,,0,12735 West Capitol Drive,-88.070481,,OAK CREEK,55079,"Milwaukee-Racine-Waukesha, WI",Oak Creek,3,55133,,"Milwaukee-Waukesha, WI",Tri City National Bank,Brookfield,WI,2019_18922_19
53154,DIF,N,United States,53221,OCC,33340,246817,Wisconsin,1/22/1990,2019,Comptroller of the Currency,12,55,M,9,0,United States,TRI CITY BANKSHARES CORPORATION,0,3,0,1247436,,Milwaukee,ONE,CB,US_Streets,,FED,0,,0,6400 South 27th Street,376,10702,1203974,79,18922,42.977778,WI,4,CALL,0,Chicago,242444,Loomis Branch,1,,Milwaukee,COMMERCIAL LENDING,Central District,0,,0,2,,WI,1,Wisconsin,7,OCC,Chicago,1435937,,0,3701 South 27th Street,-87.948603,,OAK CREEK,55079,"Milwaukee-Racine-Waukesha, WI",Oak Creek,3,55079,,"Milwaukee-Waukesha, WI",Tri City National Bank,Milwaukee,WI,2019_18922_2
53154,DIF,N,United States,53154,OCC,33340,246820,Wisconsin,3/28/1990,2019,Comptroller of the Currency,12,55,M,9,0,United States,TRI CITY BANKSHARES CORPORATION,0,3,0,1247436,,Oak Creek,ONE,CB,US_RoofTop,,FED,0,,0,6400 South 27th Street,376,21991,1203974,79,18922,42.928939,WI,4,CALL,0,Chicago,242444,Tri City Branch,1,,Milwaukee,COMMERCIAL LENDING,Central District,0,,0,20,,WI,1,Wisconsin,7,OCC,Chicago,1435937,,0,6312 South 27th Street,-87.949306,,OAK CREEK,55079,"Milwaukee-Racine-Waukesha, WI",Oak Creek,3,55079,,"Milwaukee-Waukesha, WI",Tri City National Bank,Oak Creek,WI,2019_18922_20
53154,DIF,N,United States,53214,OCC,33340,246822,Wisconsin,12/4/1990,2019,Comptroller of the Currency,11,55,M,9,0,United States,TRI CITY BANKSHARES CORPORATION,0,3,0,1247436,,Milwaukee,ONE,CB,US_RoofTop,,FED,0,,0,6400 South 27th Street,376,41796,1203974,79,18922,43.016677,WI,4,CALL,0,Chicago,242444,Market Square Branch,1,,Milwaukee,COMMERCIAL LENDING,Central District,0,,0,22,,WI,1,Wisconsin,7,OCC,Chicago,1435937,,0,6767 West Greenfield Avenue,-87.997739,,OAK CREEK,55079,"Milwaukee-Racine-Waukesha, WI",Oak Creek,3,55079,,"Milwaukee-Waukesha, WI",Tri City National Bank,West Allis,WI,2019_18922_22
53154,DIF,N,United States,53220,OCC,33340,246824,Wisconsin,6/2/1993,2019,Comptroller of the Currency,12,55,M,9,0,United States,TRI CITY BANKSHARES CORPORATION,0,3,0,1247436,,Milwaukee,ONE,CB,US_Streets,,FED,0,,0,6400 South 27th Street,376,13025,1203974,79,18922,42.968042,WI,4,CALL,0,Chicago,242444,Greenfield Convenience Center Branch,1,,Milwaukee,COMMERCIAL LENDING,Central District,0,,0,24,,WI,1,Wisconsin,7,OCC,Chicago,1435937,,0,4200-D South 76th Street,-88.007938,,OAK CREEK,55079,"Milwaukee-Racine-Waukesha, WI",Oak Creek,3,55079,,"Milwaukee-Waukesha, WI",Tri City National Bank,Greenfield,WI,2019_18922_24
53154,DIF,N,United States,53207,OCC,33340,246825,Wisconsin,11/14/1993,2019,Comptroller of the Currency,12,55,M,9,0,United States,TRI CITY BANKSHARES CORPORATION,0,3,0,1247436,,Milwaukee,ONE,CB,US_Streets,,FED,0,,0,6400 South 27th Street,376,14460,1203974,79,18922,42.982521,WI,4,CALL,0,Chicago,242444,Bayview Convenience Center Branch,1,,Milwaukee,COMMERCIAL LENDING,Central District,0,,0,25,,WI,1,Wisconsin,7,OCC,Chicago,1435937,,0,150 West Holt Avenue,-87.911408,,OAK CREEK,55079,"Milwaukee-Racine-Waukesha, WI",Oak Creek,3,55079,,"Milwaukee-Waukesha, WI",Tri City National Bank,Milwaukee,WI,2019_18922_25
53154,DIF,N,United States,53154,OCC,33340,246826,Wisconsin,4/2/1995,2019,Comptroller of the Currency,12,55,M,9,0,United States,TRI CITY BANKSHARES CORPORATION,0,3,0,1247436,,Oak Creek,ONE,CB,US_RoofTop,,FED,0,,0,6400 South 27th Street,376,27071,1203974,79,18922,42.885353,WI,4,CALL,0,Chicago,242444,Howell Convenience Center Branch,1,,Milwaukee,COMMERCIAL LENDING,Central District,0,,0,26,,WI,1,Wisconsin,7,OCC,Chicago,1435937,,0,8770 South Howell Avenue,-87.912134,,OAK CREEK,55079,"Milwaukee-Racine-Waukesha, WI",Oak Creek,3,55079,,"Milwaukee-Waukesha, WI",Tri City National Bank,Oak Creek,WI,2019_18922_26
53154,DIF,N,United States,53235,OCC,33340,246829,Wisconsin,11/20/1995,2019,Comptroller of the Currency,12,55,STREETNAME,9,0,United States,TRI CITY BANKSHARES CORPORATION,0,3,0,1247436,,Saint Francis,ONE,CB,100,,FED,0,,0,6400 South 27th Street,376,17736,1203974,79,18922,42.963874,WI,4,CALL,0,Chicago,242444,Whitnall Convenience Center Branch,1,,Milwaukee,COMMERCIAL LENDING,Central District,0,,0,29,,WI,1,Wisconsin,7,OCC,Chicago,1435937,,0,4968 South Whitnall Avenue,-87.888773,,OAK CREEK,55079,"Milwaukee-Racine-Waukesha, WI",Oak Creek,3,55079,,"Milwaukee-Waukesha, WI",Tri City National Bank,Saint Francis,WI,2019_18922_29
53154,DIF,N,United States,53215,OCC,33340,246818,Wisconsin,7/16/1990,2019,Comptroller of the Currency,11,55,M,9,0,United States,TRI CITY BANKSHARES CORPORATION,0,3,0,1247436,,Milwaukee,ONE,CB,US_Streets,,FED,0,,0,6400 South 27th Street,376,16597,1203974,79,18922,42.983377,WI,4,CALL,0,Chicago,242444,Southgate Branch,1,,Milwaukee,COMMERCIAL LENDING,Central District,0,,0,3,,WI,1,Wisconsin,7,OCC,Chicago,1435937,,0,3378 South 27th Street,-87.948113,,OAK CREEK,55079,"Milwaukee-Racine-Waukesha, WI",Oak Creek,3,55079,,"Milwaukee-Waukesha, WI",Tri City National Bank,Milwaukee,WI,2019_18922_3
53154,DIF,N,United States,53177,OCC,39540,246831,Wisconsin,6/21/1999,2019,Comptroller of the Currency,11,55,M,9,0,United States,TRI CITY BANKSHARES CORPORATION,0,3,0,1247436,,Sturtevant,ONE,CB,US_RoofTop,,FED,0,,0,6400 South 27th Street,376,25304,1203974,101,18922,42.697916,WI,4,CALL,0,Chicago,242444,Sturtevant Branch,1,,Racine,COMMERCIAL LENDING,Central District,0,,0,31,,WI,1,Wisconsin,7,OCC,Chicago,1435937,,0,8710 Durand Avenue,-87.891616,,OAK CREEK,55079,"Milwaukee-Racine-Waukesha, WI",Oak Creek,3,55101,,"Racine, WI",Tri City National Bank,Sturtevant,WI,2019_18922_31
53154,DIF,N,United States,53172,OCC,33340,361467,Wisconsin,5/30/2001,2019,Comptroller of the Currency,11,55,M,9,0,United States,TRI CITY BANKSHARES CORPORATION,0,3,0,1247436,,South Milwaukee,ONE,CB,US_RoofTop,,FED,0,,0,6400 South 27th Street,376,24285,1203974,79,18922,42.910062,WI,4,CALL,0,Chicago,242444,South Milwaukee Branch,1,,Milwaukee,COMMERCIAL LENDING,Central District,0,,0,32,,WI,1,Wisconsin,7,OCC,Chicago,1435937,,0,2115 10th Avenue,-87.86075,,OAK CREEK,55079,"Milwaukee-Racine-Waukesha, WI",Oak Creek,3,55079,,"Milwaukee-Waukesha, WI",Tri City National Bank,South Milwaukee,WI,2019_18922_32
53154,DIF,N,United States,53005,OCC,33340,454323,Wisconsin,3/21/2006,2019,Comptroller of the Currency,12,55,M,9,0,United States,TRI CITY BANKSHARES CORPORATION,0,3,0,1247436,,Brookfield,ONE,CB,US_Streets,,FED,0,,0,6400 South 27th Street,376,5281,1203974,133,18922,43.016852,WI,4,CALL,0,Chicago,242444,South Moorland Inside Pick And Save Branch,1,,Waukesha,COMMERCIAL LENDING,Central District,0,,0,37,,WI,1,Wisconsin,7,OCC,Chicago,1435937,,0,15170 W Greenfield Ave,-88.102279,,OAK CREEK,55079,"Milwaukee-Racine-Waukesha, WI",Oak Creek,3,55133,,"Milwaukee-Waukesha, WI",Tri City National Bank,Brookfield,WI,2019_18922_37
53154,DIF,N,United States,53406,OCC,39540,465781,Wisconsin,1/30/2007,2019,Comptroller of the Currency,12,55,StreetAddress,9,0,United States,TRI CITY BANKSHARES CORPORATION,0,3,0,1247436,,Racine,ONE,CB,100,,FED,0,,0,6400 South 27th Street,376,2466,1203974,101,18922,42.735428,WI,4,CALL,0,Chicago,242444,Mt. Pleasant Branch,1,,Racine,COMMERCIAL LENDING,Central District,0,,0,38,,WI,1,Wisconsin,7,OCC,Chicago,1435937,,0,1202 North Green Bay Road,-87.839115,,OAK CREEK,55079,"Milwaukee-Racine-Waukesha, WI",Oak Creek,3,55101,,"Racine, WI",Tri City National Bank,Racine,WI,2019_18922_38
53154,DIF,N,United States,53219,OCC,33340,465782,Wisconsin,3/6/2007,2019,Comptroller of the Currency,11,55,M,9,0,United States,TRI CITY BANKSHARES CORPORATION,0,3,0,1247436,,Milwaukee,ONE,CB,US_Streets,,FED,0,,0,6400 South 27th Street,376,9796,1203974,79,18922,43.005033,WI,4,CALL,0,Chicago,242444,West Milwaukee Branch,1,,Milwaukee,COMMERCIAL LENDING,Central District,0,,0,39,,WI,1,Wisconsin,7,OCC,Chicago,1435937,,0,2201 Miller Park Way,-87.967952,,OAK CREEK,55079,"Milwaukee-Racine-Waukesha, WI",Oak Creek,3,55079,,"Milwaukee-Waukesha, WI",Tri City National Bank,West Milwaukee,WI,2019_18922_39
53154,DIF,N,United States,53005,OCC,33340,32992,Wisconsin,10/4/1985,2019,Comptroller of the Currency,11,55,M,9,0,United States,TRI CITY BANKSHARES CORPORATION,0,3,0,1247436,,Brookfield,ONE,CB,US_RoofTop,,FED,0,,0,6400 South 27th Street,376,58040,1203974,133,18922,43.03702,WI,4,CALL,0,Chicago,242444,Brookfield Main Branch,1,,Waukesha,COMMERCIAL LENDING,Central District,0,8/13/1990,0,4,,WI,1,Wisconsin,7,OCC,Chicago,1435937,,0,17100 West Bluemound Road,-88.125281,,OAK CREEK,55079,"Milwaukee-Racine-Waukesha, WI",Oak Creek,3,55133,,"Milwaukee-Waukesha, WI",Tri City National Bank,Brookfield,WI,2019_18922_4
53154,DIF,N,United States,53405,OCC,39540,12236,Wisconsin,12/8/1960,2019,Comptroller of the Currency,11,55,M,9,0,United States,TRI CITY BANKSHARES CORPORATION,0,3,0,1247436,,Racine,ONE,CB,US_RoofTop,,FED,0,,0,6400 South 27th Street,376,157740,1203974,101,18922,42.699061,WI,4,CALL,0,Chicago,242444,Tri City Bank Branch,1,,Racine,COMMERCIAL LENDING,Central District,0,10/23/2009,0,40,,WI,1,Wisconsin,7,OCC,Chicago,1435937,,0,2704 Lathrop Avenue,-87.825947,,OAK CREEK,55079,"Milwaukee-Racine-Waukesha, WI",Oak Creek,3,55101,,"Racine, WI",Tri City National Bank,Racine,WI,2019_18922_40
53154,DIF,N,United States,53405,OCC,39540,244784,Wisconsin,7/9/1975,2019,Comptroller of the Currency,23,55,M,9,0,United States,TRI CITY BANKSHARES CORPORATION,0,3,0,1247436,,Racine,ONE,CB,US_Streets,C,FED,0,40,0,6400 South 27th Street,376,0,1203974,101,18922,42.696805,WI,4,CALL,0,Chicago,242444,Motorbank,1,,Racine,COMMERCIAL LENDING,Central District,0,10/23/2009,0,41,,WI,1,Wisconsin,7,OCC,Chicago,1435937,,0,4101 Durand Avenue,-87.82843,,OAK CREEK,55079,"Milwaukee-Racine-Waukesha, WI",Oak Creek,3,55101,,"Racine, WI",Tri City National Bank,Racine,WI,2019_18922_41
53154,DIF,N,United States,53406,OCC,39540,244785,Wisconsin,8/21/1986,2019,Comptroller of the Currency,11,55,M,9,0,United States,TRI CITY BANKSHARES CORPORATION,0,3,0,1247436,,Racine,ONE,CB,US_RoofTop,,FED,0,,0,6400 South 27th Street,376,37760,1203974,101,18922,42.754845,WI,4,CALL,0,Chicago,242444,Green Acre Branch,1,,Racine,COMMERCIAL LENDING,Central District,0,10/23/2009,0,42,,WI,1,Wisconsin,7,OCC,Chicago,1435937,,0,4708 Northwestern Avenue,-87.83711,,OAK CREEK,55079,"Milwaukee-Racine-Waukesha, WI",Oak Creek,3,55101,,"Racine, WI",Tri City National Bank,Racine,WI,2019_18922_42
53154,DIF,N,United States,53402,OCC,39540,244786,Wisconsin,1/16/1991,2019,Comptroller of the Currency,12,55,M,9,0,United States,TRI CITY BANKSHARES CORPORATION,0,3,0,1247436,,Racine,ONE,CB,US_RoofTop,,FED,0,,0,6400 South 27th Street,376,9268,1203974,101,18922,42.768984,WI,4,CALL,0,Chicago,242444,Erie Street Branch,1,,Racine,COMMERCIAL LENDING,Central District,0,10/23/2009,0,43,,WI,1,Wisconsin,7,OCC,Chicago,1435937,,0,3900 Erie Street,-87.786957,,OAK CREEK,55079,"Milwaukee-Racine-Waukesha, WI",Oak Creek,3,55101,,"Racine, WI",Tri City National Bank,Racine,WI,2019_18922_43
53154,DIF,N,United States,53140,OCC,16980,244789,Wisconsin,3/1/1999,2019,Comptroller of the Currency,11,55,M,9,0,United States,TRI CITY BANKSHARES CORPORATION,0,3,0,1247436,,Kenosha,ONE,CB,US_Streets,,FED,0,,29404,6400 South 27th Street,176,22526,1203974,59,18922,42.603272,WI,4,CALL,0,Chicago,242444,Kenosha Branch,1,,Kenosha,COMMERCIAL LENDING,Central District,0,10/23/2009,0,44,,WI,1,Wisconsin,7,OCC,Chicago,1435937,,0,5901 Washington Road,-87.880481,,OAK CREEK,55079,"Chicago-Naperville, IL-IN-WI",Oak Creek,3,55059,"Lake County-Kenosha County, IL-WI","Chicago-Naperville-Elgin, IL-IN-WI",Tri City National Bank,Kenosha,WI,2019_18922_44
53154,DIF,N,United States,53189,OCC,33340,603216,Wisconsin,6/4/2018,2019,Comptroller of the Currency,11,55,EXACT,9,0,United States,TRI CITY BANKSHARES CORPORATION,0,3,0,1247436,,Waukesha,ONE,CB,98.84,,FED,0,,0,6400 South 27th Street,376,3301,1203974,133,18922,42.988376,WI,4,CALL,0,Chicago,242444,Waukesha Main Office,1,,Waukesha,COMMERCIAL LENDING,Central District,0,,0,47,,WI,1,Wisconsin,7,OCC,Chicago,1435937,,0,201 East Sunset,-88.223491,,OAK CREEK,55079,"Milwaukee-Racine-Waukesha, WI",Oak Creek,3,55133,,"Milwaukee-Waukesha, WI",Tri City National Bank,Waukesha,WI,2019_18922_47
53154,DIF,N,United States,53005,OCC,33340,259306,Wisconsin,6/26/1989,2019,Comptroller of the Currency,11,55,M,9,0,United States,TRI CITY BANKSHARES CORPORATION,0,3,0,1247436,,Brookfield,ONE,CB,US_RoofTop,,FED,0,,0,6400 South 27th Street,376,27023,1203974,133,18922,43.089016,WI,4,CALL,0,Chicago,242444,Capitol Drive Branch,1,,Waukesha,COMMERCIAL LENDING,Central District,0,8/13/1990,0,5,,WI,1,Wisconsin,7,OCC,Chicago,1435937,,0,12745 West Capitol Drive,-88.07042,,OAK CREEK,55079,"Milwaukee-Racine-Waukesha, WI",Oak Creek,3,55133,,"Milwaukee-Waukesha, WI",Tri City National Bank,Brookfield,WI,2019_18922_5
53154,DIF,N,United States,53186,OCC,33340,259307,Wisconsin,6/4/1990,2019,Comptroller of the Currency,12,55,M,9,0,United States,TRI CITY BANKSHARES CORPORATION,0,3,0,1247436,,Waukesha,ONE,CB,US_Streets,,FED,0,,0,6400 South 27th Street,376,8751,1203974,133,18922,42.988415,WI,4,CALL,0,Chicago,242444,Waukesha Megamart Branch,1,,Waukesha,COMMERCIAL LENDING,Central District,0,8/13/1990,0,6,,WI,1,Wisconsin,7,OCC,Chicago,1435937,,0,220 East Sunset Drive,-88.231058,,OAK CREEK,55079,"Milwaukee-Racine-Waukesha, WI",Oak Creek,3,55133,,"Milwaukee-Waukesha, WI",Tri City National Bank,Waukesha,WI,2019_18922_6
53154,DIF,N,United States,53223,OCC,33340,15873,Wisconsin,10/23/1978,2019,Comptroller of the Currency,11,55,M,9,0,United States,TRI CITY BANKSHARES CORPORATION,0,3,0,1247436,,Milwaukee,ONE,CB,US_Streets,,FED,0,,0,6400 South 27th Street,376,61429,1203974,79,18922,43.163029,WI,4,CALL,0,Chicago,242444,West Bradley Road Branch,1,,Milwaukee,COMMERCIAL LENDING,Central District,0,8/13/1990,0,7,,WI,1,Wisconsin,7,OCC,Chicago,1435937,,0,4295 West Bradley Road,-87.964699,,OAK CREEK,55079,"Milwaukee-Racine-Waukesha, WI",Oak Creek,3,55079,,"Milwaukee-Waukesha, WI",Tri City National Bank,Brown Deer,WI,2019_18922_7
53154,DIF,N,United States,53209,OCC,33340,255184,Wisconsin,5/7/1990,2019,Comptroller of the Currency,12,55,M,9,0,United States,TRI CITY BANKSHARES CORPORATION,0,3,0,1247436,,Milwaukee,ONE,CB,US_Streets,,FED,0,,0,6400 South 27th Street,376,9248,1203974,79,18922,43.184537,WI,4,CALL,0,Chicago,242444,Brown Deer Center Branch,1,,Milwaukee,COMMERCIAL LENDING,Central District,0,8/13/1990,0,9,,WI,1,Wisconsin,7,OCC,Chicago,1435937,,0,9200 North Greenbay,-87.963857,,OAK CREEK,55079,"Milwaukee-Racine-Waukesha, WI",Oak Creek,3,55079,,"Milwaukee-Waukesha, WI",Tri City National Bank,Brown Deer,WI,2019_18922_9
53713,DIF,NM,United States,53713,STATE,31540,13407,Wisconsin,7/18/1966,2019,State Agency,11,55,M,9,10183,United States,"PARK BANCORPORATION, INC.",0,3,800852,800852,,Madison,ONE,CB,US_Streets,M,STATE,1,,0,2401 South Park Street,357,68020,1209716,25,19608,43.039811,WI,4,CALL,0,Chicago,403946,The Park Bank,1,,Dane,COMMERCIAL LENDING,Central District,0,,0,0,,WI,1,Wisconsin,7,FDIC,Chicago,1037989,,0,2401 South Park Street,-89.393832,,MADISON,55025,"Madison-Janesville-Beloit, WI",Madison,21,55025,,"Madison, WI",The Park Bank,Madison,WI,2019_19608_0
53713,DIF,NM,United States,53713,STATE,31540,248971,Wisconsin,10/5/1983,2019,State Agency,11,55,M,9,10183,United States,"PARK BANCORPORATION, INC.",0,3,0,800852,,Madison,ONE,CB,US_RoofTop,,STATE,0,,0,2401 South Park Street,357,108004,1209716,25,19608,43.03078,WI,4,CALL,0,Chicago,403946,Fitchburg Branch,1,,Dane,COMMERCIAL LENDING,Central District,0,,0,1,,WI,1,Wisconsin,7,FDIC,Chicago,1037989,,0,2802 Fish Hatchery Road,-89.40966,,MADISON,55025,"Madison-Janesville-Beloit, WI",Madison,21,55025,,"Madison, WI",The Park Bank,Fitchburg,WI,2019_19608_1
53713,DIF,NM,United States,53562,STATE,31540,432366,Wisconsin,9/20/2004,2019,State Agency,11,55,M,9,10183,United States,"PARK BANCORPORATION, INC.",0,3,0,800852,,Middleton,ONE,CB,US_Streets,,STATE,0,,0,2401 South Park Street,357,55316,1209716,25,19608,43.099194,WI,4,CALL,0,Chicago,403946,Middleton Branch,1,,Dane,COMMERCIAL LENDING,Central District,0,,0,11,,WI,1,Wisconsin,7,FDIC,Chicago,1037989,,0,2275 Deming Way,-89.519341,,MADISON,55025,"Madison-Janesville-Beloit, WI",Madison,21,55025,,"Madison, WI",The Park Bank,Middleton,WI,2019_19608_11
53713,DIF,NM,United States,53711,STATE,31540,432367,Wisconsin,9/27/2004,2019,State Agency,11,55,M,9,10183,United States,"PARK BANCORPORATION, INC.",0,3,0,800852,,Madison,ONE,CB,US_Zipcode,,STATE,0,,0,2401 South Park Street,357,35280,1209716,25,19608,43.001512,WI,4,CALL,0,Chicago,403946,Research Drive Branch,1,,Dane,COMMERCIAL LENDING,Central District,0,,0,12,,WI,1,Wisconsin,7,FDIC,Chicago,1037989,,0,2693 Research Drive,-89.412671,,MADISON,55025,"Madison-Janesville-Beloit, WI",Madison,21,55025,,"Madison, WI",The Park Bank,Fitchburg,WI,2019_19608_12
53713,DIF,NM,United States,53593,STATE,31540,449798,Wisconsin,12/19/2005,2019,State Agency,11,55,M,9,10183,United States,"PARK BANCORPORATION, INC.",0,3,0,800852,,Verona,ONE,CB,US_RoofTop,,STATE,0,,0,2401 South Park Street,357,69156,1209716,25,19608,42.990102,WI,4,CALL,0,Chicago,403946,Verona Branch,1,,Dane,COMMERCIAL LENDING,Central District,0,,0,13,,WI,1,Wisconsin,7,FDIC,Chicago,1037989,,0,104 South Main Street,-89.533455,,MADISON,55025,"Madison-Janesville-Beloit, WI",Madison,21,55025,,"Madison, WI",The Park Bank,Verona,WI,2019_19608_13
53713,DIF,NM,United States,53590,STATE,31540,478309,Wisconsin,12/28/2007,2019,State Agency,11,55,M,9,10183,United States,"PARK BANCORPORATION, INC.",0,3,0,800852,,Sun Prairie,ONE,CB,US_STREETS,,STATE,0,,0,2401 South Park Street,357,21306,1209716,25,19608,43.186878,WI,4,CALL,0,Chicago,403946,Sun Prairie Branch,1,,Dane,COMMERCIAL LENDING,Central District,0,,0,14,,WI,1,Wisconsin,7,FDIC,Chicago,1037989,,0,2679 Windsor Street,-89.263831,,MADISON,55025,"Madison-Janesville-Beloit, WI",Madison,21,55025,,"Madison, WI",The Park Bank,Sun Prairie,WI,2019_19608_14
53713,DIF,NM,United States,53705,STATE,31540,557386,Wisconsin,3/25/2014,2019,State Agency,11,55,POINTADDRESS,9,10183,United States,"PARK BANCORPORATION, INC.",0,3,0,800852,,Madison,ONE,CB,100,,STATE,0,,0,2401 South Park Street,357,26211,1209716,25,19608,43.075455,WI,4,CALL,0,Chicago,403946,Hilldale Branch,1,,Dane,COMMERCIAL LENDING,Central District,0,,0,15,,WI,1,Wisconsin,7,FDIC,Chicago,1037989,,0,4050 University Avenue,-89.453887,,MADISON,55025,"Madison-Janesville-Beloit, WI",Madison,21,55025,,"Madison, WI",The Park Bank,Madison,WI,2019_19608_15
53713,DIF,NM,United States,53717,STATE,31540,248975,Wisconsin,4/30/1996,2019,State Agency,11,55,M,9,10183,United States,"PARK BANCORPORATION, INC.",0,3,0,800852,,Madison,ONE,CB,US_Streets,,STATE,0,,0,2401 South Park Street,357,74781,1209716,25,19608,43.074974,WI,4,CALL,0,Chicago,403946,Old Sauk Branch,1,,Dane,COMMERCIAL LENDING,Central District,0,,0,5,,WI,1,Wisconsin,7,FDIC,Chicago,1037989,,0,8001 Excelsior Drive Ste 100,-89.525245,,MADISON,55025,"Madison-Janesville-Beloit, WI",Madison,21,55025,,"Madison, WI",The Park Bank,Madison,WI,2019_19608_5
53713,DIF,NM,United States,53715,STATE,31540,248976,Wisconsin,10/3/1996,2019,State Agency,11,55,M,9,10183,United States,"PARK BANCORPORATION, INC.",0,3,0,800852,,Madison,ONE,CB,US_RoofTop,,STATE,0,,0,2401 South Park Street,357,12899,1209716,25,19608,43.06485,WI,4,CALL,0,Chicago,403946,Meriter Hospital Branch,1,,Dane,COMMERCIAL LENDING,Central District,0,,0,6,,WI,1,Wisconsin,7,FDIC,Chicago,1037989,,0,202 South Park Street,-89.400877,,MADISON,55025,"Madison-Janesville-Beloit, WI",Madison,21,55025,,"Madison, WI",The Park Bank,Madison,WI,2019_19608_6
53713,DIF,NM,United States,53718,STATE,31540,248977,Wisconsin,5/18/1997,2019,State Agency,11,55,M,9,10183,United States,"PARK BANCORPORATION, INC.",0,3,0,800852,,Madison,ONE,CB,US_Streets,,STATE,0,,0,2401 South Park Street,357,56268,1209716,25,19608,43.135777,WI,4,CALL,0,Chicago,403946,High Crossing Branch,1,,Dane,COMMERCIAL LENDING,Central District,0,,0,7,,WI,1,Wisconsin,7,FDIC,Chicago,1037989,,0,2910 Crossroads Drive,-89.290152,,MADISON,55025,"Madison-Janesville-Beloit, WI",Madison,21,55025,,"Madison, WI",The Park Bank,Madison,WI,2019_19608_7
53713,DIF,NM,United States,53703,STATE,31540,359862,Wisconsin,3/26/2001,2019,State Agency,11,55,M,9,10183,United States,"PARK BANCORPORATION, INC.",0,3,0,800852,,Madison,ONE,CB,US_Streets,,STATE,0,,0,2401 South Park Street,357,135093,1209716,25,19608,43.074228,WI,4,CALL,0,Chicago,403946,Capitol Square Branch,1,,Dane,COMMERCIAL LENDING,Central District,0,,0,8,,WI,1,Wisconsin,7,FDIC,Chicago,1037989,,0,33 East Main Street,-89.382551,,MADISON,55025,"Madison-Janesville-Beloit, WI",Madison,21,55025,,"Madison, WI",The Park Bank,Madison,WI,2019_19608_8
53713,DIF,NM,United States,53713,STATE,31540,365400,Wisconsin,1/1/2002,2019,State Agency,11,55,M,9,10183,United States,"PARK BANCORPORATION, INC.",0,3,0,800852,,Madison,ONE,CB,US_RoofTop,,STATE,0,,0,2401 South Park Street,357,138518,1209716,25,19608,43.030919,WI,4,CALL,0,Chicago,403946,Park Bank-Support Center Branch,1,,Dane,COMMERCIAL LENDING,Central District,0,,0,9,,WI,1,Wisconsin,7,FDIC,Chicago,1037989,,0,1815 Greenway Cross,-89.411892,,MADISON,55025,"Madison-Janesville-Beloit, WI",Madison,21,55025,,"Madison, WI",The Park Bank,Madison,WI,2019_19608_9
54401,DIF,NM,United States,54401,STATE,48140,13566,Wisconsin,12/8/1967,2019,State Agency,11,55,M,9,12705,United States,"RIVER VALLEY BANCORPORATION, INC.",0,3,1138483,1138483,,Wausau,ONE,CB,US_Streets,M,STATE,1,,0,327 North 17th Avenue,554,74714,1209426,73,19772,44.966527,WI,4,CALL,0,Chicago,163549,River Valley Bank,1,,Marathon,COMMERCIAL LENDING,Central District,0,,0,0,,WI,1,Wisconsin,7,FDIC,Chicago,1385956,,0,327 North 17th Avenue,-89.65544,,WAUSAU,55073,"Wausau-Stevens Point-Wisconsin Rapids, WI",Wausau,21,55073,,"Wausau-Weston, WI",River Valley Bank,Wausau,WI,2019_19772_0
54401,DIF,NM,United States,54476,STATE,48140,249471,Wisconsin,3/3/1975,2019,State Agency,11,55,POINTADDRESS,9,12705,United States,"RIVER VALLEY BANCORPORATION, INC.",0,3,0,1138483,,Schofield,ONE,CB,100,,STATE,0,,0,327 North 17th Avenue,554,42556,1209426,73,19772,44.89712,WI,4,CALL,0,Chicago,163549,Weston Branch,1,,Marathon,COMMERCIAL LENDING,Central District,0,,0,1,,WI,1,Wisconsin,7,FDIC,Chicago,1385956,,0,4107 Barbican Avenue,-89.570849,,WAUSAU,55073,"Wausau-Stevens Point-Wisconsin Rapids, WI",Wausau,21,55073,,"Wausau-Weston, WI",River Valley Bank,Schofield,WI,2019_19772_1
54401,DIF,NM,United States,49855,STATE,0,207073,Wisconsin,12/9/1968,2019,State Agency,11,26,M,9,12705,United States,"RIVER VALLEY BANCORPORATION, INC.",0,3,0,1138483,,Marquette,ONE,CB,US_Streets,,STATE,0,,0,327 North 17th Avenue,0,47790,1209426,103,19772,46.553722,WI,4,CALL,0,Chicago,163549,Marquette North Branch,0,,Marquette,COMMERCIAL LENDING,Central District,0,10/1/2004,1,10,,MI,1,Michigan,7,FDIC,Chicago,1385956,,0,1101 North Third Street,-87.3947,,WAUSAU,55073,,Wausau,21,26103,,,River Valley Bank,Marquette,WI,2019_19772_10
54401,DIF,NM,United States,49855,STATE,0,207072,Wisconsin,8/29/1966,2019,State Agency,11,26,M,9,12705,United States,"RIVER VALLEY BANCORPORATION, INC.",0,3,0,1138483,,Marquette,ONE,CB,US_Streets,,STATE,0,,0,327 North 17th Avenue,0,75045,1209426,103,19772,46.54597,WI,4,CALL,0,Chicago,163549,Marquette West Branch,0,,Marquette,COMMERCIAL LENDING,Central District,0,10/1/2004,1,11,,MI,1,Michigan,7,FDIC,Chicago,1385956,,0,1140 West Washington Street,-87.420425,,WAUSAU,55073,,Wausau,21,26103,,,River Valley Bank,Marquette,WI,2019_19772_11
54401,DIF,NM,United States,49801,STATE,0,738,Wisconsin,01/01/1892,2019,State Agency,11,26,M,9,12705,United States,"RIVER VALLEY BANCORPORATION, INC.",0,3,0,1138483,,Iron Mountain,ONE,CB,US_Streets,,STATE,0,,0,327 North 17th Avenue,361,52313,1209426,43,19772,45.817514,WI,4,CALL,0,Chicago,163549,Iron Mountain Branch,0,,Dickinson,COMMERCIAL LENDING,Central District,0,10/1/2004,1,13,,MI,1,Michigan,7,FDIC,Chicago,1385956,,0,101 West B Street,-88.066885,,WAUSAU,55073,"Marinette-Iron Mountain, WI-MI",Wausau,21,26043,,,River Valley Bank,Iron Mountain,WI,2019_19772_13
54401,DIF,NM,United States,49938,STATE,0,3381,Wisconsin,8/24/1909,2019,State Agency,11,26,M,9,12705,United States,"RIVER VALLEY BANCORPORATION, INC.",0,3,0,1138483,,Ironwood,ONE,CB,US_Streets,,STATE,0,,0,327 North 17th Avenue,0,57531,1209426,53,19772,46.454663,WI,4,CALL,0,Chicago,163549,Ironwood Branch,0,,Gogebic,COMMERCIAL LENDING,Central District,0,10/1/2004,0,14,,MI,1,Michigan,7,FDIC,Chicago,1385956,,0,200 South Suffolk Street,-90.168326,,WAUSAU,55073,,Wausau,21,26053,,,River Valley Bank,Ironwood,WI,2019_19772_14
54401,DIF,NM,United States,49931,STATE,0,226642,Wisconsin,6/5/1978,2019,State Agency,11,26,M,9,12705,United States,"RIVER VALLEY BANCORPORATION, INC.",0,3,0,1138483,,Houghton,ONE,CB,US_Zipcode,,STATE,0,,0,327 North 17th Avenue,0,40650,1209426,61,19772,47.109718,WI,4,CALL,0,Chicago,163549,Houghton Branch,0,,Houghton,COMMERCIAL LENDING,Central District,0,10/1/2004,1,15,,MI,1,Michigan,7,FDIC,Chicago,1385956,,0,19795 West Sharon Avenue,-88.58301,,WAUSAU,55073,,Wausau,21,26061,,,River Valley Bank,Houghton,WI,2019_19772_15
54401,DIF,NM,United States,54474,STATE,48140,447432,Wisconsin,1/19/2006,2019,State Agency,11,55,M,9,12705,United States,"RIVER VALLEY BANCORPORATION, INC.",0,3,0,1138483,,Rothschild,ONE,CB,US_Streets,,STATE,0,,0,327 North 17th Avenue,554,142941,1209426,73,19772,44.89901,WI,4,CALL,0,Chicago,163549,Rothschild Branch,1,,Marathon,COMMERCIAL LENDING,Central District,0,,0,16,,WI,1,Wisconsin,7,FDIC,Chicago,1385956,,0,1130 East Grand Avenue,-89.611216,,WAUSAU,55073,"Wausau-Stevens Point-Wisconsin Rapids, WI",Wausau,21,55073,,"Wausau-Weston, WI",River Valley Bank,Rothschild,WI,2019_19772_16
54401,DIF,NM,United States,49913,STATE,0,455246,Wisconsin,9/25/2006,2019,State Agency,11,26,STREETNAME,9,12705,United States,"RIVER VALLEY BANCORPORATION, INC.",0,3,0,1138483,,Calumet,ONE,CB,100,,STATE,0,,0,327 North 17th Avenue,0,46424,1209426,61,19772,47.22953,WI,4,CALL,0,Chicago,163549,Calumet Branch,0,,Houghton,COMMERCIAL LENDING,Central District,0,,1,17,,MI,1,Michigan,7,FDIC,Chicago,1385956,,0,56500 Us Highway 41,-88.453947,,WAUSAU,55073,,Wausau,21,26061,,,River Valley Bank,Calumet,WI,2019_19772_17
54401,DIF,NM,United States,54452,STATE,48140,249472,Wisconsin,5/16/1988,2019,State Agency,11,55,M,9,12705,United States,"RIVER VALLEY BANCORPORATION, INC.",0,3,0,1138483,,Merrill,ONE,CB,US_Streets,,STATE,0,,0,327 North 17th Avenue,554,88635,1209426,69,19772,45.178497,WI,4,CALL,0,Chicago,163549,Merrill Branch,1,,Lincoln,COMMERCIAL LENDING,Central District,0,,0,2,,WI,1,Wisconsin,7,FDIC,Chicago,1385956,,0,3210 East Main Street,-89.658997,,WAUSAU,55073,"Wausau-Stevens Point-Wisconsin Rapids, WI",Wausau,21,55069,,"Wausau-Weston, WI",River Valley Bank,Merrill,WI,2019_19772_2
54401,DIF,NM,United States,54401,STATE,48140,512434,Wisconsin,6/30/2010,2019,State Agency,13,55,M,9,12705,United States,"RIVER VALLEY BANCORPORATION, INC.",0,3,0,1138483,,Wausau,ONE,CB,US_Streets,,STATE,0,,0,327 North 17th Avenue,554,126344,1209426,73,19772,44.966527,WI,4,CALL,0,Chicago,163549,Internet Branch,1,,Marathon,COMMERCIAL LENDING,Central District,0,,0,20,,WI,1,Wisconsin,7,FDIC,Chicago,1385956,,0,327 N 17th Avenue,-89.65544,,WAUSAU,55073,"Wausau-Stevens Point-Wisconsin Rapids, WI",Wausau,21,55073,,"Wausau-Weston, WI",River Valley Bank,Wausau,WI,2019_19772_20
54401,DIF,NM,United States,53562,STATE,31540,553951,Wisconsin,4/7/2014,2019,State Agency,11,55,STREETADDRESS,9,12705,United States,"RIVER VALLEY BANCORPORATION, INC.",0,3,0,1138483,,Middleton,ONE,CB,100,,STATE,0,,0,327 North 17th Avenue,357,22472,1209426,25,19772,43.098431,WI,4,CALL,0,Chicago,163549,Madison Wi Branch,1,,Dane,COMMERCIAL LENDING,Central District,0,,0,21,,WI,1,Wisconsin,7,FDIC,Chicago,1385956,,0,8329 Murphy Dr.,-89.527195,,WAUSAU,55073,"Madison-Janesville-Beloit, WI",Wausau,21,55025,,"Madison, WI",River Valley Bank,Middleton,WI,2019_19772_21
54401,DIF,NM,United States,54403,STATE,48140,439457,Wisconsin,12/12/2005,2019,State Agency,11,55,M,9,12705,United States,"RIVER VALLEY BANCORPORATION, INC.",0,3,0,1138483,,Wausau,ONE,CB,US_Streets,,STATE,0,,0,327 North 17th Avenue,554,106924,1209426,73,19772,44.956981,WI,4,CALL,0,Chicago,163549,Wausau Integrity Branch,1,,Marathon,COMMERCIAL LENDING,Central District,0,4/7/2017,0,22,,WI,1,Wisconsin,7,FDIC,Chicago,1385956,,0,101 Grand Avenue,-89.624003,,WAUSAU,55073,"Wausau-Stevens Point-Wisconsin Rapids, WI",Wausau,21,55073,,"Wausau-Weston, WI",River Valley Bank,Wausau,WI,2019_19772_22
54401,DIF,NM,United States,54487,STATE,48140,249475,Wisconsin,6/11/1997,2019,State Agency,11,55,M,9,12705,United States,"RIVER VALLEY BANCORPORATION, INC.",0,3,0,1138483,,Tomahawk,ONE,CB,US_Streets,,STATE,0,,0,327 North 17th Avenue,554,36494,1209426,69,19772,45.485663,WI,4,CALL,0,Chicago,163549,Tomahawk Office,1,,Lincoln,COMMERCIAL LENDING,Central District,0,,0,5,,WI,1,Wisconsin,7,FDIC,Chicago,1385956,,0,1218 N 4th St,-89.72908,,WAUSAU,55073,"Wausau-Stevens Point-Wisconsin Rapids, WI",Wausau,21,55069,,"Wausau-Weston, WI",River Valley Bank,Tomahawk,WI,2019_19772_5
54401,DIF,NM,United States,54548,STATE,0,249476,Wisconsin,6/29/1998,2019,State Agency,11,55,STREETADDRESS,9,12705,United States,"RIVER VALLEY BANCORPORATION, INC.",0,3,0,1138483,,Minocqua,ONE,CB,100,,STATE,0,,0,327 North 17th Avenue,0,119657,1209426,85,19772,45.879686,WI,4,CALL,0,Chicago,163549,Minocqua Office,0,,Oneida,COMMERCIAL LENDING,Central District,0,,0,6,,WI,1,Wisconsin,7,FDIC,Chicago,1385956,,0,8590 Us 51 North,-89.703085,,WAUSAU,55073,,Wausau,21,55085,,,River Valley Bank,Minocqua,WI,2019_19772_6
54401,DIF,NM,United States,54521,STATE,0,360699,Wisconsin,7/25/2001,2019,State Agency,11,55,POINTADDRESS,9,12705,United States,"RIVER VALLEY BANCORPORATION, INC.",0,3,0,1138483,,Eagle River,ONE,CB,100,,STATE,0,,0,327 North 17th Avenue,0,57993,1209426,125,19772,45.915459,WI,4,CALL,0,Chicago,163549,Eagle River Branch,0,,Vilas,COMMERCIAL LENDING,Central District,0,,0,7,,WI,1,Wisconsin,7,FDIC,Chicago,1385956,,0,141 South Willow Street,-89.255811,,WAUSAU,55073,,Wausau,21,55125,,,River Valley Bank,Eagle River,WI,2019_19772_7
54405,DIF,NM,United States,54405,STATE,48140,13589,Wisconsin,3/1/1968,2019,State Agency,11,55,POINTADDRESS,9,16035,United States,"ABBY BANCORP, INC.",0,3,426439,426439,,Abbotsford,ONE,CB,100,M,STATE,1,,0,401 East Spruce Street,554,182786,3612794,73,19795,44.945792,WI,2,CALL,0,Chicago,198149,Abbybank,1,,Marathon,AGRICULTURAL,Central District,0,,0,0,,WI,1,Wisconsin,7,FDIC,Chicago,519566,,0,401 East Spruce Street,-90.31631,,ABBOTSFORD,55073,"Wausau-Stevens Point-Wisconsin Rapids, WI",Abbotsford,21,55073,,"Wausau-Weston, WI",AbbyBank,Abbotsford,WI,2019_19795_0
54405,DIF,NM,United States,54401,STATE,48140,249551,Wisconsin,8/3/1998,2019,State Agency,11,55,M,9,16035,United States,"ABBY BANCORP, INC.",0,3,0,426439,,Wausau,ONE,CB,100,,STATE,0,,0,401 East Spruce Street,554,67760,3612794,73,19795,44.960906,WI,2,CALL,0,Chicago,198149,Wausau Branch,1,,Marathon,AGRICULTURAL,Central District,0,,0,1,,WI,1,Wisconsin,7,FDIC,Chicago,519566,,0,305 S. 18th Avenue,-89.657017,,ABBOTSFORD,55073,"Wausau-Stevens Point-Wisconsin Rapids, WI",Abbotsford,21,55073,,"Wausau-Weston, WI",AbbyBank,Wausau,WI,2019_19795_1
54405,DIF,NM,United States,54405,STATE,48140,361519,Wisconsin,11/1/2000,2019,State Agency,13,55,T,9,16035,United States,"ABBY BANCORP, INC.",0,3,0,426439,,Abbotsford,ONE,CB,US_Streets,C,STATE,0,0,0,401 East Spruce Street,554,0,3612794,73,19795,44.945509,WI,2,CALL,0,Chicago,198149,Www.Abbybank.Com Branch,1,,Marathon,AGRICULTURAL,Central District,0,,0,4,,WI,1,Wisconsin,7,FDIC,Chicago,519566,,0,401 Spruce St,-90.329753,,ABBOTSFORD,55073,"Wausau-Stevens Point-Wisconsin Rapids, WI",Abbotsford,21,55073,,"Wausau-Weston, WI",AbbyBank,Abbotsford,WI,2019_19795_4
54405,DIF,NM,United States,54476,STATE,48140,449816,Wisconsin,1/16/2006,2019,State Agency,11,55,POINTADDRESS,9,16035,United States,"ABBY BANCORP, INC.",0,3,0,426439,,Schofield,ONE,CB,100,,STATE,0,,0,401 East Spruce Street,554,49531,3612794,73,19795,44.908992,WI,2,CALL,0,Chicago,198149,Weston Branch,1,,Marathon,AGRICULTURAL,Central District,0,,0,5,,WI,1,Wisconsin,7,FDIC,Chicago,519566,,0,2405 Schofield Avenue,-89.593437,,ABBOTSFORD,55073,"Wausau-Stevens Point-Wisconsin Rapids, WI",Abbotsford,21,55073,,"Wausau-Weston, WI",AbbyBank,Weston,WI,2019_19795_5
54405,DIF,NM,United States,54915,STATE,11540,254152,Wisconsin,11/10/1997,2019,State Agency,11,55,M,9,16035,United States,"ABBY BANCORP, INC.",0,3,0,426439,,Appleton,ONE,CB,US_Zipcode,,STATE,0,,0,401 East Spruce Street,118,18152,3612794,87,19795,44.245111,WI,2,CALL,0,Chicago,198149,Grand Chute Branch,1,,Outagamie,AGRICULTURAL,Central District,0,9/1/2016,0,6,,WI,1,Wisconsin,7,FDIC,Chicago,519566,,0,1500 North Casaloma Drive,-88.370867,,ABBOTSFORD,55073,"Appleton-Oshkosh-Neenah, WI",Abbotsford,21,55087,,"Appleton, WI",AbbyBank,Grand Chute,WI,2019_19795_6
54405,DIF,NM,United States,54451,STATE,0,582382,Wisconsin,10/21/1975,2019,State Agency,11,55,M,9,16035,United States,"ABBY BANCORP, INC.",0,3,0,426439,,Medford,ONE,CB,US_Streets,,STATE,0,,0,401 East Spruce Street,0,108210,3612794,119,19795,45.139897,WI,2,CALL,0,Chicago,198149,Medford Branch,0,,Taylor,AGRICULTURAL,Central District,0,9/1/2016,0,7,,WI,1,Wisconsin,7,FDIC,Chicago,519566,,0,215 South Eighth Street,-90.333423,,ABBOTSFORD,55073,,Abbotsford,21,55119,,,AbbyBank,Medford,WI,2019_19795_7
53403,DIF,SM,United States,53403,STATE,39540,13970,Wisconsin,11/12/1970,2019,State Agency,11,55,POINTADDRESS,9,9852,United States,"JOHNSON FINANCIAL GROUP, INC.",0,3,4335817,4335817,,Racine,ONE,CB,98.97,M,STATE,1,,0,"555 Main Street, 490",376,1011590,1490701,101,20296,42.727232,WI,4,CALL,0,Chicago,58243,Johnson Bank,1,,Racine,COMMERCIAL LENDING,Central District,0,,0,0,,WI,1,Wisconsin,7,FED,Chicago,5082189,,0,"555 Main Street, 490",-87.782784,,RACINE,55101,"Milwaukee-Racine-Waukesha, WI",Racine,13,55101,,"Racine, WI",Johnson Bank,Racine,WI,2019_20296_0
53403,DIF,SM,United States,53402,STATE,39540,250678,Wisconsin,12/7/1983,2019,State Agency,11,55,M,9,9852,United States,"JOHNSON FINANCIAL GROUP, INC.",0,3,0,4335817,,Racine,ONE,CB,US_RoofTop,,STATE,0,,0,"555 Main Street, 490",376,52213,1490701,101,20296,42.783824,WI,4,CALL,0,Chicago,58243,Douglas Branch 32000,1,,Racine,COMMERCIAL LENDING,Central District,0,,0,1,,WI,1,Wisconsin,7,FED,Chicago,5082189,,0,4959 Douglas Avenue,-87.808725,,RACINE,55101,"Milwaukee-Racine-Waukesha, WI",Racine,13,55101,,"Racine, WI",Johnson Bank,Racine,WI,2019_20296_1
53403,DIF,SM,United States,53142,STATE,16980,245430,Wisconsin,6/1/1987,2019,State Agency,11,55,M,9,9852,United States,"JOHNSON FINANCIAL GROUP, INC.",0,3,0,4335817,,Kenosha,ONE,CB,US_RoofTop,,STATE,0,,29404,"555 Main Street, 490",176,51044,1490701,59,20296,42.557579,WI,4,CALL,0,Chicago,58243,Kenosha South Branch 53000,1,,Kenosha,COMMERCIAL LENDING,Central District,0,7/16/1990,0,11,,WI,1,Wisconsin,7,FED,Chicago,5082189,,0,8046 39th Avenue,-87.855008,,RACINE,55101,"Chicago-Naperville, IL-IN-WI",Racine,13,55059,"Lake County-Kenosha County, IL-WI","Chicago-Naperville-Elgin, IL-IN-WI",Johnson Bank,Kenosha,WI,2019_20296_11
53403,DIF,SM,United States,53149,STATE,33340,16051,Wisconsin,9/4/1979,2019,State Agency,11,55,M,9,9852,United States,"JOHNSON FINANCIAL GROUP, INC.",0,3,0,4335817,,Mukwonago,ONE,CB,US_RoofTop,,STATE,0,,0,"555 Main Street, 490",376,32705,1490701,133,20296,42.870967,WI,4,CALL,0,Chicago,58243,Mukwonago Branch 71000,1,,Waukesha,COMMERCIAL LENDING,Central District,0,11/19/1990,0,13,,WI,1,Wisconsin,7,FED,Chicago,5082189,,0,1000 Fox Street,-88.317958,,RACINE,55101,"Milwaukee-Racine-Waukesha, WI",Racine,13,55133,,"Milwaukee-Waukesha, WI",Johnson Bank,Mukwonago,WI,2019_20296_13
53403,DIF,SM,United States,53202,STATE,33340,250682,Wisconsin,9/1/1992,2019,State Agency,11,55,M,9,9852,United States,"JOHNSON FINANCIAL GROUP, INC.",0,3,0,4335817,,Milwaukee,ONE,CB,US_Streets,,STATE,0,,0,"555 Main Street, 490",376,502531,1490701,79,20296,43.038673,WI,4,CALL,0,Chicago,58243,Milwaukee Branch 82000,1,,Milwaukee,COMMERCIAL LENDING,Central District,0,,0,14,,WI,1,Wisconsin,7,FED,Chicago,5082189,,0,333 East Wisconsin Avenue,-87.907388,,RACINE,55101,"Milwaukee-Racine-Waukesha, WI",Racine,13,55079,,"Milwaukee-Waukesha, WI",Johnson Bank,Milwaukee,WI,2019_20296_14
53403,DIF,SM,United States,53140,STATE,16980,250683,Wisconsin,10/1/1992,2019,State Agency,11,55,M,9,9852,United States,"JOHNSON FINANCIAL GROUP, INC.",0,3,0,4335817,,Kenosha,ONE,CB,US_RoofTop,,STATE,0,,29404,"555 Main Street, 490",176,42375,1490701,59,20296,42.624492,WI,4,CALL,0,Chicago,58243,Kenosha North Branch 55000,1,,Kenosha,COMMERCIAL LENDING,Central District,0,,0,15,,WI,1,Wisconsin,7,FED,Chicago,5082189,,0,2729 18th Street,-87.843259,,RACINE,55101,"Chicago-Naperville, IL-IN-WI",Racine,13,55059,"Lake County-Kenosha County, IL-WI","Chicago-Naperville-Elgin, IL-IN-WI",Johnson Bank,Kenosha,WI,2019_20296_15
53403,DIF,SM,United States,53044,STATE,43100,250684,Wisconsin,12/1/1993,2019,State Agency,11,55,M,9,9852,United States,"JOHNSON FINANCIAL GROUP, INC.",0,3,0,4335817,,Kohler,ONE,CB,US_Streets,,STATE,0,,0,"555 Main Street, 490",0,60491,1490701,117,20296,43.748993,WI,4,CALL,0,Chicago,58243,Kohler Branch 84000,1,,Sheboygan,COMMERCIAL LENDING,Central District,0,,0,16,,WI,1,Wisconsin,7,FED,Chicago,5082189,,0,815 Woodlake Road,-87.780876,,RACINE,55101,,Racine,13,55117,,"Sheboygan, WI",Johnson Bank,Kohler,WI,2019_20296_16
53403,DIF,SM,United States,53142,STATE,16980,250685,Wisconsin,10/2/1995,2019,State Agency,11,55,M,9,9852,United States,"JOHNSON FINANCIAL GROUP, INC.",0,3,0,4335817,,Kenosha,ONE,CB,US_RoofTop,,STATE,0,,29404,"555 Main Street, 490",176,365356,1490701,59,20296,42.566077,WI,4,CALL,0,Chicago,58243,Kenosha Main Branch 56000,1,,Kenosha,COMMERCIAL LENDING,Central District,0,,0,17,,WI,1,Wisconsin,7,FED,Chicago,5082189,,0,7500 Green Bay Road,-87.88773,,RACINE,55101,"Chicago-Naperville, IL-IN-WI",Racine,13,55059,"Lake County-Kenosha County, IL-WI","Chicago-Naperville-Elgin, IL-IN-WI",Johnson Bank,Kenosha,WI,2019_20296_17
53403,DIF,SM,United States,53538,STATE,0,7410,Wisconsin,7/24/1909,2019,State Agency,11,55,M,9,9852,United States,"JOHNSON FINANCIAL GROUP, INC.",0,3,0,4335817,,Fort Atkinson,ONE,CB,US_Streets,,STATE,0,,0,"555 Main Street, 490",376,44796,1490701,55,20296,42.929915,WI,4,CALL,0,Chicago,58243,Fort Atkinson Branch 73000,0,,Jefferson,COMMERCIAL LENDING,Central District,0,5/30/1998,1,18,,WI,1,Wisconsin,7,FED,Chicago,5082189,,0,200 Sherman Avenue West,-88.839693,,RACINE,55101,"Milwaukee-Racine-Waukesha, WI",Racine,13,55055,,,Johnson Bank,Fort Atkinson,WI,2019_20296_18
53403,DIF,SM,United States,53406,STATE,39540,14946,Wisconsin,6/3/1974,2019,State Agency,11,55,M,9,9852,United States,"JOHNSON FINANCIAL GROUP, INC.",0,3,0,4335817,,Racine,ONE,CB,US_RoofTop,,STATE,0,,0,"555 Main Street, 490",376,115944,1490701,101,20296,42.697275,WI,4,CALL,0,Chicago,58243,Mt. Pleasant Branch 38000,1,,Racine,COMMERCIAL LENDING,Central District,0,12/31/1984,0,2,,WI,1,Wisconsin,7,FED,Chicago,5082189,,0,5901 Durand Avenue,-87.850296,,RACINE,55101,"Milwaukee-Racine-Waukesha, WI",Racine,13,55101,,"Racine, WI",Johnson Bank,Racine,WI,2019_20296_2
53403,DIF,SM,United States,53545,STATE,27500,3564,Wisconsin,10/16/1855,2019,State Agency,11,55,M,9,9852,United States,"JOHNSON FINANCIAL GROUP, INC.",0,3,0,4335817,,Janesville,ONE,CB,US_Streets,,STATE,0,,0,"555 Main Street, 490",357,309653,1490701,105,20296,42.682997,WI,4,CALL,0,Chicago,58243,Janesville Main Office Branch 61000,1,,Rock,COMMERCIAL LENDING,Central District,0,10/24/1998,0,20,,WI,1,Wisconsin,7,FED,Chicago,5082189,,0,1 South Main Street,-89.022441,,RACINE,55101,"Madison-Janesville-Beloit, WI",Racine,13,55105,,"Janesville-Beloit, WI",Johnson Bank,Janesville,WI,2019_20296_20
53403,DIF,SM,United States,53545,STATE,27500,1623,Wisconsin,1/1/1912,2019,State Agency,11,55,M,9,9852,United States,"JOHNSON FINANCIAL GROUP, INC.",0,3,0,4335817,,Janesville,ONE,CB,US_Streets,,STATE,0,,0,"555 Main Street, 490",357,36955,1490701,105,20296,42.713792,WI,4,CALL,0,Chicago,58243,Holiday Drive Branch 63000,1,,Rock,COMMERCIAL LENDING,Central District,0,10/24/1998,0,22,,WI,1,Wisconsin,7,FED,Chicago,5082189,,0,2021 Holiday Drive,-88.997965,,RACINE,55101,"Madison-Janesville-Beloit, WI",Racine,13,55105,,"Janesville-Beloit, WI",Johnson Bank,Janesville,WI,2019_20296_22
53403,DIF,SM,United States,53546,STATE,27500,207464,Wisconsin,4/4/1994,2019,State Agency,11,55,STREETADDRESS,9,9852,United States,"JOHNSON FINANCIAL GROUP, INC.",0,3,0,4335817,,Janesville,ONE,CB,100,,STATE,0,,0,"555 Main Street, 490",357,36932,1490701,105,20296,42.700242,WI,4,CALL,0,Chicago,58243,Wright Road Branch 64000,1,,Rock,COMMERCIAL LENDING,Central District,0,10/24/1998,0,23,,WI,1,Wisconsin,7,FED,Chicago,5082189,,0,1309 N Wright Road,-88.973638,,RACINE,55101,"Madison-Janesville-Beloit, WI",Racine,13,55105,,"Janesville-Beloit, WI",Johnson Bank,Janesville,WI,2019_20296_23
53403,DIF,SM,United States,53403,STATE,39540,250687,Wisconsin,5/3/1999,2019,State Agency,11,55,M,9,9852,United States,"JOHNSON FINANCIAL GROUP, INC.",0,3,0,4335817,,Racine,ONE,CB,US_Streets,,STATE,0,,0,"555 Main Street, 490",376,23215,1490701,101,20296,42.713626,WI,4,CALL,0,Chicago,58243,Howe Street Branch 39460,1,,Racine,COMMERCIAL LENDING,Central District,0,,0,25,,WI,1,Wisconsin,7,FED,Chicago,5082189,,0,1525 Howe Street,-87.791455,,RACINE,55101,"Milwaukee-Racine-Waukesha, WI",Racine,13,55101,,"Racine, WI",Johnson Bank,Racine,WI,2019_20296_25
53403,DIF,SM,United States,53188,STATE,33340,250688,Wisconsin,11/2/1998,2019,State Agency,11,55,M,9,9852,United States,"JOHNSON FINANCIAL GROUP, INC.",0,3,0,4335817,,Waukesha,ONE,CB,US_Zipcode,,STATE,0,,0,"555 Main Street, 490",376,24123,1490701,133,20296,43.021277,WI,4,CALL,0,Chicago,58243,Waukesha Branch 86000,1,,Waukesha,COMMERCIAL LENDING,Central District,0,,0,26,,WI,1,Wisconsin,7,FED,Chicago,5082189,,0,N22 W23991 Ridgeview Pkwy,-88.293547,,RACINE,55101,"Milwaukee-Racine-Waukesha, WI",Racine,13,55133,,"Milwaukee-Waukesha, WI",Johnson Bank,Waukesha,WI,2019_20296_26
53403,DIF,SM,United States,53177,STATE,39540,361031,Wisconsin,5/15/2000,2019,State Agency,11,55,M,9,9852,United States,"JOHNSON FINANCIAL GROUP, INC.",0,3,0,4335817,,Sturtevant,ONE,CB,US_Streets,,STATE,0,,0,"555 Main Street, 490",376,12914,1490701,101,20296,42.714811,WI,4,CALL,0,Chicago,58243,Waxdale Branch 39470,1,,Racine,COMMERCIAL LENDING,Central District,0,,0,27,,WI,1,Wisconsin,7,FED,Chicago,5082189,,0,8311 16th Street,-87.893797,,RACINE,55101,"Milwaukee-Racine-Waukesha, WI",Racine,13,55101,,"Racine, WI",Johnson Bank,Sturtevant,WI,2019_20296_27
53403,DIF,SM,United States,54843,STATE,0,14605,Wisconsin,6/23/1973,2019,State Agency,11,55,M,9,9852,United States,"JOHNSON FINANCIAL GROUP, INC.",0,3,0,4335817,,Hayward,ONE,CB,US_Zipcode,,STATE,0,,0,"555 Main Street, 490",0,123105,1490701,113,20296,46.030586,WI,4,CALL,0,Chicago,58243,Hayward Branch 11000,0,,Sawyer,COMMERCIAL LENDING,Central District,0,3/26/2002,0,28,,WI,1,Wisconsin,7,FED,Chicago,5082189,,0,10631 Ushwy 63,-91.276019,,RACINE,55101,,Racine,13,55113,,,Johnson Bank,Hayward,WI,2019_20296_28
53403,DIF,SM,United States,54868,STATE,0,252281,Wisconsin,4/15/1999,2019,State Agency,12,55,M,9,9852,United States,"JOHNSON FINANCIAL GROUP, INC.",0,3,0,4335817,,Rice Lake,ONE,CB,US_Streets,,STATE,0,,0,"555 Main Street, 490",0,18815,1490701,5,20296,45.49724,WI,4,CALL,0,Chicago,58243,Rice Lake Marketplace 13000,0,,Barron,COMMERCIAL LENDING,Central District,0,3/26/2002,0,30,,WI,1,Wisconsin,7,FED,Chicago,5082189,,0,340 South Main Street,-91.733463,,RACINE,55101,,Racine,13,55005,,,Johnson Bank,Rice Lake,WI,2019_20296_30
53403,DIF,SM,United States,54801,STATE,0,357602,Wisconsin,6/12/2000,2019,State Agency,11,55,M,9,9852,United States,"JOHNSON FINANCIAL GROUP, INC.",0,3,0,4335817,,Spooner,ONE,CB,US_Streets,,STATE,0,,0,"555 Main Street, 490",0,15981,1490701,129,20296,45.826919,WI,4,CALL,0,Chicago,58243,Spooner Branch 15000,0,,Washburn,COMMERCIAL LENDING,Central District,0,3/26/2002,0,32,,WI,1,Wisconsin,7,FED,Chicago,5082189,,0,526 North River Street,-91.887855,,RACINE,55101,,Racine,13,55129,,,Johnson Bank,Spooner,WI,2019_20296_32
53403,DIF,SM,United States,53717,STATE,31540,363520,Wisconsin,12/13/2001,2019,State Agency,11,55,M,9,9852,United States,"JOHNSON FINANCIAL GROUP, INC.",0,3,0,4335817,,Madison,ONE,CB,US_Streets,,STATE,0,,0,"555 Main Street, 490",357,14231,1490701,25,20296,43.071402,WI,4,CALL,0,Chicago,58243,Madison West Branch 66000,1,,Dane,COMMERCIAL LENDING,Central District,0,,0,34,,WI,1,Wisconsin,7,FED,Chicago,5082189,,0,525 Junction Road,-89.524781,,RACINE,55101,"Madison-Janesville-Beloit, WI",Racine,13,55025,,"Madison, WI",Johnson Bank,Madison,WI,2019_20296_34
53403,DIF,SM,United States,54313,STATE,24580,48165,Wisconsin,11/29/1993,2019,State Agency,11,55,M,9,9852,United States,"JOHNSON FINANCIAL GROUP, INC.",0,3,0,4335817,,Green Bay,ONE,CB,US_Streets,,STATE,0,,0,"555 Main Street, 490",267,15932,1490701,9,20296,44.550351,WI,4,CALL,0,Chicago,58243,Howard Branch 75000,1,,Brown,COMMERCIAL LENDING,Central District,0,10/1/2002,0,36,,WI,1,Wisconsin,7,FED,Chicago,5082189,,0,455 Riverdale Drive,-88.099759,,RACINE,55101,"Green Bay-Shawano, WI",Racine,13,55009,,"Green Bay, WI",Johnson Bank,Green Bay,WI,2019_20296_36
53403,DIF,SM,United States,54115,STATE,24580,366271,Wisconsin,10/1/2002,2019,State Agency,11,55,M,9,9852,United States,"JOHNSON FINANCIAL GROUP, INC.",0,3,0,4335817,,De Pere,ONE,CB,US_RoofTop,,STATE,0,,0,"555 Main Street, 490",267,18102,1490701,9,20296,44.450219,WI,4,CALL,0,Chicago,58243,De Pere Branch 76000,1,,Brown,COMMERCIAL LENDING,Central District,0,,0,39,,WI,1,Wisconsin,7,FED,Chicago,5082189,,0,840 Main Avenue,-88.082887,,RACINE,55101,"Green Bay-Shawano, WI",Racine,13,55009,,"Green Bay, WI",Johnson Bank,De Pere,WI,2019_20296_39
53403,DIF,SM,United States,54301,STATE,24580,430162,Wisconsin,1/13/2004,2019,State Agency,11,55,M,9,9852,United States,"JOHNSON FINANCIAL GROUP, INC.",0,3,0,4335817,,Green Bay,ONE,CB,US_Streets,,STATE,0,,0,"555 Main Street, 490",267,254515,1490701,9,20296,44.511746,WI,4,CALL,0,Chicago,58243,Green Bay Downtown Branch 77000,1,,Brown,COMMERCIAL LENDING,Central District,0,,0,41,,WI,1,Wisconsin,7,FED,Chicago,5082189,,0,318 S. Washington Street,-88.017929,,RACINE,55101,"Green Bay-Shawano, WI",Racine,13,55009,,"Green Bay, WI",Johnson Bank,Green Bay,WI,2019_20296_41
53403,DIF,SM,United States,53105,STATE,39540,439998,Wisconsin,4/1/2005,2019,State Agency,11,55,T,9,9852,United States,"JOHNSON FINANCIAL GROUP, INC.",0,3,0,4335817,,Burlington,ONE,CB,US_Streets,,STATE,0,,0,"555 Main Street, 490",376,12730,1490701,101,20296,42.680151,WI,4,CALL,0,Chicago,58243,Burlington Branch 28000,1,,Racine,COMMERCIAL LENDING,Central District,0,,0,42,,WI,1,Wisconsin,7,FED,Chicago,5082189,,0,101 West Chestnut Street,-88.277589,,RACINE,55101,"Milwaukee-Racine-Waukesha, WI",Racine,13,55101,,"Racine, WI",Johnson Bank,Burlington,WI,2019_20296_42
53403,DIF,SM,United States,54911,STATE,11540,449842,Wisconsin,3/1/2006,2019,State Agency,11,55,POINTADDRESS,9,9852,United States,"JOHNSON FINANCIAL GROUP, INC.",0,3,0,4335817,,Appleton,ONE,CB,100,,STATE,0,,0,"555 Main Street, 490",118,6637,1490701,87,20296,44.261856,WI,4,CALL,0,Chicago,58243,Appleton Branch 78000,1,,Outagamie,COMMERCIAL LENDING,Central District,0,,0,46,,WI,1,Wisconsin,7,FED,Chicago,5082189,,0,222 West College Avenue,-88.40826,,RACINE,55101,"Appleton-Oshkosh-Neenah, WI",Racine,13,55087,,"Appleton, WI",Johnson Bank,Appleton,WI,2019_20296_46
53403,DIF,SM,United States,85016,STATE,38060,32988,Wisconsin,8/22/1985,2019,State Agency,11,4,M,9,9852,United States,"JOHNSON FINANCIAL GROUP, INC.",0,3,0,4335817,,Phoenix,ONE,CB,US_Streets,,STATE,0,,0,"555 Main Street, 490",429,235781,1490701,13,20296,33.509829,WI,4,CALL,0,Chicago,58243,Camelback Office 87000,1,,Maricopa,COMMERCIAL LENDING,Central District,0,6/19/2006,0,48,,AZ,1,Arizona,7,FED,Chicago,5082189,,0,3131 East Camelback Road,-112.014434,,RACINE,55101,"Phoenix-Mesa, AZ",Racine,13,4013,,"Phoenix-Mesa-Chandler, AZ",Johnson Bank,Phoenix,WI,2019_20296_48
53403,DIF,SM,United States,53406,STATE,39540,249208,Wisconsin,8/16/1984,2019,State Agency,11,55,M,9,9852,United States,"JOHNSON FINANCIAL GROUP, INC.",0,3,0,4335817,,Racine,ONE,CB,US_RoofTop,,STATE,0,,0,"555 Main Street, 490",376,73569,1490701,101,20296,42.71943,WI,4,CALL,0,Chicago,58243,West Branch 36000,1,,Racine,COMMERCIAL LENDING,Central District,0,12/31/1984,0,5,,WI,1,Wisconsin,7,FED,Chicago,5082189,,0,6700 Washington Avenue,-87.863409,,RACINE,55101,"Milwaukee-Racine-Waukesha, WI",Racine,13,55101,,"Racine, WI",Johnson Bank,Racine,WI,2019_20296_5
53403,DIF,SM,United States,85255,STATE,38060,259298,Wisconsin,2/2/1994,2019,State Agency,11,4,M,9,9852,United States,"JOHNSON FINANCIAL GROUP, INC.",0,3,0,4335817,,Scottsdale,ONE,CB,US_RoofTop,,STATE,0,,0,"555 Main Street, 490",429,31071,1490701,13,20296,33.698726,WI,4,CALL,0,Chicago,58243,Pinnacle Peak Branch 88000,1,,Maricopa,COMMERCIAL LENDING,Central District,0,6/19/2006,0,50,,AZ,1,Arizona,7,FED,Chicago,5082189,,0,8700 East Pinnacle Peak Road,-111.892361,,RACINE,55101,"Phoenix-Mesa, AZ",Racine,13,4013,,"Phoenix-Mesa-Chandler, AZ",Johnson Bank,Scottsdale,WI,2019_20296_50
53403,DIF,SM,United States,85258,STATE,38060,259300,Wisconsin,10/26/1998,2019,State Agency,11,4,M,9,9852,United States,"JOHNSON FINANCIAL GROUP, INC.",0,3,0,4335817,,Scottsdale,ONE,CB,US_RoofTop,,STATE,0,,0,"555 Main Street, 490",429,18245,1490701,13,20296,33.564382,WI,4,CALL,0,Chicago,58243,Gainey Branch 89000,1,,Maricopa,COMMERCIAL LENDING,Central District,0,6/19/2006,0,51,,AZ,1,Arizona,7,FED,Chicago,5082189,,0,"8700 N. Gainey Center Dr., Ste 100",-111.913107,,RACINE,55101,"Phoenix-Mesa, AZ",Racine,13,4013,,"Phoenix-Mesa-Chandler, AZ",Johnson Bank,Scottsdale,WI,2019_20296_51
53403,DIF,SM,United States,85262,STATE,38060,424281,Wisconsin,10/6/2003,2019,State Agency,11,4,M,9,9852,United States,"JOHNSON FINANCIAL GROUP, INC.",0,3,0,4335817,,Scottsdale,ONE,CB,US_RoofTop,,STATE,0,,0,"555 Main Street, 490",429,35445,1490701,13,20296,33.781585,WI,4,CALL,0,Chicago,58243,Summit Branch 87600,1,,Maricopa,COMMERCIAL LENDING,Central District,0,6/19/2006,0,54,,AZ,1,Arizona,7,FED,Chicago,5082189,,0,32621 North Scottsdale Road,-111.925802,,RACINE,55101,"Phoenix-Mesa, AZ",Racine,13,4013,,"Phoenix-Mesa-Chandler, AZ",Johnson Bank,Scottsdale,WI,2019_20296_54
53403,DIF,SM,United States,53132,STATE,33340,454226,Wisconsin,8/24/2005,2019,State Agency,11,55,M,9,9852,United States,"JOHNSON FINANCIAL GROUP, INC.",0,3,0,4335817,,Franklin,ONE,CB,US_Streets,,STATE,0,,0,"555 Main Street, 490",376,33149,1490701,79,20296,42.91617,WI,4,CALL,0,Chicago,58243,Franklin Office 81000 Branch,1,,Milwaukee,COMMERCIAL LENDING,Central District,0,,0,57,,WI,1,Wisconsin,7,FED,Chicago,5082189,,0,3001 W. Rawson Avenue,-87.95381,,RACINE,55101,"Milwaukee-Racine-Waukesha, WI",Racine,13,55079,,"Milwaukee-Waukesha, WI",Johnson Bank,Franklin,WI,2019_20296_57
53403,DIF,SM,United States,53217,STATE,33340,454707,Wisconsin,8/16/2006,2019,State Agency,11,55,M,9,9852,United States,"JOHNSON FINANCIAL GROUP, INC.",0,3,0,4335817,,Milwaukee,ONE,CB,US_Streets,,STATE,0,,0,"555 Main Street, 490",376,26567,1490701,79,20296,43.118524,WI,4,CALL,0,Chicago,58243,Whitefish Bay Branch 79000,1,,Milwaukee,COMMERCIAL LENDING,Central District,0,,0,59,,WI,1,Wisconsin,7,FED,Chicago,5082189,,0,"5600 Lake Drive, Suite 101",-87.902188,,RACINE,55101,"Milwaukee-Racine-Waukesha, WI",Racine,13,55079,,"Milwaukee-Waukesha, WI",Johnson Bank,Whitefish Bay,WI,2019_20296_59
53403,DIF,SM,United States,53703,STATE,31540,456016,Wisconsin,10/30/2006,2019,State Agency,11,55,M,9,9852,United States,"JOHNSON FINANCIAL GROUP, INC.",0,3,0,4335817,,Madison,ONE,CB,US_Streets,,STATE,0,,0,"555 Main Street, 490",357,6816,1490701,25,20296,43.073532,WI,4,CALL,0,Chicago,58243,Downtown Madison Branch 67000,1,,Dane,COMMERCIAL LENDING,Central District,0,,0,60,,WI,1,Wisconsin,7,FED,Chicago,5082189,,0,159 Martin Luther King Jr. Boulevard,-89.382522,,RACINE,55101,"Madison-Janesville-Beloit, WI",Racine,13,55025,,"Madison, WI",Johnson Bank,Madison,WI,2019_20296_60
53403,DIF,SM,United States,53142,STATE,16980,466676,Wisconsin,6/18/2007,2019,State Agency,11,55,M,9,9852,United States,"JOHNSON FINANCIAL GROUP, INC.",0,3,0,4335817,,Kenosha,ONE,CB,US_Zipcode,,STATE,0,,29404,"555 Main Street, 490",176,21963,1490701,59,20296,42.574688,WI,4,CALL,0,Chicago,58243,Strawberry Creek 57000 Branch,1,,Kenosha,COMMERCIAL LENDING,Central District,0,,0,68,,WI,1,Wisconsin,7,FED,Chicago,5082189,,0,7401 144th Avenue,-87.934345,,RACINE,55101,"Chicago-Naperville, IL-IN-WI",Racine,13,55059,"Lake County-Kenosha County, IL-WI","Chicago-Naperville-Elgin, IL-IN-WI",Johnson Bank,Kenosha,WI,2019_20296_68
53403,DIF,SM,United States,54868,STATE,0,467068,Wisconsin,6/1/2007,2019,State Agency,11,55,M,9,9852,United States,"JOHNSON FINANCIAL GROUP, INC.",0,3,0,4335817,,Rice Lake,ONE,CB,US_Zipcode,,STATE,0,,0,"555 Main Street, 490",0,12299,1490701,5,20296,45.528165,WI,4,CALL,0,Chicago,58243,Rice Lake Main 18000 Branch,0,,Barron,COMMERCIAL LENDING,Central District,0,,0,69,,WI,1,Wisconsin,7,FED,Chicago,5082189,,0,2019 Cenex Drive,-91.713035,,RACINE,55101,,Racine,13,55005,,,Johnson Bank,Rice Lake,WI,2019_20296_69
53403,DIF,SM,United States,53406,STATE,39540,250680,Wisconsin,6/1/1987,2019,State Agency,11,55,M,9,9852,United States,"JOHNSON FINANCIAL GROUP, INC.",0,3,0,4335817,,Racine,ONE,CB,US_RoofTop,,STATE,0,,0,"555 Main Street, 490",376,54989,1490701,101,20296,42.758926,WI,4,CALL,0,Chicago,58243,Northwestern Branch 33000,1,,Racine,COMMERCIAL LENDING,Central District,0,,0,7,,WI,1,Wisconsin,7,FED,Chicago,5082189,,0,6520 Northwestern Avenue,-87.861034,,RACINE,55101,"Milwaukee-Racine-Waukesha, WI",Racine,13,55101,,"Racine, WI",Johnson Bank,Racine,WI,2019_20296_7
53403,DIF,SM,United States,53005,STATE,33340,479850,Wisconsin,6/2/2008,2019,State Agency,11,55,EXACT,9,9852,United States,"JOHNSON FINANCIAL GROUP, INC.",0,3,0,4335817,,Brookfield,ONE,CB,100,,STATE,0,,0,"555 Main Street, 490",376,24623,1490701,133,20296,43.06107,WI,4,CALL,0,Chicago,58243,Brookfield Branch 82100 Branch,1,,Waukesha,COMMERCIAL LENDING,Central District,0,,0,71,,WI,1,Wisconsin,7,FED,Chicago,5082189,,0,14000 W North Ave,-88.087174,,RACINE,55101,"Milwaukee-Racine-Waukesha, WI",Racine,13,55133,,"Milwaukee-Waukesha, WI",Johnson Bank,Brookfield,WI,2019_20296_71
53403,DIF,SM,United States,53718,STATE,31540,501642,Wisconsin,1/11/2010,2019,State Agency,11,55,M,9,9852,United States,"JOHNSON FINANCIAL GROUP, INC.",0,3,0,4335817,,Madison,ONE,CB,US_Streets,,STATE,0,,0,"555 Main Street, 490",357,398070,1490701,25,20296,43.144275,WI,4,CALL,0,Chicago,58243,Terrace Drive Madison Branch,1,,Dane,COMMERCIAL LENDING,Central District,0,,0,77,,WI,1,Wisconsin,7,FED,Chicago,5082189,,0,5201 East Terrace Drive,-89.290725,,RACINE,55101,"Madison-Janesville-Beloit, WI",Racine,13,55025,,"Madison, WI",Johnson Bank,Madison,WI,2019_20296_77
53403,DIF,SM,United States,53092,STATE,33340,562321,Wisconsin,10/13/2014,2019,State Agency,11,55,STREETADDRESS,9,9852,United States,"JOHNSON FINANCIAL GROUP, INC.",0,3,0,4335817,,Mequon,ONE,CB,100,,STATE,0,,0,"555 Main Street, 490",376,7592,1490701,89,20296,43.221166,WI,4,CALL,0,Chicago,58243,Mequon Branch,1,,Ozaukee,COMMERCIAL LENDING,Central District,0,,0,78,,WI,1,Wisconsin,7,FED,Chicago,5082189,,0,1555 West Mequon Road,-87.928273,,RACINE,55101,"Milwaukee-Racine-Waukesha, WI",Racine,13,55089,,"Milwaukee-Waukesha, WI",Johnson Bank,Mequon,WI,2019_20296_78
53403,DIF,SM,United States,53402,STATE,39540,250681,Wisconsin,12/15/1987,2019,State Agency,11,55,POINTADDRESS,9,9852,United States,"JOHNSON FINANCIAL GROUP, INC.",0,3,0,4335817,,Racine,ONE,CB,100,,STATE,0,,0,"555 Main Street, 490",376,104574,1490701,101,20296,42.770846,WI,4,CALL,0,Chicago,58243,Wind Point Branch 31000,1,,Racine,COMMERCIAL LENDING,Central District,0,,0,8,,WI,1,Wisconsin,7,FED,Chicago,5082189,,0,4001 N Main Street,-87.781924,,RACINE,55101,"Milwaukee-Racine-Waukesha, WI",Racine,13,55101,,"Racine, WI",Johnson Bank,Wind Point,WI,2019_20296_8
53403,DIF,SM,United States,53144,STATE,16980,12357,Wisconsin,12/7/1961,2019,State Agency,11,55,M,9,9852,United States,"JOHNSON FINANCIAL GROUP, INC.",0,3,0,4335817,,Kenosha,ONE,CB,US_Streets,,STATE,0,,29404,"555 Main Street, 490",176,48179,1490701,59,20296,42.581097,WI,4,CALL,0,Chicago,58243,Kenosha Midtown Branch 51000,1,,Kenosha,COMMERCIAL LENDING,Central District,0,7/16/1990,0,9,,WI,1,Wisconsin,7,FED,Chicago,5082189,,0,3928 60th Street,-87.855322,,RACINE,55101,"Chicago-Naperville, IL-IN-WI",Racine,13,55059,"Lake County-Kenosha County, IL-WI","Chicago-Naperville-Elgin, IL-IN-WI",Johnson Bank,Kenosha,WI,2019_20296_9
54651,DIF,NM,United States,54651,STATE,0,14572,Wisconsin,9/23/1911,2019,State Agency,11,55,M,9,0,United States,"ONTARIO BANCORPORATION, INC.",0,3,38771,38771,,Ontario,ONE,CB,US_Streets,M,STATE,1,,0,315 Main Street,0,24608,1209592,123,21085,43.723985,WI,2,CALL,0,Chicago,37341,Bank Of Ontario,0,,Vernon,AGRICULTURAL,Central District,0,,0,0,,WI,1,Wisconsin,7,FDIC,Chicago,51558,,0,315 Main Street,-90.591161,,ONTARIO,55123,,Ontario,21,55123,,,Bank of Ontario,Ontario,WI,2019_21085_0
54651,DIF,NM,United States,54632,STATE,0,9517,Wisconsin,1/1/1909,2019,State Agency,11,55,M,9,0,United States,"ONTARIO BANCORPORATION, INC.",0,3,0,38771,,Genoa,ONE,CB,100,,STATE,0,,0,315 Main Street,0,14163,1209592,123,21085,43.573786,WI,2,CALL,0,Chicago,37341,Genoa Branch,0,,Vernon,AGRICULTURAL,Central District,0,5/21/1994,0,2,,WI,1,Wisconsin,7,FDIC,Chicago,51558,,0,700 Main Street,-91.226387,,ONTARIO,55123,,Ontario,21,55123,,,Bank of Ontario,Genoa,WI,2019_21085_2
53575,DIF,SM,United States,53575,STATE,31540,15543,Wisconsin,9/15/1976,2019,State Agency,11,55,M,9,14075,United States,"BOSSHARD FINANCIAL GROUP, INC.",0,3,397051,397051,,Oregon,MULT,CB,US_RoofTop,M,STATE,1,,0,733 North Main Street,357,249728,1205473,25,22334,42.936803,WI,4,CALL,0,Chicago,247140,Oregon Community Bank,1,,Dane,COMMERCIAL LENDING,Central District,0,,0,0,,WI,1,Wisconsin,7,FED,Chicago,489563,,0,733 North Main Street,-89.38341,,LA CROSSE,55025,"Madison-Janesville-Beloit, WI",Oregon,13,55025,,"Madison, WI",Oregon Community Bank,Oregon,WI,2019_22334_0
53575,DIF,SM,United States,53575,STATE,31540,432012,Wisconsin,7/19/2004,2019,State Agency,11,55,M,9,14075,United States,"BOSSHARD FINANCIAL GROUP, INC.",0,3,0,397051,,Oregon,MULT,CB,US_RoofTop,,STATE,0,,0,733 North Main Street,357,10513,1205473,25,22334,42.927564,WI,4,CALL,0,Chicago,247140,Alpine Parkway Branch,1,,Dane,COMMERCIAL LENDING,Central District,0,,0,3,,WI,1,Wisconsin,7,FED,Chicago,489563,,0,101 Alpine Parkway,-89.40019,,LA CROSSE,55025,"Madison-Janesville-Beloit, WI",Oregon,13,55025,,"Madison, WI",Oregon Community Bank,Oregon,WI,2019_22334_3
53575,DIF,SM,United States,53597,STATE,31540,589730,Wisconsin,12/19/2016,2019,State Agency,11,55,STREETADDRESSEXT,9,14075,United States,"BOSSHARD FINANCIAL GROUP, INC.",0,3,0,397051,,Waunakee,MULT,CB,99,,STATE,0,,0,733 North Main Street,357,42946,1205473,25,22334,43.168832,WI,4,CALL,0,Chicago,247140,Waunakee Branch,1,,Dane,COMMERCIAL LENDING,Central District,0,,0,4,,WI,1,Wisconsin,7,FED,Chicago,489563,,0,1351 Water Wheel Drive,-89.461926,,LA CROSSE,55025,"Madison-Janesville-Beloit, WI",Oregon,13,55025,,"Madison, WI",Oregon Community Bank,Waunakee,WI,2019_22334_4
53575,DIF,SM,United States,53936,STATE,0,9549,Wisconsin,1/1/1915,2019,State Agency,11,55,POINTADDRESS,9,14075,United States,"BOSSHARD FINANCIAL GROUP, INC.",0,3,0,397051,,Grand Marsh,MULT,CB,100,,STATE,0,,0,733 North Main Street,0,19705,1205473,1,22334,43.886992,WI,4,CALL,0,Chicago,247140,Grand Marsh Branch,0,,Adams,COMMERCIAL LENDING,Central District,0,9/1/2018,0,5,,WI,1,Wisconsin,7,FED,Chicago,489563,,0,643 County Road E,-89.705711,,LA CROSSE,55025,,Oregon,13,55001,,,Oregon Community Bank,Grand Marsh,WI,2019_22334_5
53575,DIF,SM,United States,53910,STATE,0,233339,Wisconsin,2/24/1983,2019,State Agency,11,55,M,9,14075,United States,"BOSSHARD FINANCIAL GROUP, INC.",0,3,0,397051,,Adams,MULT,CB,US_Streets,,STATE,0,,0,733 North Main Street,0,64699,1205473,1,22334,43.965413,WI,4,CALL,0,Chicago,247140,Mound View Branch,0,,Adams,COMMERCIAL LENDING,Central District,0,9/1/2018,0,6,,WI,1,Wisconsin,7,FED,Chicago,489563,,0,501 North Main Street,-89.817872,,LA CROSSE,55025,,Oregon,13,55001,,,Oregon Community Bank,Adams,WI,2019_22334_6
53575,DIF,SM,United States,53952,STATE,0,233340,Wisconsin,2/5/1999,2019,State Agency,11,55,M,9,14075,United States,"BOSSHARD FINANCIAL GROUP, INC.",0,3,0,397051,,Oxford,MULT,CB,US_Streets,,STATE,0,,0,733 North Main Street,0,9460,1205473,77,22334,43.780533,WI,4,CALL,0,Chicago,247140,Oxford Branch,0,,Marquette,COMMERCIAL LENDING,Central District,0,9/1/2018,0,7,,WI,1,Wisconsin,7,FED,Chicago,489563,,0,120 East Valette Street,-89.572943,,LA CROSSE,55025,,Oregon,13,55077,,,Oregon Community Bank,Oxford,WI,2019_22334_7
54701,DIF,SM,United States,54701,STATE,20740,16208,Wisconsin,6/19/1980,2019,State Agency,11,55,M,9,10163,United States,"CHARTER BANKSHARES, INC.",0,3,708477,708477,,Eau Claire,ONE,CB,US_Streets,M,STATE,1,,0,1010 West Clairemont Avenue,232,539109,3485989,35,23137,44.793494,WI,4,CALL,0,Chicago,160650,Charter Bank,1,,Eau Claire,COMMERCIAL LENDING,Central District,0,,0,0,,WI,1,Wisconsin,9,FED,Minneapolis,911422,,0,1010 West Clairemont Avenue,-91.511699,,EAU CLAIRE,55035,"Eau Claire-Menomonie, WI",Eau Claire,13,55035,,"Eau Claire, WI",Charter Bank,Eau Claire,WI,2019_23137_0
54701,DIF,SM,United States,55318,STATE,33460,78834,Wisconsin,2/16/2000,2019,State Agency,11,27,M,9,10163,United States,"CHARTER BANKSHARES, INC.",0,3,0,708477,,Chaska,ONE,CB,US_Streets,,STATE,0,,0,1010 West Clairemont Avenue,378,94447,3485989,19,23137,44.790594,WI,4,CALL,0,Chicago,160650,Chaska Branch,1,,Carver,COMMERCIAL LENDING,Central District,0,10/1/2015,0,1,,MN,1,Minnesota,9,FED,Minneapolis,911422,,0,706 Walnut Street,-93.600769,,EAU CLAIRE,55035,"Minneapolis-St. Paul, MN-WI",Eau Claire,13,27019,,"Minneapolis-St. Paul-Bloomington, MN-WI",Charter Bank,Chaska,WI,2019_23137_1
54701,DIF,SM,United States,55317,STATE,33460,430983,Wisconsin,8/17/2003,2019,State Agency,11,27,M,9,10163,United States,"CHARTER BANKSHARES, INC.",0,3,0,708477,,Chanhassen,ONE,CB,US_RoofTop,,STATE,0,,0,1010 West Clairemont Avenue,378,74921,3485989,19,23137,44.857018,WI,4,CALL,0,Chicago,160650,Chanhassen Branch,1,,Carver,COMMERCIAL LENDING,Central District,0,10/1/2015,0,2,,MN,1,Minnesota,9,FED,Minneapolis,911422,,0,455 Pond Promenade,-93.532572,,EAU CLAIRE,55035,"Minneapolis-St. Paul, MN-WI",Eau Claire,13,27019,,"Minneapolis-St. Paul-Bloomington, MN-WI",Charter Bank,Chanhassen,WI,2019_23137_2
53717,DIF,SM,United States,53717,STATE,31540,16484,Wisconsin,9/1/1981,2019,State Agency,11,55,M,9,0,United States,"BANKERS' BANCORPORATION, INC.",1,3,592314,592314,,Madison,ONE,CB,US_Streets,M,STATE,1,,0,7700 Mineral Point Road,357,592314,1209958,25,23537,43.060691,WI,4,CALL,0,Chicago,408642,Bankers' Bank,1,,Dane,COMMERCIAL LENDING,Central District,0,,0,0,,WI,1,Wisconsin,7,FED,Chicago,759088,,0,7700 Mineral Point Road,-89.515701,,MADISON,55025,"Madison-Janesville-Beloit, WI",Madison,13,55025,,"Madison, WI",Bankers' Bank,Madison,WI,2019_23537_0
53520,DIF,SM,United States,53520,STATE,31540,1610,Wisconsin,04/30/1896,2019,State Agency,11,55,POINTADDRESS,9,14788,United States,"BRODHEAD BANCSHARES, INC.",1,3,122325,122325,,Brodhead,ONE,CB,100,M,STATE,1,,0,806 East Exchange Street,357,122325,5371853,45,2455,42.619758,WI,2,CALL,0,Chicago,517441,The Bank Of Brodhead,1,,Green,AGRICULTURAL,Central District,0,,0,0,,WI,1,Wisconsin,7,FED,Chicago,154397,,0,806 East Exchange Street,-89.376278,,BRODHEAD,55045,"Madison-Janesville-Beloit, WI",Brodhead,13,55045,,"Madison, WI",The Bank of Brodhead,Brodhead,WI,2019_2455_0
54727,DIF,NM,United States,54727,STATE,20740,1619,Wisconsin,8/20/1902,2019,State Agency,11,55,M,9,11635,United States,"CITIZENS BANCORP, INC.",0,3,98082,98082,,Cadott,ONE,CB,US_Streets,M,STATE,1,,0,304 North Main Street,232,61929,3559862,17,2467,44.947322,WI,4,CALL,0,Chicago,149150,Citizens State Bank,1,,Chippewa,COMMERCIAL LENDING,Central District,0,,0,0,,WI,1,Wisconsin,9,FDIC,Minneapolis,112144,,0,304 North Main Street,-91.150711,,CADOTT,55017,"Eau Claire-Menomonie, WI",Cadott,21,55017,,"Eau Claire, WI",Citizens State Bank,Cadott,WI,2019_2467_0
54727,DIF,NM,United States,54729,STATE,20740,192680,Wisconsin,11/4/1985,2019,State Agency,11,55,M,9,11635,United States,"CITIZENS BANCORP, INC.",0,3,0,98082,,Chippewa Falls,ONE,CB,US_Streets,,STATE,0,,0,304 North Main Street,232,19898,3559862,17,2467,44.966259,WI,4,CALL,0,Chicago,149150,Chippewa Falls Branch,1,,Chippewa,COMMERCIAL LENDING,Central District,0,,0,1,,WI,1,Wisconsin,9,FDIC,Minneapolis,112144,,0,15036 Cty Hwy S,-91.366844,,CADOTT,55017,"Eau Claire-Menomonie, WI",Cadott,21,55017,,"Eau Claire, WI",Citizens State Bank,Chippewa Falls,WI,2019_2467_1
54727,DIF,NM,United States,54729,STATE,20740,207591,Wisconsin,9/16/1968,2019,State Agency,11,55,POINTADDRESS,9,11635,United States,"CITIZENS BANCORP, INC.",0,3,0,98082,,Chippewa Falls,ONE,CB,100,,STATE,0,,0,304 North Main Street,232,16255,3559862,17,2467,44.92349,WI,4,CALL,0,Chicago,149150,Lake Wissota Branch,1,,Chippewa,COMMERCIAL LENDING,Central District,0,5/4/1995,0,2,,WI,1,Wisconsin,9,FDIC,Minneapolis,112144,,0,17153 County Highway J,-91.322169,,CADOTT,55017,"Eau Claire-Menomonie, WI",Cadott,21,55017,,"Eau Claire, WI",Citizens State Bank,Chippewa Falls,WI,2019_2467_2
54727,DIF,NM,United States,54727,STATE,20740,192681,Wisconsin,7/2/1996,2019,State Agency,11,55,M,9,11635,United States,"CITIZENS BANCORP, INC.",0,3,0,98082,,Cadott,ONE,CB,US_Streets,C,STATE,0,0,0,304 North Main Street,232,0,3559862,17,2467,44.941108,WI,4,CALL,0,Chicago,149150,Southridge Avenue Branch,1,,Chippewa,COMMERCIAL LENDING,Central District,0,,0,3,,WI,1,Wisconsin,9,FDIC,Minneapolis,112144,,0,505 South Main Street,-91.150527,,CADOTT,55017,"Eau Claire-Menomonie, WI",Cadott,21,55017,,"Eau Claire, WI",Citizens State Bank,Cadott,WI,2019_2467_3
54729,DIF,SM,United States,54729,STATE,20740,1620,Wisconsin,1/1/1904,2019,State Agency,11,55,M,9,0,United States,"NW BANCSHARES, INC.",0,3,384029,384029,,Chippewa Falls,ONE,CB,US_Streets,M,STATE,1,,0,202 Bridge Street,232,229274,1246542,17,2468,44.936415,WI,4,CALL,0,Chicago,153054,Northwestern Bank,1,,Chippewa,COMMERCIAL LENDING,Central District,0,,0,0,,WI,1,Wisconsin,9,FED,Minneapolis,435126,,0,202 Bridge Street,-91.392505,,CHIPPEWA FALLS,55017,"Eau Claire-Menomonie, WI",Chippewa Falls,13,55017,,"Eau Claire, WI",Northwestern Bank,Chippewa Falls,WI,2019_2468_0
54729,DIF,SM,United States,54729,STATE,20740,192682,Wisconsin,9/10/1962,2019,State Agency,23,55,M,9,0,United States,"NW BANCSHARES, INC.",0,3,0,384029,,Chippewa Falls,ONE,CB,US_Streets,C,STATE,0,11,0,202 Bridge Street,232,0,1246542,17,2468,44.936739,WI,4,CALL,0,Chicago,153054,Chippewa Drive-Up Branch,1,,Chippewa,COMMERCIAL LENDING,Central District,0,,0,1,,WI,1,Wisconsin,9,FED,Minneapolis,435126,,0,20 East Central Street,-91.391983,,CHIPPEWA FALLS,55017,"Eau Claire-Menomonie, WI",Chippewa Falls,13,55017,,"Eau Claire, WI",Northwestern Bank,Chippewa Falls,WI,2019_2468_1
54729,DIF,SM,United States,54732,STATE,20740,192683,Wisconsin,10/11/1935,2019,State Agency,11,55,M,9,0,United States,"NW BANCSHARES, INC.",0,3,0,384029,,Cornell,ONE,CB,US_Streets,,STATE,0,,0,202 Bridge Street,232,40610,1246542,17,2468,45.167316,WI,4,CALL,0,Chicago,153054,Cornell Branch,1,,Chippewa,COMMERCIAL LENDING,Central District,0,,0,2,,WI,1,Wisconsin,9,FED,Minneapolis,435126,,0,201 Main Street,-91.151599,,CHIPPEWA FALLS,55017,"Eau Claire-Menomonie, WI",Chippewa Falls,13,55017,,"Eau Claire, WI",Northwestern Bank,Cornell,WI,2019_2468_2
54729,DIF,SM,United States,54729,STATE,20740,192684,Wisconsin,10/13/1969,2019,State Agency,11,55,STREETADDRESS,9,0,United States,"NW BANCSHARES, INC.",0,3,0,384029,,Chippewa Falls,ONE,CB,100,C,STATE,0,11,0,202 Bridge Street,232,0,1246542,17,2468,44.923452,WI,4,CALL,0,Chicago,153054,Lafayette Branch,1,,Chippewa,COMMERCIAL LENDING,Central District,0,,0,3,,WI,1,Wisconsin,9,FED,Minneapolis,435126,,0,17152 County Highway J,-91.322091,,CHIPPEWA FALLS,55017,"Eau Claire-Menomonie, WI",Chippewa Falls,13,55017,,"Eau Claire, WI",Northwestern Bank,Chippewa Falls,WI,2019_2468_3
54729,DIF,SM,United States,54771,STATE,0,192685,Wisconsin,10/16/1989,2019,State Agency,11,55,M,9,0,United States,"NW BANCSHARES, INC.",0,3,0,384029,,Thorp,ONE,CB,US_Streets,,STATE,0,,0,202 Bridge Street,0,51558,1246542,19,2468,44.959271,WI,4,CALL,0,Chicago,153054,Thorp Branch,0,,Clark,COMMERCIAL LENDING,Central District,0,,0,4,,WI,1,Wisconsin,9,FED,Minneapolis,435126,,0,111 North Washington Street,-90.80038,,CHIPPEWA FALLS,55017,,Chippewa Falls,13,55019,,,Northwestern Bank,Thorp,WI,2019_2468_4
54729,DIF,SM,United States,54726,STATE,20740,9544,Wisconsin,2/10/1903,2019,State Agency,11,55,M,9,0,United States,"NW BANCSHARES, INC.",0,3,0,384029,,Boyd,ONE,CB,US_Streets,,STATE,0,,0,202 Bridge Street,232,20219,1246542,17,2468,44.951544,WI,4,CALL,0,Chicago,153054,Boyd Branch,1,,Chippewa,COMMERCIAL LENDING,Central District,0,5/10/1999,0,5,,WI,1,Wisconsin,9,FED,Minneapolis,435126,,0,803 East Murray Street,-91.035608,,CHIPPEWA FALLS,55017,"Eau Claire-Menomonie, WI",Chippewa Falls,13,55017,,"Eau Claire, WI",Northwestern Bank,Boyd,WI,2019_2468_5
54729,DIF,SM,United States,54720,STATE,20740,585361,Wisconsin,12/12/2016,2019,State Agency,11,55,STREETNAME,9,0,United States,"NW BANCSHARES, INC.",0,3,0,384029,,Altoona,ONE,CB,88.65,,STATE,0,,0,202 Bridge Street,232,42368,1246542,35,2468,44.818977,WI,4,CALL,0,Chicago,153054,River Prairie Office Branch,1,,Eau Claire,COMMERCIAL LENDING,Central District,0,,0,7,,WI,1,Wisconsin,9,FED,Minneapolis,435126,,0,1430 Rivers Edge Trail,-91.448532,,CHIPPEWA FALLS,55017,"Eau Claire-Menomonie, WI",Chippewa Falls,13,55035,,"Eau Claire, WI",Northwestern Bank,Altoona,WI,2019_2468_7
53538,DIF,NM,United States,53538,STATE,0,1621,Wisconsin,01/07/1884,2019,State Agency,11,55,M,9,0,United States,CITIZENS FINANCIAL CORPORATION EMPLOYEE STOCK OWNERSHIP PLAN AND TRUST,0,3,115144,115144,,Fort Atkinson,ONE,CB,US_Streets,M,STATE,1,0,0,220 Grant Street,376,49414,1247727,55,2469,42.92662,WI,4,CALL,0,Chicago,846945,Badger Bank,0,,Jefferson,COMMERCIAL LENDING,Central District,0,,1,0,,WI,1,Wisconsin,7,FDIC,Chicago,134523,,0,220 Grant Street,-88.8384,,FORT ATKINSON,55055,"Milwaukee-Racine-Waukesha, WI",Fort Atkinson,21,55055,,,Badger Bank,Fort Atkinson,WI,2019_2469_0
53538,DIF,NM,United States,53523,STATE,31540,6652,Wisconsin,01/01/1899,2019,State Agency,11,55,M,9,0,United States,CITIZENS FINANCIAL CORPORATION EMPLOYEE STOCK OWNERSHIP PLAN AND TRUST,0,3,0,115144,,Cambridge,ONE,CB,US_Streets,,STATE,0,0,0,220 Grant Street,357,38643,1247727,25,2469,43.003673,WI,4,CALL,0,Chicago,846945,Cambridge,1,,Dane,COMMERCIAL LENDING,Central District,0,11/14/2003,0,2,,WI,1,Wisconsin,7,FDIC,Chicago,134523,,0,102 West Main Street,-89.016753,,FORT ATKINSON,55055,"Madison-Janesville-Beloit, WI",Fort Atkinson,21,55025,,"Madison, WI",Badger Bank,Cambridge,WI,2019_2469_2
53538,DIF,NM,United States,53038,STATE,0,439688,Wisconsin,4/5/2005,2019,State Agency,11,55,M,9,0,United States,CITIZENS FINANCIAL CORPORATION EMPLOYEE STOCK OWNERSHIP PLAN AND TRUST,0,3,0,115144,,Johnson Creek,ONE,CB,US_Zipcode,,STATE,0,0,0,220 Grant Street,376,20245,1247727,55,2469,43.058939,WI,4,CALL,0,Chicago,846945,Johnson Creek Branch,0,,Jefferson,COMMERCIAL LENDING,Central District,0,,1,3,,WI,1,Wisconsin,7,FDIC,Chicago,134523,,0,545 Village Walk Lane,-88.782841,,FORT ATKINSON,55055,"Milwaukee-Racine-Waukesha, WI",Fort Atkinson,21,55055,,,Badger Bank,Johnson Creek,WI,2019_2469_3
53538,DIF,NM,United States,53549,STATE,0,465784,Wisconsin,7/16/2007,2019,State Agency,11,55,M,9,0,United States,CITIZENS FINANCIAL CORPORATION EMPLOYEE STOCK OWNERSHIP PLAN AND TRUST,0,3,0,115144,,Jefferson,ONE,CB,US_Streets,,STATE,0,0,0,220 Grant Street,376,6842,1247727,55,2469,42.995315,WI,4,CALL,0,Chicago,846945,Jefferson Branch,0,,Jefferson,COMMERCIAL LENDING,Central District,0,,1,4,,WI,1,Wisconsin,7,FDIC,Chicago,134523,,0,1003 South Main Street,-88.807408,,FORT ATKINSON,55055,"Milwaukee-Racine-Waukesha, WI",Fort Atkinson,21,55055,,,Badger Bank,Jefferson,WI,2019_2469_4
53558,DIF,NM,United States,53558,STATE,31540,1627,Wisconsin,1/5/1905,2019,State Agency,11,55,EXACT,9,9863,United States,"NORTHERN BANKSHARES, INC.",0,3,428623,428623,,Mcfarland,ONE,CB,100,M,STATE,1,,0,5990 Highway 51,357,289293,1204748,25,2476,43.01385,WI,4,CALL,0,Chicago,663647,Mcfarland State Bank,1,,Dane,COMMERCIAL LENDING,Central District,0,,0,0,,WI,1,Wisconsin,7,FDIC,Chicago,516190,,0,5990 Highway 51,-89.303448,,MC FARLAND,55025,"Madison-Janesville-Beloit, WI",Mc Farland,21,55025,,"Madison, WI",McFarland State Bank,Mc Farland,WI,2019_2476_0
53558,DIF,NM,United States,53589,STATE,31540,3593,Wisconsin,10/01/1899,2019,State Agency,23,55,STREETADDRESS,9,9863,United States,"NORTHERN BANKSHARES, INC.",0,3,0,428623,,Stoughton,ONE,CB,100,C,STATE,0,9,0,5990 Highway 51,357,0,1204748,25,2476,42.917546,WI,4,CALL,0,Chicago,663647,Downtown Stoughton Branch,1,,Dane,COMMERCIAL LENDING,Central District,0,1/28/2011,0,3,,WI,1,Wisconsin,7,FDIC,Chicago,516190,,0,205 East Washington Street,-89.219,,MC FARLAND,55025,"Madison-Janesville-Beloit, WI",Mc Farland,21,55025,,"Madison, WI",McFarland State Bank,Stoughton,WI,2019_2476_3
53558,DIF,NM,United States,53590,STATE,31540,474316,Wisconsin,4/1/2008,2019,State Agency,11,55,M,9,9863,United States,"NORTHERN BANKSHARES, INC.",0,3,0,428623,,Sun Prairie,ONE,CB,US_Streets,,STATE,0,,0,5990 Highway 51,357,32822,1204748,25,2476,43.185306,WI,4,CALL,0,Chicago,663647,Sun Prairie Branch,1,,Dane,COMMERCIAL LENDING,Central District,0,1/28/2011,0,7,,WI,1,Wisconsin,7,FDIC,Chicago,516190,,0,2580 Ironwood Drive,-89.263099,,MC FARLAND,55025,"Madison-Janesville-Beloit, WI",Mc Farland,21,55025,,"Madison, WI",McFarland State Bank,Sun Prairie,WI,2019_2476_7
53558,DIF,NM,United States,53562,STATE,31540,596308,Wisconsin,3/12/2018,2019,State Agency,11,55,EXACT,9,9863,United States,"NORTHERN BANKSHARES, INC.",0,3,0,428623,,Middleton,ONE,CB,100,N,STATE,0,,0,5990 Highway 51,357,0,1204748,25,2476,43.090089,WI,4,CALL,0,Chicago,663647,Mcfarland State Bank,1,,Dane,COMMERCIAL LENDING,Central District,0,,0,8,,WI,1,Wisconsin,7,FDIC,Chicago,516190,,0,8215 Greenway Blvd,-89.522883,,MC FARLAND,55025,"Madison-Janesville-Beloit, WI",Mc Farland,21,55025,,"Madison, WI",McFarland State Bank,Middleton,WI,2019_2476_8
53558,DIF,NM,United States,53589,STATE,31540,607080,Wisconsin,11/13/2018,2019,State Agency,11,55,STREETADDRESSEXT,9,9863,United States,"NORTHERN BANKSHARES, INC.",0,3,0,428623,,Stoughton,ONE,CB,99,,STATE,0,,0,5990 Highway 51,357,106509,1204748,25,2476,42.921439,WI,4,CALL,0,Chicago,663647,Kettle Park West Br,1,,Dane,COMMERCIAL LENDING,Central District,0,,0,9,,WI,1,Wisconsin,7,FDIC,Chicago,516190,,0,2401 Jackson Street,-89.250385,,MC FARLAND,55025,"Madison-Janesville-Beloit, WI",Mc Farland,21,55025,,"Madison, WI",McFarland State Bank,Stoughton,WI,2019_2476_9
53531,DIF,NM,United States,53531,STATE,31540,1628,Wisconsin,01/01/1887,2019,State Agency,11,55,M,9,14441,United States,DEERFIELD FINANCIAL CORPORATION,0,3,130973,130973,,Deerfield,ONE,CB,US_RoofTop,M,STATE,1,,0,15 South Main Street,357,115308,1416738,25,2477,43.052408,WI,4,CALL,0,Chicago,588245,Bank Of Deerfield,1,,Dane,COMMERCIAL LENDING,Central District,0,,0,0,,WI,1,Wisconsin,7,FDIC,Chicago,151446,,0,15 South Main Street,-89.075572,,DEERFIELD,55025,"Madison-Janesville-Beloit, WI",Deerfield,21,55025,,"Madison, WI",Bank of Deerfield,Deerfield,WI,2019_2477_0
53531,DIF,NM,United States,53531,STATE,31540,441384,Wisconsin,6/20/2005,2019,State Agency,11,55,M,9,14441,United States,DEERFIELD FINANCIAL CORPORATION,0,3,0,130973,,Deerfield,ONE,CB,US_RoofTop,,STATE,0,,0,15 South Main Street,357,15665,1416738,25,2477,43.030262,WI,4,CALL,0,Chicago,588245,Shaul Lane Branch,1,,Dane,COMMERCIAL LENDING,Central District,0,,0,1,,WI,1,Wisconsin,7,FDIC,Chicago,151446,,0,867 Shaul Lane,-89.075562,,DEERFIELD,55025,"Madison-Janesville-Beloit, WI",Deerfield,21,55025,,"Madison, WI",Bank of Deerfield,Deerfield,WI,2019_2477_1
54457,DIF,NM,United States,54457,STATE,0,1630,Wisconsin,12/13/1913,2019,State Agency,11,55,M,9,0,United States,"NEKOOSA PORT EDWARDS BANCORPORATION, INC.",0,3,178223,178223,,Nekoosa,ONE,CB,US_Streets,M,STATE,1,,0,405 Market Street,554,126812,1204074,141,2482,44.31524,WI,8,CALL,0,Chicago,791942,Nekoosa Port Edwards State Bank,0,,Wood,ALL OTHER < $1 BILLION,Central District,0,,1,0,,WI,1,Wisconsin,7,FDIC,Chicago,209959,,0,405 Market Street,-89.892393,,NEKOOSA,55141,"Wausau-Stevens Point-Wisconsin Rapids, WI",Nekoosa,21,55141,,,Nekoosa Port Edwards State Bank,Nekoosa,WI,2019_2482_0
54457,DIF,NM,United States,54469,STATE,0,192699,Wisconsin,5/17/1949,2019,State Agency,11,55,M,9,0,United States,"NEKOOSA PORT EDWARDS BANCORPORATION, INC.",0,3,0,178223,,Port Edwards,ONE,CB,US_Streets,,STATE,0,,0,405 Market Street,554,20699,1204074,141,2482,44.34294,WI,8,CALL,0,Chicago,791942,Port Edwards Branch,0,,Wood,ALL OTHER < $1 BILLION,Central District,0,,1,1,,WI,1,Wisconsin,7,FDIC,Chicago,209959,,0,240 Market Avenue,-89.8608,,NEKOOSA,55141,"Wausau-Stevens Point-Wisconsin Rapids, WI",Nekoosa,21,55141,,,Nekoosa Port Edwards State Bank,Port Edwards,WI,2019_2482_1
54457,DIF,NM,United States,54457,STATE,0,192700,Wisconsin,8/1/1990,2019,State Agency,11,55,M,9,0,United States,"NEKOOSA PORT EDWARDS BANCORPORATION, INC.",0,3,0,178223,,Nekoosa,ONE,CB,US_Streets,,STATE,0,,0,405 Market Street,0,30711,1204074,1,2482,44.195141,WI,8,CALL,0,Chicago,791942,Rome Lakes Branch,0,,Adams,ALL OTHER < $1 BILLION,Central District,0,,0,2,,WI,1,Wisconsin,7,FDIC,Chicago,209959,,0,383 Highway 13 South,-89.80826,,NEKOOSA,55141,,Nekoosa,21,55001,,,Nekoosa Port Edwards State Bank,Nekoosa,WI,2019_2482_2
53202,DIF,NM,United States,53202,STATE,33340,32550,Wisconsin,5/22/1985,2019,State Agency,11,55,EXACT,9,0,United States,BANKMANAGERS CORP.,0,3,815220,815220,,Milwaukee,ONE,CB,100,M,STATE,1,,0,330 East Kilbourn Avenue,376,319144,1201363,79,26218,43.04304,WI,4,CALL,0,Chicago,200640,Park Bank,1,,Milwaukee,COMMERCIAL LENDING,Central District,0,,0,0,,WI,1,Wisconsin,7,FDIC,Chicago,947534,,0,330 East Kilbourn Avenue,-87.907626,,MILWAUKEE,55079,"Milwaukee-Racine-Waukesha, WI",Milwaukee,21,55079,,"Milwaukee-Waukesha, WI",Park Bank,Milwaukee,WI,2019_26218_0
53202,DIF,NM,United States,53225,STATE,33340,361452,Wisconsin,1/22/2001,2019,State Agency,11,55,EXACT,9,0,United States,BANKMANAGERS CORP.,0,3,0,815220,,Milwaukee,ONE,CB,100,,STATE,0,,0,330 East Kilbourn Avenue,376,1385,1201363,79,26218,43.102192,WI,4,CALL,0,Chicago,200640,N 92nd St Branch,1,,Milwaukee,COMMERCIAL LENDING,Central District,0,,0,10,,WI,1,Wisconsin,7,FDIC,Chicago,947534,,0,4535 N 92nd St,-88.030194,,MILWAUKEE,55079,"Milwaukee-Racine-Waukesha, WI",Milwaukee,21,55079,,"Milwaukee-Waukesha, WI",Park Bank,Milwaukee,WI,2019_26218_10
53202,DIF,NM,United States,53005,STATE,33340,488799,Wisconsin,3/2/2009,2019,State Agency,11,55,M,9,0,United States,BANKMANAGERS CORP.,0,3,0,815220,,Brookfield,ONE,CB,US_Streets,,STATE,0,,0,330 East Kilbourn Avenue,376,272805,1201363,133,26218,43.0168,WI,4,CALL,0,Chicago,200640,Park Bank Brookfield,1,,Waukesha,COMMERCIAL LENDING,Central District,0,,0,12,,WI,1,Wisconsin,7,FDIC,Chicago,947534,,0,14870 West Greenfield Avenue,-88.097797,,MILWAUKEE,55079,"Milwaukee-Racine-Waukesha, WI",Milwaukee,21,55133,,"Milwaukee-Waukesha, WI",Park Bank,Brookfield,WI,2019_26218_12
53202,DIF,NM,United States,53216,STATE,33340,8547,Wisconsin,12/1/1915,2019,State Agency,11,55,M,9,0,United States,BANKMANAGERS CORP.,0,3,0,815220,,Milwaukee,ONE,CB,US_RoofTop,,STATE,0,,0,330 East Kilbourn Avenue,376,221886,1201363,79,26218,43.089989,WI,4,CALL,0,Chicago,200640,West Capitol Branch,1,,Milwaukee,COMMERCIAL LENDING,Central District,0,1/1/1988,0,2,,WI,1,Wisconsin,7,FDIC,Chicago,947534,,0,7540 West Capitol Drive,-88.006902,,MILWAUKEE,55079,"Milwaukee-Racine-Waukesha, WI",Milwaukee,21,55079,,"Milwaukee-Waukesha, WI",Park Bank,Milwaukee,WI,2019_26218_2
53202,DIF,NM,United States,53202,STATE,33340,258549,Wisconsin,9/12/1994,2019,State Agency,11,55,M,9,0,United States,BANKMANAGERS CORP.,0,3,0,815220,,Milwaukee,ONE,CB,US_Streets,C,STATE,0,0,0,330 East Kilbourn Avenue,376,0,1201363,79,26218,43.041191,WI,4,CALL,0,Chicago,200640,Wells Street Branch,1,,Milwaukee,COMMERCIAL LENDING,Central District,0,,0,5,,WI,1,Wisconsin,7,FDIC,Chicago,947534,,0,302 East Wells Street,-87.90803,,MILWAUKEE,55079,"Milwaukee-Racine-Waukesha, WI",Milwaukee,21,55079,,"Milwaukee-Waukesha, WI",Park Bank,Milwaukee,WI,2019_26218_5
54610,DIF,NM,United States,54610,STATE,0,35718,Wisconsin,6/20/1986,2019,State Agency,11,55,T,9,0,United States,DAIRYLAND BANK HOLDING CORPORATION,0,3,122425,122425,,Alma,ONE,CB,US_Streets,"M,E",STATE,1,0,0,211 Main Street,0,58181,2029368,11,26689,44.320438,WI,4,CALL,0,Chicago,564052,Bank Of Alma,0,,Buffalo,COMMERCIAL LENDING,Central District,0,,0,0,,WI,1,Wisconsin,9,FDIC,Minneapolis,233844,,0,211 Main Street,-91.914852,,LA CROSSE,55011,,Alma,21,55011,,,Bank of Alma,Alma,WI,2019_26689_0
54610,DIF,NM,United States,54756,STATE,0,228811,Wisconsin,10/13/1936,2019,State Agency,11,55,M,9,0,United States,DAIRYLAND BANK HOLDING CORPORATION,0,3,0,122425,,Nelson,ONE,CB,US_Streets,E,STATE,0,0,0,211 Main Street,0,16799,2029368,11,26689,44.420155,WI,4,CALL,0,Chicago,564052,Nelson Branch,0,,Buffalo,COMMERCIAL LENDING,Central District,0,6/20/1986,0,3,,WI,1,Wisconsin,9,FDIC,Minneapolis,233844,,0,N104 North Main Street,-92.008829,,LA CROSSE,55011,,Alma,21,55011,,,Bank of Alma,Nelson,WI,2019_26689_3
54610,DIF,NM,United States,54759,STATE,0,228812,Wisconsin,8/1/1944,2019,State Agency,11,55,M,9,0,United States,DAIRYLAND BANK HOLDING CORPORATION,0,3,0,122425,,Pepin,ONE,CB,US_Streets,E,STATE,0,0,0,211 Main Street,0,24949,2029368,91,26689,44.44003,WI,4,CALL,0,Chicago,564052,Pepin Branch,0,,Pepin,COMMERCIAL LENDING,Central District,0,6/20/1986,0,4,,WI,1,Wisconsin,9,FDIC,Minneapolis,233844,,0,Lake And Second,-92.148077,,LA CROSSE,55011,,Alma,21,55091,,,Bank of Alma,Pepin,WI,2019_26689_4
54610,DIF,NM,United States,55981,STATE,40340,59076,Wisconsin,8/24/1998,2019,State Agency,11,27,M,9,0,United States,DAIRYLAND BANK HOLDING CORPORATION,0,3,0,122425,,Wabasha,ONE,CB,US_Streets,E,STATE,0,0,0,211 Main Street,462,22494,2029368,157,26689,44.380347,WI,4,CALL,0,Chicago,564052,Wabasha County Bank/Branch,1,,Wabasha,COMMERCIAL LENDING,Central District,0,1/1/2004,0,5,,MN,1,Minnesota,9,FDIC,Minneapolis,233844,,0,730 Pembroke Avenue,-92.034466,,LA CROSSE,55011,"Rochester-Austin, MN",Alma,21,27157,,"Rochester, MN",Bank of Alma,Wabasha,WI,2019_26689_5
54556,DIF,NM,United States,54556,STATE,0,38652,Wisconsin,10/1/1987,2019,State Agency,11,55,M,9,0,,,0,3,41527,41527,,Prentice,NONE,CB,US_Streets,M,STATE,1,,0,450 Center Street,0,32955,0,99,27053,45.545756,WI,4,CALL,0,Chicago,47256,Community Financial Bank,0,,Price,COMMERCIAL LENDING,Central District,0,,0,0,,WI,1,Wisconsin,9,FDIC,Minneapolis,46444,,0,450 Center Street,-90.283316,,,55099,,Prentice,21,55099,,,Community Financial Bank,Prentice,,2019_27053_0
54556,DIF,NM,United States,54484,STATE,48140,473858,Wisconsin,3/17/2008,2019,State Agency,11,55,STREETADDRESS,9,0,,,0,3,0,41527,,Stratford,NONE,CB,100,,STATE,0,,0,450 Center Street,554,8572,0,73,27053,44.792804,WI,4,CALL,0,Chicago,47256,Stratford Branch,1,,Marathon,COMMERCIAL LENDING,Central District,0,,0,1,,WI,1,Wisconsin,9,FDIC,Minneapolis,46444,,0,212001 State Highway 97,-90.079107,,,55099,"Wausau-Stevens Point-Wisconsin Rapids, WI",Prentice,21,55073,,"Wausau-Weston, WI",Community Financial Bank,Stratford,,2019_27053_1
53095,DIF,NM,United States,53095,STATE,33340,41234,Wisconsin,1/1/1926,2019,State Agency,11,55,POINTADDRESS,9,17893,United States,"WESTBURY BANCORP, INC.",0,3,725430,725430,,West Bend,ONE,CB,100,M,STATE,1,,0,200 South Main Street,376,132404,4472249,131,28400,43.421648,WI,4,CALL,0,Chicago,524971,Westbury Bank,1,,Washington,COMMERCIAL LENDING,Central District,0,,0,0,,WI,1,Wisconsin,7,FDIC,Chicago,846609,,0,200 South Main Street,-88.181449,,WEST BEND,55131,"Milwaukee-Racine-Waukesha, WI",West Bend,21,55131,,"Milwaukee-Waukesha, WI",Westbury Bank,West Bend,WI,2019_28400_0
53095,DIF,NM,United States,53022,STATE,33340,267200,Wisconsin,1/1/1926,2019,State Agency,11,55,POINTADDRESS,9,17893,United States,"WESTBURY BANCORP, INC.",0,3,0,725430,,Germantown,ONE,CB,100,,STATE,0,,0,200 South Main Street,376,80193,4472249,131,28400,43.220912,WI,4,CALL,0,Chicago,524971,Germantown Branch,1,,Washington,COMMERCIAL LENDING,Central District,0,,0,1,,WI,1,Wisconsin,7,FDIC,Chicago,846609,,0,N112w17171 Mequon Road,-88.121991,,WEST BEND,55131,"Milwaukee-Racine-Waukesha, WI",West Bend,21,55131,,"Milwaukee-Waukesha, WI",Westbury Bank,Germantown,WI,2019_28400_1
53095,DIF,NM,United States,53095,STATE,33340,267205,Wisconsin,1/1/1926,2019,State Agency,11,55,M,9,17893,United States,"WESTBURY BANCORP, INC.",0,3,0,725430,,West Bend,ONE,CB,US_RoofTop,,STATE,0,,0,200 South Main Street,376,71081,4472249,131,28400,43.427189,WI,4,CALL,0,Chicago,524971,West Washington Branch,1,,Washington,COMMERCIAL LENDING,Central District,0,,0,101,,WI,1,Wisconsin,7,FDIC,Chicago,846609,,0,2501 West Washington Street,-88.21595,,WEST BEND,55131,"Milwaukee-Racine-Waukesha, WI",West Bend,21,55131,,"Milwaukee-Waukesha, WI",Westbury Bank,West Bend,WI,2019_28400_101
53095,DIF,NM,United States,53005,STATE,33340,266492,Wisconsin,1/1/1914,2019,State Agency,11,55,M,9,17893,United States,"WESTBURY BANCORP, INC.",0,3,0,725430,,Brookfield,ONE,CB,US_Streets,,STATE,0,,0,200 South Main Street,376,195910,4472249,133,28400,43.061045,WI,4,CALL,0,Chicago,524971,W North Ave Branch,1,,Waukesha,COMMERCIAL LENDING,Central District,0,12/31/2008,0,120,,WI,1,Wisconsin,7,FDIC,Chicago,846609,,0,17160 W North Ave,-88.124885,,WEST BEND,55131,"Milwaukee-Racine-Waukesha, WI",West Bend,21,55133,,"Milwaukee-Waukesha, WI",Westbury Bank,Brookfield,WI,2019_28400_120
53095,DIF,NM,United States,53027,STATE,33340,498681,Wisconsin,8/31/2006,2019,State Agency,11,55,M,9,17893,United States,"WESTBURY BANCORP, INC.",0,3,0,725430,,Hartford,ONE,CB,US_Streets,,STATE,0,,0,200 South Main Street,376,45096,4472249,131,28400,43.318039,WI,4,CALL,0,Chicago,524971,Hartford West Branch,1,,Washington,COMMERCIAL LENDING,Central District,0,,0,125,,WI,1,Wisconsin,7,FDIC,Chicago,846609,,0,25 S. Wacker Drive,-88.390171,,WEST BEND,55131,"Milwaukee-Racine-Waukesha, WI",West Bend,21,55131,,"Milwaukee-Waukesha, WI",Westbury Bank,Hartford,WI,2019_28400_125
53095,DIF,NM,United States,53086,STATE,33340,498684,Wisconsin,9/8/2006,2019,State Agency,11,55,M,9,17893,United States,"WESTBURY BANCORP, INC.",0,3,0,725430,,Slinger,ONE,CB,US_Streets,,STATE,0,,0,200 South Main Street,376,70381,4472249,131,28400,43.324454,WI,4,CALL,0,Chicago,524971,Slinger - Seven Hills Branch,1,,Washington,COMMERCIAL LENDING,Central District,0,,0,128,,WI,1,Wisconsin,7,FDIC,Chicago,846609,,0,1195 E. Commerce Blvd,-88.26571,,WEST BEND,55131,"Milwaukee-Racine-Waukesha, WI",West Bend,21,55131,,"Milwaukee-Waukesha, WI",Westbury Bank,Slinger,WI,2019_28400_128
53095,DIF,NM,United States,53703,STATE,31540,590020,Wisconsin,10/1/2016,2019,State Agency,23,55,PointAddress,9,17893,United States,"WESTBURY BANCORP, INC.",0,3,0,725430,,Madison,ONE,CB,100,,STATE,0,,0,200 South Main Street,357,8303,4472249,25,28400,43.06792,WI,4,CALL,0,Chicago,524971,Madison Branch,1,,Dane,COMMERCIAL LENDING,Central District,0,,0,130,,WI,1,Wisconsin,7,FDIC,Chicago,846609,,0,551 W Main St,-89.390911,,WEST BEND,55131,"Madison-Janesville-Beloit, WI",West Bend,21,55025,,"Madison, WI",Westbury Bank,Madison,WI,2019_28400_130
53095,DIF,NM,United States,53029,STATE,33340,610432,Wisconsin,2/15/2016,2019,State Agency,29,55,SUBADDRESS,9,17893,United States,"WESTBURY BANCORP, INC.",0,3,0,725430,,Hartland,ONE,CB,100,C,STATE,0,120,0,200 South Main Street,376,0,4472249,133,28400,43.093805,WI,4,CALL,0,Chicago,524971,Hartland Branch,1,,Waukesha,COMMERCIAL LENDING,Central District,0,,0,131,,WI,1,Wisconsin,7,FDIC,Chicago,846609,,0,810 Cardinal Lane Suite 210,-88.361452,,WEST BEND,55131,"Milwaukee-Racine-Waukesha, WI",West Bend,21,55133,,"Milwaukee-Waukesha, WI",Westbury Bank,Hartland,WI,2019_28400_131
53095,DIF,NM,United States,53040,STATE,33340,267201,Wisconsin,1/1/1926,2019,State Agency,11,55,M,9,17893,United States,"WESTBURY BANCORP, INC.",0,3,0,725430,,Kewaskum,ONE,CB,US_RoofTop,,STATE,0,,0,200 South Main Street,376,65115,4472249,131,28400,43.516294,WI,4,CALL,0,Chicago,524971,Kewaskum Branch,1,,Washington,COMMERCIAL LENDING,Central District,0,,0,2,,WI,1,Wisconsin,7,FDIC,Chicago,846609,,0,1052 Fond Du Lac Avenue,-88.225434,,WEST BEND,55131,"Milwaukee-Racine-Waukesha, WI",West Bend,21,55131,,"Milwaukee-Waukesha, WI",Westbury Bank,Kewaskum,WI,2019_28400_2
53095,DIF,NM,United States,53037,STATE,33340,267203,Wisconsin,1/1/1926,2019,State Agency,11,55,POINTADDRESS,9,17893,United States,"WESTBURY BANCORP, INC.",0,3,0,725430,,Jackson,ONE,CB,100,,STATE,0,,0,200 South Main Street,376,56947,4472249,131,28400,43.324446,WI,4,CALL,0,Chicago,524971,Jackson Branch,1,,Washington,COMMERCIAL LENDING,Central District,0,,0,4,,WI,1,Wisconsin,7,FDIC,Chicago,846609,,0,N168w21920 Main Street,-88.180319,,WEST BEND,55131,"Milwaukee-Racine-Waukesha, WI",West Bend,21,55131,,"Milwaukee-Waukesha, WI",Westbury Bank,Jackson,WI,2019_28400_4
53205,DIF,SL,United States,53205,STATE,33340,41314,Wisconsin,1/1/1924,2019,State Agency,11,55,M,9,1672,,,1,,20198,20198,,Milwaukee,NONE,SA,US_Streets,M,STATE,1,,0,2020 W Fond Du Lac Ave,376,20198,0,79,28480,43.060044,WI,4,CALL,0,Chicago,596277,Columbia Savings And Loan Association,1,,Milwaukee,COMMERCIAL LENDING,Other,0,,0,0,,WI,1,Wisconsin,7,FDIC,Chicago,22306,,0,2020 W Fond Du Lac Ave,-87.938051,,,55079,"Milwaukee-Racine-Waukesha, WI",Milwaukee,36,55079,,"Milwaukee-Waukesha, WI",Columbia Savings and Loan Association,Milwaukee,,2019_28480_0
53226,DIF,SB,United States,53226,STATE,33340,41347,Wisconsin,1/1/1921,2019,State Agency,11,55,M,9,1749,United States,"WATERSTONE FINANCIAL, INC.",0,3,1135067,1135067,,Milwaukee,ONE,SA,US_RoofTop,"M,N",STATE,1,,0,11200 West Plank Court,376,0,4523431,79,28513,43.047393,WI,4,CALL,0,Chicago,310978,"Waterstone Bank, Ssb",1,,Milwaukee,COMMERCIAL LENDING,Central District,0,,0,0,,WI,1,Wisconsin,7,FDIC,Chicago,2011008,,0,11200 West Plank Court,-88.052825,,WAUWATOSA,55079,"Milwaukee-Racine-Waukesha, WI",Wauwatosa,41,55079,,"Milwaukee-Waukesha, WI","WaterStone Bank, SSB",Wauwatosa,WI,2019_28513_0
53226,DIF,SB,United States,53154,STATE,33340,268036,Wisconsin,1/1/1921,2019,State Agency,11,55,M,9,1749,United States,"WATERSTONE FINANCIAL, INC.",0,3,0,1135067,,Oak Creek,ONE,SA,US_Streets,,STATE,0,,0,11200 West Plank Court,376,213693,4523431,79,28513,42.926369,WI,4,CALL,0,Chicago,310978,Oak Creek Branch,1,,Milwaukee,COMMERCIAL LENDING,Central District,0,,0,1,,WI,1,Wisconsin,7,FDIC,Chicago,2011008,,0,6560 S 27th Street,-87.949334,,WAUWATOSA,55079,"Milwaukee-Racine-Waukesha, WI",Wauwatosa,41,55079,,"Milwaukee-Waukesha, WI","WaterStone Bank, SSB",Oak Creek,WI,2019_28513_1
53226,DIF,SB,United States,53213,STATE,33340,359020,Wisconsin,12/1/2000,2019,State Agency,23,55,M,9,1749,United States,"WATERSTONE FINANCIAL, INC.",0,3,0,1135067,,Milwaukee,ONE,SA,US_RoofTop,C,STATE,0,106,0,11200 West Plank Court,376,0,4523431,79,28513,43.047826,WI,4,CALL,0,Chicago,310978,State Street Drive Up Facility Branch,1,,Milwaukee,COMMERCIAL LENDING,Central District,0,,0,103,,WI,1,Wisconsin,7,FDIC,Chicago,2011008,,0,7136 West State Street,-88.001897,,WAUWATOSA,55079,"Milwaukee-Racine-Waukesha, WI",Wauwatosa,41,55079,,"Milwaukee-Waukesha, WI","WaterStone Bank, SSB",Wauwatosa,WI,2019_28513_103
53226,DIF,SB,United States,53066,STATE,33340,418528,Wisconsin,3/10/2003,2019,State Agency,11,55,STREETNAME,9,1749,United States,"WATERSTONE FINANCIAL, INC.",0,3,0,1135067,,Oconomowoc,ONE,SA,100,,STATE,0,,0,11200 West Plank Court,376,39909,4523431,133,28513,43.074001,WI,4,CALL,0,Chicago,310978,Oconomowoc Branch,1,,Waukesha,COMMERCIAL LENDING,Central District,0,,0,105,,WI,1,Wisconsin,7,FDIC,Chicago,2011008,,0,1239-45 Oconomowoc Drive,-88.472531,,WAUWATOSA,55079,"Milwaukee-Racine-Waukesha, WI",Wauwatosa,41,55133,,"Milwaukee-Waukesha, WI","WaterStone Bank, SSB",Oconomowoc,WI,2019_28513_105
53226,DIF,SB,United States,53213,STATE,33340,418915,Wisconsin,4/16/2003,2019,State Agency,11,55,M,9,1749,United States,"WATERSTONE FINANCIAL, INC.",0,3,0,1135067,,Milwaukee,ONE,SA,US_RoofTop,,STATE,0,,0,11200 West Plank Court,376,268445,4523431,79,28513,43.049173,WI,4,CALL,0,Chicago,310978,Wauwatosa State Street Office,1,,Milwaukee,COMMERCIAL LENDING,Central District,0,,0,106,,WI,1,Wisconsin,7,FDIC,Chicago,2011008,,0,7500 West State Street,-88.007068,,WAUWATOSA,55079,"Milwaukee-Racine-Waukesha, WI",Wauwatosa,41,55079,,"Milwaukee-Waukesha, WI","WaterStone Bank, SSB",Wauwatosa,WI,2019_28513_106
53226,DIF,SB,United States,53072,STATE,33340,428796,Wisconsin,6/1/2004,2019,State Agency,11,55,M,9,1749,United States,"WATERSTONE FINANCIAL, INC.",0,3,0,1135067,,Pewaukee,ONE,SA,US_Streets,,STATE,0,,0,11200 West Plank Court,376,79950,4523431,133,28513,43.084504,WI,4,CALL,0,Chicago,310978,George Towne Drive Branch,1,,Waukesha,COMMERCIAL LENDING,Central District,0,,0,107,,WI,1,Wisconsin,7,FDIC,Chicago,2011008,,0,1230 George Towne Drive,-88.239328,,WAUWATOSA,55079,"Milwaukee-Racine-Waukesha, WI",Wauwatosa,41,55133,,"Milwaukee-Waukesha, WI","WaterStone Bank, SSB",Pewaukee,WI,2019_28513_107
53226,DIF,SB,United States,53005,STATE,33340,444621,Wisconsin,9/12/2005,2019,State Agency,11,55,STREETNAME,9,1749,United States,"WATERSTONE FINANCIAL, INC.",0,3,0,1135067,,Brookfield,ONE,SA,100,,STATE,0,,0,11200 West Plank Court,376,114026,4523431,133,28513,43.036764,WI,4,CALL,0,Chicago,310978,Brookfield Branch,1,,Waukesha,COMMERCIAL LENDING,Central District,0,,0,108,,WI,1,Wisconsin,7,FDIC,Chicago,2011008,,0,21505 Highway 18,-88.117219,,WAUWATOSA,55079,"Milwaukee-Racine-Waukesha, WI",Wauwatosa,41,55133,,"Milwaukee-Waukesha, WI","WaterStone Bank, SSB",Brookfield,WI,2019_28513_108
53226,DIF,SB,United States,53132,STATE,33340,454794,Wisconsin,8/28/2006,2019,State Agency,11,55,M,9,1749,United States,"WATERSTONE FINANCIAL, INC.",0,3,0,1135067,,Franklin,ONE,SA,US_Streets,,STATE,0,,0,11200 West Plank Court,376,125444,4523431,79,28513,42.927649,WI,4,CALL,0,Chicago,310978,Franklin Branch,1,,Milwaukee,COMMERCIAL LENDING,Central District,0,,0,109,,WI,1,Wisconsin,7,FDIC,Chicago,2011008,,0,6555 South 108th Street,-88.048643,,WAUWATOSA,55079,"Milwaukee-Racine-Waukesha, WI",Wauwatosa,41,55079,,"Milwaukee-Waukesha, WI","WaterStone Bank, SSB",Franklin,WI,2019_28513_109
53226,DIF,SB,United States,53214,STATE,33340,461641,Wisconsin,3/19/2007,2019,State Agency,11,55,M,9,1749,United States,"WATERSTONE FINANCIAL, INC.",0,3,0,1135067,,Milwaukee,ONE,SA,US_RoofTop,,STATE,0,,0,11200 West Plank Court,376,76128,4523431,79,28513,43.01637,WI,4,CALL,0,Chicago,310978,West Allis Branch,1,,Milwaukee,COMMERCIAL LENDING,Central District,0,,0,110,,WI,1,Wisconsin,7,FDIC,Chicago,2011008,,0,10101 West Greenfield Avenue,-88.038972,,WAUWATOSA,55079,"Milwaukee-Racine-Waukesha, WI",Wauwatosa,41,55079,,"Milwaukee-Waukesha, WI","WaterStone Bank, SSB",West Allis,WI,2019_28513_110
53226,DIF,SB,United States,53022,STATE,33340,465429,Wisconsin,11/13/2006,2019,State Agency,11,55,M,9,1749,United States,"WATERSTONE FINANCIAL, INC.",0,3,0,1135067,,Germantown,ONE,SA,US_Zipcode,,STATE,0,,0,11200 West Plank Court,376,103103,4523431,131,28513,43.231016,WI,4,CALL,0,Chicago,310978,Germantown Branch,1,,Washington,COMMERCIAL LENDING,Central District,0,,0,111,,WI,1,Wisconsin,7,FDIC,Chicago,2011008,,0,W188 N9820 Appleton Ave,-88.111702,,WAUWATOSA,55079,"Milwaukee-Racine-Waukesha, WI",Wauwatosa,41,55131,,"Milwaukee-Waukesha, WI","WaterStone Bank, SSB",Germantown,WI,2019_28513_111
53226,DIF,SB,United States,53045,STATE,33340,546111,Wisconsin,1/7/2014,2019,State Agency,11,55,PointAddress,9,1749,United States,"WATERSTONE FINANCIAL, INC.",0,3,0,1135067,,Brookfield,ONE,SA,90.75,,STATE,0,,0,11200 West Plank Court,376,38630,4523431,133,28513,43.090072,WI,4,CALL,0,Chicago,310978,Brookfield Wi Branch,1,,Waukesha,COMMERCIAL LENDING,Central District,0,,0,112,,WI,1,Wisconsin,7,FDIC,Chicago,2011008,,0,"17495 Capital Drive, Unit O",-88.129462,,WAUWATOSA,55079,"Milwaukee-Racine-Waukesha, WI",Wauwatosa,41,55133,,"Milwaukee-Waukesha, WI","WaterStone Bank, SSB",Brookfield,WI,2019_28513_112
53226,DIF,SB,United States,53220,STATE,33340,572627,Wisconsin,10/5/2015,2019,State Agency,11,55,POINTADDRESS,9,1749,United States,"WATERSTONE FINANCIAL, INC.",0,3,0,1135067,,Milwaukee,ONE,SA,100,,STATE,0,,0,11200 West Plank Court,376,44698,4523431,79,28513,42.952143,WI,4,CALL,0,Chicago,310978,Greenfield Branch,1,,Milwaukee,COMMERCIAL LENDING,Central District,0,,0,113,,WI,1,Wisconsin,7,FDIC,Chicago,2011008,,0,5000 West Loomis Road,-87.977701,,WAUWATOSA,55079,"Milwaukee-Racine-Waukesha, WI",Wauwatosa,41,55079,,"Milwaukee-Waukesha, WI","WaterStone Bank, SSB",Greenfield,WI,2019_28513_113
53226,DIF,SB,United States,53217,STATE,33340,572714,Wisconsin,10/19/2015,2019,State Agency,11,55,PointAddress,9,1749,United States,"WATERSTONE FINANCIAL, INC.",0,3,0,1135067,,Milwaukee,ONE,SA,100,,STATE,0,,0,11200 West Plank Court,376,31041,4523431,79,28513,43.1732,WI,4,CALL,0,Chicago,310978,Fox Point Branch,1,,Milwaukee,COMMERCIAL LENDING,Central District,0,,0,114,,WI,1,Wisconsin,7,FDIC,Chicago,2011008,,0,8607 North Port Washington Road,-87.913241,,WAUWATOSA,55079,"Milwaukee-Racine-Waukesha, WI",Wauwatosa,41,55079,,"Milwaukee-Waukesha, WI","WaterStone Bank, SSB",Fox Point,WI,2019_28513_114
54449,DIF,SB,United States,54449,STATE,0,41364,Wisconsin,1/1/1919,2019,State Agency,11,55,StreetAddress,9,1781,United States,FORWARD MUTUAL HOLDING COMPANY,0,3,495059,495059,,Marshfield,ONE,SA,100,M,STATE,1,,0,1001 North Central Avenue,554,173073,3851388,141,28530,44.675973,WI,2,CALL,0,Chicago,313577,Forward Bank,0,,Wood,AGRICULTURAL,Central District,0,,1,0,,WI,1,Wisconsin,7,FDIC,Chicago,581588,,0,1001 North Central Avenue,-90.167066,,MARSHFIELD,55141,"Wausau-Stevens Point-Wisconsin Rapids, WI",Marshfield,41,55141,,,Forward Bank,Marshfield,WI,2019_28530_0
54449,DIF,SB,United States,54437,STATE,0,8255,Wisconsin,10/14/1912,2019,State Agency,11,55,M,9,1781,United States,FORWARD MUTUAL HOLDING COMPANY,0,3,0,495059,,Greenwood,ONE,SA,US_Streets,,STATE,0,,0,1001 North Central Avenue,0,41842,3851388,19,28530,44.765353,WI,2,CALL,0,Chicago,313577,Greenwood Branch,0,,Clark,AGRICULTURAL,Central District,0,10/12/2007,0,102,,WI,1,Wisconsin,7,FDIC,Chicago,581588,,0,212 South Main Street,-90.598067,,MARSHFIELD,55141,,Marshfield,41,55019,,,Forward Bank,Greenwood,WI,2019_28530_102
54449,DIF,SB,United States,54498,STATE,0,8092,Wisconsin,10/15/1902,2019,State Agency,11,55,M,9,1781,United States,FORWARD MUTUAL HOLDING COMPANY,0,3,0,495059,,Withee,ONE,SA,US_Streets,,STATE,0,,0,1001 North Central Avenue,0,33543,3851388,19,28530,44.958759,WI,2,CALL,0,Chicago,313577,Withee Branch,0,,Clark,AGRICULTURAL,Central District,0,12/6/2008,0,103,,WI,1,Wisconsin,7,FDIC,Chicago,581588,,0,410 Division Street,-90.597764,,MARSHFIELD,55141,,Marshfield,41,55019,,,Forward Bank,Withee,WI,2019_28530_103
54449,DIF,SB,United States,54771,STATE,0,227867,Wisconsin,9/27/1989,2019,State Agency,11,55,M,9,1781,United States,FORWARD MUTUAL HOLDING COMPANY,0,3,0,495059,,Thorp,ONE,SA,US_Streets,,STATE,0,,0,1001 North Central Avenue,0,42311,3851388,19,28530,44.959068,WI,2,CALL,0,Chicago,313577,Thorp Branch,0,,Clark,AGRICULTURAL,Central District,0,12/6/2008,0,104,,WI,1,Wisconsin,7,FDIC,Chicago,581588,,0,105 South Washington Street,-90.800378,,MARSHFIELD,55141,,Marshfield,41,55019,,,Forward Bank,Thorp,WI,2019_28530_104
54449,DIF,SB,United States,54768,STATE,20740,462262,Wisconsin,3/26/2007,2019,State Agency,21,55,POINTADDRESS,9,1781,United States,FORWARD MUTUAL HOLDING COMPANY,0,3,0,495059,,Stanley,ONE,SA,98.84,N,STATE,0,,0,1001 North Central Avenue,232,0,3851388,17,28530,44.957295,WI,2,CALL,0,Chicago,313577,Stanley Branch,1,,Chippewa,AGRICULTURAL,Central District,0,12/6/2008,0,106,,WI,1,Wisconsin,7,FDIC,Chicago,581588,,0,240 South Broadway,-90.937689,,MARSHFIELD,55141,"Eau Claire-Menomonie, WI",Marshfield,41,55017,,"Eau Claire, WI",Forward Bank,Stanley,WI,2019_28530_106
54449,DIF,SB,United States,54421,STATE,48140,8540,Wisconsin,6/12/1912,2019,State Agency,11,55,M,9,1781,United States,FORWARD MUTUAL HOLDING COMPANY,0,3,0,495059,,Colby,ONE,SA,US_Streets,,STATE,0,,0,1001 North Central Avenue,554,30510,3851388,73,28530,44.923593,WI,2,CALL,0,Chicago,313577,Colby Branch,1,,Marathon,AGRICULTURAL,Central District,0,2/1/2013,0,108,,WI,1,Wisconsin,7,FDIC,Chicago,581588,,0,1122 Division Street,-90.315431,,MARSHFIELD,55141,"Wausau-Stevens Point-Wisconsin Rapids, WI",Marshfield,41,55073,,"Wausau-Weston, WI",Forward Bank,Colby,WI,2019_28530_108
54449,DIF,SB,United States,54451,STATE,0,556643,Wisconsin,6/30/2014,2019,State Agency,11,55,POINTADDRESS,9,1781,United States,FORWARD MUTUAL HOLDING COMPANY,0,3,0,495059,,Medford,ONE,SA,100,,STATE,0,,0,1001 North Central Avenue,0,42623,3851388,119,28530,45.1305,WI,2,CALL,0,Chicago,313577,Medford Wi Branch,0,,Taylor,AGRICULTURAL,Central District,0,,0,111,,WI,1,Wisconsin,7,FDIC,Chicago,581588,,0,721 South 8th Street,-90.332247,,MARSHFIELD,55141,,Marshfield,41,55119,,,Forward Bank,Medford,WI,2019_28530_111
54449,DIF,SB,United States,54768,STATE,20740,586234,Wisconsin,12/2/2016,2019,State Agency,11,55,POINTADDRESS,9,1781,United States,FORWARD MUTUAL HOLDING COMPANY,0,3,0,495059,,Stanley,ONE,SA,98.84,,STATE,0,,0,1001 North Central Avenue,232,18324,3851388,17,28530,44.957295,WI,2,CALL,0,Chicago,313577,Stanley Office,1,,Chippewa,AGRICULTURAL,Central District,0,,0,112,,WI,1,Wisconsin,7,FDIC,Chicago,581588,,0,240 South Broadway,-90.937689,,MARSHFIELD,55141,"Eau Claire-Menomonie, WI",Marshfield,41,55017,,"Eau Claire, WI",Forward Bank,Stanley,WI,2019_28530_112
54449,DIF,SB,United States,54552,STATE,0,3616,Wisconsin,2/26/1914,2019,State Agency,11,55,M,9,1781,United States,FORWARD MUTUAL HOLDING COMPANY,0,3,0,495059,,Park Falls,ONE,SA,US_Streets,,STATE,0,,0,1001 North Central Avenue,0,84181,3851388,99,28530,45.935056,WI,2,CALL,0,Chicago,313577,Park Falls Branch,0,,Price,AGRICULTURAL,Central District,0,5/3/2019,0,114,,WI,1,Wisconsin,7,FDIC,Chicago,581588,,0,Second Avenue And Division Street,-90.449058,,MARSHFIELD,55141,,Marshfield,41,55099,,,Forward Bank,Park Falls,WI,2019_28530_114
54449,DIF,SB,United States,54555,STATE,0,207626,Wisconsin,12/4/1989,2019,State Agency,11,55,M,9,1781,United States,FORWARD MUTUAL HOLDING COMPANY,0,3,0,495059,,Phillips,ONE,SA,100,,STATE,0,,0,1001 North Central Avenue,0,26979,3851388,99,28530,45.692428,WI,2,CALL,0,Chicago,313577,Phillips Branch,0,,Price,AGRICULTURAL,Central District,0,5/3/2019,0,115,,WI,1,Wisconsin,7,FDIC,Chicago,581588,,0,366 North Lake Avenue,-90.400598,,MARSHFIELD,55141,,Marshfield,41,55099,,,Forward Bank,Phillips,WI,2019_28530_115
54449,DIF,SB,United States,54552,STATE,0,356999,Wisconsin,5/8/2000,2019,State Agency,11,55,M,9,1781,United States,FORWARD MUTUAL HOLDING COMPANY,0,3,0,495059,,Park Falls,ONE,SA,US_Streets,,STATE,0,,0,1001 North Central Avenue,0,1673,3851388,99,28530,45.915911,WI,2,CALL,0,Chicago,313577,Park Falls - South Office,0,,Price,AGRICULTURAL,Central District,0,5/3/2019,0,116,,WI,1,Wisconsin,7,FDIC,Chicago,581588,,0,1142 4th Avenue South,-90.450649,,MARSHFIELD,55141,,Marshfield,41,55099,,,Forward Bank,Park Falls,WI,2019_28530_116
53226,DIF,SB,United States,53226,STATE,33340,41448,Wisconsin,1/1/1927,2019,State Agency,11,55,M,9,1954,United States,TEB MHC,0,3,243296,243296,,Milwaukee,ONE,SA,US_RoofTop,M,STATE,1,,0,2290 North Mayfair Road,376,55273,5301533,79,28614,43.058689,WI,4,CALL,0,Chicago,336576,"The Equitable Bank, S.S.B.",1,,Milwaukee,COMMERCIAL LENDING,Central District,0,,0,0,,WI,1,Wisconsin,7,FDIC,Chicago,312218,,0,2290 North Mayfair Road,-88.047525,,WAUWATOSA,55079,"Milwaukee-Racine-Waukesha, WI",Wauwatosa,41,55079,,"Milwaukee-Waukesha, WI","The Equitable Bank, S.S.B.",Wauwatosa,WI,2019_28614_0
53226,DIF,SB,United States,53219,STATE,33340,42029,Wisconsin,1/1/1927,2019,State Agency,11,55,M,9,1954,United States,TEB MHC,0,3,0,243296,,Milwaukee,ONE,SA,US_RoofTop,,STATE,0,,0,2290 North Mayfair Road,376,54360,5301533,79,28614,42.988362,WI,4,CALL,0,Chicago,336576,West Allis Branch,1,,Milwaukee,COMMERCIAL LENDING,Central District,0,10/1/1991,0,108,,WI,1,Wisconsin,7,FDIC,Chicago,312218,,0,7400 West Oklahoma Avenue,-88.005512,,WAUWATOSA,55079,"Milwaukee-Racine-Waukesha, WI",Wauwatosa,41,55079,,"Milwaukee-Waukesha, WI","The Equitable Bank, S.S.B.",West Allis,WI,2019_28614_108
53226,DIF,SB,United States,53130,STATE,33340,42902,Wisconsin,1/1/1927,2019,State Agency,11,55,M,9,1954,United States,TEB MHC,0,3,0,243296,,Hales Corners,ONE,SA,US_RoofTop,,STATE,0,,0,2290 North Mayfair Road,376,45834,5301533,79,28614,42.949399,WI,4,CALL,0,Chicago,336576,Hales Corners Branch,1,,Milwaukee,COMMERCIAL LENDING,Central District,0,10/31/1982,0,112,,WI,1,Wisconsin,7,FDIC,Chicago,312218,,0,5225 South 108th Street,-88.048355,,WAUWATOSA,55079,"Milwaukee-Racine-Waukesha, WI",Wauwatosa,41,55079,,"Milwaukee-Waukesha, WI","The Equitable Bank, S.S.B.",Hales Corners,WI,2019_28614_112
53226,DIF,SB,United States,53217,STATE,33340,433184,Wisconsin,11/1/2004,2019,State Agency,11,55,M,9,1954,United States,TEB MHC,0,3,0,243296,,Milwaukee,ONE,SA,US_RoofTop,,STATE,0,,0,2290 North Mayfair Road,376,39560,5301533,79,28614,43.11846,WI,4,CALL,0,Chicago,336576,Whitefish Bay Branch,1,,Milwaukee,COMMERCIAL LENDING,Central District,0,,0,113,,WI,1,Wisconsin,7,FDIC,Chicago,312218,,0,705 East Silver Spring Drive,-87.901956,,WAUWATOSA,55079,"Milwaukee-Racine-Waukesha, WI",Wauwatosa,41,55079,,"Milwaukee-Waukesha, WI","The Equitable Bank, S.S.B.",Whitefish Bay,WI,2019_28614_113
53226,DIF,SB,United States,53018,STATE,33340,465495,Wisconsin,7/12/2007,2019,State Agency,11,55,M,9,1954,United States,TEB MHC,0,3,0,243296,,Delafield,ONE,SA,US_Zipcode,,STATE,0,,0,2290 North Mayfair Road,376,18372,5301533,133,28614,43.043076,WI,4,CALL,0,Chicago,336576,Delafield Branch,1,,Waukesha,COMMERCIAL LENDING,Central District,0,,0,115,,WI,1,Wisconsin,7,FDIC,Chicago,312218,,0,N15 W30921 Golf Road,-88.395281,,WAUWATOSA,55079,"Milwaukee-Racine-Waukesha, WI",Wauwatosa,41,55133,,"Milwaukee-Waukesha, WI","The Equitable Bank, S.S.B.",Delafield,WI,2019_28614_115
53226,DIF,SB,United States,53185,STATE,39540,470478,Wisconsin,1/21/2008,2019,State Agency,11,55,M,9,1954,United States,TEB MHC,0,3,0,243296,,Waterford,ONE,SA,US_Zipcode,,STATE,0,,0,2290 North Mayfair Road,376,29898,5301533,101,28614,42.794069,WI,4,CALL,0,Chicago,336576,Waterford Branch,1,,Racine,COMMERCIAL LENDING,Central District,0,,0,116,,WI,1,Wisconsin,7,FDIC,Chicago,312218,,0,701 Trailview Court,-88.193316,,WAUWATOSA,55079,"Milwaukee-Racine-Waukesha, WI",Wauwatosa,41,55101,,"Racine, WI","The Equitable Bank, S.S.B.",Waterford,WI,2019_28614_116
53005,DIF,SB,United States,53005,OCC,33340,41513,Wisconsin,1/1/1923,2019,Comptroller of the Currency,11,55,M,9,2130,,,0,3,1756222,1756222,,Brookfield,NONE,SA,US_RoofTop,M,FED,1,,0,15700 West Bluemound Road,376,168280,0,133,28679,43.036156,WI,4,CALL,0,Chicago,376273,"North Shore Bank, Fsb",1,,Waukesha,COMMERCIAL LENDING,Central District,0,,0,0,,WI,1,Wisconsin,7,OCC,Chicago,2047042,,0,15700 West Bluemound Road,-88.107756,,,55133,"Milwaukee-Racine-Waukesha, WI",Brookfield,34,55133,,"Milwaukee-Waukesha, WI","North Shore Bank, FSB",Brookfield,,2019_28679_0
53005,DIF,SB,United States,53227,OCC,33340,269943,Wisconsin,1/1/1923,2019,Comptroller of the Currency,11,55,M,9,2130,,,0,3,0,1756222,,Milwaukee,NONE,SA,US_RoofTop,,FED,0,,0,15700 West Bluemound Road,376,52160,0,79,28679,42.988131,WI,4,CALL,0,Chicago,376273,9131 W Oklahoma Ave Branch,1,,Milwaukee,COMMERCIAL LENDING,Central District,0,,0,1,,WI,1,Wisconsin,7,OCC,Chicago,2047042,,0,9131 W Oklahoma Ave,-88.026959,,,55133,"Milwaukee-Racine-Waukesha, WI",Brookfield,34,55079,,"Milwaukee-Waukesha, WI","North Shore Bank, FSB",Milwaukee,,2019_28679_1
53005,DIF,SB,United States,53005,OCC,33340,269949,Wisconsin,1/1/1923,2019,Comptroller of the Currency,11,55,M,9,2130,,,0,3,0,1756222,,Brookfield,NONE,SA,US_RoofTop,,FED,0,,0,15700 West Bluemound Road,376,86859,0,133,28679,43.089885,WI,4,CALL,0,Chicago,376273,15830 W Capitol Dr Branch,1,,Waukesha,COMMERCIAL LENDING,Central District,0,,0,102,,WI,1,Wisconsin,7,OCC,Chicago,2047042,,0,15830 W. Capitol Dr.,-88.109034,,,55133,"Milwaukee-Racine-Waukesha, WI",Brookfield,34,55133,,"Milwaukee-Waukesha, WI","North Shore Bank, FSB",Brookfield,,2019_28679_102
53005,DIF,SB,United States,53217,OCC,33340,269950,Wisconsin,1/1/1923,2019,Comptroller of the Currency,11,55,POINTADDRESS,9,2130,,,0,3,0,1756222,,Milwaukee,NONE,SA,100,,FED,0,,0,15700 West Bluemound Road,376,27448,0,79,28679,43.118571,WI,4,CALL,0,Chicago,376273,North Shore Bank Branch,1,,Milwaukee,COMMERCIAL LENDING,Central District,0,,0,103,,WI,1,Wisconsin,7,OCC,Chicago,2047042,,0,403 West Silver Spring Drive,-87.914263,,,55133,"Milwaukee-Racine-Waukesha, WI",Brookfield,34,55079,,"Milwaukee-Waukesha, WI","North Shore Bank, FSB",Glendale,,2019_28679_103
53005,DIF,SB,United States,53406,OCC,39540,269953,Wisconsin,1/1/1923,2019,Comptroller of the Currency,11,55,M,9,2130,,,0,3,0,1756222,,Racine,NONE,SA,US_Streets,,FED,0,,0,15700 West Bluemound Road,376,39889,0,101,28679,42.718489,WI,4,CALL,0,Chicago,376273,4923 Washington Ave Branch,1,,Racine,COMMERCIAL LENDING,Central District,0,,0,108,,WI,1,Wisconsin,7,OCC,Chicago,2047042,,0,4923 Washington Ave,-87.838338,,,55133,"Milwaukee-Racine-Waukesha, WI",Brookfield,34,55101,,"Racine, WI","North Shore Bank, FSB",Racine,,2019_28679_108
53005,DIF,SB,United States,53402,OCC,39540,269954,Wisconsin,1/1/1923,2019,Comptroller of the Currency,11,55,M,9,2130,,,0,3,0,1756222,,Racine,NONE,SA,US_Streets,,FED,0,,0,15700 West Bluemound Road,376,31129,0,101,28679,42.76842,WI,4,CALL,0,Chicago,376273,3911 N Main St Branch,1,,Racine,COMMERCIAL LENDING,Central District,0,,0,109,,WI,1,Wisconsin,7,OCC,Chicago,2047042,,0,3911 N Main St,-87.781844,,,55133,"Milwaukee-Racine-Waukesha, WI",Brookfield,34,55101,,"Racine, WI","North Shore Bank, FSB",Racine,,2019_28679_109
53005,DIF,SB,United States,53105,OCC,39540,269956,Wisconsin,1/1/1923,2019,Comptroller of the Currency,11,55,M,9,2130,,,0,3,0,1756222,,Burlington,NONE,SA,US_RoofTop,,FED,0,,0,15700 West Bluemound Road,376,30764,0,101,28679,42.677065,WI,4,CALL,0,Chicago,376273,S Pine St Branch,1,,Racine,COMMERCIAL LENDING,Central District,0,,0,111,,WI,1,Wisconsin,7,OCC,Chicago,2047042,,0,116 S Pine St,-88.274522,,,55133,"Milwaukee-Racine-Waukesha, WI",Brookfield,34,55101,,"Racine, WI","North Shore Bank, FSB",Burlington,,2019_28679_111
53005,DIF,SB,United States,53406,OCC,39540,269957,Wisconsin,6/30/1985,2019,Comptroller of the Currency,11,55,M,9,2130,,,0,3,0,1756222,,Racine,NONE,SA,US_RoofTop,,FED,0,,0,15700 West Bluemound Road,376,30475,0,101,28679,42.697232,WI,4,CALL,0,Chicago,376273,5723 Durand Branch,1,,Racine,COMMERCIAL LENDING,Central District,0,,0,112,,WI,1,Wisconsin,7,OCC,Chicago,2047042,,0,5723 Durand Ave.,-87.849029,,,55133,"Milwaukee-Racine-Waukesha, WI",Brookfield,34,55101,,"Racine, WI","North Shore Bank, FSB",Racine,,2019_28679_112
53005,DIF,SB,United States,54235,OCC,0,280183,Wisconsin,1/1/1919,2019,Comptroller of the Currency,11,55,M,9,2130,,,0,3,0,1756222,,Sturgeon Bay,NONE,SA,US_Streets,,FED,0,,0,15700 West Bluemound Road,0,55605,0,29,28679,44.837192,WI,4,CALL,0,Chicago,376273,225 N Fifth Ave Branch,0,,Door,COMMERCIAL LENDING,Central District,0,12/31/1987,0,115,,WI,1,Wisconsin,7,OCC,Chicago,2047042,,0,225 N Fifth Ave,-87.375663,,,55133,,Brookfield,34,55029,,,"North Shore Bank, FSB",Sturgeon Bay,,2019_28679_115
53005,DIF,SB,United States,54301,OCC,24580,269960,Wisconsin,6/30/1988,2019,Comptroller of the Currency,11,55,M,9,2130,,,0,3,0,1756222,,Green Bay,NONE,SA,US_Streets,,FED,0,,0,15700 West Bluemound Road,267,39065,0,9,28679,44.480296,WI,4,CALL,0,Chicago,376273,2300 South Webster Avenue Branch,1,,Brown,COMMERCIAL LENDING,Central District,0,,0,116,,WI,1,Wisconsin,7,OCC,Chicago,2047042,,0,2300 South Webster Avenue,-88.024766,,,55133,"Green Bay-Shawano, WI",Brookfield,34,55009,,"Green Bay, WI","North Shore Bank, FSB",Green Bay,,2019_28679_116
53005,DIF,SB,United States,54234,OCC,0,280186,Wisconsin,1/1/1919,2019,Comptroller of the Currency,11,55,M,9,2130,,,0,3,0,1756222,,Sister Bay,NONE,SA,US_Zipcode,,FED,0,,0,15700 West Bluemound Road,0,23136,0,29,28679,45.178474,WI,4,CALL,0,Chicago,376273,944 S Bay Shore Dr Branch,0,,Door,COMMERCIAL LENDING,Central District,0,12/31/1987,0,119,,WI,1,Wisconsin,7,OCC,Chicago,2047042,,0,2614 S. Bay Shore Dr.,-87.105371,,,55133,,Brookfield,34,55029,,,"North Shore Bank, FSB",Sister Bay,,2019_28679_119
53005,DIF,SB,United States,54162,OCC,24580,280188,Wisconsin,1/1/1919,2019,Comptroller of the Currency,11,55,POINTADDRESS,9,2130,,,0,3,0,1756222,,Pulaski,NONE,SA,100,,FED,0,,0,15700 West Bluemound Road,267,33612,0,9,28679,44.674297,WI,4,CALL,0,Chicago,376273,165 N Augustine St Branch,1,,Brown,COMMERCIAL LENDING,Central District,0,12/31/1987,0,121,,WI,1,Wisconsin,7,OCC,Chicago,2047042,,0,165 N Saint Augustine St,-88.24243,,,55133,"Green Bay-Shawano, WI",Brookfield,34,55009,,"Green Bay, WI","North Shore Bank, FSB",Pulaski,,2019_28679_121
53005,DIF,SB,United States,54307,OCC,24580,269961,Wisconsin,6/30/1988,2019,Comptroller of the Currency,11,55,M,9,2130,,,0,3,0,1756222,,Green Bay,NONE,SA,US_RoofTop,,FED,0,,0,15700 West Bluemound Road,267,19231,0,9,28679,44.491707,WI,4,CALL,0,Chicago,376273,2215 S Oneida Branch,1,,Brown,COMMERCIAL LENDING,Central District,0,,0,123,,WI,1,Wisconsin,7,OCC,Chicago,2047042,,0,2215 S Oneida St,-88.063491,,,55133,"Green Bay-Shawano, WI",Brookfield,34,55009,,"Green Bay, WI","North Shore Bank, FSB",Green Bay,,2019_28679_123
53005,DIF,SB,United States,53129,OCC,33340,269963,Wisconsin,6/30/1988,2019,Comptroller of the Currency,11,55,M,9,2130,,,0,3,0,1756222,,Greendale,NONE,SA,US_Streets,,FED,0,,0,15700 West Bluemound Road,376,44040,0,79,28679,42.951935,WI,4,CALL,0,Chicago,376273,5101 S 76th St Branch,1,,Milwaukee,COMMERCIAL LENDING,Central District,0,,0,125,,WI,1,Wisconsin,7,OCC,Chicago,2047042,,0,5101 S 76th St,-88.008619,,,55133,"Milwaukee-Racine-Waukesha, WI",Brookfield,34,55079,,"Milwaukee-Waukesha, WI","North Shore Bank, FSB",Greendale,,2019_28679_125
53005,DIF,SB,United States,53215,OCC,33340,273352,Wisconsin,1/1/1925,2019,Comptroller of the Currency,11,55,M,9,2130,,,0,3,0,1756222,,Milwaukee,NONE,SA,US_RoofTop,,FED,0,,0,15700 West Bluemound Road,376,39229,0,79,28679,42.988312,WI,4,CALL,0,Chicago,376273,4230 West Oklahoma Avenue Branch,1,,Milwaukee,COMMERCIAL LENDING,Central District,0,1/1/1996,0,127,,WI,1,Wisconsin,7,OCC,Chicago,2047042,,0,4230 West Oklahoma Avenue,-87.967608,,,55133,"Milwaukee-Racine-Waukesha, WI",Brookfield,34,55079,,"Milwaukee-Waukesha, WI","North Shore Bank, FSB",Milwaukee,,2019_28679_127
53005,DIF,SB,United States,53222,OCC,33340,273353,Wisconsin,1/1/1925,2019,Comptroller of the Currency,11,55,M,9,2130,,,0,3,0,1756222,,Milwaukee,NONE,SA,US_RoofTop,,FED,0,,0,15700 West Bluemound Road,376,28701,0,79,28679,43.089806,WI,4,CALL,0,Chicago,376273,7927 West Capitol Drive Branch,1,,Milwaukee,COMMERCIAL LENDING,Central District,0,1/1/1996,0,129,,WI,1,Wisconsin,7,OCC,Chicago,2047042,,0,7927 West Capitol Drive,-88.011923,,,55133,"Milwaukee-Racine-Waukesha, WI",Brookfield,34,55079,,"Milwaukee-Waukesha, WI","North Shore Bank, FSB",Milwaukee,,2019_28679_129
53005,DIF,SB,United States,53072,OCC,33340,43289,Wisconsin,1/1/1924,2019,Comptroller of the Currency,11,55,M,9,2130,,,0,3,0,1756222,,Pewaukee,NONE,SA,US_RoofTop,,FED,0,,0,15700 West Bluemound Road,376,59898,0,133,28679,43.082783,WI,4,CALL,0,Chicago,376273,120 W Wisconsin Ave Branch,1,,Waukesha,COMMERCIAL LENDING,Central District,0,1/1/1996,0,130,,WI,1,Wisconsin,7,OCC,Chicago,2047042,,0,120 W Wisconsin Ave,-88.263109,,,55133,"Milwaukee-Racine-Waukesha, WI",Brookfield,34,55133,,"Milwaukee-Waukesha, WI","North Shore Bank, FSB",Pewaukee,,2019_28679_130
53005,DIF,SB,United States,53211,OCC,33340,273356,Wisconsin,2/28/1975,2019,Comptroller of the Currency,11,55,S03,9,2130,,,0,3,0,1756222,,Milwaukee,NONE,SA,0,N,FED,0,,0,15700 West Bluemound Road,376,0,0,79,28679,43.088586,WI,4,CALL,0,Chicago,376273,North Oakland Avenue Branch,1,,Milwaukee,COMMERCIAL LENDING,Central District,0,1/1/1996,0,132,,WI,1,Wisconsin,7,OCC,Chicago,2047042,,0,3970 North Oakland Avenue,-87.887386,,,55133,"Milwaukee-Racine-Waukesha, WI",Brookfield,34,55079,,"Milwaukee-Waukesha, WI","North Shore Bank, FSB",Milwaukee,,2019_28679_132
53005,DIF,SB,United States,53220,OCC,33340,273357,Wisconsin,11/30/1982,2019,Comptroller of the Currency,11,55,M,9,2130,,,0,3,0,1756222,,Milwaukee,NONE,SA,US_RoofTop,,FED,0,,0,15700 West Bluemound Road,376,26579,0,79,28679,42.977208,WI,4,CALL,0,Chicago,376273,West Forest Home Avenue Branch,1,,Milwaukee,COMMERCIAL LENDING,Central District,0,1/1/1996,0,133,,WI,1,Wisconsin,7,OCC,Chicago,2047042,,0,5817 West Forest Home Avenue,-87.98727,,,55133,"Milwaukee-Racine-Waukesha, WI",Brookfield,34,55079,,"Milwaukee-Waukesha, WI","North Shore Bank, FSB",Milwaukee,,2019_28679_133
53005,DIF,SB,United States,53227,OCC,33340,43287,Wisconsin,1/1/1912,2019,Comptroller of the Currency,11,55,PointAddress,9,2130,,,0,3,0,1756222,,Milwaukee,NONE,SA,100,,FED,0,,0,15700 West Bluemound Road,376,38662,0,79,28679,42.99482,WI,4,CALL,0,Chicago,376273,West Allis Branch,1,,Milwaukee,COMMERCIAL LENDING,Central District,0,7/28/2000,0,136,,WI,1,Wisconsin,7,OCC,Chicago,2047042,,0,10533 West National Avenue,-88.044211,,,55133,"Milwaukee-Racine-Waukesha, WI",Brookfield,34,55079,,"Milwaukee-Waukesha, WI","North Shore Bank, FSB",West Allis,,2019_28679_136
53005,DIF,SB,United States,53182,OCC,39540,280453,Wisconsin,1/1/1912,2019,Comptroller of the Currency,11,55,M,9,2130,,,0,3,0,1756222,,Union Grove,NONE,SA,US_RoofTop,,FED,0,,0,15700 West Bluemound Road,376,28050,0,101,28679,42.686162,WI,4,CALL,0,Chicago,376273,Union Grove Branch,1,,Racine,COMMERCIAL LENDING,Central District,0,7/28/2000,0,138,,WI,1,Wisconsin,7,OCC,Chicago,2047042,,0,1101 Main Street,-88.051889,,,55133,"Milwaukee-Racine-Waukesha, WI",Brookfield,34,55101,,"Racine, WI","North Shore Bank, FSB",Union Grove,,2019_28679_138
53005,DIF,SB,United States,54313,OCC,24580,433603,Wisconsin,10/1/2002,2019,Comptroller of the Currency,11,55,POINTADDRESS,9,2130,,,0,3,0,1756222,,Green Bay,NONE,SA,100,,FED,0,,0,15700 West Bluemound Road,267,23614,0,9,28679,44.590932,WI,4,CALL,0,Chicago,376273,Lineville Road Branch,1,,Brown,COMMERCIAL LENDING,Central District,0,,0,141,,WI,1,Wisconsin,7,OCC,Chicago,2047042,,0,"2465 Lineville Road, Suite 2",-88.0797,,,55133,"Green Bay-Shawano, WI",Brookfield,34,55009,,"Green Bay, WI","North Shore Bank, FSB",Green Bay,,2019_28679_141
53005,DIF,SB,United States,53204,OCC,33340,433604,Wisconsin,6/14/2004,2019,Comptroller of the Currency,11,55,M,9,2130,,,0,3,0,1756222,,Milwaukee,NONE,SA,US_Streets,,FED,0,,0,15700 West Bluemound Road,376,14601,0,79,28679,43.010193,WI,4,CALL,0,Chicago,376273,West Burnham Branch,1,,Milwaukee,COMMERCIAL LENDING,Central District,0,,0,142,,WI,1,Wisconsin,7,OCC,Chicago,2047042,,0,1320 West Burnham,-87.928484,,,55133,"Milwaukee-Racine-Waukesha, WI",Brookfield,34,55079,,"Milwaukee-Waukesha, WI","North Shore Bank, FSB",Milwaukee,,2019_28679_142
53005,DIF,SB,United States,53154,OCC,33340,433605,Wisconsin,10/1/2004,2019,Comptroller of the Currency,11,55,M,9,2130,,,0,3,0,1756222,,Oak Creek,NONE,SA,US_RoofTop,,FED,0,,0,15700 West Bluemound Road,376,37176,0,79,28679,42.885935,WI,4,CALL,0,Chicago,376273,Oak Creek Branch,1,,Milwaukee,COMMERCIAL LENDING,Central District,0,,0,143,,WI,1,Wisconsin,7,OCC,Chicago,2047042,,0,8701 South Howell Avenue,-87.912328,,,55133,"Milwaukee-Racine-Waukesha, WI",Brookfield,34,55079,,"Milwaukee-Waukesha, WI","North Shore Bank, FSB",Oak Creek,,2019_28679_143
53005,DIF,SB,United States,60102,OCC,16980,56997,Wisconsin,9/19/1996,2019,Comptroller of the Currency,11,17,M,9,2130,,,0,3,0,1756222,,Algonquin,NONE,SA,US_Streets,,FED,0,,16984,15700 West Bluemound Road,176,20402,0,111,28679,42.19031,WI,4,CALL,0,Chicago,376273,Illinois State Bank/Branch,1,,McHenry,COMMERCIAL LENDING,Central District,0,11/30/2005,0,144,,IL,1,Illinois,7,OCC,Chicago,2047042,,0,1301 Pyott Road,-88.307248,,,55133,"Chicago-Naperville, IL-IN-WI",Brookfield,34,17111,"Chicago-Naperville-Evanston, IL","Chicago-Naperville-Elgin, IL-IN-WI","North Shore Bank, FSB",Lake In The Hills,,2019_28679_144
53005,DIF,SB,United States,60051,OCC,16980,444008,Wisconsin,6/30/2005,2019,Comptroller of the Currency,11,17,M,9,2130,,,0,3,0,1756222,,Mchenry,NONE,SA,US_Zipcode,,FED,0,,16984,15700 West Bluemound Road,176,22015,0,111,28679,42.34895,WI,4,CALL,0,Chicago,376273,Illinois State Bank Mchenry Branch,1,,McHenry,COMMERCIAL LENDING,Central District,0,11/30/2005,0,145,,IL,1,Illinois,7,OCC,Chicago,2047042,,0,1689 Curran Road,-88.228969,,,55133,"Chicago-Naperville, IL-IN-WI",Brookfield,34,17111,"Chicago-Naperville-Evanston, IL","Chicago-Naperville-Elgin, IL-IN-WI","North Shore Bank, FSB",Mchenry,,2019_28679_145
53005,DIF,SB,United States,53142,OCC,16980,495520,Wisconsin,6/1/1999,2019,Comptroller of the Currency,11,55,M,9,2130,,,0,3,0,1756222,,Kenosha,NONE,SA,US_RoofTop,,FED,0,,29404,15700 West Bluemound Road,176,24168,0,59,28679,42.572118,WI,4,CALL,0,Chicago,376273,Kenosha Branch,1,,Kenosha,COMMERCIAL LENDING,Central District,0,,0,146,,WI,1,Wisconsin,7,OCC,Chicago,2047042,,0,6906 Green Bay Rd,-87.886401,,,55133,"Chicago-Naperville, IL-IN-WI",Brookfield,34,55059,"Lake County-Kenosha County, IL-WI","Chicago-Naperville-Elgin, IL-IN-WI","North Shore Bank, FSB",Kenosha,,2019_28679_146
53005,DIF,SB,United States,53132,OCC,33340,495544,Wisconsin,9/30/2005,2019,Comptroller of the Currency,11,55,M,9,2130,,,0,3,0,1756222,,Franklin,NONE,SA,US_Streets,,FED,0,,0,15700 West Bluemound Road,376,40406,0,79,28679,42.915225,WI,4,CALL,0,Chicago,376273,Franklin Branch,1,,Milwaukee,COMMERCIAL LENDING,Central District,0,,0,147,,WI,1,Wisconsin,7,OCC,Chicago,2047042,,0,7151 S 76th St,-88.009374,,,55133,"Milwaukee-Racine-Waukesha, WI",Brookfield,34,55079,,"Milwaukee-Waukesha, WI","North Shore Bank, FSB",Franklin,,2019_28679_147
53005,DIF,SB,United States,53212,OCC,33340,495546,Wisconsin,10/20/1996,2019,Comptroller of the Currency,11,55,M,9,2130,,,0,3,0,1756222,,Milwaukee,NONE,SA,US_Streets,,FED,0,,0,15700 West Bluemound Road,376,15006,0,79,28679,43.055217,WI,4,CALL,0,Chicago,376273,1900 N Martin Luther King Dr Branch,1,,Milwaukee,COMMERCIAL LENDING,Central District,0,,0,148,,WI,1,Wisconsin,7,OCC,Chicago,2047042,,0,1900 N Martin Luther King Dr,-87.914167,,,55133,"Milwaukee-Racine-Waukesha, WI",Brookfield,34,55079,,"Milwaukee-Waukesha, WI","North Shore Bank, FSB",Milwaukee,,2019_28679_148
53005,DIF,SB,United States,54914,OCC,11540,495547,Wisconsin,1/22/2005,2019,Comptroller of the Currency,11,55,M,9,2130,,,0,3,0,1756222,,Appleton,NONE,SA,US_Streets,,FED,0,,0,15700 West Bluemound Road,118,46176,0,87,28679,44.287562,WI,4,CALL,0,Chicago,376273,1100 W Northland Avenue Branch,1,,Outagamie,COMMERCIAL LENDING,Central District,0,,0,149,,WI,1,Wisconsin,7,OCC,Chicago,2047042,,0,1100 W Northland Avenue,-88.422811,,,55133,"Appleton-Oshkosh-Neenah, WI",Brookfield,34,55087,,"Appleton, WI","North Shore Bank, FSB",Appleton,,2019_28679_149
53005,DIF,SB,United States,53024,OCC,33340,495669,Wisconsin,11/22/2008,2019,Comptroller of the Currency,11,55,M,9,2130,,,0,3,0,1756222,,Grafton,NONE,SA,US_Zipcode,,FED,0,,0,15700 West Bluemound Road,376,39209,0,89,28679,43.330073,WI,4,CALL,0,Chicago,376273,Grafton Bra Nch,1,,Ozaukee,COMMERCIAL LENDING,Central District,0,,0,151,,WI,1,Wisconsin,7,OCC,Chicago,2047042,,0,2301 Wisconsin Ave,-87.931862,,,55133,"Milwaukee-Racine-Waukesha, WI",Brookfield,34,55089,,"Milwaukee-Waukesha, WI","North Shore Bank, FSB",Grafton,,2019_28679_151
53005,DIF,SB,United States,53089,OCC,33340,495673,Wisconsin,10/25/2006,2019,Comptroller of the Currency,11,55,POINTADDRESS,9,2130,,,0,3,0,1756222,,Sussex,NONE,SA,100,,FED,0,,0,15700 West Bluemound Road,376,30281,0,133,28679,43.137388,WI,4,CALL,0,Chicago,376273,Sussex Branch,1,,Waukesha,COMMERCIAL LENDING,Central District,0,,0,152,,WI,1,Wisconsin,7,OCC,Chicago,2047042,,0,W249n6600 Highway 164,-88.243713,,,55133,"Milwaukee-Racine-Waukesha, WI",Brookfield,34,55133,,"Milwaukee-Waukesha, WI","North Shore Bank, FSB",Sussex,,2019_28679_152
53005,DIF,SB,United States,53110,OCC,33340,446280,Wisconsin,12/27/2005,2019,Comptroller of the Currency,11,55,M,9,2130,,,0,3,0,1756222,,Cudahy,NONE,SA,US_Streets,,FED,0,,0,15700 West Bluemound Road,376,25967,0,79,28679,42.958986,WI,4,CALL,0,Chicago,376273,Cudahy Branch,1,,Milwaukee,COMMERCIAL LENDING,Central District,0,9/17/2010,0,157,,WI,1,Wisconsin,7,OCC,Chicago,2047042,,0,3233 East Layton Avenue,-87.868663,,,55133,"Milwaukee-Racine-Waukesha, WI",Brookfield,34,55079,,"Milwaukee-Waukesha, WI","North Shore Bank, FSB",Cudahy,,2019_28679_157
53005,DIF,SB,United States,53151,OCC,33340,458866,Wisconsin,1/3/2007,2019,Comptroller of the Currency,11,55,M,9,2130,,,0,3,0,1756222,,New Berlin,NONE,SA,US_RoofTop,,FED,0,,0,15700 West Bluemound Road,376,57071,0,133,28679,42.977233,WI,4,CALL,0,Chicago,376273,New Berlin Branch,1,,Waukesha,COMMERCIAL LENDING,Central District,0,9/17/2010,0,158,,WI,1,Wisconsin,7,OCC,Chicago,2047042,,0,15505 West National Avenue,-88.106998,,,55133,"Milwaukee-Racine-Waukesha, WI",Brookfield,34,55133,,"Milwaukee-Waukesha, WI","North Shore Bank, FSB",New Berlin,,2019_28679_158
53005,DIF,SB,United States,53150,OCC,33340,469588,Wisconsin,6/30/2007,2019,Comptroller of the Currency,11,55,M,9,2130,,,0,3,0,1756222,,Muskego,NONE,SA,US_Zipcode,,FED,0,,0,15700 West Bluemound Road,376,40810,0,133,28679,42.882925,WI,4,CALL,0,Chicago,376273,Muskego Branch,1,,Waukesha,COMMERCIAL LENDING,Central District,0,9/17/2010,0,160,,WI,1,Wisconsin,7,OCC,Chicago,2047042,,0,S74 W17095 Janesville Road,-88.1263,,,55133,"Milwaukee-Racine-Waukesha, WI",Brookfield,34,55133,,"Milwaukee-Waukesha, WI","North Shore Bank, FSB",Muskego,,2019_28679_160
53005,DIF,SB,United States,54303,OCC,24580,518672,Wisconsin,4/23/2009,2019,Comptroller of the Currency,12,55,StreetAddress,9,2130,,,0,3,0,1756222,,Green Bay,NONE,SA,100,,FED,0,,0,15700 West Bluemound Road,267,18625,0,9,28679,44.524414,WI,4,CALL,0,Chicago,376273,Mason Branch,1,,Brown,COMMERCIAL LENDING,Central District,0,,0,164,,WI,1,Wisconsin,7,OCC,Chicago,2047042,,0,1620 W Mason St,-88.066017,,,55133,"Green Bay-Shawano, WI",Brookfield,34,55009,,"Green Bay, WI","North Shore Bank, FSB",Green Bay,,2019_28679_164
53005,DIF,SB,United States,53092,OCC,33340,518691,Wisconsin,8/14/2009,2019,Comptroller of the Currency,12,55,M,9,2130,,,0,3,0,1756222,,Mequon,NONE,SA,US_Streets,,FED,0,,0,15700 West Bluemound Road,376,38836,0,89,28679,43.214331,WI,4,CALL,0,Chicago,376273,10806 N. Port Washington Road,1,,Ozaukee,COMMERCIAL LENDING,Central District,0,,0,165,,WI,1,Wisconsin,7,OCC,Chicago,2047042,,0,10806 N. Port Washington Road,-87.923939,,,55133,"Milwaukee-Racine-Waukesha, WI",Brookfield,34,55089,,"Milwaukee-Waukesha, WI","North Shore Bank, FSB",Mequon,,2019_28679_165
53005,DIF,SB,United States,54952,OCC,36780,518692,Wisconsin,10/1/1999,2019,Comptroller of the Currency,12,55,M,9,2130,,,0,3,0,1756222,,Menasha,NONE,SA,US_RoofTop,,FED,0,,0,15700 West Bluemound Road,118,24907,0,139,28679,44.230097,WI,4,CALL,0,Chicago,376273,1500 Appleton Rd. Branch,1,,Winnebago,COMMERCIAL LENDING,Central District,0,,0,166,,WI,1,Wisconsin,7,OCC,Chicago,2047042,,0,1500 Appleton Rd.,-88.424077,,,55133,"Appleton-Oshkosh-Neenah, WI",Brookfield,34,55139,,"Oshkosh-Neenah, WI","North Shore Bank, FSB",Menasha,,2019_28679_166
53005,DIF,SB,United States,54302,OCC,24580,522248,Wisconsin,12/31/2010,2019,Comptroller of the Currency,11,55,M,9,2130,,,0,3,0,1756222,,Green Bay,NONE,SA,100,,FED,0,,0,15700 West Bluemound Road,267,22361,0,9,28679,44.494903,WI,4,CALL,0,Chicago,376273,Green Bay East Branch,1,,Brown,COMMERCIAL LENDING,Central District,0,,0,167,,WI,1,Wisconsin,7,OCC,Chicago,2047042,,0,1819 Main Street,-87.977972,,,55133,"Green Bay-Shawano, WI",Brookfield,34,55009,,"Green Bay, WI","North Shore Bank, FSB",Green Bay,,2019_28679_167
53005,DIF,SB,United States,53005,OCC,33340,532536,Wisconsin,1/3/2012,2019,Comptroller of the Currency,13,55,POINTADDRESS,9,2130,,,0,3,0,1756222,,Brookfield,NONE,SA,100,,FED,0,,0,15700 West Bluemound Road,376,2721,0,133,28679,43.036187,WI,4,CALL,0,Chicago,376273,Northshorebank.Com Branch - Www.Northshorebank.Com,1,,Waukesha,COMMERCIAL LENDING,Central District,0,,0,168,,WI,1,Wisconsin,7,OCC,Chicago,2047042,,0,15700 West Bluemound Rd,-88.10795,,,55133,"Milwaukee-Racine-Waukesha, WI",Brookfield,34,55133,,"Milwaukee-Waukesha, WI","North Shore Bank, FSB",Brookfield,,2019_28679_168
53005,DIF,SB,United States,53144,OCC,16980,78854,Wisconsin,6/26/2000,2019,Comptroller of the Currency,11,55,M,9,2130,,,0,3,0,1756222,,Kenosha,NONE,SA,US_RoofTop,,FED,0,,29404,15700 West Bluemound Road,176,29175,0,59,28679,42.589509,WI,4,CALL,0,Chicago,376273,Bok Main Branch,1,,Kenosha,COMMERCIAL LENDING,Central District,0,5/31/2013,0,169,,WI,1,Wisconsin,7,OCC,Chicago,2047042,,0,5117 Green Bay Road,-87.882016,,,55133,"Chicago-Naperville, IL-IN-WI",Brookfield,34,55059,"Lake County-Kenosha County, IL-WI","Chicago-Naperville-Elgin, IL-IN-WI","North Shore Bank, FSB",Kenosha,,2019_28679_169
53005,DIF,SB,United States,53142,OCC,16980,440169,Wisconsin,4/18/2005,2019,Comptroller of the Currency,11,55,M,9,2130,,,0,3,0,1756222,,Kenosha,NONE,SA,US_RoofTop,,FED,0,,29404,15700 West Bluemound Road,176,12297,0,59,28679,42.556933,WI,4,CALL,0,Chicago,376273,South Kenosha Branch,1,,Kenosha,COMMERCIAL LENDING,Central District,0,5/31/2013,0,170,,WI,1,Wisconsin,7,OCC,Chicago,2047042,,0,8056 39th Avenue,-87.854983,,,55133,"Chicago-Naperville, IL-IN-WI",Brookfield,34,55059,"Lake County-Kenosha County, IL-WI","Chicago-Naperville-Elgin, IL-IN-WI","North Shore Bank, FSB",Kenosha,,2019_28679_170
53005,DIF,SB,United States,53129,OCC,33340,208943,Wisconsin,5/10/1947,2019,Comptroller of the Currency,11,55,M,9,2130,,,0,3,0,1756222,,Greendale,NONE,SA,US_RoofTop,,FED,0,,0,15700 West Bluemound Road,376,43986,0,79,28679,42.938663,WI,4,CALL,0,Chicago,376273,Greendale Branch,1,,Milwaukee,COMMERCIAL LENDING,Central District,0,10/28/2016,0,172,,WI,1,Wisconsin,7,OCC,Chicago,2047042,,0,5850 Broad Street,-87.996064,,,55133,"Milwaukee-Racine-Waukesha, WI",Brookfield,34,55079,,"Milwaukee-Waukesha, WI","North Shore Bank, FSB",Greendale,,2019_28679_172
53005,DIF,SB,United States,53217,OCC,33340,269944,Wisconsin,1/1/1923,2019,Comptroller of the Currency,11,55,M,9,2130,,,0,3,0,1756222,,Milwaukee,NONE,SA,US_RoofTop,,FED,0,,0,15700 West Bluemound Road,376,65627,0,79,28679,43.143943,WI,4,CALL,0,Chicago,376273,600 East Green Tree Road Branch,1,,Milwaukee,COMMERCIAL LENDING,Central District,0,,0,2,,WI,1,Wisconsin,7,OCC,Chicago,2047042,,0,600 East Green Tree Road,-87.901892,,,55133,"Milwaukee-Racine-Waukesha, WI",Brookfield,34,55079,,"Milwaukee-Waukesha, WI","North Shore Bank, FSB",Fox Point,,2019_28679_2
53005,DIF,SB,United States,53226,OCC,33340,269946,Wisconsin,1/1/1923,2019,Comptroller of the Currency,11,55,M,9,2130,,,0,3,0,1756222,,Milwaukee,NONE,SA,US_RoofTop,,FED,0,,0,15700 West Bluemound Road,376,50297,0,79,28679,43.06054,WI,4,CALL,0,Chicago,376273,8706 W North Ave Branch,1,,Milwaukee,COMMERCIAL LENDING,Central District,0,,0,4,,WI,1,Wisconsin,7,OCC,Chicago,2047042,,0,8706 W North Ave,-88.021441,,,55133,"Milwaukee-Racine-Waukesha, WI",Brookfield,34,55079,,"Milwaukee-Waukesha, WI","North Shore Bank, FSB",Wauwatosa,,2019_28679_4
53005,DIF,SB,United States,53211,OCC,33340,269942,Wisconsin,1/1/1923,2019,Comptroller of the Currency,11,55,M,9,2130,,,0,3,0,1756222,,Milwaukee,NONE,SA,US_RoofTop,,FED,0,,0,15700 West Bluemound Road,376,107675,0,79,28679,43.095873,WI,4,CALL,0,Chicago,376273,4414 N Oakland Ave Branch,1,,Milwaukee,COMMERCIAL LENDING,Central District,0,,0,5,,WI,1,Wisconsin,7,OCC,Chicago,2047042,,0,4414 N Oakland Ave,-87.887446,,,55133,"Milwaukee-Racine-Waukesha, WI",Brookfield,34,55079,,"Milwaukee-Waukesha, WI","North Shore Bank, FSB",Shorewood,,2019_28679_5
54880,DIF,SB,United States,54880,STATE,20260,41624,Wisconsin,1/1/1924,2019,State Agency,11,55,M,9,2368,,,1,3,51929,51929,,Superior,NONE,SA,US_Streets,M,STATE,1,,0,1130 Tower Avenue,0,51929,0,31,28790,46.725116,WI,8,CALL,0,Chicago,575375,Superior Savings Bank,1,,Douglas,ALL OTHER < $1 BILLION,Central District,0,,0,0,,WI,1,Wisconsin,9,FDIC,Minneapolis,64695,,0,1130 Tower Avenue,-92.103855,,,55031,,Superior,42,55031,,"Duluth, MN-WI",Superior Savings Bank,Superior,,2019_28790_0
54848,DIF,SB,United States,54848,OCC,0,41817,Wisconsin,6/1/1934,2019,Comptroller of the Currency,11,55,M,9,2722,,,1,3,44370,44370,,Ladysmith,NONE,SA,US_Streets,M,FED,1,,0,119 West 4th Street North,0,44370,0,107,28983,45.463549,WI,5,CALL,0,Chicago,686570,Ladysmith Federal Savings And Loan Association,0,,Rusk,MORTGAGE LENDING,Central District,0,,0,0,,WI,1,Wisconsin,9,OCC,Minneapolis,52264,,0,119 West 4th Street North,-91.104238,,,55107,,Ladysmith,34,55107,,,Ladysmith Federal Savings and Loan Association,Ladysmith,,2019_28983_0
53220,DIF,SB,United States,53220,OCC,33340,41954,Wisconsin,01/01/1892,2019,Comptroller of the Currency,11,55,M,9,17954,United States,"1895 BANCORP OF WISCONSIN, MHC",0,3,414606,414606,,Milwaukee,ONE,SA,US_RoofTop,M,FED,1,,0,7001 West Edgerton Avenue,376,144477,5301122,79,29120,42.952056,WI,4,CALL,0,Chicago,713476,"Pyramax Bank, Fsb",1,,Milwaukee,COMMERCIAL LENDING,Central District,0,,0,0,,WI,1,Wisconsin,7,OCC,Chicago,481146,,0,7001 West Edgerton Avenue,-88.001108,,GREENFIELD,55079,"Milwaukee-Racine-Waukesha, WI",Greenfield,33,55079,,"Milwaukee-Waukesha, WI","PyraMax Bank, FSB",Greenfield,WI,2019_29120_0
53220,DIF,SB,United States,53186,OCC,33340,273034,Wisconsin,4/16/1992,2019,Comptroller of the Currency,11,55,M,9,17954,United States,"1895 BANCORP OF WISCONSIN, MHC",0,3,0,414606,,Waukesha,ONE,SA,US_RoofTop,,FED,0,,0,7001 West Edgerton Avenue,376,32041,5301122,133,29120,43.025082,WI,4,CALL,0,Chicago,713476,Waukesha Branch,1,,Waukesha,COMMERCIAL LENDING,Central District,0,,0,1,,WI,1,Wisconsin,7,OCC,Chicago,481146,,0,1500 E Moreland Boulevard,-88.20585,,GREENFIELD,55079,"Milwaukee-Racine-Waukesha, WI",Greenfield,33,55133,,"Milwaukee-Waukesha, WI","PyraMax Bank, FSB",Waukesha,WI,2019_29120_1
53220,DIF,SB,United States,53024,OCC,33340,580380,Wisconsin,6/1/2016,2019,Comptroller of the Currency,11,55,POINTADDRESS,9,17954,United States,"1895 BANCORP OF WISCONSIN, MHC",0,3,0,414606,,Grafton,ONE,SA,100,,FED,0,,0,7001 West Edgerton Avenue,376,38458,5301122,89,29120,43.319976,WI,4,CALL,0,Chicago,713476,Grafton Office Branch,1,,Ozaukee,COMMERCIAL LENDING,Central District,0,,0,10,,WI,1,Wisconsin,7,OCC,Chicago,481146,,0,1150 Washington St,-87.952141,,GREENFIELD,55079,"Milwaukee-Racine-Waukesha, WI",Greenfield,33,55089,,"Milwaukee-Waukesha, WI","PyraMax Bank, FSB",Grafton,WI,2019_29120_10
53220,DIF,SB,United States,53172,OCC,33340,41712,Wisconsin,1/1/1919,2019,Comptroller of the Currency,11,55,M,9,17954,United States,"1895 BANCORP OF WISCONSIN, MHC",0,3,0,414606,,South Milwaukee,ONE,SA,US_RoofTop,,FED,0,,0,7001 West Edgerton Avenue,376,65256,5301122,79,29120,42.907886,WI,4,CALL,0,Chicago,713476,South Milwaukee Branch,1,,Milwaukee,COMMERCIAL LENDING,Central District,0,4/30/2000,0,2,,WI,1,Wisconsin,7,OCC,Chicago,481146,,0,1015 Marquette Avenue,-87.862185,,GREENFIELD,55079,"Milwaukee-Racine-Waukesha, WI",Greenfield,33,55079,,"Milwaukee-Waukesha, WI","PyraMax Bank, FSB",South Milwaukee,WI,2019_29120_2
53220,DIF,SB,United States,53132,OCC,33340,271212,Wisconsin,1/1/1919,2019,Comptroller of the Currency,11,55,M,9,17954,United States,"1895 BANCORP OF WISCONSIN, MHC",0,3,0,414606,,Franklin,ONE,SA,US_Streets,,FED,0,,0,7001 West Edgerton Avenue,376,49158,5301122,79,29120,42.901751,WI,4,CALL,0,Chicago,713476,Frankilin Office,1,,Milwaukee,COMMERCIAL LENDING,Central District,0,4/30/2000,0,3,,WI,1,Wisconsin,7,OCC,Chicago,481146,,0,9000 W Drexel Ave,-88.026623,,GREENFIELD,55079,"Milwaukee-Racine-Waukesha, WI",Greenfield,33,55079,,"Milwaukee-Waukesha, WI","PyraMax Bank, FSB",Franklin,WI,2019_29120_3
53220,DIF,SB,United States,53149,OCC,33340,357928,Wisconsin,4/30/2000,2019,Comptroller of the Currency,11,55,M,9,17954,United States,"1895 BANCORP OF WISCONSIN, MHC",0,3,0,414606,,Mukwonago,ONE,SA,US_RoofTop,,FED,0,,0,7001 West Edgerton Avenue,376,41232,5301122,133,29120,42.85474,WI,4,CALL,0,Chicago,713476,Mukwonago Branch,1,,Waukesha,COMMERCIAL LENDING,Central District,0,,0,5,,WI,1,Wisconsin,7,OCC,Chicago,481146,,0,405 Rivercrest Court,-88.3323,,GREENFIELD,55079,"Milwaukee-Racine-Waukesha, WI",Greenfield,33,55133,,"Milwaukee-Waukesha, WI","PyraMax Bank, FSB",Mukwonago,WI,2019_29120_5
53220,DIF,SB,United States,53202,OCC,33340,465445,Wisconsin,6/25/2005,2019,Comptroller of the Currency,11,55,M,9,17954,United States,"1895 BANCORP OF WISCONSIN, MHC",0,3,0,414606,,Milwaukee,ONE,SA,US_RoofTop,,FED,0,,0,7001 West Edgerton Avenue,376,23842,5301122,79,29120,43.034385,WI,4,CALL,0,Chicago,713476,North Water Street Branch,1,,Milwaukee,COMMERCIAL LENDING,Central District,0,,0,7,,WI,1,Wisconsin,7,OCC,Chicago,481146,,0,318 North Water Street,-87.908875,,GREENFIELD,55079,"Milwaukee-Racine-Waukesha, WI",Greenfield,33,55079,,"Milwaukee-Waukesha, WI","PyraMax Bank, FSB",Milwaukee,WI,2019_29120_7
53220,DIF,SB,United States,53214,OCC,33340,491977,Wisconsin,3/3/2008,2019,Comptroller of the Currency,11,55,M,9,17954,United States,"1895 BANCORP OF WISCONSIN, MHC",0,3,0,414606,,Milwaukee,ONE,SA,US_RoofTop,,FED,0,,0,7001 West Edgerton Avenue,376,20142,5301122,79,29120,43.010785,WI,4,CALL,0,Chicago,713476,West Allis,1,,Milwaukee,COMMERCIAL LENDING,Central District,0,,0,8,,WI,1,Wisconsin,7,OCC,Chicago,481146,,0,8001 West National Ave,-88.012578,,GREENFIELD,55079,"Milwaukee-Racine-Waukesha, WI",Greenfield,33,55079,,"Milwaukee-Waukesha, WI","PyraMax Bank, FSB",West Allis,WI,2019_29120_8
54935,DIF,SB,United States,54935,OCC,22540,42022,Wisconsin,10/1/1934,2019,Comptroller of the Currency,11,55,M,9,3069,,,0,3,279779,279779,,Fond Du Lac,NONE,SA,US_RoofTop,M,FED,1,,0,51 East First Street,0,180091,0,39,29188,43.776106,WI,8,CALL,0,Chicago,835770,Fox Valley Savings Bank,1,,Fond du Lac,ALL OTHER < $1 BILLION,Central District,0,,0,0,,WI,1,Wisconsin,7,OCC,Chicago,346768,,0,51 East First Street,-88.444927,,,55039,,Fond Du Lac,34,55039,,"Fond du Lac, WI",Fox Valley Savings Bank,Fond Du Lac,,2019_29188_0
54935,DIF,SB,United States,54903,OCC,36780,273327,Wisconsin,10/1/1934,2019,Comptroller of the Currency,11,55,M,9,3069,,,0,3,0,279779,,Oshkosh,NONE,SA,US_Streets,,FED,0,,0,51 East First Street,118,39340,0,139,29188,43.996451,WI,8,CALL,0,Chicago,835770,1700 West 20th Avenue Branch,1,,Winnebago,ALL OTHER < $1 BILLION,Central District,0,,0,1,,WI,1,Wisconsin,7,OCC,Chicago,346768,,0,1700 West 20th Avenue,-88.579056,,,55039,"Appleton-Oshkosh-Neenah, WI",Fond Du Lac,34,55139,,"Oshkosh-Neenah, WI",Fox Valley Savings Bank,Oshkosh,,2019_29188_1
54935,DIF,SB,United States,53963,OCC,0,43257,Wisconsin,1/1/1924,2019,Comptroller of the Currency,11,55,M,9,3069,,,0,3,0,279779,,Waupun,NONE,SA,US_RoofTop,,FED,0,,0,51 East First Street,376,60348,0,27,29188,43.631774,WI,8,CALL,0,Chicago,835770,101 S Madison St Branch,0,,Dodge,ALL OTHER < $1 BILLION,Central District,0,4/30/1976,1,3,,WI,1,Wisconsin,7,OCC,Chicago,346768,,0,101 S Madison St,-88.729791,,,55039,"Milwaukee-Racine-Waukesha, WI",Fond Du Lac,34,55027,,,Fox Valley Savings Bank,Waupun,,2019_29188_3
54829,DIF,SB,United States,54829,OCC,0,42127,Wisconsin,1/1/1934,2019,Comptroller of the Currency,11,55,M,9,3234,,,1,3,115023,115023,,Cumberland,NONE,SA,US_Streets,M,FED,1,,0,1390 Second Avenue,0,115023,0,5,29293,45.53591,WI,5,CALL,0,Chicago,28675,"Cumberland Federal Bank, Fsb",0,,Barron,MORTGAGE LENDING,Central District,0,,0,0,,WI,1,Wisconsin,9,OCC,Minneapolis,157756,,0,1390 Second Avenue,-92.021425,,,55005,,Cumberland,34,55005,,,"Cumberland Federal Bank, FSB",Cumberland,,2019_29293_0
54451,DIF,SB,United States,54451,OCC,0,42128,Wisconsin,2/18/1935,2019,Comptroller of the Currency,11,55,M,9,3235,,,0,3,442767,442767,,Medford,NONE,SA,US_Streets,M,FED,1,,0,675 E. Broadway Ave.,0,138827,0,119,29294,45.141478,WI,5,CALL,0,Chicago,27070,Time Federal Savings Bank,0,,Taylor,MORTGAGE LENDING,Central District,0,,0,0,,WI,1,Wisconsin,9,OCC,Minneapolis,585419,,0,675 E. Broadway Ave.,-90.335828,,,55119,,Medford,34,55119,,,Time Federal Savings Bank,Medford,,2019_29294_0
54451,DIF,SB,United States,54555,OCC,0,274320,Wisconsin,2/18/1935,2019,Comptroller of the Currency,11,55,M,9,3235,,,0,3,0,442767,,Phillips,NONE,SA,US_Streets,,FED,0,,0,675 E. Broadway Ave.,0,86815,0,99,29294,45.689841,WI,5,CALL,0,Chicago,27070,204 N Avon Ave Branch,0,,Price,MORTGAGE LENDING,Central District,0,,0,1,,WI,1,Wisconsin,9,OCC,Minneapolis,585419,,0,204 N Avon Ave,-90.39901,,,55119,,Medford,34,55099,,,Time Federal Savings Bank,Phillips,,2019_29294_1
54451,DIF,SB,United States,54449,OCC,0,274321,Wisconsin,2/18/1935,2019,Comptroller of the Currency,11,55,M,9,3235,,,0,3,0,442767,,Marshfield,NONE,SA,US_Streets,,FED,0,,0,675 E. Broadway Ave.,554,120448,0,141,29294,44.67425,WI,5,CALL,0,Chicago,27070,Marshfield Branch,0,,Wood,MORTGAGE LENDING,Central District,0,,1,100,,WI,1,Wisconsin,9,OCC,Minneapolis,585419,,0,810 North Central Avenue,-90.168438,,,55119,"Wausau-Stevens Point-Wisconsin Rapids, WI",Medford,34,55141,,,Time Federal Savings Bank,Marshfield,,2019_29294_100
54451,DIF,SB,United States,54401,OCC,48140,274323,Wisconsin,6/30/1989,2019,Comptroller of the Currency,11,55,M,9,3235,,,0,3,0,442767,,Wausau,NONE,SA,US_Streets,,FED,0,,0,675 E. Broadway Ave.,554,57456,0,73,29294,44.951873,WI,5,CALL,0,Chicago,27070,17th Avenue Branch,1,,Marathon,MORTGAGE LENDING,Central District,0,,0,102,,WI,1,Wisconsin,9,OCC,Minneapolis,585419,,0,900 South 17th Avenue,-89.655685,,,55119,"Wausau-Stevens Point-Wisconsin Rapids, WI",Medford,34,55073,,"Wausau-Weston, WI",Time Federal Savings Bank,Wausau,,2019_29294_102
54451,DIF,SB,United States,54460,OCC,0,542836,Wisconsin,8/26/2013,2019,Comptroller of the Currency,11,55,M,9,3235,,,0,3,0,442767,,Owen,NONE,SA,100,,FED,0,,0,675 E. Broadway Ave.,0,37601,0,19,29294,44.949915,WI,5,CALL,0,Chicago,27070,Central Avenue Owen Wi Branch,0,,Clark,MORTGAGE LENDING,Central District,0,,0,103,,WI,1,Wisconsin,9,OCC,Minneapolis,585419,,0,326 North Central Avenue,-90.564483,,,55119,,Medford,34,55019,,,Time Federal Savings Bank,Owen,,2019_29294_103
54451,DIF,SB,United States,54701,OCC,20740,581990,Wisconsin,8/15/2016,2019,Comptroller of the Currency,11,55,POINTADDRESS,9,3235,,,0,3,0,442767,,Eau Claire,NONE,SA,100,,FED,0,,0,675 E. Broadway Ave.,232,1620,0,35,29294,44.79566,WI,5,CALL,0,Chicago,27070,Eau Claire Branch,1,,Eau Claire,MORTGAGE LENDING,Central District,0,,0,104,,WI,1,Wisconsin,9,OCC,Minneapolis,585419,,0,2225 Fairfax Street,-91.468312,,,55119,"Eau Claire-Menomonie, WI",Medford,34,55035,,"Eau Claire, WI",Time Federal Savings Bank,Eau Claire,,2019_29294_104
53005,DIF,SB,United States,53005,STATE,33340,42491,Wisconsin,3/25/1936,2019,State Agency,11,55,M,9,3836,,,0,3,540616,540616,,Brookfield,NONE,SA,US_RoofTop,M,STATE,1,,0,15900 West Bluemound Road,376,339795,0,133,29657,43.03623,WI,5,CALL,0,Chicago,524579,"Great Midwest Bank, S.S.B.",1,,Waukesha,MORTGAGE LENDING,Central District,0,,0,0,,WI,1,Wisconsin,7,FDIC,Chicago,842037,,0,15900 West Bluemound Road,-88.110921,,,55133,"Milwaukee-Racine-Waukesha, WI",Brookfield,42,55133,,"Milwaukee-Waukesha, WI","Great Midwest Bank, S.S.B.",Brookfield,,2019_29657_0
53005,DIF,SB,United States,53221,STATE,33340,276660,Wisconsin,3/25/1936,2019,State Agency,11,55,M,9,3836,,,0,3,0,540616,,Milwaukee,NONE,SA,US_RoofTop,,STATE,0,,0,15900 West Bluemound Road,376,33049,0,79,29657,42.957269,WI,5,CALL,0,Chicago,524579,4775 South 27th Street Branch,1,,Milwaukee,MORTGAGE LENDING,Central District,0,,0,1,,WI,1,Wisconsin,7,FDIC,Chicago,842037,,0,4775 South 27th Street,-87.948899,,,55133,"Milwaukee-Racine-Waukesha, WI",Brookfield,42,55079,,"Milwaukee-Waukesha, WI","Great Midwest Bank, S.S.B.",Greenfield,,2019_29657_1
53005,DIF,SB,United States,53227,STATE,33340,276669,Wisconsin,3/25/1936,2019,State Agency,11,55,M,9,3836,,,0,3,0,540616,,Milwaukee,NONE,SA,US_RoofTop,,STATE,0,,0,15900 West Bluemound Road,376,31876,0,79,29657,42.995825,WI,5,CALL,0,Chicago,524579,10269 West National Ave Branch,1,,Milwaukee,MORTGAGE LENDING,Central District,0,,0,100,,WI,1,Wisconsin,7,FDIC,Chicago,842037,,0,10269 West National Ave,-88.043103,,,55133,"Milwaukee-Racine-Waukesha, WI",Brookfield,42,55079,,"Milwaukee-Waukesha, WI","Great Midwest Bank, S.S.B.",West Allis,,2019_29657_100
53005,DIF,SB,United States,53711,STATE,31540,276670,Wisconsin,3/25/1936,2019,State Agency,11,55,M,9,3836,,,0,3,0,540616,,Madison,NONE,SA,US_Streets,,STATE,0,,0,15900 West Bluemound Road,357,17254,0,25,29657,43.056662,WI,5,CALL,0,Chicago,524579,6702 Odana Road Branch,1,,Dane,MORTGAGE LENDING,Central District,0,,0,101,,WI,1,Wisconsin,7,FDIC,Chicago,842037,,0,6702 Odana Road,-89.496484,,,55133,"Madison-Janesville-Beloit, WI",Brookfield,42,55025,,"Madison, WI","Great Midwest Bank, S.S.B.",Madison,,2019_29657_101
53005,DIF,SB,United States,53014,STATE,11540,276661,Wisconsin,3/25/1936,2019,State Agency,11,55,M,9,3836,,,0,3,0,540616,,Chilton,NONE,SA,US_Streets,,STATE,0,,0,15900 West Bluemound Road,118,27483,0,15,29657,44.023719,WI,5,CALL,0,Chicago,524579,1050 East Chestnut Street,1,,Calumet,MORTGAGE LENDING,Central District,0,,0,3,,WI,1,Wisconsin,7,FDIC,Chicago,842037,,0,1050 East Chestnut Street,-88.15691,,,55133,"Appleton-Oshkosh-Neenah, WI",Brookfield,42,55015,,"Appleton, WI","Great Midwest Bank, S.S.B.",Chilton,,2019_29657_3
53005,DIF,SB,United States,53029,STATE,33340,276663,Wisconsin,3/25/1936,2019,State Agency,11,55,M,9,3836,,,0,3,0,540616,,Hartland,NONE,SA,US_RoofTop,,STATE,0,,0,15900 West Bluemound Road,376,34358,0,133,29657,43.110088,WI,5,CALL,0,Chicago,524579,600 Hartbrook Dr Branch,1,,Waukesha,MORTGAGE LENDING,Central District,0,,0,5,,WI,1,Wisconsin,7,FDIC,Chicago,842037,,0,600 Hartbrook Dr,-88.335372,,,55133,"Milwaukee-Racine-Waukesha, WI",Brookfield,42,55133,,"Milwaukee-Waukesha, WI","Great Midwest Bank, S.S.B.",Hartland,,2019_29657_5
53005,DIF,SB,United States,53217,STATE,33340,276665,Wisconsin,3/25/1936,2019,State Agency,11,55,M,9,3836,,,0,3,0,540616,,Milwaukee,NONE,SA,US_Streets,,STATE,0,,0,15900 West Bluemound Road,376,20395,0,79,29657,43.176636,WI,5,CALL,0,Chicago,524579,505 West Brown Deer Road Branch,1,,Milwaukee,MORTGAGE LENDING,Central District,0,,0,7,,WI,1,Wisconsin,7,FDIC,Chicago,842037,,0,505 West Brown Deer Road,-87.913849,,,55133,"Milwaukee-Racine-Waukesha, WI",Brookfield,42,55079,,"Milwaukee-Waukesha, WI","Great Midwest Bank, S.S.B.",Bayside,,2019_29657_7
53005,DIF,SB,United States,53129,STATE,33340,276667,Wisconsin,3/25/1936,2019,State Agency,11,55,M,9,3836,,,0,3,0,540616,,Greendale,NONE,SA,US_RoofTop,,STATE,0,,0,15900 West Bluemound Road,376,36406,0,79,29657,42.95109,WI,5,CALL,0,Chicago,524579,5150 South 76th Street Branch,1,,Milwaukee,MORTGAGE LENDING,Central District,0,,0,9,,WI,1,Wisconsin,7,FDIC,Chicago,842037,,0,5150 South 76th Street,-88.008329,,,55133,"Milwaukee-Racine-Waukesha, WI",Brookfield,42,55079,,"Milwaukee-Waukesha, WI","Great Midwest Bank, S.S.B.",Greendale,,2019_29657_9
54494,DIF,SL,United States,54494,STATE,0,42510,Wisconsin,1/1/1933,2019,State Agency,11,55,M,9,3871,,,0,,134272,134272,,Wisconsin Rapids,NONE,SA,US_Streets,M,STATE,1,,0,4200 8th Street South,554,111480,0,141,29676,44.35679,WI,5,CALL,0,Chicago,102874,Paper City Savings Association,0,,Wood,MORTGAGE LENDING,Other,0,,1,0,,WI,1,Wisconsin,7,FDIC,Chicago,163640,,0,4200 8th Street South,-89.817113,,,55141,"Wausau-Stevens Point-Wisconsin Rapids, WI",Wisconsin Rapids,36,55141,,,Paper City Savings Association,Wisconsin Rapids,,2019_29676_0
54494,DIF,SL,United States,54457,STATE,0,495511,Wisconsin,6/30/2004,2019,State Agency,11,55,M,9,3871,,,0,,0,134272,,Nekoosa,NONE,SA,US_Streets,,STATE,0,,0,4200 8th Street South,554,20560,0,141,29676,44.315482,WI,5,CALL,0,Chicago,102874,226 Market St Branch,0,,Wood,MORTGAGE LENDING,Other,0,,1,103,,WI,1,Wisconsin,7,FDIC,Chicago,163640,,0,226 Market St,-89.890306,,,55141,"Wausau-Stevens Point-Wisconsin Rapids, WI",Wisconsin Rapids,36,55141,,,Paper City Savings Association,Nekoosa,,2019_29676_103
54494,DIF,SL,United States,54467,STATE,0,570464,Wisconsin,7/15/2015,2019,State Agency,11,55,STREETNAME,9,3871,,,0,,0,134272,,Plover,NONE,SA,90.1,,STATE,0,,0,4200 8th Street South,554,2232,0,97,29676,44.497322,WI,5,CALL,0,Chicago,102874,Plover Branch,0,,Portage,MORTGAGE LENDING,Other,0,,1,104,,WI,1,Wisconsin,7,FDIC,Chicago,163640,,0,2008 County Road Hh,-89.524678,,,55141,"Wausau-Stevens Point-Wisconsin Rapids, WI",Wisconsin Rapids,36,55097,,,Paper City Savings Association,Plover,,2019_29676_104
54494,DIF,SB,United States,54494,STATE,0,42525,Wisconsin,1/1/1920,2019,State Agency,11,55,M,9,3894,,,0,3,60048,60048,,Wisconsin Rapids,NONE,SA,US_Streets,M,STATE,1,,0,811 East Grand Avenue,554,56300,0,141,29691,44.388219,WI,5,CALL,0,Chicago,208972,Keysavings Bank,0,,Wood,MORTGAGE LENDING,Central District,0,,1,0,,WI,1,Wisconsin,7,FDIC,Chicago,75471,,0,811 East Grand Avenue,-89.817101,,,55141,"Wausau-Stevens Point-Wisconsin Rapids, WI",Wisconsin Rapids,42,55141,,,KeySavings Bank,Wisconsin Rapids,,2019_29691_0
54494,DIF,SB,United States,54457,STATE,0,464864,Wisconsin,7/2/2007,2019,State Agency,11,55,M,9,3894,,,0,3,0,60048,,Nekoosa,NONE,SA,US_Zipcode,,STATE,0,,0,811 East Grand Avenue,0,3748,0,1,29691,44.235873,WI,5,CALL,0,Chicago,208972,Keysavings Bank - Lakes Office Branch,0,,Adams,MORTGAGE LENDING,Central District,0,,0,2,,WI,1,Wisconsin,7,FDIC,Chicago,75471,,0,292 Matterhorn Trail,-89.912916,,,55141,,Wisconsin Rapids,42,55001,,,KeySavings Bank,Nekoosa,,2019_29691_2
54401,DIF,SB,United States,54401,STATE,48140,42579,Wisconsin,1/1/1902,2019,State Agency,11,55,M,9,4000,,,0,3,132203,132203,,Wausau,NONE,SA,US_Streets,M,STATE,1,,0,500 Scott Street,554,76707,0,73,29745,44.960562,WI,4,CALL,0,Chicago,596978,Marathon Bank,1,,Marathon,COMMERCIAL LENDING,Central District,0,,0,0,,WI,1,Wisconsin,7,FDIC,Chicago,152597,,0,500 Scott Street,-89.625462,,,55073,"Wausau-Stevens Point-Wisconsin Rapids, WI",Wausau,42,55073,,"Wausau-Weston, WI",Marathon  Bank,Wausau,,2019_29745_0
54401,DIF,SB,United States,54455,STATE,48140,277041,Wisconsin,1/1/1902,2019,State Agency,11,55,M,9,4000,,,0,3,0,132203,,Mosinee,NONE,SA,US_Streets,,STATE,0,,0,500 Scott Street,554,30449,0,73,29745,44.793187,WI,4,CALL,0,Chicago,596978,Mosinee Branch,1,,Marathon,COMMERCIAL LENDING,Central District,0,,0,1,,WI,1,Wisconsin,7,FDIC,Chicago,152597,,0,307 Third Street,-89.700985,,,55073,"Wausau-Stevens Point-Wisconsin Rapids, WI",Wausau,42,55073,,"Wausau-Weston, WI",Marathon  Bank,Mosinee,,2019_29745_1
54401,DIF,SB,United States,54474,STATE,48140,277043,Wisconsin,1/1/1902,2019,State Agency,11,55,POINTADDRESS,9,4000,,,0,3,0,132203,,Rothschild,NONE,SA,100,,STATE,0,,0,500 Scott Street,554,17808,0,73,29745,44.899875,WI,4,CALL,0,Chicago,596978,Rothschild Branch,1,,Marathon,COMMERCIAL LENDING,Central District,0,,0,101,,WI,1,Wisconsin,7,FDIC,Chicago,152597,,0,1133 East Grand Avenue,-89.609682,,,55073,"Wausau-Stevens Point-Wisconsin Rapids, WI",Wausau,42,55073,,"Wausau-Weston, WI",Marathon  Bank,Rothschild,,2019_29745_101
54401,DIF,SB,United States,53092,STATE,33340,596315,Wisconsin,3/5/2018,2019,State Agency,11,55,STREETADDRESS,9,4000,,,0,3,0,132203,,Mequon,NONE,SA,100,,STATE,0,,0,500 Scott Street,376,7239,0,89,29745,43.223146,WI,4,CALL,0,Chicago,596978,Mequon Branch,1,,Ozaukee,COMMERCIAL LENDING,Central District,0,,0,103,,WI,1,Wisconsin,7,FDIC,Chicago,152597,,0,11315 N Cedarburg Rd.,-87.983618,,,55073,"Milwaukee-Racine-Waukesha, WI",Wausau,42,55089,,"Milwaukee-Waukesha, WI",Marathon  Bank,Mequon,,2019_29745_103
53703,DIF,SB,United States,53703,STATE,31540,43082,Wisconsin,01/01/1895,2019,State Agency,11,55,EXACT,9,5042,United States,"HOME BANCORP WISCONSIN, INC.",0,3,118458,118458,,Madison,ONE,SA,98.57,M,STATE,1,,0,3762 E. Washington Avenue,357,18411,4522199,25,30248,43.118658,WI,4,CALL,0,Chicago,255873,Home Savings Bank,1,,Dane,COMMERCIAL LENDING,Central District,0,,0,0,,WI,1,Wisconsin,7,FDIC,Chicago,154010,,0,3762 E. Washington Avenue,-89.322046,,MADISON,55025,"Madison-Janesville-Beloit, WI",Madison,41,55025,,"Madison, WI",Home Savings Bank,Madison,WI,2019_30248_0
53703,DIF,SB,United States,53589,STATE,31540,279361,Wisconsin,01/01/1895,2019,State Agency,11,55,M,9,5042,United States,"HOME BANCORP WISCONSIN, INC.",0,3,0,118458,,Stoughton,ONE,SA,US_RoofTop,,STATE,0,,0,3762 E. Washington Avenue,357,28666,4522199,25,30248,42.916802,WI,4,CALL,0,Chicago,255873,400 West Main St Branch,1,,Dane,COMMERCIAL LENDING,Central District,0,,0,100,,WI,1,Wisconsin,7,FDIC,Chicago,154010,,0,400 West Main St,-89.224996,,MADISON,55025,"Madison-Janesville-Beloit, WI",Madison,41,55025,,"Madison, WI",Home Savings Bank,Stoughton,WI,2019_30248_100
53703,DIF,SB,United States,53704,STATE,31540,450897,Wisconsin,5/1/2006,2019,State Agency,11,55,M,9,5042,United States,"HOME BANCORP WISCONSIN, INC.",0,3,0,118458,,Madison,ONE,SA,US_RoofTop,,STATE,0,,0,3762 E. Washington Avenue,357,42661,4522199,25,30248,43.118686,WI,4,CALL,0,Chicago,255873,Main Office Washington Avenue Branch,1,,Dane,COMMERCIAL LENDING,Central District,0,,0,103,,WI,1,Wisconsin,7,FDIC,Chicago,154010,,0,3762 East Washington Avenue,-89.321966,,MADISON,55025,"Madison-Janesville-Beloit, WI",Madison,41,55025,,"Madison, WI",Home Savings Bank,Madison,WI,2019_30248_103
53703,DIF,SB,United States,53717,STATE,31540,279359,Wisconsin,01/01/1895,2019,State Agency,11,55,M,9,5042,United States,"HOME BANCORP WISCONSIN, INC.",0,3,0,118458,,Madison,ONE,SA,US_RoofTop,,STATE,0,,0,3762 E. Washington Avenue,357,28720,4522199,25,30248,43.060462,WI,4,CALL,0,Chicago,255873,Westside Branch,1,,Dane,COMMERCIAL LENDING,Central District,0,,0,2,,WI,1,Wisconsin,7,FDIC,Chicago,154010,,0,7701 Mineral Point Road,-89.516178,,MADISON,55025,"Madison-Janesville-Beloit, WI",Madison,41,55025,,"Madison, WI",Home Savings Bank,Madison,WI,2019_30248_2
54130,DIF,SB,United States,54130,STATE,11540,43147,Wisconsin,01/01/1887,2019,State Agency,11,55,POINTADDRESS,9,5151,United States,"WISCONSIN MUTUAL BANCORP, MHC",0,,193339,193339,,Kaukauna,ONE,SA,100,M,STATE,1,,0,109 West Second Street,118,73596,5085990,87,30313,44.278202,WI,6,CALL,0,Chicago,35879,East Wisconsin Savings Bank,1,,Outagamie,CONSUMER LENDING,Other,0,,0,0,,WI,1,Wisconsin,7,FDIC,Chicago,246558,,0,109 West Second Street,-88.272411,,KAUKAUNA,55087,"Appleton-Oshkosh-Neenah, WI",Kaukauna,41,55087,,"Appleton, WI",East Wisconsin Savings Bank,Kaukauna,WI,2019_30313_0
54130,DIF,SB,United States,54140,STATE,11540,279929,Wisconsin,01/01/1887,2019,State Agency,11,55,M,9,5151,United States,"WISCONSIN MUTUAL BANCORP, MHC",0,,0,193339,,Little Chute,ONE,SA,US_Streets,,STATE,0,,0,109 West Second Street,118,23020,5085990,87,30313,44.284875,WI,6,CALL,0,Chicago,35879,1805 E Main St Branch,1,,Outagamie,CONSUMER LENDING,Other,0,,0,100,,WI,1,Wisconsin,7,FDIC,Chicago,246558,,0,1805 E Main St,-88.292682,,KAUKAUNA,55087,"Appleton-Oshkosh-Neenah, WI",Kaukauna,41,55087,,"Appleton, WI",East Wisconsin Savings Bank,Little Chute,WI,2019_30313_100
54130,DIF,SB,United States,54911,STATE,11540,279930,Wisconsin,01/01/1887,2019,State Agency,11,55,M,9,5151,United States,"WISCONSIN MUTUAL BANCORP, MHC",0,,0,193339,,Appleton,ONE,SA,US_Streets,,STATE,0,,0,109 West Second Street,118,42346,5085990,87,30313,44.272851,WI,6,CALL,0,Chicago,35879,501 E Wisconsin Ave Branch,1,,Outagamie,CONSUMER LENDING,Other,0,,0,101,,WI,1,Wisconsin,7,FDIC,Chicago,246558,,0,501 E Wisconsin Ave,-88.399611,,KAUKAUNA,55087,"Appleton-Oshkosh-Neenah, WI",Kaukauna,41,55087,,"Appleton, WI",East Wisconsin Savings Bank,Appleton,WI,2019_30313_101
54130,DIF,SB,United States,54130,STATE,11540,279931,Wisconsin,01/01/1887,2019,State Agency,11,55,M,9,5151,United States,"WISCONSIN MUTUAL BANCORP, MHC",0,,0,193339,,Kaukauna,ONE,SA,US_RoofTop,,STATE,0,,0,109 West Second Street,118,20948,5085990,87,30313,44.380865,WI,6,CALL,0,Chicago,35879,N3947 Columbia Ave Branch,1,,Outagamie,CONSUMER LENDING,Other,0,,0,102,,WI,1,Wisconsin,7,FDIC,Chicago,246558,,0,N3947 Columbia Avenue,-88.292239,,KAUKAUNA,55087,"Appleton-Oshkosh-Neenah, WI",Kaukauna,41,55087,,"Appleton, WI",East Wisconsin Savings Bank,Kaukauna,WI,2019_30313_102
54130,DIF,SB,United States,54136,STATE,11540,279932,Wisconsin,6/30/1985,2019,State Agency,11,55,M,9,5151,United States,"WISCONSIN MUTUAL BANCORP, MHC",0,,0,193339,,Kimberly,ONE,SA,US_Streets,,STATE,0,,0,109 West Second Street,118,22957,5085990,87,30313,44.272416,WI,6,CALL,0,Chicago,35879,220 W Kimberly Ave Branch,1,,Outagamie,CONSUMER LENDING,Other,0,,0,103,,WI,1,Wisconsin,7,FDIC,Chicago,246558,,0,220 W Kimberly Ave,-88.335947,,KAUKAUNA,55087,"Appleton-Oshkosh-Neenah, WI",Kaukauna,41,55087,,"Appleton, WI",East Wisconsin Savings Bank,Kimberly,WI,2019_30313_103
54130,DIF,SB,United States,54913,STATE,11540,463995,Wisconsin,12/9/1996,2019,State Agency,11,55,EXACT,9,5151,United States,"WISCONSIN MUTUAL BANCORP, MHC",0,,0,193339,,Appleton,ONE,SA,100,,STATE,0,,0,109 West Second Street,118,10472,5085990,87,30313,44.274761,WI,6,CALL,0,Chicago,35879,Wisconsin Avenue Branch,1,,Outagamie,CONSUMER LENDING,Other,0,,0,104,,WI,1,Wisconsin,7,FDIC,Chicago,246558,,0,1501 North Casaloma Dr,-88.476397,,KAUKAUNA,55087,"Appleton-Oshkosh-Neenah, WI",Kaukauna,41,55087,,"Appleton, WI",East Wisconsin Savings Bank,Appleton,WI,2019_30313_104
53186,DIF,SB,United States,53186,OCC,33340,43256,Wisconsin,1/1/1922,2019,Comptroller of the Currency,11,55,M,9,5313,United States,"FFBW, MHC",0,3,188910,188910,,Waukesha,ONE,SA,100,M,FED,1,,0,1617 E Racine Ave,376,57571,5138382,133,30422,42.996984,WI,4,CALL,0,Chicago,331076,First Federal Bank Of Wisconsin,1,,Waukesha,COMMERCIAL LENDING,Central District,0,,0,0,,WI,1,Wisconsin,7,OCC,Chicago,258396,,0,1617 E Racine Ave,-88.202984,,BROOKFIELD,55133,"Milwaukee-Racine-Waukesha, WI",Waukesha,34,55133,,"Milwaukee-Waukesha, WI",First Federal Bank of Wisconsin,Waukesha,WI,2019_30422_0
53186,DIF,SB,United States,53188,OCC,33340,280369,Wisconsin,1/1/1922,2019,Comptroller of the Currency,11,55,M,9,5313,United States,"FFBW, MHC",0,3,0,188910,,Waukesha,ONE,SA,100,,FED,0,,0,1617 E Racine Ave,376,32942,5138382,133,30422,43.021923,WI,4,CALL,0,Chicago,331076,1801 Summit Avenue Branch,1,,Waukesha,COMMERCIAL LENDING,Central District,0,,0,1,,WI,1,Wisconsin,7,OCC,Chicago,258396,,0,1801 Summit Avenue,-88.256296,,BROOKFIELD,55133,"Milwaukee-Racine-Waukesha, WI",Waukesha,34,55133,,"Milwaukee-Waukesha, WI",First Federal Bank of Wisconsin,Waukesha,WI,2019_30422_1
53186,DIF,SB,United States,53207,OCC,33340,42340,Wisconsin,1/1/1915,2019,Comptroller of the Currency,11,55,PointAddress,9,5313,United States,"FFBW, MHC",0,3,0,188910,,Milwaukee,ONE,SA,100,,FED,0,,0,1617 E Racine Ave,376,48780,5138382,79,30422,42.9721,WI,4,CALL,0,Chicago,331076,3974 South Howell Ave Br,1,,Milwaukee,COMMERCIAL LENDING,Central District,0,5/17/2014,0,102,,WI,1,Wisconsin,7,OCC,Chicago,258396,,0,3974 S Howell Avenue,-87.909041,,BROOKFIELD,55133,"Milwaukee-Racine-Waukesha, WI",Waukesha,34,55079,,"Milwaukee-Waukesha, WI",First Federal Bank of Wisconsin,Milwaukee,WI,2019_30422_102
53186,DIF,SB,United States,53005,OCC,33340,572524,Wisconsin,10/1/2015,2019,Comptroller of the Currency,11,55,STREETADDRESS,9,5313,United States,"FFBW, MHC",0,3,0,188910,,Brookfield,ONE,SA,100,,FED,0,,0,1617 E Racine Ave,376,49617,5138382,133,30422,43.017127,WI,4,CALL,0,Chicago,331076,Brookfield Office,1,,Waukesha,COMMERCIAL LENDING,Central District,0,,0,103,,WI,1,Wisconsin,7,OCC,Chicago,258396,,0,1360 S. Moorland Road,-88.106937,,BROOKFIELD,55133,"Milwaukee-Racine-Waukesha, WI",Waukesha,34,55133,,"Milwaukee-Waukesha, WI",First Federal Bank of Wisconsin,Brookfield,WI,2019_30422_103
54487,DIF,SB,United States,54487,STATE,48140,43350,Wisconsin,1/1/1920,2019,State Agency,11,55,M,9,5484,United States,TCB MUTUAL HOLDING COMPANY,0,3,119942,119942,,Tomahawk,ONE,SA,US_Streets,M,STATE,1,,0,15 East Wisconsin Avenue,554,87687,3823965,69,30516,45.470784,WI,4,CALL,0,Chicago,465672,Tomahawk Community Bank S.S.B.,1,,Lincoln,COMMERCIAL LENDING,Central District,0,,0,0,,WI,1,Wisconsin,9,FDIC,Minneapolis,140614,,0,15 East Wisconsin Avenue,-89.729172,,TOMAHAWK,55069,"Wausau-Stevens Point-Wisconsin Rapids, WI",Tomahawk,41,55069,,"Wausau-Weston, WI",Tomahawk Community Bank S.S.B.,Tomahawk,WI,2019_30516_0
54487,DIF,SB,United States,54452,STATE,48140,42954,Wisconsin,1/1/1924,2019,State Agency,11,55,PointAddress,9,5484,United States,TCB MUTUAL HOLDING COMPANY,0,3,0,119942,,Merrill,ONE,SA,100,,STATE,0,,0,15 East Wisconsin Avenue,554,32255,3823965,69,30516,45.1799,WI,4,CALL,0,Chicago,465672,Merrill Branch,1,,Lincoln,COMMERCIAL LENDING,Central District,0,11/5/2016,0,1,,WI,1,Wisconsin,9,FDIC,Minneapolis,140614,,0,907 East Main St,-89.686601,,TOMAHAWK,55069,"Wausau-Stevens Point-Wisconsin Rapids, WI",Tomahawk,41,55069,,"Wausau-Weston, WI",Tomahawk Community Bank S.S.B.,Merrill,WI,2019_30516_1
53050,DIF,SB,United States,53050,STATE,0,43419,Wisconsin,1/1/1922,2019,State Agency,11,55,M,9,5592,,,1,3,60224,60224,,Mayville,NONE,SA,US_Streets,M,STATE,1,,0,200 South Main Street,376,60224,0,27,30585,43.492399,WI,5,CALL,0,Chicago,411576,Mayville Savings Bank,0,,Dodge,MORTGAGE LENDING,Central District,0,,1,0,,WI,1,Wisconsin,7,FDIC,Chicago,67577,,0,200 South Main Street,-88.544574,,,55027,"Milwaukee-Racine-Waukesha, WI",Mayville,42,55027,,,Mayville Savings Bank,Mayville,,2019_30585_0
53024,DIF,NM,United States,53024,STATE,33340,46372,Wisconsin,9/26/1990,2019,State Agency,11,55,M,9,0,United States,"COMMUNITY BANCSHARES OF WISCONSIN, INC.",0,3,167358,167358,,Grafton,ONE,CB,US_Streets,M,STATE,1,,0,2090 Wisconsin Avenue,376,107434,1492246,89,33137,43.303898,WI,4,CALL,0,Chicago,1478231,Cornerstone Community Bank,1,,Ozaukee,COMMERCIAL LENDING,Central District,0,,0,0,,WI,1,Wisconsin,7,FDIC,Chicago,201453,,0,2090 Wisconsin Avenue,-87.961103,,GRAFTON,55089,"Milwaukee-Racine-Waukesha, WI",Grafton,21,55089,,"Milwaukee-Waukesha, WI",Cornerstone Community Bank,Grafton,WI,2019_33137_0
53024,DIF,NM,United States,53051,STATE,33340,289258,Wisconsin,9/15/1994,2019,State Agency,11,55,M,9,0,United States,"COMMUNITY BANCSHARES OF WISCONSIN, INC.",0,3,0,167358,,Menomonee Falls,ONE,CB,US_Zipcode,,STATE,0,,0,2090 Wisconsin Avenue,376,59924,1492246,133,33137,43.148866,WI,4,CALL,0,Chicago,1478231,Menomonee Falls Branch,1,,Waukesha,COMMERCIAL LENDING,Central District,0,,0,1,,WI,1,Wisconsin,7,FDIC,Chicago,201453,,0,N91 W17231 Appleton Avenue,-88.121946,,GRAFTON,55089,"Milwaukee-Racine-Waukesha, WI",Grafton,21,55133,,"Milwaukee-Waukesha, WI",Cornerstone Community Bank,Menomonee Falls,WI,2019_33137_1
53716,DIF,NM,United States,53716,STATE,31540,47143,Wisconsin,7/1/1991,2019,State Agency,11,55,M,9,13938,United States,"MONONA BANKSHARES, INC.",0,3,715988,715988,,Madison,ONE,CB,US_Streets,M,STATE,1,,0,5515 Monona Drive,357,270580,1889967,25,33458,43.059262,WI,4,CALL,0,Chicago,1872996,Monona Bank,1,,Dane,COMMERCIAL LENDING,Central District,0,,0,0,,WI,1,Wisconsin,7,FDIC,Chicago,931462,,0,5515 Monona Drive,-89.325963,,MONONA,55025,"Madison-Janesville-Beloit, WI",Monona,21,55025,,"Madison, WI",Monona Bank,Monona,WI,2019_33458_0
53716,DIF,NM,United States,53527,STATE,31540,433420,Wisconsin,11/15/2004,2019,State Agency,11,55,M,9,13938,United States,"MONONA BANKSHARES, INC.",0,3,0,715988,,Cottage Grove,ONE,CB,US_RoofTop,,STATE,0,,0,5515 Monona Drive,357,65944,1889967,25,33458,43.086601,WI,4,CALL,0,Chicago,1872996,Cottage Grove Branch,1,,Dane,COMMERCIAL LENDING,Central District,0,,0,1,,WI,1,Wisconsin,7,FDIC,Chicago,931462,,0,341 West Cottage Grove Road,-89.207977,,MONONA,55025,"Madison-Janesville-Beloit, WI",Monona,21,55025,,"Madison, WI",Monona Bank,Cottage Grove,WI,2019_33458_1
53716,DIF,NM,United States,53716,STATE,31540,481662,Wisconsin,10/20/2008,2019,State Agency,11,55,M,9,13938,United States,"MONONA BANKSHARES, INC.",0,3,0,715988,,Madison,ONE,CB,US_Zipcode,,STATE,0,,0,5515 Monona Drive,357,109221,1889967,25,33458,43.065882,WI,4,CALL,0,Chicago,1872996,Bridge Road Branch,1,,Dane,COMMERCIAL LENDING,Central District,0,,0,2,,WI,1,Wisconsin,7,FDIC,Chicago,931462,,0,6430 Bridge Road,-89.326038,,MONONA,55025,"Madison-Janesville-Beloit, WI",Monona,21,55025,,"Madison, WI",Monona Bank,Monona,WI,2019_33458_2
53716,DIF,NM,United States,53704,STATE,31540,547071,Wisconsin,1/21/2014,2019,State Agency,11,55,PointAddress,9,13938,United States,"MONONA BANKSHARES, INC.",0,3,0,715988,,Madison,ONE,CB,100,,STATE,0,,0,5515 Monona Drive,357,37483,1889967,25,33458,43.09158,WI,4,CALL,0,Chicago,1872996,Atwood Avenue Madison Branch,1,,Dane,COMMERCIAL LENDING,Central District,0,,0,3,,WI,1,Wisconsin,7,FDIC,Chicago,931462,,0,1965 Atwood Avenue,-89.355821,,MONONA,55025,"Madison-Janesville-Beloit, WI",Monona,21,55025,,"Madison, WI",Monona Bank,Madison,WI,2019_33458_3
53716,DIF,NM,United States,53562,STATE,31540,55352,Wisconsin,1/31/1995,2019,State Agency,11,55,M,9,13938,United States,"MONONA BANKSHARES, INC.",0,3,0,715988,,Middleton,ONE,CB,US_RoofTop,,STATE,0,,0,5515 Monona Drive,357,129656,1889967,25,33458,43.10944,WI,4,CALL,0,Chicago,1872996,Middleton Br,1,,Dane,COMMERCIAL LENDING,Central District,0,6/9/2017,0,4,,WI,1,Wisconsin,7,FDIC,Chicago,931462,,0,3207 Parmenter Street,-89.509856,,MONONA,55025,"Madison-Janesville-Beloit, WI",Monona,21,55025,,"Madison, WI",Monona Bank,Middleton,WI,2019_33458_4
53716,DIF,NM,United States,53521,STATE,31540,473856,Wisconsin,3/3/2008,2019,State Agency,11,55,M,9,13938,United States,"MONONA BANKSHARES, INC.",0,3,0,715988,,Brooklyn,ONE,CB,US_Streets,,STATE,0,,0,5515 Monona Drive,357,14413,1889967,25,33458,42.858964,WI,4,CALL,0,Chicago,1872996,Brooklyn Branch,1,,Dane,COMMERCIAL LENDING,Central District,0,6/9/2017,0,5,,WI,1,Wisconsin,7,FDIC,Chicago,931462,,0,229 Douglas Drive,-89.370205,,MONONA,55025,"Madison-Janesville-Beloit, WI",Monona,21,55025,,"Madison, WI",Monona Bank,Brooklyn,WI,2019_33458_5
53716,DIF,NM,United States,53508,STATE,31540,473857,Wisconsin,3/18/2008,2019,State Agency,11,55,PointAddress,9,13938,United States,"MONONA BANKSHARES, INC.",0,3,0,715988,,Belleville,ONE,CB,100,,STATE,0,,0,5515 Monona Drive,357,11426,1889967,25,33458,42.8599,WI,4,CALL,0,Chicago,1872996,Belleville Branch,1,,Dane,COMMERCIAL LENDING,Central District,0,6/9/2017,0,6,,WI,1,Wisconsin,7,FDIC,Chicago,931462,,0,27 W Main St,-89.535021,,MONONA,55025,"Madison-Janesville-Beloit, WI",Monona,21,55025,,"Madison, WI",Monona Bank,Belleville,WI,2019_33458_6
53716,DIF,NM,United States,53583,STATE,0,515751,Wisconsin,1/11/2011,2019,State Agency,11,55,M,9,13938,United States,"MONONA BANKSHARES, INC.",0,3,0,715988,,Sauk City,ONE,CB,US_Streets,,STATE,0,,0,5515 Monona Drive,357,17864,1889967,111,33458,43.271376,WI,4,CALL,0,Chicago,1872996,Sauk City Branch,0,,Sauk,COMMERCIAL LENDING,Central District,0,6/9/2017,1,7,,WI,1,Wisconsin,7,FDIC,Chicago,931462,,0,603 Phillips Boulevard,-89.728604,,MONONA,55025,"Madison-Janesville-Beloit, WI",Monona,21,55111,,,Monona Bank,Sauk City,WI,2019_33458_7
53716,DIF,NM,United States,53528,STATE,31540,543245,Wisconsin,9/23/2013,2019,State Agency,11,55,M,9,13938,United States,"MONONA BANKSHARES, INC.",0,3,0,715988,,Cross Plains,ONE,CB,100,,STATE,0,,0,5515 Monona Drive,357,59401,1889967,25,33458,43.109328,WI,4,CALL,0,Chicago,1872996,Cross Plains Wi Branch,1,,Dane,COMMERCIAL LENDING,Central District,0,6/9/2017,0,8,,WI,1,Wisconsin,7,FDIC,Chicago,931462,,0,2615 Westview Court,-89.639111,,MONONA,55025,"Madison-Janesville-Beloit, WI",Monona,21,55025,,"Madison, WI",Monona Bank,Cross Plains,WI,2019_33458_8
54911,DIF,N,United States,54911,OCC,11540,48096,Wisconsin,6/14/1993,2019,Comptroller of the Currency,11,55,M,9,15499,United States,"AMERICAN NATIONAL BANCORP, INC.",1,3,251094,251094,,Appleton,ONE,CB,US_Streets,M,FED,1,,0,2200 North Richmond Street,118,251094,2716640,87,33812,44.282061,WI,4,CALL,0,Chicago,2051127,American National Bank - Fox Cities,1,,Outagamie,COMMERCIAL LENDING,Central District,0,,0,0,,WI,1,Wisconsin,7,OCC,Chicago,302510,,0,2200 North Richmond Street,-88.415705,,APPLETON,55087,"Appleton-Oshkosh-Neenah, WI",Appleton,3,55087,,"Appleton, WI",American National Bank - Fox Cities,Appleton,WI,2019_33812_0
53583,DIF,NM,United States,53583,STATE,0,48188,Wisconsin,2/21/1994,2019,State Agency,11,55,M,9,14667,United States,RIVER HOLDING COMPANY,0,3,107149,107149,,Sauk City,MULT,CB,100,M,STATE,1,,0,608 Phillips Boulevard,357,62209,2486813,111,33880,43.271368,WI,4,CALL,0,Chicago,2164111,Wisconsin River Bank,0,,Sauk,COMMERCIAL LENDING,Central District,0,,1,0,,WI,1,Wisconsin,7,FDIC,Chicago,143014,,0,608 Phillips Boulevard,-89.728684,,STODDARD,55111,"Madison-Janesville-Beloit, WI",Sauk City,21,55111,,,Wisconsin River Bank,Sauk City,WI,2019_33880_0
53583,DIF,NM,United States,53555,STATE,31540,290136,Wisconsin,1/4/1999,2019,State Agency,11,55,StreetAddress,9,14667,United States,RIVER HOLDING COMPANY,0,3,0,107149,,Lodi,MULT,CB,100,,STATE,0,,0,608 Phillips Boulevard,357,26415,2486813,21,33880,43.314972,WI,4,CALL,0,Chicago,2164111,Lodi Branch,1,,Columbia,COMMERCIAL LENDING,Central District,0,,0,2,,WI,1,Wisconsin,7,FDIC,Chicago,143014,,0,220 N. Main Street,-89.527464,,STODDARD,55111,"Madison-Janesville-Beloit, WI",Sauk City,21,55021,,"Madison, WI",Wisconsin River Bank,Lodi,WI,2019_33880_2
53583,DIF,NM,United States,53545,STATE,27500,569819,Wisconsin,8/4/2014,2019,State Agency,11,55,PointAddress,9,14667,United States,RIVER HOLDING COMPANY,0,3,0,107149,,Janesville,MULT,CB,100,,STATE,0,,0,608 Phillips Boulevard,357,18525,2486813,105,33880,42.697176,WI,4,CALL,0,Chicago,2164111,Janesville Branch,1,,Rock,COMMERCIAL LENDING,Central District,0,,0,4,,WI,1,Wisconsin,7,FDIC,Chicago,143014,,0,1101 North Parker Drive,-89.030344,,STODDARD,55111,"Madison-Janesville-Beloit, WI",Sauk City,21,55105,,"Janesville-Beloit, WI",Wisconsin River Bank,Janesville,WI,2019_33880_4
54313,DIF,NM,United States,54313,STATE,24580,56131,Wisconsin,8/21/1995,2019,State Agency,11,55,M,9,0,United States,"BAY BANCORPORATION, INC.",0,3,79725,79725,,Green Bay,ONE,CB,US_Streets,M,STATE,1,,0,2555 Packerland Drive,267,75019,2340867,9,34052,44.497522,WI,4,CALL,0,Chicago,2329200,Bay Bank,1,,Brown,COMMERCIAL LENDING,Central District,0,,0,0,,WI,1,Wisconsin,7,FDIC,Chicago,101190,,0,2555 Packerland Drive,-88.103339,,GREEN BAY,55009,"Green Bay-Shawano, WI",Green Bay,21,55009,,"Green Bay, WI",Bay Bank,Green Bay,WI,2019_34052_0
54313,DIF,NM,United States,54307,STATE,24580,580561,Wisconsin,11/2/2015,2019,State Agency,11,55,StreetAddress,9,0,United States,"BAY BANCORPORATION, INC.",0,3,0,79725,,Green Bay,ONE,CB,92.08,,STATE,0,,0,2555 Packerland Drive,267,4706,2340867,9,34052,44.524187,WI,4,CALL,0,Chicago,2329200,West Mason Location Branch,1,,Brown,COMMERCIAL LENDING,Central District,0,,0,1,,WI,1,Wisconsin,7,FDIC,Chicago,101190,,0,2550 West Mason Street,-88.096887,,GREEN BAY,55009,"Green Bay-Shawano, WI",Green Bay,21,55009,,"Green Bay, WI",Bay Bank,Green Bay,WI,2019_34052_1
53717,DIF,NM,United States,53717,STATE,31540,56211,Wisconsin,10/9/1995,2019,State Agency,11,55,M,9,14016,United States,"CAPITOL BANKSHARES, INC.",0,3,334590,334590,,Madison,ONE,CB,US_Streets,M,STATE,1,,0,710 North High Point Road,357,207301,2339610,25,34074,43.075331,WI,4,CALL,0,Chicago,2339599,Capitol Bank,1,,Dane,COMMERCIAL LENDING,Central District,0,,0,0,,WI,1,Wisconsin,7,FDIC,Chicago,382805,,0,710 North High Point Road,-89.518814,,MADISON,55025,"Madison-Janesville-Beloit, WI",Madison,21,55025,,"Madison, WI",Capitol Bank,Madison,WI,2019_34074_0
53717,DIF,NM,United States,53562,STATE,31540,423230,Wisconsin,10/1/2003,2019,State Agency,23,55,M,9,14016,United States,"CAPITOL BANKSHARES, INC.",0,3,0,334590,,Middleton,ONE,CB,US_Streets,N,STATE,0,,0,710 North High Point Road,357,0,2339610,25,34074,43.105324,WI,4,CALL,0,Chicago,2339599,Middleton Glen Branch,1,,Dane,COMMERCIAL LENDING,Central District,0,,0,1,,WI,1,Wisconsin,7,FDIC,Chicago,382805,,0,6720 Century Avenue,-89.496038,,MADISON,55025,"Madison-Janesville-Beloit, WI",Madison,21,55025,,"Madison, WI",Capitol Bank,Middleton,WI,2019_34074_1
53717,DIF,NM,United States,53593,STATE,31540,449822,Wisconsin,1/23/2006,2019,State Agency,23,55,M,9,14016,United States,"CAPITOL BANKSHARES, INC.",0,3,0,334590,,Verona,ONE,CB,US_Streets,N,STATE,0,,0,710 North High Point Road,357,0,2339610,25,34074,43.002877,WI,4,CALL,0,Chicago,2339599,Prairie Oaks Ii Branch,1,,Dane,COMMERCIAL LENDING,Central District,0,,0,11,,WI,1,Wisconsin,7,FDIC,Chicago,382805,,0,325 Prairie Way Boulevard,-89.531793,,MADISON,55025,"Madison-Janesville-Beloit, WI",Madison,21,55025,,"Madison, WI",Capitol Bank,Verona,WI,2019_34074_11
53717,DIF,NM,United States,53593,STATE,31540,449823,Wisconsin,1/23/2006,2019,State Agency,23,55,M,9,14016,United States,"CAPITOL BANKSHARES, INC.",0,3,0,334590,,Verona,ONE,CB,US_Streets,N,STATE,0,,0,710 North High Point Road,357,0,2339610,25,34074,43.002237,WI,4,CALL,0,Chicago,2339599,Prairie Oaks I Branch,1,,Dane,COMMERCIAL LENDING,Central District,0,,0,12,,WI,1,Wisconsin,7,FDIC,Chicago,382805,,0,1049 Enterprise Drive,-89.529323,,MADISON,55025,"Madison-Janesville-Beloit, WI",Madison,21,55025,,"Madison, WI",Capitol Bank,Verona,WI,2019_34074_12
53717,DIF,NM,United States,53719,STATE,31540,452354,Wisconsin,1/23/2006,2019,State Agency,23,55,M,9,14016,United States,"CAPITOL BANKSHARES, INC.",0,3,0,334590,,Madison,ONE,CB,US_RoofTop,N,STATE,0,,0,710 North High Point Road,357,0,2339610,25,34074,43.047959,WI,4,CALL,0,Chicago,2339599,Sebring Branch,1,,Dane,COMMERCIAL LENDING,Central District,0,,0,13,,WI,1,Wisconsin,7,FDIC,Chicago,382805,,0,7710 South Brookline Drive,-89.519021,,MADISON,55025,"Madison-Janesville-Beloit, WI",Madison,21,55025,,"Madison, WI",Capitol Bank,Madison,WI,2019_34074_13
53717,DIF,NM,United States,53562,STATE,31540,423232,Wisconsin,10/1/2003,2019,State Agency,23,55,M,9,14016,United States,"CAPITOL BANKSHARES, INC.",0,3,0,334590,,Middleton,ONE,CB,US_Streets,N,STATE,0,,0,710 North High Point Road,357,0,2339610,25,34074,43.07477,WI,4,CALL,0,Chicago,2339599,Sauk Gardens Branch,1,,Dane,COMMERCIAL LENDING,Central District,0,,0,3,,WI,1,Wisconsin,7,FDIC,Chicago,382805,,0,8501 Old Sauk Road,-89.532411,,MADISON,55025,"Madison-Janesville-Beloit, WI",Madison,21,55025,,"Madison, WI",Capitol Bank,Middleton,WI,2019_34074_3
53717,DIF,NM,United States,53562,STATE,31540,423234,Wisconsin,10/1/2003,2019,State Agency,23,55,M,9,14016,United States,"CAPITOL BANKSHARES, INC.",0,3,0,334590,,Middleton,ONE,CB,US_Streets,N,STATE,0,,0,710 North High Point Road,357,0,2339610,25,34074,43.074727,WI,4,CALL,0,Chicago,2339599,Attic Angels Branch,1,,Dane,COMMERCIAL LENDING,Central District,0,,0,4,,WI,1,Wisconsin,7,FDIC,Chicago,382805,,0,8301 Old Sauk Road,-89.529743,,MADISON,55025,"Madison-Janesville-Beloit, WI",Madison,21,55025,,"Madison, WI",Capitol Bank,Middleton,WI,2019_34074_4
53717,DIF,NM,United States,53719,STATE,31540,423235,Wisconsin,10/1/2003,2019,State Agency,23,55,M,9,14016,United States,"CAPITOL BANKSHARES, INC.",0,3,0,334590,,Madison,ONE,CB,US_RoofTop,N,STATE,0,,0,710 North High Point Road,357,0,2339610,25,34074,43.049487,WI,4,CALL,0,Chicago,2339599,Coventry Village Branch,1,,Dane,COMMERCIAL LENDING,Central District,0,,0,5,,WI,1,Wisconsin,7,FDIC,Chicago,382805,,0,7707 North Brookline Drive,-89.518889,,MADISON,55025,"Madison-Janesville-Beloit, WI",Madison,21,55025,,"Madison, WI",Capitol Bank,Madison,WI,2019_34074_5
53717,DIF,NM,United States,53717,STATE,31540,423236,Wisconsin,10/1/2003,2019,State Agency,23,55,M,9,14016,United States,"CAPITOL BANKSHARES, INC.",0,3,0,334590,,Madison,ONE,CB,US_RoofTop,N,STATE,0,,0,710 North High Point Road,357,0,2339610,25,34074,43.079071,WI,4,CALL,0,Chicago,2339599,Rosewood Villas Branch,1,,Dane,COMMERCIAL LENDING,Central District,0,,0,6,,WI,1,Wisconsin,7,FDIC,Chicago,382805,,0,902 North High Point Road,-89.518946,,MADISON,55025,"Madison-Janesville-Beloit, WI",Madison,21,55025,,"Madison, WI",Capitol Bank,Madison,WI,2019_34074_6
53717,DIF,NM,United States,53593,STATE,31540,447910,Wisconsin,1/30/2006,2019,State Agency,11,55,M,9,14016,United States,"CAPITOL BANKSHARES, INC.",0,3,0,334590,,Verona,ONE,CB,US_RoofTop,,STATE,0,,0,710 North High Point Road,357,127289,2339610,25,34074,42.990848,WI,4,CALL,0,Chicago,2339599,108 East Verona Avenue Office,1,,Dane,COMMERCIAL LENDING,Central District,0,,0,7,,WI,1,Wisconsin,7,FDIC,Chicago,382805,,0,108 East Verona Avenue,-89.532368,,MADISON,55025,"Madison-Janesville-Beloit, WI",Madison,21,55025,,"Madison, WI",Capitol Bank,Verona,WI,2019_34074_7
53717,DIF,NM,United States,53562,STATE,31540,449819,Wisconsin,1/23/2006,2019,State Agency,23,55,M,9,14016,United States,"CAPITOL BANKSHARES, INC.",0,3,0,334590,,Middleton,ONE,CB,US_Streets,N,STATE,0,,0,710 North High Point Road,357,0,2339610,25,34074,43.074857,WI,4,CALL,0,Chicago,2339599,Old Sauk Road Facility,1,,Dane,COMMERCIAL LENDING,Central District,0,,0,8,,WI,1,Wisconsin,7,FDIC,Chicago,382805,,0,9401 Old Sauk Road,-89.548712,,MADISON,55025,"Madison-Janesville-Beloit, WI",Madison,21,55025,,"Madison, WI",Capitol Bank,Middleton,WI,2019_34074_8
53717,DIF,NM,United States,53593,STATE,31540,449820,Wisconsin,1/23/2006,2019,State Agency,23,55,M,9,14016,United States,"CAPITOL BANKSHARES, INC.",0,3,0,334590,,Verona,ONE,CB,US_Zipcode,N,STATE,0,,0,710 North High Point Road,357,0,2339610,25,34074,42.984588,WI,4,CALL,0,Chicago,2339599,Chruch Street Facility,1,,Dane,COMMERCIAL LENDING,Central District,0,,0,9,,WI,1,Wisconsin,7,FDIC,Chicago,382805,,0,304 Chruch Street,-89.577385,,MADISON,55025,"Madison-Janesville-Beloit, WI",Madison,21,55025,,"Madison, WI",Capitol Bank,Verona,WI,2019_34074_9
54901,DIF,NM,United States,54901,STATE,36780,56310,Wisconsin,4/22/1996,2019,State Agency,11,55,M,9,14672,United States,"WEST POINTE BANCSHARES, INC.",1,3,207671,207671,,Oshkosh,ONE,CB,US_Streets,M,STATE,1,,0,1750 Witzel Avenue,118,207671,2371807,139,34162,44.018101,WI,4,CALL,0,Chicago,2371816,West Pointe Bank,1,,Winnebago,COMMERCIAL LENDING,Central District,0,,0,0,,WI,1,Wisconsin,7,FDIC,Chicago,280934,,0,1750 Witzel Avenue,-88.577846,,OSHKOSH,55139,"Appleton-Oshkosh-Neenah, WI",Oshkosh,21,55139,,"Oshkosh-Neenah, WI",West Pointe Bank,Oshkosh,WI,2019_34162_0
54944,DIF,NM,United States,54944,STATE,11540,56999,Wisconsin,10/16/1996,2019,State Agency,11,55,M,9,0,United States,"WOLF RIVER BANCORP, INC.",0,3,155145,155145,,Hortonville,ONE,CB,US_Streets,M,STATE,1,,0,309 East Main Street,118,98961,3180257,87,34240,44.335552,WI,4,CALL,0,Chicago,2505424,Wolf River Community Bank,1,,Outagamie,COMMERCIAL LENDING,Central District,0,,0,0,,WI,1,Wisconsin,7,FDIC,Chicago,192750,,0,309 East Main Street,-88.629751,,HORTONVILLE,55087,"Appleton-Oshkosh-Neenah, WI",Hortonville,21,55087,,"Appleton, WI",Wolf River Community Bank,Hortonville,WI,2019_34240_0
54944,DIF,NM,United States,54961,STATE,0,359351,Wisconsin,1/24/2001,2019,State Agency,11,55,M,9,0,United States,"WOLF RIVER BANCORP, INC.",0,3,0,155145,,New London,ONE,CB,US_Streets,,STATE,0,,0,309 East Main Street,0,33799,3180257,135,34240,44.402159,WI,4,CALL,0,Chicago,2505424,New London Branch,0,,Waupaca,COMMERCIAL LENDING,Central District,0,,0,1,,WI,1,Wisconsin,7,FDIC,Chicago,192750,,0,1008 North Shawano Street,-88.743316,,HORTONVILLE,55087,,Hortonville,21,55135,,,Wolf River Community Bank,New London,WI,2019_34240_1
54944,DIF,NM,United States,54942,STATE,11540,580562,Wisconsin,11/16/2015,2019,State Agency,11,55,PointAddress,9,0,United States,"WOLF RIVER BANCORP, INC.",0,3,0,155145,,Greenville,ONE,CB,100,,STATE,0,,0,309 East Main Street,118,16085,3180257,87,34240,44.290056,WI,4,CALL,0,Chicago,2505424,Greenville Branch,1,,Outagamie,COMMERCIAL LENDING,Central District,0,,0,4,,WI,1,Wisconsin,7,FDIC,Chicago,192750,,0,W6490 Greenville Dr,-88.515889,,HORTONVILLE,55087,"Appleton-Oshkosh-Neenah, WI",Hortonville,21,55087,,"Appleton, WI",Wolf River Community Bank,Greenville,WI,2019_34240_4
54944,DIF,NM,United States,54170,STATE,11540,597914,Wisconsin,2/12/2018,2019,State Agency,11,55,EXACT,9,0,United States,"WOLF RIVER BANCORP, INC.",0,3,0,155145,,Shiocton,ONE,CB,100,,STATE,0,,0,309 East Main Street,118,6300,3180257,87,34240,44.441138,WI,4,CALL,0,Chicago,2505424,Shiocton,1,,Outagamie,COMMERCIAL LENDING,Central District,0,,0,5,,WI,1,Wisconsin,7,FDIC,Chicago,192750,,0,N5579 State Highway 76,-88.579812,,HORTONVILLE,55087,"Appleton-Oshkosh-Neenah, WI",Hortonville,21,55087,,"Appleton, WI",Wolf River Community Bank,Shiocton,WI,2019_34240_5
54220,DIF,NM,United States,54220,STATE,0,57054,Wisconsin,3/17/1997,2019,State Agency,11,55,M,9,0,United States,"COUNTY BANCORP, INC.",0,3,1209463,1209463,,Manitowoc,ONE,CB,US_Streets,M,STATE,1,,0,860 North Rapids Road,0,812467,2524788,71,34295,44.104767,WI,2,CALL,0,Chicago,2524797,Investors Community Bank,0,,Manitowoc,AGRICULTURAL,Central District,0,,1,0,,WI,1,Wisconsin,7,FDIC,Chicago,1476974,,0,860 North Rapids Road,-87.700776,,MANITOWOC,55071,,Manitowoc,21,55071,,,Investors Community Bank,Manitowoc,WI,2019_34295_0
54220,DIF,NM,United States,54481,STATE,0,532157,Wisconsin,12/21/2010,2019,State Agency,11,55,M,9,0,United States,"COUNTY BANCORP, INC.",0,3,0,1209463,,Stevens Point,ONE,CB,100,,STATE,0,,0,860 North Rapids Road,554,182485,2524788,97,34295,44.502656,WI,2,CALL,0,Chicago,2524797,Stevens Point Office Branch,0,,Portage,AGRICULTURAL,Central District,0,,1,1,,WI,1,Wisconsin,7,FDIC,Chicago,1476974,,0,3273 Church St,-89.565376,,MANITOWOC,55071,"Wausau-Stevens Point-Wisconsin Rapids, WI",Manitowoc,21,55097,,,Investors Community Bank,Stevens Point,WI,2019_34295_1
54220,DIF,NM,United States,54912,STATE,11540,73815,Wisconsin,3/1/1999,2019,State Agency,11,55,M,9,0,United States,"COUNTY BANCORP, INC.",0,3,0,1209463,,Appleton,ONE,CB,US_Streets,,STATE,0,,0,860 North Rapids Road,118,134876,2524788,87,34295,44.263197,WI,2,CALL,0,Chicago,2524797,Appleton Business Bank Branch,1,,Outagamie,AGRICULTURAL,Central District,0,5/13/2016,0,2,,WI,1,Wisconsin,7,FDIC,Chicago,1476974,,0,5643 Waterford Lane,-88.492498,,MANITOWOC,55071,"Appleton-Oshkosh-Neenah, WI",Manitowoc,21,55087,,"Appleton, WI",Investors Community Bank,Appleton,WI,2019_34295_2
54220,DIF,NM,United States,54304,STATE,24580,592541,Wisconsin,7/31/2017,2019,State Agency,11,55,POINTADDRESS,9,0,United States,"COUNTY BANCORP, INC.",0,3,0,1209463,,Green Bay,ONE,CB,100,,STATE,0,,0,860 North Rapids Road,267,79635,2524788,9,34295,44.477144,WI,2,CALL,0,Chicago,2524797,Green Bay Branch,1,,Brown,AGRICULTURAL,Central District,0,,0,5,,WI,1,Wisconsin,7,FDIC,Chicago,1476974,,0,960 Hansen Road,-88.077901,,MANITOWOC,55071,"Green Bay-Shawano, WI",Manitowoc,21,55009,,"Green Bay, WI",Investors Community Bank,Ashwaubenon,WI,2019_34295_5
54494,DIF,NM,United States,54494,STATE,0,57063,Wisconsin,7/1/1997,2019,State Agency,11,55,M,9,15776,United States,"RIVER CITIES BANCSHARES, INC.",0,3,210890,210890,,Wisconsin Rapids,ONE,CB,US_Streets,M,STATE,1,,0,1601 Lincoln Street,554,123087,2518479,141,34304,44.380801,WI,4,CALL,0,Chicago,2518497,River Cities Bank,0,,Wood,COMMERCIAL LENDING,Central District,0,,1,0,,WI,1,Wisconsin,7,FDIC,Chicago,255085,,0,1601 Lincoln Street,-89.822396,,WISCONSIN RAPIDS,55141,"Wausau-Stevens Point-Wisconsin Rapids, WI",Wisconsin Rapids,21,55141,,,River Cities Bank,Wisconsin Rapids,WI,2019_34304_0
54494,DIF,NM,United States,54482,STATE,0,363149,Wisconsin,2/15/2002,2019,State Agency,11,55,M,9,15776,United States,"RIVER CITIES BANCSHARES, INC.",0,3,0,210890,,Stevens Point,ONE,CB,US_Streets,,STATE,0,,0,1601 Lincoln Street,554,31247,2518479,97,34304,44.524764,WI,4,CALL,0,Chicago,2518497,Stevens Point Branch,0,,Portage,COMMERCIAL LENDING,Central District,0,,1,1,,WI,1,Wisconsin,7,FDIC,Chicago,255085,,0,"5709 Windy Drive, Suite A",-89.50207,,WISCONSIN RAPIDS,55141,"Wausau-Stevens Point-Wisconsin Rapids, WI",Wisconsin Rapids,21,55097,,,River Cities Bank,Stevens Point,WI,2019_34304_1
54494,DIF,NM,United States,53913,STATE,0,536409,Wisconsin,2/4/2013,2019,State Agency,11,55,M,9,15776,United States,"RIVER CITIES BANCSHARES, INC.",0,3,0,210890,,Baraboo,ONE,CB,100,,STATE,0,,0,1601 Lincoln Street,357,56556,2518479,111,34304,43.475127,WI,4,CALL,0,Chicago,2518497,Baraboo Wi Branch,0,,Sauk,COMMERCIAL LENDING,Central District,0,,1,3,,WI,1,Wisconsin,7,FDIC,Chicago,255085,,0,110 Linn Street,-89.759441,,WISCONSIN RAPIDS,55141,"Madison-Janesville-Beloit, WI",Wisconsin Rapids,21,55111,,,River Cities Bank,Baraboo,WI,2019_34304_3
53029,DIF,SM,United States,53029,STATE,33340,61321,Wisconsin,7/23/1998,2019,State Agency,11,55,POINTADDRESS,9,0,United States,WINTRUST FINANCIAL CORPORATION,0,3,1841790,1841790,,Hartland,MULT,CB,100,M,STATE,1,,0,850 West North Shore Drive,376,370828,2260406,133,34717,43.076452,WI,4,CALL,0,Chicago,2693264,Town Bank,1,,Waukesha,COMMERCIAL LENDING,Central District,0,,0,0,,WI,1,Wisconsin,7,FED,Chicago,2194236,,0,850 West North Shore Drive,-88.362715,,ROSEMONT,55133,"Milwaukee-Racine-Waukesha, WI",Hartland,13,55133,,"Milwaukee-Waukesha, WI",Town Bank,Hartland,IL,2019_34717_0
53029,DIF,SM,United States,53585,STATE,0,8374,Wisconsin,12/14/1874,2019,State Agency,11,55,M,9,0,United States,WINTRUST FINANCIAL CORPORATION,0,3,0,1841790,,Sharon,MULT,CB,US_Streets,,STATE,0,,0,850 West North Shore Drive,376,13287,2260406,127,34717,42.502625,WI,4,CALL,0,Chicago,2693264,Sharon Branch,0,,Walworth,COMMERCIAL LENDING,Central District,0,1/17/2015,1,10,,WI,1,Wisconsin,7,FED,Chicago,2194236,,0,114 Plain Street,-88.728949,,ROSEMONT,55133,"Milwaukee-Racine-Waukesha, WI",Hartland,13,55127,,,Town Bank,Sharon,IL,2019_34717_10
53029,DIF,SM,United States,53525,STATE,27500,469756,Wisconsin,12/17/2007,2019,State Agency,11,55,M,9,0,United States,WINTRUST FINANCIAL CORPORATION,0,3,0,1841790,,Clinton,MULT,CB,US_Streets,,STATE,0,,0,850 West North Shore Drive,357,37319,2260406,105,34717,42.566579,WI,4,CALL,0,Chicago,2693264,Clinton Branch,1,,Rock,COMMERCIAL LENDING,Central District,0,1/17/2015,0,11,,WI,1,Wisconsin,7,FED,Chicago,2194236,,0,501 Ogden Avenue,-88.863014,,ROSEMONT,55133,"Madison-Janesville-Beloit, WI",Hartland,13,55105,,"Janesville-Beloit, WI",Town Bank,Clinton,IL,2019_34717_11
53029,DIF,SM,United States,53185,STATE,39540,207430,Wisconsin,4/11/1968,2019,State Agency,11,55,M,9,0,United States,WINTRUST FINANCIAL CORPORATION,0,3,0,1841790,,Waterford,MULT,CB,US_Streets,,STATE,0,,0,850 West North Shore Drive,376,55485,2260406,101,34717,42.829336,WI,4,CALL,0,Chicago,2693264,Wind Lake Branch,1,,Racine,COMMERCIAL LENDING,Central District,0,8/9/2014,0,15,,WI,1,Wisconsin,7,FED,Chicago,2194236,,0,7998 South Loomis Road,-88.159087,,ROSEMONT,55133,"Milwaukee-Racine-Waukesha, WI",Hartland,13,55101,,"Racine, WI",Town Bank,Wind Lake,IL,2019_34717_15
53029,DIF,SM,United States,53147,STATE,0,207432,Wisconsin,11/27/1989,2019,State Agency,11,55,M,9,0,United States,WINTRUST FINANCIAL CORPORATION,0,3,0,1841790,,Lake Geneva,MULT,CB,US_Streets,,STATE,0,,0,850 West North Shore Drive,376,83080,2260406,127,34717,42.596337,WI,4,CALL,0,Chicago,2693264,Lake Geneva Branch,0,,Walworth,COMMERCIAL LENDING,Central District,0,8/9/2014,1,16,,WI,1,Wisconsin,7,FED,Chicago,2194236,,0,567 Broad Street,-88.435348,,ROSEMONT,55133,"Milwaukee-Racine-Waukesha, WI",Hartland,13,55127,,,Town Bank,Lake Geneva,IL,2019_34717_16
53029,DIF,SM,United States,53184,STATE,0,207433,Wisconsin,11/9/1994,2019,State Agency,11,55,M,9,0,United States,WINTRUST FINANCIAL CORPORATION,0,3,0,1841790,,Walworth,MULT,CB,US_Streets,,STATE,0,,0,850 West North Shore Drive,376,44722,2260406,127,34717,42.531048,WI,4,CALL,0,Chicago,2693264,Walworth Branch,0,,Walworth,COMMERCIAL LENDING,Central District,0,8/9/2014,1,17,,WI,1,Wisconsin,7,FED,Chicago,2194236,,0,671 Kenosha Street,-88.585541,,ROSEMONT,55133,"Milwaukee-Racine-Waukesha, WI",Hartland,13,55127,,,Town Bank,Walworth,IL,2019_34717_17
53029,DIF,SM,United States,53502,STATE,31540,1629,Wisconsin,01/01/1892,2019,State Agency,11,55,M,9,0,United States,WINTRUST FINANCIAL CORPORATION,0,3,0,1841790,,Albany,MULT,CB,US_Streets,,STATE,0,,0,850 West North Shore Drive,357,19932,2260406,45,34717,42.707288,WI,4,CALL,0,Chicago,2693264,Albany Branch,1,,Green,COMMERCIAL LENDING,Central District,0,8/9/2014,0,18,,WI,1,Wisconsin,7,FED,Chicago,2194236,,0,102 West Main Street,-89.438638,,ROSEMONT,55133,"Madison-Janesville-Beloit, WI",Hartland,13,55045,,"Madison, WI",Town Bank,Albany,IL,2019_34717_18
53029,DIF,SM,United States,53566,STATE,31540,192698,Wisconsin,12/9/1992,2019,State Agency,11,55,M,9,0,United States,WINTRUST FINANCIAL CORPORATION,0,3,0,1841790,,Monroe,MULT,CB,US_Streets,,STATE,0,,0,850 West North Shore Drive,357,21290,2260406,45,34717,42.604638,WI,4,CALL,0,Chicago,2693264,Monroe Branch,1,,Green,COMMERCIAL LENDING,Central District,0,8/9/2014,0,19,,WI,1,Wisconsin,7,FED,Chicago,2194236,,0,101 7-1/2 Street,-89.661381,,ROSEMONT,55133,"Madison-Janesville-Beloit, WI",Hartland,13,55045,,"Madison, WI",Town Bank,Monroe,IL,2019_34717_19
53029,DIF,SM,United States,53703,STATE,31540,432684,Wisconsin,8/2/2004,2019,State Agency,11,55,M,9,0,United States,WINTRUST FINANCIAL CORPORATION,0,3,0,1841790,,Madison,MULT,CB,US_RoofTop,,STATE,0,,0,850 West North Shore Drive,357,56071,2260406,25,34717,43.075223,WI,4,CALL,0,Chicago,2693264,Madison Branch,1,,Dane,COMMERCIAL LENDING,Central District,0,,0,2,,WI,1,Wisconsin,7,FED,Chicago,2194236,,0,10 West Mifflin Street,-89.385759,,ROSEMONT,55133,"Madison-Janesville-Beloit, WI",Hartland,13,55025,,"Madison, WI",Town Bank,Madison,IL,2019_34717_2
53029,DIF,SM,United States,53147,STATE,0,207438,Wisconsin,12/7/1998,2019,State Agency,11,55,M,9,0,United States,WINTRUST FINANCIAL CORPORATION,0,3,0,1841790,,Lake Geneva,MULT,CB,US_Streets,,STATE,0,,0,850 West North Shore Drive,376,25662,2260406,127,34717,42.57571,WI,4,CALL,0,Chicago,2693264,Lake Geneva East Branch,0,,Walworth,COMMERCIAL LENDING,Central District,0,8/9/2014,1,20,,WI,1,Wisconsin,7,FED,Chicago,2194236,,0,550 Commercial Court,-88.407457,,ROSEMONT,55133,"Milwaukee-Racine-Waukesha, WI",Hartland,13,55127,,,Town Bank,Lake Geneva,IL,2019_34717_20
53029,DIF,SM,United States,53530,STATE,0,360880,Wisconsin,5/29/2001,2019,State Agency,11,55,M,9,0,United States,WINTRUST FINANCIAL CORPORATION,0,3,0,1841790,,Darlington,MULT,CB,US_Streets,,STATE,0,,0,850 West North Shore Drive,0,27713,2260406,65,34717,42.675805,WI,4,CALL,0,Chicago,2693264,Darlington Branch,0,,Lafayette,COMMERCIAL LENDING,Central District,0,8/9/2014,0,21,,WI,1,Wisconsin,7,FED,Chicago,2194236,,0,15815 Highway 81,-90.054686,,ROSEMONT,55133,,Hartland,13,55065,,,Town Bank,Darlington,IL,2019_34717_21
53029,DIF,SM,United States,53105,STATE,39540,514547,Wisconsin,11/19/2010,2019,State Agency,23,55,STREETADDRESS,9,0,United States,WINTRUST FINANCIAL CORPORATION,0,3,0,1841790,,Burlington,MULT,CB,100,,STATE,0,,0,850 West North Shore Drive,376,108092,2260406,101,34717,42.678563,WI,4,CALL,0,Chicago,2693264,Burlington Branch - Drive Up,1,,Racine,COMMERCIAL LENDING,Central District,0,8/9/2014,0,22,,WI,1,Wisconsin,7,FED,Chicago,2194236,,0,100 East Washington Street,-88.278033,,ROSEMONT,55133,"Milwaukee-Racine-Waukesha, WI",Hartland,13,55101,,"Racine, WI",Town Bank,Burlington,IL,2019_34717_22
53029,DIF,SM,United States,53072,STATE,33340,432831,Wisconsin,9/20/2005,2019,State Agency,11,55,POINTADDRESS,9,0,United States,WINTRUST FINANCIAL CORPORATION,0,3,0,1841790,,Pewaukee,MULT,CB,99.75,,STATE,0,,0,850 West North Shore Drive,376,127425,2260406,133,34717,43.084026,WI,4,CALL,0,Chicago,2693264,Foundations Bank Branch,1,,Waukesha,COMMERCIAL LENDING,Central District,0,3/31/2016,0,23,,WI,1,Wisconsin,7,FED,Chicago,2194236,,0,"N35 W23877 Highfield Court, Suite 100",-88.222478,,ROSEMONT,55133,"Milwaukee-Racine-Waukesha, WI",Hartland,13,55133,,"Milwaukee-Waukesha, WI",Town Bank,Pewaukee,IL,2019_34717_23
53029,DIF,SM,United States,53208,STATE,33340,591423,Wisconsin,8/21/2017,2019,State Agency,11,55,STREETADDRESS,9,0,United States,WINTRUST FINANCIAL CORPORATION,0,3,0,1841790,,Milwaukee,MULT,CB,100,,STATE,0,,0,850 West North Shore Drive,376,4508,2260406,79,34717,43.060889,WI,4,CALL,0,Chicago,2693264,Uptown Milwaukee Branch,1,,Milwaukee,COMMERCIAL LENDING,Central District,0,,0,24,,WI,1,Wisconsin,7,FED,Chicago,2194236,,0,4732 West Lisbon Avenue,-87.973402,,ROSEMONT,55133,"Milwaukee-Racine-Waukesha, WI",Hartland,13,55079,,"Milwaukee-Waukesha, WI",Town Bank,Milwaukee,IL,2019_34717_24
53029,DIF,SM,United States,53406,STATE,39540,597060,Wisconsin,5/1/2018,2019,State Agency,11,55,StreetAddress,9,0,United States,WINTRUST FINANCIAL CORPORATION,0,3,0,1841790,,Racine,MULT,CB,98.87,,STATE,0,,0,850 West North Shore Drive,376,49211,2260406,101,34717,42.71848,WI,4,CALL,0,Chicago,2693264,Racine Branch,1,,Racine,COMMERCIAL LENDING,Central District,0,,0,25,,WI,1,Wisconsin,7,FED,Chicago,2194236,,0,5005 East Washington Avenue,-87.839573,,ROSEMONT,55133,"Milwaukee-Racine-Waukesha, WI",Hartland,13,55101,,"Racine, WI",Town Bank,Racine,IL,2019_34717_25
53029,DIF,SM,United States,53233,STATE,33340,597579,Wisconsin,5/15/2018,2019,State Agency,11,55,POINTADDRESS,9,0,United States,WINTRUST FINANCIAL CORPORATION,0,3,0,1841790,,Milwaukee,MULT,CB,100,,STATE,0,,0,850 West North Shore Drive,376,2288,2260406,79,34717,43.040272,WI,4,CALL,0,Chicago,2693264,Cfl Milwaukee Branch,1,,Milwaukee,COMMERCIAL LENDING,Central District,0,,0,26,,WI,1,Wisconsin,7,FED,Chicago,2194236,,0,1102 West Wells Street,-87.926235,,ROSEMONT,55133,"Milwaukee-Racine-Waukesha, WI",Hartland,13,55079,,"Milwaukee-Waukesha, WI",Town Bank,Milwaukee,IL,2019_34717_26
53029,DIF,SM,United States,53233,STATE,33340,602645,Wisconsin,7/2/2018,2019,State Agency,11,55,EXACT,9,0,United States,WINTRUST FINANCIAL CORPORATION,0,3,0,1841790,,Milwaukee,MULT,CB,100,,STATE,0,,0,850 West North Shore Drive,376,21636,2260406,79,34717,43.038753,WI,4,CALL,0,Chicago,2693264,Marquette University Branch,1,,Milwaukee,COMMERCIAL LENDING,Central District,0,,0,27,,WI,1,Wisconsin,7,FED,Chicago,2194236,,0,1442 West Wisconsin Avenue,-87.931162,,ROSEMONT,55133,"Milwaukee-Racine-Waukesha, WI",Hartland,13,55079,,"Milwaukee-Waukesha, WI",Town Bank,Milwaukee,IL,2019_34717_27
53029,DIF,SM,United States,53202,STATE,33340,602732,Wisconsin,7/16/2018,2019,State Agency,11,55,EXACT,9,0,United States,WINTRUST FINANCIAL CORPORATION,0,3,0,1841790,,Milwaukee,MULT,CB,100,,STATE,0,,0,850 West North Shore Drive,376,68603,2260406,79,34717,43.042402,WI,4,CALL,0,Chicago,2693264,Kilbourn Branch,1,,Milwaukee,COMMERCIAL LENDING,Central District,0,,0,28,,WI,1,Wisconsin,7,FED,Chicago,2194236,,0,401 East Kilbourn Avenue,-87.906551,,ROSEMONT,55133,"Milwaukee-Racine-Waukesha, WI",Hartland,13,55079,,"Milwaukee-Waukesha, WI",Town Bank,Milwaukee,IL,2019_34717_28
53029,DIF,SM,United States,53204,STATE,33340,271213,Wisconsin,1/1/1919,2019,State Agency,11,55,M,9,0,United States,WINTRUST FINANCIAL CORPORATION,0,3,0,1841790,,Milwaukee,MULT,CB,US_RoofTop,,STATE,0,,0,850 West North Shore Drive,376,3455,2260406,79,34717,43.012295,WI,4,CALL,0,Chicago,2693264,Milwaukee Office,1,,Milwaukee,COMMERCIAL LENDING,Central District,0,1/4/2019,0,29,,WI,1,Wisconsin,7,FED,Chicago,2194236,,0,1605 W Mitchell St,-87.93335,,ROSEMONT,55133,"Milwaukee-Racine-Waukesha, WI",Hartland,13,55079,,"Milwaukee-Waukesha, WI",Town Bank,Milwaukee,IL,2019_34717_29
53029,DIF,SM,United States,53122,STATE,33340,453539,Wisconsin,4/17/2006,2019,State Agency,11,55,M,9,0,United States,WINTRUST FINANCIAL CORPORATION,0,3,0,1841790,,Elm Grove,MULT,CB,100,,STATE,0,,0,850 West North Shore Drive,376,88477,2260406,133,34717,43.044496,WI,4,CALL,0,Chicago,2693264,Elm Grove Office Branch,1,,Waukesha,COMMERCIAL LENDING,Central District,0,,0,4,,WI,1,Wisconsin,7,FED,Chicago,2194236,,0,13150 Watertown Plank Road,-88.076288,,ROSEMONT,55133,"Milwaukee-Racine-Waukesha, WI",Hartland,13,55133,,"Milwaukee-Waukesha, WI",Town Bank,Elm Grove,IL,2019_34717_4
53029,DIF,SM,United States,53018,STATE,33340,463402,Wisconsin,5/22/2007,2019,State Agency,11,55,POINTADDRESS,9,0,United States,WINTRUST FINANCIAL CORPORATION,0,3,0,1841790,,Delafield,MULT,CB,100,,STATE,0,,0,850 West North Shore Drive,376,295872,2260406,133,34717,43.057923,WI,4,CALL,0,Chicago,2693264,Delafield Branch,1,,Waukesha,COMMERCIAL LENDING,Central District,0,,0,5,,WI,1,Wisconsin,7,FED,Chicago,2194236,,0,400 Genesee Street,-88.404218,,ROSEMONT,55133,"Milwaukee-Racine-Waukesha, WI",Hartland,13,55133,,"Milwaukee-Waukesha, WI",Town Bank,Delafield,IL,2019_34717_5
53029,DIF,SM,United States,53204,STATE,33340,497280,Wisconsin,11/2/2009,2019,State Agency,11,55,POINTADDRESS,9,0,United States,WINTRUST FINANCIAL CORPORATION,0,3,0,1841790,,Milwaukee,MULT,CB,100,,STATE,0,,0,850 West North Shore Drive,376,85236,2260406,79,34717,43.030184,WI,4,CALL,0,Chicago,2693264,Milwaukee Branch,1,,Milwaukee,COMMERCIAL LENDING,Central District,0,,0,6,,WI,1,Wisconsin,7,FED,Chicago,2194236,,0,140 South 1st Street,-87.910694,,ROSEMONT,55133,"Milwaukee-Racine-Waukesha, WI",Hartland,13,55079,,"Milwaukee-Waukesha, WI",Town Bank,Milwaukee,IL,2019_34717_6
53029,DIF,SM,United States,53183,STATE,33340,514046,Wisconsin,11/1/2010,2019,State Agency,11,55,M,9,0,United States,WINTRUST FINANCIAL CORPORATION,0,3,0,1841790,,Wales,MULT,CB,US_Streets,,STATE,0,,0,850 West North Shore Drive,376,47727,2260406,133,34717,43.009351,WI,4,CALL,0,Chicago,2693264,Wales Wi Branch,1,,Waukesha,COMMERCIAL LENDING,Central District,0,,0,7,,WI,1,Wisconsin,7,FED,Chicago,2194236,,0,511 North Wales Road,-88.384089,,ROSEMONT,55133,"Milwaukee-Racine-Waukesha, WI",Hartland,13,55133,,"Milwaukee-Waukesha, WI",Town Bank,Wales,IL,2019_34717_7
53029,DIF,SM,United States,53051,STATE,33340,541173,Wisconsin,9/10/2012,2019,State Agency,11,55,PointAddress,9,0,United States,WINTRUST FINANCIAL CORPORATION,0,3,0,1841790,,Menomonee Falls,MULT,CB,99.75,,STATE,0,,0,850 West North Shore Drive,376,99968,2260406,133,34717,43.148754,WI,4,CALL,0,Chicago,2693264,Menomonee Falls Branch,1,,Waukesha,COMMERCIAL LENDING,Central District,0,,0,8,,WI,1,Wisconsin,7,FED,Chicago,2194236,,0,N72 W13435 Jacob Lane,-88.077204,,ROSEMONT,55133,"Milwaukee-Racine-Waukesha, WI",Hartland,13,55133,,"Milwaukee-Waukesha, WI",Town Bank,Menomonee Falls,IL,2019_34717_8
53029,DIF,SM,United States,53115,STATE,0,56978,Wisconsin,8/12/1996,2019,State Agency,11,55,M,9,0,United States,WINTRUST FINANCIAL CORPORATION,0,3,0,1841790,,Delavan,MULT,CB,US_Streets,,STATE,0,,0,850 West North Shore Drive,376,83903,2260406,127,34717,42.627427,WI,4,CALL,0,Chicago,2693264,Delavan Branch,0,,Walworth,COMMERCIAL LENDING,Central District,0,1/17/2015,1,9,,WI,1,Wisconsin,7,FED,Chicago,2194236,,0,820 East Geneva Street,-88.635812,,ROSEMONT,55133,"Milwaukee-Racine-Waukesha, WI",Hartland,13,55127,,,Town Bank,Delavan,IL,2019_34717_9
54919,DIF,SB,United States,54919,OCC,11540,61647,Wisconsin,11/2/1998,2019,Comptroller of the Currency,11,55,M,9,15054,,,0,3,2000,2000,,Appleton,NONE,SA,84,M,FED,1,,0,4321 N. Ballard Road,118,2000,0,87,34799,44.304239,WI,7,CALL,0,Chicago,2745529,Thrivent Trust Company,1,,Outagamie,OTHER < $1 BILLION,Central District,0,,0,0,,WI,1,Wisconsin,7,OCC,Chicago,66622,,0,4321 N. Ballard Road,-88.375033,,,55087,"Appleton-Oshkosh-Neenah, WI",Appleton,33,55087,,"Appleton, WI",Thrivent Trust Company,Appleton,,2019_34799_0
54919,DIF,SB,United States,21030,OCC,12580,616601,Wisconsin,8/1/2017,2019,Comptroller of the Currency,30,24,SUBADDRESS,9,15054,,,0,3,0,2000,,Cockeysville,NONE,SA,100,N,FED,0,,0,4321 N. Ballard Road,548,0,0,5,34799,39.49849,WI,7,CALL,0,Chicago,2745529,Baltimore Branch,1,,Baltimore,OTHER < $1 BILLION,Central District,0,,0,10,,MD,1,Maryland,7,OCC,Chicago,66622,,0,225 International Circle Ste 203,-76.665108,,,55087,"Washington-Baltimore-Arlington, DC-MD-VA-WV-PA",Appleton,33,24005,,"Baltimore-Columbia-Towson, MD",Thrivent Trust Company,Hunt Valley,,2019_34799_10
54919,DIF,SB,United States,60015,OCC,16980,616602,Wisconsin,8/1/2017,2019,Comptroller of the Currency,30,17,POINTADDRESS,9,15054,,,0,3,0,2000,,Deerfield,NONE,SA,100,N,FED,0,,29404,4321 N. Ballard Road,176,0,0,97,34799,42.15384,WI,7,CALL,0,Chicago,2745529,Chicago Branch,1,,Lake,OTHER < $1 BILLION,Central District,0,,0,11,,IL,1,Illinois,7,OCC,Chicago,66622,,0,500 Lake Cook Rd,-87.840824,,,55087,"Chicago-Naperville, IL-IN-WI",Appleton,33,17097,"Lake County-Kenosha County, IL-WI","Chicago-Naperville-Elgin, IL-IN-WI",Thrivent Trust Company,Deerfield,,2019_34799_11
54919,DIF,SB,United States,49423,OCC,24340,616603,Wisconsin,8/1/2017,2019,Comptroller of the Currency,30,26,POINTADDRESS,9,15054,,,0,3,0,2000,,Holland,NONE,SA,100,N,FED,0,,0,4321 N. Ballard Road,266,0,0,139,34799,42.790762,WI,7,CALL,0,Chicago,2745529,Holland Branch,1,,Ottawa,OTHER < $1 BILLION,Central District,0,,0,12,,MI,1,Michigan,7,OCC,Chicago,66622,,0,183 College Ave,-86.104363,,,55087,"Grand Rapids-Kentwood-Muskegon, MI",Appleton,33,26139,,"Grand Rapids-Kentwood, MI",Thrivent Trust Company,Holland,,2019_34799_12
54919,DIF,SB,United States,77024,OCC,26420,616604,Wisconsin,8/1/2017,2019,Comptroller of the Currency,30,48,SUBADDRESS,9,15054,,,0,3,0,2000,,Houston,NONE,SA,100,N,FED,0,,0,4321 N. Ballard Road,288,0,0,201,34799,29.782404,WI,7,CALL,0,Chicago,2745529,Houston Branch,1,,Harris,OTHER < $1 BILLION,Central District,0,,0,13,,TX,1,Texas,7,OCC,Chicago,66622,,0,952 Echo Lane Ste 190,-95.521239,,,55087,"Houston-The Woodlands, TX",Appleton,33,48201,,"Houston-The Woodlands-Sugar Land, TX",Thrivent Trust Company,Houston,,2019_34799_13
54919,DIF,SB,United States,46240,OCC,26900,616605,Wisconsin,8/1/2017,2019,Comptroller of the Currency,30,18,SUBADDRESS,9,15054,,,0,3,0,2000,,Indianapolis,NONE,SA,100,N,FED,0,,0,4321 N. Ballard Road,294,0,0,97,34799,39.921643,WI,7,CALL,0,Chicago,2745529,Indianapolis Branch,1,,Marion,OTHER < $1 BILLION,Central District,0,,0,14,,IN,1,Indiana,7,OCC,Chicago,66622,,0,9229 Delegates Row Ste 200,-86.09918,,,55087,"Indianapolis-Carmel-Muncie, IN",Appleton,33,18097,,"Indianapolis-Carmel-Anderson, IN",Thrivent Trust Company,Indianapolis,,2019_34799_14
54919,DIF,SB,United States,46143,OCC,26900,616606,Wisconsin,8/1/2017,2019,Comptroller of the Currency,30,18,SUBADDRESS,9,15054,,,0,3,0,2000,,Greenwood,NONE,SA,100,N,FED,0,,0,4321 N. Ballard Road,294,0,0,81,34799,39.63607,WI,7,CALL,0,Chicago,2745529,Greenwood Branch,1,,Johnson,OTHER < $1 BILLION,Central District,0,,0,15,,IN,1,Indiana,7,OCC,Chicago,66622,,0,549 E County Line Rd Ste A,-86.093908,,,55087,"Indianapolis-Carmel-Muncie, IN",Appleton,33,18081,,"Indianapolis-Carmel-Anderson, IN",Thrivent Trust Company,Greenwood,,2019_34799_15
54919,DIF,SB,United States,29607,OCC,24860,616607,Wisconsin,3/1/2019,2019,Comptroller of the Currency,30,45,POINTADDRESS,9,15054,,,0,3,0,2000,,Greenville,NONE,SA,100,N,FED,0,,0,4321 N. Ballard Road,273,0,0,45,34799,34.837045,WI,7,CALL,0,Chicago,2745529,Greenville Branch,1,,Greenville,OTHER < $1 BILLION,Central District,0,,0,16,,SC,1,South Carolina,7,OCC,Chicago,66622,,0,9 Halton Green Way,-82.335736,,,55087,"Greenville-Spartanburg-Anderson, SC",Appleton,33,45045,,"Greenville-Anderson, SC",Thrivent Trust Company,Greenville,,2019_34799_16
54919,DIF,SB,United States,36104,OCC,33860,616608,Wisconsin,8/1/2017,2019,Comptroller of the Currency,30,1,SUBADDRESS,9,15054,,,0,3,0,2000,,Montgomery,NONE,SA,100,N,FED,0,,0,4321 N. Ballard Road,388,0,0,101,34799,32.377631,WI,7,CALL,0,Chicago,2745529,Montgomery,1,,Montgomery,OTHER < $1 BILLION,Central District,0,,0,17,,AL,1,Alabama,7,OCC,Chicago,66622,,0,445 Dexter Ave Ste 8075,-86.302963,,,55087,"Montgomery-Selma-Alexander City, AL",Appleton,33,1101,,"Montgomery, AL",Thrivent Trust Company,Montgomery,,2019_34799_17
54919,DIF,SB,United States,37027,OCC,34980,616609,Wisconsin,8/1/2017,2019,Comptroller of the Currency,30,47,STREETADDRESS,9,15054,,,0,3,0,2000,,Brentwood,NONE,SA,100,N,FED,0,,0,4321 N. Ballard Road,400,0,0,187,34799,36.040866,WI,7,CALL,0,Chicago,2745529,Nashville Branch,1,,Williamson,OTHER < $1 BILLION,Central District,0,,0,18,,TN,1,Tennessee,7,OCC,Chicago,66622,,0,1000 Health Park Dr,-86.773397,,,55087,"Nashville-Davidson--Murfreesboro, TN",Appleton,33,47187,,"Nashville-Davidson--Murfreesboro--Franklin, TN",Thrivent Trust Company,Brentwood,,2019_34799_18
54919,DIF,SB,United States,30009,OCC,12060,616610,Wisconsin,8/1/2017,2019,Comptroller of the Currency,30,13,SUBADDRESS,9,15054,,,0,3,0,2000,,Alpharetta,NONE,SA,100,N,FED,0,,0,4321 N. Ballard Road,122,0,0,121,34799,34.04804,WI,7,CALL,0,Chicago,2745529,National Office,1,,Fulton,OTHER < $1 BILLION,Central District,0,,0,19,,GA,1,Georgia,7,OCC,Chicago,66622,,0,1125 Sanctuary Pkwy Ste 500,-84.311043,,,55087,"Atlanta--Athens-Clarke County--Sandy Springs, GA-AL",Appleton,33,13121,,"Atlanta-Sandy Springs-Alpharetta, GA",Thrivent Trust Company,Alpharetta,,2019_34799_19
54919,DIF,SB,United States,92618,OCC,31080,616611,Wisconsin,8/1/2017,2019,Comptroller of the Currency,30,6,SUBADDRESS,9,15054,,,0,3,0,2000,,Irvine,NONE,SA,100,N,FED,0,,11244,4321 N. Ballard Road,348,0,0,59,34799,33.651126,WI,7,CALL,0,Chicago,2745529,Orange County Branch,1,,Orange,OTHER < $1 BILLION,Central District,0,,0,20,,CA,1,California,7,OCC,Chicago,66622,,0,20 Pacifica Ste 560,-117.748989,,,55087,"Los Angeles-Long Beach, CA",Appleton,33,6059,"Anaheim-Santa Ana-Irvine, CA","Los Angeles-Long Beach-Anaheim, CA",Thrivent Trust Company,Irvine,,2019_34799_20
54919,DIF,SB,United States,32810,OCC,36740,616612,Wisconsin,8/1/2017,2019,Comptroller of the Currency,21,12,POINTADDRESS,9,15054,,,0,3,0,2000,,Orlando,NONE,SA,100,N,FED,0,,0,4321 N. Ballard Road,422,0,0,95,34799,28.634064,WI,7,CALL,0,Chicago,2745529,Orlando Branch,1,,Orange,OTHER < $1 BILLION,Central District,0,,0,21,,FL,1,Florida,7,OCC,Chicago,66622,,0,1900 Summit Tower Blvd Ste 260,-81.403486,,,55087,"Orlando-Lakeland-Deltona, FL",Appleton,33,12095,,"Orlando-Kissimmee-Sanford, FL",Thrivent Trust Company,Orlando,,2019_34799_21
54919,DIF,SB,United States,85281,OCC,38060,616613,Wisconsin,8/1/2017,2019,Comptroller of the Currency,30,4,POINTADDRESS,9,15054,,,0,3,0,2000,,Tempe,NONE,SA,100,N,FED,0,,0,4321 N. Ballard Road,429,0,0,13,34799,33.437484,WI,7,CALL,0,Chicago,2745529,Phoenix Branch,1,,Maricopa,OTHER < $1 BILLION,Central District,0,,0,22,,AZ,1,Arizona,7,OCC,Chicago,66622,,0,350 W Washington St Ste 200,-111.94409,,,55087,"Phoenix-Mesa, AZ",Appleton,33,4013,,"Phoenix-Mesa-Chandler, AZ",Thrivent Trust Company,Tempe,,2019_34799_22
54919,DIF,SB,United States,85281,OCC,38060,616614,Wisconsin,8/1/2017,2019,Comptroller of the Currency,30,4,SUBADDRESS,9,15054,,,0,3,0,2000,,Tempe,NONE,SA,100,N,FED,0,,0,4321 N. Ballard Road,429,0,0,13,34799,33.437484,WI,7,CALL,0,Chicago,2745529,Pad Branch,1,,Maricopa,OTHER < $1 BILLION,Central District,0,,0,23,,AZ,1,Arizona,7,OCC,Chicago,66622,,0,350 W Washington St Ste 308,-111.94409,,,55087,"Phoenix-Mesa, AZ",Appleton,33,4013,,"Phoenix-Mesa-Chandler, AZ",Thrivent Trust Company,Tempe,,2019_34799_23
54919,DIF,SB,United States,98011,OCC,42660,616615,Wisconsin,8/1/2017,2019,Comptroller of the Currency,30,53,POINTADDRESS,9,15054,,,0,3,0,2000,,Bothell,NONE,SA,100,N,FED,0,,42644,4321 N. Ballard Road,500,0,0,61,34799,47.771471,WI,7,CALL,0,Chicago,2745529,Seattle Branch,1,,Snohomish,OTHER < $1 BILLION,Central District,0,,0,24,,WA,1,Washington,7,OCC,Chicago,66622,,0,19820 North Creek Pkwy Ste 102,-122.186781,,,55087,"Seattle-Tacoma, WA",Appleton,33,53061,"Seattle-Bellevue-Kent, WA","Seattle-Tacoma-Bellevue, WA",Thrivent Trust Company,Bothell,,2019_34799_24
54919,DIF,SB,United States,40243,OCC,31140,613218,Wisconsin,5/1/2019,2019,Comptroller of the Currency,30,21,STREETADDRESS,9,15054,,,0,3,0,2000,,Louisville,NONE,SA,100,N,FED,0,,0,4321 N. Ballard Road,350,0,0,111,34799,38.229586,WI,7,CALL,0,Chicago,2745529,Louisville Branch,1,,Jefferson,OTHER < $1 BILLION,Central District,0,,0,6,,KY,1,Kentucky,7,OCC,Chicago,66622,,0,11829 Ransum Drive Suite 202,-85.540945,,,55087,"Louisville/Jefferson County--Elizabethtown--Bardstown, KY-IN",Appleton,33,21111,,"Louisville/Jefferson County, KY-IN",Thrivent Trust Company,Louisville,,2019_34799_6
54919,DIF,SB,United States,55415,OCC,33460,616513,Wisconsin,1/4/2016,2019,Comptroller of the Currency,30,27,EXACT,9,15054,,,0,3,0,2000,,Minneapolis,NONE,SA,100,N,FED,0,,0,4321 N. Ballard Road,378,0,0,53,34799,44.975253,WI,7,CALL,0,Chicago,2745529,Minneapolis Branch,1,,Hennepin,OTHER < $1 BILLION,Central District,0,,0,7,,MN,1,Minnesota,7,OCC,Chicago,66622,,0,625 4th Ave S,-93.266196,,,55087,"Minneapolis-St. Paul, MN-WI",Appleton,33,27053,,"Minneapolis-St. Paul-Bloomington, MN-WI",Thrivent Trust Company,Minneapolis,,2019_34799_7
54919,DIF,SB,United States,30328,OCC,12060,616599,Wisconsin,8/1/2017,2019,Comptroller of the Currency,30,13,SUBADDRESS,9,15054,,,0,3,0,2000,,Atlanta,NONE,SA,100,N,FED,0,,0,4321 N. Ballard Road,122,0,0,121,34799,33.908447,WI,7,CALL,0,Chicago,2745529,Atlanta Branch,1,,Fulton,OTHER < $1 BILLION,Central District,0,,0,8,,GA,1,Georgia,7,OCC,Chicago,66622,,0,1600 Riveredge Pkwy Ste 310,-84.438159,,,55087,"Atlanta--Athens-Clarke County--Sandy Springs, GA-AL",Appleton,33,13121,,"Atlanta-Sandy Springs-Alpharetta, GA",Thrivent Trust Company,Atlanta,,2019_34799_8
54919,DIF,SB,United States,28277,OCC,16740,616600,Wisconsin,8/1/2017,2019,Comptroller of the Currency,30,37,SUBADDRESS,9,15054,,,0,3,0,2000,,Charlotte,NONE,SA,100,N,FED,0,,0,4321 N. Ballard Road,172,0,0,119,34799,35.061964,WI,7,CALL,0,Chicago,2745529,Charlotte Branch,1,,Mecklenburg,OTHER < $1 BILLION,Central District,0,,0,9,,NC,1,North Carolina,7,OCC,Chicago,66622,,0,10706 Sikes Place Ste 175,-80.768437,,,55087,"Charlotte-Concord, NC-SC",Appleton,33,37119,,"Charlotte-Concord-Gastonia, NC-SC",Thrivent Trust Company,Charlotte,,2019_34799_9
53189,DIF,SB,United States,53189,STATE,33340,74347,Wisconsin,8/16/1999,2019,State Agency,11,55,M,9,0,United States,"WAUKESHA BANKSHARES, INC.",0,3,111456,111456,,Waukesha,ONE,SA,US_RoofTop,M,STATE,1,,0,521 West Sunset Drive,376,103098,2756776,133,35043,42.988258,WI,4,CALL,0,Chicago,2756767,Sunset Bank & Savings,1,,Waukesha,COMMERCIAL LENDING,Central District,0,,0,0,,WI,1,Wisconsin,7,FDIC,Chicago,128527,,0,521 West Sunset Drive,-88.238059,,WAUKESHA,55133,"Milwaukee-Racine-Waukesha, WI",Waukesha,41,55133,,"Milwaukee-Waukesha, WI",Sunset Bank & Savings,Waukesha,WI,2019_35043_0
53189,DIF,SB,United States,53188,STATE,33340,432369,Wisconsin,9/20/2004,2019,State Agency,11,55,M,9,0,United States,"WAUKESHA BANKSHARES, INC.",0,3,0,111456,,Waukesha,ONE,SA,US_Streets,,STATE,0,,0,521 West Sunset Drive,376,8358,2756776,133,35043,43.034915,WI,4,CALL,0,Chicago,2756767,Grandview Boulevard Branch,1,,Waukesha,COMMERCIAL LENDING,Central District,0,,0,1,,WI,1,Wisconsin,7,FDIC,Chicago,128527,,0,2500 North Grandview Boulevard,-88.255969,,WAUKESHA,55133,"Milwaukee-Racine-Waukesha, WI",Waukesha,41,55133,,"Milwaukee-Waukesha, WI",Sunset Bank & Savings,Waukesha,WI,2019_35043_1
53717,DIF,SB,United States,53717,OCC,31540,76794,Wisconsin,12/24/2000,2019,Comptroller of the Currency,11,55,POINTADDRESS,9,15685,United States,DEERE & COMPANY INC.,1,7,1176271,1176271,,Madison,ONE,SA,98.82,M,FED,1,,0,8402 Excelsior,357,1176271,1277313,25,35237,43.079778,WI,2,CALL,0,Chicago,2992547,"John Deere Financial, F.S.B.",1,,Dane,AGRICULTURAL,Other,0,,0,0,,WI,1,Wisconsin,7,OCC,Chicago,3709657,,0,8402 Excelsior,-89.529255,,MOLINE,55025,"Madison-Janesville-Beloit, WI",Madison,33,55025,,"Madison, WI","John Deere Financial, f.s.b.",Madison,IL,2019_35237_0
53711,DIF,NM,United States,53711,STATE,31540,78239,Wisconsin,8/14/2000,2019,State Agency,11,55,M,9,0,United States,"OAK FINANCIAL, INC.",1,3,263619,263619,,Madison,ONE,CB,US_Streets,M,STATE,1,,0,5951 Mckee Road,357,263619,2857598,25,35333,43.015289,WI,4,CALL,0,Chicago,2857600,Oak Bank,1,,Dane,COMMERCIAL LENDING,Central District,0,,0,0,,WI,1,Wisconsin,7,FDIC,Chicago,323748,,0,5951 Mckee Road,-89.455457,,FITCHBURG,55025,"Madison-Janesville-Beloit, WI",Fitchburg,21,55025,,"Madison, WI",Oak Bank,Fitchburg,WI,2019_35333_0
53916,DIF,NM,United States,53916,STATE,0,3551,Wisconsin,06/30/1891,2019,State Agency,11,55,M,9,0,United States,AMERICAN NATIONAL BANK OF BEAVER DAM EMPLOYEE STOCK OWNERSHIP TRUST,0,3,135565,135565,,Beaver Dam,ONE,CB,US_RoofTop,M,STATE,1,,0,115 Front Street,376,89166,3009938,27,5283,43.456209,WI,4,CALL,0,Chicago,510648,American Bank Of Beaver Dam,0,,Dodge,COMMERCIAL LENDING,Central District,0,,1,0,,WI,1,Wisconsin,7,FDIC,Chicago,153873,,0,115 Front Street,-88.837781,,BEAVER DAM,55027,"Milwaukee-Racine-Waukesha, WI",Beaver Dam,21,55027,,,American Bank of Beaver Dam,Beaver Dam,WI,2019_5283_0
53916,DIF,NM,United States,53916,STATE,0,207420,Wisconsin,3/6/1990,2019,State Agency,11,55,M,9,0,United States,AMERICAN NATIONAL BANK OF BEAVER DAM EMPLOYEE STOCK OWNERSHIP TRUST,0,3,0,135565,,Beaver Dam,ONE,CB,US_RoofTop,,STATE,0,,0,115 Front Street,376,15841,3009938,27,5283,43.472115,WI,4,CALL,0,Chicago,510648,Northside Branch,0,,Dodge,COMMERCIAL LENDING,Central District,0,,1,1,,WI,1,Wisconsin,7,FDIC,Chicago,153873,,0,1519 North Spring Street,-88.826435,,BEAVER DAM,55027,"Milwaukee-Racine-Waukesha, WI",Beaver Dam,21,55027,,,American Bank of Beaver Dam,Beaver Dam,WI,2019_5283_1
53916,DIF,NM,United States,53916,STATE,0,438917,Wisconsin,8/25/2004,2019,State Agency,11,55,M,9,0,United States,AMERICAN NATIONAL BANK OF BEAVER DAM EMPLOYEE STOCK OWNERSHIP TRUST,0,3,0,135565,,Beaver Dam,ONE,CB,US_Streets,,STATE,0,,0,115 Front Street,376,7026,3009938,27,5283,43.449995,WI,4,CALL,0,Chicago,510648,The American National Bank Branch,0,,Dodge,COMMERCIAL LENDING,Central District,0,,1,4,,WI,1,Wisconsin,7,FDIC,Chicago,153873,,0,120 Frances Lane,-88.833786,,BEAVER DAM,55027,"Milwaukee-Racine-Waukesha, WI",Beaver Dam,21,55027,,,American Bank of Beaver Dam,Beaver Dam,WI,2019_5283_4
53916,DIF,NM,United States,53925,STATE,31540,602832,Wisconsin,3/3/2014,2019,State Agency,21,55,EXACT,9,0,United States,AMERICAN NATIONAL BANK OF BEAVER DAM EMPLOYEE STOCK OWNERSHIP TRUST,0,3,0,135565,,Columbus,ONE,CB,100,N,STATE,0,,0,115 Front Street,357,0,3009938,21,5283,43.345995,WI,4,CALL,0,Chicago,510648,Columbus Lending & Wealth Management Office,1,,Columbia,COMMERCIAL LENDING,Central District,0,,0,8,,WI,1,Wisconsin,7,FDIC,Chicago,153873,,0,1540 W. James Street,-89.030793,,BEAVER DAM,55027,"Madison-Janesville-Beloit, WI",Beaver Dam,21,55021,,"Madison, WI",American Bank of Beaver Dam,Columbus,WI,2019_5283_8
53916,DIF,NM,United States,54646,STATE,0,9552,Wisconsin,07/15/1899,2019,State Agency,11,55,T,9,0,United States,AMERICAN NATIONAL BANK OF BEAVER DAM EMPLOYEE STOCK OWNERSHIP TRUST,0,3,0,135565,,Necedah,ONE,CB,US_Streets,,STATE,0,,0,115 Front Street,0,23532,3009938,57,5283,44.025655,WI,4,CALL,0,Chicago,510648,Necedah Branch,0,,Juneau,COMMERCIAL LENDING,Central District,0,8/27/2018,0,9,,WI,1,Wisconsin,7,FDIC,Chicago,153873,,0,212 Main Street,-90.073228,,BEAVER DAM,55027,,Beaver Dam,21,55057,,,American Bank of Beaver Dam,Necedah,WI,2019_5283_9
53511,DIF,N,United States,53511,OCC,27500,3553,Wisconsin,07/01/1882,2019,Comptroller of the Currency,11,55,M,9,10388,United States,"CENTRE 1 BANCORP, INC.",0,3,944032,944032,,Beloit,ONE,CB,US_Streets,M,FED,1,,0,345 East Grand Avenue,357,160424,1209042,105,5285,42.499804,WI,4,CALL,0,Chicago,207845,The First National Bank And Trust Company,1,,Rock,COMMERCIAL LENDING,Central District,0,,0,0,,WI,1,Wisconsin,7,OCC,Chicago,1098151,,0,345 East Grand Avenue,-89.035555,,BELOIT,55105,"Madison-Janesville-Beloit, WI",Beloit,3,55105,,"Janesville-Beloit, WI",The First National Bank and Trust Company,Beloit,WI,2019_5285_0
53511,DIF,N,United States,53525,OCC,27500,233495,Wisconsin,6/13/1979,2019,Comptroller of the Currency,11,55,M,9,10388,United States,"CENTRE 1 BANCORP, INC.",0,3,0,944032,,Clinton,ONE,CB,US_Streets,,FED,0,,0,345 East Grand Avenue,357,56744,1209042,105,5285,42.564163,WI,4,CALL,0,Chicago,207845,Clinton Branch,1,,Rock,COMMERCIAL LENDING,Central District,0,3/10/2003,0,12,,WI,1,Wisconsin,7,OCC,Chicago,1098151,,0,500 Peck Drive,-88.863031,,BELOIT,55105,"Madison-Janesville-Beloit, WI",Beloit,3,55105,,"Janesville-Beloit, WI",The First National Bank and Trust Company,Clinton,WI,2019_5285_12
53511,DIF,N,United States,53114,OCC,0,233496,Wisconsin,1/18/1995,2019,Comptroller of the Currency,11,55,M,9,10388,United States,"CENTRE 1 BANCORP, INC.",0,3,0,944032,,Darien,ONE,CB,US_Streets,,FED,0,,0,345 East Grand Avenue,376,32525,1209042,127,5285,42.601585,WI,4,CALL,0,Chicago,207845,Darien Branch,0,,Walworth,COMMERCIAL LENDING,Central District,0,3/10/2003,1,13,,WI,1,Wisconsin,7,OCC,Chicago,1098151,,0,218 N Walworth St,-88.7128,,BELOIT,55105,"Milwaukee-Racine-Waukesha, WI",Beloit,3,55127,,,The First National Bank and Trust Company,Darien,WI,2019_5285_13
53511,DIF,N,United States,53546,OCC,27500,470513,Wisconsin,12/12/2007,2019,Comptroller of the Currency,11,55,M,9,10388,United States,"CENTRE 1 BANCORP, INC.",0,3,0,944032,,Janesville,ONE,CB,US_RoofTop,,FED,0,,0,345 East Grand Avenue,357,19315,1209042,105,5285,42.641392,WI,4,CALL,0,Chicago,207845,Janesville Branch,1,,Rock,COMMERCIAL LENDING,Central District,0,,0,14,,WI,1,Wisconsin,7,OCC,Chicago,1098151,,0,2636 South Highway 51,-89.031081,,BELOIT,55105,"Madison-Janesville-Beloit, WI",Beloit,3,55105,,"Janesville-Beloit, WI",The First National Bank and Trust Company,Janesville,WI,2019_5285_14
53511,DIF,N,United States,53566,OCC,31540,3575,Wisconsin,01/01/1856,2019,Comptroller of the Currency,11,55,M,9,10388,United States,"CENTRE 1 BANCORP, INC.",0,3,0,944032,,Monroe,ONE,CB,US_Streets,,FED,0,,0,345 East Grand Avenue,357,111414,1209042,45,5285,42.602124,WI,4,CALL,0,Chicago,207845,Monroe Branch,1,,Green,COMMERCIAL LENDING,Central District,0,11/6/2009,0,15,,WI,1,Wisconsin,7,OCC,Chicago,1098151,,0,1625 Tenth Street,-89.639477,,BELOIT,55105,"Madison-Janesville-Beloit, WI",Beloit,3,55045,,"Madison, WI",The First National Bank and Trust Company,Monroe,WI,2019_5285_15
53511,DIF,N,United States,53566,OCC,31540,207536,Wisconsin,9/18/1979,2019,Comptroller of the Currency,23,55,M,9,10388,United States,"CENTRE 1 BANCORP, INC.",0,3,0,944032,,Monroe,ONE,CB,US_Streets,N,FED,0,,0,345 East Grand Avenue,357,0,1209042,45,5285,42.602124,WI,4,CALL,0,Chicago,207845,Motor Bank Branch,1,,Green,COMMERCIAL LENDING,Central District,0,11/6/2009,0,16,,WI,1,Wisconsin,7,OCC,Chicago,1098151,,0,1919 Tenth Street,-89.635932,,BELOIT,55105,"Madison-Janesville-Beloit, WI",Beloit,3,55045,,"Madison, WI",The First National Bank and Trust Company,Monroe,WI,2019_5285_16
53511,DIF,N,United States,53504,OCC,0,8093,Wisconsin,07/07/1895,2019,Comptroller of the Currency,11,55,T,9,10388,United States,"CENTRE 1 BANCORP, INC.",0,3,0,944032,,Argyle,ONE,CB,US_Streets,,FED,0,,0,345 East Grand Avenue,0,19171,1209042,65,5285,42.701283,WI,4,CALL,0,Chicago,207845,Argyle Branch,0,,Lafayette,COMMERCIAL LENDING,Central District,0,11/6/2009,0,17,,WI,1,Wisconsin,7,OCC,Chicago,1098151,,0,321 Milwaukee Street,-89.864622,,BELOIT,55105,,Beloit,3,55065,,,The First National Bank and Trust Company,Argyle,WI,2019_5285_17
53511,DIF,N,United States,53184,OCC,0,9585,Wisconsin,8/17/1903,2019,Comptroller of the Currency,11,55,T,9,10388,United States,"CENTRE 1 BANCORP, INC.",0,3,0,944032,,Walworth,ONE,CB,US_Streets,,FED,0,,0,345 East Grand Avenue,376,137260,1209042,127,5285,42.531158,WI,4,CALL,0,Chicago,207845,Old Walworth State Bank Branch,0,,Walworth,COMMERCIAL LENDING,Central District,0,2/2/2016,1,18,,WI,1,Wisconsin,7,OCC,Chicago,1098151,,0,Kenosha Street And Highway 67,-88.599641,,BELOIT,55105,"Milwaukee-Racine-Waukesha, WI",Beloit,3,55127,,,The First National Bank and Trust Company,Walworth,WI,2019_5285_18
53511,DIF,N,United States,53115,OCC,0,233499,Wisconsin,10/14/1980,2019,Comptroller of the Currency,11,55,M,9,10388,United States,"CENTRE 1 BANCORP, INC.",0,3,0,944032,,Delavan,ONE,CB,US_Zipcode,,FED,0,,0,345 East Grand Avenue,376,22641,1209042,127,5285,42.692889,WI,4,CALL,0,Chicago,207845,Delavan Inlet Branch,0,,Walworth,COMMERCIAL LENDING,Central District,0,2/2/2016,1,19,,WI,1,Wisconsin,7,OCC,Chicago,1098151,,0,Highway 50 And South Shore Drive,-88.718896,,BELOIT,55105,"Milwaukee-Racine-Waukesha, WI",Beloit,3,55127,,,The First National Bank and Trust Company,Delavan Township,WI,2019_5285_19
53511,DIF,N,United States,53511,OCC,27500,207422,Wisconsin,7/8/1968,2019,Comptroller of the Currency,11,55,M,9,10388,United States,"CENTRE 1 BANCORP, INC.",0,3,0,944032,,Beloit,ONE,CB,US_RoofTop,,FED,0,,0,345 East Grand Avenue,357,68473,1209042,105,5285,42.553983,WI,4,CALL,0,Chicago,207845,Inman Parkway Branch,1,,Rock,COMMERCIAL LENDING,Central District,0,,0,2,,WI,1,Wisconsin,7,OCC,Chicago,1098151,,0,1882 Inman Parkway,-89.012764,,BELOIT,55105,"Madison-Janesville-Beloit, WI",Beloit,3,55105,,"Janesville-Beloit, WI",The First National Bank and Trust Company,Beloit,WI,2019_5285_2
53511,DIF,N,United States,53191,OCC,0,362616,Wisconsin,12/1/2001,2019,Comptroller of the Currency,11,55,M,9,10388,United States,"CENTRE 1 BANCORP, INC.",0,3,0,944032,,Williams Bay,ONE,CB,US_Streets,,FED,0,,0,345 East Grand Avenue,376,27067,1209042,127,5285,42.578068,WI,4,CALL,0,Chicago,207845,Williams Bay Branch,0,,Walworth,COMMERCIAL LENDING,Central District,0,2/2/2016,1,20,,WI,1,Wisconsin,7,OCC,Chicago,1098151,,0,121 North Walworth Avenue,-88.541439,,BELOIT,55105,"Milwaukee-Racine-Waukesha, WI",Beloit,3,55127,,,The First National Bank and Trust Company,Williams Bay,WI,2019_5285_20
53511,DIF,N,United States,53121,OCC,0,476938,Wisconsin,6/2/2008,2019,Comptroller of the Currency,11,55,M,9,10388,United States,"CENTRE 1 BANCORP, INC.",0,3,0,944032,,Elkhorn,ONE,CB,US_Streets,,FED,0,,0,345 East Grand Avenue,376,17830,1209042,127,5285,42.670355,WI,4,CALL,0,Chicago,207845,Elkhorn Branch,0,,Walworth,COMMERCIAL LENDING,Central District,0,2/2/2016,1,21,,WI,1,Wisconsin,7,OCC,Chicago,1098151,,0,190 East Geneva Street,-88.539689,,BELOIT,55105,"Milwaukee-Racine-Waukesha, WI",Beloit,3,55127,,,The First National Bank and Trust Company,Elkhorn,WI,2019_5285_21
53511,DIF,N,United States,53511,OCC,27500,207424,Wisconsin,1/10/1983,2019,Comptroller of the Currency,11,55,M,9,10388,United States,"CENTRE 1 BANCORP, INC.",0,3,0,944032,,Beloit,ONE,CB,US_Streets,,FED,0,,0,345 East Grand Avenue,357,31460,1209042,105,5285,42.522464,WI,4,CALL,0,Chicago,207845,The Madison Road Branch,1,,Rock,COMMERCIAL LENDING,Central District,0,,0,4,,WI,1,Wisconsin,7,OCC,Chicago,1098151,,0,1795 Madison Road,-89.0707,,BELOIT,55105,"Madison-Janesville-Beloit, WI",Beloit,3,55105,,"Janesville-Beloit, WI",The First National Bank and Trust Company,Beloit,WI,2019_5285_4
53511,DIF,N,United States,61072,OCC,40420,11808,Wisconsin,5/24/1958,2019,Comptroller of the Currency,11,17,M,9,10388,United States,"CENTRE 1 BANCORP, INC.",0,3,0,944032,,Rockton,ONE,CB,US_Streets,,FED,0,,0,345 East Grand Avenue,466,127966,1209042,201,5285,42.452487,WI,4,CALL,0,Chicago,207845,Rockton Branch,1,,Winnebago,COMMERCIAL LENDING,Central District,0,2/23/2001,0,6,,IL,1,Illinois,7,OCC,Chicago,1098151,,0,300 East Main Street,-89.069691,,BELOIT,55105,"Rockford-Freeport-Rochelle, IL",Beloit,3,17201,,"Rockford, IL",The First National Bank and Trust Company,Rockton,WI,2019_5285_6
53511,DIF,N,United States,61073,OCC,40420,243045,Wisconsin,10/30/1979,2019,Comptroller of the Currency,11,17,M,9,10388,United States,"CENTRE 1 BANCORP, INC.",0,3,0,944032,,Roscoe,ONE,CB,US_Streets,,FED,0,,0,345 East Grand Avenue,466,47700,1209042,201,5285,42.413055,WI,4,CALL,0,Chicago,207845,Roscoe Branch,1,,Winnebago,COMMERCIAL LENDING,Central District,0,2/23/2001,0,7,,IL,1,Illinois,7,OCC,Chicago,1098151,,0,5360 Bridge St,-89.012165,,BELOIT,55105,"Rockford-Freeport-Rochelle, IL",Beloit,3,17201,,"Rockford, IL",The First National Bank and Trust Company,Roscoe,WI,2019_5285_7
53511,DIF,N,United States,61088,OCC,40420,12826,Wisconsin,12/20/1963,2019,Comptroller of the Currency,11,17,M,9,10388,United States,"CENTRE 1 BANCORP, INC.",0,3,0,944032,,Winnebago,ONE,CB,US_Streets,,FED,0,,0,345 East Grand Avenue,466,46520,1209042,201,5285,42.270049,WI,4,CALL,0,Chicago,207845,Winnebago Branch,1,,Winnebago,COMMERCIAL LENDING,Central District,0,5/31/2001,0,8,,IL,1,Illinois,7,OCC,Chicago,1098151,,0,500 North Elida Street,-89.241387,,BELOIT,55105,"Rockford-Freeport-Rochelle, IL",Beloit,3,17201,,"Rockford, IL",The First National Bank and Trust Company,Winnebago,WI,2019_5285_8
53511,DIF,N,United States,53511,OCC,27500,364769,Wisconsin,7/12/2001,2019,Comptroller of the Currency,11,55,M,9,10388,United States,"CENTRE 1 BANCORP, INC.",0,3,0,944032,,Beloit,ONE,CB,US_Streets,,FED,0,,0,345 East Grand Avenue,357,17522,1209042,105,5285,42.528032,WI,4,CALL,0,Chicago,207845,Cranston Rd. Branch,1,,Rock,COMMERCIAL LENDING,Central District,0,,0,9,,WI,1,Wisconsin,7,OCC,Chicago,1098151,,0,2600 Cranston Rd.,-88.993303,,BELOIT,55105,"Madison-Janesville-Beloit, WI",Beloit,3,55105,,"Janesville-Beloit, WI",The First National Bank and Trust Company,Beloit,WI,2019_5285_9
54923,DIF,NM,United States,54923,STATE,0,3554,Wisconsin,01/01/1876,2019,State Agency,11,55,M,9,13100,United States,"FIRST BERLIN BANCORP, INC.",0,3,360352,360352,,Berlin,ONE,CB,US_Streets,M,STATE,1,,0,140 West Huron Street,0,156886,1889538,47,5286,43.968402,WI,4,CALL,0,Chicago,111942,Fortifi Bank,0,,Green Lake,COMMERCIAL LENDING,Central District,0,,0,0,,WI,1,Wisconsin,7,FDIC,Chicago,418763,,0,140 West Huron Street,-88.947841,,BERLIN,55047,,Berlin,21,55047,,,Fortifi Bank,Berlin,WI,2019_5286_0
54923,DIF,NM,United States,54304,STATE,24580,579920,Wisconsin,9/18/2015,2019,State Agency,11,55,StreetAddress,9,13100,United States,"FIRST BERLIN BANCORP, INC.",0,3,0,360352,,Green Bay,ONE,CB,100,,STATE,0,,0,140 West Huron Street,267,25942,1889538,9,5286,44.486939,WI,4,CALL,0,Chicago,111942,Green Bay Branch,1,,Brown,COMMERCIAL LENDING,Central District,0,,0,10,,WI,1,Wisconsin,7,FDIC,Chicago,418763,,0,701 Cormier Rd,-88.058113,,BERLIN,55047,"Green Bay-Shawano, WI",Berlin,21,55009,,"Green Bay, WI",Fortifi Bank,Green Bay,WI,2019_5286_10
54923,DIF,NM,United States,54941,STATE,0,207427,Wisconsin,3/1/1999,2019,State Agency,11,55,STREETADDRESS,9,13100,United States,"FIRST BERLIN BANCORP, INC.",0,3,0,360352,,Green Lake,ONE,CB,100,,STATE,0,,0,140 West Huron Street,0,42033,1889538,47,5286,43.856714,WI,4,CALL,0,Chicago,111942,Green Lake Branch,0,,Green Lake,COMMERCIAL LENDING,Central District,0,,0,2,,WI,1,Wisconsin,7,FDIC,Chicago,418763,,0,N6230 State Road 49,-88.942921,,BERLIN,55047,,Berlin,21,55047,,,Fortifi Bank,Green Lake,WI,2019_5286_2
54923,DIF,NM,United States,53949,STATE,0,360187,Wisconsin,4/30/2000,2019,State Agency,11,55,M,9,13100,United States,"FIRST BERLIN BANCORP, INC.",0,3,0,360352,,Montello,ONE,CB,US_Streets,,STATE,0,,0,140 West Huron Street,0,35906,1889538,77,5286,43.78319,WI,4,CALL,0,Chicago,111942,Montello Branch,0,,Marquette,COMMERCIAL LENDING,Central District,0,,0,4,,WI,1,Wisconsin,7,FDIC,Chicago,418763,,0,408 Main Street,-89.325879,,BERLIN,55047,,Berlin,21,55077,,,Fortifi Bank,Montello,WI,2019_5286_4
54923,DIF,NM,United States,53964,STATE,0,364771,Wisconsin,4/1/2002,2019,State Agency,11,55,M,9,13100,United States,"FIRST BERLIN BANCORP, INC.",0,3,0,360352,,Westfield,ONE,CB,US_Streets,,STATE,0,,0,140 West Huron Street,0,22947,1889538,77,5286,43.885024,WI,4,CALL,0,Chicago,111942,Westfield Branch,0,,Marquette,COMMERCIAL LENDING,Central District,0,,0,5,,WI,1,Wisconsin,7,FDIC,Chicago,418763,,0,356 S. Pioneer Park Rd,-89.485253,,BERLIN,55047,,Berlin,21,55077,,,Fortifi Bank,Westfield,WI,2019_5286_5
54923,DIF,NM,United States,54963,STATE,36780,366197,Wisconsin,10/14/2002,2019,State Agency,11,55,M,9,13100,United States,"FIRST BERLIN BANCORP, INC.",0,3,0,360352,,Omro,ONE,CB,US_Streets,,STATE,0,,0,140 West Huron Street,118,35866,1889538,139,5286,44.038987,WI,4,CALL,0,Chicago,111942,Omro Branch,1,,Winnebago,COMMERCIAL LENDING,Central District,0,,0,6,,WI,1,Wisconsin,7,FDIC,Chicago,418763,,0,120 Alder Avenue,-88.720323,,BERLIN,55047,"Appleton-Oshkosh-Neenah, WI",Berlin,21,55139,,"Oshkosh-Neenah, WI",Fortifi Bank,Omro,WI,2019_5286_6
54923,DIF,NM,United States,54986,STATE,36780,428668,Wisconsin,5/17/2004,2019,State Agency,11,55,M,9,13100,United States,"FIRST BERLIN BANCORP, INC.",0,3,0,360352,,Winneconne,ONE,CB,US_RoofTop,,STATE,0,,0,140 West Huron Street,118,21374,1889538,139,5286,44.112,WI,4,CALL,0,Chicago,111942,Winneconne Financial Center Branch,1,,Winnebago,COMMERCIAL LENDING,Central District,0,,0,8,,WI,1,Wisconsin,7,FDIC,Chicago,418763,,0,908 East Main Street,-88.696508,,BERLIN,55047,"Appleton-Oshkosh-Neenah, WI",Berlin,21,55139,,"Oshkosh-Neenah, WI",Fortifi Bank,Winneconne,WI,2019_5286_8
54923,DIF,NM,United States,53597,STATE,31540,465394,Wisconsin,10/1/2006,2019,State Agency,11,55,M,9,13100,United States,"FIRST BERLIN BANCORP, INC.",0,3,0,360352,,Waunakee,ONE,CB,100,,STATE,0,,0,140 West Huron Street,357,19398,1889538,25,5286,43.175527,WI,4,CALL,0,Chicago,111942,Waunakee Financial Center Branch,1,,Dane,COMMERCIAL LENDING,Central District,0,,0,9,,WI,1,Wisconsin,7,FDIC,Chicago,418763,,0,"1330 Montondon Avenue, P.O. Box 311",-89.41349,,BERLIN,55047,"Madison-Janesville-Beloit, WI",Berlin,21,55025,,"Madison, WI",Fortifi Bank,Waunakee,WI,2019_5286_9
53538,DIF,NM,United States,53538,STATE,0,3560,Wisconsin,10/27/1863,2019,State Agency,11,55,M,9,0,United States,"FIRST AMERICAN BANKSHARES, INC.",0,3,312706,312706,,Fort Atkinson,ONE,CB,US_Streets,M,STATE,1,,0,70 North Main Street,376,126198,1141629,55,5295,42.928876,WI,4,CALL,0,Chicago,907547,Premierbank,0,,Jefferson,COMMERCIAL LENDING,Central District,0,,1,0,,WI,1,Wisconsin,7,FDIC,Chicago,427255,,0,70 North Main Street,-88.836937,,FORT ATKINSON,55055,"Milwaukee-Racine-Waukesha, WI",Fort Atkinson,21,55055,,,PremierBank,Fort Atkinson,WI,2019_5295_0
53538,DIF,NM,United States,53538,STATE,0,207448,Wisconsin,5/12/1986,2019,State Agency,23,55,T,9,0,United States,"FIRST AMERICAN BANKSHARES, INC.",0,3,0,312706,,Fort Atkinson,ONE,CB,US_Streets,C,STATE,0,3560,0,70 North Main Street,376,0,1141629,55,5295,42.929937,WI,4,CALL,0,Chicago,907547,Drive-In Facility,0,,Jefferson,COMMERCIAL LENDING,Central District,0,,1,1,,WI,1,Wisconsin,7,FDIC,Chicago,427255,,0,100 East Sherman Avenue,-88.838915,,FORT ATKINSON,55055,"Milwaukee-Racine-Waukesha, WI",Fort Atkinson,21,55055,,,PremierBank,Fort Atkinson,WI,2019_5295_1
53538,DIF,NM,United States,53190,STATE,0,7966,Wisconsin,7/3/1913,2019,State Agency,11,55,M,9,0,United States,"FIRST AMERICAN BANKSHARES, INC.",0,3,0,312706,,Whitewater,ONE,CB,US_Streets,,STATE,0,,0,70 North Main Street,376,59416,1141629,127,5295,42.833342,WI,4,CALL,0,Chicago,907547,Commercial Bank Branch,0,,Walworth,COMMERCIAL LENDING,Central District,0,9/22/2017,1,10,,WI,1,Wisconsin,7,FDIC,Chicago,427255,,0,200 South Fremont Street,-88.733716,,FORT ATKINSON,55055,"Milwaukee-Racine-Waukesha, WI",Fort Atkinson,21,55127,,,PremierBank,Whitewater,WI,2019_5295_10
53538,DIF,NM,United States,53545,STATE,27500,227302,Wisconsin,11/25/1991,2019,State Agency,11,55,M,9,0,United States,"FIRST AMERICAN BANKSHARES, INC.",0,3,0,312706,,Janesville,ONE,CB,US_Streets,,STATE,0,,0,70 North Main Street,357,12201,1141629,105,5295,42.704316,WI,4,CALL,0,Chicago,907547,Janesville Branch,1,,Rock,COMMERCIAL LENDING,Central District,0,9/22/2017,0,12,,WI,1,Wisconsin,7,FDIC,Chicago,427255,,0,1400 Black Bridge Road,-89.006848,,FORT ATKINSON,55055,"Madison-Janesville-Beloit, WI",Fort Atkinson,21,55105,,"Janesville-Beloit, WI",PremierBank,Janesville,WI,2019_5295_12
53538,DIF,NM,United States,53538,STATE,0,207449,Wisconsin,11/1/1993,2019,State Agency,23,55,M,9,0,United States,"FIRST AMERICAN BANKSHARES, INC.",0,3,0,312706,,Fort Atkinson,ONE,CB,US_Streets,C,STATE,0,3560,0,70 North Main Street,376,0,1141629,55,5295,42.91664,WI,4,CALL,0,Chicago,907547,Drive-In Facility Branch,0,,Jefferson,COMMERCIAL LENDING,Central District,0,,1,2,,WI,1,Wisconsin,7,FDIC,Chicago,427255,,0,910 South Main Street,-88.83686,,FORT ATKINSON,55055,"Milwaukee-Racine-Waukesha, WI",Fort Atkinson,21,55055,,,PremierBank,Fort Atkinson,WI,2019_5295_2
53538,DIF,NM,United States,53038,STATE,0,207450,Wisconsin,7/25/1995,2019,State Agency,11,55,M,9,0,United States,"FIRST AMERICAN BANKSHARES, INC.",0,3,0,312706,,Johnson Creek,ONE,CB,US_Streets,,STATE,0,,0,70 North Main Street,376,30735,1141629,55,5295,43.075313,WI,4,CALL,0,Chicago,907547,Johnson Creek Branch,0,,Jefferson,COMMERCIAL LENDING,Central District,0,,1,3,,WI,1,Wisconsin,7,FDIC,Chicago,427255,,0,100 Grell Lane,-88.768857,,FORT ATKINSON,55055,"Milwaukee-Racine-Waukesha, WI",Fort Atkinson,21,55055,,,PremierBank,Johnson Creek,WI,2019_5295_3
53538,DIF,NM,United States,53549,STATE,0,6396,Wisconsin,10/01/1858,2019,State Agency,11,55,M,9,0,United States,"FIRST AMERICAN BANKSHARES, INC.",0,3,0,312706,,Jefferson,ONE,CB,US_Streets,,STATE,0,,0,70 North Main Street,376,67670,1141629,55,5295,43.003185,WI,4,CALL,0,Chicago,907547,Jefferson Branch,0,,Jefferson,COMMERCIAL LENDING,Central District,0,1/1/1999,1,4,,WI,1,Wisconsin,7,FDIC,Chicago,427255,,0,320 South Center Avenue,-88.805915,,FORT ATKINSON,55055,"Milwaukee-Racine-Waukesha, WI",Fort Atkinson,21,55055,,,PremierBank,Jefferson,WI,2019_5295_4
53538,DIF,NM,United States,53538,STATE,0,358839,Wisconsin,9/13/2000,2019,State Agency,12,55,M,9,0,United States,"FIRST AMERICAN BANKSHARES, INC.",0,3,0,312706,,Fort Atkinson,ONE,CB,US_Streets,,STATE,0,,0,70 North Main Street,376,2035,1141629,55,5295,42.937453,WI,4,CALL,0,Chicago,907547,Pick N Save Branch,0,,Jefferson,COMMERCIAL LENDING,Central District,0,,1,6,,WI,1,Wisconsin,7,FDIC,Chicago,427255,,0,1505 Madison Avenue,-88.854274,,FORT ATKINSON,55055,"Milwaukee-Racine-Waukesha, WI",Fort Atkinson,21,55055,,,PremierBank,Fort Atkinson,WI,2019_5295_6
53538,DIF,NM,United States,53178,STATE,0,424192,Wisconsin,11/14/2003,2019,State Agency,11,55,M,9,0,United States,"FIRST AMERICAN BANKSHARES, INC.",0,3,0,312706,,Sullivan,ONE,CB,US_Streets,,STATE,0,,0,70 North Main Street,376,14451,1141629,55,5295,43.015915,WI,4,CALL,0,Chicago,907547,Sullivan Branch,0,,Jefferson,COMMERCIAL LENDING,Central District,0,,1,7,,WI,1,Wisconsin,7,FDIC,Chicago,427255,,0,154 Main Street,-88.585032,,FORT ATKINSON,55055,"Milwaukee-Racine-Waukesha, WI",Fort Atkinson,21,55055,,,PremierBank,Sullivan,WI,2019_5295_7
54301,DIF,N,United States,54301,OCC,24580,3561,Wisconsin,01/01/1874,2019,Comptroller of the Currency,11,55,M,9,0,United States,ASSOCIATED BANC-CORP,0,7,25312351,25312351,,Green Bay,MULT,CB,US_RoofTop,M,FED,1,,0,200 North Adams Street,267,1582388,1199563,9,5296,44.512039,WI,4,CALL,0,Chicago,917742,"Associated Bank, National Association",1,,Brown,COMMERCIAL LENDING,Other,0,,0,0,,WI,1,Wisconsin,7,OCC,Chicago,33225914,,0,200 North Adams Street,-88.015889,,GREEN BAY,55009,"Green Bay-Shawano, WI",Green Bay,3,55009,,"Green Bay, WI","Associated Bank, National Association",Green Bay,WI,2019_5296_0
54301,DIF,N,United States,53901,OCC,31540,3584,Wisconsin,02/01/1890,2019,Comptroller of the Currency,11,55,M,9,0,United States,ASSOCIATED BANC-CORP,0,7,0,25312351,,Portage,MULT,CB,US_Streets,,FED,0,,0,200 North Adams Street,357,118090,1199563,21,5296,43.537866,WI,4,CALL,0,Chicago,917742,Portage Branch,1,,Columbia,COMMERCIAL LENDING,Other,0,5/25/2001,0,102,,WI,1,Wisconsin,7,OCC,Chicago,33225914,,0,222 East Wisconsin Street,-89.456592,,GREEN BAY,55009,"Madison-Janesville-Beloit, WI",Green Bay,3,55021,,"Madison, WI","Associated Bank, National Association",Portage,WI,2019_5296_102
54301,DIF,N,United States,53598,OCC,31540,207557,Wisconsin,10/2/1989,2019,Comptroller of the Currency,11,55,M,9,0,United States,ASSOCIATED BANC-CORP,0,7,0,25312351,,Windsor,MULT,CB,US_RoofTop,,FED,0,,0,200 North Adams Street,357,34937,1199563,25,5296,43.195828,WI,4,CALL,0,Chicago,917742,Windsor Branch,1,,Dane,COMMERCIAL LENDING,Other,0,5/25/2001,0,104,,WI,1,Wisconsin,7,OCC,Chicago,33225914,,0,6343 Blanchars' Crossing,-89.333046,,GREEN BAY,55009,"Madison-Janesville-Beloit, WI",Green Bay,3,55025,,"Madison, WI","Associated Bank, National Association",Windsor,WI,2019_5296_104
54301,DIF,N,United States,54466,OCC,0,9835,Wisconsin,10/11/1937,2019,Comptroller of the Currency,11,55,M,9,0,United States,ASSOCIATED BANC-CORP,0,7,0,25312351,,Pittsville,MULT,CB,US_Streets,,FED,0,,0,200 North Adams Street,554,27482,1199563,141,5296,44.441077,WI,4,CALL,0,Chicago,917742,Pittsville Branch,0,,Wood,COMMERCIAL LENDING,Other,0,5/25/2001,1,105,,WI,1,Wisconsin,7,OCC,Chicago,33225914,,0,5292 Second Avenue,-90.127307,,GREEN BAY,55009,"Wausau-Stevens Point-Wisconsin Rapids, WI",Green Bay,3,55141,,,"Associated Bank, National Association",Pittsville,WI,2019_5296_105
54301,DIF,N,United States,53925,OCC,31540,3556,Wisconsin,12/08/1856,2019,Comptroller of the Currency,11,55,M,9,0,United States,ASSOCIATED BANC-CORP,0,7,0,25312351,,Columbus,MULT,CB,US_Streets,,FED,0,,0,200 North Adams Street,357,46299,1199563,21,5296,43.329721,WI,4,CALL,0,Chicago,917742,Columbus Branch,1,,Columbia,COMMERCIAL LENDING,Other,0,5/25/2001,0,107,,WI,1,Wisconsin,7,OCC,Chicago,33225914,,0,111 Tower Drive,-89.026928,,GREEN BAY,55009,"Madison-Janesville-Beloit, WI",Green Bay,3,55021,,"Madison, WI","Associated Bank, National Association",Columbus,WI,2019_5296_107
54301,DIF,N,United States,53959,OCC,0,229368,Wisconsin,4/1/1998,2019,Comptroller of the Currency,11,55,M,9,0,United States,ASSOCIATED BANC-CORP,0,7,0,25312351,,Reedsburg,MULT,CB,US_Streets,,FED,0,,0,200 North Adams Street,357,66692,1199563,111,5296,43.540714,WI,4,CALL,0,Chicago,917742,Reedsburg East Branch,0,,Sauk,COMMERCIAL LENDING,Other,0,5/25/2001,1,110,,WI,1,Wisconsin,7,OCC,Chicago,33225914,,0,750 Viking Drive,-89.98451,,GREEN BAY,55009,"Madison-Janesville-Beloit, WI",Green Bay,3,55111,,,"Associated Bank, National Association",Reedsburg,WI,2019_5296_110
54301,DIF,N,United States,54636,OCC,29100,285111,Wisconsin,1/1/1964,2019,Comptroller of the Currency,11,55,M,9,0,United States,ASSOCIATED BANC-CORP,0,7,0,25312351,,Holmen,MULT,CB,US_RoofTop,,FED,0,,0,200 North Adams Street,0,44395,1199563,63,5296,43.967078,WI,4,CALL,0,Chicago,917742,Holmen Branch,1,,La Crosse,COMMERCIAL LENDING,Other,0,5/25/2001,0,116,,WI,1,Wisconsin,7,OCC,Chicago,33225914,,0,450 North Holmen Drive,-91.263453,,GREEN BAY,55009,,Green Bay,3,55063,,"La Crosse-Onalaska, WI-MN","Associated Bank, National Association",Holmen,WI,2019_5296_116
54301,DIF,N,United States,53916,OCC,0,279461,Wisconsin,1/1/1920,2019,Comptroller of the Currency,11,55,M,9,0,United States,ASSOCIATED BANC-CORP,0,7,0,25312351,,Beaver Dam,MULT,CB,US_RoofTop,,FED,0,,0,200 North Adams Street,376,52195,1199563,27,5296,43.456255,WI,4,CALL,0,Chicago,917742,Beaver Dam Branch,0,,Dodge,COMMERCIAL LENDING,Other,0,5/25/2001,1,117,,WI,1,Wisconsin,7,OCC,Chicago,33225914,,0,201 Park Avenue,-88.833916,,GREEN BAY,55009,"Milwaukee-Racine-Waukesha, WI",Green Bay,3,55027,,,"Associated Bank, National Association",Beaver Dam,WI,2019_5296_117
54301,DIF,N,United States,53202,OCC,33340,993,Wisconsin,11/29/1929,2019,Comptroller of the Currency,11,55,POINTADDRESS,9,0,United States,ASSOCIATED BANC-CORP,0,7,0,25312351,,Milwaukee,MULT,CB,100,,FED,0,,0,200 North Adams Street,376,3189585,1199563,79,5296,43.03867,WI,4,CALL,0,Chicago,917742,Milwaukee Branch,1,,Milwaukee,COMMERCIAL LENDING,Other,0,4/20/2001,0,121,,WI,1,Wisconsin,7,OCC,Chicago,33225914,,0,250 East Wisconsin Avenue,-87.908263,,GREEN BAY,55009,"Milwaukee-Racine-Waukesha, WI",Green Bay,3,55079,,"Milwaukee-Waukesha, WI","Associated Bank, National Association",Milwaukee,WI,2019_5296_121
54301,DIF,N,United States,53051,OCC,33340,189651,Wisconsin,12/1/1989,2019,Comptroller of the Currency,11,55,M,9,0,United States,ASSOCIATED BANC-CORP,0,7,0,25312351,,Menomonee Falls,MULT,CB,US_Zipcode,,FED,0,,0,200 North Adams Street,376,78690,1199563,133,5296,43.148866,WI,4,CALL,0,Chicago,917742,Menomonee Falls South Branch,1,,Waukesha,COMMERCIAL LENDING,Other,0,4/20/2001,0,122,,WI,1,Wisconsin,7,OCC,Chicago,33225914,,0,W156 N5575 Pilgrim Road,-88.121946,,GREEN BAY,55009,"Milwaukee-Racine-Waukesha, WI",Green Bay,3,55133,,"Milwaukee-Waukesha, WI","Associated Bank, National Association",Menomonee Falls,WI,2019_5296_122
54301,DIF,N,United States,53051,OCC,33340,7170,Wisconsin,7/25/1908,2019,Comptroller of the Currency,11,55,StreetAddress,9,0,United States,ASSOCIATED BANC-CORP,0,7,0,25312351,,Menomonee Falls,MULT,CB,100,,FED,0,,0,200 North Adams Street,376,134506,1199563,133,5296,43.17884,WI,4,CALL,0,Chicago,917742,Menomonee Falls North Branch,1,,Waukesha,COMMERCIAL LENDING,Other,0,4/20/2001,0,123,,WI,1,Wisconsin,7,OCC,Chicago,33225914,,0,N88 W15491 Main Street,-88.101282,,GREEN BAY,55009,"Milwaukee-Racine-Waukesha, WI",Green Bay,3,55133,,"Milwaukee-Waukesha, WI","Associated Bank, National Association",Menomonee Falls,WI,2019_5296_123
54301,DIF,N,United States,53089,OCC,33340,224166,Wisconsin,4/15/1938,2019,Comptroller of the Currency,11,55,M,9,0,United States,ASSOCIATED BANC-CORP,0,7,0,25312351,,Sussex,MULT,CB,US_Zipcode,,FED,0,,0,200 North Adams Street,376,99946,1199563,133,5296,43.146617,WI,4,CALL,0,Chicago,917742,Sussex Branch,1,,Waukesha,COMMERCIAL LENDING,Other,0,4/20/2001,0,124,,WI,1,Wisconsin,7,OCC,Chicago,33225914,,0,N64 W23710 Main Street,-88.23463,,GREEN BAY,55009,"Milwaukee-Racine-Waukesha, WI",Green Bay,3,55133,,"Milwaukee-Waukesha, WI","Associated Bank, National Association",Sussex,WI,2019_5296_124
54301,DIF,N,United States,53066,OCC,33340,224169,Wisconsin,11/14/1983,2019,Comptroller of the Currency,11,55,M,9,0,United States,ASSOCIATED BANC-CORP,0,7,0,25312351,,Oconomowoc,MULT,CB,US_Zipcode,,FED,0,,0,200 North Adams Street,376,73884,1199563,133,5296,43.11738,WI,4,CALL,0,Chicago,917742,Oconomowoc-Okauchee Branch,1,,Waukesha,COMMERCIAL LENDING,Other,0,4/20/2001,0,127,,WI,1,Wisconsin,7,OCC,Chicago,33225914,,0,N49 W35876 Wisconsin Avenue,-88.489408,,GREEN BAY,55009,"Milwaukee-Racine-Waukesha, WI",Green Bay,3,55133,,"Milwaukee-Waukesha, WI","Associated Bank, National Association",Oconomowoc,WI,2019_5296_127
54301,DIF,N,United States,53072,OCC,33340,224170,Wisconsin,11/28/1983,2019,Comptroller of the Currency,11,55,PointAddress,9,0,United States,ASSOCIATED BANC-CORP,0,7,0,25312351,,Pewaukee,MULT,CB,100,,FED,0,,0,200 North Adams Street,376,71203,1199563,133,5296,43.04329,WI,4,CALL,0,Chicago,917742,Grandview Branch,1,,Waukesha,COMMERCIAL LENDING,Other,0,4/20/2001,0,128,,WI,1,Wisconsin,7,OCC,Chicago,33225914,,0,2815 North Grandview Boulevard,-88.255081,,GREEN BAY,55009,"Milwaukee-Racine-Waukesha, WI",Green Bay,3,55133,,"Milwaukee-Waukesha, WI","Associated Bank, National Association",Pewaukee,WI,2019_5296_128
54301,DIF,N,United States,53045,OCC,33340,224171,Wisconsin,2/1/1988,2019,Comptroller of the Currency,11,55,EXACT,9,0,United States,ASSOCIATED BANC-CORP,0,7,0,25312351,,Brookfield,MULT,CB,100,,FED,0,,0,200 North Adams Street,376,135093,1199563,133,5296,43.036324,WI,4,CALL,0,Chicago,917742,Brookfield Bluemound Branch,1,,Waukesha,COMMERCIAL LENDING,Other,0,4/20/2001,0,130,,WI,1,Wisconsin,7,OCC,Chicago,33225914,,0,17595 West Bluemound Road,-88.131714,,GREEN BAY,55009,"Milwaukee-Racine-Waukesha, WI",Green Bay,3,55133,,"Milwaukee-Waukesha, WI","Associated Bank, National Association",Brookfield,WI,2019_5296_130
54301,DIF,N,United States,53022,OCC,33340,224173,Wisconsin,8/30/1990,2019,Comptroller of the Currency,11,55,POSTAL,9,0,United States,ASSOCIATED BANC-CORP,0,7,0,25312351,,Germantown,MULT,CB,100,,FED,0,,0,200 North Adams Street,376,68065,1199563,131,5296,43.219168,WI,4,CALL,0,Chicago,917742,Germantown Branch,1,,Washington,COMMERCIAL LENDING,Other,0,4/20/2001,0,133,,WI,1,Wisconsin,7,OCC,Chicago,33225914,,0,N112 W16330 Mequon Road,-88.113789,,GREEN BAY,55009,"Milwaukee-Racine-Waukesha, WI",Green Bay,3,55131,,"Milwaukee-Waukesha, WI","Associated Bank, National Association",Germantown,WI,2019_5296_133
54301,DIF,N,United States,53235,OCC,33340,15771,Wisconsin,2/13/1978,2019,Comptroller of the Currency,11,55,M,9,0,United States,ASSOCIATED BANC-CORP,0,7,0,25312351,,Saint Francis,MULT,CB,US_RoofTop,,FED,0,,0,200 North Adams Street,376,50507,1199563,79,5296,42.977183,WI,4,CALL,0,Chicago,917742,St. Francis Branch,1,,Milwaukee,COMMERCIAL LENDING,Other,0,4/20/2001,0,134,,WI,1,Wisconsin,7,OCC,Chicago,33225914,,0,3719 South Kinnickinnic Avenue,-87.877294,,GREEN BAY,55009,"Milwaukee-Racine-Waukesha, WI",Green Bay,3,55079,,"Milwaukee-Waukesha, WI","Associated Bank, National Association",Saint Francis,WI,2019_5296_134
54301,DIF,N,United States,53086,OCC,33340,9148,Wisconsin,4/4/1904,2019,Comptroller of the Currency,11,55,M,9,0,United States,ASSOCIATED BANC-CORP,0,7,0,25312351,,Slinger,MULT,CB,US_RoofTop,,FED,0,,0,200 North Adams Street,376,64997,1199563,131,5296,43.337544,WI,4,CALL,0,Chicago,917742,Slinger Branch,1,,Washington,COMMERCIAL LENDING,Other,0,4/20/2001,0,135,,WI,1,Wisconsin,7,OCC,Chicago,33225914,,0,300 East Washington Street,-88.289157,,GREEN BAY,55009,"Milwaukee-Racine-Waukesha, WI",Green Bay,3,55131,,"Milwaukee-Waukesha, WI","Associated Bank, National Association",Slinger,WI,2019_5296_135
54301,DIF,N,United States,53027,OCC,33340,231838,Wisconsin,12/1/1988,2019,Comptroller of the Currency,11,55,M,9,0,United States,ASSOCIATED BANC-CORP,0,7,0,25312351,,Hartford,MULT,CB,US_Streets,,FED,0,,0,200 North Adams Street,376,44278,1199563,131,5296,43.317726,WI,4,CALL,0,Chicago,917742,Hartford Branch,1,,Washington,COMMERCIAL LENDING,Other,0,4/20/2001,0,138,,WI,1,Wisconsin,7,OCC,Chicago,33225914,,0,1594 East Sumner Street,-88.350608,,GREEN BAY,55009,"Milwaukee-Racine-Waukesha, WI",Green Bay,3,55131,,"Milwaukee-Waukesha, WI","Associated Bank, National Association",Hartford,WI,2019_5296_138
54301,DIF,N,United States,53227,OCC,33340,12149,Wisconsin,5/20/1960,2019,Comptroller of the Currency,11,55,M,9,0,United States,ASSOCIATED BANC-CORP,0,7,0,25312351,,Milwaukee,MULT,CB,US_RoofTop,,FED,0,,0,200 North Adams Street,376,171931,1199563,79,5296,42.994526,WI,4,CALL,0,Chicago,917742,West Allis West Branch,1,,Milwaukee,COMMERCIAL LENDING,Other,0,4/20/2001,0,139,,WI,1,Wisconsin,7,OCC,Chicago,33225914,,0,10701 West National Avenue,-88.045373,,GREEN BAY,55009,"Milwaukee-Racine-Waukesha, WI",Green Bay,3,55079,,"Milwaukee-Waukesha, WI","Associated Bank, National Association",West Allis,WI,2019_5296_139
54301,DIF,N,United States,53072,OCC,33340,244397,Wisconsin,5/11/1989,2019,Comptroller of the Currency,11,55,M,9,0,United States,ASSOCIATED BANC-CORP,0,7,0,25312351,,Pewaukee,MULT,CB,US_RoofTop,,FED,0,,0,200 North Adams Street,376,63552,1199563,133,5296,43.083369,WI,4,CALL,0,Chicago,917742,Pewaukee Branch,1,,Waukesha,COMMERCIAL LENDING,Other,0,4/20/2001,0,140,,WI,1,Wisconsin,7,OCC,Chicago,33225914,,0,1400 Capitol Drive,-88.229402,,GREEN BAY,55009,"Milwaukee-Racine-Waukesha, WI",Green Bay,3,55133,,"Milwaukee-Waukesha, WI","Associated Bank, National Association",Pewaukee,WI,2019_5296_140
54301,DIF,N,United States,53217,OCC,33340,271767,Wisconsin,6/1/1934,2019,Comptroller of the Currency,11,55,M,9,0,United States,ASSOCIATED BANC-CORP,0,7,0,25312351,,Milwaukee,MULT,CB,US_RoofTop,,FED,0,,0,200 North Adams Street,376,98074,1199563,79,5296,43.118497,WI,4,CALL,0,Chicago,917742,Whitefish Bay Branch,1,,Milwaukee,COMMERCIAL LENDING,Other,0,4/20/2001,0,142,,WI,1,Wisconsin,7,OCC,Chicago,33225914,,0,430 East Silver Spring Drive,-87.904506,,GREEN BAY,55009,"Milwaukee-Racine-Waukesha, WI",Green Bay,3,55079,,"Milwaukee-Waukesha, WI","Associated Bank, National Association",Whitefish Bay,WI,2019_5296_142
54301,DIF,N,United States,53406,OCC,39540,271770,Wisconsin,6/1/1934,2019,Comptroller of the Currency,11,55,M,9,0,United States,ASSOCIATED BANC-CORP,0,7,0,25312351,,Racine,MULT,CB,US_RoofTop,,FED,0,,0,200 North Adams Street,376,23119,1199563,101,5296,42.697069,WI,4,CALL,0,Chicago,917742,Racine Branch,1,,Racine,COMMERCIAL LENDING,Other,0,4/20/2001,0,144,,WI,1,Wisconsin,7,OCC,Chicago,33225914,,0,5439 Durand Avenue,-87.844701,,GREEN BAY,55009,"Milwaukee-Racine-Waukesha, WI",Green Bay,3,55101,,"Racine, WI","Associated Bank, National Association",Racine,WI,2019_5296_144
54301,DIF,N,United States,53216,OCC,33340,271771,Wisconsin,6/1/1934,2019,Comptroller of the Currency,11,55,M,9,0,United States,ASSOCIATED BANC-CORP,0,7,0,25312351,,Milwaukee,MULT,CB,US_RoofTop,,FED,0,,0,200 North Adams Street,376,18956,1199563,79,5296,43.092997,WI,4,CALL,0,Chicago,917742,Milwaukee-Fond Du Lac Ave Branch,1,,Milwaukee,COMMERCIAL LENDING,Other,0,4/20/2001,0,145,,WI,1,Wisconsin,7,OCC,Chicago,33225914,,0,5350 West Fond Du Lac Avenue,-87.980135,,GREEN BAY,55009,"Milwaukee-Racine-Waukesha, WI",Green Bay,3,55079,,"Milwaukee-Waukesha, WI","Associated Bank, National Association",Milwaukee,WI,2019_5296_145
54301,DIF,N,United States,53223,OCC,33340,271772,Wisconsin,6/1/1934,2019,Comptroller of the Currency,11,55,M,9,0,United States,ASSOCIATED BANC-CORP,0,7,0,25312351,,Milwaukee,MULT,CB,US_RoofTop,,FED,0,,0,200 North Adams Street,376,20088,1199563,79,5296,43.177938,WI,4,CALL,0,Chicago,917742,Milwaukee Brown Deer Branch,1,,Milwaukee,COMMERCIAL LENDING,Other,0,4/20/2001,0,146,,WI,1,Wisconsin,7,OCC,Chicago,33225914,,0,7900 West Brown Deer Road,-88.008724,,GREEN BAY,55009,"Milwaukee-Racine-Waukesha, WI",Green Bay,3,55079,,"Milwaukee-Waukesha, WI","Associated Bank, National Association",Milwaukee,WI,2019_5296_146
54301,DIF,N,United States,53172,OCC,33340,271773,Wisconsin,6/1/1934,2019,Comptroller of the Currency,11,55,M,9,0,United States,ASSOCIATED BANC-CORP,0,7,0,25312351,,South Milwaukee,MULT,CB,US_RoofTop,,FED,0,,0,200 North Adams Street,376,37152,1199563,79,5296,42.90296,WI,4,CALL,0,Chicago,917742,South Milwaukee Branch,1,,Milwaukee,COMMERCIAL LENDING,Other,0,4/20/2001,0,147,,WI,1,Wisconsin,7,OCC,Chicago,33225914,,0,2815 South Chicago Avenue,-87.865583,,GREEN BAY,55009,"Milwaukee-Racine-Waukesha, WI",Green Bay,3,55079,,"Milwaukee-Waukesha, WI","Associated Bank, National Association",South Milwaukee,WI,2019_5296_147
54301,DIF,N,United States,53226,OCC,33340,42493,Wisconsin,01/01/1887,2019,Comptroller of the Currency,11,55,M,9,0,United States,ASSOCIATED BANC-CORP,0,7,0,25312351,,Milwaukee,MULT,CB,US_RoofTop,,FED,0,,0,200 North Adams Street,376,91381,1199563,79,5296,43.066005,WI,4,CALL,0,Chicago,917742,Wauwatosa Mayfair Branch,1,,Milwaukee,COMMERCIAL LENDING,Other,0,4/20/2001,0,148,,WI,1,Wisconsin,7,OCC,Chicago,33225914,,0,2645 North Mayfair Road,-88.047908,,GREEN BAY,55009,"Milwaukee-Racine-Waukesha, WI",Green Bay,3,55079,,"Milwaukee-Waukesha, WI","Associated Bank, National Association",Wauwatosa,WI,2019_5296_148
54301,DIF,N,United States,53208,OCC,33340,271781,Wisconsin,6/1/1934,2019,Comptroller of the Currency,11,55,M,9,0,United States,ASSOCIATED BANC-CORP,0,7,0,25312351,,Milwaukee,MULT,CB,US_RoofTop,,FED,0,,0,200 North Adams Street,376,23035,1199563,79,5296,43.060707,WI,4,CALL,0,Chicago,917742,Milwaukee-North Avenue Branch,1,,Milwaukee,COMMERCIAL LENDING,Other,0,4/20/2001,0,152,,WI,1,Wisconsin,7,OCC,Chicago,33225914,,0,5900 West North Avenue,-87.986688,,GREEN BAY,55009,"Milwaukee-Racine-Waukesha, WI",Green Bay,3,55079,,"Milwaukee-Waukesha, WI","Associated Bank, National Association",Milwaukee,WI,2019_5296_152
54301,DIF,N,United States,53189,OCC,33340,271782,Wisconsin,6/1/1934,2019,Comptroller of the Currency,11,55,POINTADDRESS,9,0,United States,ASSOCIATED BANC-CORP,0,7,0,25312351,,Waukesha,MULT,CB,100,,FED,0,,0,200 North Adams Street,376,37623,1199563,133,5296,42.988376,WI,4,CALL,0,Chicago,917742,Waukesha Sunset Branch,1,,Waukesha,COMMERCIAL LENDING,Other,0,4/20/2001,0,153,,WI,1,Wisconsin,7,OCC,Chicago,33225914,,0,100 East Sunset Drive,-88.226801,,GREEN BAY,55009,"Milwaukee-Racine-Waukesha, WI",Green Bay,3,55133,,"Milwaukee-Waukesha, WI","Associated Bank, National Association",Waukesha,WI,2019_5296_153
54301,DIF,N,United States,53215,OCC,33340,276680,Wisconsin,01/01/1887,2019,Comptroller of the Currency,11,55,M,9,0,United States,ASSOCIATED BANC-CORP,0,7,0,25312351,,Milwaukee,MULT,CB,US_RoofTop,,FED,0,,0,200 North Adams Street,376,63889,1199563,79,5296,42.98248,WI,4,CALL,0,Chicago,917742,Milwaukee-Southgate Branch,1,,Milwaukee,COMMERCIAL LENDING,Other,0,4/20/2001,0,155,,WI,1,Wisconsin,7,OCC,Chicago,33225914,,0,3432 South 27th Street,-87.948207,,GREEN BAY,55009,"Milwaukee-Racine-Waukesha, WI",Green Bay,3,55079,,"Milwaukee-Waukesha, WI","Associated Bank, National Association",Milwaukee,WI,2019_5296_155
54301,DIF,N,United States,53151,OCC,33340,271786,Wisconsin,6/1/1934,2019,Comptroller of the Currency,11,55,M,9,0,United States,ASSOCIATED BANC-CORP,0,7,0,25312351,,New Berlin,MULT,CB,US_RoofTop,,FED,0,,0,200 North Adams Street,376,86754,1199563,133,5296,42.975495,WI,4,CALL,0,Chicago,917742,New Berlin Branch,1,,Waukesha,COMMERCIAL LENDING,Other,0,4/20/2001,0,156,,WI,1,Wisconsin,7,OCC,Chicago,33225914,,0,15665 West National Avenue,-88.109382,,GREEN BAY,55009,"Milwaukee-Racine-Waukesha, WI",Green Bay,3,55133,,"Milwaukee-Waukesha, WI","Associated Bank, National Association",New Berlin,WI,2019_5296_156
54301,DIF,N,United States,53094,OCC,0,279460,Wisconsin,1/1/1920,2019,Comptroller of the Currency,11,55,T,9,0,United States,ASSOCIATED BANC-CORP,0,7,0,25312351,,Watertown,MULT,CB,US_Streets,,FED,0,,0,200 North Adams Street,376,65704,1199563,55,5296,43.195106,WI,4,CALL,0,Chicago,917742,Watertown Downtown Branch,0,,Jefferson,COMMERCIAL LENDING,Other,0,4/20/2001,1,157,,WI,1,Wisconsin,7,OCC,Chicago,33225914,,0,600 Main Street,-88.731041,,GREEN BAY,55009,"Milwaukee-Racine-Waukesha, WI",Green Bay,3,55055,,,"Associated Bank, National Association",Watertown,WI,2019_5296_157
54301,DIF,N,United States,53190,OCC,0,279462,Wisconsin,1/1/1920,2019,Comptroller of the Currency,11,55,M,9,0,United States,ASSOCIATED BANC-CORP,0,7,0,25312351,,Whitewater,MULT,CB,US_Streets,,FED,0,,0,200 North Adams Street,376,49600,1199563,127,5296,42.833402,WI,4,CALL,0,Chicago,917742,Whitewater Branch,0,,Walworth,COMMERCIAL LENDING,Other,0,4/20/2001,1,158,,WI,1,Wisconsin,7,OCC,Chicago,33225914,,0,219 Center Street,-88.732656,,GREEN BAY,55009,"Milwaukee-Racine-Waukesha, WI",Green Bay,3,55127,,,"Associated Bank, National Association",Whitewater,WI,2019_5296_158
54301,DIF,N,United States,53189,OCC,33340,279473,Wisconsin,1/1/1920,2019,Comptroller of the Currency,11,55,M,9,0,United States,ASSOCIATED BANC-CORP,0,7,0,25312351,,Waukesha,MULT,CB,100,,FED,0,,0,200 North Adams Street,376,63969,1199563,133,5296,42.988511,WI,4,CALL,0,Chicago,917742,Waukesha-Fox Run Branch,1,,Waukesha,COMMERCIAL LENDING,Other,0,4/20/2001,0,160,,WI,1,Wisconsin,7,OCC,Chicago,33225914,,0,1270 West Sunset Drive,-88.261916,,GREEN BAY,55009,"Milwaukee-Racine-Waukesha, WI",Green Bay,3,55133,,"Milwaukee-Waukesha, WI","Associated Bank, National Association",Waukesha,WI,2019_5296_160
54301,DIF,N,United States,53186,OCC,33340,271789,Wisconsin,6/30/1986,2019,Comptroller of the Currency,11,55,M,9,0,United States,ASSOCIATED BANC-CORP,0,7,0,25312351,,Waukesha,MULT,CB,US_RoofTop,,FED,0,,0,200 North Adams Street,376,52862,1199563,133,5296,43.010018,WI,4,CALL,0,Chicago,917742,Waukesha-Downtown Branch,1,,Waukesha,COMMERCIAL LENDING,Other,0,4/20/2001,0,162,,WI,1,Wisconsin,7,OCC,Chicago,33225914,,0,704 North Grand Avenue,-88.231573,,GREEN BAY,55009,"Milwaukee-Racine-Waukesha, WI",Green Bay,3,55133,,"Milwaukee-Waukesha, WI","Associated Bank, National Association",Waukesha,WI,2019_5296_162
54301,DIF,N,United States,53149,OCC,33340,279467,Wisconsin,1/1/1920,2019,Comptroller of the Currency,11,55,M,9,0,United States,ASSOCIATED BANC-CORP,0,7,0,25312351,,Mukwonago,MULT,CB,US_Streets,,FED,0,,0,200 North Adams Street,376,77190,1199563,133,5296,42.869908,WI,4,CALL,0,Chicago,917742,Mukwonago Branch,1,,Waukesha,COMMERCIAL LENDING,Other,0,4/20/2001,0,163,,WI,1,Wisconsin,7,OCC,Chicago,33225914,,0,707 North Rochester,-88.335915,,GREEN BAY,55009,"Milwaukee-Racine-Waukesha, WI",Green Bay,3,55133,,"Milwaukee-Waukesha, WI","Associated Bank, National Association",Mukwonago,WI,2019_5296_163
54301,DIF,N,United States,53120,OCC,0,279469,Wisconsin,1/1/1920,2019,Comptroller of the Currency,11,55,M,9,0,United States,ASSOCIATED BANC-CORP,0,7,0,25312351,,East Troy,MULT,CB,US_Streets,,FED,0,,0,200 North Adams Street,376,33988,1199563,127,5296,42.783369,WI,4,CALL,0,Chicago,917742,East Troy Branch,0,,Walworth,COMMERCIAL LENDING,Other,0,4/20/2001,1,164,,WI,1,Wisconsin,7,OCC,Chicago,33225914,,0,3292 Main Street,-88.424967,,GREEN BAY,55009,"Milwaukee-Racine-Waukesha, WI",Green Bay,3,55127,,,"Associated Bank, National Association",East Troy,WI,2019_5296_164
54301,DIF,N,United States,53181,OCC,16980,279476,Wisconsin,1/1/1920,2019,Comptroller of the Currency,11,55,M,9,0,United States,ASSOCIATED BANC-CORP,0,7,0,25312351,,Twin Lakes,MULT,CB,US_Streets,,FED,0,,29404,200 North Adams Street,176,52493,1199563,59,5296,42.53266,WI,4,CALL,0,Chicago,917742,Twin Lakes Branch,1,,Kenosha,COMMERCIAL LENDING,Other,0,4/20/2001,0,168,,WI,1,Wisconsin,7,OCC,Chicago,33225914,,0,213 North Lake Avenue,-88.248224,,GREEN BAY,55009,"Chicago-Naperville, IL-IN-WI",Green Bay,3,55059,"Lake County-Kenosha County, IL-WI","Chicago-Naperville-Elgin, IL-IN-WI","Associated Bank, National Association",Twin Lakes,WI,2019_5296_168
54301,DIF,N,United States,53204,OCC,33340,276674,Wisconsin,01/01/1887,2019,Comptroller of the Currency,11,55,STREETNAME,9,0,United States,ASSOCIATED BANC-CORP,0,7,0,25312351,,Milwaukee,MULT,CB,100,,FED,0,,0,200 North Adams Street,376,24263,1199563,79,5296,43.012423,WI,4,CALL,0,Chicago,917742,Milwaukee-Mitchell Street Branch,1,,Milwaukee,COMMERCIAL LENDING,Other,0,4/20/2001,0,170,,WI,1,Wisconsin,7,OCC,Chicago,33225914,,0,829 West Mitchell Street,-87.940801,,GREEN BAY,55009,"Milwaukee-Racine-Waukesha, WI",Green Bay,3,55079,,"Milwaukee-Waukesha, WI","Associated Bank, National Association",Milwaukee,WI,2019_5296_170
54301,DIF,N,United States,53074,OCC,33340,43371,Wisconsin,1/1/1923,2019,Comptroller of the Currency,11,55,M,9,0,United States,ASSOCIATED BANC-CORP,0,7,0,25312351,,Port Washington,MULT,CB,US_Streets,,FED,0,,0,200 North Adams Street,376,78758,1199563,89,5296,43.38869,WI,4,CALL,0,Chicago,917742,Port Washington Branch,1,,Ozaukee,COMMERCIAL LENDING,Other,0,4/20/2001,0,172,,WI,1,Wisconsin,7,OCC,Chicago,33225914,,0,222 North Wisconsin Street,-87.870844,,GREEN BAY,55009,"Milwaukee-Racine-Waukesha, WI",Green Bay,3,55089,,"Milwaukee-Waukesha, WI","Associated Bank, National Association",Port Washington,WI,2019_5296_172
54301,DIF,N,United States,53051,OCC,33340,189652,Wisconsin,11/12/1998,2019,Comptroller of the Currency,29,55,StreetAddress,9,0,United States,ASSOCIATED BANC-CORP,0,7,0,25312351,,Menomonee Falls,MULT,CB,100,C,FED,0,123,0,200 North Adams Street,376,0,1199563,133,5296,43.160707,WI,4,CALL,0,Chicago,917742,The Arboretum Retirement Branch,1,,Waukesha,COMMERCIAL LENDING,Other,0,4/20/2001,0,175,,WI,1,Wisconsin,7,OCC,Chicago,33225914,,0,W180n 7890 Town Hall Road,-88.133889,,GREEN BAY,55009,"Milwaukee-Racine-Waukesha, WI",Green Bay,3,55133,,"Milwaukee-Waukesha, WI","Associated Bank, National Association",Menomonee Falls,WI,2019_5296_175
54301,DIF,N,United States,53118,OCC,33340,189653,Wisconsin,11/12/1998,2019,Comptroller of the Currency,29,55,StreetAddress,9,0,United States,ASSOCIATED BANC-CORP,0,7,0,25312351,,Dousman,MULT,CB,100,C,FED,0,409,0,200 North Adams Street,376,0,1199563,133,5296,43.022574,WI,4,CALL,0,Chicago,917742,Three Pillars Retirement Branch,1,,Waukesha,COMMERCIAL LENDING,Other,0,4/20/2001,0,176,,WI,1,Wisconsin,7,OCC,Chicago,33225914,,0,36225 Sunset Drive,-88.463307,,GREEN BAY,55009,"Milwaukee-Racine-Waukesha, WI",Green Bay,3,55133,,"Milwaukee-Waukesha, WI","Associated Bank, National Association",Dousman,WI,2019_5296_176
54301,DIF,N,United States,54956,OCC,36780,3576,Wisconsin,01/01/1861,2019,Comptroller of the Currency,11,55,M,9,0,United States,ASSOCIATED BANC-CORP,0,7,0,25312351,,Neenah,MULT,CB,US_Streets,,FED,0,,0,200 North Adams Street,118,252212,1199563,139,5296,44.186437,WI,4,CALL,0,Chicago,917742,Neenah Main Branch,1,,Winnebago,COMMERCIAL LENDING,Other,0,4/20/2001,0,177,,WI,1,Wisconsin,7,OCC,Chicago,33225914,,0,100 West Wisconsin Avenue,-88.461636,,GREEN BAY,55009,"Appleton-Oshkosh-Neenah, WI",Green Bay,3,55139,,"Oshkosh-Neenah, WI","Associated Bank, National Association",Neenah,WI,2019_5296_177
54301,DIF,N,United States,54956,OCC,36780,207543,Wisconsin,7/1/1976,2019,Comptroller of the Currency,23,55,M,9,0,United States,ASSOCIATED BANC-CORP,0,7,0,25312351,,Neenah,MULT,CB,US_Streets,C,FED,0,177,0,200 North Adams Street,118,0,1199563,139,5296,44.18559,WI,4,CALL,0,Chicago,917742,Neenah Auto Branch,1,,Winnebago,COMMERCIAL LENDING,Other,0,4/20/2001,0,178,,WI,1,Wisconsin,7,OCC,Chicago,33225914,,0,109 East Doty Avenue,-88.462103,,GREEN BAY,55009,"Appleton-Oshkosh-Neenah, WI",Green Bay,3,55139,,"Oshkosh-Neenah, WI","Associated Bank, National Association",Neenah,WI,2019_5296_178
54301,DIF,N,United States,54913,OCC,11540,255064,Wisconsin,2/17/1986,2019,Comptroller of the Currency,11,55,PointAddress,9,0,United States,ASSOCIATED BANC-CORP,0,7,0,25312351,,Appleton,MULT,CB,100,,FED,0,,0,200 North Adams Street,118,68807,1199563,87,5296,44.27095,WI,4,CALL,0,Chicago,917742,Grand Chute Branch,1,,Outagamie,COMMERCIAL LENDING,Other,0,4/20/2001,0,181,,WI,1,Wisconsin,7,OCC,Chicago,33225914,,0,1195 North Casaloma Drive,-88.476911,,GREEN BAY,55009,"Appleton-Oshkosh-Neenah, WI",Green Bay,3,55087,,"Appleton, WI","Associated Bank, National Association",Appleton,WI,2019_5296_181
54301,DIF,N,United States,54902,OCC,36780,13296,Wisconsin,10/11/1965,2019,Comptroller of the Currency,11,55,M,9,0,United States,ASSOCIATED BANC-CORP,0,7,0,25312351,,Oshkosh,MULT,CB,US_Streets,,FED,0,,0,200 North Adams Street,118,104083,1199563,139,5296,44.023652,WI,4,CALL,0,Chicago,917742,Oshkosh Sawyer Branch,1,,Winnebago,COMMERCIAL LENDING,Other,0,4/20/2001,0,183,,WI,1,Wisconsin,7,OCC,Chicago,33225914,,0,444 North Sawyer Street,-88.567214,,GREEN BAY,55009,"Appleton-Oshkosh-Neenah, WI",Green Bay,3,55139,,"Oshkosh-Neenah, WI","Associated Bank, National Association",Oshkosh,WI,2019_5296_183
54301,DIF,N,United States,54901,OCC,36780,248516,Wisconsin,2/16/1970,2019,Comptroller of the Currency,11,55,M,9,0,United States,ASSOCIATED BANC-CORP,0,7,0,25312351,,Oshkosh,MULT,CB,US_Streets,,FED,0,,0,200 North Adams Street,118,106239,1199563,139,5296,44.039508,WI,4,CALL,0,Chicago,917742,Oshkosh Murdock Branch,1,,Winnebago,COMMERCIAL LENDING,Other,0,4/20/2001,0,184,,WI,1,Wisconsin,7,OCC,Chicago,33225914,,0,10 West Murdock Street,-88.537743,,GREEN BAY,55009,"Appleton-Oshkosh-Neenah, WI",Green Bay,3,55139,,"Oshkosh-Neenah, WI","Associated Bank, National Association",Oshkosh,WI,2019_5296_184
54301,DIF,N,United States,54915,OCC,11540,418500,Wisconsin,7/29/2002,2019,Comptroller of the Currency,11,55,M,9,0,United States,ASSOCIATED BANC-CORP,0,7,0,25312351,,Appleton,MULT,CB,US_Streets,,FED,0,,0,200 North Adams Street,118,164360,1199563,87,5296,44.243424,WI,4,CALL,0,Chicago,917742,Appleton-Darboy Branch,1,,Outagamie,COMMERCIAL LENDING,Other,0,,0,189,,WI,1,Wisconsin,7,OCC,Chicago,33225914,,0,W3122 County Road Kk,-88.30957,,GREEN BAY,55009,"Appleton-Oshkosh-Neenah, WI",Green Bay,3,55087,,"Appleton, WI","Associated Bank, National Association",Appleton,WI,2019_5296_189
54301,DIF,N,United States,54481,OCC,0,56966,Wisconsin,7/19/1996,2019,Comptroller of the Currency,21,55,PointAddress,9,0,United States,ASSOCIATED BANC-CORP,0,7,0,25312351,,Stevens Point,MULT,CB,100,N,FED,0,,0,200 North Adams Street,554,0,1199563,97,5296,44.52295,WI,4,CALL,0,Chicago,917742,Associated Service Center-Sp,0,,Portage,COMMERCIAL LENDING,Other,0,9/12/2003,1,191,,WI,1,Wisconsin,7,OCC,Chicago,33225914,,0,1305 Main Street,-89.579331,,GREEN BAY,55009,"Wausau-Stevens Point-Wisconsin Rapids, WI",Green Bay,3,55097,,,"Associated Bank, National Association",Stevens Point,WI,2019_5296_191
54301,DIF,N,United States,61103,OCC,40420,61979,Wisconsin,11/12/1998,2019,Comptroller of the Currency,11,17,M,9,0,United States,ASSOCIATED BANC-CORP,0,7,0,25312351,,Rockford,MULT,CB,US_Streets,,FED,0,,0,200 North Adams Street,466,422348,1199563,201,5296,42.276192,WI,4,CALL,0,Chicago,917742,Rockford Downtown Branch,1,,Winnebago,COMMERCIAL LENDING,Other,0,11/21/2003,0,192,,IL,1,Illinois,7,OCC,Chicago,33225914,,0,612 North Main Street,-89.0909,,GREEN BAY,55009,"Rockford-Freeport-Rochelle, IL",Green Bay,3,17201,,"Rockford, IL","Associated Bank, National Association",Rockford,WI,2019_5296_192
54301,DIF,N,United States,61615,OCC,37900,277470,Wisconsin,01/01/1880,2019,Comptroller of the Currency,11,17,M,9,0,United States,ASSOCIATED BANC-CORP,0,7,0,25312351,,Peoria,MULT,CB,US_RoofTop,,FED,0,,0,200 North Adams Street,0,33244,1199563,143,5296,40.783628,WI,4,CALL,0,Chicago,917742,Peoria - Pioneer Parkway,1,,Peoria,COMMERCIAL LENDING,Other,0,11/21/2003,0,196,,IL,1,Illinois,7,OCC,Chicago,33225914,,0,2311 West Pioneer Parkway,-89.628528,,GREEN BAY,55009,,Green Bay,3,17143,,"Peoria, IL","Associated Bank, National Association",Peoria,WI,2019_5296_196
54301,DIF,N,United States,61614,OCC,37900,271545,Wisconsin,5/1/1934,2019,Comptroller of the Currency,11,17,M,9,0,United States,ASSOCIATED BANC-CORP,0,7,0,25312351,,Peoria,MULT,CB,US_RoofTop,,FED,0,,0,200 North Adams Street,0,56474,1199563,143,5296,40.743967,WI,4,CALL,0,Chicago,917742,Peoria - Brandywine Branch,1,,Peoria,COMMERCIAL LENDING,Other,0,11/21/2003,0,197,,IL,1,Illinois,7,OCC,Chicago,33225914,,0,4600 Brandywine Drive,-89.628234,,GREEN BAY,55009,,Green Bay,3,17143,,"Peoria, IL","Associated Bank, National Association",Peoria,WI,2019_5296_197
54301,DIF,N,United States,54302,OCC,24580,207452,Wisconsin,7/21/1969,2019,Comptroller of the Currency,11,55,M,9,0,United States,ASSOCIATED BANC-CORP,0,7,0,25312351,,Green Bay,MULT,CB,US_Streets,,FED,0,,0,200 North Adams Street,267,52094,1199563,9,5296,44.512846,WI,4,CALL,0,Chicago,917742,Green Bay University Branch,1,,Brown,COMMERCIAL LENDING,Other,0,,0,2,,WI,1,Wisconsin,7,OCC,Chicago,33225914,,0,2262 University Avenue,-87.96557,,GREEN BAY,55009,"Green Bay-Shawano, WI",Green Bay,3,55009,,"Green Bay, WI","Associated Bank, National Association",Green Bay,WI,2019_5296_2
54301,DIF,N,United States,62208,OCC,41180,43399,Wisconsin,01/01/1894,2019,Comptroller of the Currency,11,17,M,9,0,United States,ASSOCIATED BANC-CORP,0,7,0,25312351,,Fairview Heights,MULT,CB,US_RoofTop,,FED,0,,0,200 North Adams Street,476,89641,1199563,163,5296,38.594674,WI,4,CALL,0,Chicago,917742,Fairview Heights Main Branch,1,,St. Clair,COMMERCIAL LENDING,Other,0,11/21/2003,0,200,,IL,1,Illinois,7,OCC,Chicago,33225914,,0,6550 North Illinois Street,-89.98485,,GREEN BAY,55009,"St. Louis-St. Charles-Farmington, MO-IL",Green Bay,3,17163,,"St. Louis, MO-IL","Associated Bank, National Association",Fairview Heights,WI,2019_5296_200
54301,DIF,N,United States,62201,OCC,41180,280878,Wisconsin,01/01/1894,2019,Comptroller of the Currency,11,17,M,9,0,United States,ASSOCIATED BANC-CORP,0,7,0,25312351,,East Saint Louis,MULT,CB,US_RoofTop,,FED,0,,0,200 North Adams Street,476,58263,1199563,163,5296,38.627041,WI,4,CALL,0,Chicago,917742,East St. Louis Branch,1,,St. Clair,COMMERCIAL LENDING,Other,0,11/21/2003,0,201,,IL,1,Illinois,7,OCC,Chicago,33225914,,0,326 Missouri Avenue,-90.159931,,GREEN BAY,55009,"St. Louis-St. Charles-Farmington, MO-IL",Green Bay,3,17163,,"St. Louis, MO-IL","Associated Bank, National Association",East St. Louis,WI,2019_5296_201
54301,DIF,N,United States,62223,OCC,41180,280880,Wisconsin,01/01/1894,2019,Comptroller of the Currency,11,17,POINTADDRESS,9,0,United States,ASSOCIATED BANC-CORP,0,7,0,25312351,,Belleville,MULT,CB,100,,FED,0,,0,200 North Adams Street,476,48477,1199563,163,5296,38.556046,WI,4,CALL,0,Chicago,917742,Belleville - West Branch,1,,St. Clair,COMMERCIAL LENDING,Other,0,11/21/2003,0,202,,IL,1,Illinois,7,OCC,Chicago,33225914,,0,6902 W Main St,-90.042299,,GREEN BAY,55009,"St. Louis-St. Charles-Farmington, MO-IL",Green Bay,3,17163,,"St. Louis, MO-IL","Associated Bank, National Association",Belleville,WI,2019_5296_202
54301,DIF,N,United States,62236,OCC,41180,41855,Wisconsin,1/1/1914,2019,Comptroller of the Currency,11,17,M,9,0,United States,ASSOCIATED BANC-CORP,0,7,0,25312351,,Columbia,MULT,CB,US_RoofTop,,FED,0,,0,200 North Adams Street,476,39651,1199563,133,5296,38.44448,WI,4,CALL,0,Chicago,917742,Columbia Branch,1,,Monroe,COMMERCIAL LENDING,Other,0,11/21/2003,0,203,,IL,1,Illinois,7,OCC,Chicago,33225914,,0,238 North Main Street,-90.201904,,GREEN BAY,55009,"St. Louis-St. Charles-Farmington, MO-IL",Green Bay,3,17133,,"St. Louis, MO-IL","Associated Bank, National Association",Columbia,WI,2019_5296_203
54301,DIF,N,United States,62220,OCC,41180,280882,Wisconsin,01/01/1894,2019,Comptroller of the Currency,11,17,M,9,0,United States,ASSOCIATED BANC-CORP,0,7,0,25312351,,Belleville,MULT,CB,US_RoofTop,,FED,0,,0,200 North Adams Street,476,37125,1199563,163,5296,38.512634,WI,4,CALL,0,Chicago,917742,Belleville Downtown Branch,1,,St. Clair,COMMERCIAL LENDING,Other,0,11/21/2003,0,204,,IL,1,Illinois,7,OCC,Chicago,33225914,,0,100 East Washington Street,-89.982383,,GREEN BAY,55009,"St. Louis-St. Charles-Farmington, MO-IL",Green Bay,3,17163,,"St. Louis, MO-IL","Associated Bank, National Association",Belleville,WI,2019_5296_204
54301,DIF,N,United States,62034,OCC,41180,280883,Wisconsin,01/01/1894,2019,Comptroller of the Currency,11,17,M,9,0,United States,ASSOCIATED BANC-CORP,0,7,0,25312351,,Glen Carbon,MULT,CB,US_Streets,,FED,0,,0,200 North Adams Street,476,50554,1199563,119,5296,38.776889,WI,4,CALL,0,Chicago,917742,Glen Carbon Branch,1,,Madison,COMMERCIAL LENDING,Other,0,11/21/2003,0,205,,IL,1,Illinois,7,OCC,Chicago,33225914,,0,1 Junction Drive West,-89.955498,,GREEN BAY,55009,"St. Louis-St. Charles-Farmington, MO-IL",Green Bay,3,17119,,"St. Louis, MO-IL","Associated Bank, National Association",Glen Carbon,WI,2019_5296_205
54301,DIF,N,United States,62260,OCC,41180,280885,Wisconsin,01/01/1894,2019,Comptroller of the Currency,11,17,M,9,0,United States,ASSOCIATED BANC-CORP,0,7,0,25312351,,Millstadt,MULT,CB,US_RoofTop,,FED,0,,0,200 North Adams Street,476,29599,1199563,163,5296,38.46142,WI,4,CALL,0,Chicago,917742,Millstadt Branch,1,,St. Clair,COMMERCIAL LENDING,Other,0,11/21/2003,0,207,,IL,1,Illinois,7,OCC,Chicago,33225914,,0,217 West Washington Street,-90.094568,,GREEN BAY,55009,"St. Louis-St. Charles-Farmington, MO-IL",Green Bay,3,17163,,"St. Louis, MO-IL","Associated Bank, National Association",Millstadt,WI,2019_5296_207
54301,DIF,N,United States,61554,OCC,37900,44209,Wisconsin,01/01/1883,2019,Comptroller of the Currency,11,17,M,9,0,United States,ASSOCIATED BANC-CORP,0,7,0,25312351,,Pekin,MULT,CB,US_Streets,,FED,0,,0,200 North Adams Street,0,32500,1199563,179,5296,40.566897,WI,4,CALL,0,Chicago,917742,Pekin Downtown Branch,1,,Tazewell,COMMERCIAL LENDING,Other,0,11/21/2003,0,209,,IL,1,Illinois,7,OCC,Chicago,33225914,,0,300 South 4th Street,-89.647967,,GREEN BAY,55009,,Green Bay,3,17179,,"Peoria, IL","Associated Bank, National Association",Pekin,WI,2019_5296_209
54301,DIF,N,United States,61611,OCC,37900,278226,Wisconsin,01/01/1882,2019,Comptroller of the Currency,11,17,POINTADDRESS,9,0,United States,ASSOCIATED BANC-CORP,0,7,0,25312351,,East Peoria,MULT,CB,100,,FED,0,,0,200 North Adams Street,0,32613,1199563,179,5296,40.672398,WI,4,CALL,0,Chicago,917742,East Peoria Branch,1,,Tazewell,COMMERCIAL LENDING,Other,0,11/21/2003,0,213,,IL,1,Illinois,7,OCC,Chicago,33225914,,0,406 West Camp St,-89.580929,,GREEN BAY,55009,,Green Bay,3,17179,,"Peoria, IL","Associated Bank, National Association",East Peoria,WI,2019_5296_213
54301,DIF,N,United States,61523,OCC,37900,40962,Wisconsin,3/1/1933,2019,Comptroller of the Currency,11,17,M,9,0,United States,ASSOCIATED BANC-CORP,0,7,0,25312351,,Chillicothe,MULT,CB,US_RoofTop,,FED,0,,0,200 North Adams Street,0,24969,1199563,143,5296,40.918219,WI,4,CALL,0,Chicago,917742,Chillicothe Branch,1,,Peoria,COMMERCIAL LENDING,Other,0,11/21/2003,0,214,,IL,1,Illinois,7,OCC,Chicago,33225914,,0,1007 North 4th Street,-89.487932,,GREEN BAY,55009,,Green Bay,3,17143,,"Peoria, IL","Associated Bank, National Association",Chillicothe,WI,2019_5296_214
54301,DIF,N,United States,60506,OCC,16980,274934,Wisconsin,1/1/1902,2019,Comptroller of the Currency,11,17,M,9,0,United States,ASSOCIATED BANC-CORP,0,7,0,25312351,,Aurora,MULT,CB,US_RoofTop,,FED,0,,20994,200 North Adams Street,176,371809,1199563,89,5296,41.760641,WI,4,CALL,0,Chicago,917742,Aurora Branch,1,,Kane,COMMERCIAL LENDING,Other,0,11/21/2003,0,215,,IL,1,Illinois,7,OCC,Chicago,33225914,,0,301 West Galena Boulevard,-88.320733,,GREEN BAY,55009,"Chicago-Naperville, IL-IN-WI",Green Bay,3,17089,"Elgin, IL","Chicago-Naperville-Elgin, IL-IN-WI","Associated Bank, National Association",Aurora,WI,2019_5296_215
54301,DIF,N,United States,62002,OCC,41180,274936,Wisconsin,1/1/1902,2019,Comptroller of the Currency,11,17,M,9,0,United States,ASSOCIATED BANC-CORP,0,7,0,25312351,,Alton,MULT,CB,US_RoofTop,,FED,0,,0,200 North Adams Street,476,36541,1199563,119,5296,38.921932,WI,4,CALL,0,Chicago,917742,Alton Branch,1,,Madison,COMMERCIAL LENDING,Other,0,11/21/2003,0,217,,IL,1,Illinois,7,OCC,Chicago,33225914,,0,104 Homer M. Adams Parkway,-90.178172,,GREEN BAY,55009,"St. Louis-St. Charles-Farmington, MO-IL",Green Bay,3,17119,,"St. Louis, MO-IL","Associated Bank, National Association",Alton,WI,2019_5296_217
54301,DIF,N,United States,61108,OCC,40420,274531,Wisconsin,1/1/1934,2019,Comptroller of the Currency,11,17,M,9,0,United States,ASSOCIATED BANC-CORP,0,7,0,25312351,,Rockford,MULT,CB,US_Streets,,FED,0,,0,200 North Adams Street,466,79969,1199563,201,5296,42.253664,WI,4,CALL,0,Chicago,917742,Rockford - Five Points Branch,1,,Winnebago,COMMERCIAL LENDING,Other,0,11/21/2003,0,229,,IL,1,Illinois,7,OCC,Chicago,33225914,,0,4400 Center Terrace,-89.031709,,GREEN BAY,55009,"Rockford-Freeport-Rochelle, IL",Green Bay,3,17201,,"Rockford, IL","Associated Bank, National Association",Rockford,WI,2019_5296_229
54301,DIF,N,United States,61103,OCC,40420,274533,Wisconsin,1/1/1934,2019,Comptroller of the Currency,11,17,M,9,0,United States,ASSOCIATED BANC-CORP,0,7,0,25312351,,Rockford,MULT,CB,US_Streets,,FED,0,,0,200 North Adams Street,466,62906,1199563,201,5296,42.309043,WI,4,CALL,0,Chicago,917742,Rockford - Rockton Branch,1,,Winnebago,COMMERCIAL LENDING,Other,0,11/21/2003,0,231,,IL,1,Illinois,7,OCC,Chicago,33225914,,0,3333 North Rockton Avenue,-89.096805,,GREEN BAY,55009,"Rockford-Freeport-Rochelle, IL",Green Bay,3,17201,,"Rockford, IL","Associated Bank, National Association",Rockford,WI,2019_5296_231
54301,DIF,N,United States,61115,OCC,40420,274535,Wisconsin,1/1/1934,2019,Comptroller of the Currency,11,17,POINTADDRESS,9,0,United States,ASSOCIATED BANC-CORP,0,7,0,25312351,,Machesney Park,MULT,CB,100,,FED,0,,0,200 North Adams Street,466,71558,1199563,201,5296,42.347061,WI,4,CALL,0,Chicago,917742,Machesney Branch,1,,Winnebago,COMMERCIAL LENDING,Other,0,11/21/2003,0,232,,IL,1,Illinois,7,OCC,Chicago,33225914,,0,622 Roosevelt Road,-89.052154,,GREEN BAY,55009,"Rockford-Freeport-Rochelle, IL",Green Bay,3,17201,,"Rockford, IL","Associated Bank, National Association",Machesney Park,WI,2019_5296_232
54301,DIF,N,United States,61107,OCC,40420,430566,Wisconsin,5/20/2004,2019,Comptroller of the Currency,11,17,M,9,0,United States,ASSOCIATED BANC-CORP,0,7,0,25312351,,Rockford,MULT,CB,US_Streets,,FED,0,,0,200 North Adams Street,466,87459,1199563,201,5296,42.245735,WI,4,CALL,0,Chicago,917742,Rockford Perryville Branch,1,,Winnebago,COMMERCIAL LENDING,Other,0,,0,234,,IL,1,Illinois,7,OCC,Chicago,33225914,,0,1870 N Perryville Road,-88.979829,,GREEN BAY,55009,"Rockford-Freeport-Rochelle, IL",Green Bay,3,17201,,"Rockford, IL","Associated Bank, National Association",Rockford,WI,2019_5296_234
54301,DIF,N,United States,54601,OCC,29100,41815,Wisconsin,6/1/1934,2019,Comptroller of the Currency,11,55,PointAddress,9,0,United States,ASSOCIATED BANC-CORP,0,7,0,25312351,,La Crosse,MULT,CB,92.43,,FED,0,,0,200 North Adams Street,0,142280,1199563,63,5296,43.81125,WI,4,CALL,0,Chicago,917742,Lacrosse Downtown Branch,1,,La Crosse,COMMERCIAL LENDING,Other,0,2/19/2005,0,235,,WI,1,Wisconsin,7,OCC,Chicago,33225914,,0,205 4th Street N,-91.251461,,GREEN BAY,55009,,Green Bay,3,55063,,"La Crosse-Onalaska, WI-MN","Associated Bank, National Association",La Crosse,WI,2019_5296_235
54301,DIF,N,United States,54665,OCC,0,272014,Wisconsin,6/1/1934,2019,Comptroller of the Currency,11,55,M,9,0,United States,ASSOCIATED BANC-CORP,0,7,0,25312351,,Viroqua,MULT,CB,US_Streets,,FED,0,,0,200 North Adams Street,0,27151,1199563,123,5296,43.562976,WI,4,CALL,0,Chicago,917742,Viroqua Branch,0,,Vernon,COMMERCIAL LENDING,Other,0,2/19/2005,0,240,,WI,1,Wisconsin,7,OCC,Chicago,33225914,,0,825 North Main,-90.888873,,GREEN BAY,55009,,Green Bay,3,55123,,,"Associated Bank, National Association",Viroqua,WI,2019_5296_240
54301,DIF,N,United States,53821,OCC,0,272015,Wisconsin,6/1/1934,2019,Comptroller of the Currency,11,55,M,9,0,United States,ASSOCIATED BANC-CORP,0,7,0,25312351,,Prairie Du Chien,MULT,CB,US_Streets,,FED,0,,0,200 North Adams Street,0,27261,1199563,23,5296,43.052045,WI,4,CALL,0,Chicago,917742,Prairie Du Chien Branch,0,,Crawford,COMMERCIAL LENDING,Other,0,2/19/2005,0,241,,WI,1,Wisconsin,7,OCC,Chicago,33225914,,0,700 E Blackhawk Ave,-91.137548,,GREEN BAY,55009,,Green Bay,3,55023,,,"Associated Bank, National Association",Prairie Du Chien,WI,2019_5296_241
54301,DIF,N,United States,54650,OCC,29100,272016,Wisconsin,6/30/1988,2019,Comptroller of the Currency,11,55,M,9,0,United States,ASSOCIATED BANC-CORP,0,7,0,25312351,,Onalaska,MULT,CB,US_Zipcode,,FED,0,,0,200 North Adams Street,0,47575,1199563,63,5296,43.912504,WI,4,CALL,0,Chicago,917742,Onalaska Center 90 Branch,1,,La Crosse,COMMERCIAL LENDING,Other,0,2/19/2005,0,242,,WI,1,Wisconsin,7,OCC,Chicago,33225914,,0,127 Sand Lake Rd,-91.247261,,GREEN BAY,55009,,Green Bay,3,55063,,"La Crosse-Onalaska, WI-MN","Associated Bank, National Association",Onalaska,WI,2019_5296_242
54301,DIF,N,United States,53589,OCC,31540,272732,Wisconsin,01/01/1889,2019,Comptroller of the Currency,11,55,M,9,0,United States,ASSOCIATED BANC-CORP,0,7,0,25312351,,Stoughton,MULT,CB,US_RoofTop,,FED,0,,0,200 North Adams Street,357,75725,1199563,25,5296,42.917853,WI,4,CALL,0,Chicago,917742,Stoughton Branch,1,,Dane,COMMERCIAL LENDING,Other,0,2/19/2005,0,244,,WI,1,Wisconsin,7,OCC,Chicago,33225914,,0,117 King Street,-89.23678,,GREEN BAY,55009,"Madison-Janesville-Beloit, WI",Green Bay,3,55025,,"Madison, WI","Associated Bank, National Association",Stoughton,WI,2019_5296_244
54301,DIF,N,United States,53704,OCC,31540,272733,Wisconsin,01/01/1889,2019,Comptroller of the Currency,11,55,M,9,0,United States,ASSOCIATED BANC-CORP,0,7,0,25312351,,Madison,MULT,CB,US_RoofTop,,FED,0,,0,200 North Adams Street,357,42822,1199563,25,5296,43.126988,WI,4,CALL,0,Chicago,917742,Madison East Towne Branch,1,,Dane,COMMERCIAL LENDING,Other,0,2/19/2005,0,245,,WI,1,Wisconsin,7,OCC,Chicago,33225914,,0,4402 E Towne Blvd,-89.307832,,GREEN BAY,55009,"Madison-Janesville-Beloit, WI",Green Bay,3,55025,,"Madison, WI","Associated Bank, National Association",Madison,WI,2019_5296_245
54301,DIF,N,United States,53719,OCC,31540,272734,Wisconsin,01/01/1889,2019,Comptroller of the Currency,11,55,M,9,0,United States,ASSOCIATED BANC-CORP,0,7,0,25312351,,Madison,MULT,CB,US_Streets,,FED,0,,0,200 North Adams Street,357,101399,1199563,25,5296,43.05808,WI,4,CALL,0,Chicago,917742,Madison West Towne Branch,1,,Dane,COMMERCIAL LENDING,Other,0,2/19/2005,0,246,,WI,1,Wisconsin,7,OCC,Chicago,33225914,,0,448 South Gammon Road,-89.503024,,GREEN BAY,55009,"Madison-Janesville-Beloit, WI",Green Bay,3,55025,,"Madison, WI","Associated Bank, National Association",Madison,WI,2019_5296_246
54301,DIF,N,United States,53566,OCC,31540,272735,Wisconsin,01/01/1889,2019,Comptroller of the Currency,11,55,M,9,0,United States,ASSOCIATED BANC-CORP,0,7,0,25312351,,Monroe,MULT,CB,US_Streets,,FED,0,,0,200 North Adams Street,357,32770,1199563,45,5296,42.601024,WI,4,CALL,0,Chicago,917742,Monroe Branch,1,,Green,COMMERCIAL LENDING,Other,0,2/19/2005,0,247,,WI,1,Wisconsin,7,OCC,Chicago,33225914,,0,1420 11th Street,-89.641906,,GREEN BAY,55009,"Madison-Janesville-Beloit, WI",Green Bay,3,55045,,"Madison, WI","Associated Bank, National Association",Monroe,WI,2019_5296_247
54301,DIF,N,United States,53716,OCC,31540,272736,Wisconsin,01/01/1889,2019,Comptroller of the Currency,11,55,M,9,0,United States,ASSOCIATED BANC-CORP,0,7,0,25312351,,Madison,MULT,CB,US_RoofTop,,FED,0,,0,200 North Adams Street,357,68657,1199563,25,5296,43.084063,WI,4,CALL,0,Chicago,917742,Madison Cottage Grove Branch,1,,Dane,COMMERCIAL LENDING,Other,0,2/19/2005,0,248,,WI,1,Wisconsin,7,OCC,Chicago,33225914,,0,4407 Cottage Grove Road,-89.306561,,GREEN BAY,55009,"Madison-Janesville-Beloit, WI",Green Bay,3,55025,,"Madison, WI","Associated Bank, National Association",Madison,WI,2019_5296_248
54301,DIF,N,United States,53713,OCC,31540,272737,Wisconsin,01/01/1889,2019,Comptroller of the Currency,11,55,M,9,0,United States,ASSOCIATED BANC-CORP,0,7,0,25312351,,Madison,MULT,CB,US_RoofTop,,FED,0,,0,200 North Adams Street,357,71007,1199563,25,5296,43.025983,WI,4,CALL,0,Chicago,917742,Fitchburg Fish Hatchery Branch,1,,Dane,COMMERCIAL LENDING,Other,0,2/19/2005,0,249,,WI,1,Wisconsin,7,OCC,Chicago,33225914,,0,3002 Fish Hatchery Rd.,-89.413238,,GREEN BAY,55009,"Madison-Janesville-Beloit, WI",Green Bay,3,55025,,"Madison, WI","Associated Bank, National Association",Fitchburg,WI,2019_5296_249
54301,DIF,N,United States,53581,OCC,0,272738,Wisconsin,01/01/1889,2019,Comptroller of the Currency,11,55,M,9,0,United States,ASSOCIATED BANC-CORP,0,7,0,25312351,,Richland Center,MULT,CB,100,,FED,0,,0,200 North Adams Street,0,23631,1199563,103,5296,43.335516,WI,4,CALL,0,Chicago,917742,Richland Center Branch,0,,Richland,COMMERCIAL LENDING,Other,0,2/19/2005,0,250,,WI,1,Wisconsin,7,OCC,Chicago,33225914,,0,101 East Court Street,-90.385198,,GREEN BAY,55009,,Green Bay,3,55103,,,"Associated Bank, National Association",Richland Center,WI,2019_5296_250
54301,DIF,N,United States,53597,OCC,31540,272739,Wisconsin,01/01/1889,2019,Comptroller of the Currency,11,55,M,9,0,United States,ASSOCIATED BANC-CORP,0,7,0,25312351,,Waunakee,MULT,CB,US_Streets,,FED,0,,0,200 North Adams Street,357,47861,1199563,25,5296,43.189966,WI,4,CALL,0,Chicago,917742,Waunakee Branch,1,,Dane,COMMERCIAL LENDING,Other,0,2/19/2005,0,251,,WI,1,Wisconsin,7,OCC,Chicago,33225914,,0,269 S. Century Avenue,-89.461803,,GREEN BAY,55009,"Madison-Janesville-Beloit, WI",Green Bay,3,55025,,"Madison, WI","Associated Bank, National Association",Waunakee,WI,2019_5296_251
54301,DIF,N,United States,53558,OCC,31540,272740,Wisconsin,01/01/1889,2019,Comptroller of the Currency,11,55,M,9,0,United States,ASSOCIATED BANC-CORP,0,7,0,25312351,,Mcfarland,MULT,CB,US_RoofTop,,FED,0,,0,200 North Adams Street,357,43129,1199563,25,5296,43.013094,WI,4,CALL,0,Chicago,917742,Mc Farland Branch,1,,Dane,COMMERCIAL LENDING,Other,0,2/19/2005,0,252,,WI,1,Wisconsin,7,OCC,Chicago,33225914,,0,5220 Farwell Street,-89.292209,,GREEN BAY,55009,"Madison-Janesville-Beloit, WI",Green Bay,3,55025,,"Madison, WI","Associated Bank, National Association",Mcfarland,WI,2019_5296_252
54301,DIF,N,United States,54701,OCC,20740,272017,Wisconsin,6/30/1989,2019,Comptroller of the Currency,11,55,M,9,0,United States,ASSOCIATED BANC-CORP,0,7,0,25312351,,Eau Claire,MULT,CB,US_Streets,,FED,0,,0,200 North Adams Street,232,122254,1199563,35,5296,44.806525,WI,4,CALL,0,Chicago,917742,Eau Claire Regis Branch,1,,Eau Claire,COMMERCIAL LENDING,Other,0,2/19/2005,0,255,,WI,1,Wisconsin,7,OCC,Chicago,33225914,,0,1107 Regis Court,-91.472633,,GREEN BAY,55009,"Eau Claire-Menomonie, WI",Green Bay,3,55035,,"Eau Claire, WI","Associated Bank, National Association",Eau Claire,WI,2019_5296_255
54301,DIF,N,United States,53715,OCC,31540,272018,Wisconsin,5/1/1993,2019,Comptroller of the Currency,11,55,M,9,0,United States,ASSOCIATED BANC-CORP,0,7,0,25312351,,Madison,MULT,CB,US_Streets,,FED,0,,0,200 North Adams Street,357,8176,1199563,25,5296,43.073274,WI,4,CALL,0,Chicago,917742,Madison - Varsity Branch,1,,Dane,COMMERCIAL LENDING,Other,0,2/19/2005,0,258,,WI,1,Wisconsin,7,OCC,Chicago,33225914,,0,640 University Square,-89.396859,,GREEN BAY,55009,"Madison-Janesville-Beloit, WI",Green Bay,3,55025,,"Madison, WI","Associated Bank, National Association",Madison,WI,2019_5296_258
54301,DIF,N,United States,53545,OCC,27500,285996,Wisconsin,6/30/1986,2019,Comptroller of the Currency,11,55,M,9,0,United States,ASSOCIATED BANC-CORP,0,7,0,25312351,,Janesville,MULT,CB,US_Streets,,FED,0,,0,200 North Adams Street,357,443941,1199563,105,5296,42.71565,WI,4,CALL,0,Chicago,917742,Janesville Lexington Branch,1,,Rock,COMMERCIAL LENDING,Other,0,2/19/2005,0,263,,WI,1,Wisconsin,7,OCC,Chicago,33225914,,0,2720 North Lexington Drive,-88.993503,,GREEN BAY,55009,"Madison-Janesville-Beloit, WI",Green Bay,3,55105,,"Janesville-Beloit, WI","Associated Bank, National Association",Janesville,WI,2019_5296_263
54301,DIF,N,United States,54650,OCC,29100,272021,Wisconsin,7/6/1994,2019,Comptroller of the Currency,11,55,PointAddress,9,0,United States,ASSOCIATED BANC-CORP,0,7,0,25312351,,Onalaska,MULT,CB,100,,FED,0,,0,200 North Adams Street,0,42613,1199563,63,5296,43.88031,WI,4,CALL,0,Chicago,917742,Onalaska Marcou Road Branch,1,,La Crosse,COMMERCIAL LENDING,Other,0,2/19/2005,0,264,,WI,1,Wisconsin,7,OCC,Chicago,33225914,,0,201 Marcou Road,-91.178481,,GREEN BAY,55009,,Green Bay,3,55063,,"La Crosse-Onalaska, WI-MN","Associated Bank, National Association",Onalaska,WI,2019_5296_264
54301,DIF,N,United States,53562,OCC,31540,272025,Wisconsin,11/2/1994,2019,Comptroller of the Currency,11,55,M,9,0,United States,ASSOCIATED BANC-CORP,0,7,0,25312351,,Middleton,MULT,CB,US_RoofTop,,FED,0,,0,200 North Adams Street,357,67318,1199563,25,5296,43.100154,WI,4,CALL,0,Chicago,917742,Middleton Allen Branch,1,,Dane,COMMERCIAL LENDING,Other,0,2/19/2005,0,268,,WI,1,Wisconsin,7,OCC,Chicago,33225914,,0,2420 Allen Boulevard,-89.486382,,GREEN BAY,55009,"Madison-Janesville-Beloit, WI",Green Bay,3,55025,,"Madison, WI","Associated Bank, National Association",Middleton,WI,2019_5296_268
54301,DIF,N,United States,54016,OCC,33460,272028,Wisconsin,1/19/1995,2019,Comptroller of the Currency,11,55,M,9,0,United States,ASSOCIATED BANC-CORP,0,7,0,25312351,,Hudson,MULT,CB,US_RoofTop,,FED,0,,0,200 North Adams Street,378,64865,1199563,109,5296,44.963429,WI,4,CALL,0,Chicago,917742,Hudson Hill Coulee Branch,1,,St. Croix,COMMERCIAL LENDING,Other,0,2/19/2005,0,270,,WI,1,Wisconsin,7,OCC,Chicago,33225914,,0,2001 Coulee Road,-92.730859,,GREEN BAY,55009,"Minneapolis-St. Paul, MN-WI",Green Bay,3,55109,,"Minneapolis-St. Paul-Bloomington, MN-WI","Associated Bank, National Association",Hudson,WI,2019_5296_270
54301,DIF,N,United States,54703,OCC,20740,272030,Wisconsin,1/9/1996,2019,Comptroller of the Currency,12,55,T,9,0,United States,ASSOCIATED BANC-CORP,0,7,0,25312351,,Eau Claire,MULT,CB,US_Streets,,FED,0,,0,200 North Adams Street,232,17831,1199563,35,5296,44.825872,WI,4,CALL,0,Chicago,917742,Eau Claire Pick N Save West Branch,1,,Eau Claire,COMMERCIAL LENDING,Other,0,2/19/2005,0,272,,WI,1,Wisconsin,7,OCC,Chicago,33225914,,0,2613 North Clairemont Avenue,-91.54402,,GREEN BAY,55009,"Eau Claire-Menomonie, WI",Green Bay,3,55035,,"Eau Claire, WI","Associated Bank, National Association",Eau Claire,WI,2019_5296_272
54301,DIF,N,United States,54311,OCC,24580,272035,Wisconsin,3/4/1998,2019,Comptroller of the Currency,12,55,M,9,0,United States,ASSOCIATED BANC-CORP,0,7,0,25312351,,Green Bay,MULT,CB,US_Zipcode,,FED,0,,0,200 North Adams Street,267,42781,1199563,9,5296,44.485738,WI,4,CALL,0,Chicago,917742,Green Bay Festival East Branch,1,,Brown,COMMERCIAL LENDING,Other,0,2/19/2005,0,277,,WI,1,Wisconsin,7,OCC,Chicago,33225914,,0,2534 A Steffens Court,-87.889865,,GREEN BAY,55009,"Green Bay-Shawano, WI",Green Bay,3,55009,,"Green Bay, WI","Associated Bank, National Association",Green Bay,WI,2019_5296_277
54301,DIF,N,United States,54115,OCC,24580,9547,Wisconsin,2/1/1900,2019,Comptroller of the Currency,11,55,M,9,0,United States,ASSOCIATED BANC-CORP,0,7,0,25312351,,De Pere,MULT,CB,US_RoofTop,,FED,0,,0,200 North Adams Street,267,139680,1199563,9,5296,44.450358,WI,4,CALL,0,Chicago,917742,De Pere East Branch,1,,Brown,COMMERCIAL LENDING,Other,0,1/1/1989,0,28,,WI,1,Wisconsin,7,OCC,Chicago,33225914,,0,206 North Wisconsin Street,-88.059234,,GREEN BAY,55009,"Green Bay-Shawano, WI",Green Bay,3,55009,,"Green Bay, WI","Associated Bank, National Association",De Pere,WI,2019_5296_28
54301,DIF,N,United States,54449,OCC,0,356998,Wisconsin,5/5/2000,2019,Comptroller of the Currency,12,55,M,9,0,United States,ASSOCIATED BANC-CORP,0,7,0,25312351,,Marshfield,MULT,CB,US_Streets,,FED,0,,0,200 North Adams Street,554,31299,1199563,141,5296,44.682571,WI,4,CALL,0,Chicago,917742,Marshfield - Festival Foods Office,0,,Wood,COMMERCIAL LENDING,Other,0,2/19/2005,1,288,,WI,1,Wisconsin,7,OCC,Chicago,33225914,,0,1617 North Central Avenue,-90.162554,,GREEN BAY,55009,"Wausau-Stevens Point-Wisconsin Rapids, WI",Green Bay,3,55141,,,"Associated Bank, National Association",Marshfield,WI,2019_5296_288
54301,DIF,N,United States,54403,OCC,48140,55572,Wisconsin,3/17/1995,2019,Comptroller of the Currency,11,55,M,9,0,United States,ASSOCIATED BANC-CORP,0,7,0,25312351,,Wausau,MULT,CB,US_Streets,,FED,0,,0,200 North Adams Street,554,48264,1199563,73,5296,44.960643,WI,4,CALL,0,Chicago,917742,Wausau Downtown Branch,1,,Marathon,COMMERCIAL LENDING,Other,0,2/19/2005,0,289,,WI,1,Wisconsin,7,OCC,Chicago,33225914,,0,400 Scott Street,-89.626656,,GREEN BAY,55009,"Wausau-Stevens Point-Wisconsin Rapids, WI",Green Bay,3,55073,,"Wausau-Weston, WI","Associated Bank, National Association",Wausau,WI,2019_5296_289
54301,DIF,N,United States,54455,OCC,48140,290278,Wisconsin,11/1/1996,2019,Comptroller of the Currency,12,55,M,9,0,United States,ASSOCIATED BANC-CORP,0,7,0,25312351,,Mosinee,MULT,CB,US_Streets,,FED,0,,0,200 North Adams Street,554,12786,1199563,73,5296,44.788497,WI,4,CALL,0,Chicago,917742,Mosinee Piggly Wiggly Branch,1,,Marathon,COMMERCIAL LENDING,Other,0,2/19/2005,0,290,,WI,1,Wisconsin,7,OCC,Chicago,33225914,,0,530 West Highway 153,-89.729107,,GREEN BAY,55009,"Wausau-Stevens Point-Wisconsin Rapids, WI",Green Bay,3,55073,,"Wausau-Weston, WI","Associated Bank, National Association",Mosinee,WI,2019_5296_290
54301,DIF,N,United States,55904,OCC,40340,6778,Wisconsin,1/1/1919,2019,Comptroller of the Currency,11,27,M,9,0,United States,ASSOCIATED BANC-CORP,0,7,0,25312351,,Rochester,MULT,CB,US_Streets,,FED,0,,0,200 North Adams Street,462,28309,1199563,109,5296,44.021484,WI,4,CALL,0,Chicago,917742,Rochester Downtown Branch,1,,Olmsted,COMMERCIAL LENDING,Other,0,2/19/2005,0,291,,MN,1,Minnesota,7,OCC,Chicago,33225914,,0,206 South Broadway,-92.462854,,GREEN BAY,55009,"Rochester-Austin, MN",Green Bay,3,27109,,"Rochester, MN","Associated Bank, National Association",Rochester,WI,2019_5296_291
54301,DIF,N,United States,55902,OCC,40340,222756,Wisconsin,9/21/1987,2019,Comptroller of the Currency,11,27,M,9,0,United States,ASSOCIATED BANC-CORP,0,7,0,25312351,,Rochester,MULT,CB,US_Streets,,FED,0,,0,200 North Adams Street,462,59584,1199563,109,5296,44.000543,WI,4,CALL,0,Chicago,917742,Rochester Apache Mall Branch,1,,Olmsted,COMMERCIAL LENDING,Other,0,2/19/2005,0,292,,MN,1,Minnesota,7,OCC,Chicago,33225914,,0,1155 16th Street S.W.,-92.47777,,GREEN BAY,55009,"Rochester-Austin, MN",Green Bay,3,27109,,"Rochester, MN","Associated Bank, National Association",Rochester,WI,2019_5296_292
54301,DIF,N,United States,55902,OCC,40340,222757,Wisconsin,5/29/1990,2019,Comptroller of the Currency,11,27,PointAddress,9,0,United States,ASSOCIATED BANC-CORP,0,7,0,25312351,,Rochester,MULT,CB,100,,FED,0,,0,200 North Adams Street,462,22723,1199563,109,5296,44.02225,WI,4,CALL,0,Chicago,917742,Rochester Subway Branch,1,,Olmsted,COMMERCIAL LENDING,Other,0,2/19/2005,0,293,,MN,1,Minnesota,7,OCC,Chicago,33225914,,0,101 1st Ave Sw,-92.464671,,GREEN BAY,55009,"Rochester-Austin, MN",Green Bay,3,27109,,"Rochester, MN","Associated Bank, National Association",Rochester,WI,2019_5296_293
54301,DIF,N,United States,55104,OCC,33460,5627,Wisconsin,9/1/1917,2019,Comptroller of the Currency,11,27,PointAddress,9,0,United States,ASSOCIATED BANC-CORP,0,7,0,25312351,,Saint Paul,MULT,CB,92.43,,FED,0,,0,200 North Adams Street,378,528138,1199563,123,5296,44.94754,WI,4,CALL,0,Chicago,917742,St Paul Liberty Branch,1,,Ramsey,COMMERCIAL LENDING,Other,0,2/19/2005,0,294,,MN,1,Minnesota,7,OCC,Chicago,33225914,,0,202 Snelling Avenue,-93.166621,,GREEN BAY,55009,"Minneapolis-St. Paul, MN-WI",Green Bay,3,27123,,"Minneapolis-St. Paul-Bloomington, MN-WI","Associated Bank, National Association",Saint Paul,WI,2019_5296_294
54301,DIF,N,United States,53713,OCC,31540,433616,Wisconsin,12/15/2003,2019,Comptroller of the Currency,11,55,PointAddress,9,0,United States,ASSOCIATED BANC-CORP,0,7,0,25312351,,Madison,MULT,CB,98.32,,FED,0,,0,200 North Adams Street,357,21222,1199563,25,5296,43.04769,WI,4,CALL,0,Chicago,917742,Madison West Broadway Branch,1,,Dane,COMMERCIAL LENDING,Other,0,2/19/2005,0,297,,WI,1,Wisconsin,7,OCC,Chicago,33225914,,0,1574 W Broadway Ste 107,-89.342001,,GREEN BAY,55009,"Madison-Janesville-Beloit, WI",Green Bay,3,55025,,"Madison, WI","Associated Bank, National Association",Monona,WI,2019_5296_297
54301,DIF,N,United States,54911,OCC,11540,433617,Wisconsin,2/9/2004,2019,Comptroller of the Currency,11,55,M,9,0,United States,ASSOCIATED BANC-CORP,0,7,0,25312351,,Appleton,MULT,CB,US_Streets,,FED,0,,0,200 North Adams Street,118,178015,1199563,87,5296,44.285969,WI,4,CALL,0,Chicago,917742,Appleton Northland Branch,1,,Outagamie,COMMERCIAL LENDING,Other,0,2/19/2005,0,298,,WI,1,Wisconsin,7,OCC,Chicago,33225914,,0,2701 North Richmond Street,-88.415849,,GREEN BAY,55009,"Appleton-Oshkosh-Neenah, WI",Green Bay,3,55087,,"Appleton, WI","Associated Bank, National Association",Appleton,WI,2019_5296_298
54301,DIF,N,United States,55901,OCC,40340,433890,Wisconsin,6/30/2004,2019,Comptroller of the Currency,11,27,StreetName,9,0,United States,ASSOCIATED BANC-CORP,0,7,0,25312351,,Rochester,MULT,CB,100,,FED,0,,0,200 North Adams Street,462,20998,1199563,109,5296,44.05284,WI,4,CALL,0,Chicago,917742,Rochester Circle Drive Branch,1,,Olmsted,COMMERCIAL LENDING,Other,0,2/19/2005,0,301,,MN,1,Minnesota,7,OCC,Chicago,33225914,,0,1985 Commerce Dr Nw,-92.521081,,GREEN BAY,55009,"Rochester-Austin, MN",Green Bay,3,27109,,"Rochester, MN","Associated Bank, National Association",Rochester,WI,2019_5296_301
54301,DIF,N,United States,61109,OCC,40420,433893,Wisconsin,6/30/2004,2019,Comptroller of the Currency,12,17,STREETADDRESS,9,0,United States,ASSOCIATED BANC-CORP,0,7,0,25312351,,Rockford,MULT,CB,100,,FED,0,,0,200 North Adams Street,466,18467,1199563,201,5296,42.235693,WI,4,CALL,0,Chicago,917742,Rockford Schnucks Branch,1,,Winnebago,COMMERCIAL LENDING,Other,0,2/19/2005,0,304,,IL,1,Illinois,7,OCC,Chicago,33225914,,0,2720 11th Street,-89.072196,,GREEN BAY,55009,"Rockford-Freeport-Rochelle, IL",Green Bay,3,17201,,"Rockford, IL","Associated Bank, National Association",Rockford,WI,2019_5296_304
54301,DIF,N,United States,54301,OCC,24580,207455,Wisconsin,8/29/1988,2019,Comptroller of the Currency,11,55,M,9,0,United States,ASSOCIATED BANC-CORP,0,7,0,25312351,,Green Bay,MULT,CB,US_RoofTop,,FED,0,,0,200 North Adams Street,267,81525,1199563,9,5296,44.48489,WI,4,CALL,0,Chicago,917742,Allouez Branch,1,,Brown,COMMERCIAL LENDING,Other,0,,0,31,,WI,1,Wisconsin,7,OCC,Chicago,33225914,,0,2001 South Webster Avenue,-88.021313,,GREEN BAY,55009,"Green Bay-Shawano, WI",Green Bay,3,55009,,"Green Bay, WI","Associated Bank, National Association",Green Bay,WI,2019_5296_31
54301,DIF,N,United States,54904,OCC,36780,437040,Wisconsin,6/30/2003,2019,Comptroller of the Currency,12,55,M,9,0,United States,ASSOCIATED BANC-CORP,0,7,0,25312351,,Oshkosh,MULT,CB,US_Streets,,FED,0,,0,200 North Adams Street,118,33122,1199563,139,5296,44.031404,WI,4,CALL,0,Chicago,917742,Oshkosh Festival Branch,1,,Winnebago,COMMERCIAL LENDING,Other,0,2/19/2005,0,310,,WI,1,Wisconsin,7,OCC,Chicago,33225914,,0,"2415 Westowne Avenue, Suite A",-88.588058,,GREEN BAY,55009,"Appleton-Oshkosh-Neenah, WI",Green Bay,3,55139,,"Oshkosh-Neenah, WI","Associated Bank, National Association",Oshkosh,WI,2019_5296_310
54301,DIF,N,United States,53140,OCC,16980,437064,Wisconsin,6/30/2004,2019,Comptroller of the Currency,12,55,M,9,0,United States,ASSOCIATED BANC-CORP,0,7,0,25312351,,Kenosha,MULT,CB,US_Streets,,FED,0,,29404,200 North Adams Street,176,7319,1199563,59,5296,42.624439,WI,4,CALL,0,Chicago,917742,Kenosha Pick N Save 18th Branch,1,,Kenosha,COMMERCIAL LENDING,Other,0,2/19/2005,0,318,,WI,1,Wisconsin,7,OCC,Chicago,33225914,,0,2811 18th Street,-87.843201,,GREEN BAY,55009,"Chicago-Naperville, IL-IN-WI",Green Bay,3,55059,"Lake County-Kenosha County, IL-WI","Chicago-Naperville-Elgin, IL-IN-WI","Associated Bank, National Association",Kenosha,WI,2019_5296_318
54301,DIF,N,United States,53144,OCC,16980,437065,Wisconsin,6/30/2004,2019,Comptroller of the Currency,12,55,POINTADDRESS,9,0,United States,ASSOCIATED BANC-CORP,0,7,0,25312351,,Kenosha,MULT,CB,91.94,,FED,0,,29404,200 North Adams Street,176,17510,1199563,59,5296,42.576559,WI,4,CALL,0,Chicago,917742,Kenosha Branch,1,,Kenosha,COMMERCIAL LENDING,Other,0,2/19/2005,0,319,,WI,1,Wisconsin,7,OCC,Chicago,33225914,,0,6419 S Green Bay Rd,-87.885176,,GREEN BAY,55009,"Chicago-Naperville, IL-IN-WI",Green Bay,3,55059,"Lake County-Kenosha County, IL-WI","Chicago-Naperville-Elgin, IL-IN-WI","Associated Bank, National Association",Kenosha,WI,2019_5296_319
54301,DIF,N,United States,54302,OCC,24580,207456,Wisconsin,2/1/1990,2019,Comptroller of the Currency,11,55,M,9,0,United States,ASSOCIATED BANC-CORP,0,7,0,25312351,,Green Bay,MULT,CB,US_Streets,,FED,0,,0,200 North Adams Street,267,126027,1199563,9,5296,44.482625,WI,4,CALL,0,Chicago,917742,Green Bay East Branch,1,,Brown,COMMERCIAL LENDING,Other,0,,0,32,,WI,1,Wisconsin,7,OCC,Chicago,33225914,,0,"2241 East Main Street, Suite A",-87.969869,,GREEN BAY,55009,"Green Bay-Shawano, WI",Green Bay,3,55009,,"Green Bay, WI","Associated Bank, National Association",Green Bay,WI,2019_5296_32
54301,DIF,N,United States,53719,OCC,31540,437070,Wisconsin,6/30/2004,2019,Comptroller of the Currency,12,55,M,9,0,United States,ASSOCIATED BANC-CORP,0,7,0,25312351,,Madison,MULT,CB,US_Streets,,FED,0,,0,200 North Adams Street,357,46617,1199563,25,5296,43.015637,WI,4,CALL,0,Chicago,917742,Madison Maple Grove Pick-N-Save Branch,1,,Dane,COMMERCIAL LENDING,Other,0,2/19/2005,0,322,,WI,1,Wisconsin,7,OCC,Chicago,33225914,,0,6655a Mckee Road,-89.498293,,GREEN BAY,55009,"Madison-Janesville-Beloit, WI",Green Bay,3,55025,,"Madison, WI","Associated Bank, National Association",Madison,WI,2019_5296_322
54301,DIF,N,United States,54313,OCC,24580,443319,Wisconsin,2/14/2005,2019,Comptroller of the Currency,11,55,M,9,0,United States,ASSOCIATED BANC-CORP,0,7,0,25312351,,Green Bay,MULT,CB,US_Streets,,FED,0,,0,200 North Adams Street,267,151694,1199563,9,5296,44.55013,WI,4,CALL,0,Chicago,917742,Green Bay Howard Branch,1,,Brown,COMMERCIAL LENDING,Other,0,,0,331,,WI,1,Wisconsin,7,OCC,Chicago,33225914,,0,369 Cardinal Lane,-88.085132,,GREEN BAY,55009,"Green Bay-Shawano, WI",Green Bay,3,55009,,"Green Bay, WI","Associated Bank, National Association",Green Bay,WI,2019_5296_331
54301,DIF,N,United States,60601,OCC,16980,15408,Wisconsin,12/5/1975,2019,Comptroller of the Currency,11,17,M,9,0,United States,ASSOCIATED BANC-CORP,0,7,0,25312351,,Chicago,MULT,CB,US_RoofTop,,FED,0,,16984,200 North Adams Street,176,1013793,1199563,31,5296,41.884512,WI,4,CALL,0,Chicago,917742,Chicago - Aon Branch,1,,Cook,COMMERCIAL LENDING,Other,0,7/15/2005,0,337,,IL,1,Illinois,7,OCC,Chicago,33225914,,0,200 East Randolph Drive,-87.621436,,GREEN BAY,55009,"Chicago-Naperville, IL-IN-WI",Green Bay,3,17031,"Chicago-Naperville-Evanston, IL","Chicago-Naperville-Elgin, IL-IN-WI","Associated Bank, National Association",Chicago,WI,2019_5296_337
54301,DIF,N,United States,60646,OCC,16980,254183,Wisconsin,8/5/1977,2019,Comptroller of the Currency,11,17,M,9,0,United States,ASSOCIATED BANC-CORP,0,7,0,25312351,,Chicago,MULT,CB,US_Streets,,FED,0,,16984,200 North Adams Street,176,54791,1199563,31,5296,41.996746,WI,4,CALL,0,Chicago,917742,Chicago Devon Branch,1,,Cook,COMMERCIAL LENDING,Other,0,7/15/2005,0,338,,IL,1,Illinois,7,OCC,Chicago,33225914,,0,6355 North Central Avenue,-87.763925,,GREEN BAY,55009,"Chicago-Naperville, IL-IN-WI",Green Bay,3,17031,"Chicago-Naperville-Evanston, IL","Chicago-Naperville-Elgin, IL-IN-WI","Associated Bank, National Association",Chicago,WI,2019_5296_338
54301,DIF,N,United States,60630,OCC,16980,13400,Wisconsin,6/29/1966,2019,Comptroller of the Currency,11,17,M,9,0,United States,ASSOCIATED BANC-CORP,0,7,0,25312351,,Chicago,MULT,CB,US_Streets,,FED,0,,16984,200 North Adams Street,176,192768,1199563,31,5296,41.97571,WI,4,CALL,0,Chicago,917742,Gladstone - Norwood Branch,1,,Cook,COMMERCIAL LENDING,Other,0,7/15/2005,0,339,,IL,1,Illinois,7,OCC,Chicago,33225914,,0,5200 North Central Avenue,-87.768552,,GREEN BAY,55009,"Chicago-Naperville, IL-IN-WI",Green Bay,3,17031,"Chicago-Naperville-Evanston, IL","Chicago-Naperville-Elgin, IL-IN-WI","Associated Bank, National Association",Chicago,WI,2019_5296_339
54301,DIF,N,United States,55454,OCC,33460,12573,Wisconsin,2/21/1963,2019,Comptroller of the Currency,11,27,M,9,0,United States,ASSOCIATED BANC-CORP,0,7,0,25312351,,Minneapolis,MULT,CB,US_RoofTop,,FED,0,,0,200 North Adams Street,378,28498,1199563,53,5296,44.969954,WI,4,CALL,0,Chicago,917742,Minneapolis Cedar Riverside Branch,1,,Hennepin,COMMERCIAL LENDING,Other,0,7/15/2005,0,343,,MN,1,Minnesota,7,OCC,Chicago,33225914,,0,1801 Riverside Drive,-93.246641,,GREEN BAY,55009,"Minneapolis-St. Paul, MN-WI",Green Bay,3,27053,,"Minneapolis-St. Paul-Bloomington, MN-WI","Associated Bank, National Association",Minneapolis,WI,2019_5296_343
54301,DIF,N,United States,55118,OCC,33460,246326,Wisconsin,11/28/1978,2019,Comptroller of the Currency,11,27,M,9,0,United States,ASSOCIATED BANC-CORP,0,7,0,25312351,,Saint Paul,MULT,CB,US_Streets,,FED,0,,0,200 North Adams Street,378,76028,1199563,37,5296,44.884652,WI,4,CALL,0,Chicago,917742,West St. Paul Branch,1,,Dakota,COMMERCIAL LENDING,Other,0,7/15/2005,0,344,,MN,1,Minnesota,7,OCC,Chicago,33225914,,0,2060 South Robert Street,-93.080479,,GREEN BAY,55009,"Minneapolis-St. Paul, MN-WI",Green Bay,3,27037,,"Minneapolis-St. Paul-Bloomington, MN-WI","Associated Bank, National Association",West Saint Paul,WI,2019_5296_344
54301,DIF,N,United States,55378,OCC,33460,12881,Wisconsin,8/29/1960,2019,Comptroller of the Currency,11,27,PointAddress,9,0,United States,ASSOCIATED BANC-CORP,0,7,0,25312351,,Savage,MULT,CB,100,,FED,0,,0,200 North Adams Street,378,28250,1199563,139,5296,44.74579,WI,4,CALL,0,Chicago,917742,Savage Branch,1,,Scott,COMMERCIAL LENDING,Other,0,7/15/2005,0,345,,MN,1,Minnesota,7,OCC,Chicago,33225914,,0,7533 Egan Drive,-93.376891,,GREEN BAY,55009,"Minneapolis-St. Paul, MN-WI",Green Bay,3,27139,,"Minneapolis-St. Paul-Bloomington, MN-WI","Associated Bank, National Association",Savage,WI,2019_5296_345
54301,DIF,N,United States,55306,OCC,33460,340839,Wisconsin,5/25/2000,2019,Comptroller of the Currency,11,27,M,9,0,United States,ASSOCIATED BANC-CORP,0,7,0,25312351,,Burnsville,MULT,CB,US_RoofTop,,FED,0,,0,200 North Adams Street,378,35012,1199563,37,5296,44.746203,WI,4,CALL,0,Chicago,917742,Burnsville Branch,1,,Dakota,COMMERCIAL LENDING,Other,0,7/15/2005,0,346,,MN,1,Minnesota,7,OCC,Chicago,33225914,,0,"2999 West County Road 42, Suite 130",-93.316118,,GREEN BAY,55009,"Minneapolis-St. Paul, MN-WI",Green Bay,3,27037,,"Minneapolis-St. Paul-Bloomington, MN-WI","Associated Bank, National Association",Burnsville,WI,2019_5296_346
54301,DIF,N,United States,55416,OCC,33460,12668,Wisconsin,6/22/1963,2019,Comptroller of the Currency,11,27,M,9,0,United States,ASSOCIATED BANC-CORP,0,7,0,25312351,,Minneapolis,MULT,CB,US_RoofTop,,FED,0,,0,200 North Adams Street,378,362384,1199563,53,5296,44.970041,WI,4,CALL,0,Chicago,917742,St. Louis Park Branch,1,,Hennepin,COMMERCIAL LENDING,Other,0,7/15/2005,0,347,,MN,1,Minnesota,7,OCC,Chicago,33225914,,0,5353 Wayzata Boulevard,-93.348192,,GREEN BAY,55009,"Minneapolis-St. Paul, MN-WI",Green Bay,3,27053,,"Minneapolis-St. Paul-Bloomington, MN-WI","Associated Bank, National Association",St. Louis Park,WI,2019_5296_347
54301,DIF,N,United States,55428,OCC,33460,246526,Wisconsin,8/5/1991,2019,Comptroller of the Currency,11,27,M,9,0,United States,ASSOCIATED BANC-CORP,0,7,0,25312351,,Minneapolis,MULT,CB,US_RoofTop,,FED,0,,0,200 North Adams Street,378,45074,1199563,53,5296,45.054645,WI,4,CALL,0,Chicago,917742,New Hope Branch,1,,Hennepin,COMMERCIAL LENDING,Other,0,7/15/2005,0,348,,MN,1,Minnesota,7,OCC,Chicago,33225914,,0,7001 Bass Lake Road,-93.369565,,GREEN BAY,55009,"Minneapolis-St. Paul, MN-WI",Green Bay,3,27053,,"Minneapolis-St. Paul-Bloomington, MN-WI","Associated Bank, National Association",New Hope,WI,2019_5296_348
54301,DIF,N,United States,55118,OCC,33460,363271,Wisconsin,2/27/2002,2019,Comptroller of the Currency,29,27,StreetName,9,0,United States,ASSOCIATED BANC-CORP,0,7,0,25312351,,Saint Paul,MULT,CB,90.54,C,FED,0,351,0,200 North Adams Street,378,0,1199563,37,5296,44.901521,WI,4,CALL,0,Chicago,917742,Walker At Westwood Ridge Branch,1,,Dakota,COMMERCIAL LENDING,Other,0,7/15/2005,0,349,,MN,1,Minnesota,7,OCC,Chicago,33225914,,0,One West Thompson Avenue,-93.06603,,GREEN BAY,55009,"Minneapolis-St. Paul, MN-WI",Green Bay,3,27037,,"Minneapolis-St. Paul-Bloomington, MN-WI","Associated Bank, National Association",West Saint Paul,WI,2019_5296_349
54301,DIF,N,United States,54235,OCC,0,13534,Wisconsin,8/1/1967,2019,Comptroller of the Currency,11,55,M,9,0,United States,ASSOCIATED BANC-CORP,0,7,0,25312351,,Sturgeon Bay,MULT,CB,US_Streets,,FED,0,,0,200 North Adams Street,0,129450,1199563,29,5296,44.834518,WI,4,CALL,0,Chicago,917742,Sturgeon Bay Downtown Branch,0,,Door,COMMERCIAL LENDING,Other,0,1/1/1993,0,35,,WI,1,Wisconsin,7,OCC,Chicago,33225914,,0,57 North Third Avenue,-87.376637,,GREEN BAY,55009,,Green Bay,3,55029,,,"Associated Bank, National Association",Sturgeon Bay,WI,2019_5296_35
54301,DIF,N,United States,55121,OCC,33460,14675,Wisconsin,9/17/1973,2019,Comptroller of the Currency,11,27,M,9,0,United States,ASSOCIATED BANC-CORP,0,7,0,25312351,,Saint Paul,MULT,CB,US_RoofTop,,FED,0,,0,200 North Adams Street,378,105809,1199563,37,5296,44.833454,WI,4,CALL,0,Chicago,917742,Eagan Branch,1,,Dakota,COMMERCIAL LENDING,Other,0,7/15/2005,0,351,,MN,1,Minnesota,7,OCC,Chicago,33225914,,0,1270 Yankee Doodle Road,-93.158904,,GREEN BAY,55009,"Minneapolis-St. Paul, MN-WI",Green Bay,3,27037,,"Minneapolis-St. Paul-Bloomington, MN-WI","Associated Bank, National Association",Eagan,WI,2019_5296_351
54301,DIF,N,United States,55435,OCC,33460,252476,Wisconsin,4/8/1988,2019,Comptroller of the Currency,11,27,M,9,0,United States,ASSOCIATED BANC-CORP,0,7,0,25312351,,Minneapolis,MULT,CB,US_Streets,,FED,0,,0,200 North Adams Street,378,74486,1199563,53,5296,44.862899,WI,4,CALL,0,Chicago,917742,Bloomington Center Branch,1,,Hennepin,COMMERCIAL LENDING,Other,0,7/15/2005,0,352,,MN,1,Minnesota,7,OCC,Chicago,33225914,,0,7760 France Avenue South,-93.329016,,GREEN BAY,55009,"Minneapolis-St. Paul, MN-WI",Green Bay,3,27053,,"Minneapolis-St. Paul-Bloomington, MN-WI","Associated Bank, National Association",Bloomington,WI,2019_5296_352
54301,DIF,N,United States,55441,OCC,33460,252479,Wisconsin,2/2/1998,2019,Comptroller of the Currency,11,27,M,9,0,United States,ASSOCIATED BANC-CORP,0,7,0,25312351,,Minneapolis,MULT,CB,US_RoofTop,,FED,0,,0,200 North Adams Street,378,50586,1199563,53,5296,45.008268,WI,4,CALL,0,Chicago,917742,Plymouth East Branch,1,,Hennepin,COMMERCIAL LENDING,Other,0,7/15/2005,0,354,,MN,1,Minnesota,7,OCC,Chicago,33225914,,0,2655 Campus Drive,-93.447961,,GREEN BAY,55009,"Minneapolis-St. Paul, MN-WI",Green Bay,3,27053,,"Minneapolis-St. Paul-Bloomington, MN-WI","Associated Bank, National Association",Plymouth,WI,2019_5296_354
54301,DIF,N,United States,55402,OCC,33460,229754,Wisconsin,7/31/1989,2019,Comptroller of the Currency,11,27,STREETADDRESS,9,0,United States,ASSOCIATED BANC-CORP,0,7,0,25312351,,Minneapolis,MULT,CB,100,,FED,0,,0,200 North Adams Street,378,117942,1199563,53,5296,44.976067,WI,4,CALL,0,Chicago,917742,Minneapolis Ids Center Branch,1,,Hennepin,COMMERCIAL LENDING,Other,0,7/15/2005,0,356,,MN,1,Minnesota,7,OCC,Chicago,33225914,,0,733 Marquette Avenue,-93.27105,,GREEN BAY,55009,"Minneapolis-St. Paul, MN-WI",Green Bay,3,27053,,"Minneapolis-St. Paul-Bloomington, MN-WI","Associated Bank, National Association",Minneapolis,WI,2019_5296_356
54301,DIF,N,United States,55066,OCC,0,3517,Wisconsin,01/01/1874,2019,Comptroller of the Currency,11,27,STREETADDRESS,9,0,United States,ASSOCIATED BANC-CORP,0,7,0,25312351,,Red Wing,MULT,CB,100,,FED,0,,0,200 North Adams Street,378,101461,1199563,49,5296,44.564377,WI,4,CALL,0,Chicago,917742,Red Wing Branch,0,,Goodhue,COMMERCIAL LENDING,Other,0,7/15/2005,1,357,,MN,1,Minnesota,7,OCC,Chicago,33225914,,0,403 W 4th St,-92.533006,,GREEN BAY,55009,"Minneapolis-St. Paul, MN-WI",Green Bay,3,27049,,,"Associated Bank, National Association",Red Wing,WI,2019_5296_357
54301,DIF,N,United States,53130,OCC,33340,2418,Wisconsin,05/01/1852,2019,Comptroller of the Currency,11,55,M,9,0,United States,ASSOCIATED BANC-CORP,0,7,0,25312351,,Hales Corners,MULT,CB,US_Streets,,FED,0,,0,200 North Adams Street,376,124090,1199563,79,5296,42.937516,WI,4,CALL,0,Chicago,917742,Hales Corners Branch,1,,Milwaukee,COMMERCIAL LENDING,Other,0,11/4/2005,0,360,,WI,1,Wisconsin,7,OCC,Chicago,33225914,,0,10708 West Janesville Road,-88.046503,,GREEN BAY,55009,"Milwaukee-Racine-Waukesha, WI",Green Bay,3,55079,,"Milwaukee-Waukesha, WI","Associated Bank, National Association",Hales Corners,WI,2019_5296_360
54301,DIF,N,United States,60031,OCC,16980,201868,Wisconsin,6/10/1985,2019,Comptroller of the Currency,11,17,M,9,0,United States,ASSOCIATED BANC-CORP,0,7,0,25312351,,Gurnee,MULT,CB,US_RoofTop,,FED,0,,29404,200 North Adams Street,176,22307,1199563,97,5296,42.378536,WI,4,CALL,0,Chicago,917742,Gurnee Branch,1,,Lake,COMMERCIAL LENDING,Other,0,11/4/2005,0,361,,IL,1,Illinois,7,OCC,Chicago,33225914,,0,1313 Delany Road,-87.904549,,GREEN BAY,55009,"Chicago-Naperville, IL-IN-WI",Green Bay,3,17097,"Lake County-Kenosha County, IL-WI","Chicago-Naperville-Elgin, IL-IN-WI","Associated Bank, National Association",Gurnee,WI,2019_5296_361
54301,DIF,N,United States,60048,OCC,16980,201869,Wisconsin,8/18/1986,2019,Comptroller of the Currency,11,17,M,9,0,United States,ASSOCIATED BANC-CORP,0,7,0,25312351,,Libertyville,MULT,CB,US_RoofTop,,FED,0,,29404,200 North Adams Street,176,14464,1199563,97,5296,42.293452,WI,4,CALL,0,Chicago,917742,Libertyville Branch,1,,Lake,COMMERCIAL LENDING,Other,0,11/4/2005,0,362,,IL,1,Illinois,7,OCC,Chicago,33225914,,0,929 North Milwaukee Avenue,-87.955506,,GREEN BAY,55009,"Chicago-Naperville, IL-IN-WI",Green Bay,3,17097,"Lake County-Kenosha County, IL-WI","Chicago-Naperville-Elgin, IL-IN-WI","Associated Bank, National Association",Libertyville,WI,2019_5296_362
54301,DIF,N,United States,60025,OCC,16980,12183,Wisconsin,6/30/1960,2019,Comptroller of the Currency,11,17,M,9,0,United States,ASSOCIATED BANC-CORP,0,7,0,25312351,,Glenview,MULT,CB,US_Streets,,FED,0,,16984,200 North Adams Street,176,63961,1199563,31,5296,42.077948,WI,4,CALL,0,Chicago,917742,Glenview Branch,1,,Cook,COMMERCIAL LENDING,Other,0,11/4/2005,0,363,,IL,1,Illinois,7,OCC,Chicago,33225914,,0,1301 Waukegan Road,-87.798393,,GREEN BAY,55009,"Chicago-Naperville, IL-IN-WI",Green Bay,3,17031,"Chicago-Naperville-Evanston, IL","Chicago-Naperville-Elgin, IL-IN-WI","Associated Bank, National Association",Glenview,WI,2019_5296_363
54301,DIF,N,United States,53150,OCC,33340,229659,Wisconsin,5/13/1968,2019,Comptroller of the Currency,11,55,M,9,0,United States,ASSOCIATED BANC-CORP,0,7,0,25312351,,Muskego,MULT,CB,US_Zipcode,,FED,0,,0,200 North Adams Street,376,69236,1199563,133,5296,42.882925,WI,4,CALL,0,Chicago,917742,Muskego Branch,1,,Waukesha,COMMERCIAL LENDING,Other,0,11/4/2005,0,364,,WI,1,Wisconsin,7,OCC,Chicago,33225914,,0,S76 W17655 Janesville Road,-88.1263,,GREEN BAY,55009,"Milwaukee-Racine-Waukesha, WI",Green Bay,3,55133,,"Milwaukee-Waukesha, WI","Associated Bank, National Association",Muskego,WI,2019_5296_364
54301,DIF,N,United States,53220,OCC,33340,15903,Wisconsin,12/29/1978,2019,Comptroller of the Currency,11,55,M,9,0,United States,ASSOCIATED BANC-CORP,0,7,0,25312351,,Milwaukee,MULT,CB,US_RoofTop,,FED,0,,0,200 North Adams Street,376,148777,1199563,79,5296,42.957003,WI,4,CALL,0,Chicago,917742,Greenfield Branch,1,,Milwaukee,COMMERCIAL LENDING,Other,0,11/4/2005,0,366,,WI,1,Wisconsin,7,OCC,Chicago,33225914,,0,4811 South 76th Street,-88.008481,,GREEN BAY,55009,"Milwaukee-Racine-Waukesha, WI",Green Bay,3,55079,,"Milwaukee-Waukesha, WI","Associated Bank, National Association",Greenfield,WI,2019_5296_366
54301,DIF,N,United States,53211,OCC,33340,14091,Wisconsin,6/23/1971,2019,Comptroller of the Currency,11,55,M,9,0,United States,ASSOCIATED BANC-CORP,0,7,0,25312351,,Milwaukee,MULT,CB,US_Streets,,FED,0,,0,200 North Adams Street,376,52928,1199563,79,5296,43.065816,WI,4,CALL,0,Chicago,917742,Milwaukee Downer Ave Branch,1,,Milwaukee,COMMERCIAL LENDING,Other,0,11/4/2005,0,367,,WI,1,Wisconsin,7,OCC,Chicago,33225914,,0,2590 North Downer Avenue,-87.878009,,GREEN BAY,55009,"Milwaukee-Racine-Waukesha, WI",Green Bay,3,55079,,"Milwaukee-Waukesha, WI","Associated Bank, National Association",Milwaukee,WI,2019_5296_367
54301,DIF,N,United States,53217,OCC,33340,251060,Wisconsin,4/9/1990,2019,Comptroller of the Currency,11,55,M,9,0,United States,ASSOCIATED BANC-CORP,0,7,0,25312351,,Milwaukee,MULT,CB,US_RoofTop,,FED,0,,0,200 North Adams Street,376,44607,1199563,79,5296,43.145122,WI,4,CALL,0,Chicago,917742,Glendale Branch,1,,Milwaukee,COMMERCIAL LENDING,Other,0,11/4/2005,0,368,,WI,1,Wisconsin,7,OCC,Chicago,33225914,,0,7020 North Port Washington Road,-87.913138,,GREEN BAY,55009,"Milwaukee-Racine-Waukesha, WI",Green Bay,3,55079,,"Milwaukee-Waukesha, WI","Associated Bank, National Association",Glendale,WI,2019_5296_368
54301,DIF,N,United States,60085,OCC,16980,358658,Wisconsin,10/9/2000,2019,Comptroller of the Currency,11,17,M,9,0,United States,ASSOCIATED BANC-CORP,0,7,0,25312351,,Waukegan,MULT,CB,US_RoofTop,,FED,0,,29404,200 North Adams Street,176,29673,1199563,97,5296,42.359057,WI,4,CALL,0,Chicago,917742,Waukegan Branch,1,,Lake,COMMERCIAL LENDING,Other,0,11/4/2005,0,370,,IL,1,Illinois,7,OCC,Chicago,33225914,,0,1 South Genesee Street,-87.831384,,GREEN BAY,55009,"Chicago-Naperville, IL-IN-WI",Green Bay,3,17097,"Lake County-Kenosha County, IL-WI","Chicago-Naperville-Elgin, IL-IN-WI","Associated Bank, National Association",Waukegan,WI,2019_5296_370
54301,DIF,N,United States,60120,OCC,16980,43086,Wisconsin,01/01/1883,2019,Comptroller of the Currency,11,17,M,9,0,United States,ASSOCIATED BANC-CORP,0,7,0,25312351,,Elgin,MULT,CB,US_RoofTop,,FED,0,,20994,200 North Adams Street,176,51321,1199563,89,5296,42.037928,WI,4,CALL,0,Chicago,917742,Elgin Branch,1,,Kane,COMMERCIAL LENDING,Other,0,11/4/2005,0,371,,IL,1,Illinois,7,OCC,Chicago,33225914,,0,16 North Spring Street,-88.282504,,GREEN BAY,55009,"Chicago-Naperville, IL-IN-WI",Green Bay,3,17089,"Elgin, IL","Chicago-Naperville-Elgin, IL-IN-WI","Associated Bank, National Association",Elgin,WI,2019_5296_371
54301,DIF,N,United States,60014,OCC,16980,279378,Wisconsin,01/01/1883,2019,Comptroller of the Currency,11,17,M,9,0,United States,ASSOCIATED BANC-CORP,0,7,0,25312351,,Crystal Lake,MULT,CB,US_RoofTop,,FED,0,,16984,200 North Adams Street,176,75423,1199563,111,5296,42.226574,WI,4,CALL,0,Chicago,917742,Crystal Lake Branch,1,,McHenry,COMMERCIAL LENDING,Other,0,11/4/2005,0,372,,IL,1,Illinois,7,OCC,Chicago,33225914,,0,180 West Virginia Street,-88.327437,,GREEN BAY,55009,"Chicago-Naperville, IL-IN-WI",Green Bay,3,17111,"Chicago-Naperville-Evanston, IL","Chicago-Naperville-Elgin, IL-IN-WI","Associated Bank, National Association",Crystal Lake,WI,2019_5296_372
54301,DIF,N,United States,60172,OCC,16980,279381,Wisconsin,01/01/1883,2019,Comptroller of the Currency,11,17,M,9,0,United States,ASSOCIATED BANC-CORP,0,7,0,25312351,,Roselle,MULT,CB,US_Streets,,FED,0,,16984,200 North Adams Street,176,299712,1199563,43,5296,41.984353,WI,4,CALL,0,Chicago,917742,Roselle Branch,1,,DuPage,COMMERCIAL LENDING,Other,0,11/4/2005,0,373,,IL,1,Illinois,7,OCC,Chicago,33225914,,0,56 East Irving Park Road,-88.078363,,GREEN BAY,55009,"Chicago-Naperville, IL-IN-WI",Green Bay,3,17043,"Chicago-Naperville-Evanston, IL","Chicago-Naperville-Elgin, IL-IN-WI","Associated Bank, National Association",Roselle,WI,2019_5296_373
54301,DIF,N,United States,60177,OCC,16980,279382,Wisconsin,01/01/1883,2019,Comptroller of the Currency,11,17,M,9,0,United States,ASSOCIATED BANC-CORP,0,7,0,25312351,,South Elgin,MULT,CB,US_Streets,,FED,0,,20994,200 North Adams Street,176,76167,1199563,89,5296,42.00042,WI,4,CALL,0,Chicago,917742,South Elgin Branch,1,,Kane,COMMERCIAL LENDING,Other,0,11/4/2005,0,374,,IL,1,Illinois,7,OCC,Chicago,33225914,,0,300 North Mclean Boulevard,-88.315847,,GREEN BAY,55009,"Chicago-Naperville, IL-IN-WI",Green Bay,3,17089,"Elgin, IL","Chicago-Naperville-Elgin, IL-IN-WI","Associated Bank, National Association",South Elgin,WI,2019_5296_374
54301,DIF,N,United States,60103,OCC,16980,279384,Wisconsin,01/01/1883,2019,Comptroller of the Currency,11,17,POINTADDRESS,9,0,United States,ASSOCIATED BANC-CORP,0,7,0,25312351,,Bartlett,MULT,CB,100,,FED,0,,16984,200 North Adams Street,176,33792,1199563,31,5296,41.992728,WI,4,CALL,0,Chicago,917742,Bartlett Branch,1,,Cook,COMMERCIAL LENDING,Other,0,11/4/2005,0,375,,IL,1,Illinois,7,OCC,Chicago,33225914,,0,200 West Bartlett Avenue,-88.185987,,GREEN BAY,55009,"Chicago-Naperville, IL-IN-WI",Green Bay,3,17031,"Chicago-Naperville-Evanston, IL","Chicago-Naperville-Elgin, IL-IN-WI","Associated Bank, National Association",Bartlett,WI,2019_5296_375
54301,DIF,N,United States,60071,OCC,16980,6691,Wisconsin,1/1/1921,2019,Comptroller of the Currency,11,17,M,9,0,United States,ASSOCIATED BANC-CORP,0,7,0,25312351,,Richmond,MULT,CB,US_Streets,,FED,0,,16984,200 North Adams Street,176,28611,1199563,111,5296,42.486148,WI,4,CALL,0,Chicago,917742,Richmond Branch,1,,McHenry,COMMERCIAL LENDING,Other,0,11/4/2005,0,376,,IL,1,Illinois,7,OCC,Chicago,33225914,,0,10910 Main Street,-88.305964,,GREEN BAY,55009,"Chicago-Naperville, IL-IN-WI",Green Bay,3,17111,"Chicago-Naperville-Evanston, IL","Chicago-Naperville-Elgin, IL-IN-WI","Associated Bank, National Association",Richmond,WI,2019_5296_376
54301,DIF,N,United States,53185,OCC,39540,8247,Wisconsin,1/1/1907,2019,Comptroller of the Currency,11,55,M,9,0,United States,ASSOCIATED BANC-CORP,0,7,0,25312351,,Waterford,MULT,CB,US_RoofTop,,FED,0,,0,200 North Adams Street,376,60922,1199563,101,5296,42.765518,WI,4,CALL,0,Chicago,917742,Waterford Branch,1,,Racine,COMMERCIAL LENDING,Other,0,11/4/2005,0,377,,WI,1,Wisconsin,7,OCC,Chicago,33225914,,0,217 North Milwaukee Street,-88.20933,,GREEN BAY,55009,"Milwaukee-Racine-Waukesha, WI",Green Bay,3,55101,,"Racine, WI","Associated Bank, National Association",Waterford,WI,2019_5296_377
54301,DIF,N,United States,53105,OCC,39540,228809,Wisconsin,5/20/1997,2019,Comptroller of the Currency,11,55,M,9,0,United States,ASSOCIATED BANC-CORP,0,7,0,25312351,,Burlington,MULT,CB,US_Streets,,FED,0,,0,200 North Adams Street,376,61809,1199563,101,5296,42.691229,WI,4,CALL,0,Chicago,917742,Burlington Branch,1,,Racine,COMMERCIAL LENDING,Other,0,11/4/2005,0,378,,WI,1,Wisconsin,7,OCC,Chicago,33225914,,0,1050 Milwaukee Avenue,-88.266438,,GREEN BAY,55009,"Milwaukee-Racine-Waukesha, WI",Green Bay,3,55101,,"Racine, WI","Associated Bank, National Association",Burlington,WI,2019_5296_378
54301,DIF,N,United States,54234,OCC,0,249384,Wisconsin,7/23/1984,2019,Comptroller of the Currency,11,55,M,9,0,United States,ASSOCIATED BANC-CORP,0,7,0,25312351,,Sister Bay,MULT,CB,US_Streets,,FED,0,,0,200 North Adams Street,0,39517,1199563,29,5296,45.177825,WI,4,CALL,0,Chicago,917742,Sister Bay Branch,0,,Door,COMMERCIAL LENDING,Other,0,1/1/1993,0,38,,WI,1,Wisconsin,7,OCC,Chicago,33225914,,0,10440 Townline Road,-87.153084,,GREEN BAY,55009,,Green Bay,3,55029,,,"Associated Bank, National Association",Sister Bay,WI,2019_5296_38
54301,DIF,N,United States,60123,OCC,16980,361929,Wisconsin,6/30/2001,2019,Comptroller of the Currency,11,17,M,9,0,United States,ASSOCIATED BANC-CORP,0,7,0,25312351,,Elgin,MULT,CB,US_Streets,,FED,0,,20994,200 North Adams Street,176,44530,1199563,89,5296,42.032473,WI,4,CALL,0,Chicago,917742,West Elgin Branch,1,,Kane,COMMERCIAL LENDING,Other,0,11/4/2005,0,385,,IL,1,Illinois,7,OCC,Chicago,33225914,,0,2001 Larkin Avenue,-88.32654,,GREEN BAY,55009,"Chicago-Naperville, IL-IN-WI",Green Bay,3,17089,"Elgin, IL","Chicago-Naperville-Elgin, IL-IN-WI","Associated Bank, National Association",Elgin,WI,2019_5296_385
54301,DIF,N,United States,60030,OCC,16980,47173,Wisconsin,7/18/1991,2019,Comptroller of the Currency,11,17,M,9,0,United States,ASSOCIATED BANC-CORP,0,7,0,25312351,,Grayslake,MULT,CB,US_Streets,,FED,0,,29404,200 North Adams Street,176,22624,1199563,97,5296,42.361609,WI,4,CALL,0,Chicago,917742,Third Lake Branch,1,,Lake,COMMERCIAL LENDING,Other,0,11/4/2005,0,386,,IL,1,Illinois,7,OCC,Chicago,33225914,,0,34354 North Highway 45,-88.000384,,GREEN BAY,55009,"Chicago-Naperville, IL-IN-WI",Green Bay,3,17097,"Lake County-Kenosha County, IL-WI","Chicago-Naperville-Elgin, IL-IN-WI","Associated Bank, National Association",Third Lake,WI,2019_5296_386
54301,DIF,N,United States,60060,OCC,16980,47449,Wisconsin,2/24/1992,2019,Comptroller of the Currency,11,17,M,9,0,United States,ASSOCIATED BANC-CORP,0,7,0,25312351,,Mundelein,MULT,CB,US_Streets,,FED,0,,29404,200 North Adams Street,176,17165,1199563,97,5296,42.240024,WI,4,CALL,0,Chicago,917742,Mundelein Branch,1,,Lake,COMMERCIAL LENDING,Other,0,11/4/2005,0,388,,IL,1,Illinois,7,OCC,Chicago,33225914,,0,208 Oak Creek Plaza,-87.990053,,GREEN BAY,55009,"Chicago-Naperville, IL-IN-WI",Green Bay,3,17097,"Lake County-Kenosha County, IL-WI","Chicago-Naperville-Elgin, IL-IN-WI","Associated Bank, National Association",Mundelein,WI,2019_5296_388
54301,DIF,N,United States,54235,OCC,0,249385,Wisconsin,5/14/1990,2019,Comptroller of the Currency,23,55,PointAddress,9,0,United States,ASSOCIATED BANC-CORP,0,7,0,25312351,,Sturgeon Bay,MULT,CB,100,C,FED,0,35,0,200 North Adams Street,0,0,1199563,29,5296,44.84832,WI,4,CALL,0,Chicago,917742,Sturgeon Bay East Branch,0,,Door,COMMERCIAL LENDING,Other,0,1/1/1993,0,39,,WI,1,Wisconsin,7,OCC,Chicago,33225914,,0,1332 Egg Harbor Road,-87.362231,,GREEN BAY,55009,,Green Bay,3,55029,,,"Associated Bank, National Association",Sturgeon Bay,WI,2019_5296_39
54301,DIF,N,United States,53147,OCC,0,453679,Wisconsin,5/11/2006,2019,Comptroller of the Currency,12,55,POINTADDRESS,9,0,United States,ASSOCIATED BANC-CORP,0,7,0,25312351,,Lake Geneva,MULT,CB,100,,FED,0,,0,200 North Adams Street,376,29149,1199563,127,5296,42.598549,WI,4,CALL,0,Chicago,917742,Lake Geneva Branch,0,,Walworth,COMMERCIAL LENDING,Other,0,,1,390,,WI,1,Wisconsin,7,OCC,Chicago,33225914,,0,728 Williams Street,-88.435849,,GREEN BAY,55009,"Milwaukee-Racine-Waukesha, WI",Green Bay,3,55127,,,"Associated Bank, National Association",Lake Geneva,WI,2019_5296_390
54301,DIF,N,United States,53717,OCC,31540,453680,Wisconsin,12/16/2005,2019,Comptroller of the Currency,11,55,M,9,0,United States,ASSOCIATED BANC-CORP,0,7,0,25312351,,Madison,MULT,CB,US_RoofTop,,FED,0,,0,200 North Adams Street,357,539228,1199563,25,5296,43.078109,WI,4,CALL,0,Chicago,917742,Madison - Excelsior Branch,1,,Dane,COMMERCIAL LENDING,Other,0,,0,391,,WI,1,Wisconsin,7,OCC,Chicago,33225914,,0,8040 Excelsior Drive,-89.524403,,GREEN BAY,55009,"Madison-Janesville-Beloit, WI",Green Bay,3,55025,,"Madison, WI","Associated Bank, National Association",Madison,WI,2019_5296_391
54301,DIF,N,United States,55125,OCC,33460,3609,Wisconsin,10/02/1863,2019,Comptroller of the Currency,11,27,M,9,0,United States,ASSOCIATED BANC-CORP,0,7,0,25312351,,Saint Paul,MULT,CB,US_Streets,,FED,0,,0,200 North Adams Street,378,86281,1199563,163,5296,44.91793,WI,4,CALL,0,Chicago,917742,Woodbury Branch,1,,Washington,COMMERCIAL LENDING,Other,0,6/29/2007,0,394,,MN,1,Minnesota,7,OCC,Chicago,33225914,,0,1835 Radio Drive,-92.933711,,GREEN BAY,55009,"Minneapolis-St. Paul, MN-WI",Green Bay,3,27163,,"Minneapolis-St. Paul-Bloomington, MN-WI","Associated Bank, National Association",Woodbury,WI,2019_5296_394
54301,DIF,N,United States,54016,OCC,33460,207610,Wisconsin,2/2/1990,2019,Comptroller of the Currency,29,55,T,9,0,United States,ASSOCIATED BANC-CORP,0,7,0,25312351,,Hudson,MULT,CB,US_RoofTop,C,FED,0,400,0,200 North Adams Street,378,0,1199563,109,5296,44.973087,WI,4,CALL,0,Chicago,917742,Wintergreen Branch,1,,St. Croix,COMMERCIAL LENDING,Other,0,6/29/2007,0,395,,WI,1,Wisconsin,7,OCC,Chicago,33225914,,0,1312 Wisconsin Street,-92.740322,,GREEN BAY,55009,"Minneapolis-St. Paul, MN-WI",Green Bay,3,55109,,"Minneapolis-St. Paul-Bloomington, MN-WI","Associated Bank, National Association",Hudson,WI,2019_5296_395
54301,DIF,N,United States,54002,OCC,33460,274350,Wisconsin,12/1/1934,2019,Comptroller of the Currency,11,55,M,9,0,United States,ASSOCIATED BANC-CORP,0,7,0,25312351,,Baldwin,MULT,CB,US_RoofTop,,FED,0,,0,200 North Adams Street,378,31315,1199563,109,5296,44.956558,WI,4,CALL,0,Chicago,917742,Baldwin Branch,1,,St. Croix,COMMERCIAL LENDING,Other,0,6/29/2007,0,396,,WI,1,Wisconsin,7,OCC,Chicago,33225914,,0,1660 11th Avenue,-92.376301,,GREEN BAY,55009,"Minneapolis-St. Paul, MN-WI",Green Bay,3,55109,,"Minneapolis-St. Paul-Bloomington, MN-WI","Associated Bank, National Association",Baldwin,WI,2019_5296_396
54301,DIF,N,United States,54011,OCC,33460,207611,Wisconsin,2/10/1992,2019,Comptroller of the Currency,11,55,POINTADDRESS,9,0,United States,ASSOCIATED BANC-CORP,0,7,0,25312351,,Ellsworth,MULT,CB,100,,FED,0,,0,200 North Adams Street,378,62165,1199563,93,5296,44.733567,WI,4,CALL,0,Chicago,917742,Ellsworth Branch,1,,Pierce,COMMERCIAL LENDING,Other,0,6/29/2007,0,398,,WI,1,Wisconsin,7,OCC,Chicago,33225914,,0,420 East Main Street,-92.467462,,GREEN BAY,55009,"Minneapolis-St. Paul, MN-WI",Green Bay,3,55093,,"Minneapolis-St. Paul-Bloomington, MN-WI","Associated Bank, National Association",Ellsworth,WI,2019_5296_398
54301,DIF,N,United States,54016,OCC,33460,207612,Wisconsin,2/1/1994,2019,Comptroller of the Currency,11,55,M,9,0,United States,ASSOCIATED BANC-CORP,0,7,0,25312351,,Hudson,MULT,CB,US_RoofTop,,FED,0,,0,200 North Adams Street,378,99947,1199563,109,5296,44.961536,WI,4,CALL,0,Chicago,917742,Hudson Crestview Branch,1,,St. Croix,COMMERCIAL LENDING,Other,0,6/29/2007,0,399,,WI,1,Wisconsin,7,OCC,Chicago,33225914,,0,2200 Crestview Drive,-92.72837,,GREEN BAY,55009,"Minneapolis-St. Paul, MN-WI",Green Bay,3,55109,,"Minneapolis-St. Paul-Bloomington, MN-WI","Associated Bank, National Association",Hudson,WI,2019_5296_399
54301,DIF,N,United States,54112,OCC,0,8257,Wisconsin,7/15/1915,2019,Comptroller of the Currency,11,55,M,9,0,United States,ASSOCIATED BANC-CORP,0,7,0,25312351,,Coleman,MULT,CB,US_Zipcode,,FED,0,,0,200 North Adams Street,361,48626,1199563,75,5296,45.050443,WI,4,CALL,0,Chicago,917742,Coleman Branch,0,,Marinette,COMMERCIAL LENDING,Other,0,7/1/1993,1,40,,WI,1,Wisconsin,7,OCC,Chicago,33225914,,0,118 Business 141,-88.043081,,GREEN BAY,55009,"Marinette-Iron Mountain, WI-MI",Green Bay,3,55075,,,"Associated Bank, National Association",Coleman,WI,2019_5296_40
54301,DIF,N,United States,54016,OCC,33460,207613,Wisconsin,1/13/1997,2019,Comptroller of the Currency,11,55,M,9,0,United States,ASSOCIATED BANC-CORP,0,7,0,25312351,,Hudson,MULT,CB,US_Streets,,FED,0,,0,200 North Adams Street,378,66322,1199563,109,5296,44.972927,WI,4,CALL,0,Chicago,917742,Hudson Downtown Branch,1,,St. Croix,COMMERCIAL LENDING,Other,0,6/29/2007,0,400,,WI,1,Wisconsin,7,OCC,Chicago,33225914,,0,307 Second Street,-92.756825,,GREEN BAY,55009,"Minneapolis-St. Paul, MN-WI",Green Bay,3,55109,,"Minneapolis-St. Paul-Bloomington, MN-WI","Associated Bank, National Association",Hudson,WI,2019_5296_400
54301,DIF,N,United States,55056,OCC,33460,5448,Wisconsin,1/1/1903,2019,Comptroller of the Currency,11,27,M,9,0,United States,ASSOCIATED BANC-CORP,0,7,0,25312351,,North Branch,MULT,CB,US_RoofTop,,FED,0,,0,200 North Adams Street,378,82346,1199563,25,5296,45.511747,WI,4,CALL,0,Chicago,917742,North Branch Branch,1,,Chisago,COMMERCIAL LENDING,Other,0,6/29/2007,0,401,,MN,1,Minnesota,7,OCC,Chicago,33225914,,0,38860 10th Avenue,-92.985304,,GREEN BAY,55009,"Minneapolis-St. Paul, MN-WI",Green Bay,3,27025,,"Minneapolis-St. Paul-Bloomington, MN-WI","Associated Bank, National Association",North Branch,WI,2019_5296_401
54301,DIF,N,United States,55369,OCC,33460,466496,Wisconsin,3/10/2007,2019,Comptroller of the Currency,11,27,M,9,0,United States,ASSOCIATED BANC-CORP,0,7,0,25312351,,Osseo,MULT,CB,US_Streets,,FED,0,,0,200 North Adams Street,378,25698,1199563,53,5296,45.124712,WI,4,CALL,0,Chicago,917742,Maple Grove Bell Tower Branch,1,,Hennepin,COMMERCIAL LENDING,Other,0,,0,403,,MN,1,Minnesota,7,OCC,Chicago,33225914,,0,9325 Upland Lane,-93.481896,,GREEN BAY,55009,"Minneapolis-St. Paul, MN-WI",Green Bay,3,27053,,"Minneapolis-St. Paul-Bloomington, MN-WI","Associated Bank, National Association",Maple Grove,WI,2019_5296_403
54301,DIF,N,United States,60654,OCC,16980,494213,Wisconsin,3/16/2009,2019,Comptroller of the Currency,11,17,EXACT,9,0,United States,ASSOCIATED BANC-CORP,0,7,0,25312351,,Chicago,MULT,CB,100,,FED,0,,16984,200 North Adams Street,176,148438,1199563,31,5296,41.888186,WI,4,CALL,0,Chicago,917742,Chicago 300 No La Salle Branch,1,,Cook,COMMERCIAL LENDING,Other,0,,0,404,,IL,1,Illinois,7,OCC,Chicago,33225914,,0,300 N La Salle Drive,-87.632537,,GREEN BAY,55009,"Chicago-Naperville, IL-IN-WI",Green Bay,3,17031,"Chicago-Naperville-Evanston, IL","Chicago-Naperville-Elgin, IL-IN-WI","Associated Bank, National Association",Chicago,WI,2019_5296_404
54301,DIF,N,United States,54220,OCC,0,494214,Wisconsin,10/10/2008,2019,Comptroller of the Currency,12,55,M,9,0,United States,ASSOCIATED BANC-CORP,0,7,0,25312351,,Manitowoc,MULT,CB,US_Streets,,FED,0,,0,200 North Adams Street,0,45431,1199563,71,5296,44.073353,WI,4,CALL,0,Chicago,917742,Manitowoc Festival Foods Branch,0,,Manitowoc,COMMERCIAL LENDING,Other,0,,1,405,,WI,1,Wisconsin,7,OCC,Chicago,33225914,,0,2151 S 42nd Street,-87.700949,,GREEN BAY,55009,,Green Bay,3,55071,,,"Associated Bank, National Association",Manitowoc,WI,2019_5296_405
54301,DIF,N,United States,53590,OCC,31540,510605,Wisconsin,8/21/2009,2019,Comptroller of the Currency,11,55,StreetAddress,9,0,United States,ASSOCIATED BANC-CORP,0,7,0,25312351,,Sun Prairie,MULT,CB,100,,FED,0,,0,200 North Adams Street,357,60249,1199563,25,5296,43.170256,WI,4,CALL,0,Chicago,917742,Sun Prairie Grand Avenue Branch,1,,Dane,COMMERCIAL LENDING,Other,0,,0,407,,WI,1,Wisconsin,7,OCC,Chicago,33225914,,0,658 South Grand Avenue,-89.265817,,GREEN BAY,55009,"Madison-Janesville-Beloit, WI",Green Bay,3,55025,,"Madison, WI","Associated Bank, National Association",Sun Prairie,WI,2019_5296_407
54301,DIF,N,United States,53066,OCC,33340,514018,Wisconsin,11/1/2010,2019,Comptroller of the Currency,11,55,M,9,0,United States,ASSOCIATED BANC-CORP,0,7,0,25312351,,Oconomowoc,MULT,CB,US_RoofTop,,FED,0,,0,200 North Adams Street,376,62524,1199563,133,5296,43.084359,WI,4,CALL,0,Chicago,917742,1456 Summit Avenue Branch,1,,Waukesha,COMMERCIAL LENDING,Other,0,,0,409,,WI,1,Wisconsin,7,OCC,Chicago,33225914,,0,1456 Summit Avenue,-88.470695,,GREEN BAY,55009,"Milwaukee-Racine-Waukesha, WI",Green Bay,3,55133,,"Milwaukee-Waukesha, WI","Associated Bank, National Association",Oconomowoc,WI,2019_5296_409
54301,DIF,N,United States,54915,OCC,36780,521813,Wisconsin,6/27/2011,2019,Comptroller of the Currency,11,55,POINTADDRESS,9,0,United States,ASSOCIATED BANC-CORP,0,7,0,25312351,,Appleton,MULT,CB,100,,FED,0,,0,200 North Adams Street,118,37143,1199563,139,5296,44.241473,WI,4,CALL,0,Chicago,917742,Appleton Memorial Branch,1,,Winnebago,COMMERCIAL LENDING,Other,0,,0,412,,WI,1,Wisconsin,7,OCC,Chicago,33225914,,0,2175 South Memorial Drive,-88.417818,,GREEN BAY,55009,"Appleton-Oshkosh-Neenah, WI",Green Bay,3,55139,,"Oshkosh-Neenah, WI","Associated Bank, National Association",Appleton,WI,2019_5296_412
54301,DIF,N,United States,54313,OCC,24580,521814,Wisconsin,10/8/2010,2019,Comptroller of the Currency,12,55,PointAddress,9,0,United States,ASSOCIATED BANC-CORP,0,7,0,25312351,,Green Bay,MULT,CB,98.93,,FED,0,,0,200 North Adams Street,267,39167,1199563,9,5296,44.59201,WI,4,CALL,0,Chicago,917742,Suamico Festival Foods Branch,1,,Brown,COMMERCIAL LENDING,Other,0,,0,413,,WI,1,Wisconsin,7,OCC,Chicago,33225914,,0,2348 Lineville Road,-88.074571,,GREEN BAY,55009,"Green Bay-Shawano, WI",Green Bay,3,55009,,"Green Bay, WI","Associated Bank, National Association",Suamico,WI,2019_5296_413
54301,DIF,N,United States,54601,OCC,29100,526988,Wisconsin,11/1/2011,2019,Comptroller of the Currency,12,55,M,9,0,United States,ASSOCIATED BANC-CORP,0,7,0,25312351,,La Crosse,MULT,CB,100,,FED,0,,0,200 North Adams Street,0,56444,1199563,63,5296,43.796118,WI,4,CALL,0,Chicago,917742,Lacrosse Festival Foods Branch,1,,La Crosse,COMMERCIAL LENDING,Other,0,,0,414,,WI,1,Wisconsin,7,OCC,Chicago,33225914,,0,2500 State Rd,-91.218571,,GREEN BAY,55009,,Green Bay,3,55063,,"La Crosse-Onalaska, WI-MN","Associated Bank, National Association",La Crosse,WI,2019_5296_414
54301,DIF,N,United States,53154,OCC,33340,531465,Wisconsin,7/15/2011,2019,Comptroller of the Currency,12,55,STREETADDRESS,9,0,United States,ASSOCIATED BANC-CORP,0,7,0,25312351,,Oak Creek,MULT,CB,100,,FED,0,,0,200 North Adams Street,376,62850,1199563,79,5296,42.90163,WI,4,CALL,0,Chicago,917742,Oak Creek Branch,1,,Milwaukee,COMMERCIAL LENDING,Other,0,,0,415,,WI,1,Wisconsin,7,OCC,Chicago,33225914,,0,7940 S 6th St,-87.919589,,GREEN BAY,55009,"Milwaukee-Racine-Waukesha, WI",Green Bay,3,55079,,"Milwaukee-Waukesha, WI","Associated Bank, National Association",Oak Creek,WI,2019_5296_415
54301,DIF,N,United States,60110,OCC,16980,538295,Wisconsin,12/3/2012,2019,Comptroller of the Currency,11,17,STREETNAME,9,0,United States,ASSOCIATED BANC-CORP,0,7,0,25312351,,Carpentersville,MULT,CB,100,,FED,0,,20994,200 North Adams Street,176,12401,1199563,89,5296,42.122144,WI,4,CALL,0,Chicago,917742,Carpentersville Branch,1,,Kane,COMMERCIAL LENDING,Other,0,,0,421,,IL,1,Illinois,7,OCC,Chicago,33225914,,0,7675 Miller Road,-88.328342,,GREEN BAY,55009,"Chicago-Naperville, IL-IN-WI",Green Bay,3,17089,"Elgin, IL","Chicago-Naperville-Elgin, IL-IN-WI","Associated Bank, National Association",Carpentersville,WI,2019_5296_421
54301,DIF,N,United States,54956,OCC,36780,541258,Wisconsin,11/9/2012,2019,Comptroller of the Currency,12,55,M,9,0,United States,ASSOCIATED BANC-CORP,0,7,0,25312351,,Neenah,MULT,CB,100,,FED,0,,0,200 North Adams Street,118,41611,1199563,139,5296,44.179404,WI,4,CALL,0,Chicago,917742,Neenah Festival Foods Branch,1,,Winnebago,COMMERCIAL LENDING,Other,0,,0,422,,WI,1,Wisconsin,7,OCC,Chicago,33225914,,0,647 S Green Bay Road,-88.48509,,GREEN BAY,55009,"Appleton-Oshkosh-Neenah, WI",Green Bay,3,55139,,"Oshkosh-Neenah, WI","Associated Bank, National Association",Neenah,WI,2019_5296_422
54301,DIF,N,United States,61602,OCC,37900,542465,Wisconsin,12/28/2012,2019,Comptroller of the Currency,11,17,M,9,0,United States,ASSOCIATED BANC-CORP,0,7,0,25312351,,Peoria,MULT,CB,100,,FED,0,,0,200 North Adams Street,0,31209,1199563,143,5296,40.691613,WI,4,CALL,0,Chicago,917742,Peoria Jefferson Branch,1,,Peoria,COMMERCIAL LENDING,Other,0,,0,423,,IL,1,Illinois,7,OCC,Chicago,33225914,,0,240 Sw Jefferson Ave,-89.59235,,GREEN BAY,55009,,Green Bay,3,17143,,"Peoria, IL","Associated Bank, National Association",Peoria,WI,2019_5296_423
54301,DIF,N,United States,60661,OCC,16980,557730,Wisconsin,4/1/2014,2019,Comptroller of the Currency,11,17,STREETADDRESS,9,0,United States,ASSOCIATED BANC-CORP,0,7,0,25312351,,Chicago,MULT,CB,100,,FED,0,,16984,200 North Adams Street,176,2157834,1199563,31,5296,41.880501,WI,4,CALL,0,Chicago,917742,Chicago Monroe Branch,1,,Cook,COMMERCIAL LENDING,Other,0,,0,424,,IL,1,Illinois,7,OCC,Chicago,33225914,,0,525 W Monroe St,-87.640389,,GREEN BAY,55009,"Chicago-Naperville, IL-IN-WI",Green Bay,3,17031,"Chicago-Naperville-Evanston, IL","Chicago-Naperville-Elgin, IL-IN-WI","Associated Bank, National Association",Chicago,WI,2019_5296_424
54301,DIF,N,United States,53511,OCC,27500,557731,Wisconsin,1/13/2014,2019,Comptroller of the Currency,11,55,StreetAddress,9,0,United States,ASSOCIATED BANC-CORP,0,7,0,25312351,,Beloit,MULT,CB,100,,FED,0,,0,200 North Adams Street,357,58210,1199563,105,5296,42.522469,WI,4,CALL,0,Chicago,917742,Beloit Henry Ave Branch,1,,Rock,COMMERCIAL LENDING,Other,0,,0,425,,WI,1,Wisconsin,7,OCC,Chicago,33225914,,0,602 Henry Avenue,-89.034382,,GREEN BAY,55009,"Madison-Janesville-Beloit, WI",Green Bay,3,55105,,"Janesville-Beloit, WI","Associated Bank, National Association",Beloit,WI,2019_5296_425
54301,DIF,N,United States,53095,OCC,33340,563281,Wisconsin,12/15/2014,2019,Comptroller of the Currency,11,55,POINTADDRESS,9,0,United States,ASSOCIATED BANC-CORP,0,7,0,25312351,,West Bend,MULT,CB,100,,FED,0,,0,200 North Adams Street,376,56972,1199563,131,5296,43.397632,WI,4,CALL,0,Chicago,917742,West Bend Branch,1,,Washington,COMMERCIAL LENDING,Other,0,,0,426,,WI,1,Wisconsin,7,OCC,Chicago,33225914,,0,715 West Paradise Drive,-88.186021,,GREEN BAY,55009,"Milwaukee-Racine-Waukesha, WI",Green Bay,3,55131,,"Milwaukee-Waukesha, WI","Associated Bank, National Association",West Bend,WI,2019_5296_426
54301,DIF,N,United States,53406,OCC,39540,563396,Wisconsin,12/22/2014,2019,Comptroller of the Currency,11,55,PointAddress,9,0,United States,ASSOCIATED BANC-CORP,0,7,0,25312351,,Racine,MULT,CB,100,,FED,0,,0,200 North Adams Street,376,9925,1199563,101,5296,42.71838,WI,4,CALL,0,Chicago,917742,Racine Washington Ave Branch,1,,Racine,COMMERCIAL LENDING,Other,0,,0,427,,WI,1,Wisconsin,7,OCC,Chicago,33225914,,0,5205 Washington Ave,-87.842291,,GREEN BAY,55009,"Milwaukee-Racine-Waukesha, WI",Green Bay,3,55101,,"Racine, WI","Associated Bank, National Association",Racine,WI,2019_5296_427
54301,DIF,N,United States,53202,OCC,33340,570349,Wisconsin,4/20/2015,2019,Comptroller of the Currency,11,55,PointAddress,9,0,United States,ASSOCIATED BANC-CORP,0,7,0,25312351,,Milwaukee,MULT,CB,100,,FED,0,,0,200 North Adams Street,376,7733,1199563,79,5296,43.03163,WI,4,CALL,0,Chicago,917742,Milwaukee Third Ward Branch,1,,Milwaukee,COMMERCIAL LENDING,Other,0,,0,428,,WI,1,Wisconsin,7,OCC,Chicago,33225914,,0,102 North Water Street,-87.909563,,GREEN BAY,55009,"Milwaukee-Racine-Waukesha, WI",Green Bay,3,55079,,"Milwaukee-Waukesha, WI","Associated Bank, National Association",Milwaukee,WI,2019_5296_428
54301,DIF,N,United States,53212,OCC,33340,570350,Wisconsin,8/25/2014,2019,Comptroller of the Currency,11,55,STREETADDRESS,9,0,United States,ASSOCIATED BANC-CORP,0,7,0,25312351,,Milwaukee,MULT,CB,100,,FED,0,,0,200 North Adams Street,376,23953,1199563,79,5296,43.046772,WI,4,CALL,0,Chicago,917742,Milwaukee-Martin Luther King Branch,1,,Milwaukee,COMMERCIAL LENDING,Other,0,,0,429,,WI,1,Wisconsin,7,OCC,Chicago,33225914,,0,1301 N Martin Luther King Jr. Drive,-87.914475,,GREEN BAY,55009,"Milwaukee-Racine-Waukesha, WI",Green Bay,3,55079,,"Milwaukee-Waukesha, WI","Associated Bank, National Association",Milwaukee,WI,2019_5296_429
54301,DIF,N,United States,53214,OCC,33340,582223,Wisconsin,4/4/2016,2019,Comptroller of the Currency,29,55,STREETADDRESS,9,0,United States,ASSOCIATED BANC-CORP,0,7,0,25312351,,Milwaukee,MULT,CB,100,C,FED,0,121,0,200 North Adams Street,376,0,1199563,79,5296,43.029685,WI,4,CALL,0,Chicago,917742,Miller Park Atm Branch,1,,Milwaukee,COMMERCIAL LENDING,Other,0,,0,430,,WI,1,Wisconsin,7,OCC,Chicago,33225914,,0,1 Brewers Way,-87.972498,,GREEN BAY,55009,"Milwaukee-Racine-Waukesha, WI",Green Bay,3,55079,,"Milwaukee-Waukesha, WI","Associated Bank, National Association",Milwaukee,WI,2019_5296_430
54301,DIF,N,United States,53202,OCC,33340,582224,Wisconsin,2/5/2016,2019,Comptroller of the Currency,23,55,POINTADDRESS,9,0,United States,ASSOCIATED BANC-CORP,0,7,0,25312351,,Milwaukee,MULT,CB,100,C,FED,0,121,0,200 North Adams Street,376,0,1199563,79,5296,43.041443,WI,4,CALL,0,Chicago,917742,Milwaukee Water St Branch-Limited,1,,Milwaukee,COMMERCIAL LENDING,Other,0,,0,431,,WI,1,Wisconsin,7,OCC,Chicago,33225914,,0,815 North Water St,-87.910121,,GREEN BAY,55009,"Milwaukee-Racine-Waukesha, WI",Green Bay,3,55079,,"Milwaukee-Waukesha, WI","Associated Bank, National Association",Milwaukee,WI,2019_5296_431
54301,DIF,N,United States,60626,OCC,16980,589987,Wisconsin,7/11/2016,2019,Comptroller of the Currency,12,17,StreetAddress,9,0,United States,ASSOCIATED BANC-CORP,0,7,0,25312351,,Chicago,MULT,CB,90.92,,FED,0,,16984,200 North Adams Street,176,1963,1199563,31,5296,42.019367,WI,4,CALL,0,Chicago,917742,Chicago Jewel Osco Branch,1,,Cook,COMMERCIAL LENDING,Other,0,,0,432,,IL,1,Illinois,7,OCC,Chicago,33225914,,0,1763 West Howard Avenue,-87.675283,,GREEN BAY,55009,"Chicago-Naperville, IL-IN-WI",Green Bay,3,17031,"Chicago-Naperville-Evanston, IL","Chicago-Naperville-Elgin, IL-IN-WI","Associated Bank, National Association",Chicago,WI,2019_5296_432
54301,DIF,N,United States,53703,OCC,31540,589989,Wisconsin,10/24/2016,2019,Comptroller of the Currency,11,55,StreetAddress,9,0,United States,ASSOCIATED BANC-CORP,0,7,0,25312351,,Madison,MULT,CB,100,,FED,0,,0,200 North Adams Street,357,911577,1199563,25,5296,43.081501,WI,4,CALL,0,Chicago,917742,Madison Galaxie Branch,1,,Dane,COMMERCIAL LENDING,Other,0,,0,434,,WI,1,Wisconsin,7,OCC,Chicago,33225914,,0,828 East Washington Avenue,-89.374698,,GREEN BAY,55009,"Madison-Janesville-Beloit, WI",Green Bay,3,55025,,"Madison, WI","Associated Bank, National Association",Madison,WI,2019_5296_434
54301,DIF,N,United States,60653,OCC,16980,590585,Wisconsin,8/12/2016,2019,Comptroller of the Currency,11,17,StreetAddress,9,0,United States,ASSOCIATED BANC-CORP,0,7,0,25312351,,Chicago,MULT,CB,100,,FED,0,,16984,200 North Adams Street,176,816,1199563,31,5296,41.809489,WI,4,CALL,0,Chicago,917742,Bronzeville Branch,1,,Cook,COMMERCIAL LENDING,Other,0,,0,435,,IL,1,Illinois,7,OCC,Chicago,33225914,,0,743 East 47th Street,-87.607473,,GREEN BAY,55009,"Chicago-Naperville, IL-IN-WI",Green Bay,3,17031,"Chicago-Naperville-Evanston, IL","Chicago-Naperville-Elgin, IL-IN-WI","Associated Bank, National Association",Chicago,WI,2019_5296_435
54301,DIF,N,United States,54154,OCC,24580,280185,Wisconsin,1/1/1919,2019,Comptroller of the Currency,11,55,M,9,0,United States,ASSOCIATED BANC-CORP,0,7,0,25312351,,Oconto Falls,MULT,CB,US_Streets,,FED,0,,0,200 North Adams Street,267,54416,1199563,83,5296,44.874533,WI,4,CALL,0,Chicago,917742,Oconto Falls Branch,1,,Oconto,COMMERCIAL LENDING,Other,0,11/14/1994,0,44,,WI,1,Wisconsin,7,OCC,Chicago,33225914,,0,134 North Main Street,-88.143206,,GREEN BAY,55009,"Green Bay-Shawano, WI",Green Bay,3,55083,,"Green Bay, WI","Associated Bank, National Association",Oconto Falls,WI,2019_5296_44
54301,DIF,N,United States,54923,OCC,0,278711,Wisconsin,8/14/1940,2019,Comptroller of the Currency,11,55,M,9,0,United States,ASSOCIATED BANC-CORP,0,7,0,25312351,,Berlin,MULT,CB,US_Streets,,FED,0,,0,200 North Adams Street,0,12971,1199563,47,5296,43.968292,WI,4,CALL,0,Chicago,917742,103 E Huron Street Branch,0,,Green Lake,COMMERCIAL LENDING,Other,0,6/24/2018,0,440,,WI,1,Wisconsin,7,OCC,Chicago,33225914,,0,103 E Huron Street,-88.946649,,GREEN BAY,55009,,Green Bay,3,55047,,,"Associated Bank, National Association",Berlin,WI,2019_5296_440
54301,DIF,N,United States,54937,OCC,22540,278714,Wisconsin,8/14/1940,2019,Comptroller of the Currency,11,55,M,9,0,United States,ASSOCIATED BANC-CORP,0,7,0,25312351,,Fond Du Lac,MULT,CB,US_Zipcode,,FED,0,,0,200 North Adams Street,0,25543,1199563,39,5296,43.684984,WI,4,CALL,0,Chicago,917742,Fond Du Lac Branch,1,,Fond du Lac,COMMERCIAL LENDING,Other,0,6/24/2018,0,442,,WI,1,Wisconsin,7,OCC,Chicago,33225914,,0,W6606a Highway 23,-88.432339,,GREEN BAY,55009,,Green Bay,3,55039,,"Fond du Lac, WI","Associated Bank, National Association",Fond Du Lac,WI,2019_5296_442
54301,DIF,N,United States,53092,OCC,33340,42434,Wisconsin,1/1/1923,2019,Comptroller of the Currency,11,55,M,9,0,United States,ASSOCIATED BANC-CORP,0,7,0,25312351,,Mequon,MULT,CB,US_Streets,,FED,0,,0,200 North Adams Street,376,28432,1199563,89,5296,43.233669,WI,4,CALL,0,Chicago,917742,208 N. Main St Branch,1,,Ozaukee,COMMERCIAL LENDING,Other,0,6/24/2018,0,447,,WI,1,Wisconsin,7,OCC,Chicago,33225914,,0,208 N. Main St,-87.983757,,GREEN BAY,55009,"Milwaukee-Racine-Waukesha, WI",Green Bay,3,55089,,"Milwaukee-Waukesha, WI","Associated Bank, National Association",Thiensville,WI,2019_5296_447
54301,DIF,N,United States,53092,OCC,33340,278720,Wisconsin,8/14/1940,2019,Comptroller of the Currency,11,55,M,9,0,United States,ASSOCIATED BANC-CORP,0,7,0,25312351,,Mequon,MULT,CB,US_Streets,,FED,0,,0,200 North Adams Street,376,78044,1199563,89,5296,43.222192,WI,4,CALL,0,Chicago,917742,11249 N Port Washington Road Branch,1,,Ozaukee,COMMERCIAL LENDING,Other,0,6/24/2018,0,448,,WI,1,Wisconsin,7,OCC,Chicago,33225914,,0,11249 N Port Washington Road,-87.924273,,GREEN BAY,55009,"Milwaukee-Racine-Waukesha, WI",Green Bay,3,55089,,"Milwaukee-Waukesha, WI","Associated Bank, National Association",Mequon,WI,2019_5296_448
54301,DIF,N,United States,53222,OCC,33340,278721,Wisconsin,8/14/1940,2019,Comptroller of the Currency,11,55,M,9,0,United States,ASSOCIATED BANC-CORP,0,7,0,25312351,,Milwaukee,MULT,CB,US_RoofTop,,FED,0,,0,200 North Adams Street,376,17444,1199563,79,5296,43.089927,WI,4,CALL,0,Chicago,917742,8050 West Capitol Drive Branch,1,,Milwaukee,COMMERCIAL LENDING,Other,0,6/24/2018,0,449,,WI,1,Wisconsin,7,OCC,Chicago,33225914,,0,8050 West Capitol Drive,-88.013486,,GREEN BAY,55009,"Milwaukee-Racine-Waukesha, WI",Green Bay,3,55079,,"Milwaukee-Waukesha, WI","Associated Bank, National Association",Milwaukee,WI,2019_5296_449
54301,DIF,N,United States,53024,OCC,33340,278723,Wisconsin,8/14/1940,2019,Comptroller of the Currency,11,55,M,9,0,United States,ASSOCIATED BANC-CORP,0,7,0,25312351,,Grafton,MULT,CB,US_Streets,,FED,0,,0,200 North Adams Street,376,95543,1199563,89,5296,43.305038,WI,4,CALL,0,Chicago,917742,690 Hwy 57 Branch,1,,Ozaukee,COMMERCIAL LENDING,Other,0,6/24/2018,0,451,,WI,1,Wisconsin,7,OCC,Chicago,33225914,,0,2030 Wisconsin Avenue,-87.960161,,GREEN BAY,55009,"Milwaukee-Racine-Waukesha, WI",Green Bay,3,55089,,"Milwaukee-Waukesha, WI","Associated Bank, National Association",Grafton,WI,2019_5296_451
54301,DIF,N,United States,53223,OCC,33340,278726,Wisconsin,8/14/1940,2019,Comptroller of the Currency,11,55,EXACT,9,0,United States,ASSOCIATED BANC-CORP,0,7,0,25312351,,Milwaukee,MULT,CB,100,,FED,0,,0,200 North Adams Street,376,20740,1199563,79,5296,43.177584,WI,4,CALL,0,Chicago,917742,West Brown Deer Road Branch,1,,Milwaukee,COMMERCIAL LENDING,Other,0,6/24/2018,0,454,,WI,1,Wisconsin,7,OCC,Chicago,33225914,,0,4801 W Brown Deer Rd,-87.970905,,GREEN BAY,55009,"Milwaukee-Racine-Waukesha, WI",Green Bay,3,55079,,"Milwaukee-Waukesha, WI","Associated Bank, National Association",Milwaukee,WI,2019_5296_454
54301,DIF,N,United States,53207,OCC,33340,278727,Wisconsin,8/14/1940,2019,Comptroller of the Currency,11,55,M,9,0,United States,ASSOCIATED BANC-CORP,0,7,0,25312351,,Milwaukee,MULT,CB,US_RoofTop,,FED,0,,0,200 North Adams Street,376,33471,1199563,79,5296,42.974459,WI,4,CALL,0,Chicago,917742,3847 S Howell Ave Branch,1,,Milwaukee,COMMERCIAL LENDING,Other,0,6/24/2018,0,455,,WI,1,Wisconsin,7,OCC,Chicago,33225914,,0,3847 S Howell Ave,-87.909625,,GREEN BAY,55009,"Milwaukee-Racine-Waukesha, WI",Green Bay,3,55079,,"Milwaukee-Waukesha, WI","Associated Bank, National Association",Milwaukee,WI,2019_5296_455
54301,DIF,N,United States,53716,OCC,31540,278730,Wisconsin,8/14/1940,2019,Comptroller of the Currency,11,55,M,9,0,United States,ASSOCIATED BANC-CORP,0,7,0,25312351,,Madison,MULT,CB,US_Streets,,FED,0,,0,200 North Adams Street,357,23623,1199563,25,5296,43.049926,WI,4,CALL,0,Chicago,917742,5521 Odana Road Branch,1,,Dane,COMMERCIAL LENDING,Other,0,6/24/2018,0,457,,WI,1,Wisconsin,7,OCC,Chicago,33225914,,0,5521 Odana Road,-89.474431,,GREEN BAY,55009,"Madison-Janesville-Beloit, WI",Green Bay,3,55025,,"Madison, WI","Associated Bank, National Association",Madison,WI,2019_5296_457
54301,DIF,N,United States,54303,OCC,24580,271779,Wisconsin,6/1/1934,2019,Comptroller of the Currency,11,55,M,9,0,United States,ASSOCIATED BANC-CORP,0,7,0,25312351,,Green Bay,MULT,CB,US_Streets,,FED,0,,0,200 North Adams Street,267,56559,1199563,9,5296,44.521956,WI,4,CALL,0,Chicago,917742,Green Bay Fisk Branch,1,,Brown,COMMERCIAL LENDING,Other,0,11/12/1998,0,46,,WI,1,Wisconsin,7,OCC,Chicago,33225914,,0,1482 West Mason Street,-88.059135,,GREEN BAY,55009,"Green Bay-Shawano, WI",Green Bay,3,55009,,"Green Bay, WI","Associated Bank, National Association",Green Bay,WI,2019_5296_46
54301,DIF,N,United States,53005,OCC,33340,42492,Wisconsin,1/1/1922,2019,Comptroller of the Currency,11,55,M,9,0,United States,ASSOCIATED BANC-CORP,0,7,0,25312351,,Brookfield,MULT,CB,US_RoofTop,,FED,0,,0,200 North Adams Street,376,45761,1199563,133,5296,43.090141,WI,4,CALL,0,Chicago,917742,17100 W Capitol Dr Branch,1,,Waukesha,COMMERCIAL LENDING,Other,0,6/24/2018,0,460,,WI,1,Wisconsin,7,OCC,Chicago,33225914,,0,17100 W Capitol Dr,-88.124717,,GREEN BAY,55009,"Milwaukee-Racine-Waukesha, WI",Green Bay,3,55133,,"Milwaukee-Waukesha, WI","Associated Bank, National Association",Brookfield,WI,2019_5296_460
54301,DIF,N,United States,53210,OCC,33340,276672,Wisconsin,1/1/1922,2019,Comptroller of the Currency,11,55,M,9,0,United States,ASSOCIATED BANC-CORP,0,7,0,25312351,,Milwaukee,MULT,CB,US_RoofTop,,FED,0,,0,200 North Adams Street,376,4455,1199563,79,5296,43.075237,WI,4,CALL,0,Chicago,917742,4812 W Burleigh St Branch,1,,Milwaukee,COMMERCIAL LENDING,Other,0,6/24/2018,0,461,,WI,1,Wisconsin,7,OCC,Chicago,33225914,,0,4812 W Burleigh St,-87.974387,,GREEN BAY,55009,"Milwaukee-Racine-Waukesha, WI",Green Bay,3,55079,,"Milwaukee-Waukesha, WI","Associated Bank, National Association",Milwaukee,WI,2019_5296_461
54301,DIF,N,United States,54701,OCC,20740,43060,Wisconsin,9/1/1943,2019,Comptroller of the Currency,11,55,M,9,0,United States,ASSOCIATED BANC-CORP,0,7,0,25312351,,Eau Claire,MULT,CB,US_Streets,,FED,0,,0,200 North Adams Street,232,16161,1199563,35,5296,44.810986,WI,4,CALL,0,Chicago,917742,319 East Grand Avenue Branch,1,,Eau Claire,COMMERCIAL LENDING,Other,0,6/24/2018,0,463,,WI,1,Wisconsin,7,OCC,Chicago,33225914,,0,319 East Grand Avenue,-91.499228,,GREEN BAY,55009,"Eau Claire-Menomonie, WI",Green Bay,3,55035,,"Eau Claire, WI","Associated Bank, National Association",Eau Claire,WI,2019_5296_463
54301,DIF,N,United States,54751,OCC,0,279201,Wisconsin,9/1/1943,2019,Comptroller of the Currency,11,55,M,9,0,United States,ASSOCIATED BANC-CORP,0,7,0,25312351,,Menomonie,MULT,CB,US_Streets,,FED,0,,0,200 North Adams Street,232,22625,1199563,33,5296,44.87637,WI,4,CALL,0,Chicago,917742,717 Main Street Branch,0,,Dunn,COMMERCIAL LENDING,Other,0,6/24/2018,1,464,,WI,1,Wisconsin,7,OCC,Chicago,33225914,,0,717 Main Street,-91.921959,,GREEN BAY,55009,"Eau Claire-Menomonie, WI",Green Bay,3,55033,,,"Associated Bank, National Association",Menomonie,WI,2019_5296_464
54301,DIF,N,United States,54701,OCC,20740,279202,Wisconsin,9/1/1943,2019,Comptroller of the Currency,11,55,M,9,0,United States,ASSOCIATED BANC-CORP,0,7,0,25312351,,Eau Claire,MULT,CB,US_Streets,,FED,0,,0,200 North Adams Street,232,68159,1199563,35,5296,44.79024,WI,4,CALL,0,Chicago,917742,2812 Mall Drive Branch,1,,Eau Claire,COMMERCIAL LENDING,Other,0,6/24/2018,0,465,,WI,1,Wisconsin,7,OCC,Chicago,33225914,,0,2812 Mall Drive,-91.461659,,GREEN BAY,55009,"Eau Claire-Menomonie, WI",Green Bay,3,55035,,"Eau Claire, WI","Associated Bank, National Association",Eau Claire,WI,2019_5296_465
54301,DIF,N,United States,54729,OCC,20740,279203,Wisconsin,9/1/1943,2019,Comptroller of the Currency,11,55,M,9,0,United States,ASSOCIATED BANC-CORP,0,7,0,25312351,,Chippewa Falls,MULT,CB,US_Streets,,FED,0,,0,200 North Adams Street,232,31963,1199563,17,5296,44.937445,WI,4,CALL,0,Chicago,917742,35 W Columbia St Branch,1,,Chippewa,COMMERCIAL LENDING,Other,0,6/24/2018,0,466,,WI,1,Wisconsin,7,OCC,Chicago,33225914,,0,35 W Columbia St,-91.394503,,GREEN BAY,55009,"Eau Claire-Menomonie, WI",Green Bay,3,55017,,"Eau Claire, WI","Associated Bank, National Association",Chippewa Falls,WI,2019_5296_466
54301,DIF,N,United States,54768,OCC,20740,279205,Wisconsin,9/1/1943,2019,Comptroller of the Currency,11,55,M,9,0,United States,ASSOCIATED BANC-CORP,0,7,0,25312351,,Stanley,MULT,CB,US_Streets,,FED,0,,0,200 North Adams Street,232,13886,1199563,17,5296,44.960213,WI,4,CALL,0,Chicago,917742,Stanley Branch,1,,Chippewa,COMMERCIAL LENDING,Other,0,6/24/2018,0,468,,WI,1,Wisconsin,7,OCC,Chicago,33225914,,0,118 North Broadway Street,-90.937779,,GREEN BAY,55009,"Eau Claire-Menomonie, WI",Green Bay,3,55017,,"Eau Claire, WI","Associated Bank, National Association",Stanley,WI,2019_5296_468
54301,DIF,N,United States,54024,OCC,0,279211,Wisconsin,9/1/1943,2019,Comptroller of the Currency,11,55,M,9,0,United States,ASSOCIATED BANC-CORP,0,7,0,25312351,,Saint Croix Falls,MULT,CB,US_Streets,,FED,0,,0,200 North Adams Street,0,8674,1199563,95,5296,45.411066,WI,4,CALL,0,Chicago,917742,144 Washington St No Branch,0,,Polk,COMMERCIAL LENDING,Other,0,6/24/2018,0,470,,WI,1,Wisconsin,7,OCC,Chicago,33225914,,0,144 N. Washington Street,-92.644928,,GREEN BAY,55009,,Green Bay,3,55095,,,"Associated Bank, National Association",Saint Croix Falls,WI,2019_5296_470
54301,DIF,N,United States,54843,OCC,0,279213,Wisconsin,9/1/1943,2019,Comptroller of the Currency,11,55,M,9,0,United States,ASSOCIATED BANC-CORP,0,7,0,25312351,,Hayward,MULT,CB,US_Streets,,FED,0,,0,200 North Adams Street,0,50948,1199563,113,5296,46.016091,WI,4,CALL,0,Chicago,917742,Hayward Branch,0,,Sawyer,COMMERCIAL LENDING,Other,0,6/24/2018,0,471,,WI,1,Wisconsin,7,OCC,Chicago,33225914,,0,10562 Kansas Avenue,-91.484647,,GREEN BAY,55009,,Green Bay,3,55113,,,"Associated Bank, National Association",Hayward,WI,2019_5296_471
54301,DIF,N,United States,54701,OCC,20740,279214,Wisconsin,6/30/1987,2019,Comptroller of the Currency,11,55,M,9,0,United States,ASSOCIATED BANC-CORP,0,7,0,25312351,,Eau Claire,MULT,CB,US_Streets,,FED,0,,0,200 North Adams Street,232,23448,1199563,35,5296,44.850796,WI,4,CALL,0,Chicago,917742,2722 Eddy Lane Branch,1,,Eau Claire,COMMERCIAL LENDING,Other,0,6/24/2018,0,472,,WI,1,Wisconsin,7,OCC,Chicago,33225914,,0,2722 Eddy Lane,-91.471346,,GREEN BAY,55009,"Eau Claire-Menomonie, WI",Green Bay,3,55035,,"Eau Claire, WI","Associated Bank, National Association",Eau Claire,WI,2019_5296_472
54301,DIF,N,United States,54724,OCC,20740,274324,Wisconsin,12/1/1934,2019,Comptroller of the Currency,11,55,M,9,0,United States,ASSOCIATED BANC-CORP,0,7,0,25312351,,Bloomer,MULT,CB,US_Streets,,FED,0,,0,200 North Adams Street,232,24594,1199563,17,5296,45.099669,WI,4,CALL,0,Chicago,917742,Bloomer Branch,1,,Chippewa,COMMERCIAL LENDING,Other,0,6/24/2018,0,473,,WI,1,Wisconsin,7,OCC,Chicago,33225914,,0,1203 17th Avenue,-91.485243,,GREEN BAY,55009,"Eau Claire-Menomonie, WI",Green Bay,3,55017,,"Eau Claire, WI","Associated Bank, National Association",Bloomer,WI,2019_5296_473
54301,DIF,N,United States,54868,OCC,0,43625,Wisconsin,1/1/1921,2019,Comptroller of the Currency,11,55,M,9,0,United States,ASSOCIATED BANC-CORP,0,7,0,25312351,,Rice Lake,MULT,CB,US_Streets,,FED,0,,0,200 North Adams Street,0,33339,1199563,5,5296,45.478585,WI,4,CALL,0,Chicago,917742,Rice Lake Branch,0,,Barron,COMMERCIAL LENDING,Other,0,6/24/2018,0,475,,WI,1,Wisconsin,7,OCC,Chicago,33225914,,0,2850 Pioneer Ave,-91.739716,,GREEN BAY,55009,,Green Bay,3,55005,,,"Associated Bank, National Association",Rice Lake,WI,2019_5296_475
54301,DIF,N,United States,54304,OCC,24580,269421,Wisconsin,1/1/1927,2019,Comptroller of the Currency,11,55,M,9,0,United States,ASSOCIATED BANC-CORP,0,7,0,25312351,,Green Bay,MULT,CB,US_RoofTop,,FED,0,,0,200 North Adams Street,267,101683,1199563,9,5296,44.48751,WI,4,CALL,0,Chicago,917742,2357 So Oneida Street Branch,1,,Brown,COMMERCIAL LENDING,Other,0,6/24/2018,0,478,,WI,1,Wisconsin,7,OCC,Chicago,33225914,,0,2357 S. Oneida St.,-88.066326,,GREEN BAY,55009,"Green Bay-Shawano, WI",Green Bay,3,55009,,"Green Bay, WI","Associated Bank, National Association",Green Bay,WI,2019_5296_478
54301,DIF,N,United States,54166,OCC,0,9525,Wisconsin,3/23/1910,2019,Comptroller of the Currency,11,55,M,9,0,United States,ASSOCIATED BANC-CORP,0,7,0,25312351,,Shawano,MULT,CB,US_Streets,,FED,0,,0,200 North Adams Street,267,169615,1199563,115,5296,44.780201,WI,4,CALL,0,Chicago,917742,Shawano Main Branch,0,,Shawano,COMMERCIAL LENDING,Other,0,6/18/1999,1,48,,WI,1,Wisconsin,7,OCC,Chicago,33225914,,0,129 East Division Street,-88.608735,,GREEN BAY,55009,"Green Bay-Shawano, WI",Green Bay,3,55115,,,"Associated Bank, National Association",Shawano,WI,2019_5296_48
54301,DIF,N,United States,54114,OCC,0,269431,Wisconsin,6/30/1985,2019,Comptroller of the Currency,11,55,POINTADDRESS,9,0,United States,ASSOCIATED BANC-CORP,0,7,0,25312351,,Crivitz,MULT,CB,100,,FED,0,,0,200 North Adams Street,361,34953,1199563,75,5296,45.229031,WI,4,CALL,0,Chicago,917742,"305 Hwy, 141 Branch",0,,Marinette,COMMERCIAL LENDING,Other,0,6/24/2018,1,484,,WI,1,Wisconsin,7,OCC,Chicago,33225914,,0,"305 Hwy, 141",-87.99667,,GREEN BAY,55009,"Marinette-Iron Mountain, WI-MI",Green Bay,3,55075,,,"Associated Bank, National Association",Crivitz,WI,2019_5296_484
54301,DIF,N,United States,54961,OCC,11540,41589,Wisconsin,1/1/1923,2019,Comptroller of the Currency,11,55,M,9,0,United States,ASSOCIATED BANC-CORP,0,7,0,25312351,,New London,MULT,CB,US_Streets,,FED,0,,0,200 North Adams Street,118,35153,1199563,87,5296,44.39365,WI,4,CALL,0,Chicago,917742,New London Savings Branch,1,,Outagamie,COMMERCIAL LENDING,Other,0,6/24/2018,0,485,,WI,1,Wisconsin,7,OCC,Chicago,33225914,,0,101 Park Street,-88.739656,,GREEN BAY,55009,"Appleton-Oshkosh-Neenah, WI",Green Bay,3,55087,,"Appleton, WI","Associated Bank, National Association",New London,WI,2019_5296_485
54301,DIF,N,United States,54115,OCC,24580,274842,Wisconsin,3/13/1935,2019,Comptroller of the Currency,11,55,M,9,0,United States,ASSOCIATED BANC-CORP,0,7,0,25312351,,De Pere,MULT,CB,US_Streets,,FED,0,,0,200 North Adams Street,267,93548,1199563,9,5296,44.449145,WI,4,CALL,0,Chicago,917742,Festival Foods Branch,1,,Brown,COMMERCIAL LENDING,Other,0,6/24/2018,0,487,,WI,1,Wisconsin,7,OCC,Chicago,33225914,,0,749 Main Ave,-88.080075,,GREEN BAY,55009,"Green Bay-Shawano, WI",Green Bay,3,55009,,"Green Bay, WI","Associated Bank, National Association",De Pere,WI,2019_5296_487
54301,DIF,N,United States,54303,OCC,24580,269434,Wisconsin,3/1/1992,2019,Comptroller of the Currency,11,55,M,9,0,United States,ASSOCIATED BANC-CORP,0,7,0,25312351,,Green Bay,MULT,CB,US_Streets,,FED,0,,0,200 North Adams Street,267,52119,1199563,9,5296,44.524143,WI,4,CALL,0,Chicago,917742,Green Bay Branch,1,,Brown,COMMERCIAL LENDING,Other,0,6/24/2018,0,489,,WI,1,Wisconsin,7,OCC,Chicago,33225914,,0,2424 W. Mason St.,-88.089827,,GREEN BAY,55009,"Green Bay-Shawano, WI",Green Bay,3,55009,,"Green Bay, WI","Associated Bank, National Association",Green Bay,WI,2019_5296_489
54301,DIF,N,United States,53132,OCC,33340,495268,Wisconsin,8/6/2008,2019,Comptroller of the Currency,11,55,M,9,0,United States,ASSOCIATED BANC-CORP,0,7,0,25312351,,Franklin,MULT,CB,US_Streets,,FED,0,,0,200 North Adams Street,376,42773,1199563,79,5296,42.916119,WI,4,CALL,0,Chicago,917742,Rawson Ave Branch,1,,Milwaukee,COMMERCIAL LENDING,Other,0,6/24/2018,0,491,,WI,1,Wisconsin,7,OCC,Chicago,33225914,,0,5170 W Rawson Ave,-87.98034,,GREEN BAY,55009,"Milwaukee-Racine-Waukesha, WI",Green Bay,3,55079,,"Milwaukee-Waukesha, WI","Associated Bank, National Association",Franklin,WI,2019_5296_491
54301,DIF,N,United States,54162,OCC,24580,3570,Wisconsin,09/10/1889,2019,Comptroller of the Currency,11,55,M,9,0,United States,ASSOCIATED BANC-CORP,0,7,0,25312351,,Pulaski,MULT,CB,100,,FED,0,,0,200 North Adams Street,267,39161,1199563,9,5296,44.672367,WI,4,CALL,0,Chicago,917742,Pulaski Wi Branch,1,,Brown,COMMERCIAL LENDING,Other,0,6/14/2019,0,499,,WI,1,Wisconsin,7,OCC,Chicago,33225914,,0,160 E. Pulaski St,-88.239811,,GREEN BAY,55009,"Green Bay-Shawano, WI",Green Bay,3,55009,,"Green Bay, WI","Associated Bank, National Association",Pulaski,WI,2019_5296_499
54301,DIF,N,United States,54143,OCC,0,7429,Wisconsin,2/8/1909,2019,Comptroller of the Currency,11,55,M,9,0,United States,ASSOCIATED BANC-CORP,0,7,0,25312351,,Marinette,MULT,CB,US_Streets,,FED,0,,0,200 North Adams Street,361,56105,1199563,75,5296,45.088009,WI,4,CALL,0,Chicago,917742,Marinette Mall Branch,0,,Marinette,COMMERCIAL LENDING,Other,0,6/14/2019,1,500,,WI,1,Wisconsin,7,OCC,Chicago,33225914,,0,2201 Roosevelt Road,-87.660811,,GREEN BAY,55009,"Marinette-Iron Mountain, WI-MI",Green Bay,3,55075,,,"Associated Bank, National Association",Marinette,WI,2019_5296_500
54301,DIF,N,United States,54153,OCC,24580,7417,Wisconsin,5/18/1910,2019,Comptroller of the Currency,11,55,M,9,0,United States,ASSOCIATED BANC-CORP,0,7,0,25312351,,Oconto,MULT,CB,US_Streets,,FED,0,,0,200 North Adams Street,267,25029,1199563,83,5296,44.88784,WI,4,CALL,0,Chicago,917742,Oconto Branch,1,,Oconto,COMMERCIAL LENDING,Other,0,6/14/2019,0,504,,WI,1,Wisconsin,7,OCC,Chicago,33225914,,0,1035 Main Street,-87.86788,,GREEN BAY,55009,"Green Bay-Shawano, WI",Green Bay,3,55083,,"Green Bay, WI","Associated Bank, National Association",Oconto,WI,2019_5296_504
54301,DIF,N,United States,54173,OCC,24580,225244,Wisconsin,9/2/1969,2019,Comptroller of the Currency,11,55,POINTADDRESS,9,0,United States,ASSOCIATED BANC-CORP,0,7,0,25312351,,Suamico,MULT,CB,100,,FED,0,,0,200 North Adams Street,267,33521,1199563,9,5296,44.636321,WI,4,CALL,0,Chicago,917742,Suamico Branch,1,,Brown,COMMERCIAL LENDING,Other,0,6/14/2019,0,505,,WI,1,Wisconsin,7,OCC,Chicago,33225914,,0,3501 Veterans Avenue,-88.043547,,GREEN BAY,55009,"Green Bay-Shawano, WI",Green Bay,3,55009,,"Green Bay, WI","Associated Bank, National Association",Suamico,WI,2019_5296_505
54301,DIF,N,United States,54201,OCC,24580,9578,Wisconsin,10/16/1911,2019,Comptroller of the Currency,11,55,M,9,0,United States,ASSOCIATED BANC-CORP,0,7,0,25312351,,Algoma,MULT,CB,US_Streets,,FED,0,,0,200 North Adams Street,267,23110,1199563,61,5296,44.608843,WI,4,CALL,0,Chicago,917742,Algoma Branch,1,,Kewaunee,COMMERCIAL LENDING,Other,0,6/14/2019,0,508,,WI,1,Wisconsin,7,OCC,Chicago,33225914,,0,208 Steele Street,-87.437554,,GREEN BAY,55009,"Green Bay-Shawano, WI",Green Bay,3,55061,,"Green Bay, WI","Associated Bank, National Association",Algoma,WI,2019_5296_508
54301,DIF,N,United States,54005,OCC,0,233206,Wisconsin,10/3/1990,2019,Comptroller of the Currency,11,55,M,9,0,United States,ASSOCIATED BANC-CORP,0,7,0,25312351,,Clear Lake,MULT,CB,US_Streets,,FED,0,,0,200 North Adams Street,0,19462,1199563,95,5296,45.250981,WI,4,CALL,0,Chicago,917742,Clear Lake Branch,0,,Polk,COMMERCIAL LENDING,Other,0,6/14/2019,0,511,,WI,1,Wisconsin,7,OCC,Chicago,33225914,,0,327 Third Avenue,-92.269198,,GREEN BAY,55009,,Green Bay,3,55095,,,"Associated Bank, National Association",Clear Lake,WI,2019_5296_511
54301,DIF,N,United States,53530,OCC,0,5784,Wisconsin,1/1/1903,2019,Comptroller of the Currency,11,55,M,9,0,United States,ASSOCIATED BANC-CORP,0,7,0,25312351,,Darlington,MULT,CB,US_Streets,,FED,0,,0,200 North Adams Street,0,20366,1199563,65,5296,42.678492,WI,4,CALL,0,Chicago,917742,Darlington Branch,0,,Lafayette,COMMERCIAL LENDING,Other,0,6/14/2019,0,512,,WI,1,Wisconsin,7,OCC,Chicago,33225914,,0,207 Wells Street,-90.1166,,GREEN BAY,55009,,Green Bay,3,55065,,,"Associated Bank, National Association",Darlington,WI,2019_5296_512
54301,DIF,N,United States,53121,OCC,0,36372,Wisconsin,5/11/1987,2019,Comptroller of the Currency,11,55,M,9,0,United States,ASSOCIATED BANC-CORP,0,7,0,25312351,,Elkhorn,MULT,CB,US_Streets,,FED,0,,0,200 North Adams Street,376,125387,1199563,127,5296,42.672088,WI,4,CALL,0,Chicago,917742,Elkhorn Branch,0,,Walworth,COMMERCIAL LENDING,Other,0,6/14/2019,1,513,,WI,1,Wisconsin,7,OCC,Chicago,33225914,,0,10 North Lincoln Street,-88.54128,,GREEN BAY,55009,"Milwaukee-Racine-Waukesha, WI",Green Bay,3,55127,,,"Associated Bank, National Association",Elkhorn,WI,2019_5296_513
54301,DIF,N,United States,53549,OCC,0,4180,Wisconsin,12/23/1873,2019,Comptroller of the Currency,11,55,M,9,0,United States,ASSOCIATED BANC-CORP,0,7,0,25312351,,Jefferson,MULT,CB,US_Streets,,FED,0,,0,200 North Adams Street,376,30361,1199563,55,5296,43.005252,WI,4,CALL,0,Chicago,917742,Jefferson Branch,0,,Jefferson,COMMERCIAL LENDING,Other,0,6/14/2019,1,514,,WI,1,Wisconsin,7,OCC,Chicago,33225914,,0,106 South Main Street,-88.80716,,GREEN BAY,55009,"Milwaukee-Racine-Waukesha, WI",Green Bay,3,55055,,,"Associated Bank, National Association",Jefferson,WI,2019_5296_514
54301,DIF,N,United States,54130,OCC,11540,9567,Wisconsin,5/1/1911,2019,Comptroller of the Currency,11,55,M,9,0,United States,ASSOCIATED BANC-CORP,0,7,0,25312351,,Kaukauna,MULT,CB,US_Streets,,FED,0,,0,200 North Adams Street,118,42362,1199563,87,5296,44.277474,WI,4,CALL,0,Chicago,917742,Kaukauna Branch,1,,Outagamie,COMMERCIAL LENDING,Other,0,6/14/2019,0,515,,WI,1,Wisconsin,7,OCC,Chicago,33225914,,0,205 E 4th St,-88.275097,,GREEN BAY,55009,"Appleton-Oshkosh-Neenah, WI",Green Bay,3,55087,,"Appleton, WI","Associated Bank, National Association",Kaukauna,WI,2019_5296_515
54301,DIF,N,United States,53042,OCC,0,9520,Wisconsin,09/01/1898,2019,Comptroller of the Currency,11,55,M,9,0,United States,ASSOCIATED BANC-CORP,0,7,0,25312351,,Kiel,MULT,CB,US_Streets,,FED,0,,0,200 North Adams Street,0,63206,1199563,71,5296,43.912492,WI,4,CALL,0,Chicago,917742,Kiel Branch,0,,Manitowoc,COMMERCIAL LENDING,Other,0,6/14/2019,1,516,,WI,1,Wisconsin,7,OCC,Chicago,33225914,,0,514 Fremont Street,-88.036159,,GREEN BAY,55009,,Green Bay,3,55071,,,"Associated Bank, National Association",Kiel,WI,2019_5296_516
54301,DIF,N,United States,54986,OCC,36780,218842,Wisconsin,4/9/1934,2019,Comptroller of the Currency,11,55,M,9,0,United States,ASSOCIATED BANC-CORP,0,7,0,25312351,,Winneconne,MULT,CB,US_RoofTop,,FED,0,,0,200 North Adams Street,118,26482,1199563,139,5296,44.110914,WI,4,CALL,0,Chicago,917742,Winneconne Branch,1,,Winnebago,COMMERCIAL LENDING,Other,0,6/14/2019,0,517,,WI,1,Wisconsin,7,OCC,Chicago,33225914,,0,124 W Main St,-88.713052,,GREEN BAY,55009,"Appleton-Oshkosh-Neenah, WI",Green Bay,3,55139,,"Oshkosh-Neenah, WI","Associated Bank, National Association",Winneconne,WI,2019_5296_517
54301,DIF,N,United States,54481,OCC,0,15356,Wisconsin,9/8/1975,2019,Comptroller of the Currency,11,55,M,9,0,United States,ASSOCIATED BANC-CORP,0,7,0,25312351,,Stevens Point,MULT,CB,US_Streets,,FED,0,,0,200 North Adams Street,554,76400,1199563,97,5296,44.523332,WI,4,CALL,0,Chicago,917742,Central Branch,0,,Portage,COMMERCIAL LENDING,Other,0,6/14/2019,1,519,,WI,1,Wisconsin,7,OCC,Chicago,33225914,,0,5597 Highway Ten East,-89.509203,,GREEN BAY,55009,"Wausau-Stevens Point-Wisconsin Rapids, WI",Green Bay,3,55097,,,"Associated Bank, National Association",Stevens Point,WI,2019_5296_519
54301,DIF,N,United States,54220,OCC,0,7428,Wisconsin,04/07/1884,2019,Comptroller of the Currency,11,55,M,9,0,United States,ASSOCIATED BANC-CORP,0,7,0,25312351,,Manitowoc,MULT,CB,100,,FED,0,,0,200 North Adams Street,0,115092,1199563,71,5296,44.090541,WI,4,CALL,0,Chicago,917742,Manitowoc Downtown Branch,0,,Manitowoc,COMMERCIAL LENDING,Other,0,5/25/2001,1,52,,WI,1,Wisconsin,7,OCC,Chicago,33225914,,0,1121 Franklin Street,-87.662284,,GREEN BAY,55009,,Green Bay,3,55071,,,"Associated Bank, National Association",Manitowoc,WI,2019_5296_52
54301,DIF,N,United States,54409,OCC,0,41820,Wisconsin,6/1/1934,2019,Comptroller of the Currency,11,55,M,9,0,United States,ASSOCIATED BANC-CORP,0,7,0,25312351,,Antigo,MULT,CB,US_Streets,,FED,0,,0,200 North Adams Street,0,11384,1199563,67,5296,45.140552,WI,4,CALL,0,Chicago,917742,Antigo,0,,Langlade,COMMERCIAL LENDING,Other,0,6/14/2019,0,520,,WI,1,Wisconsin,7,OCC,Chicago,33225914,,0,724 Fifth Avenue,-89.15276,,GREEN BAY,55009,,Green Bay,3,55067,,,"Associated Bank, National Association",Antigo,WI,2019_5296_520
54301,DIF,N,United States,54880,OCC,20260,9415,Wisconsin,9/4/1917,2019,Comptroller of the Currency,11,55,M,9,0,United States,ASSOCIATED BANC-CORP,0,7,0,25312351,,Superior,MULT,CB,US_Streets,,FED,0,,0,200 North Adams Street,0,12759,1199563,31,5296,46.720598,WI,4,CALL,0,Chicago,917742,Superior Branch,1,,Douglas,COMMERCIAL LENDING,Other,0,6/14/2019,0,521,,WI,1,Wisconsin,7,OCC,Chicago,33225914,,0,1612 Belknap Street,-92.101138,,GREEN BAY,55009,,Green Bay,3,55031,,"Duluth, MN-WI","Associated Bank, National Association",Superior,WI,2019_5296_521
54301,DIF,N,United States,54982,OCC,0,9568,Wisconsin,1/1/1913,2019,Comptroller of the Currency,11,55,M,9,0,United States,ASSOCIATED BANC-CORP,0,7,0,25312351,,Wautoma,MULT,CB,US_Streets,,FED,0,,0,200 North Adams Street,0,40813,1199563,137,5296,44.074553,WI,4,CALL,0,Chicago,917742,Wautoma Branch,0,,Waushara,COMMERCIAL LENDING,Other,0,6/14/2019,0,522,,WI,1,Wisconsin,7,OCC,Chicago,33225914,,0,123 East Main Street,-89.287581,,GREEN BAY,55009,,Green Bay,3,55137,,,"Associated Bank, National Association",Wautoma,WI,2019_5296_522
54301,DIF,N,United States,54512,OCC,0,218854,Wisconsin,6/21/1968,2019,Comptroller of the Currency,11,55,POINTADDRESS,9,0,United States,ASSOCIATED BANC-CORP,0,7,0,25312351,,Boulder Junction,MULT,CB,96.6,,FED,0,,0,200 North Adams Street,0,24316,1199563,125,5296,46.110595,WI,4,CALL,0,Chicago,917742,Boulder Junction Branch,0,,Vilas,COMMERCIAL LENDING,Other,0,6/14/2019,0,523,,WI,1,Wisconsin,7,OCC,Chicago,33225914,,0,"5453 Park Street, Hwy M",-89.641074,,GREEN BAY,55009,,Green Bay,3,55125,,,"Associated Bank, National Association",Boulder Junction,WI,2019_5296_523
54301,DIF,N,United States,54545,OCC,0,218855,Wisconsin,4/1/1969,2019,Comptroller of the Currency,11,55,POSTAL,9,0,United States,ASSOCIATED BANC-CORP,0,7,0,25312351,,Manitowish Waters,MULT,CB,100,,FED,0,,0,200 North Adams Street,0,30066,1199563,125,5296,46.120438,WI,4,CALL,0,Chicago,917742,Manitowish Waters Branch,0,,Vilas,COMMERCIAL LENDING,Other,0,6/14/2019,0,524,,WI,1,Wisconsin,7,OCC,Chicago,33225914,,0,135 County Highway W,-89.833159,,GREEN BAY,55009,,Green Bay,3,55125,,,"Associated Bank, National Association",Manitowish Waters,WI,2019_5296_524
54301,DIF,N,United States,54548,OCC,0,218857,Wisconsin,7/20/1994,2019,Comptroller of the Currency,11,55,STREETNAME,9,0,United States,ASSOCIATED BANC-CORP,0,7,0,25312351,,Minocqua,MULT,CB,100,,FED,0,,0,200 North Adams Street,0,44609,1199563,85,5296,45.870257,WI,4,CALL,0,Chicago,917742,Minocqua Branch,0,,Oneida,COMMERCIAL LENDING,Other,0,6/14/2019,0,525,,WI,1,Wisconsin,7,OCC,Chicago,33225914,,0,625 Chippewa Street,-89.708372,,GREEN BAY,55009,,Green Bay,3,55085,,,"Associated Bank, National Association",Minocqua,WI,2019_5296_525
54301,DIF,N,United States,54487,OCC,48140,4174,Wisconsin,5/1/1903,2019,Comptroller of the Currency,11,55,M,9,0,United States,ASSOCIATED BANC-CORP,0,7,0,25312351,,Tomahawk,MULT,CB,US_Streets,,FED,0,,0,200 North Adams Street,554,28057,1199563,69,5296,45.470912,WI,4,CALL,0,Chicago,917742,Tomahawk Branch,1,,Lincoln,COMMERCIAL LENDING,Other,0,6/14/2019,0,526,,WI,1,Wisconsin,7,OCC,Chicago,33225914,,0,227 West Wisconsin Avenue,-89.732486,,GREEN BAY,55009,"Wausau-Stevens Point-Wisconsin Rapids, WI",Green Bay,3,55069,,"Wausau-Weston, WI","Associated Bank, National Association",Tomahawk,WI,2019_5296_526
54301,DIF,N,United States,54409,OCC,0,590101,Wisconsin,8/16/2016,2019,Comptroller of the Currency,23,55,POINTADDRESS,9,0,United States,ASSOCIATED BANC-CORP,0,7,0,25312351,,Antigo,MULT,CB,100,C,FED,0,520,0,200 North Adams Street,0,0,1199563,67,5296,45.141759,WI,4,CALL,0,Chicago,917742,Antigo Remote Branch,0,,Langlade,COMMERCIAL LENDING,Other,0,6/14/2019,0,530,,WI,1,Wisconsin,7,OCC,Chicago,33225914,,0,640 Superior St,-89.152268,,GREEN BAY,55009,,Green Bay,3,55067,,,"Associated Bank, National Association",Antigo,WI,2019_5296_530
54301,DIF,N,United States,53081,OCC,43100,14041,Wisconsin,3/10/1971,2019,Comptroller of the Currency,11,55,M,9,0,United States,ASSOCIATED BANC-CORP,0,7,0,25312351,,Sheboygan,MULT,CB,US_RoofTop,,FED,0,,0,200 North Adams Street,0,189091,1199563,117,5296,43.757995,WI,4,CALL,0,Chicago,917742,Sheboygan Branch,1,,Sheboygan,COMMERCIAL LENDING,Other,0,5/25/2001,0,56,,WI,1,Wisconsin,7,OCC,Chicago,33225914,,0,1217 North Taylor Drive,-87.749847,,GREEN BAY,55009,,Green Bay,3,55117,,"Sheboygan, WI","Associated Bank, National Association",Sheboygan,WI,2019_5296_56
54301,DIF,N,United States,54935,OCC,22540,16222,Wisconsin,7/14/1980,2019,Comptroller of the Currency,11,55,M,9,0,United States,ASSOCIATED BANC-CORP,0,7,0,25312351,,Fond Du Lac,MULT,CB,US_RoofTop,,FED,0,,0,200 North Adams Street,0,64247,1199563,39,5296,43.75524,WI,4,CALL,0,Chicago,917742,Fond Du Lac Branch,1,,Fond du Lac,COMMERCIAL LENDING,Other,0,5/25/2001,0,59,,WI,1,Wisconsin,7,OCC,Chicago,33225914,,0,888 South Main Street,-88.44869,,GREEN BAY,55009,,Green Bay,3,55039,,"Fond du Lac, WI","Associated Bank, National Association",Fond Du Lac,WI,2019_5296_59
54301,DIF,N,United States,54401,OCC,48140,7849,Wisconsin,01/01/1894,2019,Comptroller of the Currency,11,55,EXACT,9,0,United States,ASSOCIATED BANC-CORP,0,7,0,25312351,,Wausau,MULT,CB,100,,FED,0,,0,200 North Adams Street,554,248081,1199563,73,5296,44.958959,WI,4,CALL,0,Chicago,917742,Wausau Main Branch,1,,Marathon,COMMERCIAL LENDING,Other,0,5/25/2001,0,60,,WI,1,Wisconsin,7,OCC,Chicago,33225914,,0,2010 Stewart Avenue,-89.661654,,GREEN BAY,55009,"Wausau-Stevens Point-Wisconsin Rapids, WI",Green Bay,3,55073,,"Wausau-Weston, WI","Associated Bank, National Association",Wausau,WI,2019_5296_60
54301,DIF,N,United States,54520,OCC,0,3604,Wisconsin,11/14/1925,2019,Comptroller of the Currency,11,55,M,9,0,United States,ASSOCIATED BANC-CORP,0,7,0,25312351,,Crandon,MULT,CB,US_Streets,,FED,0,,0,200 North Adams Street,0,38663,1199563,41,5296,45.568024,WI,4,CALL,0,Chicago,917742,Crandon Branch,0,,Forest,COMMERCIAL LENDING,Other,0,5/25/2001,0,63,,WI,1,Wisconsin,7,OCC,Chicago,33225914,,0,210 South Lake Avenue,-88.903204,,GREEN BAY,55009,,Green Bay,3,55041,,,"Associated Bank, National Association",Crandon,WI,2019_5296_63
54301,DIF,N,United States,54451,OCC,0,192693,Wisconsin,7/2/1990,2019,Comptroller of the Currency,12,55,StreetAddress,9,0,United States,ASSOCIATED BANC-CORP,0,7,0,25312351,,Medford,MULT,CB,100,,FED,0,,0,200 North Adams Street,0,27172,1199563,119,5296,45.139297,WI,4,CALL,0,Chicago,917742,Medford Branch,0,,Taylor,COMMERCIAL LENDING,Other,0,5/25/2001,0,65,,WI,1,Wisconsin,7,OCC,Chicago,33225914,,0,160 Medford Plaza,-90.331876,,GREEN BAY,55009,,Green Bay,3,55119,,,"Associated Bank, National Association",Medford,WI,2019_5296_65
54301,DIF,N,United States,54534,OCC,0,13881,Wisconsin,6/15/1970,2019,Comptroller of the Currency,11,55,M,9,0,United States,ASSOCIATED BANC-CORP,0,7,0,25312351,,Hurley,MULT,CB,US_Streets,,FED,0,,0,200 North Adams Street,0,34642,1199563,51,5296,46.449886,WI,4,CALL,0,Chicago,917742,Hurley Branch,0,,Iron,COMMERCIAL LENDING,Other,0,5/25/2001,0,66,,WI,1,Wisconsin,7,OCC,Chicago,33225914,,0,310 Silver Street,-90.183443,,GREEN BAY,55009,,Green Bay,3,55051,,,"Associated Bank, National Association",Hurley,WI,2019_5296_66
54301,DIF,N,United States,54547,OCC,0,9551,Wisconsin,11/22/1885,2019,Comptroller of the Currency,11,55,M,9,0,United States,ASSOCIATED BANC-CORP,0,7,0,25312351,,Mercer,MULT,CB,US_Streets,,FED,0,,0,200 North Adams Street,0,36330,1199563,51,5296,46.224026,WI,4,CALL,0,Chicago,917742,Mercer Branch,0,,Iron,COMMERCIAL LENDING,Other,0,5/25/2001,0,67,,WI,1,Wisconsin,7,OCC,Chicago,33225914,,0,5260 N. Us 51,-90.144874,,GREEN BAY,55009,,Green Bay,3,55051,,,"Associated Bank, National Association",Mercer,WI,2019_5296_67
54301,DIF,N,United States,54521,OCC,0,226862,Wisconsin,9/14/1990,2019,Comptroller of the Currency,11,55,PointAddress,9,0,United States,ASSOCIATED BANC-CORP,0,7,0,25312351,,Eagle River,MULT,CB,100,,FED,0,,0,200 North Adams Street,0,34012,1199563,125,5296,45.9137,WI,4,CALL,0,Chicago,917742,Eagle River Branch,0,,Vilas,COMMERCIAL LENDING,Other,0,5/25/2001,0,68,,WI,1,Wisconsin,7,OCC,Chicago,33225914,,0,104 East Pine Street,-89.251191,,GREEN BAY,55009,,Green Bay,3,55125,,,"Associated Bank, National Association",Eagle River,WI,2019_5296_68
54301,DIF,N,United States,54499,OCC,0,9507,Wisconsin,10/26/1907,2019,Comptroller of the Currency,11,55,M,9,0,United States,ASSOCIATED BANC-CORP,0,7,0,25312351,,Wittenberg,MULT,CB,US_Streets,,FED,0,,0,200 North Adams Street,267,24418,1199563,115,5296,44.823899,WI,4,CALL,0,Chicago,917742,Wittenberg Branch,0,,Shawano,COMMERCIAL LENDING,Other,0,5/25/2001,1,69,,WI,1,Wisconsin,7,OCC,Chicago,33225914,,0,501 South Webb Street,-89.17058,,GREEN BAY,55009,"Green Bay-Shawano, WI",Green Bay,3,55115,,,"Associated Bank, National Association",Wittenberg,WI,2019_5296_69
54301,DIF,N,United States,54476,OCC,48140,233283,Wisconsin,12/6/1990,2019,Comptroller of the Currency,11,55,M,9,0,United States,ASSOCIATED BANC-CORP,0,7,0,25312351,,Schofield,MULT,CB,US_Streets,,FED,0,,0,200 North Adams Street,554,37463,1199563,73,5296,44.909942,WI,4,CALL,0,Chicago,917742,Weston Branch,1,,Marathon,COMMERCIAL LENDING,Other,0,5/25/2001,0,70,,WI,1,Wisconsin,7,OCC,Chicago,33225914,,0,5211 Alderson Street,-89.592581,,GREEN BAY,55009,"Wausau-Stevens Point-Wisconsin Rapids, WI",Green Bay,3,55073,,"Wausau-Weston, WI","Associated Bank, National Association",Schofield,WI,2019_5296_70
54301,DIF,N,United States,54449,OCC,0,8946,Wisconsin,5/1/1934,2019,Comptroller of the Currency,11,55,M,9,0,United States,ASSOCIATED BANC-CORP,0,7,0,25312351,,Marshfield,MULT,CB,US_Streets,,FED,0,,0,200 North Adams Street,554,237654,1199563,141,5296,44.664604,WI,4,CALL,0,Chicago,917742,Marshfield Downtown Branch,0,,Wood,COMMERCIAL LENDING,Other,0,5/25/2001,1,71,,WI,1,Wisconsin,7,OCC,Chicago,33225914,,0,400 South Chestnut Avenue,-90.177193,,GREEN BAY,55009,"Wausau-Stevens Point-Wisconsin Rapids, WI",Green Bay,3,55141,,,"Associated Bank, National Association",Marshfield,WI,2019_5296_71
54301,DIF,N,United States,54501,OCC,0,3617,Wisconsin,01/01/1890,2019,Comptroller of the Currency,11,55,EXACT,9,0,United States,ASSOCIATED BANC-CORP,0,7,0,25312351,,Rhinelander,MULT,CB,98.82,,FED,0,,0,200 North Adams Street,0,112287,1199563,85,5296,45.632997,WI,4,CALL,0,Chicago,917742,Rhinelander Branch,0,,Oneida,COMMERCIAL LENDING,Other,0,5/25/2001,0,73,,WI,1,Wisconsin,7,OCC,Chicago,33225914,,0,304 Lincoln,-89.408286,,GREEN BAY,55009,,Green Bay,3,55085,,,"Associated Bank, National Association",Rhinelander,WI,2019_5296_73
54301,DIF,N,United States,54548,OCC,0,285104,Wisconsin,1/1/1964,2019,Comptroller of the Currency,11,55,StreetAddress,9,0,United States,ASSOCIATED BANC-CORP,0,7,0,25312351,,Minocqua,MULT,CB,100,,FED,0,,0,200 North Adams Street,0,49326,1199563,85,5296,45.886515,WI,4,CALL,0,Chicago,917742,Minocqua Branch,0,,Oneida,COMMERCIAL LENDING,Other,0,5/25/2001,0,74,,WI,1,Wisconsin,7,OCC,Chicago,33225914,,0,8683 Highway 51 N,-89.704176,,GREEN BAY,55009,,Green Bay,3,55085,,,"Associated Bank, National Association",Minocqua,WI,2019_5296_74
54301,DIF,N,United States,54495,OCC,0,285094,Wisconsin,1/1/1964,2019,Comptroller of the Currency,11,55,M,9,0,United States,ASSOCIATED BANC-CORP,0,7,0,25312351,,Wisconsin Rapids,MULT,CB,US_Streets,,FED,0,,0,200 North Adams Street,554,43941,1199563,141,5296,44.395248,WI,4,CALL,0,Chicago,917742,Wisconsin Rapids Branch,0,,Wood,COMMERCIAL LENDING,Other,0,5/25/2001,1,75,,WI,1,Wisconsin,7,OCC,Chicago,33225914,,0,711 Grand Avenue,-89.831617,,GREEN BAY,55009,"Wausau-Stevens Point-Wisconsin Rapids, WI",Green Bay,3,55141,,,"Associated Bank, National Association",Wisconsin Rapids,WI,2019_5296_75
54301,DIF,N,United States,54467,OCC,0,285097,Wisconsin,1/1/1964,2019,Comptroller of the Currency,11,55,M,9,0,United States,ASSOCIATED BANC-CORP,0,7,0,25312351,,Plover,MULT,CB,US_Streets,,FED,0,,0,200 North Adams Street,554,46425,1199563,97,5296,44.456948,WI,4,CALL,0,Chicago,917742,Plover Branch,0,,Portage,COMMERCIAL LENDING,Other,0,5/25/2001,1,77,,WI,1,Wisconsin,7,OCC,Chicago,33225914,,0,2727 Post Road,-89.543697,,GREEN BAY,55009,"Wausau-Stevens Point-Wisconsin Rapids, WI",Green Bay,3,55097,,,"Associated Bank, National Association",Plover,WI,2019_5296_77
54301,DIF,N,United States,54452,OCC,48140,285098,Wisconsin,1/1/1964,2019,Comptroller of the Currency,11,55,M,9,0,United States,ASSOCIATED BANC-CORP,0,7,0,25312351,,Merrill,MULT,CB,US_Streets,,FED,0,,0,200 North Adams Street,554,24752,1199563,69,5296,45.180606,WI,4,CALL,0,Chicago,917742,Merrill Branch,1,,Lincoln,COMMERCIAL LENDING,Other,0,5/25/2001,0,78,,WI,1,Wisconsin,7,OCC,Chicago,33225914,,0,2403 East Main Street,-89.66699,,GREEN BAY,55009,"Wausau-Stevens Point-Wisconsin Rapids, WI",Green Bay,3,55069,,"Wausau-Weston, WI","Associated Bank, National Association",Merrill,WI,2019_5296_78
54301,DIF,N,United States,54456,OCC,0,285100,Wisconsin,1/1/1964,2019,Comptroller of the Currency,11,55,M,9,0,United States,ASSOCIATED BANC-CORP,0,7,0,25312351,,Neillsville,MULT,CB,US_Streets,,FED,0,,0,200 North Adams Street,0,30176,1199563,19,5296,44.559952,WI,4,CALL,0,Chicago,917742,Neillsville Branch,0,,Clark,COMMERCIAL LENDING,Other,0,5/25/2001,0,79,,WI,1,Wisconsin,7,OCC,Chicago,33225914,,0,509 Grand Ave,-90.598456,,GREEN BAY,55009,,Green Bay,3,55019,,,"Associated Bank, National Association",Neillsville,WI,2019_5296_79
54301,DIF,N,United States,54806,OCC,0,41437,Wisconsin,1/1/1902,2019,Comptroller of the Currency,11,55,M,9,0,United States,ASSOCIATED BANC-CORP,0,7,0,25312351,,Ashland,MULT,CB,US_Streets,,FED,0,,0,200 North Adams Street,0,61509,1199563,3,5296,46.589636,WI,4,CALL,0,Chicago,917742,Ashland Branch,0,,Ashland,COMMERCIAL LENDING,Other,0,5/25/2001,0,86,,WI,1,Wisconsin,7,OCC,Chicago,33225914,,0,221 4th Avenue West,-90.886881,,GREEN BAY,55009,,Green Bay,3,55003,,,"Associated Bank, National Association",Ashland,WI,2019_5296_86
54301,DIF,N,United States,54552,OCC,0,269214,Wisconsin,1/1/1902,2019,Comptroller of the Currency,11,55,M,9,0,United States,ASSOCIATED BANC-CORP,0,7,0,25312351,,Park Falls,MULT,CB,US_Streets,,FED,0,,0,200 North Adams Street,0,16763,1199563,99,5296,45.915668,WI,4,CALL,0,Chicago,917742,Park Falls Branch,0,,Price,COMMERCIAL LENDING,Other,0,5/25/2001,0,90,,WI,1,Wisconsin,7,OCC,Chicago,33225914,,0,1156 4th Avenue South,-90.450575,,GREEN BAY,55009,,Green Bay,3,55099,,,"Associated Bank, National Association",Park Falls,WI,2019_5296_90
54301,DIF,N,United States,54481,OCC,0,271793,Wisconsin,12/5/1994,2019,Comptroller of the Currency,11,55,M,9,0,United States,ASSOCIATED BANC-CORP,0,7,0,25312351,,Stevens Point,MULT,CB,US_Streets,,FED,0,,0,200 North Adams Street,554,88483,1199563,97,5296,44.523179,WI,4,CALL,0,Chicago,917742,Stevens Point Branch,0,,Portage,COMMERCIAL LENDING,Other,0,5/25/2001,1,92,,WI,1,Wisconsin,7,OCC,Chicago,33225914,,0,1325 Church Street,-89.580247,,GREEN BAY,55009,"Wausau-Stevens Point-Wisconsin Rapids, WI",Green Bay,3,55097,,,"Associated Bank, National Association",Stevens Point,WI,2019_5296_92
54301,DIF,N,United States,53711,OCC,31540,8373,Wisconsin,01/01/1897,2019,Comptroller of the Currency,11,55,EXACT,9,0,United States,ASSOCIATED BANC-CORP,0,7,0,25312351,,Madison,MULT,CB,100,,FED,0,,0,200 North Adams Street,357,81472,1199563,25,5296,43.067228,WI,4,CALL,0,Chicago,917742,Madison Monroe Branch,1,,Dane,COMMERCIAL LENDING,Other,0,5/25/2001,0,94,,WI,1,Wisconsin,7,OCC,Chicago,33225914,,0,1603 Monroe Street,-89.413606,,GREEN BAY,55009,"Madison-Janesville-Beloit, WI",Green Bay,3,55025,,"Madison, WI","Associated Bank, National Association",Madison,WI,2019_5296_94
54301,DIF,N,United States,53555,OCC,31540,999,Wisconsin,10/3/1914,2019,Comptroller of the Currency,11,55,T,9,0,United States,ASSOCIATED BANC-CORP,0,7,0,25312351,,Lodi,MULT,CB,US_Streets,,FED,0,,0,200 North Adams Street,357,74957,1199563,21,5296,43.312091,WI,4,CALL,0,Chicago,917742,Lodi Branch,1,,Columbia,COMMERCIAL LENDING,Other,0,5/25/2001,0,97,,WI,1,Wisconsin,7,OCC,Chicago,33225914,,0,102 Main Street,-89.525506,,GREEN BAY,55009,"Madison-Janesville-Beloit, WI",Green Bay,3,55021,,"Madison, WI","Associated Bank, National Association",Lodi,WI,2019_5296_97
54301,DIF,N,United States,53704,OCC,31540,244873,Wisconsin,8/14/1989,2019,Comptroller of the Currency,11,55,M,9,0,United States,ASSOCIATED BANC-CORP,0,7,0,25312351,,Madison,MULT,CB,US_RoofTop,,FED,0,,0,200 North Adams Street,357,40847,1199563,25,5296,43.12934,WI,4,CALL,0,Chicago,917742,Madison Northport Branch,1,,Dane,COMMERCIAL LENDING,Other,0,5/25/2001,0,99,,WI,1,Wisconsin,7,OCC,Chicago,33225914,,0,2001 Londonderry Drive,-89.356769,,GREEN BAY,55009,"Madison-Janesville-Beloit, WI",Green Bay,3,55025,,"Madison, WI","Associated Bank, National Association",Madison,WI,2019_5296_99
53027,DIF,N,United States,53027,OCC,33340,3562,Wisconsin,1/1/1907,2019,Comptroller of the Currency,11,55,M,9,11669,United States,"FNB HARTFORD BANCORP, INC.",0,3,194813,194813,,Hartford,ONE,CB,US_RoofTop,M,FED,1,,0,116 West Sumner Street,376,137589,1209275,131,5297,43.317741,WI,4,CALL,0,Chicago,742944,The First National Bank Of Hartford,1,,Washington,COMMERCIAL LENDING,Central District,0,,0,0,,WI,1,Wisconsin,7,OCC,Chicago,224273,,0,116 West Sumner Street,-88.380247,,HARTFORD,55131,"Milwaukee-Racine-Waukesha, WI",Hartford,3,55131,,"Milwaukee-Waukesha, WI",The First National Bank of Hartford,Hartford,WI,2019_5297_0
53027,DIF,N,United States,53086,OCC,33340,207460,Wisconsin,12/21/1992,2019,Comptroller of the Currency,11,55,M,9,11669,United States,"FNB HARTFORD BANCORP, INC.",0,3,0,194813,,Slinger,ONE,CB,US_Streets,,FED,0,,0,116 West Sumner Street,376,35456,1209275,131,5297,43.3316,WI,4,CALL,0,Chicago,742944,Slinger Office Branch,1,,Washington,COMMERCIAL LENDING,Central District,0,,0,1,,WI,1,Wisconsin,7,OCC,Chicago,224273,,0,439 East Washington Street,-88.28118,,HARTFORD,55131,"Milwaukee-Racine-Waukesha, WI",Hartford,3,55131,,"Milwaukee-Waukesha, WI",The First National Bank of Hartford,Slinger,WI,2019_5297_1
53027,DIF,N,United States,53033,OCC,33340,536814,Wisconsin,10/5/2012,2019,Comptroller of the Currency,11,55,M,9,11669,United States,"FNB HARTFORD BANCORP, INC.",0,3,0,194813,,Hubertus,ONE,CB,100,,FED,0,,0,116 West Sumner Street,376,21768,1209275,131,5297,43.235862,WI,4,CALL,0,Chicago,742944,Richfield Branch,1,,Washington,COMMERCIAL LENDING,Central District,0,,0,2,,WI,1,Wisconsin,7,OCC,Chicago,224273,,0,1297 State Highway 175,-88.186167,,HARTFORD,55131,"Milwaukee-Racine-Waukesha, WI",Hartford,3,55131,,"Milwaukee-Waukesha, WI",The First National Bank of Hartford,Hubertus,WI,2019_5297_2
54220,DIF,N,United States,54220,OCC,0,3569,Wisconsin,01/01/1894,2019,Comptroller of the Currency,11,55,M,9,10916,United States,BANK FIRST CORPORATION,0,3,1575015,1575015,,Manitowoc,ONE,CB,US_Streets,M,FED,1,,0,402 North Eighth Street,0,235975,1208009,71,5304,44.095489,WI,4,CALL,0,Chicago,594947,"Bank First, N.A.",0,,Manitowoc,COMMERCIAL LENDING,Central District,0,,1,0,,WI,1,Wisconsin,7,OCC,Chicago,1804656,,0,402 North Eighth Street,-87.65783,,MANITOWOC,55071,,Manitowoc,3,55071,,,"Bank First, N.A.",Manitowoc,WI,2019_5304_0
54220,DIF,N,United States,53073,OCC,43100,10843,Wisconsin,1/21/1948,2019,Comptroller of the Currency,11,55,StreetAddress,9,10916,United States,BANK FIRST CORPORATION,0,3,0,1575015,,Plymouth,ONE,CB,100,,FED,0,,0,402 North Eighth Street,0,193978,1208009,117,5304,43.747207,WI,4,CALL,0,Chicago,594947,Plymouth Branch,1,,Sheboygan,COMMERCIAL LENDING,Central District,0,12/17/1999,0,10,,WI,1,Wisconsin,7,OCC,Chicago,1804656,,0,2700 Eastern Ave.,-87.948452,,MANITOWOC,55071,,Manitowoc,3,55117,,"Sheboygan, WI","Bank First, N.A.",Plymouth,WI,2019_5304_10
54220,DIF,N,United States,54304,OCC,24580,334430,Wisconsin,3/20/2000,2019,Comptroller of the Currency,11,55,M,9,10916,United States,BANK FIRST CORPORATION,0,3,0,1575015,,Green Bay,ONE,CB,US_Streets,,FED,0,,0,402 North Eighth Street,267,78300,1208009,9,5304,44.473977,WI,4,CALL,0,Chicago,594947,Ridge Road Office Branch,1,,Brown,COMMERCIAL LENDING,Central District,0,,0,12,,WI,1,Wisconsin,7,OCC,Chicago,1804656,,0,2810 South Ridge Road,-88.085987,,MANITOWOC,55071,"Green Bay-Shawano, WI",Manitowoc,3,55009,,"Green Bay, WI","Bank First, N.A.",Green Bay,WI,2019_5304_12
54220,DIF,N,United States,53081,OCC,43100,478497,Wisconsin,2/4/2008,2019,Comptroller of the Currency,11,55,M,9,10916,United States,BANK FIRST CORPORATION,0,3,0,1575015,,Sheboygan,ONE,CB,US_Streets,,FED,0,,0,402 North Eighth Street,0,214879,1208009,117,5304,43.75695,WI,4,CALL,0,Chicago,594947,Sheboygan Branch,1,,Sheboygan,COMMERCIAL LENDING,Central District,0,,0,15,,WI,1,Wisconsin,7,OCC,Chicago,1804656,,0,2600 Kohler Memorial Drive,-87.740859,,MANITOWOC,55071,,Manitowoc,3,55117,,"Sheboygan, WI","Bank First, N.A.",Sheboygan,WI,2019_5304_15
54220,DIF,N,United States,54901,OCC,36780,516695,Wisconsin,2/1/2011,2019,Comptroller of the Currency,11,55,M,9,10916,United States,BANK FIRST CORPORATION,0,3,0,1575015,,Oshkosh,ONE,CB,US_Streets,,FED,0,,0,402 North Eighth Street,118,78813,1208009,139,5304,44.016275,WI,4,CALL,0,Chicago,594947,Bank First National Branch,1,,Winnebago,COMMERCIAL LENDING,Central District,0,,0,16,,WI,1,Wisconsin,7,OCC,Chicago,1804656,,0,101 City Center,-88.540306,,MANITOWOC,55071,"Appleton-Oshkosh-Neenah, WI",Manitowoc,3,55139,,"Oshkosh-Neenah, WI","Bank First, N.A.",Oshkosh,WI,2019_5304_16
54220,DIF,N,United States,54245,OCC,0,569995,Wisconsin,8/1/2014,2019,Comptroller of the Currency,11,55,PointAddress,9,10916,United States,BANK FIRST CORPORATION,0,3,0,1575015,,Valders,ONE,CB,100,,FED,0,,0,402 North Eighth Street,0,43100,1208009,71,5304,44.064613,WI,4,CALL,0,Chicago,594947,Valders Branch,0,,Manitowoc,COMMERCIAL LENDING,Central District,0,,1,17,,WI,1,Wisconsin,7,OCC,Chicago,1804656,,0,167 Lincoln Street,-87.885054,,MANITOWOC,55071,,Manitowoc,3,55071,,,"Bank First, N.A.",Valders,WI,2019_5304_17
54220,DIF,N,United States,54913,OCC,11540,580412,Wisconsin,1/25/2016,2019,Comptroller of the Currency,11,55,PointAddress,9,10916,United States,BANK FIRST CORPORATION,0,3,0,1575015,,Appleton,ONE,CB,100,,FED,0,,0,402 North Eighth Street,118,33383,1208009,87,5304,44.273032,WI,4,CALL,0,Chicago,594947,Appleton Branch,1,,Outagamie,COMMERCIAL LENDING,Central District,0,,0,18,,WI,1,Wisconsin,7,OCC,Chicago,1804656,,0,4201 W Wisconsin Ave,-88.46839,,MANITOWOC,55071,"Appleton-Oshkosh-Neenah, WI",Manitowoc,3,55087,,"Appleton, WI","Bank First, N.A.",Appleton,WI,2019_5304_18
54220,DIF,N,United States,54981,OCC,0,9519,Wisconsin,01/01/1893,2019,Comptroller of the Currency,11,55,M,9,10916,United States,BANK FIRST CORPORATION,0,3,0,1575015,,Waupaca,ONE,CB,US_Streets,,FED,0,,0,402 North Eighth Street,0,113705,1208009,135,5304,44.357945,WI,4,CALL,0,Chicago,594947,Waupaca Br,0,,Waupaca,COMMERCIAL LENDING,Central District,0,10/27/2017,0,19,,WI,1,Wisconsin,7,OCC,Chicago,1804656,,0,111 Jefferson Street,-89.083842,,MANITOWOC,55071,,Manitowoc,3,55135,,,"Bank First, N.A.",Waupaca,WI,2019_5304_19
54220,DIF,N,United States,54945,OCC,0,8795,Wisconsin,3/15/1934,2019,Comptroller of the Currency,11,55,M,9,10916,United States,BANK FIRST CORPORATION,0,3,0,1575015,,Iola,ONE,CB,US_Streets,,FED,0,,0,402 North Eighth Street,0,42165,1208009,135,5304,44.507711,WI,4,CALL,0,Chicago,594947,North Main Street Branch,0,,Waupaca,COMMERCIAL LENDING,Central District,0,10/27/2017,0,20,,WI,1,Wisconsin,7,OCC,Chicago,1804656,,0,148 North Main Street,-89.130807,,MANITOWOC,55071,,Manitowoc,3,55135,,,"Bank First, N.A.",Iola,WI,2019_5304_20
54220,DIF,N,United States,54728,OCC,0,274326,Wisconsin,12/1/1934,2019,Comptroller of the Currency,11,55,M,9,10916,United States,BANK FIRST CORPORATION,0,3,0,1575015,,Chetek,ONE,CB,US_Streets,,FED,0,,0,402 North Eighth Street,0,36165,1208009,5,5304,45.315637,WI,4,CALL,0,Chicago,594947,621 Second Street Branch,0,,Barron,COMMERCIAL LENDING,Central District,0,10/27/2017,0,21,,WI,1,Wisconsin,7,OCC,Chicago,1804656,,0,621 Second Street,-91.651434,,MANITOWOC,55071,,Manitowoc,3,55005,,,"Bank First, N.A.",Chetek,WI,2019_5304_21
54220,DIF,N,United States,54983,OCC,0,233301,Wisconsin,6/1/1998,2019,Comptroller of the Currency,11,55,M,9,10916,United States,BANK FIRST CORPORATION,0,3,0,1575015,,Weyauwega,ONE,CB,US_Streets,,FED,0,,0,402 North Eighth Street,0,17447,1208009,135,5304,44.321363,WI,4,CALL,0,Chicago,594947,Weyauwega Branch,0,,Waupaca,COMMERCIAL LENDING,Central District,0,10/27/2017,0,22,,WI,1,Wisconsin,7,OCC,Chicago,1804656,,0,101 East Main Street,-88.93401,,MANITOWOC,55071,,Manitowoc,3,55135,,,"Bank First, N.A.",Weyauwega,WI,2019_5304_22
54220,DIF,N,United States,54929,OCC,0,8250,Wisconsin,3/9/1920,2019,Comptroller of the Currency,11,55,M,9,10916,United States,BANK FIRST CORPORATION,0,3,0,1575015,,Clintonville,ONE,CB,US_Streets,,FED,0,,0,402 North Eighth Street,0,59219,1208009,135,5304,44.618251,WI,4,CALL,0,Chicago,594947,Clintonville Branch,0,,Waupaca,COMMERCIAL LENDING,Central District,0,10/27/2017,0,24,,WI,1,Wisconsin,7,OCC,Chicago,1804656,,0,135 South Main Street,-88.762025,,MANITOWOC,55071,,Manitowoc,3,55135,,,"Bank First, N.A.",Clintonville,WI,2019_5304_24
54220,DIF,N,United States,54165,OCC,11540,274845,Wisconsin,3/16/1992,2019,Comptroller of the Currency,11,55,M,9,10916,United States,BANK FIRST CORPORATION,0,3,0,1575015,,Seymour,ONE,CB,US_Streets,,FED,0,,0,402 North Eighth Street,118,40248,1208009,87,5304,44.500808,WI,4,CALL,0,Chicago,594947,Seymour Branch,1,,Outagamie,COMMERCIAL LENDING,Central District,0,10/27/2017,0,25,,WI,1,Wisconsin,7,OCC,Chicago,1804656,,0,689 Woodland Plaza,-88.323153,,MANITOWOC,55071,"Appleton-Oshkosh-Neenah, WI",Manitowoc,3,55087,,"Appleton, WI","Bank First, N.A.",Seymour,WI,2019_5304_25
54220,DIF,N,United States,54241,OCC,0,207485,Wisconsin,9/28/1989,2019,Comptroller of the Currency,11,55,StreetName,9,10916,United States,BANK FIRST CORPORATION,0,3,0,1575015,,Two Rivers,ONE,CB,100,,FED,0,,0,402 North Eighth Street,0,71417,1208009,71,5304,44.144578,WI,4,CALL,0,Chicago,594947,Two Rivers Branch,0,,Manitowoc,COMMERCIAL LENDING,Central District,0,,1,3,,WI,1,Wisconsin,7,OCC,Chicago,1804656,,0,1703 Lake Street,-87.567416,,MANITOWOC,55071,,Manitowoc,3,55071,,,"Bank First, N.A.",Two Rivers,WI,2019_5304_3
54220,DIF,N,United States,54228,OCC,0,207486,Wisconsin,1/14/1991,2019,Comptroller of the Currency,11,55,M,9,10916,United States,BANK FIRST CORPORATION,0,3,0,1575015,,Mishicot,ONE,CB,US_Streets,,FED,0,,0,402 North Eighth Street,0,64259,1208009,71,5304,44.234371,WI,4,CALL,0,Chicago,594947,Mishicot Office Branch,0,,Manitowoc,COMMERCIAL LENDING,Central District,0,,1,4,,WI,1,Wisconsin,7,OCC,Chicago,1804656,,0,110 Baugniet Street,-87.645159,,MANITOWOC,55071,,Manitowoc,3,55071,,,"Bank First, N.A.",Mishicot,WI,2019_5304_4
54220,DIF,N,United States,54220,OCC,0,207487,Wisconsin,9/28/1992,2019,Comptroller of the Currency,11,55,M,9,10916,United States,BANK FIRST CORPORATION,0,3,0,1575015,,Manitowoc,ONE,CB,US_Streets,,FED,0,,0,402 North Eighth Street,0,92560,1208009,71,5304,44.088182,WI,4,CALL,0,Chicago,594947,Custer Street Branch,0,,Manitowoc,COMMERCIAL LENDING,Central District,0,,1,5,,WI,1,Wisconsin,7,OCC,Chicago,1804656,,0,2915 Custer Street,-87.684408,,MANITOWOC,55071,,Manitowoc,3,55071,,,"Bank First, N.A.",Manitowoc,WI,2019_5304_5
54220,DIF,N,United States,53042,OCC,0,8108,Wisconsin,5/1/1914,2019,Comptroller of the Currency,11,55,M,9,10916,United States,BANK FIRST CORPORATION,0,3,0,1575015,,Kiel,ONE,CB,US_Streets,,FED,0,,0,402 North Eighth Street,0,72679,1208009,71,5304,43.912397,WI,4,CALL,0,Chicago,594947,Kiel Branch,0,,Manitowoc,COMMERCIAL LENDING,Central District,0,8/29/1994,1,6,,WI,1,Wisconsin,7,OCC,Chicago,1804656,,0,601 Fremont Street,-88.037712,,MANITOWOC,55071,,Manitowoc,3,55071,,,"Bank First, N.A.",Kiel,WI,2019_5304_6
54220,DIF,N,United States,54311,OCC,24580,207488,Wisconsin,9/19/1994,2019,Comptroller of the Currency,11,55,M,9,10916,United States,BANK FIRST CORPORATION,0,3,0,1575015,,Green Bay,ONE,CB,US_RoofTop,,FED,0,,0,402 North Eighth Street,267,86723,1208009,9,5304,44.463574,WI,4,CALL,0,Chicago,594947,Bellevue Branch,1,,Brown,COMMERCIAL LENDING,Central District,0,,0,8,,WI,1,Wisconsin,7,OCC,Chicago,1804656,,0,2747 Manitowoc Road,-87.94598,,MANITOWOC,55071,"Green Bay-Shawano, WI",Manitowoc,3,55009,,"Green Bay, WI","Bank First, N.A.",Bellevue,WI,2019_5304_8
54143,DIF,N,United States,54143,OCC,0,3571,Wisconsin,10/30/1874,2019,Comptroller of the Currency,11,55,M,9,13399,United States,"STEPHENSON NATIONAL BANCORP, INC.",0,3,429921,429921,,Marinette,ONE,CB,US_Streets,M,FED,1,,0,1818-1820 Hall Avenue,361,221115,1245509,75,5306,45.099876,WI,4,CALL,0,Chicago,598048,The Stephenson National Bank And Trust,0,,Marinette,COMMERCIAL LENDING,Central District,0,,1,0,,WI,1,Wisconsin,7,OCC,Chicago,530667,,0,1818-1820 Hall Avenue,-87.631941,,MARINETTE,55075,"Marinette-Iron Mountain, WI-MI",Marinette,3,55075,,,The Stephenson National Bank and Trust,Marinette,WI,2019_5306_0
54143,DIF,N,United States,54153,OCC,24580,364089,Wisconsin,9/4/2001,2019,Comptroller of the Currency,11,55,POINTADDRESS,9,13399,United States,"STEPHENSON NATIONAL BANCORP, INC.",0,3,0,429921,,Oconto,ONE,CB,100,,FED,0,,0,1818-1820 Hall Avenue,267,61872,1245509,83,5306,44.892569,WI,4,CALL,0,Chicago,598048,Oconto Branch,1,,Oconto,COMMERCIAL LENDING,Central District,0,,0,2,,WI,1,Wisconsin,7,OCC,Chicago,530667,,0,101 Bralick Way,-87.890049,,MARINETTE,55075,"Green Bay-Shawano, WI",Marinette,3,55083,,"Green Bay, WI",The Stephenson National Bank and Trust,Oconto,WI,2019_5306_2
54143,DIF,N,United States,49858,OCC,0,224475,Wisconsin,1/3/1995,2019,Comptroller of the Currency,11,26,M,9,13399,United States,"STEPHENSON NATIONAL BANCORP, INC.",0,3,0,429921,,Menominee,ONE,CB,US_Streets,,FED,0,,0,1818-1820 Hall Avenue,361,51727,1245509,109,5306,45.108859,WI,4,CALL,0,Chicago,598048,Menominee Branch,0,,Menominee,COMMERCIAL LENDING,Central District,0,11/25/2002,1,4,,MI,1,Michigan,7,OCC,Chicago,530667,,0,1111 10th Street,-87.6146,,MARINETTE,55075,"Marinette-Iron Mountain, WI-MI",Marinette,3,26109,,,The Stephenson National Bank and Trust,Menominee,WI,2019_5306_4
54143,DIF,N,United States,54177,OCC,0,9470,Wisconsin,1/1/1903,2019,Comptroller of the Currency,11,55,EXACT,9,13399,United States,"STEPHENSON NATIONAL BANCORP, INC.",0,3,0,429921,,Wausaukee,ONE,CB,100,,FED,0,,0,1818-1820 Hall Avenue,361,35933,1245509,75,5306,45.370169,WI,4,CALL,0,Chicago,598048,The Stephenson National Bank And Trust,0,,Marinette,COMMERCIAL LENDING,Central District,0,10/25/2014,1,7,,WI,1,Wisconsin,7,OCC,Chicago,530667,,0,290 Main Street,-87.952303,,MARINETTE,55075,"Marinette-Iron Mountain, WI-MI",Marinette,3,55075,,,The Stephenson National Bank and Trust,Wausaukee,WI,2019_5306_7
54143,DIF,N,United States,54114,OCC,0,233211,Wisconsin,12/14/1944,2019,Comptroller of the Currency,11,55,M,9,13399,United States,"STEPHENSON NATIONAL BANCORP, INC.",0,3,0,429921,,Crivitz,ONE,CB,100,,FED,0,,0,1818-1820 Hall Avenue,361,42820,1245509,75,5306,45.233023,WI,4,CALL,0,Chicago,598048,Crivitz Branch,0,,Marinette,COMMERCIAL LENDING,Central District,0,10/25/2014,1,8,,WI,1,Wisconsin,7,OCC,Chicago,530667,,0,606 Henriette Avenue,-88.004944,,MARINETTE,55075,"Marinette-Iron Mountain, WI-MI",Marinette,3,55075,,,The Stephenson National Bank and Trust,Crivitz,WI,2019_5306_8
54143,DIF,N,United States,54156,OCC,0,233212,Wisconsin,12/27/1933,2019,Comptroller of the Currency,11,55,M,9,13399,United States,"STEPHENSON NATIONAL BANCORP, INC.",0,3,0,429921,,Pembine,ONE,CB,US_Zipcode,,FED,0,,0,1818-1820 Hall Avenue,361,16454,1245509,75,5306,45.589878,WI,4,CALL,0,Chicago,598048,Pembine Branch,0,,Marinette,COMMERCIAL LENDING,Central District,0,10/25/2014,1,9,,WI,1,Wisconsin,7,OCC,Chicago,530667,,0,U.S. Highway 141,-87.93189,,MARINETTE,55075,"Marinette-Iron Mountain, WI-MI",Marinette,3,55075,,,The Stephenson National Bank and Trust,Pembine,WI,2019_5306_9
54157,DIF,N,United States,54157,OCC,0,3582,Wisconsin,2/4/1901,2019,Comptroller of the Currency,11,55,M,9,0,United States,"PESHTIGO NATIONAL BANCORPORATION, INC.",0,3,187077,187077,,Peshtigo,ONE,CB,US_Streets,M,FED,1,,0,250 French Street,361,79887,1210310,75,5317,45.054504,WI,2,CALL,0,Chicago,257345,The Peshtigo National Bank,0,,Marinette,AGRICULTURAL,Central District,0,,1,0,,WI,1,Wisconsin,7,OCC,Chicago,211715,,0,250 French Street,-87.750023,,PESHTIGO,55075,"Marinette-Iron Mountain, WI-MI",Peshtigo,3,55075,,,The Peshtigo National Bank,Peshtigo,WI,2019_5317_0
54157,DIF,N,United States,54112,OCC,0,442016,Wisconsin,6/24/2004,2019,Comptroller of the Currency,11,55,STREETNAME,9,0,United States,"PESHTIGO NATIONAL BANCORPORATION, INC.",0,3,0,187077,,Coleman,ONE,CB,100,,FED,0,,0,250 French Street,361,54043,1210310,75,5317,45.0543,WI,2,CALL,0,Chicago,257345,Coleman Office,0,,Marinette,AGRICULTURAL,Central District,0,,1,1,,WI,1,Wisconsin,7,OCC,Chicago,211715,,0,117 Us 141 South,-88.044553,,PESHTIGO,55075,"Marinette-Iron Mountain, WI-MI",Peshtigo,3,55075,,,The Peshtigo National Bank,Coleman,WI,2019_5317_1
54157,DIF,N,United States,54143,OCC,0,442017,Wisconsin,6/14/2004,2019,Comptroller of the Currency,11,55,M,9,0,United States,"PESHTIGO NATIONAL BANCORPORATION, INC.",0,3,0,187077,,Marinette,ONE,CB,US_Streets,,FED,0,,0,250 French Street,361,12652,1210310,75,5317,45.072325,WI,2,CALL,0,Chicago,257345,Marinette Office,0,,Marinette,AGRICULTURAL,Central District,0,,1,2,,WI,1,Wisconsin,7,OCC,Chicago,211715,,0,2890 Roosevelt Road,-87.659028,,PESHTIGO,55075,"Marinette-Iron Mountain, WI-MI",Peshtigo,3,55075,,,The Peshtigo National Bank,Marinette,WI,2019_5317_2
54157,DIF,N,United States,54124,OCC,24580,443347,Wisconsin,6/20/2005,2019,Comptroller of the Currency,11,55,M,9,0,United States,"PESHTIGO NATIONAL BANCORPORATION, INC.",0,3,0,187077,,Gillett,ONE,CB,US_Streets,,FED,0,,0,250 French Street,267,26725,1210310,83,5317,44.892294,WI,2,CALL,0,Chicago,257345,Gillett Office,1,,Oconto,AGRICULTURAL,Central District,0,,0,5,,WI,1,Wisconsin,7,OCC,Chicago,211715,,0,149 N. Mckenzie Street,-88.307461,,PESHTIGO,55075,"Green Bay-Shawano, WI",Peshtigo,3,55083,,"Green Bay, WI",The Peshtigo National Bank,Gillett,WI,2019_5317_5
54157,DIF,N,United States,54154,OCC,24580,474350,Wisconsin,5/5/2008,2019,Comptroller of the Currency,11,55,M,9,0,United States,"PESHTIGO NATIONAL BANCORPORATION, INC.",0,3,0,187077,,Oconto Falls,ONE,CB,US_Streets,,FED,0,,0,250 French Street,267,13770,1210310,83,5317,44.880721,WI,2,CALL,0,Chicago,257345,Oconto Falls Office,1,,Oconto,AGRICULTURAL,Central District,0,,0,6,,WI,1,Wisconsin,7,OCC,Chicago,211715,,0,508 North Chestnut Avenue,-88.136074,,PESHTIGO,55075,"Green Bay-Shawano, WI",Peshtigo,3,55083,,"Green Bay, WI",The Peshtigo National Bank,Oconto Falls,WI,2019_5317_6
54656,DIF,NM,United States,54656,STATE,0,3590,Wisconsin,1/1/1934,2019,State Agency,11,55,M,9,0,United States,RIVER HOLDING COMPANY,0,3,111475,111475,,Sparta,MULT,CB,US_Streets,M,STATE,1,,0,124 West Oak Street,0,111475,2486813,81,5325,43.943463,WI,4,CALL,0,Chicago,68448,Union Bank Of Sparta,0,,Monroe,COMMERCIAL LENDING,Central District,0,,0,0,,WI,1,Wisconsin,7,FDIC,Chicago,141529,,0,124 West Oak Street,-90.811279,,STODDARD,55081,,Sparta,21,55081,,,Union Bank of Sparta,Sparta,WI,2019_5325_0
54656,DIF,NM,United States,54656,STATE,0,207563,Wisconsin,6/19/1995,2019,State Agency,23,55,M,9,0,United States,RIVER HOLDING COMPANY,0,3,0,111475,,Sparta,MULT,CB,US_Streets,C,STATE,0,0,0,124 West Oak Street,0,0,2486813,81,5325,43.939119,WI,4,CALL,0,Chicago,68448,Auto Branch,0,,Monroe,COMMERCIAL LENDING,Central District,0,,0,2,,WI,1,Wisconsin,7,FDIC,Chicago,141529,,0,1103 West Wisconsin Street,-90.825647,,STODDARD,55081,,Sparta,21,55081,,,Union Bank of Sparta,Sparta,WI,2019_5325_2
53963,DIF,SM,United States,53963,STATE,22540,3596,Wisconsin,9/1/1905,2019,State Agency,11,55,M,9,0,United States,"NATIONAL BANCSHARES WAUPUN, INC.",0,3,133699,133699,,Waupun,ONE,CB,US_RoofTop,M,STATE,1,,0,210 East Main Street,0,93206,1248555,39,5331,43.63317,WI,4,CALL,0,Chicago,881544,Nbw Bank,1,,Fond du Lac,COMMERCIAL LENDING,Central District,0,,0,0,,WI,1,Wisconsin,7,FED,Chicago,152922,,0,210 East Main Street,-88.731551,,WAUPUN,55039,,Waupun,13,55039,,"Fond du Lac, WI",NBW BANK,Waupun,WI,2019_5331_0
53963,DIF,SM,United States,53919,STATE,22540,207577,Wisconsin,2/26/1999,2019,State Agency,11,55,M,9,0,United States,"NATIONAL BANCSHARES WAUPUN, INC.",0,3,0,133699,,Brandon,ONE,CB,US_RoofTop,,STATE,0,,0,210 East Main Street,0,12106,1248555,39,5331,43.734629,WI,4,CALL,0,Chicago,881544,Brandon Branch,1,,Fond du Lac,COMMERCIAL LENDING,Central District,0,,0,1,,WI,1,Wisconsin,7,FED,Chicago,152922,,0,102 South Woodward Street,-88.777694,,WAUPUN,55039,,Waupun,13,55039,,"Fond du Lac, WI",NBW BANK,Brandon,WI,2019_5331_1
53963,DIF,SM,United States,53931,STATE,22540,227875,Wisconsin,12/31/1934,2019,State Agency,11,55,M,9,0,United States,"NATIONAL BANCSHARES WAUPUN, INC.",0,3,0,133699,,Fairwater,ONE,CB,US_RoofTop,,STATE,0,,0,210 East Main Street,0,9248,1248555,39,5331,43.742993,WI,4,CALL,0,Chicago,881544,Fair Water Branch,1,,Fond du Lac,COMMERCIAL LENDING,Central District,0,3/15/2003,0,2,,WI,1,Wisconsin,7,FED,Chicago,152922,,0,407 Main St.,-88.865563,,WAUPUN,55039,,Waupun,13,55039,,"Fond du Lac, WI",NBW BANK,Fairwater,WI,2019_5331_2
53963,DIF,SM,United States,54974,STATE,22540,8237,Wisconsin,1/1/1903,2019,State Agency,11,55,M,9,0,United States,"NATIONAL BANCSHARES WAUPUN, INC.",0,3,0,133699,,Rosendale,ONE,CB,US_RoofTop,,STATE,0,,0,210 East Main Street,0,19140,1248555,39,5331,43.808408,WI,4,CALL,0,Chicago,881544,Rosendale Branch,1,,Fond du Lac,COMMERCIAL LENDING,Central District,0,3/15/2003,0,3,,WI,1,Wisconsin,7,FED,Chicago,152922,,0,100 Lafayette Street,-88.676576,,WAUPUN,55039,,Waupun,13,55039,,"Fond du Lac, WI",NBW BANK,Rosendale,WI,2019_5331_3
54494,DIF,SM,United States,54494,STATE,0,3599,Wisconsin,08/11/1891,2019,State Agency,11,55,M,9,13592,United States,WOODTRUST FINANCIAL CORPORATION,0,3,332793,332793,,Wisconsin Rapids,ONE,CB,US_Streets,M,STATE,1,,0,181 Second Street South,554,233516,1020582,141,5335,44.391007,WI,4,CALL,0,Chicago,833749,Woodtrust Bank,0,,Wood,COMMERCIAL LENDING,Central District,0,,1,0,,WI,1,Wisconsin,7,FED,Chicago,395939,,0,181 Second Street South,-89.825068,,WISCONSIN RAPIDS,55141,"Wausau-Stevens Point-Wisconsin Rapids, WI",Wisconsin Rapids,13,55141,,,WOODTRUST BANK,Wisconsin Rapids,WI,2019_5335_0
54494,DIF,SM,United States,54494,STATE,0,207582,Wisconsin,11/30/1973,2019,State Agency,11,55,M,9,13592,United States,WOODTRUST FINANCIAL CORPORATION,0,3,0,332793,,Wisconsin Rapids,ONE,CB,US_Streets,,STATE,0,,0,181 Second Street South,554,7381,1020582,141,5335,44.373036,WI,4,CALL,0,Chicago,833749,Wazeecha Branch,0,,Wood,COMMERCIAL LENDING,Central District,0,,1,1,,WI,1,Wisconsin,7,FED,Chicago,395939,,0,4510 Kellner Road,-89.769873,,WISCONSIN RAPIDS,55141,"Wausau-Stevens Point-Wisconsin Rapids, WI",Wisconsin Rapids,13,55141,,,WOODTRUST BANK,Grand Rapids Township,WI,2019_5335_1
54494,DIF,SM,United States,54494,STATE,0,12603,Wisconsin,4/8/1963,2019,State Agency,11,55,M,9,13592,United States,WOODTRUST FINANCIAL CORPORATION,0,3,0,332793,,Wisconsin Rapids,ONE,CB,US_Streets,,STATE,0,,0,181 Second Street South,554,55645,1020582,141,5335,44.370343,WI,4,CALL,0,Chicago,833749,2651 8th Street Office,0,,Wood,COMMERCIAL LENDING,Central District,0,5/20/1991,1,2,,WI,1,Wisconsin,7,FED,Chicago,395939,,0,2651 8th Street South,-89.8168,,WISCONSIN RAPIDS,55141,"Wausau-Stevens Point-Wisconsin Rapids, WI",Wisconsin Rapids,13,55141,,,WOODTRUST BANK,Wisconsin Rapids,WI,2019_5335_2
54494,DIF,SM,United States,54467,STATE,0,207583,Wisconsin,3/15/1996,2019,State Agency,11,55,M,9,13592,United States,WOODTRUST FINANCIAL CORPORATION,0,3,0,332793,,Plover,ONE,CB,US_Streets,,STATE,0,,0,181 Second Street South,554,23782,1020582,97,5335,44.454017,WI,4,CALL,0,Chicago,833749,Plover Branch,0,,Portage,COMMERCIAL LENDING,Central District,0,,1,3,,WI,1,Wisconsin,7,FED,Chicago,395939,,0,1900 Plover Road,-89.526644,,WISCONSIN RAPIDS,55141,"Wausau-Stevens Point-Wisconsin Rapids, WI",Wisconsin Rapids,13,55097,,,WOODTRUST BANK,Plover,WI,2019_5335_3
54494,DIF,SM,United States,54403,STATE,48140,468102,Wisconsin,8/3/2007,2019,State Agency,11,55,M,9,13592,United States,WOODTRUST FINANCIAL CORPORATION,0,3,0,332793,,Wausau,ONE,CB,US_Streets,,STATE,0,,0,181 Second Street South,554,10199,1020582,73,5335,44.960818,WI,4,CALL,0,Chicago,833749,Dudley Tower Branch,1,,Marathon,COMMERCIAL LENDING,Central District,0,,0,5,,WI,1,Wisconsin,7,FED,Chicago,395939,,0,"500 1st Street, Suite 1000",-89.630237,,WISCONSIN RAPIDS,55141,"Wausau-Stevens Point-Wisconsin Rapids, WI",Wisconsin Rapids,13,55073,,"Wausau-Weston, WI",WOODTRUST BANK,Wausau,WI,2019_5335_5
54494,DIF,SM,United States,54494,STATE,0,570191,Wisconsin,4/1/1977,2019,State Agency,23,55,POINTADDRESS,9,13592,United States,WOODTRUST FINANCIAL CORPORATION,0,3,0,332793,,Wisconsin Rapids,ONE,CB,100,C,STATE,0,0,0,181 Second Street South,554,0,1020582,141,5335,44.391224,WI,4,CALL,0,Chicago,833749,Downtown Drive Up Branch,0,,Wood,COMMERCIAL LENDING,Central District,0,,1,7,,WI,1,Wisconsin,7,FED,Chicago,395939,,0,110 Third Street North,-89.823024,,WISCONSIN RAPIDS,55141,"Wausau-Stevens Point-Wisconsin Rapids, WI",Wisconsin Rapids,13,55141,,,WOODTRUST BANK,Wisconsin Rapids,WI,2019_5335_7
54494,DIF,SM,United States,54403,STATE,48140,588475,Wisconsin,5/8/2017,2019,State Agency,11,55,POINTADDRESS,9,13592,United States,WOODTRUST FINANCIAL CORPORATION,0,3,0,332793,,Wausau,ONE,CB,100,,STATE,0,,0,181 Second Street South,554,2270,1020582,73,5335,44.969637,WI,4,CALL,0,Chicago,833749,Bridge Street Branch,1,,Marathon,COMMERCIAL LENDING,Central District,0,,0,8,,WI,1,Wisconsin,7,FED,Chicago,395939,,0,210 East Bridge Street,-89.62757,,WISCONSIN RAPIDS,55141,"Wausau-Stevens Point-Wisconsin Rapids, WI",Wisconsin Rapids,13,55073,,"Wausau-Weston, WI",WOODTRUST BANK,Wausau,WI,2019_5335_8
54002,DIF,SM,United States,54002,STATE,33460,3600,Wisconsin,09/23/1883,2019,State Agency,11,55,M,9,10712,United States,"BALDWIN BANCSHARES, INC.",0,,135513,135513,,Baldwin,ONE,CB,US_RoofTop,"M,E",STATE,1,,0,990 Main Street,378,85423,1128639,109,5336,44.966726,WI,2,CALL,0,Chicago,143952,The First Bank Of Baldwin,1,,St. Croix,AGRICULTURAL,Other,0,,0,0,,WI,1,Wisconsin,9,FED,Minneapolis,186529,,0,990 Main Street,-92.374317,,BALDWIN,55109,"Minneapolis-St. Paul, MN-WI",Baldwin,13,55109,,"Minneapolis-St. Paul-Bloomington, MN-WI",The First Bank of Baldwin,Baldwin,WI,2019_5336_0
54002,DIF,SM,United States,54767,STATE,33460,9526,Wisconsin,1/1/1904,2019,State Agency,11,55,M,9,10712,United States,"BALDWIN BANCSHARES, INC.",0,,0,135513,,Spring Valley,ONE,CB,US_Zipcode,E,STATE,0,,0,990 Main Street,378,34005,1128639,93,5336,44.818617,WI,2,CALL,0,Chicago,143952,Spring Valley Branch,1,,Pierce,AGRICULTURAL,Other,0,8/4/2007,0,2,,WI,1,Wisconsin,9,FED,Minneapolis,186529,,0,S320 Mckay Avenue,-92.255904,,BALDWIN,55109,"Minneapolis-St. Paul, MN-WI",Baldwin,13,55093,,"Minneapolis-St. Paul-Bloomington, MN-WI",The First Bank of Baldwin,Spring Valley,WI,2019_5336_2
54002,DIF,SM,United States,54761,STATE,33460,233312,Wisconsin,5/27/1968,2019,State Agency,11,55,M,9,10712,United States,"BALDWIN BANCSHARES, INC.",0,,0,135513,,Plum City,ONE,CB,US_Streets,E,STATE,0,,0,990 Main Street,378,11883,1128639,93,5336,44.628831,WI,2,CALL,0,Chicago,143952,Plum City Branch,1,,Pierce,AGRICULTURAL,Other,0,8/4/2007,0,3,,WI,1,Wisconsin,9,FED,Minneapolis,186529,,0,409 Main Street,-92.192462,,BALDWIN,55109,"Minneapolis-St. Paul, MN-WI",Baldwin,13,55093,,"Minneapolis-St. Paul-Bloomington, MN-WI",The First Bank of Baldwin,Plum City,WI,2019_5336_3
54002,DIF,SM,United States,54810,STATE,0,602656,Wisconsin,7/9/2018,2019,State Agency,11,55,EXACT,9,10712,United States,"BALDWIN BANCSHARES, INC.",0,,0,135513,,Balsam Lake,ONE,CB,100,E,STATE,0,,0,990 Main Street,0,4202,1128639,95,5336,45.452478,WI,2,CALL,0,Chicago,143952,Balsam Lake Office,0,,Polk,AGRICULTURAL,Other,0,,0,4,,WI,1,Wisconsin,9,FED,Minneapolis,186529,,0,100 Mill Street,-92.452842,,BALDWIN,55109,,Baldwin,13,55095,,,The First Bank of Baldwin,Balsam Lake,WI,2019_5336_4
54614,DIF,N,United States,54614,OCC,29100,3601,Wisconsin,7/1/1903,2019,Comptroller of the Currency,11,55,POINTADDRESS,9,13186,United States,"BOSSHARD BANCO, LTD.",0,3,143430,143430,,Bangor,MULT,CB,100,M,FED,1,,0,1798 Commercial Street,0,69253,1124163,63,5337,43.892136,WI,4,CALL,0,Chicago,627854,The First National Bank Of Bangor,1,,La Crosse,COMMERCIAL LENDING,Central District,0,,0,0,,WI,1,Wisconsin,9,OCC,Minneapolis,211930,,0,1798 Commercial Street,-90.99399,,LA CROSSE,55063,,Bangor,3,55063,,"La Crosse-Onalaska, WI-MN",The First National Bank of Bangor,Bangor,WI,2019_5337_0
54614,DIF,N,United States,54644,OCC,29100,207586,Wisconsin,5/1/1968,2019,Comptroller of the Currency,11,55,STREETADDRESS,9,13186,United States,"BOSSHARD BANCO, LTD.",0,3,0,143430,,Mindoro,MULT,CB,100,,FED,0,,0,1798 Commercial Street,0,10012,1124163,63,5337,44.021382,WI,4,CALL,0,Chicago,627854,Mindoro Branch,1,,La Crosse,COMMERCIAL LENDING,Central District,0,,0,1,,WI,1,Wisconsin,9,OCC,Minneapolis,211930,,0,N8305 Highway 108,-91.101897,,LA CROSSE,55063,,Bangor,3,55063,,"La Crosse-Onalaska, WI-MN",The First National Bank of Bangor,Mindoro,WI,2019_5337_1
54614,DIF,N,United States,54601,OCC,29100,207587,Wisconsin,7/26/1977,2019,Comptroller of the Currency,11,55,POINTADDRESS,9,13186,United States,"BOSSHARD BANCO, LTD.",0,3,0,143430,,La Crosse,MULT,CB,100,,FED,0,,0,1798 Commercial Street,0,6283,1124163,63,5337,43.786002,WI,4,CALL,0,Chicago,627854,St. Joseph's Ridge Branch,1,,La Crosse,COMMERCIAL LENDING,Central District,0,,0,2,,WI,1,Wisconsin,9,OCC,Minneapolis,211930,,0,W2703 Highway 33,-91.040764,,LA CROSSE,55063,,Bangor,3,55063,,"La Crosse-Onalaska, WI-MN",The First National Bank of Bangor,La Crosse,WI,2019_5337_2
54614,DIF,N,United States,54636,OCC,29100,207588,Wisconsin,9/4/1990,2019,Comptroller of the Currency,11,55,M,9,13186,United States,"BOSSHARD BANCO, LTD.",0,3,0,143430,,Holmen,MULT,CB,US_Streets,,FED,0,,0,1798 Commercial Street,0,34184,1124163,63,5337,43.970207,WI,4,CALL,0,Chicago,627854,Holmen Branch,1,,La Crosse,COMMERCIAL LENDING,Central District,0,,0,3,,WI,1,Wisconsin,9,OCC,Minneapolis,211930,,0,622 Mchugh Road,-91.266716,,LA CROSSE,55063,,Bangor,3,55063,,"La Crosse-Onalaska, WI-MN",The First National Bank of Bangor,Holmen,WI,2019_5337_3
54614,DIF,N,United States,54669,OCC,29100,207589,Wisconsin,10/24/1995,2019,Comptroller of the Currency,11,55,M,9,13186,United States,"BOSSHARD BANCO, LTD.",0,3,0,143430,,West Salem,MULT,CB,US_Streets,,FED,0,,0,1798 Commercial Street,0,23698,1124163,63,5337,43.899067,WI,4,CALL,0,Chicago,627854,West Salem Branch,1,,La Crosse,COMMERCIAL LENDING,Central District,0,,0,4,,WI,1,Wisconsin,9,OCC,Minneapolis,211930,,0,975 West City Highway 16,-91.099663,,LA CROSSE,55063,,Bangor,3,55063,,"La Crosse-Onalaska, WI-MN",The First National Bank of Bangor,West Salem,WI,2019_5337_4
54843,DIF,SM,United States,54843,STATE,0,3608,Wisconsin,3/2/1925,2019,State Agency,11,55,POINTADDRESS,9,10918,United States,"HAYWARD BANCSHARES, INC.",0,3,303770,303770,,Hayward,ONE,CB,100,M,STATE,1,,0,10583 Main Street,0,142384,1863659,113,5347,46.015369,WI,4,CALL,0,Chicago,456157,Peoples Bank Midwest,0,,Sawyer,COMMERCIAL LENDING,Central District,0,,0,0,,WI,1,Wisconsin,9,FED,Minneapolis,384545,,0,10583 Main Street,-91.485669,,EAU CLAIRE,55113,,Hayward,13,55113,,,Peoples Bank Midwest,Hayward,WI,2019_5347_0
54843,DIF,SM,United States,54701,STATE,20740,207609,Wisconsin,8/15/1995,2019,State Agency,11,55,EXACT,9,10918,United States,"HAYWARD BANCSHARES, INC.",0,3,0,303770,,Eau Claire,ONE,CB,100,,STATE,0,,0,10583 Main Street,232,105255,1863659,35,5347,44.772414,WI,4,CALL,0,Chicago,456157,Eau Claire Branch,1,,Eau Claire,COMMERCIAL LENDING,Central District,0,,0,1,,WI,1,Wisconsin,9,FED,Minneapolis,384545,,0,4251 Southtowne Drive,-91.461983,,EAU CLAIRE,55113,"Eau Claire-Menomonie, WI",Hayward,13,55035,,"Eau Claire, WI",Peoples Bank Midwest,Eau Claire,WI,2019_5347_1
54843,DIF,SM,United States,55110,STATE,33460,456195,Wisconsin,5/7/2007,2019,State Agency,11,27,STREETADDRESS,9,10918,United States,"HAYWARD BANCSHARES, INC.",0,3,0,303770,,Saint Paul,ONE,CB,100,,STATE,0,,0,10583 Main Street,378,56131,1863659,123,5347,45.049846,WI,4,CALL,0,Chicago,456157,Vadnais Heights Branch,1,,Ramsey,COMMERCIAL LENDING,Central District,0,12/7/2013,0,3,,MN,1,Minnesota,9,FED,Minneapolis,384545,,0,3585 Us Highway 61 North,-93.036437,,EAU CLAIRE,55113,"Minneapolis-St. Paul, MN-WI",Hayward,13,27123,,"Minneapolis-St. Paul-Bloomington, MN-WI",Peoples Bank Midwest,Vadnais Heights,WI,2019_5347_3
54017,DIF,N,United States,54017,OCC,33460,3615,Wisconsin,1/1/1919,2019,Comptroller of the Currency,11,55,M,9,13440,United States,ONE CORPORATION,0,3,181510,181510,,New Richmond,ONE,CB,US_Streets,M,FED,1,,0,109 E 2nd St,378,104824,1124118,109,5357,45.121546,WI,4,CALL,0,Chicago,23755,First National Community Bank,1,,St. Croix,COMMERCIAL LENDING,Central District,0,,0,0,,WI,1,Wisconsin,9,OCC,Minneapolis,203389,,0,109 E 2nd St,-92.537379,,NEW RICHMOND,55109,"Minneapolis-St. Paul, MN-WI",New Richmond,3,55109,,"Minneapolis-St. Paul-Bloomington, MN-WI",First National Community Bank,New Richmond,WI,2019_5357_0
54017,DIF,N,United States,54025,OCC,33460,207624,Wisconsin,6/12/1995,2019,Comptroller of the Currency,11,55,POINTADDRESS,9,13440,United States,ONE CORPORATION,0,3,0,181510,,Somerset,ONE,CB,100,,FED,0,,0,109 E 2nd St,378,37040,1124118,109,5357,45.123127,WI,4,CALL,0,Chicago,23755,Somerset Branch,1,,St. Croix,COMMERCIAL LENDING,Central District,0,,0,1,,WI,1,Wisconsin,9,OCC,Minneapolis,203389,,0,531 Main Street,-92.684151,,NEW RICHMOND,55109,"Minneapolis-St. Paul, MN-WI",New Richmond,3,55109,,"Minneapolis-St. Paul-Bloomington, MN-WI",First National Community Bank,Somerset,WI,2019_5357_1
54017,DIF,N,United States,54016,OCC,33460,207625,Wisconsin,6/7/1999,2019,Comptroller of the Currency,11,55,POINTADDRESS,9,13440,United States,ONE CORPORATION,0,3,0,181510,,Hudson,ONE,CB,100,,FED,0,,0,109 E 2nd St,378,25188,1124118,109,5357,44.970594,WI,4,CALL,0,Chicago,23755,Hudson Branch,1,,St. Croix,COMMERCIAL LENDING,Central District,0,,0,2,,WI,1,Wisconsin,9,OCC,Minneapolis,203389,,0,744 Ryan Drive,-92.678932,,NEW RICHMOND,55109,"Minneapolis-St. Paul, MN-WI",New Richmond,3,55109,,"Minneapolis-St. Paul-Bloomington, MN-WI",First National Community Bank,Hudson,WI,2019_5357_2
54017,DIF,N,United States,54009,OCC,0,220313,Wisconsin,1/24/1931,2019,Comptroller of the Currency,11,55,STREETADDRESS,9,13440,United States,ONE CORPORATION,0,3,0,181510,,Dresser,ONE,CB,100,,FED,0,,0,109 E 2nd St,0,14458,1124118,95,5357,45.356179,WI,4,CALL,0,Chicago,23755,Dresser Branch,0,,Polk,COMMERCIAL LENDING,Central District,0,10/24/2014,0,4,,WI,1,Wisconsin,9,OCC,Minneapolis,203389,,0,111 State Road 35 North,-92.637088,,NEW RICHMOND,55109,,New Richmond,3,55095,,,First National Community Bank,Dresser,WI,2019_5357_4
54022,DIF,N,United States,54022,OCC,33460,3619,Wisconsin,1/4/1904,2019,Comptroller of the Currency,11,55,M,9,0,United States,"FIRST NATIONAL BANCORP OF RIVER FALLS, INC.",0,3,229910,229910,,River Falls,ONE,CB,US_Streets,M,FED,1,,0,104 East Locust Street,378,170771,2577159,93,5364,44.856348,WI,4,CALL,0,Chicago,956255,The First National Bank Of River Falls,1,,Pierce,COMMERCIAL LENDING,Central District,0,,0,0,,WI,1,Wisconsin,9,OCC,Minneapolis,275926,,0,104 East Locust Street,-92.626894,,RIVER FALLS,55093,"Minneapolis-St. Paul, MN-WI",River Falls,3,55093,,"Minneapolis-St. Paul-Bloomington, MN-WI",The First National Bank of River Falls,River Falls,WI,2019_5364_0
54022,DIF,N,United States,54021,OCC,33460,207632,Wisconsin,1/19/1993,2019,Comptroller of the Currency,11,55,M,9,0,United States,"FIRST NATIONAL BANCORP OF RIVER FALLS, INC.",0,3,0,229910,,Prescott,ONE,CB,US_Streets,,FED,0,,0,104 East Locust Street,378,57584,2577159,93,5364,44.760289,WI,4,CALL,0,Chicago,956255,Prescott Branch,1,,Pierce,COMMERCIAL LENDING,Central District,0,,0,1,,WI,1,Wisconsin,9,OCC,Minneapolis,275926,,0,1151 North Canton Street,-92.797095,,RIVER FALLS,55093,"Minneapolis-St. Paul, MN-WI",River Falls,3,55093,,"Minneapolis-St. Paul-Bloomington, MN-WI",The First National Bank of River Falls,Prescott,WI,2019_5364_1
54022,DIF,N,United States,54022,OCC,33460,362639,Wisconsin,9/18/2001,2019,Comptroller of the Currency,29,55,POINTADDRESS,9,0,United States,"FIRST NATIONAL BANCORP OF RIVER FALLS, INC.",0,3,0,229910,,River Falls,ONE,CB,100,C,FED,0,0,0,104 East Locust Street,378,0,2577159,109,5364,44.864287,WI,4,CALL,0,Chicago,956255,Wellhaven Branch,1,,St. Croix,COMMERCIAL LENDING,Central District,0,,0,2,,WI,1,Wisconsin,9,OCC,Minneapolis,275926,,0,119 Union Street,-92.622235,,RIVER FALLS,55093,"Minneapolis-St. Paul, MN-WI",River Falls,3,55109,,"Minneapolis-St. Paul-Bloomington, MN-WI",The First National Bank of River Falls,River Falls,WI,2019_5364_2
54022,DIF,N,United States,54022,OCC,33460,462300,Wisconsin,1/22/2007,2019,Comptroller of the Currency,11,55,STREETNAME,9,0,United States,"FIRST NATIONAL BANCORP OF RIVER FALLS, INC.",0,3,0,229910,,River Falls,ONE,CB,100,,FED,0,,0,104 East Locust Street,378,1555,2577159,93,5364,44.850696,WI,4,CALL,0,Chicago,956255,Uw-River Falls Branch,1,,Pierce,COMMERCIAL LENDING,Central District,0,,0,3,,WI,1,Wisconsin,9,OCC,Minneapolis,275926,,0,500 Wild Rose Avenue,-92.614384,,RIVER FALLS,55093,"Minneapolis-St. Paul, MN-WI",River Falls,3,55093,,"Minneapolis-St. Paul-Bloomington, MN-WI",The First National Bank of River Falls,River Falls,WI,2019_5364_3
54301,DIF,N,United States,54301,OCC,24580,334440,Wisconsin,10/31/2000,2019,Comptroller of the Currency,11,55,M,9,0,United States,"NICOLET BANKSHARES, INC.",0,3,2582354,2582354,,Green Bay,ONE,CB,US_Streets,M,FED,1,,0,111 N. Washington Street,267,652559,3103603,9,57038,44.514443,WI,4,CALL,0,Chicago,2941068,Nicolet National Bank,1,,Brown,COMMERCIAL LENDING,Central District,0,,0,0,,WI,1,Wisconsin,7,OCC,Chicago,3048098,,0,111 N. Washington Street,-88.016021,,GREEN BAY,55009,"Green Bay-Shawano, WI",Green Bay,3,55009,,"Green Bay, WI",Nicolet National Bank,Green Bay,WI,2019_57038_0
54301,DIF,N,United States,54143,OCC,0,424735,Wisconsin,10/1/2001,2019,Comptroller of the Currency,11,55,M,9,0,United States,"NICOLET BANKSHARES, INC.",0,3,0,2582354,,Marinette,ONE,CB,US_Streets,,FED,0,,0,111 N. Washington Street,361,34141,3103603,75,57038,45.099684,WI,4,CALL,0,Chicago,2941068,Marinette Branch,0,,Marinette,COMMERCIAL LENDING,Central District,0,,1,1,,WI,1,Wisconsin,7,OCC,Chicago,3048098,,0,2009 Hall Avenue,-87.634474,,GREEN BAY,55009,"Marinette-Iron Mountain, WI-MI",Green Bay,3,55075,,,Nicolet National Bank,Marinette,WI,2019_57038_1
54301,DIF,N,United States,54470,OCC,0,229407,Wisconsin,1/23/1941,2019,Comptroller of the Currency,11,55,M,9,0,United States,"NICOLET BANKSHARES, INC.",0,3,0,2582354,,Rib Lake,ONE,CB,US_Streets,,FED,0,,0,111 N. Washington Street,0,24447,3103603,119,57038,45.318413,WI,4,CALL,0,Chicago,2941068,Rib Lake Branch,0,,Taylor,COMMERCIAL LENDING,Central District,0,4/26/2013,0,12,,WI,1,Wisconsin,7,OCC,Chicago,3048098,,0,717 Mccomb Avenue,-90.20427,,GREEN BAY,55009,,Green Bay,3,55119,,,Nicolet National Bank,Rib Lake,WI,2019_57038_12
54301,DIF,N,United States,54451,OCC,0,229408,Wisconsin,8/1/1987,2019,Comptroller of the Currency,11,55,M,9,0,United States,"NICOLET BANKSHARES, INC.",0,3,0,2582354,,Medford,ONE,CB,US_Streets,,FED,0,,0,111 N. Washington Street,0,105513,3103603,119,57038,45.141277,WI,4,CALL,0,Chicago,2941068,Medford Branch,0,,Taylor,COMMERCIAL LENDING,Central District,0,4/26/2013,0,13,,WI,1,Wisconsin,7,OCC,Chicago,3048098,,0,134 South Eighth Street,-90.333281,,GREEN BAY,55009,,Green Bay,3,55119,,,Nicolet National Bank,Medford,WI,2019_57038_13
54301,DIF,N,United States,54421,OCC,0,11728,Wisconsin,6/1/1920,2019,Comptroller of the Currency,11,55,M,9,0,United States,"NICOLET BANKSHARES, INC.",0,3,0,2582354,,Colby,ONE,CB,US_Streets,,FED,0,,0,111 N. Washington Street,0,61708,3103603,19,57038,44.909544,WI,4,CALL,0,Chicago,2941068,Colby Branch,0,,Clark,COMMERCIAL LENDING,Central District,0,4/26/2013,0,16,,WI,1,Wisconsin,7,OCC,Chicago,3048098,,0,101 South First Street,-90.316549,,GREEN BAY,55009,,Green Bay,3,55019,,,Nicolet National Bank,Colby,WI,2019_57038_16
54301,DIF,N,United States,54501,OCC,0,229411,Wisconsin,9/22/1997,2019,Comptroller of the Currency,11,55,M,9,0,United States,"NICOLET BANKSHARES, INC.",0,3,0,2582354,,Rhinelander,ONE,CB,US_Streets,,FED,0,,0,111 N. Washington Street,0,53405,3103603,85,57038,45.633408,WI,4,CALL,0,Chicago,2941068,Rhinelander Branch,0,,Oneida,COMMERCIAL LENDING,Central District,0,4/26/2013,0,19,,WI,1,Wisconsin,7,OCC,Chicago,3048098,,0,2170 Lincoln Street,-89.381493,,GREEN BAY,55009,,Green Bay,3,55085,,,Nicolet National Bank,Rhinelander,WI,2019_57038_19
54301,DIF,N,United States,49858,OCC,0,264596,Wisconsin,01/01/1889,2019,Comptroller of the Currency,11,26,M,9,0,United States,"NICOLET BANKSHARES, INC.",0,3,0,2582354,,Menominee,ONE,CB,US_Streets,,FED,0,,0,111 N. Washington Street,361,34814,3103603,109,57038,45.107774,WI,4,CALL,0,Chicago,2941068,Menominee Branch,0,,Menominee,COMMERCIAL LENDING,Central District,0,12/5/2003,1,2,,MI,1,Michigan,7,OCC,Chicago,3048098,,0,1015 Tenth Avenue,-87.614893,,GREEN BAY,55009,"Marinette-Iron Mountain, WI-MI",Green Bay,3,26109,,,Nicolet National Bank,Menominee,WI,2019_57038_2
54301,DIF,N,United States,54401,OCC,48140,444956,Wisconsin,9/6/2005,2019,Comptroller of the Currency,11,55,M,9,0,United States,"NICOLET BANKSHARES, INC.",0,3,0,2582354,,Wausau,ONE,CB,US_Streets,,FED,0,,0,111 N. Washington Street,554,21150,3103603,73,57038,44.922181,WI,4,CALL,0,Chicago,2941068,Wausau - Rib Mountain Branch,1,,Marathon,COMMERCIAL LENDING,Central District,0,4/26/2013,0,20,,WI,1,Wisconsin,7,OCC,Chicago,3048098,,0,"3845 Rib Mountain Drive, Suite 1",-89.652476,,GREEN BAY,55009,"Wausau-Stevens Point-Wisconsin Rapids, WI",Green Bay,3,55073,,"Wausau-Weston, WI",Nicolet National Bank,Wausau,WI,2019_57038_20
54301,DIF,N,United States,54548,OCC,0,452500,Wisconsin,6/26/2006,2019,Comptroller of the Currency,11,55,M,9,0,United States,"NICOLET BANKSHARES, INC.",0,3,0,2582354,,Minocqua,ONE,CB,US_Streets,,FED,0,,0,111 N. Washington Street,0,24127,3103603,85,57038,45.88805,WI,4,CALL,0,Chicago,2941068,Minocqua Branch,0,,Oneida,COMMERCIAL LENDING,Central District,0,4/26/2013,0,21,,WI,1,Wisconsin,7,OCC,Chicago,3048098,,0,"8744 Us Highway 51 N, Suite 4",-89.703278,,GREEN BAY,55009,,Green Bay,3,55085,,,Nicolet National Bank,Minocqua,WI,2019_57038_21
54301,DIF,N,United States,54521,OCC,0,463064,Wisconsin,5/7/2007,2019,Comptroller of the Currency,11,55,M,9,0,United States,"NICOLET BANKSHARES, INC.",0,3,0,2582354,,Eagle River,ONE,CB,US_Streets,,FED,0,,0,111 N. Washington Street,0,21439,3103603,125,57038,45.913922,WI,4,CALL,0,Chicago,2941068,Eagle River Branch,0,,Vilas,COMMERCIAL LENDING,Central District,0,4/26/2013,0,22,,WI,1,Wisconsin,7,OCC,Chicago,3048098,,0,"325 West Pine Street, Suite 1",-89.253582,,GREEN BAY,55009,,Green Bay,3,55125,,,Nicolet National Bank,Eagle River,WI,2019_57038_22
54301,DIF,N,United States,54401,OCC,48140,73840,Wisconsin,5/25/1999,2019,Comptroller of the Currency,11,55,M,9,0,United States,"NICOLET BANKSHARES, INC.",0,3,0,2582354,,Wausau,ONE,CB,US_Streets,,FED,0,,0,111 N. Washington Street,554,12627,3103603,73,57038,44.959071,WI,4,CALL,0,Chicago,2941068,Wausau - Stewart Avenue Branch,1,,Marathon,COMMERCIAL LENDING,Central District,0,8/9/2013,0,23,,WI,1,Wisconsin,7,OCC,Chicago,3048098,,0,"2100 Stewart Avenue, Ste 100",-89.660829,,GREEN BAY,55009,"Wausau-Stevens Point-Wisconsin Rapids, WI",Green Bay,3,55073,,"Wausau-Weston, WI",Nicolet National Bank,Wausau,WI,2019_57038_23
54301,DIF,N,United States,54235,OCC,0,8256,Wisconsin,07/22/1876,2019,Comptroller of the Currency,11,55,POINTADDRESS,9,0,United States,"NICOLET BANKSHARES, INC.",0,3,0,2582354,,Sturgeon Bay,ONE,CB,100,,FED,0,,0,111 N. Washington Street,0,202101,3103603,29,57038,44.836855,WI,4,CALL,0,Chicago,2941068,Sturgeon Bay - Downtown Branch,0,,Door,COMMERCIAL LENDING,Central District,0,4/29/2016,0,24,,WI,1,Wisconsin,7,OCC,Chicago,3048098,,0,236 North 4th Avenue,-87.376927,,GREEN BAY,55009,,Green Bay,3,55029,,,Nicolet National Bank,Sturgeon Bay,WI,2019_57038_24
54301,DIF,N,United States,54201,OCC,24580,15283,Wisconsin,6/2/1975,2019,Comptroller of the Currency,11,55,M,9,0,United States,"NICOLET BANKSHARES, INC.",0,3,0,2582354,,Algoma,ONE,CB,US_Streets,,FED,0,,0,111 N. Washington Street,267,34580,3103603,61,57038,44.60761,WI,4,CALL,0,Chicago,2941068,Algoma Branch,1,,Kewaunee,COMMERCIAL LENDING,Central District,0,4/29/2016,0,25,,WI,1,Wisconsin,7,OCC,Chicago,3048098,,0,205 Clark Street,-87.436928,,GREEN BAY,55009,"Green Bay-Shawano, WI",Green Bay,3,55061,,"Green Bay, WI",Nicolet National Bank,Algoma,WI,2019_57038_25
54301,DIF,N,United States,54216,OCC,24580,681,Wisconsin,01/31/1889,2019,Comptroller of the Currency,11,55,M,9,0,United States,"NICOLET BANKSHARES, INC.",0,3,0,2582354,,Kewaunee,ONE,CB,US_Streets,,FED,0,,0,111 N. Washington Street,267,68852,3103603,61,57038,44.468057,WI,4,CALL,0,Chicago,2941068,Kewaunee - Main Street Branch,1,,Kewaunee,COMMERCIAL LENDING,Central District,0,4/29/2016,0,27,,WI,1,Wisconsin,7,OCC,Chicago,3048098,,0,519 Main Street,-87.501499,,GREEN BAY,55009,"Green Bay-Shawano, WI",Green Bay,3,55061,,"Green Bay, WI",Nicolet National Bank,Kewaunee,WI,2019_57038_27
54301,DIF,N,United States,54234,OCC,0,187699,Wisconsin,6/28/1948,2019,Comptroller of the Currency,11,55,PointAddress,9,0,United States,"NICOLET BANKSHARES, INC.",0,3,0,2582354,,Sister Bay,ONE,CB,100,,FED,0,,0,111 N. Washington Street,0,102543,3103603,29,57038,45.18517,WI,4,CALL,0,Chicago,2941068,Sister Bay Branch,0,,Door,COMMERCIAL LENDING,Central District,0,4/29/2016,0,28,,WI,1,Wisconsin,7,OCC,Chicago,3048098,,0,2477 South Bay Shore Drive,-87.130571,,GREEN BAY,55009,,Green Bay,3,55029,,,Nicolet National Bank,Sister Bay,WI,2019_57038_28
54301,DIF,N,United States,54235,OCC,0,187700,Wisconsin,12/2/1902,2019,Comptroller of the Currency,11,55,POINTADDRESS,9,0,United States,"NICOLET BANKSHARES, INC.",0,3,0,2582354,,Sturgeon Bay,ONE,CB,100,,FED,0,,0,111 N. Washington Street,0,52851,3103603,29,57038,44.828987,WI,4,CALL,0,Chicago,2941068,Sturgeon Bay West Side Branch,0,,Door,COMMERCIAL LENDING,Central District,0,4/29/2016,0,29,,WI,1,Wisconsin,7,OCC,Chicago,3048098,,0,34 West Maple Street,-87.385241,,GREEN BAY,55009,,Green Bay,3,55029,,,Nicolet National Bank,Sturgeon Bay,WI,2019_57038_29
54301,DIF,N,United States,54115,OCC,24580,442460,Wisconsin,12/1/2004,2019,Comptroller of the Currency,11,55,M,9,0,United States,"NICOLET BANKSHARES, INC.",0,3,0,2582354,,De Pere,ONE,CB,US_Streets,,FED,0,,0,111 N. Washington Street,267,69864,3103603,9,57038,44.459636,WI,4,CALL,0,Chicago,2941068,De Pere Branch,1,,Brown,COMMERCIAL LENDING,Central District,0,,0,3,,WI,1,Wisconsin,7,OCC,Chicago,3048098,,0,1011 N Broadway,-88.054608,,GREEN BAY,55009,"Green Bay-Shawano, WI",Green Bay,3,55009,,"Green Bay, WI",Nicolet National Bank,De Pere,WI,2019_57038_3
54301,DIF,N,United States,54246,OCC,0,187701,Wisconsin,4/28/1958,2019,Comptroller of the Currency,11,55,PointAddress,9,0,United States,"NICOLET BANKSHARES, INC.",0,3,0,2582354,,Washington Island,ONE,CB,100,,FED,0,,0,111 N. Washington Street,0,23169,3103603,29,57038,45.369498,WI,4,CALL,0,Chicago,2941068,Washington Island Branch,0,,Door,COMMERCIAL LENDING,Central District,0,4/29/2016,0,30,,WI,1,Wisconsin,7,OCC,Chicago,3048098,,0,1131 Main Road,-86.930499,,GREEN BAY,55009,,Green Bay,3,55029,,,Nicolet National Bank,Washington Island,WI,2019_57038_30
54301,DIF,N,United States,54204,OCC,0,187703,Wisconsin,4/16/1968,2019,Comptroller of the Currency,11,55,POSTAL,9,0,United States,"NICOLET BANKSHARES, INC.",0,3,0,2582354,,Brussels,ONE,CB,100,,FED,0,,0,111 N. Washington Street,0,29408,3103603,29,57038,44.763352,WI,4,CALL,0,Chicago,2941068,Brussels Branch,0,,Door,COMMERCIAL LENDING,Central District,0,4/29/2016,0,31,,WI,1,Wisconsin,7,OCC,Chicago,3048098,,0,1364 City Road Dk,-87.664211,,GREEN BAY,55009,,Green Bay,3,55029,,,Nicolet National Bank,Brussels,WI,2019_57038_31
54301,DIF,N,United States,54212,OCC,0,187704,Wisconsin,8/2/1971,2019,Comptroller of the Currency,11,55,STREETADDRESS,9,0,United States,"NICOLET BANKSHARES, INC.",0,3,0,2582354,,Fish Creek,ONE,CB,100,,FED,0,,0,111 N. Washington Street,0,40907,3103603,29,57038,45.127137,WI,4,CALL,0,Chicago,2941068,Fish Creek Branch,0,,Door,COMMERCIAL LENDING,Central District,0,4/29/2016,0,32,,WI,1,Wisconsin,7,OCC,Chicago,3048098,,0,9405 State Highway 42,-87.246815,,GREEN BAY,55009,,Green Bay,3,55029,,,Nicolet National Bank,Fish Creek,WI,2019_57038_32
54301,DIF,N,United States,54209,OCC,0,187705,Wisconsin,5/21/1979,2019,Comptroller of the Currency,11,55,POINTADDRESS,9,0,United States,"NICOLET BANKSHARES, INC.",0,3,0,2582354,,Egg Harbor,ONE,CB,100,,FED,0,,0,111 N. Washington Street,0,43360,3103603,29,57038,45.052008,WI,4,CALL,0,Chicago,2941068,Egg Harbor Branch,0,,Door,COMMERCIAL LENDING,Central District,0,4/29/2016,0,33,,WI,1,Wisconsin,7,OCC,Chicago,3048098,,0,7842 Hwy 42,-87.280582,,GREEN BAY,55009,,Green Bay,3,55029,,,Nicolet National Bank,Egg Harbor,WI,2019_57038_33
54301,DIF,N,United States,54210,OCC,0,187706,Wisconsin,5/21/1979,2019,Comptroller of the Currency,11,55,POINTADDRESS,9,0,United States,"NICOLET BANKSHARES, INC.",0,3,0,2582354,,Ellison Bay,ONE,CB,100,,FED,0,,0,111 N. Washington Street,0,25038,3103603,29,57038,45.255565,WI,4,CALL,0,Chicago,2941068,Ellison Bay Branch,0,,Door,COMMERCIAL LENDING,Central District,0,4/29/2016,0,34,,WI,1,Wisconsin,7,OCC,Chicago,3048098,,0,12046 Highway 42,-87.070881,,GREEN BAY,55009,,Green Bay,3,55029,,,Nicolet National Bank,Ellison Bay,WI,2019_57038_34
54301,DIF,N,United States,54311,OCC,24580,228827,Wisconsin,3/4/1996,2019,Comptroller of the Currency,11,55,PointAddress,9,0,United States,"NICOLET BANKSHARES, INC.",0,3,0,2582354,,Green Bay,ONE,CB,100,,FED,0,,0,111 N. Washington Street,267,75548,3103603,9,57038,44.48388,WI,4,CALL,0,Chicago,2941068,Green Bay - Huron Road Branch,1,,Brown,COMMERCIAL LENDING,Central District,0,4/29/2016,0,35,,WI,1,Wisconsin,7,OCC,Chicago,3048098,,0,920 S Huron Road,-87.918291,,GREEN BAY,55009,"Green Bay-Shawano, WI",Green Bay,3,55009,,"Green Bay, WI",Nicolet National Bank,Green Bay,WI,2019_57038_35
54301,DIF,N,United States,54165,OCC,11540,229372,Wisconsin,11/1/1993,2019,Comptroller of the Currency,11,55,StreetAddress,9,0,United States,"NICOLET BANKSHARES, INC.",0,3,0,2582354,,Seymour,ONE,CB,100,,FED,0,,0,111 N. Washington Street,118,50519,3103603,87,57038,44.50059,WI,4,CALL,0,Chicago,2941068,Seymour Branch,1,,Outagamie,COMMERCIAL LENDING,Central District,0,4/29/2016,0,37,,WI,1,Wisconsin,7,OCC,Chicago,3048098,,0,106 E State Rd 54,-88.330504,,GREEN BAY,55009,"Appleton-Oshkosh-Neenah, WI",Green Bay,3,55087,,"Appleton, WI",Nicolet National Bank,Seymour,WI,2019_57038_37
54301,DIF,N,United States,54114,OCC,0,457302,Wisconsin,8/1/2006,2019,Comptroller of the Currency,11,55,M,9,0,United States,"NICOLET BANKSHARES, INC.",0,3,0,2582354,,Crivitz,ONE,CB,US_Streets,,FED,0,,0,111 N. Washington Street,361,32492,3103603,75,57038,45.228013,WI,4,CALL,0,Chicago,2941068,Crivitz Branch,0,,Marinette,COMMERCIAL LENDING,Central District,0,,1,4,,WI,1,Wisconsin,7,OCC,Chicago,3048098,,0,315 N Us Hwy 141,-87.996745,,GREEN BAY,55009,"Marinette-Iron Mountain, WI-MI",Green Bay,3,55075,,,Nicolet National Bank,Crivitz,WI,2019_57038_4
54301,DIF,N,United States,54217,OCC,24580,362932,Wisconsin,1/21/2002,2019,Comptroller of the Currency,11,55,StreetAddress,9,0,United States,"NICOLET BANKSHARES, INC.",0,3,0,2582354,,Luxemburg,ONE,CB,100,,FED,0,,0,111 N. Washington Street,267,29342,3103603,61,57038,44.545277,WI,4,CALL,0,Chicago,2941068,Luxemburg Branch,1,,Kewaunee,COMMERCIAL LENDING,Central District,0,4/29/2016,0,40,,WI,1,Wisconsin,7,OCC,Chicago,3048098,,0,210 Center Drive,-87.707012,,GREEN BAY,55009,"Green Bay-Shawano, WI",Green Bay,3,55061,,"Green Bay, WI",Nicolet National Bank,Luxemburg,WI,2019_57038_40
54301,DIF,N,United States,54115,OCC,24580,428801,Wisconsin,5/10/2004,2019,Comptroller of the Currency,11,55,M,9,0,United States,"NICOLET BANKSHARES, INC.",0,3,0,2582354,,De Pere,ONE,CB,US_RoofTop,,FED,0,,0,111 N. Washington Street,267,40090,3103603,9,57038,44.430856,WI,4,CALL,0,Chicago,2941068,West De Pere Branch,1,,Brown,COMMERCIAL LENDING,Central District,0,4/29/2016,0,41,,WI,1,Wisconsin,7,OCC,Chicago,3048098,,0,1450 Scheuring Road,-88.102529,,GREEN BAY,55009,"Green Bay-Shawano, WI",Green Bay,3,55009,,"Green Bay, WI",Nicolet National Bank,De Pere,WI,2019_57038_41
54301,DIF,N,United States,54313,OCC,24580,466308,Wisconsin,8/1/2006,2019,Comptroller of the Currency,11,55,M,9,0,United States,"NICOLET BANKSHARES, INC.",0,3,0,2582354,,Green Bay,ONE,CB,US_Streets,,FED,0,,0,111 N. Washington Street,267,37924,3103603,9,57038,44.590941,WI,4,CALL,0,Chicago,2941068,Suamico Branch,1,,Brown,COMMERCIAL LENDING,Central District,0,4/29/2016,0,42,,WI,1,Wisconsin,7,OCC,Chicago,3048098,,0,2502 Lineville Rd,-88.078154,,GREEN BAY,55009,"Green Bay-Shawano, WI",Green Bay,3,55009,,"Green Bay, WI",Nicolet National Bank,Green Bay,WI,2019_57038_42
54301,DIF,N,United States,54914,OCC,11540,426764,Wisconsin,3/15/2004,2019,Comptroller of the Currency,11,55,M,9,0,United States,"NICOLET BANKSHARES, INC.",0,3,0,2582354,,Appleton,ONE,CB,US_Streets,,FED,0,,0,111 N. Washington Street,118,76533,3103603,87,57038,44.259283,WI,4,CALL,0,Chicago,2941068,Appleton - Nicolet Road Branch,1,,Outagamie,COMMERCIAL LENDING,Central District,0,4/29/2016,0,43,,WI,1,Wisconsin,7,OCC,Chicago,3048098,,0,333 South Nicolet Road,-88.469253,,GREEN BAY,55009,"Appleton-Oshkosh-Neenah, WI",Green Bay,3,55087,,"Appleton, WI",Nicolet National Bank,Appleton,WI,2019_57038_43
54301,DIF,N,United States,54216,OCC,24580,232101,Wisconsin,2/26/1996,2019,Comptroller of the Currency,11,55,M,9,0,United States,"NICOLET BANKSHARES, INC.",0,3,0,2582354,,Kewaunee,ONE,CB,US_Streets,,FED,0,,0,111 N. Washington Street,267,31493,3103603,61,57038,44.454235,WI,4,CALL,0,Chicago,2941068,Kewaunee - Marquette Drive Branch,1,,Kewaunee,COMMERCIAL LENDING,Central District,0,4/29/2016,0,45,,WI,1,Wisconsin,7,OCC,Chicago,3048098,,0,931 Marquette Drive,-87.527699,,GREEN BAY,55009,"Green Bay-Shawano, WI",Green Bay,3,55061,,"Green Bay, WI",Nicolet National Bank,Kewaunee,WI,2019_57038_45
54301,DIF,N,United States,54956,OCC,36780,3572,Wisconsin,01/01/1887,2019,Comptroller of the Currency,11,55,M,9,0,United States,"NICOLET BANKSHARES, INC.",0,3,0,2582354,,Neenah,ONE,CB,US_Streets,,FED,0,,0,111 N. Washington Street,118,107783,3103603,139,57038,44.176278,WI,4,CALL,0,Chicago,2941068,Neenah Branch,1,,Winnebago,COMMERCIAL LENDING,Central District,0,4/28/2017,0,47,,WI,1,Wisconsin,7,OCC,Chicago,3048098,,0,550 South Green Bay Road,-88.484849,,GREEN BAY,55009,"Appleton-Oshkosh-Neenah, WI",Green Bay,3,55139,,"Oshkosh-Neenah, WI",Nicolet National Bank,Neenah,WI,2019_57038_47
54301,DIF,N,United States,54952,OCC,36780,207498,Wisconsin,11/9/1992,2019,Comptroller of the Currency,11,55,M,9,0,United States,"NICOLET BANKSHARES, INC.",0,3,0,2582354,,Menasha,ONE,CB,US_Streets,,FED,0,,0,111 N. Washington Street,118,41884,3103603,139,57038,44.205177,WI,4,CALL,0,Chicago,2941068,Menasha Branch,1,,Winnebago,COMMERCIAL LENDING,Central District,0,4/28/2017,0,48,,WI,1,Wisconsin,7,OCC,Chicago,3048098,,0,320 Racine Street,-88.446197,,GREEN BAY,55009,"Appleton-Oshkosh-Neenah, WI",Green Bay,3,55139,,"Oshkosh-Neenah, WI",Nicolet National Bank,Menasha,WI,2019_57038_48
54301,DIF,N,United States,54902,OCC,36780,358706,Wisconsin,12/27/1999,2019,Comptroller of the Currency,11,55,M,9,0,United States,"NICOLET BANKSHARES, INC.",0,3,0,2582354,,Oshkosh,ONE,CB,US_Streets,,FED,0,,0,111 N. Washington Street,118,45025,3103603,139,57038,44.023572,WI,4,CALL,0,Chicago,2941068,Oshkosh Branch,1,,Winnebago,COMMERCIAL LENDING,Central District,0,4/28/2017,0,49,,WI,1,Wisconsin,7,OCC,Chicago,3048098,,0,400 North Koeller Street,-88.581462,,GREEN BAY,55009,"Appleton-Oshkosh-Neenah, WI",Green Bay,3,55139,,"Oshkosh-Neenah, WI",Nicolet National Bank,Oshkosh,WI,2019_57038_49
54301,DIF,N,United States,54915,OCC,11540,419947,Wisconsin,6/16/2003,2019,Comptroller of the Currency,11,55,M,9,0,United States,"NICOLET BANKSHARES, INC.",0,3,0,2582354,,Appleton,ONE,CB,US_Streets,,FED,0,,0,111 N. Washington Street,118,65716,3103603,87,57038,44.243882,WI,4,CALL,0,Chicago,2941068,Appleton East Branch,1,,Outagamie,COMMERCIAL LENDING,Central District,0,4/28/2017,0,50,,WI,1,Wisconsin,7,OCC,Chicago,3048098,,0,3111 East Calumet Street,-88.372215,,GREEN BAY,55009,"Appleton-Oshkosh-Neenah, WI",Green Bay,3,55087,,"Appleton, WI",Nicolet National Bank,Appleton,WI,2019_57038_50
54301,DIF,N,United States,54914,OCC,11540,563037,Wisconsin,12/4/2014,2019,Comptroller of the Currency,11,55,POINTADDRESS,9,0,United States,"NICOLET BANKSHARES, INC.",0,3,0,2582354,,Appleton,ONE,CB,100,,FED,0,,0,111 N. Washington Street,118,25662,3103603,87,57038,44.287153,WI,4,CALL,0,Chicago,2941068,Appleton North Branch,1,,Outagamie,COMMERCIAL LENDING,Central District,0,4/28/2017,0,51,,WI,1,Wisconsin,7,OCC,Chicago,3048098,,0,835 West Northland Avenue,-88.418872,,GREEN BAY,55009,"Appleton-Oshkosh-Neenah, WI",Green Bay,3,55087,,"Appleton, WI",Nicolet National Bank,Appleton,WI,2019_57038_51
54301,DIF,N,United States,54304,OCC,24580,492385,Wisconsin,12/10/2007,2019,Comptroller of the Currency,11,55,M,9,0,United States,"NICOLET BANKSHARES, INC.",0,3,0,2582354,,Green Bay,ONE,CB,100,,FED,0,,0,111 N. Washington Street,267,63047,3103603,9,57038,44.48601,WI,4,CALL,0,Chicago,2941068,Ashwaubenon Branch,1,,Brown,COMMERCIAL LENDING,Central District,0,7/23/2010,0,6,,WI,1,Wisconsin,7,OCC,Chicago,3048098,,0,2363 Holmgren Way,-88.060549,,GREEN BAY,55009,"Green Bay-Shawano, WI",Green Bay,3,55009,,"Green Bay, WI",Nicolet National Bank,Green Bay,WI,2019_57038_6
54301,DIF,N,United States,54303,OCC,24580,512335,Wisconsin,12/17/2001,2019,Comptroller of the Currency,11,55,PointAddress,9,0,United States,"NICOLET BANKSHARES, INC.",0,3,0,2582354,,Green Bay,ONE,CB,100,,FED,0,,0,111 N. Washington Street,267,50494,3103603,9,57038,44.541936,WI,4,CALL,0,Chicago,2941068,Howard Branch,1,,Brown,COMMERCIAL LENDING,Central District,0,7/23/2010,0,7,,WI,1,Wisconsin,7,OCC,Chicago,3048098,,0,2380 Duck Creek Parkway Suite 100,-88.078523,,GREEN BAY,55009,"Green Bay-Shawano, WI",Green Bay,3,55009,,"Green Bay, WI",Nicolet National Bank,Green Bay,WI,2019_57038_7
54301,DIF,N,United States,54115,OCC,24580,512338,Wisconsin,9/20/2004,2019,Comptroller of the Currency,11,55,M,9,0,United States,"NICOLET BANKSHARES, INC.",0,3,0,2582354,,De Pere,ONE,CB,US_Zipcode,,FED,0,,0,111 N. Washington Street,267,70199,3103603,9,57038,44.404081,WI,4,CALL,0,Chicago,2941068,Bellevue - Monroe Rd Branch,1,,Brown,COMMERCIAL LENDING,Central District,0,7/23/2010,0,8,,WI,1,Wisconsin,7,OCC,Chicago,3048098,,0,2082 Monroe Road,-88.092442,,GREEN BAY,55009,"Green Bay-Shawano, WI",Green Bay,3,55009,,"Green Bay, WI",Nicolet National Bank,De Pere,WI,2019_57038_8
53202,DIF,SB,United States,53202,OCC,33340,357285,Wisconsin,4/6/2001,2019,Comptroller of the Currency,11,55,M,9,16662,,,1,1,50500,50500,,Milwaukee,NONE,SA,US_Streets,M,FED,1,,0,"611 E Wisconsin Avenue, Ste. 100",376,50500,0,79,57093,43.038856,WI,5,CALL,0,Chicago,3017081,Northwestern Mutual Wealth Management,1,,Milwaukee,MORTGAGE LENDING,Northeast District,0,,0,0,,WI,1,Wisconsin,7,OCC,Chicago,288645,,0,"611 E Wisconsin Avenue, Ste. 100",-87.903888,,,55079,"Milwaukee-Racine-Waukesha, WI",Milwaukee,33,55079,,"Milwaukee-Waukesha, WI",Northwestern Mutual Wealth Management,Milwaukee,,2019_57093_0
54720,DIF,N,United States,54720,OCC,20740,360330,Wisconsin,12/10/2001,2019,Comptroller of the Currency,11,55,POINTADDRESS,9,17873,United States,"CITIZENS COMMUNITY BANCORP, INC.",0,3,1019695,1019695,,Altoona,ONE,CB,100,M,FED,1,,0,219 Fairfax Street,232,214437,3823929,35,57265,44.806799,WI,4,CALL,0,Chicago,962890,Citizens Community Federal National Association,1,,Eau Claire,COMMERCIAL LENDING,Central District,0,,0,0,,WI,1,Wisconsin,9,OCC,Minneapolis,1327825,,0,219 Fairfax Street,-91.468362,,EAU CLAIRE,55035,"Eau Claire-Menomonie, WI",Altoona,3,55035,,"Eau Claire, WI",Citizens Community Federal National Association,Altoona,WI,2019_57265_0
54720,DIF,N,United States,54729,OCC,20740,251260,Wisconsin,6/13/1990,2019,Comptroller of the Currency,12,55,STREETADDRESS,9,17873,United States,"CITIZENS COMMUNITY BANCORP, INC.",0,3,0,1019695,,Chippewa Falls,ONE,CB,100,,FED,0,,0,219 Fairfax Street,232,23637,3823929,17,57265,44.882349,WI,4,CALL,0,Chicago,962890,Chippewa Falls Hallie Branch,1,,Chippewa,COMMERCIAL LENDING,Central District,0,11/1/2002,0,1,,WI,1,Wisconsin,9,OCC,Minneapolis,1327825,,0,2727 Commercial Blvd,-91.418984,,EAU CLAIRE,55035,"Eau Claire-Menomonie, WI",Altoona,3,55017,,"Eau Claire, WI",Citizens Community Federal National Association,Chippewa Falls,WI,2019_57265_1
54720,DIF,N,United States,55021,OCC,0,495204,Wisconsin,9/8/2008,2019,Comptroller of the Currency,12,27,SUBADDRESS,9,17873,United States,"CITIZENS COMMUNITY BANCORP, INC.",0,3,0,1019695,,Faribault,ONE,CB,99.55,,FED,0,,0,219 Fairfax Street,378,31480,3823929,131,57265,44.293176,WI,4,CALL,0,Chicago,962890,Faribault,0,,Rice,COMMERCIAL LENDING,Central District,0,,1,19,,MN,1,Minnesota,9,OCC,Minneapolis,1327825,,0,"300 Western Ave, Ste. 100",-93.302942,,EAU CLAIRE,55035,"Minneapolis-St. Paul, MN-WI",Altoona,3,27131,,,Citizens Community Federal National Association,Faribault,WI,2019_57265_19
54720,DIF,N,United States,54703,OCC,20740,495206,Wisconsin,12/11/2001,2019,Comptroller of the Currency,11,55,PointAddress,9,17873,United States,"CITIZENS COMMUNITY BANCORP, INC.",0,3,0,1019695,,Eau Claire,ONE,CB,100,,FED,0,,0,219 Fairfax Street,232,29205,3823929,35,57265,44.81348,WI,4,CALL,0,Chicago,962890,Cameron Branch,1,,Eau Claire,COMMERCIAL LENDING,Central District,0,,0,21,,WI,1,Wisconsin,9,OCC,Minneapolis,1327825,,0,2125 Cameron St,-91.538031,,EAU CLAIRE,55035,"Eau Claire-Menomonie, WI",Altoona,3,55035,,"Eau Claire, WI",Citizens Community Federal National Association,Eau Claire,WI,2019_57265_21
54720,DIF,N,United States,55128,OCC,33460,495213,Wisconsin,10/1/2004,2019,Comptroller of the Currency,11,27,StreetAddress,9,17873,United States,"CITIZENS COMMUNITY BANCORP, INC.",0,3,0,1019695,,Saint Paul,ONE,CB,100,,FED,0,,0,219 Fairfax Street,378,27780,3823929,163,57265,44.963137,WI,4,CALL,0,Chicago,962890,Oakdale Branch,1,,Washington,COMMERCIAL LENDING,Central District,0,,0,27,,MN,1,Minnesota,9,OCC,Minneapolis,1327825,,0,7035 10th Street N,-92.963705,,EAU CLAIRE,55035,"Minneapolis-St. Paul, MN-WI",Altoona,3,27163,,"Minneapolis-St. Paul-Bloomington, MN-WI",Citizens Community Federal National Association,Oakdale,WI,2019_57265_27
54720,DIF,N,United States,54868,OCC,0,557350,Wisconsin,12/2/2013,2019,Comptroller of the Currency,11,55,StreetAddress,9,17873,United States,"CITIZENS COMMUNITY BANCORP, INC.",0,3,0,1019695,,Rice Lake,ONE,CB,100,,FED,0,,0,219 Fairfax Street,0,29656,3823929,5,57265,45.473775,WI,4,CALL,0,Chicago,962890,Rice Lake Traditional Branch,0,,Barron,COMMERCIAL LENDING,Central District,0,,0,32,,WI,1,Wisconsin,9,OCC,Minneapolis,1327825,,0,2850 Decker Drive,-91.754618,,EAU CLAIRE,55035,,Altoona,3,55005,,,Citizens Community Federal National Association,Rice Lake,WI,2019_57265_32
54720,DIF,N,United States,54812,OCC,0,3602,Wisconsin,1/1/1916,2019,Comptroller of the Currency,11,55,M,9,17873,United States,"CITIZENS COMMUNITY BANCORP, INC.",0,3,0,1019695,,Barron,ONE,CB,US_Streets,,FED,0,,0,219 Fairfax Street,0,30056,3823929,5,57265,45.399815,WI,4,CALL,0,Chicago,962890,Barron Branch,0,,Barron,COMMERCIAL LENDING,Central District,0,2/5/2016,0,33,,WI,1,Wisconsin,9,OCC,Minneapolis,1327825,,0,436 East La Salle Avenue,-91.852057,,EAU CLAIRE,55035,,Altoona,3,55005,,,Citizens Community Federal National Association,Barron,WI,2019_57265_33
54720,DIF,N,United States,54868,OCC,0,4177,Wisconsin,5/5/1919,2019,Comptroller of the Currency,11,55,M,9,17873,United States,"CITIZENS COMMUNITY BANCORP, INC.",0,3,0,1019695,,Rice Lake,ONE,CB,100,,FED,0,,0,219 Fairfax Street,0,44846,3823929,5,57265,45.509085,WI,4,CALL,0,Chicago,962890,Rice Lake Knapp Street Branch,0,,Barron,COMMERCIAL LENDING,Central District,0,5/16/2016,0,34,,WI,1,Wisconsin,9,OCC,Minneapolis,1327825,,0,1204 West Knapp Street,-91.751956,,EAU CLAIRE,55035,,Altoona,3,55005,,,Citizens Community Federal National Association,Rice Lake,WI,2019_57265_34
54720,DIF,N,United States,54848,OCC,0,359378,Wisconsin,2/5/2001,2019,Comptroller of the Currency,11,55,STREETADDRESS,9,17873,United States,"CITIZENS COMMUNITY BANCORP, INC.",0,3,0,1019695,,Ladysmith,ONE,CB,100,,FED,0,,0,219 Fairfax Street,0,25881,3823929,107,57265,45.464112,WI,4,CALL,0,Chicago,962890,Ladysmith Branch,0,,Rusk,COMMERCIAL LENDING,Central District,0,5/16/2016,0,36,,WI,1,Wisconsin,9,OCC,Minneapolis,1327825,,0,810 Miner Avenue West,-91.11015,,EAU CLAIRE,55035,,Altoona,3,55107,,,Citizens Community Federal National Association,Ladysmith,WI,2019_57265_36
54720,DIF,N,United States,54801,OCC,0,477903,Wisconsin,4/1/2008,2019,Comptroller of the Currency,11,55,POINTADDRESS,9,17873,United States,"CITIZENS COMMUNITY BANCORP, INC.",0,3,0,1019695,,Spooner,ONE,CB,100,,FED,0,,0,219 Fairfax Street,0,75807,3823929,129,57265,45.82544,WI,4,CALL,0,Chicago,962890,Spooner Branch,0,,Washburn,COMMERCIAL LENDING,Central District,0,5/16/2016,0,37,,WI,1,Wisconsin,9,OCC,Minneapolis,1327825,,0,322 North River Street,-91.889033,,EAU CLAIRE,55035,,Altoona,3,55129,,,Citizens Community Federal National Association,Spooner,WI,2019_57265_37
54720,DIF,N,United States,56097,OCC,0,41975,Wisconsin,9/1/1934,2019,Comptroller of the Currency,11,27,PointAddress,9,17873,United States,"CITIZENS COMMUNITY BANCORP, INC.",0,3,0,1019695,,Wells,ONE,CB,98.06,,FED,0,,0,219 Fairfax Street,0,44785,3823929,43,57265,43.744266,WI,4,CALL,0,Chicago,962890,Wells Branch,0,,Faribault,COMMERCIAL LENDING,Central District,0,8/19/2017,0,39,,MN,1,Minnesota,9,OCC,Minneapolis,1327825,,0,"53 First Streeet, S.W.",-93.726252,,EAU CLAIRE,55035,,Altoona,3,27043,,,Citizens Community Federal National Association,Wells,WI,2019_57265_39
54720,DIF,N,United States,56013,OCC,0,273169,Wisconsin,9/1/1934,2019,Comptroller of the Currency,11,27,M,9,17873,United States,"CITIZENS COMMUNITY BANCORP, INC.",0,3,0,1019695,,Blue Earth,ONE,CB,US_Streets,,FED,0,,0,219 Fairfax Street,0,26614,3823929,43,57265,43.636514,WI,4,CALL,0,Chicago,962890,Blue Earth Branch,0,,Faribault,COMMERCIAL LENDING,Central District,0,8/19/2017,0,40,,MN,1,Minnesota,9,OCC,Minneapolis,1327825,,0,303 South Main Street,-94.102309,,EAU CLAIRE,55035,,Altoona,3,27043,,,Citizens Community Federal National Association,Blue Earth,WI,2019_57265_40
54720,DIF,N,United States,56031,OCC,0,273171,Wisconsin,9/1/1934,2019,Comptroller of the Currency,11,27,M,9,17873,United States,"CITIZENS COMMUNITY BANCORP, INC.",0,3,0,1019695,,Fairmont,ONE,CB,US_Streets,,FED,0,,0,219 Fairfax Street,0,20007,3823929,91,57265,43.624952,WI,4,CALL,0,Chicago,962890,Fair Mall Shopping Center Branch,0,,Martin,COMMERCIAL LENDING,Central District,0,8/19/2017,1,42,,MN,1,Minnesota,9,OCC,Minneapolis,1327825,,0,1015 Hwy 15 S,-94.447681,,EAU CLAIRE,55035,,Altoona,3,27091,,,Citizens Community Federal National Association,Fairmont,WI,2019_57265_42
54720,DIF,N,United States,56007,OCC,0,273173,Wisconsin,6/30/1988,2019,Comptroller of the Currency,11,27,M,9,17873,United States,"CITIZENS COMMUNITY BANCORP, INC.",0,3,0,1019695,,Albert Lea,ONE,CB,US_Streets,,FED,0,,0,219 Fairfax Street,0,37011,3823929,47,57265,43.683284,WI,4,CALL,0,Chicago,962890,Skyline Shopping Center Branch,0,,Freeborn,COMMERCIAL LENDING,Central District,0,8/19/2017,1,43,,MN,1,Minnesota,9,OCC,Minneapolis,1327825,,0,2630 Bridge Ave,-93.358855,,EAU CLAIRE,55035,,Altoona,3,27047,,,Citizens Community Federal National Association,Albert Lea,WI,2019_57265_43
54720,DIF,N,United States,56082,OCC,31860,273174,Wisconsin,7/3/1989,2019,Comptroller of the Currency,11,27,POINTADDRESS,9,17873,United States,"CITIZENS COMMUNITY BANCORP, INC.",0,3,0,1019695,,Saint Peter,ONE,CB,100,,FED,0,,0,219 Fairfax Street,359,21179,3823929,103,57265,44.316674,WI,4,CALL,0,Chicago,962890,St. Peter Branch,1,,Nicollet,COMMERCIAL LENDING,Central District,0,8/19/2017,0,44,,MN,1,Minnesota,9,OCC,Minneapolis,1327825,,0,1123 South Minnesota Ave,-93.963548,,EAU CLAIRE,55035,"Mankato-New Ulm, MN",Altoona,3,27103,,"Mankato, MN",Citizens Community Federal National Association,Saint Peter,WI,2019_57265_44
54720,DIF,N,United States,56068,OCC,0,3498,Wisconsin,11/1/1902,2019,Comptroller of the Currency,11,27,M,9,17873,United States,"CITIZENS COMMUNITY BANCORP, INC.",0,3,0,1019695,,Minnesota Lake,ONE,CB,89,,FED,0,,0,219 Fairfax Street,0,13567,3823929,43,57265,43.841022,WI,4,CALL,0,Chicago,962890,Minnesota Lake Branch,0,,Faribault,COMMERCIAL LENDING,Central District,0,8/19/2017,0,46,,MN,1,Minnesota,9,OCC,Minneapolis,1327825,,0,104 Main Street,-93.832681,,EAU CLAIRE,55035,,Altoona,3,27043,,,Citizens Community Federal National Association,Minnesota Lake,WI,2019_57265_46
54720,DIF,N,United States,56081,OCC,0,43905,Wisconsin,1/1/1958,2019,Comptroller of the Currency,11,27,StreetAddress,9,17873,United States,"CITIZENS COMMUNITY BANCORP, INC.",0,3,0,1019695,,Saint James,ONE,CB,100,,FED,0,,0,219 Fairfax Street,0,16171,3823929,165,57265,43.981618,WI,4,CALL,0,Chicago,962890,St. James Branch,0,,Watonwan,COMMERCIAL LENDING,Central District,0,8/19/2017,0,47,,MN,1,Minnesota,9,OCC,Minneapolis,1327825,,0,501 1st Ave S,-94.629423,,EAU CLAIRE,55035,,Altoona,3,27165,,,Citizens Community Federal National Association,Saint James,WI,2019_57265_47
54720,DIF,N,United States,54011,OCC,33460,597900,Wisconsin,5/14/2018,2019,Comptroller of the Currency,11,55,POINTADDRESS,9,17873,United States,"CITIZENS COMMUNITY BANCORP, INC.",0,3,0,1019695,,Ellsworth,ONE,CB,99.55,,FED,0,,0,219 Fairfax Street,378,18957,3823929,93,57265,44.733835,WI,4,CALL,0,Chicago,962890,Ellsworth Branch,1,,Pierce,COMMERCIAL LENDING,Central District,0,,0,48,,WI,1,Wisconsin,9,OCC,Minneapolis,1327825,,0,218 North Broadway Street,-92.466585,,EAU CLAIRE,55035,"Minneapolis-St. Paul, MN-WI",Altoona,3,55093,,"Minneapolis-St. Paul-Bloomington, MN-WI",Citizens Community Federal National Association,Ellsworth,WI,2019_57265_48
54720,DIF,N,United States,56001,OCC,31860,603020,Wisconsin,12/5/2017,2019,Comptroller of the Currency,12,27,EXACT,9,17873,United States,"CITIZENS COMMUNITY BANCORP, INC.",0,3,0,1019695,,Mankato,ONE,CB,100,,FED,0,,0,219 Fairfax Street,359,64569,3823929,13,57265,44.180273,WI,4,CALL,0,Chicago,962890,Mankato,1,,Blue Earth,COMMERCIAL LENDING,Central District,0,,0,49,,MN,1,Minnesota,9,OCC,Minneapolis,1327825,,0,180 St Andrews Dr,-93.960304,,EAU CLAIRE,55035,"Mankato-New Ulm, MN",Altoona,3,27013,,"Mankato, MN",Citizens Community Federal National Association,Mankato,WI,2019_57265_49
54720,DIF,N,United States,54758,OCC,0,9146,Wisconsin,12/23/1911,2019,Comptroller of the Currency,11,55,M,9,17873,United States,"CITIZENS COMMUNITY BANCORP, INC.",0,3,0,1019695,,Osseo,ONE,CB,US_Streets,,FED,0,,0,219 Fairfax Street,0,50804,3823929,121,57265,44.576717,WI,4,CALL,0,Chicago,962890,United Bank Osseo Branch,0,,Trempealeau,COMMERCIAL LENDING,Central District,0,10/19/2018,0,50,,WI,1,Wisconsin,9,OCC,Minneapolis,1327825,,0,50518 Charles Street,-91.222851,,EAU CLAIRE,55035,,Altoona,3,55121,,,Citizens Community Federal National Association,Osseo,WI,2019_57265_50
54720,DIF,N,United States,54627,OCC,0,8091,Wisconsin,4/27/1932,2019,Comptroller of the Currency,11,55,M,9,17873,United States,"CITIZENS COMMUNITY BANCORP, INC.",0,3,0,1019695,,Ettrick,ONE,CB,US_Streets,,FED,0,,0,219 Fairfax Street,0,24099,3823929,121,57265,44.169387,WI,4,CALL,0,Chicago,962890,Ettrick Branch,0,,Trempealeau,COMMERCIAL LENDING,Central District,0,10/19/2018,0,51,,WI,1,Wisconsin,9,OCC,Minneapolis,1327825,,0,22818 North Main,-91.268522,,EAU CLAIRE,55035,,Altoona,3,55121,,,Citizens Community Federal National Association,Ettrick,WI,2019_57265_51
54720,DIF,N,United States,54738,OCC,0,227865,Wisconsin,8/22/1935,2019,Comptroller of the Currency,11,55,M,9,17873,United States,"CITIZENS COMMUNITY BANCORP, INC.",0,3,0,1019695,,Eleva,ONE,CB,US_Streets,,FED,0,,0,219 Fairfax Street,0,21202,3823929,121,57265,44.576796,WI,4,CALL,0,Chicago,962890,Eleva Branch,0,,Trempealeau,COMMERCIAL LENDING,Central District,0,10/19/2018,0,52,,WI,1,Wisconsin,9,OCC,Minneapolis,1327825,,0,50659 Main St North,-91.469973,,EAU CLAIRE,55035,,Altoona,3,55121,,,Citizens Community Federal National Association,Eleva,WI,2019_57265_52
54720,DIF,N,United States,54770,OCC,0,227866,Wisconsin,10/16/1935,2019,Comptroller of the Currency,11,55,T,9,17873,United States,"CITIZENS COMMUNITY BANCORP, INC.",0,3,0,1019695,,Strum,ONE,CB,US_Streets,,FED,0,,0,219 Fairfax Street,0,17435,3823929,121,57265,44.549701,WI,4,CALL,0,Chicago,962890,Strum Branch,0,,Trempealeau,COMMERCIAL LENDING,Central District,0,10/19/2018,0,53,,WI,1,Wisconsin,9,OCC,Minneapolis,1327825,,0,131 Fifth Avenue,-91.392665,,EAU CLAIRE,55035,,Altoona,3,55121,,,Citizens Community Federal National Association,Strum,WI,2019_57265_53
54720,DIF,N,United States,54755,OCC,0,231836,Wisconsin,11/30/1992,2019,Comptroller of the Currency,11,55,M,9,17873,United States,"CITIZENS COMMUNITY BANCORP, INC.",0,3,0,1019695,,Mondovi,ONE,CB,US_Streets,,FED,0,,0,219 Fairfax Street,0,14893,3823929,11,57265,44.567777,WI,4,CALL,0,Chicago,962890,Mondovi Branch,0,,Buffalo,COMMERCIAL LENDING,Central District,0,10/19/2018,0,54,,WI,1,Wisconsin,9,OCC,Minneapolis,1327825,,0,203 East Main Street,-91.669307,,EAU CLAIRE,55035,,Altoona,3,55011,,,Citizens Community Federal National Association,Mondovi,WI,2019_57265_54
54720,DIF,N,United States,54701,OCC,20740,445227,Wisconsin,10/3/2005,2019,Comptroller of the Currency,11,55,M,9,17873,United States,"CITIZENS COMMUNITY BANCORP, INC.",0,3,0,1019695,,Eau Claire,ONE,CB,US_Streets,,FED,0,,0,219 Fairfax Street,232,77062,3823929,35,57265,44.783502,WI,4,CALL,0,Chicago,962890,Eau Claire Gateway Drive Office,1,,Eau Claire,COMMERCIAL LENDING,Central District,0,10/19/2018,0,55,,WI,1,Wisconsin,9,OCC,Minneapolis,1327825,,0,3625 Gateway Drive,-91.433621,,EAU CLAIRE,55035,"Eau Claire-Menomonie, WI",Altoona,3,55035,,"Eau Claire, WI",Citizens Community Federal National Association,Eau Claire,WI,2019_57265_55
54720,DIF,N,United States,55066,OCC,0,492574,Wisconsin,3/3/2008,2019,Comptroller of the Currency,12,27,STREETADDRESS,9,17873,United States,"CITIZENS COMMUNITY BANCORP, INC.",0,3,0,1019695,,Red Wing,ONE,CB,100,,FED,0,,0,219 Fairfax Street,378,18555,3823929,49,57265,44.567155,WI,4,CALL,0,Chicago,962890,Red Wing Branch,0,,Goodhue,COMMERCIAL LENDING,Central District,0,,1,8,,MN,1,Minnesota,9,OCC,Minneapolis,1327825,,0,3151 South Service Drive,-92.584012,,EAU CLAIRE,55035,"Minneapolis-St. Paul, MN-WI",Altoona,3,27049,,,Citizens Community Federal National Association,Red Wing,WI,2019_57265_8
53095,DIF,NM,United States,53095,STATE,33340,433911,Wisconsin,8/31/2005,2019,State Agency,11,55,M,9,0,United States,"COMMERCE FINANCIAL HOLDINGS, INC.",0,,582847,582847,,West Bend,ONE,CB,US_RoofTop,M,STATE,1,,0,1700 S Silverbrook Dr,376,335192,3366220,131,58020,43.40001,WI,4,CALL,0,Chicago,3366239,Commerce State Bank,1,,Washington,COMMERCIAL LENDING,Other,0,,0,0,,WI,1,Wisconsin,7,FDIC,Chicago,682411,,0,1700 S Silverbrook Dr,-88.188227,,WEST BEND,55131,"Milwaukee-Racine-Waukesha, WI",West Bend,21,55131,,"Milwaukee-Waukesha, WI",Commerce State Bank,West Bend,WI,2019_58020_0
53095,DIF,NM,United States,53012,STATE,33340,490937,Wisconsin,5/19/2009,2019,State Agency,11,55,STREETNAME,9,0,United States,"COMMERCE FINANCIAL HOLDINGS, INC.",0,,0,582847,,Cedarburg,ONE,CB,100,,STATE,0,,0,1700 S Silverbrook Dr,376,95122,3366220,89,58020,43.324554,WI,4,CALL,0,Chicago,3366239,Cedarburg Branch,1,,Ozaukee,COMMERCIAL LENDING,Other,0,,0,1,,WI,1,Wisconsin,7,FDIC,Chicago,682411,,0,N 301 Washington Avenue,-88.007714,,WEST BEND,55131,"Milwaukee-Racine-Waukesha, WI",West Bend,21,55089,,"Milwaukee-Waukesha, WI",Commerce State Bank,Cedarburg,WI,2019_58020_1
53095,DIF,NM,United States,53122,STATE,33340,569745,Wisconsin,6/8/2015,2019,State Agency,11,55,POINTADDRESS,9,0,United States,"COMMERCE FINANCIAL HOLDINGS, INC.",0,,0,582847,,Elm Grove,ONE,CB,100,,STATE,0,,0,1700 S Silverbrook Dr,376,68125,3366220,133,58020,43.036177,WI,4,CALL,0,Chicago,3366239,Elm Grove Branch,1,,Waukesha,COMMERCIAL LENDING,Other,0,,0,2,,WI,1,Wisconsin,7,FDIC,Chicago,682411,,0,12960 West Bluemound Road,-88.073633,,WEST BEND,55131,"Milwaukee-Racine-Waukesha, WI",West Bend,21,55133,,"Milwaukee-Waukesha, WI",Commerce State Bank,Elm Grove,WI,2019_58020_2
53095,DIF,NM,United States,53081,STATE,43100,602712,Wisconsin,7/9/2018,2019,State Agency,11,55,EXACT,9,0,United States,"COMMERCE FINANCIAL HOLDINGS, INC.",0,,0,582847,,Sheboygan,ONE,CB,100,,STATE,0,,0,1700 S Silverbrook Dr,0,84408,3366220,117,58020,43.756517,WI,4,CALL,0,Chicago,3366239,Sheboygan Branch,1,,Sheboygan,COMMERCIAL LENDING,Other,0,,0,4,,WI,1,Wisconsin,7,FDIC,Chicago,682411,,0,2230 Kohler Memorial Drive,-87.735914,,WEST BEND,55131,,West Bend,21,55117,,"Sheboygan, WI",Commerce State Bank,Sheboygan,WI,2019_58020_4
54904,DIF,NM,United States,54904,STATE,36780,444374,Wisconsin,7/24/2006,2019,State Agency,11,55,STREETNAME,9,0,United States,"CHOICE BANCORP, INC.",0,,314165,314165,,Oshkosh,ONE,CB,95.33,M,STATE,1,,0,1041 N. Westhaven Dr,118,296715,4131153,139,58244,44.023459,WI,4,CALL,0,Chicago,3455236,Choice Bank,1,,Winnebago,COMMERCIAL LENDING,Other,0,,0,0,,WI,1,Wisconsin,7,FDIC,Chicago,444116,,0,1041 N. Westhaven Dr,-88.595238,,OSHKOSH,55139,"Appleton-Oshkosh-Neenah, WI",Oshkosh,21,55139,,"Oshkosh-Neenah, WI",Choice Bank,Oshkosh,WI,2019_58244_0
54904,DIF,NM,United States,54903,STATE,36780,461005,Wisconsin,1/22/2007,2019,State Agency,11,55,M,9,0,United States,"CHOICE BANCORP, INC.",0,,0,314165,,Oshkosh,ONE,CB,US_Streets,,STATE,0,,0,1041 N. Westhaven Dr,118,17449,4131153,139,58244,44.044014,WI,4,CALL,0,Chicago,3455236,Jackson Street Branch,1,,Winnebago,COMMERCIAL LENDING,Other,0,,0,1,,WI,1,Wisconsin,7,FDIC,Chicago,444116,,0,2201 Jackson Street,-88.542813,,OSHKOSH,55139,"Appleton-Oshkosh-Neenah, WI",Oshkosh,21,55139,,"Oshkosh-Neenah, WI",Choice Bank,Oshkosh,WI,2019_58244_1
54016,DIF,N,United States,54016,OCC,33460,457573,Wisconsin,6/22/2007,2019,Comptroller of the Currency,11,55,M,9,0,United States,"FIRST AMERICAN INVESTMENT, INC.",1,3,110096,110096,,Hudson,ONE,CB,US_RoofTop,M,FED,1,,0,"2424 Monetary Blvd., Suite 107",378,110096,3595440,109,58593,44.953597,WI,4,CALL,0,Chicago,3595682,"First American Bank, N.A.",1,,St. Croix,COMMERCIAL LENDING,Central District,0,,0,0,,WI,1,Wisconsin,9,OCC,Minneapolis,129260,,0,"2424 Monetary Blvd., Suite 107",-92.722288,,HUDSON,55109,"Minneapolis-St. Paul, MN-WI",Hudson,3,55109,,"Minneapolis-St. Paul-Bloomington, MN-WI","First American Bank, N.A.",Hudson,WI,2019_58593_0
53532,DIF,NM,United States,53532,STATE,31540,461630,Wisconsin,12/3/2007,2019,State Agency,11,55,M,9,0,United States,"SB BANCORP, INC.",0,,227651,227651,,Deforest,ONE,CB,US_Zipcode,"M,E",STATE,1,,0,4021 Meridian Drive,357,202020,3625655,25,58651,43.243972,WI,4,CALL,0,Chicago,3625664,Settlers Bank,1,,Dane,COMMERCIAL LENDING,Other,0,,0,0,,WI,1,Wisconsin,7,FDIC,Chicago,288910,,0,4021 Meridian Drive,-89.33066,,DE FOREST,55025,"Madison-Janesville-Beloit, WI",De Forest,21,55025,,"Madison, WI",Settlers Bank,De Forest,WI,2019_58651_0
53532,DIF,NM,United States,53717,STATE,31540,591903,Wisconsin,8/1/2017,2019,State Agency,11,55,POINTADDRESS,9,0,United States,"SB BANCORP, INC.",0,,0,227651,,Madison,ONE,CB,100,E,STATE,0,,0,4021 Meridian Drive,357,21566,3625655,25,58651,43.076616,WI,4,CALL,0,Chicago,3625664,Madison Branch,1,,Dane,COMMERCIAL LENDING,Other,0,,0,1,,WI,1,Wisconsin,7,FDIC,Chicago,288910,,0,8010 Excelsior Drive,-89.524824,,DE FOREST,55025,"Madison-Janesville-Beloit, WI",De Forest,21,55025,,"Madison, WI",Settlers Bank,Madison,WI,2019_58651_1
53532,DIF,NM,United States,54914,STATE,11540,607277,Wisconsin,9/12/2018,2019,State Agency,11,55,EXACT,9,0,United States,"SB BANCORP, INC.",0,,0,227651,,Appleton,ONE,CB,100,E,STATE,0,,0,4021 Meridian Drive,118,4065,3625655,15,58651,44.261857,WI,4,CALL,0,Chicago,3625664,Appleton Branch,1,,Calumet,COMMERCIAL LENDING,Other,0,,0,2,,WI,1,Wisconsin,7,FDIC,Chicago,288910,,0,4321 W. College Avenue,-88.470204,,DE FOREST,55025,"Appleton-Oshkosh-Neenah, WI",De Forest,21,55015,,"Appleton, WI",Settlers Bank,Appleton,WI,2019_58651_2
53005,DIF,NM,United States,53005,STATE,33340,467781,Wisconsin,8/28/2008,2019,State Agency,11,55,M,9,0,,,1,,237118,237118,,Brookfield,NONE,CB,100,M,STATE,1,,0,"16620 West Bluemound Road, Suite 100a",376,237118,0,133,58780,43.037058,WI,4,CALL,0,Chicago,3721605,Spring Bank,1,,Waukesha,COMMERCIAL LENDING,Other,0,,0,0,,WI,1,Wisconsin,7,FDIC,Chicago,300800,,0,"16620 West Bluemound Road, Suite 100a",-88.119473,,,55133,"Milwaukee-Racine-Waukesha, WI",Brookfield,21,55133,,"Milwaukee-Waukesha, WI",Spring Bank,Brookfield,,2019_58780_0
54446,DIF,NM,United States,54446,STATE,0,4170,Wisconsin,12/15/1909,2019,State Agency,11,55,M,9,12650,United States,"CITIZENS BANCSHARES OF LOYAL, INC.",0,3,171521,171521,,Loyal,ONE,CB,US_Streets,M,STATE,1,,0,400 North Main Street,0,63985,1136410,19,6186,44.738852,WI,2,CALL,0,Chicago,479446,Citizens State Bank Of Loyal,0,,Clark,AGRICULTURAL,Central District,0,,0,0,,WI,1,Wisconsin,7,FDIC,Chicago,206651,,0,400 North Main Street,-90.49566,,LOYAL,55019,,Loyal,21,55019,,,Citizens State Bank of Loyal,Loyal,WI,2019_6186_0
54446,DIF,NM,United States,54436,STATE,0,208935,Wisconsin,12/10/1934,2019,State Agency,11,55,STREETADDRESS,9,12650,United States,"CITIZENS BANCSHARES OF LOYAL, INC.",0,3,0,171521,,Granton,ONE,CB,100,,STATE,0,,0,400 North Main Street,0,20496,1136410,19,6186,44.58809,WI,2,CALL,0,Chicago,479446,Granton Branch,0,,Clark,AGRICULTURAL,Central District,0,,0,1,,WI,1,Wisconsin,7,FDIC,Chicago,206651,,0,110 Maple Street,-90.462478,,LOYAL,55019,,Loyal,21,55019,,,Citizens State Bank of Loyal,Granton,WI,2019_6186_1
54446,DIF,NM,United States,54456,STATE,0,208936,Wisconsin,6/12/1995,2019,State Agency,11,55,M,9,12650,United States,"CITIZENS BANCSHARES OF LOYAL, INC.",0,3,0,171521,,Neillsville,ONE,CB,US_Zipcode,,STATE,0,,0,400 North Main Street,0,51996,1136410,19,6186,44.541203,WI,2,CALL,0,Chicago,479446,Neillsville Branch,0,,Clark,AGRICULTURAL,Central District,0,,0,2,,WI,1,Wisconsin,7,FDIC,Chicago,206651,,0,2 Boon Boulevard,-90.63814,,LOYAL,55019,,Loyal,21,55019,,,Citizens State Bank of Loyal,Neillsville,WI,2019_6186_2
54446,DIF,NM,United States,54479,STATE,48140,494465,Wisconsin,8/24/2009,2019,State Agency,11,55,M,9,12650,United States,"CITIZENS BANCSHARES OF LOYAL, INC.",0,3,0,171521,,Spencer,ONE,CB,US_Streets,,STATE,0,,0,400 North Main Street,554,12344,1136410,73,6186,44.753874,WI,2,CALL,0,Chicago,479446,Spencer Branch,1,,Marathon,AGRICULTURAL,Central District,0,,0,3,,WI,1,Wisconsin,7,FDIC,Chicago,206651,,0,302 South Pacific Street,-90.292541,,LOYAL,55019,"Wausau-Stevens Point-Wisconsin Rapids, WI",Loyal,21,55073,,"Wausau-Weston, WI",Citizens State Bank of Loyal,Spencer,WI,2019_6186_3
54446,DIF,NM,United States,54449,STATE,48140,229768,Wisconsin,11/30/1999,2019,State Agency,11,55,POINTADDRESS,9,12650,United States,"CITIZENS BANCSHARES OF LOYAL, INC.",0,3,0,171521,,Marshfield,ONE,CB,100,,STATE,0,,0,400 North Main Street,554,22700,1136410,73,6186,44.685277,WI,2,CALL,0,Chicago,479446,Marshfield Branch,1,,Marathon,AGRICULTURAL,Central District,0,2/1/2013,0,4,,WI,1,Wisconsin,7,FDIC,Chicago,206651,,0,103 West Mcmillan Street,-90.161171,,LOYAL,55019,"Wausau-Stevens Point-Wisconsin Rapids, WI",Loyal,21,55073,,"Wausau-Weston, WI",Citizens State Bank of Loyal,Marshfield,WI,2019_6186_4
54016,DIF,NM,United States,54016,STATE,33460,4175,Wisconsin,7/15/1904,2019,State Agency,11,55,M,9,16055,United States,"CITIZENS BANCSHARES OF WOODVILLE, INC.",0,3,181083,181083,,Hudson,ONE,CB,US_Streets,M,STATE,1,,0,375 Stageline Road,378,73782,1129065,109,6194,44.960745,WI,4,CALL,0,Chicago,867856,Citizens State Bank,1,,St. Croix,COMMERCIAL LENDING,Central District,0,,0,0,,WI,1,Wisconsin,9,FDIC,Minneapolis,209048,,0,375 Stageline Road,-92.719989,,HUDSON,55109,"Minneapolis-St. Paul, MN-WI",Hudson,21,55109,,"Minneapolis-St. Paul-Bloomington, MN-WI",Citizens State Bank,Hudson,WI,2019_6194_0
54016,DIF,NM,United States,54751,STATE,0,208951,Wisconsin,10/1/1990,2019,State Agency,11,55,M,9,16055,United States,"CITIZENS BANCSHARES OF WOODVILLE, INC.",0,3,0,181083,,Menomonie,ONE,CB,US_Zipcode,,STATE,0,,0,375 Stageline Road,232,22610,1129065,33,6194,44.84776,WI,4,CALL,0,Chicago,867856,Menomonie Branch,0,,Dunn,COMMERCIAL LENDING,Central District,0,,1,1,,WI,1,Wisconsin,9,FDIC,Minneapolis,209048,,0,1602 North Broadway,-91.930489,,HUDSON,55109,"Eau Claire-Menomonie, WI",Hudson,21,55033,,,Citizens State Bank,Menomonie,WI,2019_6194_1
54016,DIF,NM,United States,54740,STATE,33460,9580,Wisconsin,1/1/1904,2019,State Agency,11,55,M,9,16055,United States,"CITIZENS BANCSHARES OF WOODVILLE, INC.",0,3,0,181083,,Elmwood,ONE,CB,US_Streets,,STATE,0,,0,375 Stageline Road,378,20638,1129065,93,6194,44.775371,WI,4,CALL,0,Chicago,867856,Elmwood Branch,1,,Pierce,COMMERCIAL LENDING,Central District,0,9/29/1993,0,2,,WI,1,Wisconsin,9,FDIC,Minneapolis,209048,,0,601 Main Street,-92.151442,,HUDSON,55109,"Minneapolis-St. Paul, MN-WI",Hudson,21,55093,,"Minneapolis-St. Paul-Bloomington, MN-WI",Citizens State Bank,Elmwood,WI,2019_6194_2
54016,DIF,NM,United States,54023,STATE,33460,7836,Wisconsin,8/17/1903,2019,State Agency,11,55,M,9,16055,United States,"CITIZENS BANCSHARES OF WOODVILLE, INC.",0,3,0,181083,,Roberts,ONE,CB,US_Streets,,STATE,0,,0,375 Stageline Road,378,32855,1129065,109,6194,44.981693,WI,4,CALL,0,Chicago,867856,500 West Boulevard Branch,1,,St. Croix,COMMERCIAL LENDING,Central District,0,3/14/1998,0,4,,WI,1,Wisconsin,9,FDIC,Minneapolis,209048,,0,500 West Boulevard,-92.557888,,HUDSON,55109,"Minneapolis-St. Paul, MN-WI",Hudson,21,55109,,"Minneapolis-St. Paul-Bloomington, MN-WI",Citizens State Bank,Roberts,WI,2019_6194_4
54016,DIF,NM,United States,54028,STATE,33460,226843,Wisconsin,6/10/1991,2019,State Agency,11,55,M,9,16055,United States,"CITIZENS BANCSHARES OF WOODVILLE, INC.",0,3,0,181083,,Woodville,ONE,CB,US_RoofTop,,STATE,0,,0,375 Stageline Road,378,31198,1129065,109,6194,44.952026,WI,4,CALL,0,Chicago,867856,Woodville Branch,1,,St. Croix,COMMERCIAL LENDING,Central District,0,3/14/1998,0,5,,WI,1,Wisconsin,9,FDIC,Minneapolis,209048,,0,140 S Main St,-92.292104,,HUDSON,55109,"Minneapolis-St. Paul, MN-WI",Hudson,21,55109,,"Minneapolis-St. Paul-Bloomington, MN-WI",Citizens State Bank,Woodville,WI,2019_6194_5
54812,DIF,NM,United States,54812,STATE,0,4176,Wisconsin,05/01/1885,2019,State Agency,11,55,M,9,0,United States,"NORTHWEST WISCONSIN BANCORP, INC.",0,3,218842,218842,,Barron,ONE,CB,US_Streets,M,STATE,1,,0,234 East La Salle Avenue,0,94221,2176105,5,6195,45.399868,WI,4,CALL,0,Chicago,628356,Sterling Bank,0,,Barron,COMMERCIAL LENDING,Central District,0,,0,0,,WI,1,Wisconsin,9,FDIC,Minneapolis,241611,,0,234 East La Salle Avenue,-91.854906,,EAU CLAIRE,55005,,Barron,21,55005,,,Sterling Bank,Barron,WI,2019_6195_0
54812,DIF,NM,United States,54728,STATE,0,10098,Wisconsin,12/6/1941,2019,State Agency,11,55,M,9,0,United States,"NORTHWEST WISCONSIN BANCORP, INC.",0,3,0,218842,,Chetek,ONE,CB,US_Streets,,STATE,0,,0,234 East La Salle Avenue,0,80331,2176105,5,6195,45.313872,WI,4,CALL,0,Chicago,628356,Chetek Branch,0,,Barron,COMMERCIAL LENDING,Central District,0,1/1/2001,0,1,,WI,1,Wisconsin,9,FDIC,Minneapolis,241611,,0,427 Second Street,-91.651434,,EAU CLAIRE,55005,,Barron,21,55005,,,Sterling Bank,Chetek,WI,2019_6195_1
54812,DIF,NM,United States,54853,STATE,0,365404,Wisconsin,8/1/2002,2019,State Agency,11,55,M,9,0,United States,"NORTHWEST WISCONSIN BANCORP, INC.",0,3,0,218842,,Luck,ONE,CB,US_Streets,,STATE,0,,0,234 East La Salle Avenue,0,21011,2176105,95,6195,45.576379,WI,4,CALL,0,Chicago,628356,Luck Branch,0,,Polk,COMMERCIAL LENDING,Central District,0,,0,2,,WI,1,Wisconsin,9,FDIC,Minneapolis,241611,,0,2547 State Route 35,-92.488799,,EAU CLAIRE,55005,,Barron,21,55095,,,Sterling Bank,Luck,WI,2019_6195_2
54812,DIF,NM,United States,54868,STATE,0,432320,Wisconsin,9/21/2004,2019,State Agency,11,55,M,9,0,United States,"NORTHWEST WISCONSIN BANCORP, INC.",0,3,0,218842,,Rice Lake,ONE,CB,US_Streets,,STATE,0,,0,234 East La Salle Avenue,0,23279,2176105,5,6195,45.5044,WI,4,CALL,0,Chicago,628356,Rice Lake Branch,0,,Barron,COMMERCIAL LENDING,Central District,0,,0,3,,WI,1,Wisconsin,9,FDIC,Minneapolis,241611,,0,311 North Main Street,-91.733469,,EAU CLAIRE,55005,,Barron,21,55005,,,Sterling Bank,Rice Lake,WI,2019_6195_3
53543,DIF,NM,United States,53543,STATE,31540,4179,Wisconsin,6/1/1903,2019,State Agency,11,55,M,9,0,United States,"SOUTHWESTERN WISCONSIN BANCSHARES, INC.",1,3,28713,28713,,Highland,ONE,CB,US_Streets,M,STATE,1,,0,541 North Main Street,357,28713,1881699,49,6198,43.044676,WI,8,CALL,0,Chicago,681249,Highland State Bank,1,,Iowa,ALL OTHER < $1 BILLION,Central District,0,,0,0,,WI,1,Wisconsin,7,FDIC,Chicago,32909,,0,541 North Main Street,-90.380461,,HIGHLAND,55049,"Madison-Janesville-Beloit, WI",Highland,21,55049,,"Madison, WI",Highland State Bank,Highland,WI,2019_6198_0
54630,DIF,NM,United States,54630,STATE,0,5534,Wisconsin,01/01/1883,2019,State Agency,11,55,M,9,12552,United States,"GALE BANK HOLDING COMPANY, INC.",0,3,78903,78903,,Galesville,ONE,CB,US_Streets,M,STATE,1,,0,16893 South Main Street,0,53848,1127249,121,8693,44.08343,WI,2,CALL,0,Chicago,167453,Bluff View Bank,0,,Trempealeau,AGRICULTURAL,Central District,0,,0,0,,WI,1,Wisconsin,9,FDIC,Minneapolis,105825,,0,16893 South Main Street,-91.349127,,GALESVILLE,55121,,Galesville,21,55121,,,Bluff View Bank,Galesville,WI,2019_8693_0
54630,DIF,NM,United States,54661,STATE,0,218837,Wisconsin,5/6/1992,2019,State Agency,11,55,M,9,12552,United States,"GALE BANK HOLDING COMPANY, INC.",0,3,0,78903,,Trempealeau,ONE,CB,US_Streets,,STATE,0,,0,16893 South Main Street,0,11064,1127249,121,8693,44.006376,WI,2,CALL,0,Chicago,167453,Trempealeau Branch,0,,Trempealeau,AGRICULTURAL,Central District,0,,0,1,,WI,1,Wisconsin,9,FDIC,Minneapolis,105825,,0,24480 East Third Street,-91.443947,,GALESVILLE,55121,,Galesville,21,55121,,,Bluff View Bank,Trempealeau,WI,2019_8693_1
54630,DIF,NM,United States,54636,STATE,29100,357515,Wisconsin,2/21/2000,2019,State Agency,11,55,M,9,12552,United States,"GALE BANK HOLDING COMPANY, INC.",0,3,0,78903,,Holmen,ONE,CB,US_Zipcode,,STATE,0,,0,16893 South Main Street,0,13990,1127249,63,8693,44.002405,WI,2,CALL,0,Chicago,167453,Holmen Branch,1,,La Crosse,AGRICULTURAL,Central District,0,,0,2,,WI,1,Wisconsin,9,FDIC,Minneapolis,105825,,0,2200 Staphorst Lane,-91.24006,,GALESVILLE,55121,,Galesville,21,55063,,"La Crosse-Onalaska, WI-MN",Bluff View Bank,Holmen,WI,2019_8693_2
53551,DIF,NM,United States,53551,STATE,0,5536,Wisconsin,01/01/1893,2019,State Agency,11,55,M,9,14218,,,0,3,178634,178634,,Lake Mills,NONE,CB,US_Streets,M,STATE,1,,0,136 East Madison Street,376,142403,0,55,8695,43.080134,WI,4,CALL,0,Chicago,477349,Bank Of Lake Mills,0,,Jefferson,COMMERCIAL LENDING,Central District,0,,1,0,,WI,1,Wisconsin,7,FDIC,Chicago,224317,,0,136 East Madison Street,-88.910443,,,55055,"Milwaukee-Racine-Waukesha, WI",Lake Mills,21,55055,,,Bank of Lake Mills,Lake Mills,,2019_8695_0
53551,DIF,NM,United States,53094,STATE,0,507060,Wisconsin,3/15/2010,2019,State Agency,11,55,M,9,14218,,,0,3,0,178634,,Watertown,NONE,CB,US_Streets,,STATE,0,,0,136 East Madison Street,376,36231,0,55,8695,43.186575,WI,4,CALL,0,Chicago,477349,Watertown Branch,0,,Jefferson,COMMERCIAL LENDING,Central District,0,,1,1,,WI,1,Wisconsin,7,FDIC,Chicago,224317,,0,400 Bernard Street,-88.730145,,,55055,"Milwaukee-Racine-Waukesha, WI",Lake Mills,21,55055,,,Bank of Lake Mills,Watertown,,2019_8695_1
53074,DIF,NM,United States,53074,STATE,33340,5537,Wisconsin,09/11/1899,2019,State Agency,11,55,M,9,13894,United States,"PORT BANCSHARES, INC.",0,3,529649,529649,,Port Washington,ONE,CB,US_Streets,M,STATE,1,,0,206 North Franklin Street,376,191090,1208577,89,8698,43.388573,WI,4,CALL,0,Chicago,937740,The Port Washington State Bank,1,,Ozaukee,COMMERCIAL LENDING,Central District,0,,0,0,,WI,1,Wisconsin,7,FDIC,Chicago,591061,,0,206 North Franklin Street,-87.869212,,PORT WASHINGTON,55089,"Milwaukee-Racine-Waukesha, WI",Port Washington,21,55089,,"Milwaukee-Waukesha, WI",The Port Washington State Bank,Port Washington,WI,2019_8698_0
53074,DIF,NM,United States,53004,STATE,33340,218838,Wisconsin,1/8/1934,2019,State Agency,11,55,M,9,13894,United States,"PORT BANCSHARES, INC.",0,3,0,529649,,Belgium,ONE,CB,100,,STATE,0,,0,206 North Franklin Street,376,36941,1208577,89,8698,43.499508,WI,4,CALL,0,Chicago,937740,Belgium Branch,1,,Ozaukee,COMMERCIAL LENDING,Central District,0,,0,1,,WI,1,Wisconsin,7,FDIC,Chicago,591061,,0,545 Main Street,-87.847266,,PORT WASHINGTON,55089,"Milwaukee-Racine-Waukesha, WI",Port Washington,21,55089,,"Milwaukee-Waukesha, WI",The Port Washington State Bank,Belgium,WI,2019_8698_1
53074,DIF,NM,United States,53092,STATE,33340,589488,Wisconsin,6/8/2017,2019,State Agency,12,55,POINTADDRESS,9,13894,United States,"PORT BANCSHARES, INC.",0,3,0,529649,,Mequon,ONE,CB,98.98,,STATE,0,,0,206 North Franklin Street,376,17208,1208577,89,8698,43.228034,WI,4,CALL,0,Chicago,937740,Thiensville Branch,1,,Ozaukee,COMMERCIAL LENDING,Central District,0,,0,10,,WI,1,Wisconsin,7,FDIC,Chicago,591061,,0,197 South Main Street,-87.984418,,PORT WASHINGTON,55089,"Milwaukee-Racine-Waukesha, WI",Port Washington,21,55089,,"Milwaukee-Waukesha, WI",The Port Washington State Bank,Thiensville,WI,2019_8698_10
53074,DIF,NM,United States,53092,STATE,33340,612272,Wisconsin,4/3/2019,2019,State Agency,11,55,StreetAddress,9,13894,United States,"PORT BANCSHARES, INC.",0,3,0,529649,,Mequon,ONE,CB,100,,STATE,0,,0,206 North Franklin Street,376,4121,1208577,89,8698,43.208716,WI,4,CALL,0,Chicago,937740,Mequon,1,,Ozaukee,COMMERCIAL LENDING,Central District,0,,0,11,,WI,1,Wisconsin,7,FDIC,Chicago,591061,,0,10509 N. Port Washington Rd.,-87.924373,,PORT WASHINGTON,55089,"Milwaukee-Racine-Waukesha, WI",Port Washington,21,55089,,"Milwaukee-Waukesha, WI",The Port Washington State Bank,Mequon,WI,2019_8698_11
53074,DIF,NM,United States,53080,STATE,33340,218839,Wisconsin,4/1/1968,2019,State Agency,11,55,M,9,13894,United States,"PORT BANCSHARES, INC.",0,3,0,529649,,Saukville,ONE,CB,US_Streets,,STATE,0,,0,206 North Franklin Street,376,57127,1208577,89,8698,43.383402,WI,4,CALL,0,Chicago,937740,Saukville Branch,1,,Ozaukee,COMMERCIAL LENDING,Central District,0,,0,2,,WI,1,Wisconsin,7,FDIC,Chicago,591061,,0,601 East Green Bay Avenue,-87.933442,,PORT WASHINGTON,55089,"Milwaukee-Racine-Waukesha, WI",Port Washington,21,55089,,"Milwaukee-Waukesha, WI",The Port Washington State Bank,Saukville,WI,2019_8698_2
53074,DIF,NM,United States,53021,STATE,33340,1614,Wisconsin,7/10/1910,2019,State Agency,11,55,M,9,13894,United States,"PORT BANCSHARES, INC.",0,3,0,529649,,Fredonia,ONE,CB,US_Streets,,STATE,0,,0,206 North Franklin Street,376,63348,1208577,89,8698,43.470851,WI,4,CALL,0,Chicago,937740,Fredonia Branch,1,,Ozaukee,COMMERCIAL LENDING,Central District,0,11/14/1994,0,3,,WI,1,Wisconsin,7,FDIC,Chicago,591061,,0,201 Regal Drive,-87.944221,,PORT WASHINGTON,55089,"Milwaukee-Racine-Waukesha, WI",Port Washington,21,55089,,"Milwaukee-Waukesha, WI",The Port Washington State Bank,Fredonia,WI,2019_8698_3
53074,DIF,NM,United States,53024,STATE,33340,418948,Wisconsin,5/12/2003,2019,State Agency,11,55,M,9,13894,United States,"PORT BANCSHARES, INC.",0,3,0,529649,,Grafton,ONE,CB,US_Streets,,STATE,0,,0,206 North Franklin Street,376,67111,1208577,89,8698,43.320324,WI,4,CALL,0,Chicago,937740,Grafton Branch,1,,Ozaukee,COMMERCIAL LENDING,Central District,0,,0,5,,WI,1,Wisconsin,7,FDIC,Chicago,591061,,0,2080 Washington Street,-87.934667,,PORT WASHINGTON,55089,"Milwaukee-Racine-Waukesha, WI",Port Washington,21,55089,,"Milwaukee-Waukesha, WI",The Port Washington State Bank,Grafton,WI,2019_8698_5
53074,DIF,NM,United States,53012,STATE,33340,359983,Wisconsin,2/3/2001,2019,State Agency,11,55,M,9,13894,United States,"PORT BANCSHARES, INC.",0,3,0,529649,,Cedarburg,ONE,CB,US_Zipcode,,STATE,0,,0,206 North Franklin Street,376,92703,1208577,89,8698,43.31496,WI,4,CALL,0,Chicago,937740,Cedarburg Branch,1,,Ozaukee,COMMERCIAL LENDING,Central District,0,2/19/2007,0,9,,WI,1,Wisconsin,7,FDIC,Chicago,591061,,0,W61 N526 Washington Avenue,-88.034806,,PORT WASHINGTON,55089,"Milwaukee-Racine-Waukesha, WI",Port Washington,21,55089,,"Milwaukee-Waukesha, WI",The Port Washington State Bank,Cedarburg,WI,2019_8698_9
53093,DIF,NM,United States,53093,STATE,43100,5538,Wisconsin,1/1/1913,2019,State Agency,11,55,M,9,0,,,1,3,70416,70416,,Waldo,NONE,CB,US_Streets,M,STATE,1,,0,119 N Depot St,0,70416,0,117,8700,43.679806,WI,4,CALL,0,Chicago,131940,Waldo State Bank,1,,Sheboygan,COMMERCIAL LENDING,Central District,0,,0,0,,WI,1,Wisconsin,7,FDIC,Chicago,82758,,0,119 N Depot St,-87.951651,,,55117,,Waldo,21,55117,,"Sheboygan, WI",Waldo State Bank,Waldo,,2019_8700_0
54722,DIF,NM,United States,54722,STATE,20740,5547,Wisconsin,12/1/1914,2019,State Agency,11,55,EXACT,9,0,United States,KIMBERLY LEASING CORPORATION,0,3,434527,434527,,Augusta,ONE,CB,98.84,M,STATE,1,,0,207 West Lincoln,232,97271,1122990,35,8714,44.680007,WI,2,CALL,0,Chicago,443353,Unity Bank,1,,Eau Claire,AGRICULTURAL,Central District,0,,0,0,,WI,1,Wisconsin,9,FDIC,Minneapolis,492271,,0,207 West Lincoln,-91.122168,,AUGUSTA,55035,"Eau Claire-Menomonie, WI",Augusta,21,55035,,"Eau Claire, WI",Unity Bank,Augusta,WI,2019_8714_0
54722,DIF,NM,United States,54742,STATE,20740,444135,Wisconsin,4/25/2005,2019,State Agency,11,55,M,9,0,United States,KIMBERLY LEASING CORPORATION,0,3,0,434527,,Fall Creek,ONE,CB,US_Streets,,STATE,0,,0,207 West Lincoln,232,19876,1122990,35,8714,44.763539,WI,2,CALL,0,Chicago,443353,Branch Office Branch,1,,Eau Claire,AGRICULTURAL,Central District,0,,0,1,,WI,1,Wisconsin,9,FDIC,Minneapolis,492271,,0,103 E Lincoln Ave,-91.277084,,AUGUSTA,55035,"Eau Claire-Menomonie, WI",Augusta,21,55035,,"Eau Claire, WI",Unity Bank,Fall Creek,WI,2019_8714_1
54722,DIF,NM,United States,55439,STATE,33460,448849,Wisconsin,1/31/2006,2019,State Agency,11,27,M,9,0,United States,KIMBERLY LEASING CORPORATION,0,3,0,434527,,Minneapolis,ONE,CB,US_RoofTop,,STATE,0,,0,207 West Lincoln,378,18020,1122990,53,8714,44.874974,WI,2,CALL,0,Chicago,443353,Edina Branch,1,,Hennepin,AGRICULTURAL,Central District,0,2/22/2019,0,10,,MN,1,Minnesota,9,FDIC,Minneapolis,492271,,0,7101 Washington Avenue South,-93.398846,,AUGUSTA,55035,"Minneapolis-St. Paul, MN-WI",Augusta,21,27053,,"Minneapolis-St. Paul-Bloomington, MN-WI",Unity Bank,Edina,WI,2019_8714_10
54722,DIF,NM,United States,55438,STATE,33460,549481,Wisconsin,8/1/2013,2019,State Agency,11,27,StreetName,9,0,United States,KIMBERLY LEASING CORPORATION,0,3,0,434527,,Minneapolis,ONE,CB,100,,STATE,0,,0,207 West Lincoln,378,5237,1122990,53,8714,44.851378,WI,2,CALL,0,Chicago,443353,Friendship Village Branch,1,,Hennepin,AGRICULTURAL,Central District,0,2/22/2019,0,11,,MN,1,Minnesota,9,FDIC,Minneapolis,492271,,0,8100 Highwood Drive,-93.372979,,AUGUSTA,55035,"Minneapolis-St. Paul, MN-WI",Augusta,21,27053,,"Minneapolis-St. Paul-Bloomington, MN-WI",Unity Bank,Bloomington,WI,2019_8714_11
54722,DIF,NM,United States,56750,STATE,0,5228,Wisconsin,1/1/1929,2019,State Agency,11,27,M,9,0,United States,KIMBERLY LEASING CORPORATION,0,3,0,434527,,Red Lake Falls,ONE,CB,US_Streets,,STATE,0,,0,207 West Lincoln,0,78556,1122990,125,8714,47.885495,WI,2,CALL,0,Chicago,443353,Red Lake Falls Branch,0,,Red Lake,AGRICULTURAL,Central District,0,2/22/2019,0,12,,MN,1,Minnesota,9,FDIC,Minneapolis,492271,,0,210 Main Street,-96.273391,,AUGUSTA,55035,,Augusta,21,27125,,,Unity Bank,Red Lake Falls,WI,2019_8714_12
54722,DIF,NM,United States,56736,STATE,24220,218120,Wisconsin,9/24/1979,2019,State Agency,23,27,M,9,0,United States,KIMBERLY LEASING CORPORATION,0,3,0,434527,,Mentor,ONE,CB,US_Streets,,STATE,0,,0,207 West Lincoln,0,10958,1122990,119,8714,47.697352,WI,2,CALL,0,Chicago,443353,Detached Facility,1,,Polk,AGRICULTURAL,Central District,0,2/22/2019,0,13,,MN,1,Minnesota,9,FDIC,Minneapolis,492271,,0,Third And Garfield Streets,-96.141539,,AUGUSTA,55035,,Augusta,21,27119,,"Grand Forks, ND-MN",Unity Bank,Mentor,WI,2019_8714_13
54722,DIF,NM,United States,54456,STATE,0,5540,Wisconsin,03/01/1879,2019,State Agency,11,55,M,9,0,United States,KIMBERLY LEASING CORPORATION,0,3,0,434527,,Neillsville,ONE,CB,US_Streets,,STATE,0,,0,207 West Lincoln,0,35552,1122990,19,8714,44.559903,WI,2,CALL,0,Chicago,443353,Neillsville Branch,0,,Clark,AGRICULTURAL,Central District,0,8/10/2015,0,2,,WI,1,Wisconsin,9,FDIC,Minneapolis,492271,,0,500 West Street,-90.59722,,AUGUSTA,55035,,Augusta,21,55019,,,Unity Bank,Neillsville,WI,2019_8714_2
54722,DIF,NM,United States,54741,STATE,20740,218841,Wisconsin,12/31/1968,2019,State Agency,11,55,M,9,0,United States,KIMBERLY LEASING CORPORATION,0,3,0,434527,,Fairchild,ONE,CB,US_Streets,,STATE,0,,0,207 West Lincoln,232,4476,1122990,35,8714,44.60016,WI,2,CALL,0,Chicago,443353,Fairchild Branch,1,,Eau Claire,AGRICULTURAL,Central District,0,8/10/2015,0,3,,WI,1,Wisconsin,9,FDIC,Minneapolis,492271,,0,111 North Front Street,-90.963941,,AUGUSTA,55035,"Eau Claire-Menomonie, WI",Augusta,21,55035,,"Eau Claire, WI",Unity Bank,Fairchild,WI,2019_8714_3
54722,DIF,NM,United States,55069,STATE,33460,5453,Wisconsin,04/18/1882,2019,State Agency,11,27,M,9,0,United States,KIMBERLY LEASING CORPORATION,0,3,0,434527,,Rush City,ONE,CB,US_Streets,,STATE,0,,0,207 West Lincoln,378,44450,1122990,25,8714,45.684521,WI,2,CALL,0,Chicago,443353,Rush City Branch,1,,Chisago,AGRICULTURAL,Central District,0,2/22/2019,0,4,,MN,1,Minnesota,9,FDIC,Minneapolis,492271,,0,1180 West 4th Street,-92.97768,,AUGUSTA,55035,"Minneapolis-St. Paul, MN-WI",Augusta,21,27025,,"Minneapolis-St. Paul-Bloomington, MN-WI",Unity Bank,Rush City,WI,2019_8714_4
54722,DIF,NM,United States,56437,STATE,0,6221,Wisconsin,8/20/1915,2019,State Agency,11,27,M,9,0,United States,KIMBERLY LEASING CORPORATION,0,3,0,434527,,Bertha,ONE,CB,US_Streets,,STATE,0,,0,207 West Lincoln,0,20427,1122990,153,8714,46.266669,WI,2,CALL,0,Chicago,443353,Clarissa Branch,0,,Todd,AGRICULTURAL,Central District,0,2/22/2019,0,5,,MN,1,Minnesota,9,FDIC,Minneapolis,492271,,0,112 Main St,-95.062681,,AUGUSTA,55035,,Augusta,21,27153,,,Unity Bank,Bertha,WI,2019_8714_5
54722,DIF,NM,United States,56441,STATE,0,3425,Wisconsin,1/1/1910,2019,State Agency,11,27,M,9,0,United States,KIMBERLY LEASING CORPORATION,0,3,0,434527,,Crosby,ONE,CB,US_Streets,,STATE,0,,0,207 West Lincoln,0,36992,1122990,35,8714,46.482476,WI,2,CALL,0,Chicago,443353,Crosby Office,0,,Crow Wing,AGRICULTURAL,Central District,0,2/22/2019,1,6,,MN,1,Minnesota,9,FDIC,Minneapolis,492271,,0,15 East Main Street,-93.952557,,AUGUSTA,55035,,Augusta,21,27035,,,Unity Bank,Crosby,WI,2019_8714_6
54722,DIF,NM,United States,56479,STATE,0,5986,Wisconsin,2/7/1911,2019,State Agency,11,27,T,9,0,United States,KIMBERLY LEASING CORPORATION,0,3,0,434527,,Staples,ONE,CB,US_Streets,,STATE,0,,0,207 West Lincoln,0,16590,1122990,153,8714,46.349664,WI,2,CALL,0,Chicago,443353,Staples Office,0,,Todd,AGRICULTURAL,Central District,0,2/22/2019,0,7,,MN,1,Minnesota,9,FDIC,Minneapolis,492271,,0,602 N.E. Fourth Street,-94.804177,,AUGUSTA,55035,,Augusta,21,27153,,,Unity Bank,Staples,WI,2019_8714_7
54722,DIF,NM,United States,56466,STATE,0,219925,Wisconsin,6/28/1999,2019,State Agency,11,27,M,9,0,United States,KIMBERLY LEASING CORPORATION,0,3,0,434527,,Motley,ONE,CB,US_Streets,,STATE,0,,0,207 West Lincoln,0,14364,1122990,97,8714,46.325079,WI,2,CALL,0,Chicago,443353,Motley Branch,0,,Morrison,AGRICULTURAL,Central District,0,2/22/2019,0,8,,MN,1,Minnesota,9,FDIC,Minneapolis,492271,,0,1217 Hwy 10 S,-94.648341,,AUGUSTA,55035,,Augusta,21,27097,,,Unity Bank,Motley,WI,2019_8714_8
54722,DIF,NM,United States,56364,STATE,0,457981,Wisconsin,11/15/2006,2019,State Agency,11,27,M,9,0,United States,KIMBERLY LEASING CORPORATION,0,3,0,434527,,Pierz,ONE,CB,US_Streets,,STATE,0,,0,207 West Lincoln,0,31758,1122990,97,8714,45.969855,WI,2,CALL,0,Chicago,443353,Genola Office,0,,Morrison,AGRICULTURAL,Central District,0,2/22/2019,0,9,,MN,1,Minnesota,9,FDIC,Minneapolis,492271,,0,26171 Highway 27,-94.11026,,AUGUSTA,55035,,Augusta,21,27097,,,Unity Bank,Pierz,WI,2019_8714_9
54540,DIF,NM,United States,54540,STATE,0,5775,Wisconsin,9/1/1921,2019,State Agency,11,55,POINTADDRESS,9,0,United States,"HEADWATERS BANCORP, INC.",0,3,56412,56412,,Land O' Lakes,ONE,CB,90.92,M,STATE,1,,0,4175 County Highway B,0,47238,1127351,125,9035,46.161382,WI,8,CALL,0,Chicago,224954,Headwaters State Bank,0,,Vilas,ALL OTHER < $1 BILLION,Central District,0,,0,0,,WI,1,Wisconsin,9,FDIC,Minneapolis,66824,,0,4175 County Highway B,-89.213285,,LAND O'LAKES,55125,,Land O Lakes,21,55125,,,Headwaters State Bank,Land O Lakes,WI,2019_9035_0
54540,DIF,NM,United States,54557,STATE,0,446856,Wisconsin,1/11/2006,2019,State Agency,11,55,M,9,0,United States,"HEADWATERS BANCORP, INC.",0,3,0,56412,,Presque Isle,ONE,CB,US_Zipcode,,STATE,0,,0,4175 County Highway B,0,9174,1127351,125,9035,46.221995,WI,8,CALL,0,Chicago,224954,Presque Isle Branch,0,,Vilas,ALL OTHER < $1 BILLION,Central District,0,,0,2,,WI,1,Wisconsin,9,FDIC,Minneapolis,66824,,0,"8319 Main, P.O. Box 116",-89.754095,,LAND O'LAKES,55125,,Land O Lakes,21,55125,,,Headwaters State Bank,Presque Isle,WI,2019_9035_2
54847,DIF,NM,United States,54847,STATE,0,5776,Wisconsin,6/6/1911,2019,State Agency,11,55,M,9,12930,United States,"SECURITY BANK SHARES, INC.",0,3,78337,78337,,Iron River,MULT,CB,US_Zipcode,M,STATE,1,,0,U S Hwy #2 7865,0,64043,1128497,7,9036,46.561728,WI,4,CALL,0,Chicago,43052,Security State Bank,0,,Bayfield,COMMERCIAL LENDING,Central District,0,,0,0,,WI,1,Wisconsin,9,FDIC,Minneapolis,103111,,0,U S Hwy #2 7865,-91.389747,,IRON RIVER,55007,,Iron River,21,55007,,,Security State Bank,Iron River,WI,2019_9036_0
54847,DIF,NM,United States,54865,STATE,0,219321,Wisconsin,3/22/1934,2019,State Agency,11,55,M,9,12930,United States,"SECURITY BANK SHARES, INC.",0,3,0,78337,,Port Wing,MULT,CB,US_Streets,,STATE,0,,0,U S Hwy #2 7865,0,7920,1128497,7,9036,46.779302,WI,4,CALL,0,Chicago,43052,Port Wing Branch,0,,Bayfield,COMMERCIAL LENDING,Central District,0,,0,1,,WI,1,Wisconsin,9,FDIC,Minneapolis,103111,,0,83325 Washington Ave,-91.384345,,IRON RIVER,55007,,Iron River,21,55007,,,Security State Bank,Port Wing,WI,2019_9036_1
54847,DIF,NM,United States,54820,STATE,20260,219322,Wisconsin,12/18/1972,2019,State Agency,11,55,M,9,12930,United States,"SECURITY BANK SHARES, INC.",0,3,0,78337,,Brule,MULT,CB,US_Zipcode,,STATE,0,,0,U S Hwy #2 7865,0,6374,1128497,31,9036,46.553965,WI,4,CALL,0,Chicago,43052,Brule Branch,1,,Douglas,COMMERCIAL LENDING,Central District,0,,0,2,,WI,1,Wisconsin,9,FDIC,Minneapolis,103111,,0,13967 E U.S. Highway 2,-91.555698,,IRON RIVER,55007,,Iron River,21,55031,,"Duluth, MN-WI",Security State Bank,Brule,WI,2019_9036_2
53818,DIF,NM,United States,53818,STATE,0,5777,Wisconsin,2/15/1915,2019,State Agency,11,55,M,9,13222,United States,"MOUND CITY FINANCIAL SERVICES, INC.",0,3,302347,302347,,Platteville,ONE,CB,US_Streets,M,STATE,1,,0,25 East Pine Street,0,190397,2510428,43,9037,42.732896,WI,2,CALL,0,Chicago,259442,Mound City Bank,0,,Grant,AGRICULTURAL,Central District,0,,1,0,,WI,1,Wisconsin,7,FDIC,Chicago,373695,,0,25 East Pine Street,-90.478276,,PLATTEVILLE,55043,,Platteville,21,55043,,,Mound City Bank,Platteville,WI,2019_9037_0
53818,DIF,NM,United States,53510,STATE,0,219323,Wisconsin,9/21/1935,2019,State Agency,11,55,M,9,13222,United States,"MOUND CITY FINANCIAL SERVICES, INC.",0,3,0,302347,,Belmont,ONE,CB,US_Streets,,STATE,0,,0,25 East Pine Street,0,27780,2510428,65,9037,42.736826,WI,2,CALL,0,Chicago,259442,Belmont Branch,0,,Lafayette,AGRICULTURAL,Central District,0,,0,1,,WI,1,Wisconsin,7,FDIC,Chicago,373695,,0,112 Mound Avenue,-90.333917,,PLATTEVILLE,55043,,Platteville,21,55065,,,Mound City Bank,Belmont,WI,2019_9037_1
53818,DIF,NM,United States,53807,STATE,0,273334,Wisconsin,10/31/1934,2019,State Agency,11,55,M,9,13222,United States,"MOUND CITY FINANCIAL SERVICES, INC.",0,3,0,302347,,Cuba City,ONE,CB,US_Streets,,STATE,0,,0,25 East Pine Street,0,26269,2510428,43,9037,42.605429,WI,2,CALL,0,Chicago,259442,Cuba City Branch,0,,Grant,AGRICULTURAL,Central District,0,7/1/1992,1,2,,WI,1,Wisconsin,7,FDIC,Chicago,373695,,0,200 S. Main Street,-90.430921,,PLATTEVILLE,55043,,Platteville,21,55043,,,Mound City Bank,Cuba City,WI,2019_9037_2
53818,DIF,NM,United States,53818,STATE,0,219324,Wisconsin,1/31/1995,2019,State Agency,23,55,M,9,13222,United States,"MOUND CITY FINANCIAL SERVICES, INC.",0,3,0,302347,,Platteville,ONE,CB,US_Streets,C,STATE,0,0,0,25 East Pine Street,0,0,2510428,43,9037,42.732896,WI,2,CALL,0,Chicago,259442,Second Street Motor Branch,0,,Grant,AGRICULTURAL,Central District,0,,1,3,,WI,1,Wisconsin,7,FDIC,Chicago,373695,,0,90 South Second Street,-90.477401,,PLATTEVILLE,55043,,Platteville,21,55043,,,Mound City Bank,Platteville,WI,2019_9037_3
53818,DIF,NM,United States,53565,STATE,31540,470749,Wisconsin,2/1/2008,2019,State Agency,11,55,M,9,13222,United States,"MOUND CITY FINANCIAL SERVICES, INC.",0,3,0,302347,,Mineral Point,ONE,CB,US_Streets,,STATE,0,,0,25 East Pine Street,357,21532,2510428,49,9037,42.870398,WI,2,CALL,0,Chicago,259442,Mineral Point Branch,1,,Iowa,AGRICULTURAL,Central District,0,,0,5,,WI,1,Wisconsin,7,FDIC,Chicago,373695,,0,640 Dodge Street,-90.175211,,PLATTEVILLE,55043,"Madison-Janesville-Beloit, WI",Platteville,21,55049,,"Madison, WI",Mound City Bank,Mineral Point,WI,2019_9037_5
53818,DIF,NM,United States,53572,STATE,31540,567744,Wisconsin,4/1/2015,2019,State Agency,11,55,STREETADDRESS,9,13222,United States,"MOUND CITY FINANCIAL SERVICES, INC.",0,3,0,302347,,Mount Horeb,ONE,CB,100,,STATE,0,,0,25 East Pine Street,357,36369,2510428,25,9037,43.010131,WI,2,CALL,0,Chicago,259442,Mount Horeb Branch,1,,Dane,AGRICULTURAL,Central District,0,,0,6,,WI,1,Wisconsin,7,FDIC,Chicago,373695,,0,1100 Springdale Street,-89.725495,,PLATTEVILLE,55043,"Madison-Janesville-Beloit, WI",Platteville,21,55025,,"Madison, WI",Mound City Bank,Mount Horeb,WI,2019_9037_6
53015,DIF,NM,United States,53015,STATE,0,6116,Wisconsin,4/19/1907,2019,State Agency,11,55,M,9,0,United States,"WISCUB, INC.",0,3,108900,108900,,Cleveland,ONE,CB,US_Streets,M,STATE,1,,0,1250 West Washington Avenue,0,76183,1202865,71,9517,43.914137,WI,8,CALL,0,Chicago,48440,Cleveland State Bank,0,,Manitowoc,ALL OTHER < $1 BILLION,Central District,0,,1,0,,WI,1,Wisconsin,7,FDIC,Chicago,128941,,0,1250 West Washington Avenue,-87.747691,,MADISON,55071,,Cleveland,21,55071,,,Cleveland State Bank,Cleveland,WI,2019_9517_0
53015,DIF,NM,United States,53083,STATE,43100,450424,Wisconsin,3/29/2006,2019,State Agency,11,55,M,9,0,United States,"WISCUB, INC.",0,3,0,108900,,Sheboygan,ONE,CB,US_Streets,,STATE,0,,0,1250 West Washington Avenue,0,32717,1202865,117,9517,43.829256,WI,8,CALL,0,Chicago,48440,Howards Grove Branch,1,,Sheboygan,ALL OTHER < $1 BILLION,Central District,0,,0,2,,WI,1,Wisconsin,7,FDIC,Chicago,128941,,0,502 South Wisconsin Drive,-87.821172,,MADISON,55071,,Cleveland,21,55117,,"Sheboygan, WI",Cleveland State Bank,Howards Grove,WI,2019_9517_2
53065,DIF,SM,United States,53065,STATE,22540,6120,Wisconsin,1/1/1901,2019,State Agency,11,55,M,9,0,United States,"OAKFIELD BANCORP., INC.",0,3,81768,81768,,Oakfield,ONE,CB,US_Streets,M,STATE,1,,0,103 South Main Street,0,48784,2736899,39,9523,43.675606,WI,4,CALL,0,Chicago,807348,Bristol Morgan Bank,1,,Fond du Lac,COMMERCIAL LENDING,Central District,0,,0,0,,WI,1,Wisconsin,7,FED,Chicago,100581,,0,103 South Main Street,-88.542497,,OAKFIELD,55039,,Oakfield,13,55039,,"Fond du Lac, WI",Bristol Morgan Bank,Oakfield,WI,2019_9523_0
53065,DIF,SM,United States,54979,STATE,22540,228789,Wisconsin,3/12/1969,2019,State Agency,11,55,M,9,0,United States,"OAKFIELD BANCORP., INC.",0,3,0,81768,,Van Dyne,ONE,CB,80,,STATE,0,,0,103 South Main Street,0,10324,2736899,39,9523,43.886486,WI,4,CALL,0,Chicago,807348,Van Dyne Branch,1,,Fond du Lac,COMMERCIAL LENDING,Central District,0,10/23/1995,0,1,,WI,1,Wisconsin,7,FED,Chicago,100581,,0,N9512 Van Dyne Road,-88.502809,,OAKFIELD,55039,,Oakfield,13,55039,,"Fond du Lac, WI",Bristol Morgan Bank,Van Dyne,WI,2019_9523_1
53065,DIF,SM,United States,53919,STATE,22540,227874,Wisconsin,1/13/1941,2019,State Agency,11,55,M,9,0,United States,"OAKFIELD BANCORP., INC.",0,3,0,81768,,Brandon,ONE,CB,90,,STATE,0,,0,103 South Main Street,0,14574,2736899,39,9523,43.729869,WI,4,CALL,0,Chicago,807348,Brandon Branch,1,,Fond du Lac,COMMERCIAL LENDING,Central District,0,4/12/1999,0,2,,WI,1,Wisconsin,7,FED,Chicago,100581,,0,600 Clark Street,-88.774278,,OAKFIELD,55039,,Oakfield,13,55039,,"Fond du Lac, WI",Bristol Morgan Bank,Brandon,WI,2019_9523_2
53065,DIF,SM,United States,54936,STATE,22540,604850,Wisconsin,7/16/2018,2019,State Agency,11,55,EXACT,9,0,United States,"OAKFIELD BANCORP., INC.",0,3,0,81768,,Fond Du Lac,ONE,CB,98.39,,STATE,0,,0,103 South Main Street,0,8086,2736899,39,9523,43.772193,WI,4,CALL,0,Chicago,807348,Fond Du Lac Branch,1,,Fond du Lac,COMMERCIAL LENDING,Central District,0,,0,3,,WI,1,Wisconsin,7,FED,Chicago,100581,,0,171 S Pioneer Road,-88.481673,,OAKFIELD,55039,,Oakfield,13,55039,,"Fond du Lac, WI",Bristol Morgan Bank,Fond Du Lac,WI,2019_9523_3
54481,DIF,NM,United States,54481,STATE,0,6122,Wisconsin,6/1/1906,2019,State Agency,11,55,M,9,14789,United States,"PINERIES BANKSHARES, INC.",1,3,89556,89556,,Stevens Point,ONE,CB,US_Streets,M,STATE,1,,0,3601 Main Street,554,89556,2514921,97,9526,44.523161,WI,8,CALL,0,Chicago,674344,The Pineries Bank,0,,Portage,ALL OTHER < $1 BILLION,Central District,0,,1,0,,WI,1,Wisconsin,7,FDIC,Chicago,100724,,0,3601 Main Street,-89.550881,,STEVENS POINT,55097,"Wausau-Stevens Point-Wisconsin Rapids, WI",Stevens Point,21,55097,,,The Pineries Bank,Stevens Point,WI,2019_9526_0
53060,DIF,NM,United States,53060,STATE,33340,6125,Wisconsin,1/1/1911,2019,State Agency,11,55,M,9,0,United States,"SBN COMMUNITY BANCORP, INC.",1,3,139518,139518,,Newburg,ONE,CB,US_RoofTop,M,STATE,1,,0,300 Congress Dr Hwy 33,376,139518,3089314,131,9529,43.429688,WI,4,CALL,0,Chicago,228345,State Bank Of Newburg,1,,Washington,COMMERCIAL LENDING,Central District,0,,0,0,,WI,1,Wisconsin,7,FDIC,Chicago,184183,,0,300 Congress Dr Hwy 33,-88.046794,,NEWBURG,55131,"Milwaukee-Racine-Waukesha, WI",Newburg,21,55131,,"Milwaukee-Waukesha, WI",State Bank of Newburg,Newburg,WI,2019_9529_0
53182,DIF,NM,United States,53182,STATE,39540,6132,Wisconsin,1/1/1903,2019,State Agency,11,55,M,9,9943,United States,COMMUNITY STATE BANK EMPLOYEE STOCK OWNERSHIP PLAN AND TRUST,0,3,334450,334450,,Union Grove,ONE,CB,US_Streets,M,STATE,1,,0,1500 Main Street,376,157683,3195671,101,9536,42.680955,WI,4,CALL,0,Chicago,130345,Community State Bank,1,,Racine,COMMERCIAL LENDING,Central District,0,,0,0,,WI,1,Wisconsin,7,FDIC,Chicago,394043,,0,1500 Main Street,-88.051868,,UNION GROVE,55101,"Milwaukee-Racine-Waukesha, WI",Union Grove,21,55101,,"Racine, WI",Community State Bank,Union Grove,WI,2019_9536_0
53182,DIF,NM,United States,53105,STATE,39540,426572,Wisconsin,1/5/2004,2019,State Agency,11,55,M,9,9943,United States,COMMUNITY STATE BANK EMPLOYEE STOCK OWNERSHIP PLAN AND TRUST,0,3,0,334450,,Burlington,ONE,CB,US_RoofTop,,STATE,0,,0,1500 Main Street,376,19818,3195671,101,9536,42.679561,WI,4,CALL,0,Chicago,130345,Burlington Branch,1,,Racine,COMMERCIAL LENDING,Central District,0,,0,10,,WI,1,Wisconsin,7,FDIC,Chicago,394043,,0,308 North Bridge Street,-88.273061,,UNION GROVE,55101,"Milwaukee-Racine-Waukesha, WI",Union Grove,21,55101,,"Racine, WI",Community State Bank,Burlington,WI,2019_9536_10
53182,DIF,NM,United States,53406,STATE,39540,492446,Wisconsin,6/29/2009,2019,State Agency,11,55,M,9,9943,United States,COMMUNITY STATE BANK EMPLOYEE STOCK OWNERSHIP PLAN AND TRUST,0,3,0,334450,,Racine,ONE,CB,US_RoofTop,,STATE,0,,0,1500 Main Street,376,61876,3195671,101,9536,42.71987,WI,4,CALL,0,Chicago,130345,Racine Branch,1,,Racine,COMMERCIAL LENDING,Central District,0,,0,11,,WI,1,Wisconsin,7,FDIC,Chicago,394043,,0,8930 Washington Avenue,-87.894281,,UNION GROVE,55101,"Milwaukee-Racine-Waukesha, WI",Union Grove,21,55101,,"Racine, WI",Community State Bank,Racine,WI,2019_9536_11
53182,DIF,NM,United States,53147,STATE,0,589996,Wisconsin,1/4/2017,2019,State Agency,11,55,EXACT,9,9943,United States,COMMUNITY STATE BANK EMPLOYEE STOCK OWNERSHIP PLAN AND TRUST,0,3,0,334450,,Lake Geneva,ONE,CB,100,,STATE,0,,0,1500 Main Street,376,9758,3195671,127,9536,42.606848,WI,4,CALL,0,Chicago,130345,Lake Geneva Branch,0,,Walworth,COMMERCIAL LENDING,Central District,0,,1,12,,WI,1,Wisconsin,7,FDIC,Chicago,394043,,0,200 Interchange North,-88.425558,,UNION GROVE,55101,"Milwaukee-Racine-Waukesha, WI",Union Grove,21,55127,,,Community State Bank,Lake Geneva,WI,2019_9536_12
53182,DIF,NM,United States,53167,STATE,39540,220332,Wisconsin,4/18/1983,2019,State Agency,11,55,M,9,9943,United States,COMMUNITY STATE BANK EMPLOYEE STOCK OWNERSHIP PLAN AND TRUST,0,3,0,334450,,Rochester,ONE,CB,US_Streets,,STATE,0,,0,1500 Main Street,376,19082,3195671,101,9536,42.741205,WI,4,CALL,0,Chicago,130345,Rochester Branch,1,,Racine,COMMERCIAL LENDING,Central District,0,,0,2,,WI,1,Wisconsin,7,FDIC,Chicago,394043,,0,201 West Main Street,-88.225324,,UNION GROVE,55101,"Milwaukee-Racine-Waukesha, WI",Union Grove,21,55101,,"Racine, WI",Community State Bank,Rochester,WI,2019_9536_2
53182,DIF,NM,United States,53185,STATE,39540,220335,Wisconsin,1/5/1998,2019,State Agency,11,55,M,9,9943,United States,COMMUNITY STATE BANK EMPLOYEE STOCK OWNERSHIP PLAN AND TRUST,0,3,0,334450,,Waterford,ONE,CB,US_Streets,,STATE,0,,0,1500 Main Street,376,28362,3195671,101,9536,42.766521,WI,4,CALL,0,Chicago,130345,Waterford Branch,1,,Racine,COMMERCIAL LENDING,Central District,0,,0,5,,WI,1,Wisconsin,7,FDIC,Chicago,394043,,0,810 Fox Lane,-88.199962,,UNION GROVE,55101,"Milwaukee-Racine-Waukesha, WI",Union Grove,21,55101,,"Racine, WI",Community State Bank,Waterford,WI,2019_9536_5
53182,DIF,NM,United States,53168,STATE,16980,220339,Wisconsin,3/1/2000,2019,State Agency,11,55,M,9,9943,United States,COMMUNITY STATE BANK EMPLOYEE STOCK OWNERSHIP PLAN AND TRUST,0,3,0,334450,,Salem,ONE,CB,US_Streets,,STATE,0,,29404,1500 Main Street,176,37871,3195671,59,9536,42.568354,WI,4,CALL,0,Chicago,130345,Salem Branch,1,,Kenosha,COMMERCIAL LENDING,Central District,0,,0,9,,WI,1,Wisconsin,7,FDIC,Chicago,394043,,0,25360 75th Street,-88.114655,,UNION GROVE,55101,"Chicago-Naperville, IL-IN-WI",Union Grove,21,55059,"Lake County-Kenosha County, IL-WI","Chicago-Naperville-Elgin, IL-IN-WI",Community State Bank,Salem,WI,2019_9536_9
