tract_geoid,tier,radius_miles,competitor_branches,subject_branches,catchment_households,competitor_per_10k_catchment_hh
17001000100,micro,13.14,29,0,25370.0,11.4308
17001000201,micro,13.14,29,0,24223.0,11.9721
17001000202,micro,13.14,29,0,24223.0,11.9721
17001000400,micro,13.14,29,0,24223.0,11.9721
17001000500,micro,13.14,29,0,24223.0,11.9721
17001000600,micro,13.14,29,0,24223.0,11.9721
17001000700,micro,13.14,29,0,22304.0,13.0022
17001000800,micro,13.14,28,0,22304.0,12.5538
17001000900,micro,13.14,28,0,22304.0,12.5538
17001001001,micro,13.14,29,0,22304.0,13.0022
17001001002,micro,13.14,28,0,23451.0,11.9398
17001001100,micro,13.14,30,0,23451.0,12.7926
17001010100,micro,13.14,23,0,14020.0,16.4051
17001010200,micro,13.14,7,0,1536.0,45.5729
17001010301,micro,13.14,7,0,2156.0,32.4675
17001010302,micro,13.14,22,0,13499.0,16.2975
17001010400,micro,13.14,33,0,25370.0,13.0075
17001010500,micro,13.14,28,0,24223.0,11.5593
17001010600,micro,13.14,30,0,24430.0,12.28
17003957600,metro,3.49,0,0,680.0,0.0
17003957700,metro,3.49,0,0,515.0,0.0
17003957800,metro,3.49,0,0,404.0,0.0
17003957900,metro,3.49,2,0,305.0,65.5738
17005951200,metro,3.49,0,0,1308.0,0.0
17005951300,metro,3.49,6,0,2140.0,28.0374
17005951400,metro,3.49,0,0,1047.0,0.0
17005951500,metro,3.49,0,0,1652.0,0.0
17007010101,metro,3.49,9,0,10136.0,8.8792
17007010102,metro,3.49,8,0,9962.0,8.0305
17007010200,metro,3.49,8,0,12547.0,6.376
17007010300,metro,3.49,8,0,10607.0,7.5422
17007010400,metro,3.49,3,0,7319.0,4.0989
17007010501,metro,3.49,3,0,5706.0,5.2576
17007010502,metro,3.49,6,0,5863.0,10.2337
17007010601,metro,3.49,0,0,1259.0,0.0
17007010603,metro,3.49,2,0,3888.0,5.144
17007010604,metro,3.49,3,0,3888.0,7.716
17009970400,rural,20.81,26,0,12784.0,20.3379
17009970500,rural,20.81,26,0,12784.0,20.3379
17011964700,micro,13.14,19,0,11428.0,16.6258
17011964800,micro,13.14,7,0,4519.0,15.4902
17011964900,micro,13.14,14,0,9654.0,14.5018
17011965000,micro,13.14,32,0,20796.0,15.3876
17011965100,micro,13.14,35,0,19542.0,17.9101
17011965200,micro,13.14,30,0,19979.0,15.0158
17011965300,micro,13.14,13,0,8320.0,15.625
17011965400,micro,13.14,9,0,8644.0,10.4118
17011965500,micro,13.14,9,0,8200.0,10.9756
17011965600,micro,13.14,12,0,9784.0,12.2649
17013951200,metro,3.49,0,0,536.0,0.0
17013951300,metro,3.49,0,0,703.0,0.0
17015960100,rural,20.81,38,0,30638.0,12.4029
17015960200,rural,20.81,22,0,14325.0,15.3578
17015960300,rural,20.81,20,0,10933.0,18.2932
17015960400,rural,20.81,27,0,20140.0,13.4062
17015960500,rural,20.81,63,0,45399.0,13.877
17015960600,rural,20.81,28,0,24692.0,11.3397
17017960100,rural,20.81,26,0,21974.0,11.8322
17017960200,rural,20.81,26,0,19978.0,13.0143
17017960300,rural,20.81,34,0,19314.0,17.6038
17017960400,rural,20.81,23,0,15728.0,14.6236
17017960500,rural,20.81,23,0,13776.0,16.6957
17019000200,metro,3.49,41,0,43057.0,9.5223
17019000301,metro,3.49,45,0,47032.0,9.568
17019000302,metro,3.49,45,0,47032.0,9.568
17019000401,metro,3.49,45,0,47032.0,9.568
17019000402,metro,3.49,50,0,47032.0,10.6311
17019000500,metro,3.49,49,0,46657.0,10.5022
17019000700,metro,3.49,40,0,40485.0,9.8802
17019000800,metro,3.49,27,0,29297.0,9.216
17019000901,metro,3.49,40,0,40454.0,9.8878
17019000902,metro,3.49,16,0,19862.0,8.0556
17019001000,metro,3.49,46,0,45530.0,10.1032
17019001100,metro,3.49,48,0,44994.0,10.6681
17019001201,metro,3.49,43,0,39903.0,10.7761
17019001203,metro,3.49,41,0,39298.0,10.4331
17019001204,metro,3.49,29,0,22158.0,13.0878
17019001205,metro,3.49,14,0,13504.0,10.3673
17019001206,metro,3.49,31,0,28227.0,10.9824
17019001301,metro,3.49,46,0,41532.0,11.0758
17019001302,metro,3.49,39,0,28815.0,13.5346
17019001400,metro,3.49,46,0,40960.0,11.2305
17019005300,metro,3.49,35,0,42243.0,8.2854
17019005401,metro,3.49,24,0,34154.0,7.027
17019005402,metro,3.49,7,0,15411.0,4.5422
17019005500,metro,3.49,9,0,19798.0,4.5459
17019005601,metro,3.49,24,0,31065.0,7.7257
17019005602,metro,3.49,5,0,11508.0,4.3448
17019005701,metro,3.49,36,0,34790.0,10.3478
17019005702,metro,3.49,5,0,13813.0,3.6198
17019005800,metro,3.49,39,0,42305.0,9.2188
17019005901,metro,3.49,43,0,42403.0,10.1408
17019005902,metro,3.49,45,0,46504.0,9.6766
17019006000,metro,3.49,35,0,32344.0,10.8212
17019010100,metro,3.49,5,0,5396.0,9.2661
17019010204,metro,3.49,5,0,5396.0,9.2661
17019010300,metro,3.49,5,0,5396.0,9.2661
17019010400,metro,3.49,4,0,1725.0,23.1884
17019010500,metro,3.49,2,0,1559.0,12.8287
17019010601,metro,3.49,5,0,4940.0,10.1215
17019010603,metro,3.49,5,0,4940.0,10.1215
17019010604,metro,3.49,8,0,15214.0,5.2583
17019010701,metro,3.49,4,0,2916.0,13.7174
17019010702,metro,3.49,4,0,2916.0,13.7174
17019010800,metro,3.49,0,0,1594.0,0.0
17019010901,metro,3.49,2,0,2552.0,7.837
17019010902,metro,3.49,0,0,1561.0,0.0
17019011001,metro,3.49,47,0,46098.0,10.1957
17019011002,metro,3.49,48,0,47032.0,10.2058
17019011100,metro,3.49,41,0,44459.0,9.222
17021958100,micro,13.14,17,0,14064.0,12.0876
17021958200,micro,13.14,16,0,16835.0,9.504
17021958300,micro,13.14,12,0,11508.0,10.4275
17021958400,micro,13.14,12,0,11508.0,10.4275
17021958500,micro,13.14,14,0,11508.0,12.1655
17021958600,micro,13.14,18,0,9750.0,18.4615
17021958700,micro,13.14,15,0,13377.0,11.2133
17021958800,micro,13.14,8,0,7576.0,10.5597
17021958900,micro,13.14,7,0,7576.0,9.2397
17021959000,micro,13.14,13,0,11939.0,10.8887
17023060100,rural,20.81,18,0,11535.0,15.6047
17023060200,rural,20.81,19,0,13374.0,14.2067
17023060300,rural,20.81,27,0,22077.0,12.2299
17023060400,rural,20.81,27,0,22077.0,12.2299
17025971900,rural,20.81,35,0,19873.0,17.6118
17025972000,rural,20.81,17,0,13222.0,12.8574
17025972100,rural,20.81,17,0,14964.0,11.3606
17025972200,rural,20.81,20,0,13934.0,14.3534
17027900100,metro,3.49,5,0,2549.0,19.6155
17027900200,metro,3.49,0,0,685.0,0.0
17027900300,metro,3.49,6,0,2914.0,20.5903
17027900401,metro,3.49,0,0,573.0,0.0
17027900403,metro,3.49,4,0,1572.0,25.4453
17027900404,metro,3.49,0,0,584.0,0.0
17027900500,metro,3.49,1,0,1774.0,5.637
17027900601,metro,3.49,2,0,1215.0,16.4609
17027900602,metro,3.49,3,0,2704.0,11.0947
17029000100,micro,13.14,20,0,15881.0,12.5937
17029000200,micro,13.14,24,0,18699.0,12.8349
17029000300,micro,13.14,25,0,18699.0,13.3697
17029000400,micro,13.14,23,0,20824.0,11.0449
17029000500,micro,13.14,22,0,20824.0,10.5647
17029000600,micro,13.14,21,0,13653.0,15.3812
17029000701,micro,13.14,24,0,15272.0,15.715
17029000702,micro,13.14,22,0,20824.0,10.5647
17029000800,micro,13.14,22,0,22106.0,9.952
17029000900,micro,13.14,22,0,22106.0,9.952
17029001000,micro,13.14,23,0,20824.0,11.0449
17029001100,micro,13.14,25,0,18207.0,13.731
17029001200,micro,13.14,25,0,20037.0,12.4769
17031010100,metro,3.49,73,1,141312.0,5.1659
17031010201,metro,3.49,93,1,160986.0,5.7769
17031010202,metro,3.49,88,1,155779.0,5.649
17031010300,metro,3.49,82,1,147747.0,5.55
17031010400,metro,3.49,81,1,166062.0,4.8777
17031010501,metro,3.49,87,1,163813.0,5.3109
17031010502,metro,3.49,90,1,178738.0,5.0353
17031010503,metro,3.49,93,1,187346.0,4.9641
17031010600,metro,3.49,91,1,181683.0,5.0087
17031010701,metro,3.49,99,1,180509.0,5.4845
17031010702,metro,3.49,92,1,175491.0,5.2424
17031020100,metro,3.49,91,1,170160.0,5.3479
17031020200,metro,3.49,99,1,171867.0,5.7603
17031020301,metro,3.49,110,2,192004.0,5.729
17031020302,metro,3.49,106,1,189878.0,5.5825
17031020400,metro,3.49,100,1,183113.0,5.4611
17031020500,metro,3.49,105,1,204185.0,5.1424
17031020601,metro,3.49,116,2,208018.0,5.5764
17031020602,metro,3.49,112,1,210478.0,5.3212
17031020701,metro,3.49,123,3,241437.0,5.0945
17031020702,metro,3.49,120,2,227135.0,5.2832
17031020801,metro,3.49,120,1,243575.0,4.9266
17031020802,metro,3.49,110,1,222898.0,4.935
17031020901,metro,3.49,106,1,219652.0,4.8258
17031020902,metro,3.49,105,1,222608.0,4.7168
17031030101,metro,3.49,91,1,210257.0,4.328
17031030102,metro,3.49,89,1,198402.0,4.4858
17031030103,metro,3.49,88,1,193545.0,4.5467
17031030104,metro,3.49,87,1,189590.0,4.5888
17031030200,metro,3.49,99,1,210115.0,4.7117
17031030300,metro,3.49,104,1,221121.0,4.7033
17031030400,metro,3.49,120,1,237191.0,5.0592
17031030500,metro,3.49,110,1,226667.0,4.8529
17031030601,metro,3.49,96,1,213916.0,4.4877
17031030603,metro,3.49,106,1,233624.0,4.5372
17031030604,metro,3.49,100,1,220886.0,4.5272
17031030701,metro,3.49,106,1,241698.0,4.3856
17031030702,metro,3.49,107,1,238690.0,4.4828
17031030703,metro,3.49,112,1,252704.0,4.4321
17031030706,metro,3.49,106,1,237124.0,4.4702
17031030800,metro,3.49,120,1,252787.0,4.7471
17031030900,metro,3.49,130,1,258736.0,5.0244
17031031000,metro,3.49,133,1,279261.0,4.7626
17031031100,metro,3.49,128,1,268162.0,4.7732
17031031200,metro,3.49,120,1,257664.0,4.6572
17031031300,metro,3.49,111,1,231560.0,4.7936
17031031400,metro,3.49,113,0,224559.0,5.0321
17031031501,metro,3.49,127,0,253786.0,5.0042
17031031502,metro,3.49,130,0,252775.0,5.1429
17031031700,metro,3.49,148,0,275042.0,5.381
17031031800,metro,3.49,145,0,293886.0,4.9339
17031031900,metro,3.49,154,0,292637.0,5.2625
17031032100,metro,3.49,140,0,258137.0,5.4235
17031040100,metro,3.49,125,1,257061.0,4.8627
17031040201,metro,3.49,154,1,287482.0,5.3569
17031040202,metro,3.49,139,1,268932.0,5.1686
17031040300,metro,3.49,142,3,275488.0,5.1545
17031040401,metro,3.49,155,1,289829.0,5.348
17031040402,metro,3.49,148,1,292507.0,5.0597
17031040600,metro,3.49,161,0,308737.0,5.2148
17031040700,metro,3.49,157,0,304871.0,5.1497
17031040800,metro,3.49,160,0,320731.0,4.9886
17031040900,metro,3.49,158,0,315802.0,5.0031
17031050100,metro,3.49,163,0,313164.0,5.2049
17031050200,metro,3.49,168,0,314807.0,5.3366
17031050300,metro,3.49,167,0,320623.0,5.2086
17031050500,metro,3.49,179,0,323914.0,5.5262
17031050600,metro,3.49,176,0,311647.0,5.6474
17031050700,metro,3.49,174,0,334283.0,5.2052
17031050800,metro,3.49,178,0,341860.0,5.2068
17031050900,metro,3.49,179,0,339510.0,5.2723
17031051000,metro,3.49,179,0,343225.0,5.2152
17031051100,metro,3.49,175,0,337588.0,5.1838
17031051200,metro,3.49,175,0,344335.0,5.0823
17031051300,metro,3.49,178,0,345894.0,5.1461
17031051400,metro,3.49,180,0,347879.0,5.1742
17031060100,metro,3.49,162,0,294539.0,5.5001
17031060200,metro,3.49,163,0,305681.0,5.3324
17031060300,metro,3.49,171,0,315687.0,5.4168
17031060400,metro,3.49,169,0,312123.0,5.4145
17031060500,metro,3.49,162,0,294124.0,5.5079
17031060800,metro,3.49,137,0,246271.0,5.563
17031060900,metro,3.49,138,0,245850.0,5.6132
17031061000,metro,3.49,161,0,282540.0,5.6983
17031061100,metro,3.49,165,0,300370.0,5.4932
17031061200,metro,3.49,165,0,310370.0,5.3162
17031061500,metro,3.49,170,0,318958.0,5.3299
17031061800,metro,3.49,159,0,281311.0,5.6521
17031061901,metro,3.49,167,0,280077.0,5.9626
17031061902,metro,3.49,152,0,244942.0,6.2056
17031062000,metro,3.49,170,0,293898.0,5.7843
17031062100,metro,3.49,175,0,302482.0,5.7855
17031062200,metro,3.49,178,0,312510.0,5.6958
17031062300,metro,3.49,177,0,330834.0,5.3501
17031062400,metro,3.49,177,0,335543.0,5.275
17031062500,metro,3.49,176,0,335939.0,5.239
17031062600,metro,3.49,184,0,351299.0,5.2377
17031062700,metro,3.49,190,0,339452.0,5.5973
17031062800,metro,3.49,190,0,340784.0,5.5754
17031062900,metro,3.49,196,0,331416.0,5.914
17031063000,metro,3.49,195,1,318176.0,6.1287
17031063100,metro,3.49,187,0,306875.0,6.0937
17031063200,metro,3.49,174,0,267626.0,6.5016
17031063301,metro,3.49,196,1,303282.0,6.4626
17031063302,metro,3.49,190,1,295087.0,6.4388
17031063303,metro,3.49,186,1,280242.0,6.6371
17031063400,metro,3.49,202,1,312575.0,6.4624
17031070101,metro,3.49,230,2,281635.0,8.1666
17031070102,metro,3.49,237,2,315483.0,7.5123
17031070103,metro,3.49,262,3,318872.0,8.2165
17031070200,metro,3.49,253,3,327103.0,7.7346
17031070300,metro,3.49,252,3,340117.0,7.4092
17031070400,metro,3.49,239,2,348981.0,6.8485
17031070500,metro,3.49,226,1,344822.0,6.5541
17031070600,metro,3.49,221,1,349950.0,6.3152
17031070700,metro,3.49,205,0,361243.0,5.6749
17031071000,metro,3.49,276,3,341656.0,8.0783
17031071100,metro,3.49,274,3,329175.0,8.3238
17031071200,metro,3.49,262,3,317991.0,8.2392
17031071300,metro,3.49,258,3,302523.0,8.5283
17031071400,metro,3.49,243,3,275935.0,8.8064
17031071500,metro,3.49,243,3,269363.0,9.0213
17031071600,metro,3.49,260,3,308915.0,8.4166
17031071700,metro,3.49,264,3,304391.0,8.6731
17031071800,metro,3.49,263,3,319997.0,8.2188
17031080100,metro,3.49,247,3,278840.0,8.8581
17031080201,metro,3.49,252,3,281506.0,8.9519
17031080202,metro,3.49,255,3,286284.0,8.9072
17031080300,metro,3.49,258,3,289186.0,8.9216
17031080400,metro,3.49,263,3,301287.0,8.7292
17031081000,metro,3.49,259,3,279194.0,9.2767
17031081100,metro,3.49,256,3,275475.0,9.293
17031081201,metro,3.49,250,3,267073.0,9.3607
17031081202,metro,3.49,239,3,260123.0,9.188
17031081300,metro,3.49,241,3,249138.0,9.6734
17031081401,metro,3.49,238,3,235903.0,10.0889
17031081402,metro,3.49,210,3,207180.0,10.1361
17031081403,metro,3.49,210,3,204370.0,10.2755
17031081500,metro,3.49,242,3,248108.0,9.7538
17031081600,metro,3.49,243,3,260247.0,9.3373
17031081700,metro,3.49,245,3,265667.0,9.2221
17031081800,metro,3.49,254,3,282597.0,8.9881
17031081900,metro,3.49,265,3,299077.0,8.8606
17031090100,metro,3.49,82,1,91484.0,8.9633
17031090200,metro,3.49,86,2,92112.0,9.3365
17031090300,metro,3.49,85,2,93496.0,9.0913
17031100100,metro,3.49,98,2,127367.0,7.6943
17031100200,metro,3.49,90,2,109046.0,8.2534
17031100300,metro,3.49,79,2,111481.0,7.0864
17031100400,metro,3.49,80,2,102688.0,7.7906
17031100500,metro,3.49,82,2,105044.0,7.8063
17031100600,metro,3.49,94,2,123944.0,7.5841
17031100700,metro,3.49,100,2,135776.0,7.3651
17031110100,metro,3.49,98,2,142427.0,6.8807
17031110200,metro,3.49,102,2,141896.0,7.1884
17031110300,metro,3.49,94,2,143507.0,6.5502
17031110400,metro,3.49,98,2,154775.0,6.3318
17031110501,metro,3.49,99,2,161391.0,6.1342
17031110502,metro,3.49,105,2,177791.0,5.9058
17031120100,metro,3.49,98,2,113937.0,8.6012
17031120200,metro,3.49,99,2,144073.0,6.8715
17031120300,metro,3.49,93,2,175346.0,5.3038
17031120400,metro,3.49,113,2,176377.0,6.4067
17031130100,metro,3.49,126,3,228284.0,5.5194
17031130200,metro,3.49,116,2,196025.0,5.9176
17031130300,metro,3.49,129,3,240817.0,5.3568
17031140100,metro,3.49,154,2,291806.0,5.2775
17031140200,metro,3.49,145,2,278043.0,5.215
17031140301,metro,3.49,133,2,246260.0,5.4008
17031140302,metro,3.49,128,2,238744.0,5.3614
17031140400,metro,3.49,113,2,203160.0,5.5621
17031140500,metro,3.49,112,2,228626.0,4.8988
17031140601,metro,3.49,129,2,245944.0,5.2451
17031140602,metro,3.49,145,2,256370.0,5.6559
17031140701,metro,3.49,148,2,284582.0,5.2006
17031140702,metro,3.49,151,2,289432.0,5.2171
17031140800,metro,3.49,156,1,307464.0,5.0738
17031150200,metro,3.49,105,2,202347.0,5.1891
17031150300,metro,3.49,96,2,189250.0,5.0727
17031150401,metro,3.49,101,2,170843.0,5.9119
17031150402,metro,3.49,99,2,177696.0,5.5713
17031150501,metro,3.49,104,2,155751.0,6.6773
17031150502,metro,3.49,95,2,169860.0,5.5928
17031150600,metro,3.49,101,2,190978.0,5.2886
17031150700,metro,3.49,95,2,203438.0,4.6697
17031150800,metro,3.49,100,2,211442.0,4.7294
17031151001,metro,3.49,100,1,220542.0,4.5343
17031151002,metro,3.49,102,1,230926.0,4.417
17031151100,metro,3.49,96,1,206636.0,4.6459
17031151200,metro,3.49,95,1,191687.0,4.956
17031160100,metro,3.49,116,2,211379.0,5.4878
17031160200,metro,3.49,105,2,227151.0,4.6225
17031160300,metro,3.49,120,2,238637.0,5.0286
17031160400,metro,3.49,135,2,254278.0,5.3091
17031160501,metro,3.49,152,1,286115.0,5.3125
17031160502,metro,3.49,154,1,289094.0,5.327
17031160601,metro,3.49,156,0,313790.0,4.9715
17031160602,metro,3.49,167,0,324404.0,5.1479
17031160700,metro,3.49,179,0,330359.0,5.4183
17031160800,metro,3.49,157,1,289153.0,5.4297
17031160900,metro,3.49,123,1,260001.0,4.7308
17031161000,metro,3.49,112,1,253298.0,4.4217
17031161100,metro,3.49,103,1,236665.0,4.3521
17031161200,metro,3.49,93,1,240170.0,3.8723
17031161300,metro,3.49,110,1,256477.0,4.2889
17031170100,metro,3.49,97,2,151755.0,6.3919
17031170200,metro,3.49,94,2,173542.0,5.4166
17031170300,metro,3.49,86,1,153241.0,5.6121
17031170400,metro,3.49,87,1,142289.0,6.1143
17031170500,metro,3.49,82,0,111341.0,7.3648
17031170600,metro,3.49,72,0,108257.0,6.6508
17031170700,metro,3.49,73,0,124833.0,5.8478
17031170800,metro,3.49,77,1,140799.0,5.4688
17031170900,metro,3.49,82,0,142999.0,5.7343
17031171000,metro,3.49,82,1,153593.0,5.3388
17031171100,metro,3.49,90,1,177716.0,5.0643
17031180100,metro,3.49,84,1,148906.0,5.6411
17031190100,metro,3.49,91,1,232360.0,3.9163
17031190200,metro,3.49,97,1,228294.0,4.2489
17031190300,metro,3.49,92,1,211920.0,4.3413
17031190401,metro,3.49,89,1,177128.0,5.0246
17031190402,metro,3.49,94,1,201659.0,4.6613
17031190601,metro,3.49,87,1,187991.0,4.6279
17031190602,metro,3.49,91,1,208632.0,4.3617
17031190701,metro,3.49,92,1,220915.0,4.1645
17031190702,metro,3.49,96,1,219371.0,4.3761
17031190800,metro,3.49,89,1,231398.0,3.8462
17031190900,metro,3.49,94,0,238770.0,3.9368
17031191000,metro,3.49,90,0,235873.0,3.8156
17031191100,metro,3.49,84,0,228693.0,3.673
17031191200,metro,3.49,86,0,215406.0,3.9925
17031191301,metro,3.49,87,0,184727.0,4.7097
17031191302,metro,3.49,87,0,206702.0,4.209
17031200100,metro,3.49,94,1,242952.0,3.8691
17031200200,metro,3.49,104,0,250733.0,4.1478
17031200300,metro,3.49,95,0,253592.0,3.7462
17031200401,metro,3.49,91,0,241809.0,3.7633
17031200402,metro,3.49,107,0,255517.0,4.1876
17031210100,metro,3.49,178,0,331212.0,5.3742
17031210400,metro,3.49,111,1,252662.0,4.3932
17031210501,metro,3.49,125,0,270404.0,4.6227
17031210502,metro,3.49,128,0,273844.0,4.6742
17031210601,metro,3.49,159,0,296973.0,5.354
17031210602,metro,3.49,148,0,296900.0,4.9848
17031210700,metro,3.49,173,0,322119.0,5.3707
17031210800,metro,3.49,174,0,334030.0,5.2091
17031210900,metro,3.49,176,0,334963.0,5.2543
17031220300,metro,3.49,172,0,333555.0,5.1566
17031220400,metro,3.49,166,0,328547.0,5.0525
17031220500,metro,3.49,165,0,309160.0,5.337
17031220601,metro,3.49,142,0,286650.0,4.9538
17031220602,metro,3.49,146,0,293872.0,4.9681
17031220701,metro,3.49,125,0,269558.0,4.6372
17031220702,metro,3.49,125,0,268142.0,4.6617
17031220901,metro,3.49,117,0,262049.0,4.4648
17031220902,metro,3.49,119,0,269066.0,4.4227
17031221000,metro,3.49,129,0,272313.0,4.7372
17031221100,metro,3.49,144,0,283810.0,5.0738
17031221200,metro,3.49,155,0,303290.0,5.1106
17031221300,metro,3.49,158,0,302423.0,5.2245
17031221400,metro,3.49,176,0,338903.0,5.1932
17031221500,metro,3.49,185,0,349119.0,5.2991
17031221600,metro,3.49,198,0,355554.0,5.5688
17031222200,metro,3.49,220,2,357026.0,6.162
17031222500,metro,3.49,161,0,294816.0,5.461
17031222600,metro,3.49,147,0,288593.0,5.0937
17031222700,metro,3.49,132,0,275270.0,4.7953
17031222800,metro,3.49,124,0,267479.0,4.6359
17031222900,metro,3.49,113,0,259035.0,4.3623
17031230100,metro,3.49,145,0,278267.0,5.2108
17031230200,metro,3.49,122,0,266626.0,4.5757
17031230300,metro,3.49,116,0,264279.0,4.3893
17031230400,metro,3.49,103,0,251420.0,4.0967
17031230500,metro,3.49,97,0,237011.0,4.0926
17031230600,metro,3.49,91,0,228919.0,3.9752
17031230700,metro,3.49,96,0,236531.0,4.0587
17031230800,metro,3.49,103,0,245310.0,4.1988
17031230900,metro,3.49,118,0,255826.0,4.6125
17031231100,metro,3.49,110,0,246768.0,4.4576
17031231200,metro,3.49,89,0,224541.0,3.9636
17031231500,metro,3.49,113,0,240758.0,4.6935
17031240200,metro,3.49,280,3,360471.0,7.7676
17031240300,metro,3.49,279,3,346046.0,8.0625
17031240500,metro,3.49,260,2,347781.0,7.476
17031240600,metro,3.49,215,2,333438.0,6.448
17031240700,metro,3.49,184,0,327338.0,5.6211
17031240800,metro,3.49,162,0,296576.0,5.4623
17031240900,metro,3.49,144,0,271963.0,5.2948
17031241000,metro,3.49,194,2,317035.0,6.1192
17031241100,metro,3.49,242,2,329126.0,7.3528
17031241200,metro,3.49,272,2,336340.0,8.0871
17031241300,metro,3.49,284,3,329514.0,8.6188
17031241400,metro,3.49,288,3,345261.0,8.3415
17031241500,metro,3.49,286,3,357183.0,8.0071
17031241600,metro,3.49,284,3,339394.0,8.3679
17031242000,metro,3.49,278,3,339352.0,8.1921
17031242100,metro,3.49,280,3,352168.0,7.9508
17031242200,metro,3.49,284,3,344131.0,8.2527
17031242300,metro,3.49,281,3,330263.0,8.5084
17031242400,metro,3.49,285,3,333538.0,8.5448
17031242500,metro,3.49,270,2,317976.0,8.4912
17031242600,metro,3.49,233,2,308448.0,7.5539
17031242700,metro,3.49,178,2,280352.0,6.3492
17031242800,metro,3.49,258,2,304185.0,8.4817
17031242900,metro,3.49,267,3,317336.0,8.4138
17031243000,metro,3.49,266,3,323167.0,8.231
17031243100,metro,3.49,274,3,338890.0,8.0852
17031243200,metro,3.49,278,3,338870.0,8.2037
17031243300,metro,3.49,281,3,321388.0,8.7433
17031243400,metro,3.49,278,3,324232.0,8.5741
17031243500,metro,3.49,272,3,309139.0,8.7986
17031250200,metro,3.49,82,0,226599.0,3.6187
17031250300,metro,3.49,81,0,209470.0,3.8669
17031250400,metro,3.49,83,0,190743.0,4.3514
17031250500,metro,3.49,80,0,160399.0,4.9876
17031250600,metro,3.49,71,0,188217.0,3.7722
17031250700,metro,3.49,74,0,206527.0,3.5831
17031250800,metro,3.49,77,0,214669.0,3.5869
17031251000,metro,3.49,78,0,221460.0,3.5221
17031251100,metro,3.49,78,0,212420.0,3.672
17031251200,metro,3.49,75,0,205417.0,3.6511
17031251300,metro,3.49,70,0,181710.0,3.8523
17031251400,metro,3.49,72,0,180635.0,3.9859
17031251500,metro,3.49,71,0,193044.0,3.6779
17031251600,metro,3.49,73,0,203789.0,3.5821
17031251700,metro,3.49,79,0,214880.0,3.6765
17031251800,metro,3.49,75,0,200234.0,3.7456
17031251900,metro,3.49,67,0,188747.0,3.5497
17031252000,metro,3.49,67,0,171659.0,3.9031
17031252101,metro,3.49,68,0,164117.0,4.1434
17031252102,metro,3.49,72,0,179668.0,4.0074
17031252201,metro,3.49,76,0,189307.0,4.0146
17031252202,metro,3.49,76,0,192668.0,3.9446
17031260100,metro,3.49,99,0,235250.0,4.2083
17031260200,metro,3.49,98,0,222194.0,4.4106
17031260300,metro,3.49,85,0,223194.0,3.8083
17031260400,metro,3.49,80,0,219473.0,3.6451
17031260500,metro,3.49,73,0,196874.0,3.708
17031260600,metro,3.49,75,0,205984.0,3.6411
17031260700,metro,3.49,79,0,209280.0,3.7748
17031260800,metro,3.49,88,0,220845.0,3.9847
17031260900,metro,3.49,74,0,198989.0,3.7188
17031261000,metro,3.49,73,0,189411.0,3.8541
17031270500,metro,3.49,98,0,222612.0,4.4023
17031271200,metro,3.49,138,1,225710.0,6.114
17031271300,metro,3.49,116,0,229169.0,5.0618
17031271400,metro,3.49,110,0,222612.0,4.9413
17031271500,metro,3.49,104,0,212688.0,4.8898
17031271800,metro,3.49,160,1,233459.0,6.8535
17031280100,metro,3.49,248,3,278761.0,8.8965
17031280400,metro,3.49,273,3,321221.0,8.4988
17031280800,metro,3.49,249,3,273990.0,9.0879
17031280900,metro,3.49,260,3,276220.0,9.4128
17031281900,metro,3.49,249,3,266483.0,9.3439
17031282700,metro,3.49,226,2,248903.0,9.0798
17031282800,metro,3.49,231,3,261385.0,8.8375
17031283100,metro,3.49,257,3,285180.0,9.0119
17031283200,metro,3.49,258,3,279664.0,9.2254
17031283800,metro,3.49,247,3,271322.0,9.1036
17031290900,metro,3.49,69,0,173137.0,3.9853
17031291200,metro,3.49,88,0,187699.0,4.6884
17031291600,metro,3.49,163,1,206521.0,7.8927
17031292200,metro,3.49,77,0,170984.0,4.5033
17031292400,metro,3.49,74,0,164011.0,4.5119
17031292500,metro,3.49,70,0,157382.0,4.4478
17031300500,metro,3.49,73,0,156527.0,4.6637
17031300600,metro,3.49,77,0,153472.0,5.0172
17031300700,metro,3.49,81,0,155481.0,5.2096
17031300800,metro,3.49,87,0,159616.0,5.4506
17031300900,metro,3.49,90,0,169412.0,5.3125
17031301100,metro,3.49,104,0,169709.0,6.1281
17031301200,metro,3.49,122,1,174225.0,7.0024
17031301600,metro,3.49,86,0,156158.0,5.5072
17031301701,metro,3.49,76,0,151689.0,5.0103
17031301702,metro,3.49,80,0,153646.0,5.2068
17031301801,metro,3.49,71,0,148792.0,4.7718
17031301802,metro,3.49,76,0,155859.0,4.8762
17031301803,metro,3.49,71,0,152547.0,4.6543
17031310200,metro,3.49,221,3,235284.0,9.3929
17031310300,metro,3.49,232,3,243030.0,9.5461
17031310400,metro,3.49,234,3,245871.0,9.5172
17031310500,metro,3.49,227,3,249194.0,9.1094
17031310600,metro,3.49,232,3,242662.0,9.5606
17031310700,metro,3.49,224,3,239262.0,9.3621
17031310800,metro,3.49,223,3,234715.0,9.5009
17031310900,metro,3.49,214,3,227271.0,9.4161
17031320101,metro,3.49,219,3,215915.0,10.1429
17031320102,metro,3.49,232,3,236540.0,9.8081
17031320400,metro,3.49,211,3,215350.0,9.798
17031320600,metro,3.49,203,3,207970.0,9.761
17031330101,metro,3.49,191,4,193660.0,9.8626
17031330102,metro,3.49,208,3,219523.0,9.4751
17031330103,metro,3.49,205,4,205185.0,9.991
17031330200,metro,3.49,213,3,232295.0,9.1694
17031340300,metro,3.49,181,4,182156.0,9.9365
17031340400,metro,3.49,175,4,174010.0,10.0569
17031340500,metro,3.49,145,2,168937.0,8.5831
17031340600,metro,3.49,84,1,162146.0,5.1805
17031350100,metro,3.49,145,4,139160.0,10.4197
17031350400,metro,3.49,177,4,179391.0,9.8667
17031351000,metro,3.49,85,1,123231.0,6.8976
17031351100,metro,3.49,67,1,142923.0,4.6878
17031351400,metro,3.49,74,1,152181.0,4.8626
17031351500,metro,3.49,81,1,159147.0,5.0896
17031360200,metro,3.49,63,1,137311.0,4.5881
17031380100,metro,3.49,57,1,130174.0,4.3788
17031380200,metro,3.49,58,1,136283.0,4.2558
17031380600,metro,3.49,64,1,147751.0,4.3316
17031381200,metro,3.49,50,1,140654.0,3.5548
17031381400,metro,3.49,54,1,143983.0,3.7504
17031381500,metro,3.49,54,1,146352.0,3.6897
17031381700,metro,3.49,58,1,150410.0,3.8561
17031381800,metro,3.49,54,1,148491.0,3.6366
17031381900,metro,3.49,44,1,143298.0,3.0705
17031390100,metro,3.49,35,1,112900.0,3.1001
17031390200,metro,3.49,43,1,118394.0,3.6319
17031390300,metro,3.49,50,1,124526.0,4.0152
17031390400,metro,3.49,41,1,125221.0,3.2742
17031390500,metro,3.49,35,1,121064.0,2.891
17031390600,metro,3.49,30,1,113065.0,2.6533
17031390700,metro,3.49,25,1,98121.0,2.5479
17031400300,metro,3.49,42,1,149303.0,2.8131
17031400400,metro,3.49,48,1,155064.0,3.0955
17031400500,metro,3.49,49,1,153364.0,3.195
17031400800,metro,3.49,50,1,159149.0,3.1417
17031410100,metro,3.49,24,1,105650.0,2.2717
17031410200,metro,3.49,29,1,121360.0,2.3896
17031410500,metro,3.49,38,1,137072.0,2.7723
17031410600,metro,3.49,33,1,128171.0,2.5747
17031410700,metro,3.49,28,1,123300.0,2.2709
17031410800,metro,3.49,27,1,122539.0,2.2034
17031410900,metro,3.49,24,1,105523.0,2.2744
17031411000,metro,3.49,23,1,117371.0,1.9596
17031411100,metro,3.49,26,1,130565.0,1.9913
17031411200,metro,3.49,26,1,134037.0,1.9398
17031420100,metro,3.49,24,1,122990.0,1.9514
17031420200,metro,3.49,33,1,137251.0,2.4044
17031420300,metro,3.49,34,1,141620.0,2.4008
17031420400,metro,3.49,36,1,149003.0,2.4161
17031420500,metro,3.49,41,1,147682.0,2.7762
17031420600,metro,3.49,46,1,153355.0,2.9996
17031420700,metro,3.49,39,1,161108.0,2.4207
17031420800,metro,3.49,37,1,149462.0,2.4755
17031421200,metro,3.49,37,1,160274.0,2.3085
17031430101,metro,3.49,36,1,124995.0,2.8801
17031430102,metro,3.49,30,0,107159.0,2.7996
17031430200,metro,3.49,43,1,129422.0,3.3225
17031430300,metro,3.49,39,1,140206.0,2.7816
17031430400,metro,3.49,42,1,140422.0,2.991
17031430500,metro,3.49,42,1,126538.0,3.3192
17031430600,metro,3.49,36,0,116311.0,3.0952
17031430700,metro,3.49,33,0,102386.0,3.2231
17031430800,metro,3.49,37,0,118374.0,3.1257
17031430900,metro,3.49,39,0,128154.0,3.0432
17031431200,metro,3.49,38,0,113011.0,3.3625
17031431301,metro,3.49,27,0,98295.0,2.7468
17031431302,metro,3.49,33,0,110782.0,2.9788
17031431400,metro,3.49,24,0,86347.0,2.7795
17031440101,metro,3.49,37,0,142563.0,2.5953
17031440102,metro,3.49,38,0,134465.0,2.826
17031440201,metro,3.49,42,0,148311.0,2.8319
17031440202,metro,3.49,43,0,144839.0,2.9688
17031440300,metro,3.49,38,0,142986.0,2.6576
17031440600,metro,3.49,45,0,133697.0,3.3658
17031440700,metro,3.49,39,0,140218.0,2.7814
17031440800,metro,3.49,38,0,130512.0,2.9116
17031440900,metro,3.49,39,0,128674.0,3.0309
17031450300,metro,3.49,32,0,112314.0,2.8492
17031460100,metro,3.49,19,0,64259.0,2.9568
17031460200,metro,3.49,24,0,75760.0,3.1679
17031460301,metro,3.49,23,0,85197.0,2.6996
17031460302,metro,3.49,24,0,93601.0,2.5641
17031460400,metro,3.49,28,0,97160.0,2.8818
17031460500,metro,3.49,31,0,103526.0,2.9944
17031460800,metro,3.49,24,0,83370.0,2.8787
17031461000,metro,3.49,23,0,70605.0,3.2576
17031470100,metro,3.49,37,0,125072.0,2.9583
17031480100,metro,3.49,32,0,104163.0,3.0721
17031480200,metro,3.49,32,0,121592.0,2.6318
17031480300,metro,3.49,34,0,119106.0,2.8546
17031480400,metro,3.49,32,0,104323.0,3.0674
17031480500,metro,3.49,27,0,83437.0,3.236
17031490200,metro,3.49,45,0,118630.0,3.7933
17031490500,metro,3.49,38,0,110657.0,3.434
17031490600,metro,3.49,38,0,105759.0,3.5931
17031490700,metro,3.49,37,0,100380.0,3.686
17031490800,metro,3.49,37,0,98058.0,3.7733
17031490901,metro,3.49,28,0,78142.0,3.5832
17031490902,metro,3.49,30,0,87251.0,3.4384
17031491000,metro,3.49,37,0,81064.0,4.5643
17031491100,metro,3.49,40,0,87001.0,4.5976
17031491200,metro,3.49,27,0,78093.0,3.4574
17031491300,metro,3.49,24,0,71769.0,3.3441
17031491400,metro,3.49,26,0,65553.0,3.9663
17031500100,metro,3.49,34,0,101242.0,3.3583
17031500200,metro,3.49,30,0,80342.0,3.734
17031500300,metro,3.49,22,0,63725.0,3.4523
17031510100,metro,3.49,20,0,59028.0,3.3882
17031510200,metro,3.49,24,0,67845.0,3.5375
17031510300,metro,3.49,28,0,88227.0,3.1736
17031520100,metro,3.49,16,0,42306.0,3.782
17031520200,metro,3.49,17,0,47745.0,3.5606
17031520300,metro,3.49,19,0,34472.0,5.5117
17031520400,metro,3.49,16,0,30411.0,5.2613
17031520500,metro,3.49,16,0,23679.0,6.757
17031520600,metro,3.49,17,0,25827.0,6.5823
17031530100,metro,3.49,16,0,64889.0,2.4657
17031530200,metro,3.49,20,0,70728.0,2.8277
17031530300,metro,3.49,27,0,75003.0,3.5999
17031530400,metro,3.49,24,0,68893.0,3.4837
17031530501,metro,3.49,15,0,64351.0,2.331
17031530502,metro,3.49,14,0,59266.0,2.3622
17031530503,metro,3.49,15,0,59561.0,2.5184
17031530600,metro,3.49,14,0,61334.0,2.2826
17031540101,metro,3.49,17,0,51583.0,3.2957
17031540102,metro,3.49,13,0,48438.0,2.6838
17031550100,metro,3.49,10,0,24036.0,4.1604
17031550200,metro,3.49,13,0,35540.0,3.6579
17031560100,metro,3.49,76,0,134129.0,5.6662
17031560200,metro,3.49,73,0,121852.0,5.9909
17031560300,metro,3.49,67,0,118577.0,5.6503
17031560400,metro,3.49,71,0,123613.0,5.7437
17031560700,metro,3.49,55,0,94856.0,5.7983
17031560800,metro,3.49,47,0,88048.0,5.338
17031560900,metro,3.49,36,0,71686.0,5.0219
17031561000,metro,3.49,38,0,71407.0,5.3216
17031561100,metro,3.49,48,0,81157.0,5.9145
17031570100,metro,3.49,76,0,137578.0,5.5241
17031570200,metro,3.49,81,0,141062.0,5.7422
17031570300,metro,3.49,73,0,126692.0,5.762
17031570400,metro,3.49,74,0,134194.0,5.5144
17031570500,metro,3.49,65,0,123738.0,5.253
17031580100,metro,3.49,96,0,155901.0,6.1578
17031580200,metro,3.49,87,0,157345.0,5.5293
17031580300,metro,3.49,84,0,152982.0,5.4908
17031580400,metro,3.49,80,0,147382.0,5.4281
17031580501,metro,3.49,84,0,152020.0,5.5256
17031580502,metro,3.49,80,0,144766.0,5.5262
17031580600,metro,3.49,82,0,150043.0,5.4651
17031580700,metro,3.49,80,0,155056.0,5.1594
17031580800,metro,3.49,77,0,149923.0,5.136
17031590500,metro,3.49,100,0,158781.0,6.298
17031590600,metro,3.49,100,0,167499.0,5.9702
17031590700,metro,3.49,98,1,176253.0,5.5602
17031600400,metro,3.49,184,4,183813.0,10.0102
17031600600,metro,3.49,188,4,195004.0,9.6408
17031600700,metro,3.49,178,1,196718.0,9.0485
17031600900,metro,3.49,163,2,193913.0,8.4058
17031610300,metro,3.49,93,0,165568.0,5.617
17031610400,metro,3.49,86,1,167883.0,5.1226
17031610800,metro,3.49,70,1,162734.0,4.3015
17031611200,metro,3.49,64,1,150434.0,4.2544
17031611300,metro,3.49,68,1,153832.0,4.4204
17031611400,metro,3.49,71,1,150732.0,4.7103
17031611500,metro,3.49,74,0,154895.0,4.7774
17031611600,metro,3.49,57,0,140001.0,4.0714
17031611700,metro,3.49,60,1,149706.0,4.0079
17031611800,metro,3.49,63,1,161313.0,3.9055
17031611900,metro,3.49,64,1,162229.0,3.945
17031612000,metro,3.49,61,1,167993.0,3.6311
17031612100,metro,3.49,59,1,170923.0,3.4518
17031612200,metro,3.49,62,1,166704.0,3.7192
17031620100,metro,3.49,68,0,122249.0,5.5624
17031620200,metro,3.49,59,0,125126.0,4.7152
17031620300,metro,3.49,51,0,118858.0,4.2908
17031620400,metro,3.49,57,0,119085.0,4.7865
17031630300,metro,3.49,62,0,132232.0,4.6887
17031630400,metro,3.49,58,0,124173.0,4.6709
17031630500,metro,3.49,60,0,125388.0,4.7851
17031630600,metro,3.49,64,0,139033.0,4.6032
17031630800,metro,3.49,50,0,120157.0,4.1612
17031630900,metro,3.49,55,0,123086.0,4.4684
17031640100,metro,3.49,52,0,105453.0,4.9311
17031640300,metro,3.49,48,0,79578.0,6.0318
17031640400,metro,3.49,36,0,64542.0,5.5778
17031640500,metro,3.49,37,0,66602.0,5.5554
17031640600,metro,3.49,49,0,77796.0,6.2985
17031640700,metro,3.49,53,0,97337.0,5.445
17031640800,metro,3.49,53,0,104077.0,5.0924
17031650100,metro,3.49,56,0,119403.0,4.69
17031650200,metro,3.49,51,0,114211.0,4.4654
17031650301,metro,3.49,56,0,109297.0,5.1237
17031650302,metro,3.49,57,0,118857.0,4.7957
17031650400,metro,3.49,63,0,119273.0,5.282
17031650500,metro,3.49,68,0,109685.0,6.1996
17031660301,metro,3.49,50,0,130827.0,3.8218
17031660302,metro,3.49,51,0,128720.0,3.9621
17031660400,metro,3.49,53,0,126743.0,4.1817
17031660500,metro,3.49,51,0,126249.0,4.0396
17031660600,metro,3.49,51,0,130689.0,3.9024
17031660700,metro,3.49,54,0,137996.0,3.9132
17031660800,metro,3.49,51,0,129252.0,3.9458
17031660900,metro,3.49,59,0,127251.0,4.6365
17031661000,metro,3.49,62,0,129347.0,4.7933
17031661100,metro,3.49,60,0,122210.0,4.9096
17031670100,metro,3.49,62,1,162891.0,3.8062
17031670200,metro,3.49,65,1,159176.0,4.0835
17031670300,metro,3.49,59,1,157986.0,3.7345
17031670400,metro,3.49,56,0,148313.0,3.7758
17031670500,metro,3.49,53,0,146138.0,3.6267
17031670600,metro,3.49,55,0,149718.0,3.6736
17031670700,metro,3.49,57,0,148384.0,3.8414
17031670800,metro,3.49,55,1,150888.0,3.6451
17031670900,metro,3.49,52,1,164453.0,3.162
17031671100,metro,3.49,47,0,145146.0,3.2381
17031671200,metro,3.49,49,0,145893.0,3.3586
17031671300,metro,3.49,49,0,144286.0,3.396
17031671400,metro,3.49,50,0,142977.0,3.4971
17031671500,metro,3.49,51,0,140112.0,3.6399
17031671600,metro,3.49,48,0,144981.0,3.3108
17031671800,metro,3.49,43,0,148915.0,2.8876
17031671900,metro,3.49,50,0,140380.0,3.5618
17031672000,metro,3.49,50,0,139409.0,3.5866
17031680500,metro,3.49,64,1,164597.0,3.8883
17031680600,metro,3.49,53,1,164338.0,3.2251
17031680900,metro,3.49,51,1,167749.0,3.0403
17031681000,metro,3.49,45,1,157276.0,2.8612
17031681100,metro,3.49,46,0,155127.0,2.9653
17031681200,metro,3.49,49,1,163875.0,2.9901
17031681300,metro,3.49,38,0,149552.0,2.5409
17031681400,metro,3.49,46,0,146860.0,3.1322
17031690300,metro,3.49,46,1,165193.0,2.7846
17031690400,metro,3.49,42,1,162725.0,2.581
17031690500,metro,3.49,38,1,162158.0,2.3434
17031690900,metro,3.49,43,1,159922.0,2.6888
17031691000,metro,3.49,42,1,158319.0,2.6529
17031691100,metro,3.49,42,0,159270.0,2.637
17031691200,metro,3.49,41,0,146514.0,2.7984
17031691300,metro,3.49,41,0,152141.0,2.6949
17031691400,metro,3.49,40,0,155200.0,2.5773
17031691500,metro,3.49,44,0,142850.0,3.0802
17031700100,metro,3.49,60,0,125927.0,4.7647
17031700200,metro,3.49,72,0,110713.0,6.5033
17031700301,metro,3.49,66,0,104111.0,6.3394
17031700302,metro,3.49,65,0,101212.0,6.4222
17031700401,metro,3.49,65,0,116472.0,5.5807
17031700402,metro,3.49,66,0,114910.0,5.7436
17031700501,metro,3.49,61,0,122761.0,4.969
17031700502,metro,3.49,62,0,116814.0,5.3076
17031710100,metro,3.49,41,0,138680.0,2.9564
17031710200,metro,3.49,43,0,140630.0,3.0577
17031710300,metro,3.49,45,0,136216.0,3.3036
17031710400,metro,3.49,51,0,137551.0,3.7077
17031710500,metro,3.49,54,0,128498.0,4.2024
17031710600,metro,3.49,45,0,131650.0,3.4182
17031710700,metro,3.49,43,0,131282.0,3.2754
17031710800,metro,3.49,45,0,133857.0,3.3618
17031710900,metro,3.49,46,0,133110.0,3.4558
17031711000,metro,3.49,43,0,127818.0,3.3642
17031711100,metro,3.49,43,0,124910.0,3.4425
17031711200,metro,3.49,50,0,130032.0,3.8452
17031711300,metro,3.49,49,0,129047.0,3.7971
17031711400,metro,3.49,40,0,124386.0,3.2158
17031711500,metro,3.49,46,0,124202.0,3.7036
17031720100,metro,3.49,55,0,119128.0,4.6169
17031720200,metro,3.49,50,0,111891.0,4.4686
17031720300,metro,3.49,58,0,106754.0,5.4331
17031720400,metro,3.49,60,0,100485.0,5.971
17031720500,metro,3.49,55,0,97003.0,5.6699
17031720600,metro,3.49,55,0,105296.0,5.2234
17031720700,metro,3.49,54,0,102923.0,5.2466
17031730100,metro,3.49,47,0,116376.0,4.0386
17031730201,metro,3.49,46,0,118850.0,3.8704
17031730202,metro,3.49,44,0,118629.0,3.709
17031730300,metro,3.49,52,0,116700.0,4.4559
17031730400,metro,3.49,47,0,111361.0,4.2205
17031730500,metro,3.49,45,0,110494.0,4.0726
17031730600,metro,3.49,46,0,108699.0,4.2319
17031730700,metro,3.49,42,0,95710.0,4.3883
17031740100,metro,3.49,55,0,92281.0,5.9601
17031740200,metro,3.49,60,0,91760.0,6.5388
17031740300,metro,3.49,54,0,78062.0,6.9176
17031740400,metro,3.49,53,0,75582.0,7.0123
17031750100,metro,3.49,37,0,88148.0,4.1975
17031750200,metro,3.49,45,0,92231.0,4.8791
17031750300,metro,3.49,53,0,89582.0,5.9164
17031750400,metro,3.49,46,0,80586.0,5.7082
17031750500,metro,3.49,36,0,85502.0,4.2104
17031750600,metro,3.49,32,0,79909.0,4.0046
17031760801,metro,3.49,67,0,76921.0,8.7102
17031760802,metro,3.49,65,0,87500.0,7.4286
17031760803,metro,3.49,63,0,83225.0,7.5698
17031770201,metro,3.49,38,1,33727.0,11.2669
17031770202,metro,3.49,43,0,45325.0,9.487
17031770300,metro,3.49,45,0,43816.0,10.2702
17031770400,metro,3.49,40,0,40985.0,9.7597
17031770500,metro,3.49,29,0,32426.0,8.9434
17031770601,metro,3.49,38,0,56028.0,6.7823
17031770602,metro,3.49,34,0,43303.0,7.8517
17031770700,metro,3.49,41,0,54543.0,7.517
17031770800,metro,3.49,47,0,57058.0,8.2372
17031770901,metro,3.49,85,2,123292.0,6.8942
17031770902,metro,3.49,72,1,97712.0,7.3686
17031800100,metro,3.49,25,0,16840.0,14.8456
17031800200,metro,3.49,37,0,24137.0,15.3292
17031800300,metro,3.49,38,1,24963.0,15.2225
17031800400,metro,3.49,29,0,27515.0,10.5397
17031800500,metro,3.49,47,1,38810.0,12.1103
17031800600,metro,3.49,47,0,41343.0,11.3683
17031800700,metro,3.49,53,1,49989.0,10.6023
17031800800,metro,3.49,54,1,44222.0,12.2111
17031800900,metro,3.49,65,1,63074.0,10.3054
17031801000,metro,3.49,65,1,62176.0,10.4542
17031801100,metro,3.49,54,0,55058.0,9.8078
17031801200,metro,3.49,35,0,39882.0,8.7759
17031801300,metro,3.49,46,0,51086.0,9.0044
17031801400,metro,3.49,71,1,63786.0,11.131
17031801500,metro,3.49,53,0,35650.0,14.8668
17031801601,metro,3.49,37,0,36190.0,10.2238
17031801603,metro,3.49,42,0,54842.0,7.6584
17031801605,metro,3.49,38,0,38968.0,9.7516
17031801606,metro,3.49,35,0,43617.0,8.0244
17031801607,metro,3.49,48,1,58387.0,8.221
17031801608,metro,3.49,48,1,40810.0,11.7618
17031801701,metro,3.49,42,0,37509.0,11.1973
17031801702,metro,3.49,49,0,35843.0,13.6707
17031801800,metro,3.49,52,1,32594.0,15.9539
17031801901,metro,3.49,50,1,47537.0,10.5181
17031801902,metro,3.49,60,1,47965.0,12.5091
17031802002,metro,3.49,53,1,49310.0,10.7483
17031802003,metro,3.49,51,1,59601.0,8.5569
17031802004,metro,3.49,51,1,65149.0,7.8282
17031802100,metro,3.49,59,1,59780.0,9.8695
17031802200,metro,3.49,58,1,64648.0,8.9717
17031802300,metro,3.49,48,1,45514.0,10.5462
17031802402,metro,3.49,28,0,48487.0,5.7747
17031802403,metro,3.49,44,0,56522.0,7.7846
17031802404,metro,3.49,40,0,49484.0,8.0834
17031802503,metro,3.49,46,0,66028.0,6.9667
17031802504,metro,3.49,41,0,53140.0,7.7155
17031802505,metro,3.49,37,0,53393.0,6.9297
17031802506,metro,3.49,27,0,47511.0,5.6829
17031802605,metro,3.49,36,0,56132.0,6.4135
17031802607,metro,3.49,48,0,61303.0,7.83
17031802608,metro,3.49,47,0,67276.0,6.9861
17031802609,metro,3.49,36,0,50155.0,7.1777
17031802610,metro,3.49,36,0,52516.0,6.8551
17031802701,metro,3.49,37,0,58599.0,6.3141
17031802702,metro,3.49,40,0,63093.0,6.3398
17031802801,metro,3.49,53,0,74450.0,7.1189
17031802802,metro,3.49,51,0,69185.0,7.3715
17031802900,metro,3.49,57,0,68681.0,8.2992
17031803005,metro,3.49,55,0,62711.0,8.7704
17031803007,metro,3.49,53,0,66242.0,8.001
17031803008,metro,3.49,55,0,68233.0,8.0606
17031803010,metro,3.49,47,0,51970.0,9.0437
17031803012,metro,3.49,49,0,60353.0,8.1189
17031803013,metro,3.49,47,0,61379.0,7.6573
17031803014,metro,3.49,42,0,59543.0,7.0537
17031803015,metro,3.49,47,0,66714.0,7.045
17031803016,metro,3.49,59,0,65576.0,8.9972
17031803017,metro,3.49,55,0,72571.0,7.5788
17031803100,metro,3.49,65,0,72829.0,8.925
17031803200,metro,3.49,63,0,70433.0,8.9447
17031803300,metro,3.49,51,0,63362.0,8.049
17031803400,metro,3.49,57,0,68822.0,8.2822
17031803500,metro,3.49,56,0,63244.0,8.8546
17031803603,metro,3.49,23,0,29138.0,7.8935
17031803604,metro,3.49,36,0,48089.0,7.4861
17031803605,metro,3.49,43,0,52093.0,8.2545
17031803607,metro,3.49,53,0,61298.0,8.6463
17031803608,metro,3.49,37,0,36679.0,10.0875
17031803611,metro,3.49,47,0,54970.0,8.5501
17031803612,metro,3.49,48,0,48972.0,9.8015
17031803613,metro,3.49,48,0,55230.0,8.6909
17031803614,metro,3.49,48,0,59402.0,8.0805
17031803615,metro,3.49,35,0,38211.0,9.1597
17031803616,metro,3.49,29,0,43981.0,6.5938
17031803701,metro,3.49,34,0,49394.0,6.8834
17031803702,metro,3.49,32,0,48412.0,6.6099
17031803800,metro,3.49,43,0,58343.0,7.3702
17031803901,metro,3.49,52,0,62745.0,8.2875
17031803902,metro,3.49,51,0,57154.0,8.9233
17031804000,metro,3.49,54,0,57489.0,9.3931
17031804102,metro,3.49,27,0,45060.0,5.992
17031804104,metro,3.49,15,0,28438.0,5.2746
17031804105,metro,3.49,25,0,42475.0,5.8858
17031804106,metro,3.49,38,0,56192.0,6.7625
17031804108,metro,3.49,44,0,49618.0,8.8677
17031804109,metro,3.49,52,0,51688.0,10.0604
17031804202,metro,3.49,10,0,15154.0,6.5989
17031804203,metro,3.49,12,0,13921.0,8.6201
17031804204,metro,3.49,3,0,9722.0,3.0858
17031804305,metro,3.49,28,1,42698.0,6.5577
17031804306,metro,3.49,25,1,42384.0,5.8985
17031804308,metro,3.49,28,1,51206.0,5.4681
17031804309,metro,3.49,28,1,50295.0,5.5672
17031804312,metro,3.49,18,0,25213.0,7.1392
17031804313,metro,3.49,16,1,28989.0,5.5193
17031804314,metro,3.49,21,1,37923.0,5.5375
17031804315,metro,3.49,25,1,42681.0,5.8574
17031804316,metro,3.49,25,1,41077.0,6.0861
17031804403,metro,3.49,14,1,33928.0,4.1264
17031804404,metro,3.49,13,1,35414.0,3.6709
17031804405,metro,3.49,13,1,42698.0,3.0446
17031804406,metro,3.49,14,2,38978.0,3.5918
17031804505,metro,3.49,27,1,47491.0,5.6853
17031804506,metro,3.49,25,1,35645.0,7.0136
17031804508,metro,3.49,29,1,41267.0,7.0274
17031804509,metro,3.49,31,1,45607.0,6.7972
17031804510,metro,3.49,30,1,49063.0,6.1146
17031804511,metro,3.49,30,1,51405.0,5.836
17031804512,metro,3.49,20,2,34637.0,5.7742
17031804513,metro,3.49,17,1,35209.0,4.8283
17031804514,metro,3.49,14,1,26852.0,5.2138
17031804603,metro,3.49,37,0,51109.0,7.2394
17031804606,metro,3.49,38,1,44071.0,8.6225
17031804607,metro,3.49,36,1,41184.0,8.7413
17031804608,metro,3.49,28,0,53075.0,5.2756
17031804609,metro,3.49,47,0,53155.0,8.8421
17031804610,metro,3.49,41,1,45286.0,9.0536
17031804611,metro,3.49,37,1,51664.0,7.1617
17031804701,metro,3.49,28,0,34411.0,8.1369
17031804705,metro,3.49,28,0,46914.0,5.9684
17031804706,metro,3.49,33,0,46973.0,7.0253
17031804709,metro,3.49,38,0,50961.0,7.4567
17031804710,metro,3.49,35,0,56297.0,6.217
17031804711,metro,3.49,35,0,50363.0,6.9495
17031804712,metro,3.49,31,0,53145.0,5.8331
17031804713,metro,3.49,38,0,49868.0,7.6201
17031804714,metro,3.49,33,0,46909.0,7.0349
17031804715,metro,3.49,38,0,51176.0,7.4254
17031804716,metro,3.49,33,0,51910.0,6.3572
17031804803,metro,3.49,42,1,53354.0,7.8719
17031804804,metro,3.49,34,2,55671.0,6.1073
17031804805,metro,3.49,31,1,57547.0,5.3869
17031804806,metro,3.49,33,2,57341.0,5.755
17031804807,metro,3.49,34,1,60471.0,5.6225
17031804808,metro,3.49,42,1,60386.0,6.9553
17031804809,metro,3.49,40,1,60299.0,6.6336
17031804810,metro,3.49,41,1,57814.0,7.0917
17031804901,metro,3.49,54,0,68539.0,7.8787
17031804902,metro,3.49,49,0,58034.0,8.4433
17031805001,metro,3.49,51,0,68290.0,7.4682
17031805002,metro,3.49,53,0,54971.0,9.6414
17031805105,metro,3.49,43,0,53810.0,7.9911
17031805106,metro,3.49,55,0,64024.0,8.5905
17031805107,metro,3.49,56,0,52338.0,10.6997
17031805108,metro,3.49,51,0,55057.0,9.2631
17031805109,metro,3.49,55,0,59967.0,9.1717
17031805110,metro,3.49,59,0,63431.0,9.3014
17031805111,metro,3.49,46,0,48850.0,9.4166
17031805112,metro,3.49,39,0,48903.0,7.975
17031805201,metro,3.49,69,1,67731.0,10.1874
17031805202,metro,3.49,67,1,66541.0,10.069
17031805301,metro,3.49,71,1,75744.0,9.3737
17031805302,metro,3.49,70,1,72395.0,9.6692
17031805401,metro,3.49,76,1,80430.0,9.4492
17031805402,metro,3.49,77,2,79494.0,9.6863
17031805501,metro,3.49,76,0,80221.0,9.4738
17031805502,metro,3.49,77,1,86508.0,8.9009
17031805600,metro,3.49,78,1,85218.0,9.153
17031805701,metro,3.49,69,0,75593.0,9.1278
17031805702,metro,3.49,70,0,76221.0,9.1838
17031805801,metro,3.49,61,0,65822.0,9.2674
17031805802,metro,3.49,74,0,78420.0,9.4364
17031805901,metro,3.49,53,0,65026.0,8.1506
17031805902,metro,3.49,68,0,76389.0,8.9018
17031806001,metro,3.49,63,1,66900.0,9.417
17031806002,metro,3.49,55,0,66302.0,8.2954
17031806004,metro,3.49,66,1,73580.0,8.9698
17031806005,metro,3.49,64,0,70359.0,9.0962
17031806006,metro,3.49,63,1,69012.0,9.1288
17031806102,metro,3.49,50,0,64630.0,7.7363
17031806103,metro,3.49,42,0,73181.0,5.7392
17031806104,metro,3.49,53,0,64833.0,8.1748
17031806201,metro,3.49,57,0,67335.0,8.4651
17031806202,metro,3.49,56,0,60727.0,9.2216
17031806300,metro,3.49,46,0,62293.0,7.3845
17031806400,metro,3.49,54,0,62161.0,8.6871
17031806501,metro,3.49,47,0,49592.0,9.4773
17031806502,metro,3.49,53,0,63611.0,8.3319
17031806600,metro,3.49,54,0,57581.0,9.3781
17031806700,metro,3.49,68,1,93652.0,7.2609
17031806801,metro,3.49,78,1,77224.0,10.1005
17031806802,metro,3.49,82,0,89340.0,9.1784
17031806900,metro,3.49,71,1,67348.0,10.5423
17031807000,metro,3.49,78,2,77923.0,10.0099
17031807100,metro,3.49,82,1,105541.0,7.7695
17031807200,metro,3.49,88,2,116513.0,7.5528
17031807300,metro,3.49,78,1,84797.0,9.1984
17031807400,metro,3.49,96,2,111248.0,8.6294
17031807500,metro,3.49,88,2,127339.0,6.9107
17031807600,metro,3.49,92,2,142676.0,6.4482
17031807700,metro,3.49,92,2,95033.0,9.6808
17031807800,metro,3.49,93,2,98773.0,9.4155
17031807900,metro,3.49,98,2,136010.0,7.2054
17031808001,metro,3.49,99,3,152414.0,6.4955
17031808002,metro,3.49,107,3,192857.0,5.5482
17031808100,metro,3.49,91,2,99337.0,9.1607
17031808200,metro,3.49,87,1,84467.0,10.2999
17031808301,metro,3.49,93,2,84992.0,10.9422
17031808302,metro,3.49,86,1,81031.0,10.6132
17031808400,metro,3.49,82,1,76859.0,10.6689
17031808500,metro,3.49,75,1,71029.0,10.5591
17031808600,metro,3.49,72,1,71346.0,10.0917
17031808702,metro,3.49,37,1,72831.0,5.0803
17031808800,metro,3.49,45,1,56618.0,7.948
17031808900,metro,3.49,55,0,66252.0,8.3016
17031809000,metro,3.49,67,0,76052.0,8.8098
17031809100,metro,3.49,57,1,76519.0,7.4491
17031809200,metro,3.49,64,1,87922.0,7.2792
17031809300,metro,3.49,50,1,74610.0,6.7015
17031809401,metro,3.49,45,1,93758.0,4.7996
17031809402,metro,3.49,53,1,90403.0,5.8626
17031809500,metro,3.49,63,1,97920.0,6.4338
17031809600,metro,3.49,73,1,105341.0,6.9299
17031809700,metro,3.49,82,1,123749.0,6.6263
17031809800,metro,3.49,75,1,111040.0,6.7543
17031809900,metro,3.49,54,1,110250.0,4.898
17031810000,metro,3.49,66,1,123478.0,5.3451
17031810100,metro,3.49,75,1,130575.0,5.7438
17031810200,metro,3.49,80,1,137724.0,5.8087
17031810301,metro,3.49,92,1,145900.0,6.3057
17031810302,metro,3.49,86,1,138808.0,6.1956
17031810400,metro,3.49,73,2,90251.0,8.0886
17031810501,metro,3.49,79,1,117040.0,6.7498
17031810502,metro,3.49,85,1,138118.0,6.1542
17031810600,metro,3.49,89,2,147266.0,6.0435
17031810701,metro,3.49,83,0,146152.0,5.679
17031810702,metro,3.49,80,0,138807.0,5.7634
17031810800,metro,3.49,81,0,126072.0,6.4249
17031810900,metro,3.49,75,0,147317.0,5.0911
17031811000,metro,3.49,83,0,134335.0,6.1786
17031811100,metro,3.49,79,0,110729.0,7.1345
17031811200,metro,3.49,74,0,96951.0,7.6327
17031811301,metro,3.49,48,0,65942.0,7.2791
17031811302,metro,3.49,53,0,84423.0,6.2779
17031811401,metro,3.49,48,0,64192.0,7.4776
17031811402,metro,3.49,40,0,66786.0,5.9893
17031811500,metro,3.49,53,0,67496.0,7.8523
17031811600,metro,3.49,48,0,61439.0,7.8126
17031811701,metro,3.49,33,0,37770.0,8.7371
17031811702,metro,3.49,41,0,49889.0,8.2182
17031811800,metro,3.49,48,0,55786.0,8.6043
17031811900,metro,3.49,65,0,135355.0,4.8022
17031812000,metro,3.49,69,0,128191.0,5.3826
17031812100,metro,3.49,65,0,182878.0,3.5543
17031812200,metro,3.49,77,0,164845.0,4.6711
17031812301,metro,3.49,71,0,153110.0,4.6372
17031812302,metro,3.49,79,0,153208.0,5.1564
17031812400,metro,3.49,76,0,162583.0,4.6745
17031812500,metro,3.49,73,0,167731.0,4.3522
17031812600,metro,3.49,68,0,160562.0,4.2351
17031812700,metro,3.49,74,0,154407.0,4.7925
17031812801,metro,3.49,69,0,144674.0,4.7693
17031812802,metro,3.49,69,0,146953.0,4.6954
17031812900,metro,3.49,67,0,142640.0,4.6971
17031813000,metro,3.49,64,0,156293.0,4.0949
17031813100,metro,3.49,64,0,147915.0,4.3268
17031813200,metro,3.49,67,0,141752.0,4.7266
17031813301,metro,3.49,71,0,166353.0,4.268
17031813302,metro,3.49,68,0,171542.0,3.964
17031813400,metro,3.49,68,0,155866.0,4.3627
17031813500,metro,3.49,61,0,148239.0,4.115
17031813600,metro,3.49,68,0,148162.0,4.5896
17031813701,metro,3.49,69,0,151160.0,4.5647
17031813702,metro,3.49,65,0,154175.0,4.216
17031813801,metro,3.49,68,0,153847.0,4.42
17031813802,metro,3.49,65,0,143219.0,4.5385
17031813900,metro,3.49,65,0,137470.0,4.7283
17031814000,metro,3.49,55,0,132872.0,4.1393
17031814100,metro,3.49,64,0,138637.0,4.6164
17031814200,metro,3.49,76,0,140628.0,5.4043
17031814300,metro,3.49,77,0,133365.0,5.7736
17031814400,metro,3.49,68,0,122754.0,5.5395
17031814500,metro,3.49,62,0,112332.0,5.5194
17031814600,metro,3.49,65,0,139576.0,4.657
17031814700,metro,3.49,65,0,135140.0,4.8098
17031814800,metro,3.49,62,0,120320.0,5.1529
17031814900,metro,3.49,59,0,127333.0,4.6335
17031815000,metro,3.49,57,0,134875.0,4.2261
17031815100,metro,3.49,58,0,126258.0,4.5938
17031815200,metro,3.49,57,0,120367.0,4.7355
17031815300,metro,3.49,62,0,115256.0,5.3793
17031815400,metro,3.49,56,0,97222.0,5.76
17031815500,metro,3.49,56,0,102946.0,5.4397
17031815600,metro,3.49,65,0,101084.0,6.4303
17031815701,metro,3.49,59,0,102133.0,5.7768
17031815702,metro,3.49,52,0,89100.0,5.8361
17031815800,metro,3.49,56,0,81365.0,6.8826
17031815900,metro,3.49,66,0,143143.0,4.6108
17031816000,metro,3.49,70,0,124915.0,5.6038
17031816100,metro,3.49,69,0,121367.0,5.6852
17031816200,metro,3.49,72,0,105192.0,6.8446
17031816300,metro,3.49,59,0,89500.0,6.5922
17031816401,metro,3.49,60,0,82595.0,7.2644
17031816402,metro,3.49,66,0,90313.0,7.3079
17031816500,metro,3.49,51,0,68171.0,7.4812
17031816600,metro,3.49,46,0,63838.0,7.2057
17031816700,metro,3.49,51,0,61506.0,8.2919
17031816800,metro,3.49,64,0,57745.0,11.0832
17031816900,metro,3.49,55,0,67381.0,8.1625
17031817000,metro,3.49,50,0,70805.0,7.0616
17031817101,metro,3.49,50,0,64620.0,7.7375
17031817102,metro,3.49,49,0,71162.0,6.8857
17031817200,metro,3.49,58,0,85616.0,6.7744
17031817300,metro,3.49,63,0,89932.0,7.0053
17031817400,metro,3.49,68,0,100916.0,6.7383
17031817500,metro,3.49,68,0,110817.0,6.1362
17031817600,metro,3.49,65,0,102201.0,6.36
17031817700,metro,3.49,60,0,90677.0,6.6169
17031817900,metro,3.49,71,0,103711.0,6.8459
17031818000,metro,3.49,48,0,75962.0,6.3189
17031818100,metro,3.49,48,0,66517.0,7.2162
17031818200,metro,3.49,50,0,65466.0,7.6376
17031818300,metro,3.49,58,0,65817.0,8.8123
17031818401,metro,3.49,58,0,55994.0,10.3583
17031818402,metro,3.49,56,0,57328.0,9.7684
17031818500,metro,3.49,60,0,54899.0,10.9292
17031818600,metro,3.49,47,0,64444.0,7.2932
17031818700,metro,3.49,59,0,71688.0,8.2301
17031818800,metro,3.49,55,0,62819.0,8.7553
17031818900,metro,3.49,49,0,55635.0,8.8074
17031819000,metro,3.49,56,0,45790.0,12.2297
17031819100,metro,3.49,54,0,87906.0,6.1429
17031819200,metro,3.49,54,0,69961.0,7.7186
17031819300,metro,3.49,54,0,64319.0,8.3957
17031819400,metro,3.49,50,0,57915.0,8.6333
17031819500,metro,3.49,53,0,53428.0,9.9199
17031819600,metro,3.49,49,0,51139.0,9.5817
17031819700,metro,3.49,50,0,50757.0,9.8509
17031819801,metro,3.49,52,0,49602.0,10.4834
17031819802,metro,3.49,54,0,46027.0,11.7322
17031819900,metro,3.49,59,0,47271.0,12.4812
17031820000,metro,3.49,55,0,48512.0,11.3374
17031820101,metro,3.49,46,0,40898.0,11.2475
17031820103,metro,3.49,43,0,48429.0,8.879
17031820104,metro,3.49,40,0,44223.0,9.0451
17031820202,metro,3.49,30,0,46906.0,6.3958
17031820203,metro,3.49,12,0,24333.0,4.9316
17031820204,metro,3.49,29,0,33547.0,8.6446
17031820300,metro,3.49,39,0,68241.0,5.715
17031820400,metro,3.49,42,0,57288.0,7.3314
17031820501,metro,3.49,41,0,50248.0,8.1595
17031820502,metro,3.49,46,0,62922.0,7.3106
17031820603,metro,3.49,28,0,41192.0,6.7974
17031820604,metro,3.49,35,0,47241.0,7.4088
17031820605,metro,3.49,30,0,43840.0,6.8431
17031820606,metro,3.49,23,0,32297.0,7.1214
17031820700,metro,3.49,60,0,110260.0,5.4417
17031820800,metro,3.49,56,0,92939.0,6.0255
17031820901,metro,3.49,53,0,76835.0,6.8979
17031820902,metro,3.49,69,0,93564.0,7.3746
17031821001,metro,3.49,48,0,70288.0,6.829
17031821002,metro,3.49,59,0,80590.0,7.321
17031821101,metro,3.49,61,0,84668.0,7.2046
17031821102,metro,3.49,61,0,96339.0,6.3318
17031821200,metro,3.49,23,0,71791.0,3.2037
17031821300,metro,3.49,20,0,64960.0,3.0788
17031821401,metro,3.49,21,0,73617.0,2.8526
17031821402,metro,3.49,17,0,64200.0,2.648
17031821500,metro,3.49,13,0,56611.0,2.2964
17031821600,metro,3.49,63,0,114719.0,5.4917
17031821700,metro,3.49,64,0,98754.0,6.4808
17031821800,metro,3.49,63,0,103714.0,6.0744
17031821900,metro,3.49,61,0,101832.0,5.9903
17031822000,metro,3.49,65,0,93695.0,6.9374
17031822101,metro,3.49,63,0,83197.0,7.5724
17031822102,metro,3.49,61,0,88903.0,6.8614
17031822200,metro,3.49,64,0,77804.0,8.2258
17031822301,metro,3.49,62,0,77784.0,7.9708
17031822302,metro,3.49,59,0,72611.0,8.1255
17031822400,metro,3.49,53,0,67378.0,7.8661
17031822500,metro,3.49,64,0,77553.0,8.2524
17031822601,metro,3.49,69,0,77905.0,8.8569
17031822602,metro,3.49,67,0,76114.0,8.8026
17031822701,metro,3.49,61,0,83683.0,7.2894
17031822702,metro,3.49,59,0,84320.0,6.9972
17031822801,metro,3.49,63,0,75123.0,8.3862
17031822802,metro,3.49,56,0,83995.0,6.6671
17031822900,metro,3.49,47,0,69933.0,6.7207
17031823001,metro,3.49,64,0,64601.0,9.907
17031823002,metro,3.49,66,0,72108.0,9.1529
17031823101,metro,3.49,51,0,56152.0,9.0825
17031823102,metro,3.49,57,0,64105.0,8.8917
17031823200,metro,3.49,50,0,58427.0,8.5577
17031823302,metro,3.49,31,0,62603.0,4.9518
17031823303,metro,3.49,50,0,68729.0,7.2749
17031823304,metro,3.49,50,0,71720.0,6.9716
17031823400,metro,3.49,28,0,66059.0,4.2386
17031823500,metro,3.49,29,0,68605.0,4.2271
17031823602,metro,3.49,32,0,53786.0,5.9495
17031823603,metro,3.49,24,0,51546.0,4.656
17031823604,metro,3.49,27,0,47498.0,5.6844
17031823605,metro,3.49,34,0,48282.0,7.042
17031823702,metro,3.49,29,0,43267.0,6.7026
17031823703,metro,3.49,39,0,55388.0,7.0412
17031823704,metro,3.49,24,0,43479.0,5.5199
17031823705,metro,3.49,30,0,42539.0,7.0524
17031823801,metro,3.49,8,0,16937.0,4.7234
17031823803,metro,3.49,35,0,41141.0,8.5073
17031823805,metro,3.49,35,0,37551.0,9.3207
17031823806,metro,3.49,41,0,47522.0,8.6276
17031823901,metro,3.49,34,0,28657.0,11.8645
17031823903,metro,3.49,35,0,33529.0,10.4387
17031823904,metro,3.49,34,0,39254.0,8.6615
17031824003,metro,3.49,14,0,15205.0,9.2075
17031824004,metro,3.49,12,0,13754.0,8.7247
17031824005,metro,3.49,12,0,15549.0,7.7175
17031824006,metro,3.49,23,0,18127.0,12.6883
17031824105,metro,3.49,47,0,29514.0,15.9246
17031824106,metro,3.49,49,0,44392.0,11.038
17031824107,metro,3.49,49,0,43844.0,11.176
17031824113,metro,3.49,40,0,23779.0,16.8216
17031824114,metro,3.49,41,0,29928.0,13.6995
17031824115,metro,3.49,41,0,36433.0,11.2535
17031824116,metro,3.49,40,0,28113.0,14.2283
17031824119,metro,3.49,20,0,23720.0,8.4317
17031824121,metro,3.49,50,0,45775.0,10.923
17031824122,metro,3.49,44,0,41620.0,10.5718
17031824123,metro,3.49,49,0,42157.0,11.6232
17031824124,metro,3.49,52,0,39383.0,13.2037
17031824125,metro,3.49,54,0,41123.0,13.1313
17031824126,metro,3.49,45,0,37109.0,12.1264
17031824127,metro,3.49,48,0,38477.0,12.475
17031824128,metro,3.49,33,0,28217.0,11.6951
17031824129,metro,3.49,36,0,32202.0,11.1794
17031824300,metro,3.49,21,0,52473.0,4.0021
17031824400,metro,3.49,25,0,50269.0,4.9732
17031824503,metro,3.49,36,0,45935.0,7.8372
17031824505,metro,3.49,38,0,45880.0,8.2825
17031824507,metro,3.49,38,0,45945.0,8.2708
17031824508,metro,3.49,59,0,48074.0,12.2727
17031824509,metro,3.49,43,0,42181.0,10.1942
17031824601,metro,3.49,33,0,40653.0,8.1175
17031824602,metro,3.49,27,0,39429.0,6.8478
17031824701,metro,3.49,21,0,43394.0,4.8394
17031824702,metro,3.49,19,0,42869.0,4.4321
17031824800,metro,3.49,16,0,46386.0,3.4493
17031824900,metro,3.49,18,0,37582.0,4.7895
17031825000,metro,3.49,33,0,41555.0,7.9413
17031825200,metro,3.49,26,0,41513.0,6.2631
17031825302,metro,3.49,37,0,42578.0,8.6899
17031825303,metro,3.49,39,0,44925.0,8.6811
17031825304,metro,3.49,40,0,42021.0,9.519
17031825400,metro,3.49,37,0,40039.0,9.241
17031825501,metro,3.49,27,0,40534.0,6.6611
17031825503,metro,3.49,26,0,31717.0,8.1975
17031825504,metro,3.49,22,0,35539.0,6.1904
17031825505,metro,3.49,31,0,30738.0,10.0852
17031825600,metro,3.49,26,0,37646.0,6.9064
17031825700,metro,3.49,16,0,27868.0,5.7414
17031825801,metro,3.49,22,0,42713.0,5.1507
17031825802,metro,3.49,20,0,38088.0,5.251
17031825803,metro,3.49,21,0,44158.0,4.7557
17031825900,metro,3.49,16,0,33360.0,4.7962
17031826000,metro,3.49,13,0,28597.0,4.5459
17031826100,metro,3.49,19,0,30823.0,6.1642
17031826201,metro,3.49,24,0,43597.0,5.505
17031826202,metro,3.49,17,0,31735.0,5.3569
17031826301,metro,3.49,21,0,42461.0,4.9457
17031826303,metro,3.49,22,0,47052.0,4.6757
17031826304,metro,3.49,24,0,45702.0,5.2514
17031826401,metro,3.49,21,0,46217.0,4.5438
17031826402,metro,3.49,24,0,43495.0,5.5179
17031826500,metro,3.49,19,0,49132.0,3.8671
17031826600,metro,3.49,16,0,53682.0,2.9805
17031826700,metro,3.49,17,0,51958.0,3.2719
17031826800,metro,3.49,18,0,51024.0,3.5278
17031826901,metro,3.49,13,0,43479.0,2.9899
17031826902,metro,3.49,18,0,40638.0,4.4294
17031827000,metro,3.49,15,0,49923.0,3.0046
17031827100,metro,3.49,16,0,47477.0,3.3701
17031827200,metro,3.49,19,0,42613.0,4.4587
17031827300,metro,3.49,15,0,45537.0,3.294
17031827400,metro,3.49,22,0,41376.0,5.3171
17031827500,metro,3.49,21,0,41014.0,5.1202
17031827600,metro,3.49,29,0,38029.0,7.6258
17031827700,metro,3.49,28,0,36589.0,7.6526
17031827801,metro,3.49,24,0,44094.0,5.4429
17031827802,metro,3.49,25,0,50079.0,4.9921
17031827804,metro,3.49,28,0,43092.0,6.4977
17031827805,metro,3.49,26,0,42521.0,6.1146
17031827901,metro,3.49,24,0,42025.0,5.7109
17031827902,metro,3.49,20,0,32885.0,6.0818
17031828000,metro,3.49,12,0,26814.0,4.4753
17031828100,metro,3.49,12,0,22084.0,5.4338
17031828201,metro,3.49,18,0,32857.0,5.4783
17031828202,metro,3.49,14,0,27510.0,5.0891
17031828300,metro,3.49,25,0,33504.0,7.4618
17031828401,metro,3.49,30,0,31782.0,9.4393
17031828402,metro,3.49,28,0,33003.0,8.4841
17031828503,metro,3.49,4,0,13173.0,3.0365
17031828504,metro,3.49,4,0,8743.0,4.5751
17031828505,metro,3.49,7,0,21559.0,3.2469
17031828507,metro,3.49,7,0,16428.0,4.261
17031828508,metro,3.49,7,0,15225.0,4.5977
17031828601,metro,3.49,25,0,34029.0,7.3467
17031828602,metro,3.49,24,0,31028.0,7.7349
17031828701,metro,3.49,17,0,28715.0,5.9203
17031828702,metro,3.49,12,0,29326.0,4.0919
17031828801,metro,3.49,25,0,33746.0,7.4083
17031828802,metro,3.49,23,0,29599.0,7.7705
17031828900,metro,3.49,22,0,29591.0,7.4347
17031829000,metro,3.49,15,0,29211.0,5.1351
17031829100,metro,3.49,12,0,27815.0,4.3142
17031829200,metro,3.49,20,0,34121.0,5.8615
17031829301,metro,3.49,29,0,33849.0,8.5675
17031829302,metro,3.49,24,0,40895.0,5.8687
17031829401,metro,3.49,18,0,34504.0,5.2168
17031829402,metro,3.49,14,0,30337.0,4.6148
17031829500,metro,3.49,14,0,25664.0,5.4551
17031829600,metro,3.49,14,0,25372.0,5.5179
17031829700,metro,3.49,9,0,19584.0,4.5956
17031829800,metro,3.49,30,0,35665.0,8.4116
17031829902,metro,3.49,25,0,33056.0,7.5629
17031829903,metro,3.49,22,0,31860.0,6.9052
17031829904,metro,3.49,22,0,32219.0,6.8283
17031830001,metro,3.49,10,0,18205.0,5.493
17031830003,metro,3.49,11,0,23306.0,4.7198
17031830004,metro,3.49,19,0,33778.0,5.625
17031830005,metro,3.49,29,0,36449.0,7.9563
17031830006,metro,3.49,13,0,24871.0,5.227
17031830007,metro,3.49,12,0,28388.0,4.2271
17031830008,metro,3.49,9,0,16612.0,5.4178
17031830100,metro,3.49,22,0,37295.0,5.8989
17031830201,metro,3.49,13,0,27140.0,4.79
17031830202,metro,3.49,20,0,31729.0,6.3034
17031830300,metro,3.49,20,0,34268.0,5.8363
17031830400,metro,3.49,16,0,31432.0,5.0904
17031830500,metro,3.49,73,0,149741.0,4.8751
17031830600,metro,3.49,100,1,194360.0,5.1451
17031830700,metro,3.49,142,0,279475.0,5.081
17031830800,metro,3.49,151,0,298365.0,5.0609
17031830900,metro,3.49,178,0,358531.0,4.9647
17031831000,metro,3.49,274,2,354857.0,7.7214
17031831100,metro,3.49,137,1,288647.0,4.7463
17031831200,metro,3.49,97,0,248984.0,3.8958
17031831300,metro,3.49,86,0,226071.0,3.8041
17031831400,metro,3.49,74,0,171374.0,4.318
17031831500,metro,3.49,84,0,176911.0,4.7482
17031831600,metro,3.49,84,0,161685.0,5.1953
17031831700,metro,3.49,110,2,219734.0,5.0061
17031831800,metro,3.49,136,3,255610.0,5.3206
17031831900,metro,3.49,170,0,330732.0,5.1401
17031832000,metro,3.49,165,0,302621.0,5.4524
17031832100,metro,3.49,153,0,277322.0,5.5171
17031832200,metro,3.49,220,2,361702.0,6.0824
17031832300,metro,3.49,269,3,358874.0,7.4957
17031832400,metro,3.49,180,0,325296.0,5.5334
17031832500,metro,3.49,280,3,351868.0,7.9575
17031832600,metro,3.49,274,3,335501.0,8.1669
17031832900,metro,3.49,262,3,297303.0,8.8126
17031833000,metro,3.49,266,3,301205.0,8.8312
17031833100,metro,3.49,262,3,296599.0,8.8335
17031833300,metro,3.49,259,3,277548.0,9.3317
17031833900,metro,3.49,24,0,74991.0,3.2004
17031834000,metro,3.49,42,0,116845.0,3.5945
17031834200,metro,3.49,39,0,126125.0,3.0922
17031834300,metro,3.49,34,0,128818.0,2.6394
17031834400,metro,3.49,35,1,144633.0,2.4199
17031834500,metro,3.49,47,1,164865.0,2.8508
17031834600,metro,3.49,51,1,174489.0,2.9228
17031834700,metro,3.49,64,1,169474.0,3.7764
17031834800,metro,3.49,56,1,168719.0,3.3191
17031834900,metro,3.49,43,0,152715.0,2.8157
17031835000,metro,3.49,51,0,133730.0,3.8137
17031835100,metro,3.49,52,0,132946.0,3.9114
17031835200,metro,3.49,62,0,108451.0,5.7169
17031835500,metro,3.49,65,1,168003.0,3.869
17031835600,metro,3.49,54,1,161145.0,3.351
17031835800,metro,3.49,54,1,140451.0,3.8448
17031836000,metro,3.49,50,1,134492.0,3.7177
17031836100,metro,3.49,44,1,143319.0,3.0701
17031836200,metro,3.49,30,1,139873.0,2.1448
17031836300,metro,3.49,35,1,129907.0,2.6942
17031836400,metro,3.49,43,1,112479.0,3.8229
17031836500,metro,3.49,52,1,122579.0,4.2422
17031836600,metro,3.49,130,0,242739.0,5.3555
17031836700,metro,3.49,156,1,259527.0,6.0109
17031836800,metro,3.49,119,0,236603.0,5.0295
17031836900,metro,3.49,124,1,238055.0,5.2089
17031837000,metro,3.49,178,2,243159.0,7.3203
17031837100,metro,3.49,189,2,260992.0,7.2416
17031837300,metro,3.49,122,1,219941.0,5.5469
17031837400,metro,3.49,207,2,248461.0,8.3313
17031837800,metro,3.49,269,3,305068.0,8.8177
17031838000,metro,3.49,269,3,299255.0,8.989
17031838100,metro,3.49,270,3,309595.0,8.7211
17031838200,metro,3.49,253,3,285786.0,8.8528
17031838300,metro,3.49,267,3,299070.0,8.9277
17031838600,metro,3.49,133,1,213646.0,6.2253
17031838700,metro,3.49,77,0,186599.0,4.1265
17031838800,metro,3.49,18,0,45815.0,3.9288
17031839000,metro,3.49,234,3,237897.0,9.8362
17031839100,metro,3.49,243,3,255235.0,9.5206
17031839200,metro,3.49,178,4,162839.0,10.931
17031839500,metro,3.49,130,2,151585.0,8.576
17031839600,metro,3.49,69,1,147987.0,4.6626
17031839700,metro,3.49,132,2,192028.0,6.874
17031839800,metro,3.49,159,2,178794.0,8.8929
17031839900,metro,3.49,93,1,173355.0,5.3647
17031840000,metro,3.49,118,2,178075.0,6.6264
17031840100,metro,3.49,181,4,179106.0,10.1057
17031840200,metro,3.49,194,4,212481.0,9.1302
17031840300,metro,3.49,106,0,166689.0,6.3591
17031840400,metro,3.49,111,0,186069.0,5.9655
17031840700,metro,3.49,127,1,190024.0,6.6834
17031840800,metro,3.49,90,0,154225.0,5.8356
17031841000,metro,3.49,180,4,188044.0,9.5722
17031841100,metro,3.49,207,4,218888.0,9.4569
17031841200,metro,3.49,198,2,208066.0,9.5162
17031841300,metro,3.49,132,1,187806.0,7.0285
17031841500,metro,3.49,94,0,191109.0,4.9187
17031841700,metro,3.49,93,0,173370.0,5.3642
17031841800,metro,3.49,40,1,149973.0,2.6671
17031841900,metro,3.49,242,3,259936.0,9.31
17031842000,metro,3.49,144,2,163790.0,8.7917
17031842100,metro,3.49,82,0,232092.0,3.5331
17031842200,metro,3.49,270,3,323204.0,8.3539
17031842300,metro,3.49,270,3,336772.0,8.0173
17031842400,metro,3.49,41,0,141506.0,2.8974
17031842500,metro,3.49,47,1,167468.0,2.8065
17031842600,metro,3.49,82,1,170258.0,4.8162
17031842800,metro,3.49,76,0,136580.0,5.5645
17031842900,metro,3.49,240,3,262051.0,9.1585
17031843000,metro,3.49,74,0,185049.0,3.9989
17031843100,metro,3.49,118,1,204810.0,5.7614
17031843200,metro,3.49,199,3,213302.0,9.3295
17031843300,metro,3.49,194,1,227058.0,8.5441
17031843400,metro,3.49,70,0,159957.0,4.3762
17031843500,metro,3.49,98,0,158064.0,6.2
17031843600,metro,3.49,46,1,131963.0,3.4858
17031843700,metro,3.49,184,0,341475.0,5.3884
17031843800,metro,3.49,60,1,169747.0,3.5347
17031843900,metro,3.49,27,1,124162.0,2.1746
17031844600,metro,3.49,55,1,153447.0,3.5843
17031844700,metro,3.49,81,0,169075.0,4.7908
17031980000,metro,3.49,17,0,33658.0,5.0508
17031980100,metro,3.49,50,0,106613.0,4.6899
17031990000,metro,3.49,0,0,0.0,
17033880100,rural,20.81,21,0,16406.0,12.8002
17033880200,rural,20.81,17,0,12411.0,13.6975
17033880300,rural,20.81,20,0,9385.0,21.3106
17033880400,rural,20.81,21,0,11607.0,18.0925
17033880500,rural,20.81,17,0,9385.0,18.114
17033880600,rural,20.81,21,0,12964.0,16.1987
17035972400,micro,13.14,10,0,6577.0,15.2045
17035972500,micro,13.14,11,0,6623.0,16.6088
17035972600,micro,13.14,19,0,8381.0,22.6703
17037000100,metro,3.49,3,0,2635.0,11.3852
17037000200,metro,3.49,2,0,1859.0,10.7585
17037000300,metro,3.49,1,0,969.0,10.3199
17037000401,metro,3.49,4,0,4140.0,9.6618
17037000402,metro,3.49,2,0,1642.0,12.1803
17037000500,metro,3.49,13,0,12874.0,10.0979
17037000600,metro,3.49,12,0,10198.0,11.767
17037000700,metro,3.49,13,0,10541.0,12.3328
17037000800,metro,3.49,18,0,15294.0,11.7693
17037000900,metro,3.49,14,0,16579.0,8.4444
17037001002,metro,3.49,10,0,12870.0,7.77
17037001003,metro,3.49,13,0,14972.0,8.6829
17037001004,metro,3.49,13,0,12111.0,10.734
17037001300,metro,3.49,13,0,17303.0,7.5131
17037001400,metro,3.49,5,0,10005.0,4.9975
17037001500,metro,3.49,5,0,6611.0,7.5632
17037001600,metro,3.49,1,0,1546.0,6.4683
17037001700,metro,3.49,2,0,1337.0,14.9589
17037001800,metro,3.49,2,0,1326.0,15.083
17037001900,metro,3.49,3,0,2581.0,11.6234
17037002000,metro,3.49,8,0,3596.0,22.2469
17037002100,metro,3.49,8,0,5354.0,14.9421
17037002200,metro,3.49,11,0,15731.0,6.9926
17039971400,rural,20.81,22,0,32479.0,6.7736
17039971500,rural,20.81,26,0,32143.0,8.0889
17039971600,rural,20.81,34,0,39896.0,8.5222
17039971700,rural,20.81,36,0,42487.0,8.4732
17039971800,rural,20.81,32,0,44775.0,7.1468
17041952000,rural,20.81,34,0,23231.0,14.6356
17041952100,rural,20.81,76,0,65598.0,11.5857
17041952200,rural,20.81,45,0,33040.0,13.6199
17041952300,rural,20.81,42,0,29638.0,14.171
17041952400,rural,20.81,49,0,37238.0,13.1586
17043840000,metro,3.49,18,0,17731.0,10.1517
17043840101,metro,3.49,27,0,29556.0,9.1352
17043840102,metro,3.49,37,0,34910.0,10.5987
17043840103,metro,3.49,33,0,34953.0,9.4412
17043840104,metro,3.49,32,0,41016.0,7.8018
17043840201,metro,3.49,34,1,37104.0,9.1634
17043840202,metro,3.49,30,0,41934.0,7.1541
17043840303,metro,3.49,29,0,45067.0,6.4349
17043840304,metro,3.49,29,0,39575.0,7.3279
17043840600,metro,3.49,48,0,55849.0,8.5946
17043840703,metro,3.49,35,0,40482.0,8.6458
17043840704,metro,3.49,38,0,42244.0,8.9954
17043840705,metro,3.49,42,0,49708.0,8.4493
17043840706,metro,3.49,44,0,52095.0,8.4461
17043840801,metro,3.49,32,0,36324.0,8.8096
17043840802,metro,3.49,26,0,28439.0,9.1424
17043840901,metro,3.49,40,1,41932.0,9.5393
17043840904,metro,3.49,28,0,50786.0,5.5133
17043840906,metro,3.49,33,0,47580.0,6.9357
17043840907,metro,3.49,35,1,47899.0,7.307
17043840908,metro,3.49,34,0,52445.0,6.483
17043840910,metro,3.49,31,0,55398.0,5.5959
17043840911,metro,3.49,38,0,48969.0,7.76
17043841002,metro,3.49,35,1,43320.0,8.0794
17043841003,metro,3.49,37,1,51850.0,7.136
17043841004,metro,3.49,37,1,51753.0,7.1493
17043841102,metro,3.49,40,2,49782.0,8.035
17043841103,metro,3.49,33,1,49550.0,6.6599
17043841104,metro,3.49,38,1,48800.0,7.7869
17043841108,metro,3.49,34,2,45580.0,7.4594
17043841109,metro,3.49,32,1,45182.0,7.0825
17043841110,metro,3.49,32,1,44563.0,7.1808
17043841111,metro,3.49,31,1,46414.0,6.679
17043841112,metro,3.49,34,1,50501.0,6.7325
17043841113,metro,3.49,33,1,42758.0,7.7179
17043841114,metro,3.49,30,1,45705.0,6.5638
17043841204,metro,3.49,31,0,44608.0,6.9494
17043841205,metro,3.49,27,0,43293.0,6.2366
17043841206,metro,3.49,30,0,39826.0,7.5328
17043841207,metro,3.49,35,0,48128.0,7.2723
17043841208,metro,3.49,37,0,54036.0,6.8473
17043841209,metro,3.49,31,0,43125.0,7.1884
17043841210,metro,3.49,31,0,47693.0,6.4999
17043841307,metro,3.49,23,0,30822.0,7.4622
17043841308,metro,3.49,8,1,22157.0,3.6106
17043841310,metro,3.49,15,0,16179.0,9.2713
17043841312,metro,3.49,16,0,16674.0,9.5958
17043841313,metro,3.49,17,0,16938.0,10.0366
17043841314,metro,3.49,29,1,40760.0,7.1148
17043841315,metro,3.49,34,1,44976.0,7.5596
17043841316,metro,3.49,21,1,33985.0,6.1792
17043841318,metro,3.49,24,1,39094.0,6.139
17043841320,metro,3.49,29,1,40992.0,7.0746
17043841321,metro,3.49,25,1,36557.0,6.8386
17043841322,metro,3.49,26,0,36722.0,7.0802
17043841323,metro,3.49,24,1,31046.0,7.7305
17043841324,metro,3.49,21,0,36445.0,5.7621
17043841325,metro,3.49,20,0,32443.0,6.1647
17043841326,metro,3.49,10,0,27108.0,3.6889
17043841327,metro,3.49,13,1,24919.0,5.2169
17043841401,metro,3.49,13,0,26199.0,4.962
17043841403,metro,3.49,24,0,26751.0,8.9716
17043841404,metro,3.49,27,0,33742.0,8.0019
17043841501,metro,3.49,13,0,16187.0,8.0311
17043841503,metro,3.49,13,0,16217.0,8.0163
17043841504,metro,3.49,11,0,17237.0,6.3816
17043841603,metro,3.49,19,0,26066.0,7.2892
17043841604,metro,3.49,10,0,22420.0,4.4603
17043841605,metro,3.49,8,0,19163.0,4.1747
17043841606,metro,3.49,37,0,33826.0,10.9383
17043841607,metro,3.49,16,0,28425.0,5.6288
17043841704,metro,3.49,35,0,50060.0,6.9916
17043841705,metro,3.49,42,0,48337.0,8.689
17043841706,metro,3.49,40,0,54059.0,7.3993
17043841707,metro,3.49,39,0,50147.0,7.7771
17043841708,metro,3.49,41,0,50392.0,8.1362
17043841801,metro,3.49,39,0,50932.0,7.6573
17043841802,metro,3.49,31,0,42468.0,7.2996
17043841901,metro,3.49,40,0,53875.0,7.4246
17043841902,metro,3.49,43,0,46629.0,9.2217
17043842000,metro,3.49,42,0,52076.0,8.0651
17043842100,metro,3.49,48,0,55826.0,8.5981
17043842200,metro,3.49,47,0,57962.0,8.1088
17043842300,metro,3.49,48,0,57576.0,8.3368
17043842400,metro,3.49,41,0,49209.0,8.3318
17043842500,metro,3.49,41,0,46394.0,8.8373
17043842601,metro,3.49,46,0,41767.0,11.0135
17043842602,metro,3.49,46,0,37138.0,12.3862
17043842603,metro,3.49,35,0,42828.0,8.1722
17043842604,metro,3.49,33,0,38162.0,8.6473
17043842605,metro,3.49,39,0,40730.0,9.5753
17043842702,metro,3.49,49,0,45018.0,10.8845
17043842703,metro,3.49,39,0,43810.0,8.9021
17043842704,metro,3.49,46,0,47587.0,9.6665
17043842706,metro,3.49,52,0,48413.0,10.7409
17043842708,metro,3.49,56,0,50029.0,11.1935
17043842709,metro,3.49,53,0,50305.0,10.5357
17043842710,metro,3.49,46,0,52741.0,8.7219
17043842711,metro,3.49,43,0,42362.0,10.1506
17043842800,metro,3.49,53,0,53710.0,9.8678
17043842900,metro,3.49,52,0,53338.0,9.7491
17043843000,metro,3.49,54,0,55387.0,9.7496
17043843100,metro,3.49,60,0,54786.0,10.9517
17043843200,metro,3.49,61,0,53967.0,11.3032
17043843301,metro,3.49,46,0,54990.0,8.3652
17043843302,metro,3.49,52,0,55658.0,9.3428
17043843400,metro,3.49,42,0,50947.0,8.2439
17043843500,metro,3.49,50,0,51871.0,9.6393
17043843601,metro,3.49,68,0,54448.0,12.489
17043843602,metro,3.49,60,0,54437.0,11.0219
17043843700,metro,3.49,63,0,54595.0,11.5395
17043843800,metro,3.49,63,0,51913.0,12.1357
17043843900,metro,3.49,59,0,50015.0,11.7965
17043844001,metro,3.49,61,0,56564.0,10.7842
17043844002,metro,3.49,60,0,54993.0,10.9105
17043844100,metro,3.49,55,0,51036.0,10.7767
17043844201,metro,3.49,51,0,52068.0,9.7949
17043844202,metro,3.49,61,0,51039.0,11.9516
17043844304,metro,3.49,55,0,52178.0,10.5408
17043844305,metro,3.49,49,0,54841.0,8.9349
17043844306,metro,3.49,62,0,50672.0,12.2356
17043844307,metro,3.49,60,0,55205.0,10.8686
17043844308,metro,3.49,64,0,45131.0,14.1809
17043844309,metro,3.49,61,0,51448.0,11.8566
17043844310,metro,3.49,57,0,51399.0,11.0897
17043844401,metro,3.49,53,0,46632.0,11.3656
17043844402,metro,3.49,60,0,46434.0,12.9216
17043844501,metro,3.49,71,0,50924.0,13.9423
17043844502,metro,3.49,67,0,49919.0,13.4217
17043844601,metro,3.49,64,0,43369.0,14.7571
17043844602,metro,3.49,61,0,47186.0,12.9276
17043844701,metro,3.49,56,0,55828.0,10.0308
17043844702,metro,3.49,57,0,49151.0,11.5969
17043844801,metro,3.49,41,0,52005.0,7.8839
17043844802,metro,3.49,40,0,51392.0,7.7833
17043844901,metro,3.49,47,0,58028.0,8.0995
17043844902,metro,3.49,48,0,53651.0,8.9467
17043845000,metro,3.49,57,0,47362.0,12.035
17043845100,metro,3.49,61,0,48731.0,12.5177
17043845200,metro,3.49,52,0,50510.0,10.295
17043845300,metro,3.49,58,0,49318.0,11.7604
17043845401,metro,3.49,55,0,46789.0,11.7549
17043845402,metro,3.49,55,0,49004.0,11.2236
17043845502,metro,3.49,59,0,50140.0,11.7671
17043845505,metro,3.49,42,0,52873.0,7.9436
17043845506,metro,3.49,58,0,55532.0,10.4444
17043845507,metro,3.49,48,0,51611.0,9.3003
17043845508,metro,3.49,52,0,51339.0,10.1288
17043845509,metro,3.49,58,0,54945.0,10.556
17043845510,metro,3.49,57,0,55822.0,10.211
17043845601,metro,3.49,49,0,61273.0,7.997
17043845602,metro,3.49,55,0,54089.0,10.1684
17043845701,metro,3.49,44,0,56600.0,7.7739
17043845702,metro,3.49,49,0,58293.0,8.4058
17043845703,metro,3.49,38,0,56260.0,6.7544
17043845704,metro,3.49,45,0,52966.0,8.496
17043845802,metro,3.49,41,0,51653.0,7.9376
17043845803,metro,3.49,26,0,23839.0,10.9065
17043845805,metro,3.49,30,0,33556.0,8.9403
17043845807,metro,3.49,34,0,47116.0,7.2162
17043845808,metro,3.49,30,0,37757.0,7.9455
17043845809,metro,3.49,34,0,47086.0,7.2208
17043845810,metro,3.49,36,0,44075.0,8.1679
17043845811,metro,3.49,32,0,40483.0,7.9046
17043845901,metro,3.49,17,0,23132.0,7.3491
17043845902,metro,3.49,25,0,33596.0,7.4414
17043846002,metro,3.49,34,0,52017.0,6.5363
17043846003,metro,3.49,36,0,45399.0,7.9297
17043846004,metro,3.49,32,0,45471.0,7.0375
17043846102,metro,3.49,41,0,45008.0,9.1095
17043846103,metro,3.49,46,0,46134.0,9.971
17043846104,metro,3.49,48,0,43423.0,11.054
17043846105,metro,3.49,47,0,41633.0,11.2891
17043846106,metro,3.49,42,0,43657.0,9.6205
17043846201,metro,3.49,29,0,42813.0,6.7736
17043846202,metro,3.49,38,0,46835.0,8.1136
17043846203,metro,3.49,32,0,48695.0,6.5715
17043846205,metro,3.49,39,0,48232.0,8.0859
17043846206,metro,3.49,34,0,42121.0,8.072
17043846207,metro,3.49,35,0,44819.0,7.8092
17043846208,metro,3.49,39,0,50391.0,7.7395
17043846209,metro,3.49,43,0,47699.0,9.0149
17043846304,metro,3.49,31,0,54636.0,5.6739
17043846305,metro,3.49,40,0,52709.0,7.5888
17043846307,metro,3.49,42,0,57553.0,7.2976
17043846308,metro,3.49,31,0,44382.0,6.9848
17043846310,metro,3.49,30,0,46125.0,6.5041
17043846311,metro,3.49,31,0,49229.0,6.2971
17043846312,metro,3.49,38,0,46031.0,8.2553
17043846313,metro,3.49,36,0,50679.0,7.1035
17043846314,metro,3.49,35,0,53558.0,6.535
17043846315,metro,3.49,41,0,51886.0,7.9019
17043846404,metro,3.49,46,0,40761.0,11.2853
17043846405,metro,3.49,37,0,38740.0,9.5509
17043846408,metro,3.49,24,0,39410.0,6.0898
17043846409,metro,3.49,17,0,32610.0,5.2131
17043846410,metro,3.49,33,0,41416.0,7.9679
17043846411,metro,3.49,26,0,33983.0,7.6509
17043846412,metro,3.49,38,0,41608.0,9.1329
17043846413,metro,3.49,36,0,36367.0,9.8991
17043846504,metro,3.49,47,0,44496.0,10.5627
17043846507,metro,3.49,24,0,42285.0,5.6758
17043846509,metro,3.49,26,0,50435.0,5.1552
17043846510,metro,3.49,34,0,45789.0,7.4254
17043846511,metro,3.49,28,0,44403.0,6.3059
17043846513,metro,3.49,30,0,44638.0,6.7207
17043846514,metro,3.49,34,0,50100.0,6.7864
17043846515,metro,3.49,32,0,46815.0,6.8354
17043846517,metro,3.49,25,0,49122.0,5.0894
17043846518,metro,3.49,30,0,51613.0,5.8125
17043846519,metro,3.49,38,0,46303.0,8.2068
17043846521,metro,3.49,41,0,46611.0,8.7962
17043846522,metro,3.49,43,0,47376.0,9.0763
17043846523,metro,3.49,44,0,44870.0,9.8061
17043846524,metro,3.49,42,0,45165.0,9.2992
17043846603,metro,3.49,45,0,49112.0,9.1627
17043846604,metro,3.49,30,0,47312.0,6.3409
17043846701,metro,3.49,47,0,47796.0,9.8335
17043846702,metro,3.49,43,0,52725.0,8.1555
17045070100,rural,20.81,15,0,12996.0,11.542
17045070200,rural,20.81,21,0,16451.0,12.7652
17045070300,rural,20.81,19,0,9523.0,19.9517
17045070400,rural,20.81,15,0,11186.0,13.4096
17045070500,rural,20.81,17,0,15635.0,10.873
17047956900,rural,20.81,22,0,19167.0,11.4781
17047957000,rural,20.81,18,0,15907.0,11.3158
17047957100,rural,20.81,14,0,14910.0,9.3897
17049950100,micro,13.14,21,0,12398.0,16.9382
17049950200,micro,13.14,25,0,14781.0,16.9136
17049950300,micro,13.14,11,0,8811.0,12.4844
17049950400,micro,13.14,21,0,13363.0,15.715
17049950500,micro,13.14,18,0,11417.0,15.766
17049950600,micro,13.14,21,0,15412.0,13.6257
17049950700,micro,13.14,25,0,15412.0,16.2211
17049950800,micro,13.14,23,0,13951.0,16.4863
17051950500,rural,20.81,36,0,20540.0,17.5268
17051950600,rural,20.81,18,0,14857.0,12.1155
17051950700,rural,20.81,27,0,19358.0,13.9477
17051950800,rural,20.81,28,0,17073.0,16.4002
17051950900,rural,20.81,28,0,17073.0,16.4002
17051951000,rural,20.81,30,0,22411.0,13.3863
17051951100,rural,20.81,24,0,20357.0,11.7896
17053961600,metro,3.49,0,0,795.0,0.0
17053961700,metro,3.49,3,0,2706.0,11.0865
17053961800,metro,3.49,3,0,2706.0,11.0865
17053961900,metro,3.49,2,0,694.0,28.8184
17053962000,metro,3.49,3,0,1633.0,18.3711
17055040100,rural,20.81,49,0,45091.0,10.8669
17055040200,rural,20.81,71,0,58535.0,12.1295
17055040300,rural,20.81,80,0,62501.0,12.7998
17055040400,rural,20.81,82,0,71186.0,11.5191
17055040500,rural,20.81,49,0,46852.0,10.4585
17055040600,rural,20.81,64,0,49855.0,12.8372
17055040700,rural,20.81,65,0,52896.0,12.2883
17055040800,rural,20.81,68,0,57816.0,11.7615
17055040900,rural,20.81,76,0,59982.0,12.6705
17055041000,rural,20.81,72,0,59168.0,12.1687
17055041100,rural,20.81,74,0,60103.0,12.3122
17055041200,rural,20.81,35,0,37792.0,9.2612
17057952800,micro,13.14,16,0,13032.0,12.2775
17057952900,micro,13.14,15,0,10724.0,13.9873
17057953000,micro,13.14,7,0,5115.0,13.6852
17057953100,micro,13.14,10,0,5147.0,19.4288
17057953200,micro,13.14,13,0,11727.0,11.0855
17057953300,micro,13.14,13,0,11718.0,11.094
17057953400,micro,13.14,17,0,10909.0,15.5835
17057953500,micro,13.14,16,0,10909.0,14.6668
17057953600,micro,13.14,13,0,13108.0,9.9176
17057953700,micro,13.14,16,0,10910.0,14.6654
17057953800,micro,13.14,10,0,9249.0,10.812
17057953900,micro,13.14,12,0,5225.0,22.9665
17059972700,rural,20.81,22,0,14454.0,15.2207
17059972800,rural,20.81,19,0,12740.0,14.9137
17061973600,rural,20.81,21,0,13287.0,15.8049
17061973700,rural,20.81,28,0,19279.0,14.5236
17061973800,rural,20.81,20,0,12015.0,16.6459
17061973900,rural,20.81,12,0,11705.0,10.252
17061974000,rural,20.81,18,0,14584.0,12.3423
17063000102,metro,3.49,6,0,5473.0,10.9629
17063000103,metro,3.49,1,0,5473.0,1.8272
17063000200,metro,3.49,1,0,2804.0,3.5663
17063000300,metro,3.49,9,0,4258.0,21.1367
17063000400,metro,3.49,9,0,4258.0,21.1367
17063000500,metro,3.49,0,0,1141.0,0.0
17063000600,metro,3.49,0,0,1100.0,0.0
17063000700,metro,3.49,0,0,2482.0,0.0
17063000800,metro,3.49,5,0,1970.0,25.3807
17063000900,metro,3.49,1,0,1367.0,7.3153
17065973100,rural,20.81,11,0,15665.0,7.022
17065973200,rural,20.81,28,0,22693.0,12.3386
17065973300,rural,20.81,12,0,15328.0,7.8288
17067953700,rural,20.81,27,0,17040.0,15.8451
17067953800,rural,20.81,18,0,8786.0,20.4871
17067953900,rural,20.81,14,0,8656.0,16.1738
17067954000,rural,20.81,12,0,7613.0,15.7625
17067954100,rural,20.81,12,0,9532.0,12.5892
17067954200,rural,20.81,11,0,9885.0,11.128
17067954300,rural,20.81,19,0,13138.0,14.4619
17069970900,rural,20.81,20,0,9822.0,20.3625
17069971000,rural,20.81,7,0,4619.0,15.1548
17071973300,micro,13.14,8,0,4476.0,17.8731
17071973400,micro,13.14,5,0,2704.0,18.4911
17071973500,micro,13.14,7,0,2702.0,25.9067
17073030100,metro,3.49,3,0,3793.0,7.9093
17073030201,metro,3.49,2,0,1787.0,11.1919
17073030202,metro,3.49,0,0,1359.0,0.0
17073030203,metro,3.49,0,0,1732.0,0.0
17073030301,metro,3.49,6,0,3170.0,18.9274
17073030302,metro,3.49,6,0,3170.0,18.9274
17073030400,metro,3.49,0,0,1080.0,0.0
17073030500,metro,3.49,0,0,836.0,0.0
17073030600,metro,3.49,6,0,4518.0,13.2802
17073030800,metro,3.49,6,0,4518.0,13.2802
17073030900,metro,3.49,6,0,4518.0,13.2802
17073031000,metro,3.49,3,0,1343.0,22.338
17073031100,metro,3.49,2,0,1071.0,18.6741
17073031200,metro,3.49,0,0,1166.0,0.0
17075950100,rural,20.81,33,0,25206.0,13.0921
17075950200,rural,20.81,52,0,42849.0,12.1356
17075950300,rural,20.81,43,0,26740.0,16.0808
17075950400,rural,20.81,21,0,13674.0,15.3576
17075950500,rural,20.81,23,0,10843.0,21.2118
17075950600,rural,20.81,27,0,13664.0,19.76
17075950700,rural,20.81,27,0,13535.0,19.9483
17075950800,rural,20.81,29,0,14798.0,19.5972
17075950900,rural,20.81,15,0,9528.0,15.7431
17077010100,micro,13.14,15,0,11182.0,13.4144
17077010200,micro,13.14,40,0,37220.0,10.7469
17077010300,micro,13.14,10,0,10470.0,9.5511
17077010400,micro,13.14,21,0,22690.0,9.2552
17077010601,micro,13.14,22,0,24145.0,9.1116
17077010602,micro,13.14,22,0,24145.0,9.1116
17077010700,micro,13.14,26,0,28074.0,9.2612
17077010800,micro,13.14,36,0,32438.0,11.0981
17077010900,micro,13.14,46,0,39764.0,11.5683
17077011001,micro,13.14,29,0,26945.0,10.7627
17077011002,micro,13.14,27,0,28803.0,9.374
17077011100,micro,13.14,37,0,35607.0,10.3912
17077011200,micro,13.14,52,0,38086.0,13.6533
17077011400,micro,13.14,45,0,39336.0,11.4399
17077011600,micro,13.14,30,0,25315.0,11.8507
17077011701,micro,13.14,38,0,34282.0,11.0845
17077011702,micro,13.14,35,0,31163.0,11.2313
17079977300,rural,20.81,19,0,16660.0,11.4046
17079977400,rural,20.81,22,0,15890.0,13.8452
17079977500,rural,20.81,18,0,14377.0,12.52
17081050100,micro,13.14,23,0,20444.0,11.2502
17081050200,micro,13.14,14,0,14175.0,9.8765
17081050300,micro,13.14,17,0,11406.0,14.9044
17081050400,micro,13.14,13,0,13210.0,9.841
17081050500,micro,13.14,15,0,14820.0,10.1215
17081050600,micro,13.14,14,0,14820.0,9.4467
17081050700,micro,13.14,14,0,16121.0,8.6843
17081050800,micro,13.14,14,0,14820.0,9.4467
17081050900,micro,13.14,14,0,14820.0,9.4467
17081051000,micro,13.14,14,0,14820.0,9.4467
17081051100,micro,13.14,14,0,14820.0,9.4467
17083010100,metro,3.49,0,0,1845.0,0.0
17083010200,metro,3.49,1,0,1226.0,8.1566
17083010300,metro,3.49,0,0,1190.0,0.0
17083010401,metro,3.49,5,0,2405.0,20.79
17083010402,metro,3.49,1,0,727.0,13.7552
17083010500,metro,3.49,0,0,572.0,0.0
17085020101,rural,20.81,30,1,19107.0,15.7011
17085020102,rural,20.81,31,1,17632.0,17.5817
17085020200,rural,20.81,27,0,19522.0,13.8306
17085020300,rural,20.81,20,0,14882.0,13.4391
17085020401,rural,20.81,26,0,14817.0,17.5474
17085020402,rural,20.81,26,0,15100.0,17.2185
17085020500,rural,20.81,41,0,27814.0,14.7408
17087977600,rural,20.81,29,0,25629.0,11.3153
17087977700,rural,20.81,55,0,44268.0,12.4243
17087977800,rural,20.81,16,0,16766.0,9.5431
17087980000,rural,20.81,12,0,13523.0,8.8738
17089850101,metro,3.49,11,0,21713.0,5.0661
17089850103,metro,3.49,17,1,18930.0,8.9805
17089850105,metro,3.49,23,1,19883.0,11.5677
17089850106,metro,3.49,26,1,22910.0,11.3488
17089850201,metro,3.49,14,0,17829.0,7.8524
17089850202,metro,3.49,12,0,16208.0,7.4038
17089850301,metro,3.49,18,1,22351.0,8.0533
17089850302,metro,3.49,16,1,21294.0,7.5139
17089850400,metro,3.49,12,0,23408.0,5.1265
17089850500,metro,3.49,21,1,30401.0,6.9077
17089850600,metro,3.49,18,1,23817.0,7.5576
17089850703,metro,3.49,1,0,736.0,13.587
17089850704,metro,3.49,9,0,9537.0,9.4369
17089850705,metro,3.49,5,0,4048.0,12.3518
17089850706,metro,3.49,4,0,7578.0,5.2784
17089850707,metro,3.49,9,1,13599.0,6.6181
17089850708,metro,3.49,6,1,21007.0,2.8562
17089850709,metro,3.49,0,0,4085.0,0.0
17089850710,metro,3.49,0,0,8513.0,0.0
17089850711,metro,3.49,2,0,7990.0,2.5031
17089850800,metro,3.49,21,2,35376.0,5.9362
17089851000,metro,3.49,26,2,38412.0,6.7687
17089851101,metro,3.49,21,3,43012.0,4.8824
17089851102,metro,3.49,23,3,50394.0,4.564
17089851301,metro,3.49,16,2,39070.0,4.0952
17089851302,metro,3.49,19,2,40166.0,4.7304
17089851400,metro,3.49,18,3,40915.0,4.3994
17089851500,metro,3.49,20,3,42870.0,4.6653
17089851600,metro,3.49,20,3,38795.0,5.1553
17089851801,metro,3.49,23,3,31465.0,7.3097
17089851904,metro,3.49,19,3,32385.0,5.8669
17089851907,metro,3.49,20,2,30233.0,6.6153
17089851908,metro,3.49,27,3,35462.0,7.6138
17089851909,metro,3.49,21,3,33793.0,6.2143
17089851910,metro,3.49,17,2,22842.0,7.4424
17089851911,metro,3.49,16,2,23352.0,6.8517
17089851912,metro,3.49,21,2,20176.0,10.4084
17089851913,metro,3.49,22,2,21291.0,10.333
17089852001,metro,3.49,21,1,19614.0,10.7066
17089852002,metro,3.49,33,0,25268.0,13.06
17089852004,metro,3.49,18,0,17924.0,10.0424
17089852005,metro,3.49,32,0,24078.0,13.2901
17089852101,metro,3.49,13,0,15313.0,8.4895
17089852103,metro,3.49,25,1,18273.0,13.6814
17089852104,metro,3.49,14,1,23635.0,5.9234
17089852201,metro,3.49,37,0,25682.0,14.407
17089852203,metro,3.49,33,0,24753.0,13.3317
17089852204,metro,3.49,29,0,21191.0,13.6851
17089852300,metro,3.49,36,0,22193.0,16.2213
17089852403,metro,3.49,2,0,2084.0,9.5969
17089852404,metro,3.49,9,0,11918.0,7.5516
17089852405,metro,3.49,3,0,5913.0,5.0736
17089852406,metro,3.49,2,0,4671.0,4.2817
17089852407,metro,3.49,10,0,10672.0,9.3703
17089852408,metro,3.49,5,0,7347.0,6.8055
17089852500,metro,3.49,41,0,24309.0,16.8662
17089852606,metro,3.49,34,0,30662.0,11.0886
17089852607,metro,3.49,38,0,24688.0,15.3921
17089852608,metro,3.49,41,0,26360.0,15.5539
17089852700,metro,3.49,27,0,25806.0,10.4627
17089852803,metro,3.49,21,0,20711.0,10.1395
17089852805,metro,3.49,19,0,26728.0,7.1087
17089852806,metro,3.49,14,0,23448.0,5.9707
17089852807,metro,3.49,16,0,20260.0,7.8973
17089852808,metro,3.49,19,0,25386.0,7.4844
17089852903,metro,3.49,18,0,42306.0,4.2547
17089852904,metro,3.49,22,0,50704.0,4.3389
17089852905,metro,3.49,26,1,40945.0,6.35
17089852906,metro,3.49,19,0,35443.0,5.3607
17089852907,metro,3.49,20,0,46915.0,4.263
17089853001,metro,3.49,18,1,25370.0,7.095
17089853004,metro,3.49,29,1,33750.0,8.5926
17089853005,metro,3.49,21,1,27168.0,7.7297
17089853006,metro,3.49,22,1,35070.0,6.2732
17089853007,metro,3.49,24,1,35398.0,6.78
17089853008,metro,3.49,26,1,38065.0,6.8304
17089853100,metro,3.49,26,1,40584.0,6.4065
17089853200,metro,3.49,29,1,44302.0,6.546
17089853300,metro,3.49,24,1,47240.0,5.0804
17089853401,metro,3.49,22,0,50016.0,4.3986
17089853402,metro,3.49,26,1,51250.0,5.0732
17089853500,metro,3.49,19,0,49326.0,3.8519
17089853601,metro,3.49,23,1,54057.0,4.2548
17089853602,metro,3.49,21,0,52682.0,3.9862
17089853900,metro,3.49,27,1,39238.0,6.8811
17089854001,metro,3.49,23,1,34781.0,6.6128
17089854002,metro,3.49,25,1,39010.0,6.4086
17089854100,metro,3.49,27,1,46918.0,5.7547
17089854200,metro,3.49,27,1,45675.0,5.9113
17089854301,metro,3.49,27,1,50382.0,5.3591
17089854302,metro,3.49,24,0,49786.0,4.8206
17089854401,metro,3.49,19,0,46726.0,4.0663
17089854402,metro,3.49,24,0,47731.0,5.0282
17089854403,metro,3.49,22,0,48413.0,4.5442
17089854504,metro,3.49,10,0,6854.0,14.59
17089854505,metro,3.49,7,0,11619.0,6.0246
17089854506,metro,3.49,1,0,9182.0,1.0891
17089854507,metro,3.49,3,0,7701.0,3.8956
17089854508,metro,3.49,16,1,23159.0,6.9088
17089854509,metro,3.49,8,0,11022.0,7.2582
17089854600,metro,3.49,20,2,43532.0,4.5943
17089854700,metro,3.49,26,1,45898.0,5.6647
17089854800,metro,3.49,29,0,22712.0,12.7686
17089854900,metro,3.49,26,3,39194.0,6.6337
17091010100,metro,3.49,1,0,813.0,12.3001
17091010201,metro,3.49,0,0,913.0,0.0
17091010203,metro,3.49,7,0,8199.0,8.5376
17091010204,metro,3.49,6,0,4002.0,14.9925
17091010300,metro,3.49,0,0,1505.0,0.0
17091010400,metro,3.49,1,0,4239.0,2.359
17091010500,metro,3.49,9,0,7699.0,11.6898
17091010601,metro,3.49,8,0,8175.0,9.7859
17091010602,metro,3.49,14,0,14050.0,9.9644
17091010701,metro,3.49,4,0,8813.0,4.5387
17091010702,metro,3.49,16,0,17493.0,9.1465
17091010800,metro,3.49,2,0,1316.0,15.1976
17091010900,metro,3.49,0,0,1698.0,0.0
17091011000,metro,3.49,0,0,736.0,0.0
17091011100,metro,3.49,1,0,798.0,12.5313
17091011200,metro,3.49,1,0,1599.0,6.2539
17091011300,metro,3.49,1,0,7515.0,1.3307
17091011400,metro,3.49,10,0,11717.0,8.5346
17091011500,metro,3.49,21,0,16673.0,12.5952
17091011600,metro,3.49,22,0,15771.0,13.9497
17091011700,metro,3.49,22,0,15771.0,13.9497
17091011800,metro,3.49,21,0,17540.0,11.9726
17091011900,metro,3.49,22,0,17540.0,12.5428
17091012000,metro,3.49,22,0,18089.0,12.1621
17091012100,metro,3.49,22,0,12334.0,17.8369
17091012200,metro,3.49,19,0,10755.0,17.6662
17091012300,metro,3.49,22,0,15771.0,13.9497
17091012400,metro,3.49,14,0,15094.0,9.2752
17091012500,metro,3.49,9,0,8978.0,10.0245
17091012600,metro,3.49,0,0,1528.0,0.0
17093890103,metro,3.49,17,0,37675.0,4.5123
17093890104,metro,3.49,18,0,44003.0,4.0906
17093890105,metro,3.49,10,0,18028.0,5.5469
17093890106,metro,3.49,15,0,19974.0,7.5098
17093890107,metro,3.49,14,0,17234.0,8.1235
17093890108,metro,3.49,4,0,8834.0,4.528
17093890201,metro,3.49,21,0,38213.0,5.4955
17093890202,metro,3.49,22,0,32249.0,6.8219
17093890301,metro,3.49,18,0,25290.0,7.1174
17093890302,metro,3.49,18,0,25928.0,6.9423
17093890401,metro,3.49,7,0,12946.0,5.4071
17093890402,metro,3.49,9,0,14806.0,6.0786
17093890403,metro,3.49,6,0,21828.0,2.7488
17093890404,metro,3.49,5,0,18308.0,2.731
17093890501,metro,3.49,4,0,7616.0,5.2521
17093890502,metro,3.49,5,0,4986.0,10.0281
17093890601,metro,3.49,7,0,3518.0,19.8977
17093890602,metro,3.49,0,0,3518.0,0.0
17093890701,metro,3.49,7,0,14818.0,4.724
17093890702,metro,3.49,0,0,1710.0,0.0
17093890703,metro,3.49,0,0,2766.0,0.0
17095000100,micro,13.14,8,0,8206.0,9.749
17095000200,micro,13.14,16,0,18062.0,8.8584
17095000300,micro,13.14,18,0,19220.0,9.3652
17095000400,micro,13.14,18,0,18132.0,9.9272
17095000500,micro,13.14,23,0,23479.0,9.796
17095000600,micro,13.14,18,0,19834.0,9.0753
17095000700,micro,13.14,17,0,20922.0,8.1254
17095000800,micro,13.14,18,0,19834.0,9.0753
17095000900,micro,13.14,23,0,23479.0,9.796
17095001000,micro,13.14,17,0,19834.0,8.5711
17095001100,micro,13.14,17,0,19834.0,8.5711
17095001200,micro,13.14,17,0,19270.0,8.822
17095001300,micro,13.14,17,0,21042.0,8.0791
17095001400,micro,13.14,16,0,19884.0,8.0467
17095001500,micro,13.14,11,0,14387.0,7.6458
17095001600,micro,13.14,11,0,7080.0,15.5367
17097860103,metro,3.49,3,0,14763.0,2.0321
17097860104,metro,3.49,4,0,16261.0,2.4599
17097860105,metro,3.49,4,0,16634.0,2.4047
17097860106,metro,3.49,1,0,12641.0,0.7911
17097860200,metro,3.49,5,0,16634.0,3.0059
17097860301,metro,3.49,5,1,16634.0,3.0059
17097860302,metro,3.49,5,1,16634.0,3.0059
17097860400,metro,3.49,5,1,26998.0,1.852
17097860500,metro,3.49,5,1,20865.0,2.3964
17097860600,metro,3.49,5,1,20909.0,2.3913
17097860805,metro,3.49,4,0,8878.0,4.5055
17097860806,metro,3.49,6,0,10359.0,5.7921
17097860807,metro,3.49,3,0,10134.0,2.9603
17097860808,metro,3.49,4,0,13314.0,3.0044
17097860809,metro,3.49,6,0,11821.0,5.0757
17097860811,metro,3.49,11,0,11957.0,9.1996
17097860812,metro,3.49,6,0,5578.0,10.7565
17097860813,metro,3.49,6,0,9303.0,6.4495
17097860903,metro,3.49,7,0,15335.0,4.5647
17097860905,metro,3.49,10,0,22374.0,4.4695
17097860906,metro,3.49,8,0,18378.0,4.353
17097860907,metro,3.49,10,0,14115.0,7.0847
17097860908,metro,3.49,8,0,11636.0,6.8752
17097861007,metro,3.49,9,0,14919.0,6.0326
17097861008,metro,3.49,12,0,17186.0,6.9824
17097861009,metro,3.49,16,1,16278.0,9.8292
17097861010,metro,3.49,15,0,21939.0,6.8371
17097861011,metro,3.49,13,0,27507.0,4.7261
17097861012,metro,3.49,13,0,14931.0,8.7067
17097861013,metro,3.49,14,0,21617.0,6.4764
17097861014,metro,3.49,18,1,27867.0,6.4593
17097861105,metro,3.49,10,1,22520.0,4.4405
17097861106,metro,3.49,19,1,21904.0,8.6742
17097861107,metro,3.49,18,1,28631.0,6.2869
17097861108,metro,3.49,13,1,25956.0,5.0085
17097861201,metro,3.49,16,0,30609.0,5.2272
17097861202,metro,3.49,20,1,32561.0,6.1423
17097861301,metro,3.49,14,0,28087.0,4.9845
17097861303,metro,3.49,12,0,29753.0,4.0332
17097861304,metro,3.49,12,0,27413.0,4.3775
17097861402,metro,3.49,13,0,26052.0,4.99
17097861403,metro,3.49,13,0,29233.0,4.447
17097861404,metro,3.49,16,0,28601.0,5.5942
17097861504,metro,3.49,17,1,36379.0,4.673
17097861505,metro,3.49,16,1,19757.0,8.0984
17097861506,metro,3.49,17,2,21723.0,7.8258
17097861507,metro,3.49,16,2,33052.0,4.8409
17097861508,metro,3.49,21,1,31156.0,6.7403
17097861509,metro,3.49,21,1,31630.0,6.6393
17097861510,metro,3.49,19,1,39920.0,4.7595
17097861603,metro,3.49,17,2,19442.0,8.744
17097861604,metro,3.49,14,1,16698.0,8.3842
17097861607,metro,3.49,15,1,20519.0,7.3103
17097861608,metro,3.49,19,1,16579.0,11.4603
17097861609,metro,3.49,17,1,22425.0,7.5808
17097861610,metro,3.49,19,1,20463.0,9.2851
17097861611,metro,3.49,19,1,22425.0,8.4727
17097861701,metro,3.49,7,1,26102.0,2.6818
17097861702,metro,3.49,12,1,33711.0,3.5597
17097861803,metro,3.49,11,2,34846.0,3.1567
17097861804,metro,3.49,16,2,38017.0,4.2086
17097861901,metro,3.49,11,2,35922.0,3.0622
17097861902,metro,3.49,17,2,44744.0,3.7994
17097862000,metro,3.49,16,2,38311.0,4.1763
17097862100,metro,3.49,12,2,34126.0,3.5164
17097862200,metro,3.49,12,1,29536.0,4.0628
17097862300,metro,3.49,13,0,30634.0,4.2437
17097862401,metro,3.49,16,2,38311.0,4.1763
17097862402,metro,3.49,16,0,37189.0,4.3023
17097862501,metro,3.49,17,1,39284.0,4.3275
17097862502,metro,3.49,17,0,35792.0,4.7497
17097862603,metro,3.49,18,2,41661.0,4.3206
17097862604,metro,3.49,19,1,43423.0,4.3756
17097862605,metro,3.49,19,1,35745.0,5.3154
17097862700,metro,3.49,16,0,35792.0,4.4703
17097862800,metro,3.49,17,0,35872.0,4.7391
17097862901,metro,3.49,14,0,29429.0,4.7572
17097862902,metro,3.49,15,0,32029.0,4.6833
17097863003,metro,3.49,9,0,17542.0,5.1305
17097863004,metro,3.49,12,0,23717.0,5.0597
17097863005,metro,3.49,10,0,18782.0,5.3242
17097863006,metro,3.49,12,0,17560.0,6.8337
17097863100,metro,3.49,13,0,28898.0,4.4986
17097863201,metro,3.49,13,0,27101.0,4.7969
17097863202,metro,3.49,13,0,13286.0,9.7847
17097863300,metro,3.49,14,0,11725.0,11.9403
17097863400,metro,3.49,15,0,13494.0,11.1161
17097863500,metro,3.49,14,0,15042.0,9.3073
17097863601,metro,3.49,14,1,20575.0,6.8044
17097863603,metro,3.49,22,1,23901.0,9.2046
17097863604,metro,3.49,23,2,25557.0,8.9995
17097863701,metro,3.49,14,1,15107.0,9.2672
17097863702,metro,3.49,16,1,21082.0,7.5894
17097863801,metro,3.49,25,2,25604.0,9.7641
17097863902,metro,3.49,29,2,28111.0,10.3162
17097863903,metro,3.49,28,2,25331.0,11.0536
17097863904,metro,3.49,29,2,29670.0,9.7742
17097864001,metro,3.49,29,2,26570.0,10.9146
17097864002,metro,3.49,29,1,34062.0,8.5139
17097864105,metro,3.49,13,0,19034.0,6.8299
17097864106,metro,3.49,22,1,20744.0,10.6055
17097864107,metro,3.49,14,1,23287.0,6.0119
17097864108,metro,3.49,23,1,28206.0,8.1543
17097864109,metro,3.49,9,0,16898.0,5.3261
17097864110,metro,3.49,11,0,18018.0,6.105
17097864203,metro,3.49,7,0,10937.0,6.4003
17097864204,metro,3.49,7,0,15740.0,4.4473
17097864206,metro,3.49,7,0,14636.0,4.7827
17097864207,metro,3.49,6,0,14695.0,4.083
17097864208,metro,3.49,8,0,12623.0,6.3376
17097864303,metro,3.49,10,0,12643.0,7.9095
17097864305,metro,3.49,12,0,13579.0,8.8372
17097864306,metro,3.49,17,0,12717.0,13.3679
17097864307,metro,3.49,10,0,7250.0,13.7931
17097864308,metro,3.49,17,0,10682.0,15.9146
17097864402,metro,3.49,8,1,25047.0,3.194
17097864403,metro,3.49,23,0,34041.0,6.7566
17097864407,metro,3.49,13,0,18153.0,7.1614
17097864408,metro,3.49,15,0,18215.0,8.235
17097864409,metro,3.49,22,0,21866.0,10.0613
17097864410,metro,3.49,15,0,21650.0,6.9284
17097864411,metro,3.49,22,0,15959.0,13.7853
17097864412,metro,3.49,27,0,27327.0,9.8803
17097864510,metro,3.49,26,1,30278.0,8.5871
17097864511,metro,3.49,21,1,27114.0,7.7451
17097864512,metro,3.49,19,1,27555.0,6.8953
17097864513,metro,3.49,21,1,23285.0,9.0187
17097864514,metro,3.49,23,1,29968.0,7.6749
17097864515,metro,3.49,34,0,38857.0,8.75
17097864516,metro,3.49,42,0,51181.0,8.2062
17097864517,metro,3.49,20,0,34878.0,5.7343
17097864518,metro,3.49,28,0,41953.0,6.6741
17097864519,metro,3.49,34,0,47777.0,7.1164
17097864520,metro,3.49,32,0,37051.0,8.6367
17097864521,metro,3.49,22,0,29012.0,7.5831
17097864522,metro,3.49,20,0,23726.0,8.4296
17097864523,metro,3.49,33,0,42232.0,7.814
17097864524,metro,3.49,30,0,38309.0,7.8311
17097864601,metro,3.49,17,0,18738.0,9.0725
17097864602,metro,3.49,16,0,17829.0,8.9741
17097864700,metro,3.49,28,0,24707.0,11.3328
17097864801,metro,3.49,29,0,24696.0,11.7428
17097864802,metro,3.49,24,0,27074.0,8.8646
17097864901,metro,3.49,36,0,30852.0,11.6686
17097864903,metro,3.49,37,0,33338.0,11.0984
17097864904,metro,3.49,40,0,32687.0,12.2373
17097865000,metro,3.49,22,0,13693.0,16.0666
17097865200,metro,3.49,27,0,21554.0,12.5267
17097865300,metro,3.49,29,0,21554.0,13.4546
17097865400,metro,3.49,26,0,25792.0,10.0806
17097865501,metro,3.49,17,0,17762.0,9.571
17097865502,metro,3.49,25,0,19505.0,12.8172
17097865600,metro,3.49,30,0,16704.0,17.9598
17097865700,metro,3.49,40,0,25983.0,15.3947
17097865801,metro,3.49,42,0,31225.0,13.4508
17097865802,metro,3.49,39,0,32131.0,12.1378
17097866000,metro,3.49,0,0,2421.0,0.0
17097866100,metro,3.49,14,2,38200.0,3.6649
17097866200,metro,3.49,21,0,18920.0,11.0994
17097990000,metro,3.49,0,0,0.0,
17099961701,micro,13.14,26,0,23639.0,10.9988
17099961702,micro,13.14,17,0,18458.0,9.2101
17099961800,micro,13.14,11,0,11324.0,9.7139
17099961900,micro,13.14,15,0,10696.0,14.0239
17099962000,micro,13.14,20,0,10956.0,18.2548
17099962100,micro,13.14,33,0,23890.0,13.8133
17099962200,micro,13.14,35,0,26743.0,13.0875
17099962300,micro,13.14,18,0,21187.0,8.4958
17099962400,micro,13.14,25,0,22906.0,10.9142
17099962500,micro,13.14,15,0,20388.0,7.3573
17099962600,micro,13.14,19,0,17113.0,11.1027
17099962700,micro,13.14,20,0,19254.0,10.3875
17099962800,micro,13.14,25,0,23965.0,10.4319
17099962900,micro,13.14,29,0,23293.0,12.4501
17099963000,micro,13.14,29,0,21345.0,13.5863
17099963100,micro,13.14,31,0,18907.0,16.396
17099963200,micro,13.14,30,0,21159.0,14.1784
17099963300,micro,13.14,31,0,24558.0,12.6232
17099963400,micro,13.14,37,0,27920.0,13.2521
17099963500,micro,13.14,28,0,25860.0,10.8275
17099963600,micro,13.14,23,0,20434.0,11.2558
17099963700,micro,13.14,18,0,18648.0,9.6525
17099963800,micro,13.14,8,0,14349.0,5.5753
17099963900,micro,13.14,9,0,14349.0,6.2722
17099964000,micro,13.14,37,0,29279.0,12.637
17099964100,micro,13.14,16,0,12530.0,12.7694
17099964200,micro,13.14,9,0,12401.0,7.2575
17099964300,micro,13.14,9,0,12401.0,7.2575
17101880700,rural,20.81,22,0,14686.0,14.9803
17101880800,rural,20.81,24,0,17278.0,13.8905
17101880900,rural,20.81,28,0,17864.0,15.674
17101881000,rural,20.81,19,0,11706.0,16.231
17101881100,rural,20.81,13,0,12759.0,10.1889
17103000100,micro,13.14,10,0,8885.0,11.2549
17103000200,micro,13.14,19,0,13886.0,13.6828
17103000300,micro,13.14,37,0,23355.0,15.8424
17103000400,micro,13.14,38,0,23578.0,16.1167
17103000500,micro,13.14,33,0,25960.0,12.7119
17103000600,micro,13.14,35,0,24627.0,14.212
17103000700,micro,13.14,36,0,21762.0,16.5426
17103000800,micro,13.14,11,0,7707.0,14.2727
17103000900,micro,13.14,13,0,8575.0,15.1603
17105960100,micro,13.14,8,0,5398.0,14.8203
17105960200,micro,13.14,9,0,5751.0,15.6495
17105960300,micro,13.14,11,0,14556.0,7.557
17105960400,micro,13.14,14,0,10969.0,12.7632
17105960500,micro,13.14,11,0,9820.0,11.2016
17105960600,micro,13.14,16,0,12017.0,13.3145
17105960700,micro,13.14,17,0,8389.0,20.2646
17105960800,micro,13.14,18,0,11261.0,15.9844
17105960900,micro,13.14,14,0,8071.0,17.3461
17105961000,micro,13.14,13,0,2558.0,50.821
17107952900,micro,13.14,13,0,11755.0,11.0591
17107953000,micro,13.14,17,0,13096.0,12.9811
17107953100,micro,13.14,16,0,11266.0,14.202
17107953200,micro,13.14,16,0,11266.0,14.202
17107953300,micro,13.14,17,0,11266.0,15.0897
17107953400,micro,13.14,17,0,11266.0,15.0897
17107953500,micro,13.14,16,0,10422.0,15.3521
17107953600,micro,13.14,15,0,10391.0,14.4356
17109010100,micro,13.14,14,0,9581.0,14.6123
17109010200,micro,13.14,15,0,9267.0,16.1865
17109010300,micro,13.14,17,0,10384.0,16.3713
17109010401,micro,13.14,17,0,11856.0,14.3387
17109010402,micro,13.14,17,0,11856.0,14.3387
17109010600,micro,13.14,17,0,11856.0,14.3387
17109010700,micro,13.14,17,0,11856.0,14.3387
17109010900,micro,13.14,17,0,10384.0,16.3713
17109011000,micro,13.14,19,0,10737.0,17.6958
17109011100,micro,13.14,14,0,8550.0,16.3743
17109980000,micro,13.14,17,0,11856.0,14.3387
17111870103,metro,3.49,2,0,898.0,22.2717
17111870104,metro,3.49,6,1,3070.0,19.544
17111870105,metro,3.49,3,0,5537.0,5.4181
17111870106,metro,3.49,3,0,6297.0,4.7642
17111870200,metro,3.49,6,0,2182.0,27.4977
17111870301,metro,3.49,3,0,3135.0,9.5694
17111870302,metro,3.49,6,0,3135.0,19.1388
17111870402,metro,3.49,7,0,10625.0,6.5882
17111870403,metro,3.49,1,0,5036.0,1.9857
17111870404,metro,3.49,7,0,10247.0,6.8313
17111870501,metro,3.49,15,0,10570.0,14.1911
17111870502,metro,3.49,3,0,6881.0,4.3598
17111870603,metro,3.49,19,0,14667.0,12.9543
17111870604,metro,3.49,17,0,15975.0,10.6416
17111870605,metro,3.49,16,0,13972.0,11.4515
17111870606,metro,3.49,18,0,16031.0,11.2282
17111870702,metro,3.49,20,0,12943.0,15.4524
17111870703,metro,3.49,13,0,7925.0,16.4038
17111870704,metro,3.49,11,0,12039.0,9.137
17111870807,metro,3.49,14,1,17813.0,7.8594
17111870808,metro,3.49,18,1,18807.0,9.5709
17111870809,metro,3.49,4,0,14310.0,2.7952
17111870810,metro,3.49,3,0,14841.0,2.0214
17111870811,metro,3.49,6,0,14589.0,4.1127
17111870812,metro,3.49,6,0,14707.0,4.0797
17111870813,metro,3.49,4,0,15801.0,2.5315
17111870814,metro,3.49,2,0,12258.0,1.6316
17111870903,metro,3.49,7,0,10625.0,6.5882
17111870904,metro,3.49,7,0,7916.0,8.8428
17111870905,metro,3.49,7,0,12539.0,5.5826
17111870906,metro,3.49,4,0,6362.0,6.2873
17111870907,metro,3.49,7,0,11835.0,5.9147
17111871003,metro,3.49,3,0,1558.0,19.2555
17111871004,metro,3.49,1,0,2342.0,4.2699
17111871105,metro,3.49,17,1,22122.0,7.6847
17111871107,metro,3.49,16,0,25504.0,6.2735
17111871108,metro,3.49,21,1,28850.0,7.279
17111871109,metro,3.49,14,0,23886.0,5.8612
17111871110,metro,3.49,8,0,15149.0,5.2809
17111871111,metro,3.49,20,0,21997.0,9.0921
17111871112,metro,3.49,12,1,20564.0,5.8354
17111871113,metro,3.49,4,0,15454.0,2.5883
17111871114,metro,3.49,11,0,18110.0,6.074
17111871115,metro,3.49,11,0,17603.0,6.2489
17111871201,metro,3.49,24,1,24850.0,9.6579
17111871202,metro,3.49,25,1,27670.0,9.0351
17111871205,metro,3.49,32,1,31367.0,10.2018
17111871206,metro,3.49,20,1,25567.0,7.8226
17111871207,metro,3.49,26,1,32097.0,8.1004
17111871208,metro,3.49,30,1,32623.0,9.196
17111871209,metro,3.49,32,1,30612.0,10.4534
17111871301,metro,3.49,21,1,19120.0,10.9833
17111871304,metro,3.49,21,1,20136.0,10.4291
17111871305,metro,3.49,10,0,16188.0,6.1774
17111871307,metro,3.49,9,0,14119.0,6.3744
17111871310,metro,3.49,21,1,29224.0,7.1859
17111871311,metro,3.49,34,1,24935.0,13.6355
17111871312,metro,3.49,25,1,24601.0,10.1622
17111871313,metro,3.49,28,1,26151.0,10.707
17111871402,metro,3.49,9,0,13176.0,6.8306
17111871404,metro,3.49,16,0,25069.0,6.3824
17111871501,metro,3.49,1,0,4428.0,2.2584
17111871502,metro,3.49,2,0,2829.0,7.0696
17111871600,metro,3.49,15,0,21509.0,6.9738
17113000105,metro,3.49,9,0,12826.0,7.017
17113000106,metro,3.49,34,0,41944.0,8.106
17113000107,metro,3.49,21,0,33593.0,6.2513
17113000108,metro,3.49,10,0,23818.0,4.1985
17113000109,metro,3.49,22,0,27697.0,7.9431
17113000200,metro,3.49,35,0,40440.0,8.6548
17113000301,metro,3.49,33,0,35894.0,9.1937
17113000302,metro,3.49,12,0,27975.0,4.2895
17113000400,metro,3.49,38,0,42247.0,8.9947
17113000501,metro,3.49,38,0,41639.0,9.1261
17113000502,metro,3.49,38,0,41639.0,9.1261
17113000504,metro,3.49,35,0,39514.0,8.8576
17113000506,metro,3.49,33,0,28502.0,11.5781
17113000507,metro,3.49,25,0,23871.0,10.473
17113001103,metro,3.49,37,0,35119.0,10.5356
17113001105,metro,3.49,37,0,34156.0,10.8327
17113001106,metro,3.49,37,0,38446.0,9.6239
17113001107,metro,3.49,31,0,32494.0,9.5402
17113001108,metro,3.49,21,0,20304.0,10.3428
17113001200,metro,3.49,38,0,39188.0,9.6968
17113001301,metro,3.49,39,0,44668.0,8.7311
17113001302,metro,3.49,38,0,46019.0,8.2575
17113001303,metro,3.49,36,0,44868.0,8.0235
17113001402,metro,3.49,5,0,16885.0,2.9612
17113001403,metro,3.49,26,0,33930.0,7.6628
17113001404,metro,3.49,14,0,25366.0,5.5192
17113001500,metro,3.49,31,0,34349.0,9.025
17113001600,metro,3.49,35,0,40461.0,8.6503
17113001700,metro,3.49,38,0,43875.0,8.661
17113001800,metro,3.49,37,0,41929.0,8.8244
17113002101,metro,3.49,17,0,23660.0,7.1851
17113002102,metro,3.49,2,0,9187.0,2.177
17113005102,metro,3.49,0,0,2838.0,0.0
17113005103,metro,3.49,19,0,13245.0,14.345
17113005104,metro,3.49,21,0,14744.0,14.2431
17113005201,metro,3.49,2,0,2938.0,6.8074
17113005202,metro,3.49,2,0,1118.0,17.8891
17113005401,metro,3.49,0,0,4766.0,0.0
17113005402,metro,3.49,1,0,1216.0,8.2237
17113005501,metro,3.49,2,0,940.0,21.2766
17113005502,metro,3.49,0,0,971.0,0.0
17113005601,metro,3.49,1,0,696.0,14.3678
17113005602,metro,3.49,0,0,818.0,0.0
17113005700,metro,3.49,0,0,1964.0,0.0
17113005800,metro,3.49,33,0,37307.0,8.8455
17113005900,metro,3.49,28,0,37349.0,7.4969
17113006000,metro,3.49,0,0,1319.0,0.0
17115000200,metro,3.49,23,0,22902.0,10.0428
17115000300,metro,3.49,19,0,23972.0,7.9259
17115000400,metro,3.49,19,0,20280.0,9.3688
17115000501,metro,3.49,19,0,21563.0,8.8114
17115000502,metro,3.49,19,0,25531.0,7.4419
17115000600,metro,3.49,20,0,25587.0,7.8165
17115000900,metro,3.49,22,0,24456.0,8.9957
17115001000,metro,3.49,21,0,15116.0,13.8926
17115001100,metro,3.49,23,0,18460.0,12.4594
17115001200,metro,3.49,19,0,20514.0,9.262
17115001300,metro,3.49,13,0,19166.0,6.7828
17115001400,metro,3.49,12,0,17611.0,6.8139
17115001500,metro,3.49,12,0,15296.0,7.8452
17115001600,metro,3.49,19,0,20965.0,9.0627
17115001700,metro,3.49,18,0,14941.0,12.0474
17115001801,metro,3.49,16,0,15103.0,10.5939
17115001802,metro,3.49,21,0,19209.0,10.9324
17115001900,metro,3.49,21,0,25028.0,8.3906
17115002001,metro,3.49,20,0,22205.0,9.007
17115002002,metro,3.49,20,0,26126.0,7.6552
17115002100,metro,3.49,19,0,15116.0,12.5695
17115002200,metro,3.49,1,0,2161.0,4.6275
17115002300,metro,3.49,1,0,1203.0,8.3126
17115002401,metro,3.49,12,0,11651.0,10.2995
17115002402,metro,3.49,9,0,10393.0,8.6597
17115002500,metro,3.49,4,0,2778.0,14.3988
17115002601,metro,3.49,10,0,11600.0,8.6207
17115002602,metro,3.49,1,0,767.0,13.0378
17115002700,metro,3.49,1,0,913.0,10.9529
17115002800,metro,3.49,1,0,1540.0,6.4935
17115002901,metro,3.49,4,0,6378.0,6.2716
17115002902,metro,3.49,12,0,13543.0,8.8607
17115002904,metro,3.49,21,0,16528.0,12.7057
17115002905,metro,3.49,11,0,12458.0,8.8297
17115002906,metro,3.49,21,0,16557.0,12.6835
17115003000,metro,3.49,0,0,1349.0,0.0
17115003100,metro,3.49,19,0,24642.0,7.7104
17117956000,metro,3.49,3,0,2333.0,12.859
17117956100,metro,3.49,5,0,2333.0,21.4316
17117956200,metro,3.49,2,0,1031.0,19.3986
17117956300,metro,3.49,0,0,1004.0,0.0
17117956400,metro,3.49,4,0,2035.0,19.656
17117956500,metro,3.49,1,0,1004.0,9.9602
17117956600,metro,3.49,1,0,1733.0,5.7703
17117956700,metro,3.49,1,0,1328.0,7.5301
17117956800,metro,3.49,0,0,1022.0,0.0
17117956900,metro,3.49,1,1,3009.0,3.3234
17117957000,metro,3.49,2,2,3009.0,6.6467
17117957100,metro,3.49,1,1,1137.0,8.7951
17117957200,metro,3.49,3,1,1940.0,15.4639
17119400101,metro,3.49,8,0,18129.0,4.4128
17119400102,metro,3.49,8,0,17403.0,4.5969
17119400200,metro,3.49,7,0,11932.0,5.8666
17119400600,metro,3.49,4,0,11063.0,3.6157
17119400700,metro,3.49,3,1,7985.0,3.757
17119400801,metro,3.49,7,0,17210.0,4.0674
17119400802,metro,3.49,8,0,16736.0,4.7801
17119400903,metro,3.49,8,0,13762.0,5.8131
17119400904,metro,3.49,7,0,15243.0,4.5923
17119400951,metro,3.49,7,0,15824.0,4.4237
17119400952,metro,3.49,7,0,13354.0,5.2419
17119401000,metro,3.49,5,0,10228.0,4.8885
17119401101,metro,3.49,6,0,15431.0,3.8883
17119401102,metro,3.49,8,1,13586.0,5.8884
17119401200,metro,3.49,5,0,13520.0,3.6982
17119401300,metro,3.49,9,0,17925.0,5.0209
17119401400,metro,3.49,10,1,17048.0,5.8658
17119401500,metro,3.49,10,1,19166.0,5.2176
17119401701,metro,3.49,10,1,17255.0,5.7954
17119401721,metro,3.49,5,1,7786.0,6.4218
17119401722,metro,3.49,6,1,7786.0,7.7061
17119401800,metro,3.49,8,1,17130.0,4.6702
17119401901,metro,3.49,8,1,13772.0,5.8089
17119401905,metro,3.49,0,0,3654.0,0.0
17119402000,metro,3.49,15,1,12935.0,11.5964
17119402100,metro,3.49,14,1,9895.0,14.1486
17119402200,metro,3.49,14,1,9563.0,14.6398
17119402300,metro,3.49,14,1,9563.0,14.6398
17119402400,metro,3.49,10,1,14115.0,7.0847
17119402500,metro,3.49,15,1,12068.0,12.4296
17119402600,metro,3.49,15,1,14040.0,10.6838
17119402701,metro,3.49,10,1,7820.0,12.7877
17119402721,metro,3.49,2,0,7415.0,2.6972
17119402722,metro,3.49,8,1,6550.0,12.2137
17119402801,metro,3.49,1,0,4510.0,2.2173
17119402803,metro,3.49,0,0,3836.0,0.0
17119402804,metro,3.49,0,0,826.0,0.0
17119402805,metro,3.49,1,0,2157.0,4.6361
17119402900,metro,3.49,23,1,9324.0,24.6675
17119403001,metro,3.49,26,1,15909.0,16.343
17119403002,metro,3.49,26,1,14257.0,18.2367
17119403101,metro,3.49,25,1,10319.0,24.2272
17119403121,metro,3.49,21,2,18023.0,11.6518
17119403122,metro,3.49,27,3,16371.0,16.4926
17119403200,metro,3.49,12,0,16578.0,7.2385
17119403300,metro,3.49,12,0,17258.0,6.9533
17119403401,metro,3.49,12,0,12060.0,9.9502
17119403403,metro,3.49,11,0,13222.0,8.3195
17119403404,metro,3.49,11,0,16647.0,6.6078
17119403502,metro,3.49,12,1,13462.0,8.914
17119403531,metro,3.49,4,1,5040.0,7.9365
17119403532,metro,3.49,4,1,5040.0,7.9365
17119403533,metro,3.49,10,3,15441.0,6.4763
17119403534,metro,3.49,12,1,8283.0,14.4875
17119403601,metro,3.49,9,0,7828.0,11.4972
17119403603,metro,3.49,9,0,7828.0,11.4972
17119403604,metro,3.49,9,0,7828.0,11.4972
17119403701,metro,3.49,1,0,2303.0,4.3422
17119403702,metro,3.49,9,0,7828.0,11.4972
17119403801,metro,3.49,1,1,1881.0,5.3163
17119403802,metro,3.49,1,0,1906.0,5.2466
17119404000,metro,3.49,8,0,16155.0,4.952
17119404100,metro,3.49,7,0,7024.0,9.9658
17121951600,micro,13.14,10,0,7215.0,13.86
17121951700,micro,13.14,9,0,9124.0,9.8641
17121951800,micro,13.14,16,0,17070.0,9.3732
17121951900,micro,13.14,15,0,16218.0,9.249
17121952000,micro,13.14,13,0,14452.0,8.9953
17121952100,micro,13.14,17,0,15512.0,10.9593
17121952200,micro,13.14,8,0,11554.0,6.924
17121952300,micro,13.14,18,0,16600.0,10.8434
17121952400,micro,13.14,19,0,16843.0,11.2807
17121952500,micro,13.14,16,0,14998.0,10.6681
17121952600,micro,13.14,18,0,18415.0,9.7746
17121952700,micro,13.14,18,0,18415.0,9.7746
17123961100,metro,3.49,1,0,1200.0,8.3333
17123961200,metro,3.49,2,0,1051.0,19.0295
17123961300,metro,3.49,0,0,847.0,0.0
17123961400,metro,3.49,0,0,1165.0,0.0
17123961500,metro,3.49,1,0,831.0,12.0337
17125956300,rural,20.81,45,1,41004.0,10.9745
17125956400,rural,20.81,24,0,21870.0,10.9739
17125956500,rural,20.81,23,0,17321.0,13.2787
17125956600,rural,20.81,22,0,15395.0,14.2904
17125956700,rural,20.81,23,0,18627.0,12.3477
17125956800,rural,20.81,33,0,23627.0,13.9671
17127970100,metro,3.49,0,0,1747.0,0.0
17127970200,metro,3.49,4,0,2429.0,16.4677
17127970300,metro,3.49,0,0,1281.0,0.0
17127970400,metro,3.49,4,0,2429.0,16.4677
17129010100,metro,3.49,1,0,2425.0,4.1237
17129010200,metro,3.49,2,0,1886.0,10.6045
17129010300,metro,3.49,2,0,917.0,21.8103
17131040100,metro,3.49,0,0,1783.0,0.0
17131040200,metro,3.49,2,0,1518.0,13.1752
17131040300,metro,3.49,5,0,1595.0,31.348
17131040400,metro,3.49,1,0,1669.0,5.9916
17133600102,metro,3.49,9,1,5142.0,17.5029
17133600103,metro,3.49,9,1,5142.0,17.5029
17133600104,metro,3.49,9,1,6007.0,14.9825
17133600401,metro,3.49,10,0,3132.0,31.9285
17133600402,metro,3.49,1,0,1798.0,5.5617
17133600501,metro,3.49,0,0,2605.0,0.0
17133600502,metro,3.49,0,0,1174.0,0.0
17135957300,rural,20.81,26,0,22372.0,11.6217
17135957400,rural,20.81,21,0,20308.0,10.3408
17135957500,rural,20.81,41,0,30949.0,13.2476
17135957600,rural,20.81,28,3,24422.0,11.4651
17135957700,rural,20.81,29,3,26633.0,10.8887
17135957800,rural,20.81,27,3,24442.0,11.0466
17135957900,rural,20.81,28,3,26768.0,10.4603
17135958000,rural,20.81,29,1,23874.0,12.1471
17137951400,micro,13.14,17,0,11222.0,15.1488
17137951500,micro,13.14,17,0,11853.0,14.3424
17137951600,micro,13.14,16,0,13076.0,12.2362
17137951700,micro,13.14,16,0,11793.0,13.5674
17137951800,micro,13.14,16,0,11793.0,13.5674
17137951900,micro,13.14,18,0,12481.0,14.4219
17137952000,micro,13.14,15,0,12061.0,12.4368
17137952100,micro,13.14,18,0,13151.0,13.6872
17137952200,micro,13.14,15,0,14040.0,10.6838
17137952300,micro,13.14,9,0,8044.0,11.1885
17139976900,rural,20.81,50,0,36902.0,13.5494
17139977000,rural,20.81,60,0,51833.0,11.5756
17139977100,rural,20.81,48,0,35967.0,13.3456
17139977200,rural,20.81,39,0,29340.0,13.2924
17141960700,micro,13.14,20,0,18606.0,10.7492
17141960800,micro,13.14,17,0,18217.0,9.3319
17141960900,micro,13.14,19,0,16800.0,11.3095
17141961001,micro,13.14,25,1,35068.0,7.129
17141961002,micro,13.14,36,3,60745.0,5.9264
17141961100,micro,13.14,15,0,23008.0,6.5195
17141961200,micro,13.14,15,0,14052.0,10.6746
17141961301,micro,13.14,23,0,19595.0,11.7377
17141961302,micro,13.14,22,1,29095.0,7.5614
17141961400,micro,13.14,14,0,15407.0,9.0868
17141961500,micro,13.14,27,0,20022.0,13.4852
17141961600,micro,13.14,9,0,9760.0,9.2213
17141961700,micro,13.14,20,0,15917.0,12.5652
17143000200,metro,3.49,18,2,20583.0,8.7451
17143000300,metro,3.49,18,2,24208.0,7.4356
17143000600,metro,3.49,22,2,30196.0,7.2857
17143000900,metro,3.49,21,2,33795.0,6.2139
17143001200,metro,3.49,22,2,31241.0,7.042
17143001300,metro,3.49,25,2,29844.0,8.3769
17143001500,metro,3.49,20,2,27812.0,7.1911
17143001600,metro,3.49,29,3,34840.0,8.3238
17143001800,metro,3.49,28,3,34069.0,8.2186
17143001900,metro,3.49,21,2,32440.0,6.4735
17143002000,metro,3.49,24,3,35984.0,6.6696
17143002100,metro,3.49,26,3,37880.0,6.8638
17143002200,metro,3.49,25,2,35567.0,7.029
17143002300,metro,3.49,27,2,39697.0,6.8015
17143002400,metro,3.49,24,2,34103.0,7.0375
17143002500,metro,3.49,25,3,33296.0,7.5084
17143002600,metro,3.49,19,1,25231.0,7.5304
17143002701,metro,3.49,21,2,36541.0,5.747
17143002702,metro,3.49,27,2,37136.0,7.2706
17143002800,metro,3.49,28,1,36779.0,7.613
17143002900,metro,3.49,31,1,37132.0,8.3486
17143003000,metro,3.49,36,1,31032.0,11.6009
17143003101,metro,3.49,27,1,20554.0,13.1361
17143003103,metro,3.49,35,1,25688.0,13.625
17143003104,metro,3.49,32,1,20849.0,15.3485
17143003200,metro,3.49,33,1,25688.0,12.8465
17143003300,metro,3.49,28,1,21220.0,13.1951
17143003402,metro,3.49,9,0,7465.0,12.0563
17143003403,metro,3.49,21,0,16852.0,12.4614
17143003404,metro,3.49,16,0,10360.0,15.444
17143003601,metro,3.49,3,1,3764.0,7.9702
17143003602,metro,3.49,3,1,3764.0,7.9702
17143003700,metro,3.49,0,0,1261.0,0.0
17143003800,metro,3.49,2,0,1325.0,15.0943
17143003900,metro,3.49,0,0,3208.0,0.0
17143004000,metro,3.49,1,0,1846.0,5.4171
17143004101,metro,3.49,4,0,5141.0,7.7806
17143004102,metro,3.49,18,1,26669.0,6.7494
17143004200,metro,3.49,18,1,26187.0,6.8736
17143004300,metro,3.49,25,2,32030.0,7.8052
17143004400,metro,3.49,23,3,32417.0,7.095
17143004500,metro,3.49,3,0,10030.0,2.991
17143004600,metro,3.49,6,0,14729.0,4.0736
17143004801,metro,3.49,6,0,6028.0,9.9536
17143004802,metro,3.49,8,0,18996.0,4.2114
17143004901,metro,3.49,1,0,1390.0,7.1942
17143004902,metro,3.49,1,0,2193.0,4.56
17143005000,metro,3.49,18,2,31797.0,5.6609
17143005100,metro,3.49,18,2,22620.0,7.9576
17145030100,rural,20.81,29,0,23116.0,12.5454
17145030200,rural,20.81,32,0,27013.0,11.8461
17145030300,rural,20.81,28,0,26381.0,10.6137
17145030400,rural,20.81,49,0,42837.0,11.4387
17145030500,rural,20.81,50,0,48704.0,10.2661
17145030600,rural,20.81,59,0,54806.0,10.7652
17147954500,metro,3.49,0,0,1667.0,0.0
17147954600,metro,3.49,3,0,2852.0,10.5189
17147954700,metro,3.49,1,0,1411.0,7.0872
17147954800,metro,3.49,1,0,994.0,10.0604
17149952400,rural,20.81,27,0,10886.0,24.8025
17149952500,rural,20.81,34,0,23631.0,14.3879
17149952600,rural,20.81,14,0,5965.0,23.4702
17149952700,rural,20.81,20,0,7032.0,28.4414
17149952800,rural,20.81,18,0,9676.0,18.6027
17151971200,rural,20.81,17,0,15208.0,11.1783
17151971300,rural,20.81,8,0,8937.0,8.9515
17153971000,rural,20.81,18,0,14707.0,12.2391
17153971100,rural,20.81,12,0,9481.0,12.6569
17155954500,micro,13.14,32,0,17265.0,18.5346
17155954600,micro,13.14,10,0,8888.0,11.2511
17157950500,rural,20.81,29,0,22894.0,12.6671
17157950600,rural,20.81,28,0,23812.0,11.7588
17157950700,rural,20.81,32,0,27725.0,11.5419
17157950800,rural,20.81,42,1,29391.0,14.2901
17157950900,rural,20.81,25,0,20903.0,11.96
17157951000,rural,20.81,19,0,13869.0,13.6996
17157951100,rural,20.81,21,0,16381.0,12.8197
17157951201,rural,20.81,17,0,13869.0,12.2576
17157951202,rural,20.81,19,0,11945.0,15.9062
17157951300,rural,20.81,15,0,12951.0,11.5821
17159977900,rural,20.81,25,0,15111.0,16.5442
17159978000,rural,20.81,19,0,14336.0,13.2533
17159978100,rural,20.81,27,0,13440.0,20.0893
17159978200,rural,20.81,24,0,13440.0,17.8571
17159978300,rural,20.81,23,0,16757.0,13.7256
17161020101,metro,3.49,0,0,1014.0,0.0
17161020102,metro,3.49,1,0,1455.0,6.8729
17161020103,metro,3.49,0,0,362.0,0.0
17161020200,metro,3.49,8,0,15018.0,5.3269
17161020301,metro,3.49,17,0,19118.0,8.8921
17161020302,metro,3.49,13,0,17855.0,7.2809
17161020400,metro,3.49,2,0,4442.0,4.5025
17161020600,metro,3.49,11,0,19897.0,5.5285
17161020700,metro,3.49,19,0,25106.0,7.5679
17161020800,metro,3.49,19,0,24084.0,7.8891
17161020900,metro,3.49,20,0,24084.0,8.3043
17161021000,metro,3.49,23,0,24084.0,9.5499
17161021100,metro,3.49,19,0,25493.0,7.453
17161021200,metro,3.49,25,0,29797.0,8.3901
17161021300,metro,3.49,25,0,30335.0,8.2413
17161021400,metro,3.49,20,0,26513.0,7.5435
17161021500,metro,3.49,26,0,31988.0,8.128
17161021600,metro,3.49,26,0,32326.0,8.0431
17161021700,metro,3.49,26,0,29946.0,8.6823
17161021800,metro,3.49,29,0,31098.0,9.3254
17161021900,metro,3.49,29,0,29466.0,9.8419
17161022000,metro,3.49,29,0,31322.0,9.2587
17161022100,metro,3.49,27,0,32676.0,8.2629
17161022200,metro,3.49,21,0,32203.0,6.5211
17161022300,metro,3.49,21,0,27623.0,7.6024
17161022600,metro,3.49,8,0,17120.0,4.6729
17161022800,metro,3.49,16,0,28539.0,5.6064
17161022900,metro,3.49,20,0,28539.0,7.008
17161023000,metro,3.49,21,0,30720.0,6.8359
17161023100,metro,3.49,16,0,24732.0,6.4694
17161023200,metro,3.49,17,0,23573.0,7.2116
17161023300,metro,3.49,13,0,24588.0,5.2871
17161023500,metro,3.49,13,0,22746.0,5.7153
17161023600,metro,3.49,10,0,17120.0,5.8411
17161023700,metro,3.49,13,0,18496.0,7.0285
17161024000,metro,3.49,7,0,5167.0,13.5475
17161024101,metro,3.49,0,0,1453.0,0.0
17161024102,metro,3.49,1,0,2140.0,4.6729
17161024103,metro,3.49,1,0,1567.0,6.3816
17161024200,metro,3.49,6,0,7618.0,7.8761
17161024300,metro,3.49,14,0,21019.0,6.6606
17161024400,metro,3.49,13,0,18518.0,7.0202
17161024500,metro,3.49,14,0,25338.0,5.5253
17163500400,metro,3.49,3,1,10292.0,2.9149
17163500500,metro,3.49,3,1,10964.0,2.7362
17163500900,metro,3.49,3,1,9226.0,3.2517
17163501100,metro,3.49,2,1,11045.0,1.8108
17163501200,metro,3.49,4,1,11717.0,3.4138
17163501300,metro,3.49,3,0,13941.0,2.1519
17163501400,metro,3.49,3,1,12308.0,2.4374
17163501501,metro,3.49,8,1,17212.0,4.6479
17163501502,metro,3.49,17,1,18395.0,9.2416
17163501602,metro,3.49,23,2,23700.0,9.7046
17163501604,metro,3.49,21,2,24974.0,8.4087
17163501605,metro,3.49,16,1,19050.0,8.399
17163501606,metro,3.49,18,2,24752.0,7.2721
17163501607,metro,3.49,18,2,22927.0,7.851
17163501700,metro,3.49,18,1,26018.0,6.9183
17163501801,metro,3.49,22,1,28548.0,7.7063
17163501802,metro,3.49,21,1,28548.0,7.356
17163501900,metro,3.49,15,1,21298.0,7.0429
17163502100,metro,3.49,4,1,11876.0,3.3681
17163502200,metro,3.49,2,0,10275.0,1.9465
17163502300,metro,3.49,2,0,5641.0,3.5455
17163502401,metro,3.49,4,1,10769.0,3.7144
17163502404,metro,3.49,3,0,11541.0,2.5994
17163502500,metro,3.49,2,0,12452.0,1.6062
17163502602,metro,3.49,3,0,6663.0,4.5025
17163502603,metro,3.49,3,0,8654.0,3.4666
17163502700,metro,3.49,4,0,10798.0,3.7044
17163502800,metro,3.49,3,0,10771.0,2.7853
17163502900,metro,3.49,2,0,14567.0,1.373
17163503101,metro,3.49,1,0,2771.0,3.6088
17163503102,metro,3.49,1,0,1757.0,5.6915
17163503202,metro,3.49,3,0,3533.0,8.4914
17163503203,metro,3.49,2,1,2736.0,7.3099
17163503211,metro,3.49,7,1,15324.0,4.568
17163503301,metro,3.49,24,2,30977.0,7.7477
17163503304,metro,3.49,13,1,16099.0,8.075
17163503322,metro,3.49,23,3,30061.0,7.6511
17163503323,metro,3.49,36,2,36767.0,9.7914
17163503324,metro,3.49,33,0,26066.0,12.6602
17163503332,metro,3.49,15,1,21020.0,7.1361
17163503334,metro,3.49,24,1,18920.0,12.685
17163503404,metro,3.49,14,1,16634.0,8.4165
17163503411,metro,3.49,7,1,11620.0,6.0241
17163503412,metro,3.49,10,1,14719.0,6.7939
17163503413,metro,3.49,29,1,21585.0,13.4353
17163503414,metro,3.49,30,1,27530.0,10.8972
17163503415,metro,3.49,17,2,20580.0,8.2604
17163503416,metro,3.49,15,1,23373.0,6.4177
17163503800,metro,3.49,2,0,7931.0,2.5218
17163503903,metro,3.49,2,0,1453.0,13.7646
17163503905,metro,3.49,3,0,3144.0,9.542
17163503906,metro,3.49,6,0,3144.0,19.084
17163503907,metro,3.49,20,0,20791.0,9.6195
17163503908,metro,3.49,4,0,4500.0,8.8889
17163504001,metro,3.49,1,0,2047.0,4.8852
17163504002,metro,3.49,0,0,2218.0,0.0
17163504351,metro,3.49,18,0,14037.0,12.8233
17163504352,metro,3.49,19,0,15133.0,12.5553
17163504353,metro,3.49,9,0,9391.0,9.5836
17163504354,metro,3.49,18,0,21700.0,8.2949
17163504355,metro,3.49,13,0,12901.0,10.0767
17163504356,metro,3.49,4,0,3640.0,10.989
17163504357,metro,3.49,4,0,3212.0,12.4533
17163504358,metro,3.49,3,0,1491.0,20.1207
17163504359,metro,3.49,3,0,1465.0,20.4778
17163504501,metro,3.49,4,1,13366.0,2.9927
17163504502,metro,3.49,4,1,8137.0,4.9158
17163504600,metro,3.49,3,1,8988.0,3.3378
17165955100,rural,20.81,22,0,18128.0,12.1359
17165955500,rural,20.81,22,0,16496.0,13.3366
17165955600,rural,20.81,22,0,19653.0,11.1942
17165955700,rural,20.81,57,0,41155.0,13.8501
17165955800,rural,20.81,25,0,23976.0,10.4271
17165955900,rural,20.81,21,0,18986.0,11.0608
17165956000,rural,20.81,24,0,25629.0,9.3644
17165956100,rural,20.81,41,0,29342.0,13.9731
17165956200,rural,20.81,21,0,18591.0,11.2958
17167000100,metro,3.49,13,0,12814.0,10.1452
17167000201,metro,3.49,18,0,23298.0,7.726
17167000202,metro,3.49,29,0,33358.0,8.6936
17167000300,metro,3.49,24,0,33215.0,7.2257
17167000400,metro,3.49,23,0,30800.0,7.4675
17167000501,metro,3.49,18,0,15808.0,11.3866
17167000503,metro,3.49,20,0,25053.0,7.9831
17167000504,metro,3.49,18,0,17901.0,10.0553
17167000600,metro,3.49,18,0,23143.0,7.7777
17167000700,metro,3.49,20,0,28028.0,7.1357
17167000800,metro,3.49,26,0,36330.0,7.1566
17167000900,metro,3.49,27,0,35070.0,7.6989
17167001001,metro,3.49,34,0,28573.0,11.8993
17167001003,metro,3.49,35,0,30184.0,11.5955
17167001004,metro,3.49,41,0,36165.0,11.3369
17167001100,metro,3.49,43,0,42531.0,10.1103
17167001200,metro,3.49,42,0,40225.0,10.4413
17167001300,metro,3.49,38,0,39036.0,9.7346
17167001400,metro,3.49,36,0,41105.0,8.7581
17167001600,metro,3.49,27,0,32152.0,8.3976
17167001800,metro,3.49,40,0,38778.0,10.3151
17167001900,metro,3.49,43,0,42338.0,10.1564
17167002001,metro,3.49,42,0,34735.0,12.0916
17167002002,metro,3.49,33,0,30357.0,10.8706
17167002100,metro,3.49,46,0,40622.0,11.3239
17167002200,metro,3.49,45,0,37472.0,12.009
17167002300,metro,3.49,34,0,35811.0,9.4943
17167002400,metro,3.49,23,0,29067.0,7.9128
17167002500,metro,3.49,20,0,28111.0,7.1147
17167002600,metro,3.49,29,0,36379.0,7.9716
17167002700,metro,3.49,26,0,32420.0,8.0197
17167002801,metro,3.49,45,0,39333.0,11.4408
17167002802,metro,3.49,40,0,33917.0,11.7935
17167002900,metro,3.49,32,0,28911.0,11.0685
17167003000,metro,3.49,11,0,17861.0,6.1587
17167003100,metro,3.49,7,0,9227.0,7.5864
17167003201,metro,3.49,7,0,3947.0,17.735
17167003202,metro,3.49,3,0,2295.0,13.0719
17167003203,metro,3.49,3,0,2339.0,12.826
17167003300,metro,3.49,3,0,2185.0,13.73
17167003400,metro,3.49,2,0,2258.0,8.8574
17167003500,metro,3.49,1,0,2016.0,4.9603
17167003601,metro,3.49,0,0,1046.0,0.0
17167003602,metro,3.49,18,0,15662.0,11.4928
17167003603,metro,3.49,9,0,7273.0,12.3745
17167003604,metro,3.49,26,0,22290.0,11.6644
17167003701,metro,3.49,2,0,1571.0,12.7307
17167003702,metro,3.49,3,0,1531.0,19.595
17167003801,metro,3.49,7,0,10378.0,6.745
17167003802,metro,3.49,1,0,3728.0,2.6824
17167003901,metro,3.49,0,0,1965.0,0.0
17167003902,metro,3.49,2,0,1499.0,13.3422
17167004000,metro,3.49,1,0,1804.0,5.5432
17167004200,metro,3.49,32,0,38134.0,8.3915
17169970100,rural,20.81,34,0,17846.0,19.0519
17169970200,rural,20.81,22,0,10102.0,21.7779
17169970300,rural,20.81,24,0,11939.0,20.1022
17171970600,micro,13.14,11,0,5013.0,21.9429
17171970700,micro,13.14,10,0,6422.0,15.5715
17173959100,rural,20.81,49,0,44886.0,10.9165
17173959200,rural,20.81,29,0,21483.0,13.499
17173959300,rural,20.81,30,0,19349.0,15.5047
17173959400,rural,20.81,41,0,32927.0,12.4518
17173959500,rural,20.81,41,0,31211.0,13.1364
17173959600,rural,20.81,26,0,18399.0,14.1312
17175951400,metro,3.49,0,0,1241.0,0.0
17175951500,metro,3.49,1,0,1044.0,9.5785
17177000100,micro,13.14,18,0,19614.0,9.1771
17177000200,micro,13.14,24,1,25102.0,9.561
17177000300,micro,13.14,13,0,7698.0,16.8875
17177000400,micro,13.14,23,0,19269.0,11.9363
17177000500,micro,13.14,23,0,17467.0,13.1677
17177000600,micro,13.14,19,0,20410.0,9.3092
17177000700,micro,13.14,25,0,21142.0,11.8248
17177000800,micro,13.14,21,0,17715.0,11.8544
17177000900,micro,13.14,23,0,19288.0,11.9245
17177001000,micro,13.14,23,0,18817.0,12.223
17177001100,micro,13.14,22,0,20638.0,10.6599
17177001200,micro,13.14,21,0,20638.0,10.1754
17177001300,micro,13.14,24,0,20638.0,11.629
17179020100,metro,3.49,16,2,30058.0,5.323
17179020301,metro,3.49,7,1,13269.0,5.2755
17179020302,metro,3.49,7,1,12110.0,5.7803
17179020400,metro,3.49,14,2,20009.0,6.9969
17179020500,metro,3.49,2,0,15722.0,1.2721
17179020600,metro,3.49,7,1,14521.0,4.8206
17179020700,metro,3.49,6,1,16655.0,3.6025
17179020800,metro,3.49,6,1,14521.0,4.1319
17179020900,metro,3.49,7,1,14081.0,4.9712
17179021000,metro,3.49,10,1,12635.0,7.9145
17179021101,metro,3.49,10,1,14521.0,6.8866
17179021102,metro,3.49,10,1,14081.0,7.1018
17179021201,metro,3.49,7,0,8204.0,8.5324
17179021202,metro,3.49,13,2,15834.0,8.2102
17179021203,metro,3.49,6,0,11091.0,5.4098
17179021500,metro,3.49,1,0,5612.0,1.7819
17179021603,metro,3.49,7,0,5979.0,11.7076
17179021604,metro,3.49,7,0,9274.0,7.548
17179021605,metro,3.49,7,0,6584.0,10.6318
17179021606,metro,3.49,7,0,4383.0,15.9708
17179021701,metro,3.49,3,0,2280.0,13.1579
17179021702,metro,3.49,2,0,2245.0,8.9087
17179021801,metro,3.49,2,0,4428.0,4.5167
17179021802,metro,3.49,0,0,730.0,0.0
17179021900,metro,3.49,1,0,1713.0,5.8377
17179022000,metro,3.49,1,0,1516.0,6.5963
17179022100,metro,3.49,3,0,3484.0,8.6108
17179022200,metro,3.49,9,0,8133.0,11.066
17179022300,metro,3.49,9,0,7057.0,12.7533
17179022400,metro,3.49,6,0,11059.0,5.4254
17181950100,rural,20.81,65,0,49284.0,13.1889
17181950200,rural,20.81,23,0,29625.0,7.7637
17181950300,rural,20.81,21,0,24261.0,8.6559
17181950400,rural,20.81,25,0,24823.0,10.0713
17181950500,rural,20.81,16,0,14715.0,10.8733
17183000100,micro,13.14,22,0,25777.0,8.5347
17183000200,micro,13.14,22,0,25777.0,8.5347
17183000300,micro,13.14,22,0,25777.0,8.5347
17183000400,micro,13.14,21,0,23502.0,8.9354
17183000500,micro,13.14,21,0,24856.0,8.4487
17183000600,micro,13.14,22,0,24856.0,8.851
17183000700,micro,13.14,23,0,24856.0,9.2533
17183000800,micro,13.14,22,0,24856.0,8.851
17183000900,micro,13.14,22,0,26908.0,8.176
17183001200,micro,13.14,20,0,23394.0,8.5492
17183001300,micro,13.14,21,0,23394.0,8.9767
17183010100,micro,13.14,6,0,4844.0,12.3865
17183010200,micro,13.14,6,0,4123.0,14.5525
17183010300,micro,13.14,18,0,18622.0,9.666
17183010400,micro,13.14,21,0,22040.0,9.5281
17183010500,micro,13.14,21,0,22755.0,9.2287
17183010600,micro,13.14,23,0,25240.0,9.1125
17183010701,micro,13.14,23,0,25240.0,9.1125
17183010702,micro,13.14,25,0,26908.0,9.2909
17183010800,micro,13.14,28,0,22769.0,12.2974
17183010900,micro,13.14,13,0,10090.0,12.884
17183011000,micro,13.14,24,0,19726.0,12.1667
17183011100,micro,13.14,16,0,14453.0,11.0704
17183011200,micro,13.14,21,0,22755.0,9.2287
17185957200,rural,20.81,13,0,12323.0,10.5494
17185957300,rural,20.81,12,0,10985.0,10.924
17185957400,rural,20.81,14,0,10985.0,12.7447
17185957500,rural,20.81,10,0,8763.0,11.4116
17187870100,rural,20.81,34,0,27096.0,12.548
17187870200,rural,20.81,33,0,26690.0,12.3642
17187870300,rural,20.81,29,0,28064.0,10.3335
17187870400,rural,20.81,34,0,30388.0,11.1886
17187870500,rural,20.81,30,0,31431.0,9.5447
17189950100,rural,20.81,42,0,34393.0,12.2118
17189950200,rural,20.81,53,0,37518.0,14.1266
17189950300,rural,20.81,38,0,26209.0,14.4988
17189950400,rural,20.81,26,0,21127.0,12.3065
17191954900,rural,20.81,14,0,15133.0,9.2513
17191955000,rural,20.81,18,0,15675.0,11.4833
17191955100,rural,20.81,12,0,14854.0,8.0786
17191955200,rural,20.81,9,0,12790.0,7.0367
17191955300,rural,20.81,15,0,18901.0,7.9361
17193958000,rural,20.81,11,0,11028.0,9.9746
17193958100,rural,20.81,11,0,9045.0,12.1614
17193958200,rural,20.81,9,0,7484.0,12.0257
17193958300,rural,20.81,15,0,16020.0,9.3633
17193958400,rural,20.81,15,0,11843.0,12.6657
17195000100,micro,13.14,26,0,19913.0,13.0568
17195000200,micro,13.14,10,0,11055.0,9.0457
17195000300,micro,13.14,11,0,10986.0,10.0127
17195000400,micro,13.14,11,0,7851.0,14.011
17195000500,micro,13.14,9,0,7851.0,11.4635
17195000600,micro,13.14,12,0,9772.0,12.28
17195000700,micro,13.14,10,0,5796.0,17.2533
17195000800,micro,13.14,21,0,16194.0,12.9678
17195000900,micro,13.14,33,0,25441.0,12.9712
17195001000,micro,13.14,28,0,21834.0,12.824
17195001101,micro,13.14,33,0,23430.0,14.0845
17195001102,micro,13.14,33,0,23430.0,14.0845
17195001200,micro,13.14,33,0,23430.0,14.0845
17195001300,micro,13.14,32,0,25441.0,12.5781
17195001400,micro,13.14,32,0,23430.0,13.6577
17195001500,micro,13.14,32,0,23430.0,13.6577
17195001600,micro,13.14,33,0,21640.0,15.2495
17195001700,micro,13.14,25,0,19384.0,12.8972
17195001800,micro,13.14,23,0,19384.0,11.8655
17197880105,metro,3.49,20,0,36674.0,5.4535
17197880106,metro,3.49,24,0,34560.0,6.9444
17197880107,metro,3.49,23,0,36426.0,6.3142
17197880109,metro,3.49,24,0,41125.0,5.8359
17197880111,metro,3.49,21,0,30508.0,6.8834
17197880112,metro,3.49,18,0,31074.0,5.7926
17197880113,metro,3.49,25,0,27197.0,9.1922
17197880114,metro,3.49,24,0,27642.0,8.6824
17197880115,metro,3.49,25,0,32916.0,7.5951
17197880116,metro,3.49,21,0,35091.0,5.9844
17197880117,metro,3.49,24,0,34938.0,6.8693
17197880118,metro,3.49,31,0,47647.0,6.5062
17197880119,metro,3.49,27,0,42597.0,6.3385
17197880122,metro,3.49,18,0,35732.0,5.0375
17197880123,metro,3.49,24,0,36210.0,6.628
17197880124,metro,3.49,22,0,34342.0,6.4061
17197880125,metro,3.49,18,0,30259.0,5.9486
17197880202,metro,3.49,18,0,24057.0,7.4822
17197880203,metro,3.49,15,0,20709.0,7.2432
17197880204,metro,3.49,15,0,25669.0,5.8436
17197880303,metro,3.49,34,0,37630.0,9.0353
17197880304,metro,3.49,37,0,39358.0,9.4009
17197880305,metro,3.49,30,0,36424.0,8.2363
17197880307,metro,3.49,27,0,43394.0,6.2221
17197880309,metro,3.49,17,0,36221.0,4.6934
17197880314,metro,3.49,8,0,18492.0,4.3262
17197880315,metro,3.49,24,0,32754.0,7.3273
17197880316,metro,3.49,26,0,34017.0,7.6432
17197880317,metro,3.49,15,0,32397.0,4.6301
17197880318,metro,3.49,20,0,23749.0,8.4214
17197880319,metro,3.49,20,0,28518.0,7.0131
17197880320,metro,3.49,10,0,18447.0,5.4209
17197880321,metro,3.49,8,0,19839.0,4.0325
17197880322,metro,3.49,17,0,29978.0,5.6708
17197880323,metro,3.49,25,0,39364.0,6.351
17197880324,metro,3.49,25,0,39129.0,6.3891
17197880325,metro,3.49,26,0,36159.0,7.1905
17197880326,metro,3.49,21,0,39407.0,5.329
17197880408,metro,3.49,16,0,24823.0,6.4456
17197880411,metro,3.49,18,0,23836.0,7.5516
17197880412,metro,3.49,37,0,40365.0,9.1664
17197880414,metro,3.49,37,0,35269.0,10.4908
17197880416,metro,3.49,35,0,38604.0,9.0664
17197880417,metro,3.49,29,0,31248.0,9.2806
17197880418,metro,3.49,30,0,30406.0,9.8665
17197880421,metro,3.49,20,0,24742.0,8.0834
17197880422,metro,3.49,14,0,18768.0,7.4595
17197880423,metro,3.49,11,0,21739.0,5.06
17197880424,metro,3.49,11,0,14025.0,7.8431
17197880425,metro,3.49,20,0,28999.0,6.8968
17197880426,metro,3.49,20,0,25893.0,7.7241
17197880427,metro,3.49,33,0,35475.0,9.3023
17197880428,metro,3.49,22,0,31284.0,7.0323
17197880429,metro,3.49,31,0,27706.0,11.1889
17197880430,metro,3.49,20,0,25318.0,7.8995
17197880431,metro,3.49,15,0,19578.0,7.6617
17197880432,metro,3.49,19,0,21929.0,8.6643
17197880502,metro,3.49,13,0,20182.0,6.4414
17197880503,metro,3.49,13,0,23561.0,5.5176
17197880508,metro,3.49,11,0,24242.0,4.5376
17197880509,metro,3.49,11,0,19701.0,5.5835
17197880510,metro,3.49,11,0,27355.0,4.0212
17197880511,metro,3.49,13,0,28280.0,4.5969
17197880601,metro,3.49,7,0,17076.0,4.0993
17197880602,metro,3.49,7,0,17891.0,3.9126
17197880701,metro,3.49,7,0,20373.0,3.4359
17197880702,metro,3.49,13,0,30157.0,4.3108
17197880901,metro,3.49,22,0,34988.0,6.2879
17197880903,metro,3.49,31,0,38199.0,8.1154
17197880905,metro,3.49,25,0,40951.0,6.1049
17197881001,metro,3.49,15,0,19649.0,7.634
17197881002,metro,3.49,21,0,17446.0,12.0371
17197881005,metro,3.49,19,0,17974.0,10.5708
17197881006,metro,3.49,21,0,14358.0,14.626
17197881007,metro,3.49,13,0,16462.0,7.897
17197881009,metro,3.49,7,0,18963.0,3.6914
17197881010,metro,3.49,9,0,19030.0,4.7294
17197881011,metro,3.49,20,0,20125.0,9.9379
17197881012,metro,3.49,18,0,20125.0,8.9441
17197881105,metro,3.49,18,0,20056.0,8.9749
17197881107,metro,3.49,11,0,16527.0,6.6558
17197881108,metro,3.49,9,0,23752.0,3.7892
17197881109,metro,3.49,9,0,12091.0,7.4436
17197881111,metro,3.49,13,0,17001.0,7.6466
17197881112,metro,3.49,11,0,13657.0,8.0545
17197881113,metro,3.49,16,0,16908.0,9.463
17197881115,metro,3.49,18,0,18707.0,9.6221
17197881116,metro,3.49,20,0,19100.0,10.4712
17197881201,metro,3.49,13,0,31880.0,4.0778
17197881202,metro,3.49,9,0,27205.0,3.3082
17197881301,metro,3.49,16,0,38212.0,4.1872
17197881302,metro,3.49,16,0,35142.0,4.553
17197881401,metro,3.49,19,0,41407.0,4.5886
17197881402,metro,3.49,28,0,43287.0,6.4685
17197881500,metro,3.49,29,0,40046.0,7.2417
17197881601,metro,3.49,34,0,38823.0,8.7577
17197881603,metro,3.49,37,0,40293.0,9.1827
17197881604,metro,3.49,36,0,41599.0,8.6541
17197881700,metro,3.49,28,0,38909.0,7.1963
17197881800,metro,3.49,25,0,41646.0,6.003
17197881900,metro,3.49,20,0,38986.0,5.13
17197882000,metro,3.49,18,0,34843.0,5.166
17197882100,metro,3.49,14,0,31715.0,4.4143
17197882200,metro,3.49,8,0,30426.0,2.6293
17197882300,metro,3.49,9,0,25315.0,3.5552
17197882400,metro,3.49,11,0,30656.0,3.5882
17197882500,metro,3.49,17,0,30860.0,5.5087
17197882601,metro,3.49,26,0,35325.0,7.3602
17197882602,metro,3.49,20,0,36205.0,5.5241
17197882701,metro,3.49,26,0,38576.0,6.7399
17197882702,metro,3.49,24,0,37983.0,6.3186
17197882801,metro,3.49,27,0,37362.0,7.2266
17197882802,metro,3.49,30,0,35219.0,8.5181
17197882900,metro,3.49,23,0,28567.0,8.0512
17197883000,metro,3.49,7,0,24392.0,2.8698
17197883100,metro,3.49,9,0,12913.0,6.9697
17197883206,metro,3.49,37,0,40541.0,9.1266
17197883208,metro,3.49,39,0,42463.0,9.1845
17197883209,metro,3.49,42,0,40370.0,10.4038
17197883210,metro,3.49,39,0,32775.0,11.8993
17197883211,metro,3.49,20,0,15169.0,13.1848
17197883212,metro,3.49,11,0,11562.0,9.5139
17197883213,metro,3.49,15,0,21354.0,7.0244
17197883214,metro,3.49,37,0,31933.0,11.5868
17197883216,metro,3.49,30,0,26004.0,11.5367
17197883217,metro,3.49,31,0,30603.0,10.1297
17197883218,metro,3.49,18,0,21279.0,8.459
17197883219,metro,3.49,17,0,22799.0,7.4565
17197883303,metro,3.49,8,0,5681.0,14.082
17197883304,metro,3.49,0,0,701.0,0.0
17197883305,metro,3.49,6,0,5681.0,10.5615
17197883306,metro,3.49,3,0,3440.0,8.7209
17197883307,metro,3.49,1,0,1541.0,6.4893
17197883401,metro,3.49,3,0,2473.0,12.131
17197883402,metro,3.49,2,0,2473.0,8.0873
17197883504,metro,3.49,23,0,14996.0,15.3374
17197883505,metro,3.49,16,0,14069.0,11.3725
17197883507,metro,3.49,0,0,1447.0,0.0
17197883509,metro,3.49,4,0,4295.0,9.3132
17197883510,metro,3.49,6,0,7658.0,7.8349
17197883511,metro,3.49,25,0,24649.0,10.1424
17197883513,metro,3.49,33,0,25526.0,12.928
17197883514,metro,3.49,35,0,32505.0,10.7676
17197883515,metro,3.49,27,0,18883.0,14.2986
17197883516,metro,3.49,24,0,14688.0,16.3399
17197883517,metro,3.49,32,0,18939.0,16.8964
17197883519,metro,3.49,27,0,24095.0,11.2056
17197883521,metro,3.49,30,0,27675.0,10.8401
17197883522,metro,3.49,31,0,24822.0,12.4889
17197883602,metro,3.49,1,0,4781.0,2.0916
17197883603,metro,3.49,10,0,22848.0,4.3768
17197883605,metro,3.49,7,0,21862.0,3.2019
17197883606,metro,3.49,4,0,16350.0,2.4465
17197883700,metro,3.49,11,0,22106.0,4.976
17197883803,metro,3.49,12,0,28497.0,4.211
17197883804,metro,3.49,9,0,21596.0,4.1674
17197883806,metro,3.49,2,0,6044.0,3.3091
17197883808,metro,3.49,1,0,3011.0,3.3212
17197883809,metro,3.49,2,0,4566.0,4.3802
17197883810,metro,3.49,9,0,16044.0,5.6096
17197883811,metro,3.49,6,0,10837.0,5.5366
17197883902,metro,3.49,2,0,2281.0,8.7681
17197883903,metro,3.49,1,0,643.0,15.5521
17197883904,metro,3.49,2,0,1881.0,10.6326
17197884003,metro,3.49,7,0,2899.0,24.1463
17197884004,metro,3.49,2,0,2899.0,6.8989
17197884005,metro,3.49,0,0,498.0,0.0
17197884006,metro,3.49,0,0,719.0,0.0
17197884101,metro,3.49,14,0,26248.0,5.3337
17197884103,metro,3.49,14,0,31023.0,4.5128
17197980000,metro,3.49,1,0,0.0,
17197980100,metro,3.49,17,0,38016.0,4.4718
17199020100,micro,13.14,64,0,48549.0,13.1826
17199020201,micro,13.14,56,0,47914.0,11.6876
17199020202,micro,13.14,58,0,46855.0,12.3786
17199020300,micro,13.14,52,0,42491.0,12.2379
17199020400,micro,13.14,57,0,46208.0,12.3355
17199020500,micro,13.14,55,0,45561.0,12.0717
17199020600,micro,13.14,59,0,49096.0,12.0173
17199020700,micro,13.14,53,0,38092.0,13.9137
17199020801,micro,13.14,36,0,30741.0,11.7107
17199020802,micro,13.14,25,0,19803.0,12.6243
17199020900,micro,13.14,44,0,33686.0,13.0618
17199021001,micro,13.14,43,0,33686.0,12.7649
17199021002,micro,13.14,51,0,42677.0,11.9502
17199021003,micro,13.14,45,0,37193.0,12.0991
17199021100,micro,13.14,44,0,33686.0,13.0618
17199021200,micro,13.14,44,0,38815.0,11.3358
17199021300,micro,13.14,39,0,27660.0,14.0998
17199021400,micro,13.14,49,0,39875.0,12.2884
17201000101,metro,3.49,14,1,20881.0,6.7047
17201000103,metro,3.49,17,2,26101.0,6.5132
17201000104,metro,3.49,21,2,28471.0,7.3759
17201000105,metro,3.49,15,1,23862.0,6.2861
17201000200,metro,3.49,23,2,36732.0,6.2616
17201000300,metro,3.49,28,3,47861.0,5.8503
17201000401,metro,3.49,31,4,50159.0,6.1803
17201000402,metro,3.49,37,4,53048.0,6.9748
17201000403,metro,3.49,40,5,47337.0,8.45
17201000501,metro,3.49,22,2,34613.0,6.356
17201000502,metro,3.49,29,3,37163.0,7.8035
17201000506,metro,3.49,32,2,41883.0,7.6403
17201000507,metro,3.49,33,2,41197.0,8.0103
17201000510,metro,3.49,27,1,25231.0,10.7011
17201000511,metro,3.49,29,2,30670.0,9.4555
17201000512,metro,3.49,18,1,20585.0,8.7442
17201000513,metro,3.49,26,2,25562.0,10.1713
17201000514,metro,3.49,16,1,12727.0,12.5717
17201000515,metro,3.49,29,2,35459.0,8.1785
17201000516,metro,3.49,33,1,38381.0,8.598
17201000600,metro,3.49,34,4,49252.0,6.9033
17201000700,metro,3.49,26,4,52682.0,4.9353
17201000800,metro,3.49,25,4,50057.0,4.9943
17201001000,metro,3.49,17,3,38352.0,4.4326
17201001100,metro,3.49,22,4,44174.0,4.9803
17201001200,metro,3.49,19,3,42188.0,4.5037
17201001300,metro,3.49,23,3,49700.0,4.6278
17201001400,metro,3.49,26,3,48145.0,5.4004
17201001500,metro,3.49,30,3,48838.0,6.1428
17201001600,metro,3.49,27,2,40902.0,6.6011
17201001700,metro,3.49,26,3,40193.0,6.4688
17201001800,metro,3.49,21,3,38342.0,5.477
17201001900,metro,3.49,19,2,34493.0,5.5084
17201002000,metro,3.49,14,3,27713.0,5.0518
17201002100,metro,3.49,11,3,33094.0,3.3239
17201002200,metro,3.49,7,2,23034.0,3.039
17201002301,metro,3.49,6,2,17929.0,3.3465
17201002302,metro,3.49,2,0,10875.0,1.8391
17201002400,metro,3.49,8,2,22020.0,3.6331
17201002500,metro,3.49,10,2,30779.0,3.249
17201002600,metro,3.49,14,3,41868.0,3.3438
17201002700,metro,3.49,11,3,33530.0,3.2806
17201002800,metro,3.49,12,3,37575.0,3.1936
17201002900,metro,3.49,22,4,46513.0,4.7299
17201003000,metro,3.49,23,4,47715.0,4.8203
17201003100,metro,3.49,19,2,43880.0,4.33
17201003200,metro,3.49,12,2,32248.0,3.7212
17201003300,metro,3.49,14,2,33436.0,4.1871
17201003400,metro,3.49,21,2,39442.0,5.3243
17201003500,metro,3.49,23,2,43871.0,5.2426
17201003601,metro,3.49,5,2,15277.0,3.2729
17201003602,metro,3.49,12,2,27023.0,4.4407
17201003604,metro,3.49,17,3,32727.0,5.1945
17201003605,metro,3.49,13,3,31167.0,4.1711
17201003606,metro,3.49,21,3,35536.0,5.9095
17201003705,metro,3.49,0,0,7306.0,0.0
17201003706,metro,3.49,8,1,16862.0,4.7444
17201003707,metro,3.49,8,0,15072.0,5.3079
17201003708,metro,3.49,17,2,30537.0,5.567
17201003709,metro,3.49,23,2,30751.0,7.4794
17201003710,metro,3.49,16,1,21255.0,7.5276
17201003711,metro,3.49,1,0,3511.0,2.8482
17201003801,metro,3.49,0,1,4049.0,0.0
17201003805,metro,3.49,14,1,11655.0,12.012
17201003806,metro,3.49,7,0,7060.0,9.915
17201003808,metro,3.49,16,1,24299.0,6.5846
17201003809,metro,3.49,28,2,27915.0,10.0304
17201003810,metro,3.49,16,1,18868.0,8.48
17201003811,metro,3.49,12,0,15758.0,7.6152
17201003901,metro,3.49,1,0,4970.0,2.0121
17201003903,metro,3.49,5,0,7937.0,6.2996
17201003904,metro,3.49,8,0,12162.0,6.5779
17201004002,metro,3.49,9,0,12450.0,7.2289
17201004003,metro,3.49,5,0,13288.0,3.7628
17201004004,metro,3.49,6,1,18368.0,3.2666
17201004005,metro,3.49,11,0,10973.0,10.0246
17201004100,metro,3.49,1,0,2171.0,4.6062
17201004200,metro,3.49,4,0,2289.0,17.4749
17201004300,metro,3.49,2,0,2077.0,9.6293
17201980000,metro,3.49,3,1,7945.0,3.776
17203030100,metro,3.49,0,0,1034.0,0.0
17203030200,metro,3.49,1,0,1149.0,8.7032
17203030300,metro,3.49,2,0,939.0,21.2993
17203030400,metro,3.49,3,0,2071.0,14.4858
17203030501,metro,3.49,1,0,3817.0,2.6199
17203030502,metro,3.49,1,0,5430.0,1.8416
17203030601,metro,3.49,4,0,2541.0,15.7418
17203030602,metro,3.49,0,0,1355.0,0.0
17203030700,metro,3.49,3,0,1779.0,16.8634
55001950100,rural,20.81,32,2,35231.0,9.0829
55001950201,rural,20.81,19,0,19748.0,9.6212
55001950203,rural,20.81,31,1,31875.0,9.7255
55001950204,rural,20.81,22,0,26997.0,8.1491
55001950400,rural,20.81,22,0,20840.0,10.5566
55001950501,rural,20.81,22,0,18348.0,11.9904
55001950502,rural,20.81,22,0,27370.0,8.038
55001950700,rural,20.81,38,2,42147.0,9.0161
55003940000,rural,20.81,7,1,8187.0,8.5501
55003950300,rural,20.81,9,1,6808.0,13.2197
55003950400,rural,20.81,9,1,6808.0,13.2197
55003950500,rural,20.81,8,1,7448.0,10.7411
55003950600,rural,20.81,3,0,3991.0,7.5169
55003950700,rural,20.81,5,1,4179.0,11.9646
55003950800,rural,20.81,2,0,2684.0,7.4516
55003990000,rural,20.81,0,0,1355.0,0.0
55005000100,micro,13.14,15,1,12251.0,12.2439
55005000200,micro,13.14,5,0,5769.0,8.667
55005000300,micro,13.14,8,0,8601.0,9.3012
55005000400,micro,13.14,16,1,13697.0,11.6814
55005000500,micro,13.14,12,1,11841.0,10.1343
55005000601,micro,13.14,14,1,13535.0,10.3436
55005000602,micro,13.14,13,1,11841.0,10.9788
55005000800,micro,13.14,15,1,14351.0,10.4522
55005000900,micro,13.14,8,0,7821.0,10.2289
55005001001,micro,13.14,9,0,5146.0,17.4893
55005001003,micro,13.14,16,1,12630.0,12.6683
55005001004,micro,13.14,9,1,8270.0,10.8827
55007960100,rural,20.81,7,1,4294.0,16.3018
55007960200,rural,20.81,7,0,5755.0,12.1633
55007960300,rural,20.81,9,1,9044.0,9.9513
55007960401,rural,20.81,9,0,8027.0,11.2122
55007960402,rural,20.81,10,1,9913.0,10.0878
55007960600,rural,20.81,6,1,9118.0,6.5804
55007990000,rural,20.81,1,0,2236.0,4.4723
55009000100,metro,3.49,12,3,26905.0,4.4601
55009000200,metro,3.49,24,5,32772.0,7.3233
55009000302,metro,3.49,31,6,32214.0,9.6231
55009000303,metro,3.49,23,6,31726.0,7.2496
55009000401,metro,3.49,28,7,37611.0,7.4446
55009000402,metro,3.49,29,7,38066.0,7.6183
55009000500,metro,3.49,27,8,38147.0,7.0779
55009000600,metro,3.49,31,7,36306.0,8.5385
55009000700,metro,3.49,31,6,42666.0,7.2657
55009000800,metro,3.49,29,8,37422.0,7.7495
55009000900,metro,3.49,16,5,34639.0,4.6191
55009001000,metro,3.49,24,7,39545.0,6.069
55009001100,metro,3.49,17,5,35311.0,4.8144
55009001200,metro,3.49,22,6,34605.0,6.3575
55009001300,metro,3.49,25,7,46334.0,5.3956
55009001400,metro,3.49,21,7,43005.0,4.8832
55009001600,metro,3.49,19,4,33608.0,5.6534
55009001701,metro,3.49,12,4,28586.0,4.1979
55009001702,metro,3.49,14,3,24949.0,5.6114
55009001801,metro,3.49,4,3,14938.0,2.6777
55009001802,metro,3.49,1,1,13592.0,0.7357
55009002001,metro,3.49,18,4,33365.0,5.3949
55009002002,metro,3.49,13,4,29250.0,4.4444
55009002003,metro,3.49,6,3,16927.0,3.5446
55009010100,metro,3.49,21,4,22806.0,9.2081
55009010201,metro,3.49,17,3,19744.0,8.6102
55009010202,metro,3.49,11,2,17010.0,6.4668
55009010300,metro,3.49,7,2,11710.0,5.9778
55009020100,metro,3.49,0,0,2371.0,0.0
55009020203,metro,3.49,0,1,2525.0,0.0
55009020204,metro,3.49,2,2,2201.0,9.0868
55009020502,metro,3.49,12,3,14823.0,8.0955
55009020504,metro,3.49,7,2,9028.0,7.7537
55009020505,metro,3.49,15,4,19627.0,7.6425
55009020506,metro,3.49,8,2,8839.0,9.0508
55009020600,metro,3.49,0,0,2041.0,0.0
55009020702,metro,3.49,0,0,2635.0,0.0
55009020703,metro,3.49,6,2,14282.0,4.2011
55009020704,metro,3.49,13,2,26218.0,4.9584
55009020800,metro,3.49,29,8,45970.0,6.3085
55009020900,metro,3.49,27,6,38627.0,6.9899
55009021000,metro,3.49,25,6,30793.0,8.1187
55009021200,metro,3.49,22,5,28536.0,7.7096
55009021301,metro,3.49,31,7,32333.0,9.5877
55009021302,metro,3.49,21,5,25250.0,8.3168
55009021303,metro,3.49,28,8,32649.0,8.5761
55009021304,metro,3.49,19,4,32637.0,5.8216
55009021400,metro,3.49,1,0,3336.0,2.9976
55009021500,metro,3.49,0,0,1194.0,0.0
55009021600,metro,3.49,1,0,2441.0,4.0967
55009940002,metro,3.49,14,4,16544.0,8.4623
55009940003,metro,3.49,23,5,29036.0,7.9212
55009940004,metro,3.49,25,5,29160.0,8.5734
55009940005,metro,3.49,4,0,8833.0,4.5285
55009940006,metro,3.49,2,0,8355.0,2.3938
55009940007,metro,3.49,3,0,8355.0,3.5907
55009940008,metro,3.49,9,2,13428.0,6.7024
55009980000,metro,3.49,29,7,32077.0,9.0407
55011960100,rural,20.81,20,0,13563.0,14.746
55011960200,rural,20.81,37,4,49844.0,7.4232
55011960300,rural,20.81,14,0,8850.0,15.8192
55011960400,rural,20.81,16,0,8467.0,18.8969
55011960500,rural,20.81,18,0,11658.0,15.44
55013970400,rural,20.81,10,0,8051.0,12.4208
55013970600,rural,20.81,15,0,14263.0,10.5167
55013970700,rural,20.81,9,0,8770.0,10.2623
55013970800,rural,20.81,12,0,11479.0,10.4539
55013970900,rural,20.81,12,0,7447.0,16.1139
55013971000,rural,20.81,12,1,10970.0,10.9389
55015020100,metro,3.49,2,0,2020.0,9.901
55015020200,metro,3.49,0,0,1332.0,0.0
55015020303,metro,3.49,19,2,40550.0,4.6856
55015020304,metro,3.49,18,2,40918.0,4.399
55015020306,metro,3.49,1,0,4938.0,2.0251
55015020308,metro,3.49,7,1,19530.0,3.5842
55015020400,metro,3.49,0,0,1501.0,0.0
55015020500,metro,3.49,3,0,2362.0,12.7011
55015020600,metro,3.49,2,1,2224.0,8.9928
55015020700,metro,3.49,8,1,24264.0,3.2971
55015020800,metro,3.49,17,2,30542.0,5.5661
55017010100,metro,3.49,4,1,10445.0,3.8296
55017010200,metro,3.49,6,1,6794.0,8.8313
55017010300,metro,3.49,4,1,8139.0,4.9146
55017010400,metro,3.49,0,0,2096.0,0.0
55017010500,metro,3.49,6,1,8724.0,6.8776
55017010700,metro,3.49,3,0,6191.0,4.8457
55017010800,metro,3.49,2,0,2179.0,9.1785
55017010900,metro,3.49,0,0,2371.0,0.0
55017011001,metro,3.49,0,0,1361.0,0.0
55017011002,metro,3.49,0,0,1796.0,0.0
55017011100,metro,3.49,0,0,1729.0,0.0
55017011200,metro,3.49,3,1,2622.0,11.4416
55019950100,rural,20.81,25,1,18266.0,13.6866
55019950200,rural,20.81,22,2,16696.0,13.1768
55019950300,rural,20.81,13,1,12074.0,10.7669
55019950400,rural,20.81,17,2,13256.0,12.8244
55019950500,rural,20.81,29,3,27819.0,10.4245
55019950600,rural,20.81,17,4,22546.0,7.5401
55019950700,rural,20.81,12,1,14394.0,8.3368
55019950800,rural,20.81,16,1,13120.0,12.1951
55021970100,metro,3.49,0,0,1660.0,0.0
55021970200,metro,3.49,2,0,2110.0,9.4787
55021970300,metro,3.49,0,0,1902.0,0.0
55021970401,metro,3.49,5,0,2691.0,18.5805
55021970402,metro,3.49,5,1,5283.0,9.4643
55021970500,metro,3.49,5,1,4280.0,11.6822
55021970600,metro,3.49,1,1,3601.0,2.777
55021970700,metro,3.49,1,0,1904.0,5.2521
55021970800,metro,3.49,2,1,2610.0,7.6628
55021970900,metro,3.49,0,0,2079.0,0.0
55021971000,metro,3.49,0,0,1716.0,0.0
55021971100,metro,3.49,1,0,1358.0,7.3638
55021971200,metro,3.49,2,1,2527.0,7.9145
55023960100,rural,20.81,21,1,14930.0,14.0656
55023960200,rural,20.81,16,1,12786.0,12.5137
55023960300,rural,20.81,22,0,14478.0,15.1955
55023960400,rural,20.81,24,0,10209.0,23.5087
55023960500,rural,20.81,16,0,6971.0,22.9522
55023960600,rural,20.81,15,0,7358.0,20.386
55025000100,metro,3.49,37,5,42638.0,8.6777
55025000201,metro,3.49,39,5,52349.0,7.45
55025000202,metro,3.49,39,4,53999.0,7.2224
55025000204,metro,3.49,37,4,45910.0,8.0592
55025000205,metro,3.49,36,4,39982.0,9.0041
55025000301,metro,3.49,33,6,54703.0,6.0326
55025000302,metro,3.49,36,6,58257.0,6.1795
55025000401,metro,3.49,29,5,67601.0,4.2899
55025000402,metro,3.49,36,5,56573.0,6.3635
55025000406,metro,3.49,27,4,43415.0,6.219
55025000407,metro,3.49,31,4,53427.0,5.8023
55025000408,metro,3.49,37,5,55432.0,6.6748
55025000409,metro,3.49,27,4,46704.0,5.7811
55025000410,metro,3.49,38,5,50139.0,7.5789
55025000501,metro,3.49,29,4,54444.0,5.3266
55025000504,metro,3.49,25,3,37898.0,6.5967
55025000505,metro,3.49,23,3,42442.0,5.4192
55025000506,metro,3.49,23,4,43489.0,5.2887
55025000600,metro,3.49,25,3,52438.0,4.7675
55025000700,metro,3.49,27,5,60852.0,4.437
55025000800,metro,3.49,31,5,65307.0,4.7468
55025000901,metro,3.49,24,5,63158.0,3.8
55025000902,metro,3.49,23,5,62226.0,3.6962
55025001000,metro,3.49,28,5,61213.0,4.5742
55025001101,metro,3.49,22,4,53771.0,4.0914
55025001102,metro,3.49,19,4,57505.0,3.3041
55025001200,metro,3.49,26,5,60789.0,4.2771
55025001300,metro,3.49,28,5,59447.0,4.7101
55025001401,metro,3.49,23,5,55630.0,4.1345
55025001402,metro,3.49,29,4,60983.0,4.7554
55025001404,metro,3.49,15,4,44323.0,3.3842
55025001405,metro,3.49,13,1,29822.0,4.3592
55025001501,metro,3.49,22,6,48800.0,4.5082
55025001502,metro,3.49,19,5,40730.0,4.6649
55025001603,metro,3.49,24,5,64163.0,3.7405
55025001604,metro,3.49,24,4,61517.0,3.9014
55025001605,metro,3.49,25,5,60825.0,4.1102
55025001606,metro,3.49,24,5,64163.0,3.7405
55025001704,metro,3.49,26,4,60535.0,4.295
55025001706,metro,3.49,23,4,64585.0,3.5612
55025001707,metro,3.49,20,4,63012.0,3.174
55025001802,metro,3.49,21,6,58826.0,3.5699
55025001804,metro,3.49,20,6,64173.0,3.1166
55025001901,metro,3.49,22,6,62679.0,3.5099
55025001902,metro,3.49,23,7,58463.0,3.9341
55025002000,metro,3.49,22,5,58046.0,3.7901
55025002100,metro,3.49,21,5,52470.0,4.0023
55025002200,metro,3.49,16,3,38416.0,4.1649
55025002301,metro,3.49,5,1,26292.0,1.9017
55025002302,metro,3.49,3,1,15881.0,1.889
55025002401,metro,3.49,5,1,15780.0,3.1686
55025002402,metro,3.49,11,2,26656.0,4.1267
55025002500,metro,3.49,15,2,34711.0,4.3214
55025002601,metro,3.49,17,4,40604.0,4.1868
55025002602,metro,3.49,16,3,31051.0,5.1528
55025002603,metro,3.49,16,3,31059.0,5.1515
55025002700,metro,3.49,25,5,44824.0,5.5774
55025002800,metro,3.49,21,3,47524.0,4.4188
55025002900,metro,3.49,15,4,38453.0,3.9009
55025003001,metro,3.49,14,2,40748.0,3.4358
55025003002,metro,3.49,17,3,40402.0,4.2077
55025003100,metro,3.49,8,2,28664.0,2.791
55025003200,metro,3.49,18,5,57322.0,3.1402
55025010100,metro,3.49,25,4,61331.0,4.0762
55025010200,metro,3.49,16,4,45682.0,3.5025
55025010300,metro,3.49,19,4,54363.0,3.495
55025010400,metro,3.49,19,4,50922.0,3.7312
55025010501,metro,3.49,7,3,18683.0,3.7467
55025010503,metro,3.49,1,1,7908.0,1.2645
55025010504,metro,3.49,6,2,18484.0,3.2461
55025010600,metro,3.49,1,1,6246.0,1.601
55025010701,metro,3.49,12,2,24337.0,4.9308
55025010702,metro,3.49,5,1,14583.0,3.4286
55025010801,metro,3.49,9,1,30049.0,2.9951
55025010802,metro,3.49,5,1,20316.0,2.4611
55025010903,metro,3.49,22,2,30082.0,7.3133
55025010905,metro,3.49,29,3,34282.0,8.4592
55025010906,metro,3.49,26,2,21774.0,11.9408
55025010907,metro,3.49,5,0,18579.0,2.6912
55025010908,metro,3.49,2,0,3880.0,5.1546
55025011000,metro,3.49,36,4,36061.0,9.9831
55025011101,metro,3.49,35,3,28464.0,12.2962
55025011103,metro,3.49,9,1,13129.0,6.8551
55025011104,metro,3.49,11,1,17627.0,6.2404
55025011201,metro,3.49,3,2,9380.0,3.1983
55025011202,metro,3.49,5,1,8511.0,5.8748
55025011301,metro,3.49,6,1,6924.0,8.6655
55025011302,metro,3.49,6,1,8576.0,6.9963
55025011403,metro,3.49,12,2,21365.0,5.6167
55025011404,metro,3.49,14,2,16383.0,8.5454
55025011405,metro,3.49,16,2,25591.0,6.2522
55025011406,metro,3.49,14,2,27057.0,5.1743
55025011407,metro,3.49,6,1,17684.0,3.3929
55025011504,metro,3.49,12,1,20477.0,5.8602
55025011505,metro,3.49,10,1,16198.0,6.1736
55025011506,metro,3.49,14,1,20477.0,6.8369
55025011507,metro,3.49,10,1,19204.0,5.2072
55025011508,metro,3.49,10,1,16198.0,6.1736
55025011600,metro,3.49,5,0,16198.0,3.0868
55025011700,metro,3.49,4,0,10384.0,3.8521
55025011800,metro,3.49,1,0,2331.0,4.29
55025011900,metro,3.49,4,0,2672.0,14.9701
55025012002,metro,3.49,0,0,2169.0,0.0
55025012003,metro,3.49,5,0,8795.0,5.685
55025012004,metro,3.49,4,0,4235.0,9.4451
55025012100,metro,3.49,0,0,921.0,0.0
55025012201,metro,3.49,4,1,5840.0,6.8493
55025012202,metro,3.49,4,1,5840.0,6.8493
55025012300,metro,3.49,4,1,5840.0,6.8493
55025012400,metro,3.49,4,0,4873.0,8.2085
55025012501,metro,3.49,6,0,7161.0,8.3787
55025012502,metro,3.49,6,0,5302.0,11.3165
55025012600,metro,3.49,0,0,1771.0,0.0
55025012700,metro,3.49,5,0,4913.0,10.1771
55025012800,metro,3.49,5,0,4913.0,10.1771
55025012900,metro,3.49,0,0,3404.0,0.0
55025013000,metro,3.49,3,0,3404.0,8.8132
55025013100,metro,3.49,2,0,1991.0,10.0452
55025013201,metro,3.49,0,0,1455.0,0.0
55025013202,metro,3.49,3,1,7713.0,3.8895
55025013301,metro,3.49,3,1,7713.0,3.8895
55025013302,metro,3.49,2,0,7713.0,2.593
55025013700,metro,3.49,5,0,9067.0,5.5145
55025991702,metro,3.49,18,4,53162.0,3.3859
55025991703,metro,3.49,19,5,60263.0,3.1528
55027960100,micro,13.14,18,0,21161.0,8.5062
55027960200,micro,13.14,29,1,26363.0,11.0003
55027960300,micro,13.14,25,1,21005.0,11.9019
55027960400,micro,13.14,23,1,21204.0,10.847
55027960500,micro,13.14,25,1,19453.0,12.8515
55027960600,micro,13.14,19,2,21594.0,8.7987
55027960700,micro,13.14,23,1,21161.0,10.8691
55027960800,micro,13.14,25,1,21161.0,11.8142
55027960900,micro,13.14,20,2,21161.0,9.4513
55027961000,micro,13.14,20,2,21161.0,9.4513
55027961100,micro,13.14,22,1,26653.0,8.2542
55027961200,micro,13.14,29,1,24705.0,11.7385
55027961300,micro,13.14,17,0,14838.0,11.4571
55027961400,micro,13.14,21,1,26200.0,8.0153
55027961500,micro,13.14,20,3,36540.0,5.4735
55027961600,micro,13.14,22,3,37739.0,5.8295
55027961700,micro,13.14,14,1,20743.0,6.7493
55027961800,micro,13.14,23,3,29741.0,7.7334
55027961900,micro,13.14,17,1,29358.0,5.7906
55027962000,micro,13.14,19,2,33245.0,5.7151
55029100100,rural,20.81,6,1,2750.0,21.8182
55029100300,rural,20.81,11,2,10407.0,10.5698
55029100400,rural,20.81,17,3,15301.0,11.1104
55029100500,rural,20.81,11,2,17703.0,6.2136
55029100600,rural,20.81,16,2,18671.0,8.5694
55029100700,rural,20.81,11,2,16442.0,6.6902
55029100800,rural,20.81,9,2,16442.0,5.4738
55029100900,rural,20.81,18,4,21290.0,8.4547
55029101000,rural,20.81,22,4,30819.0,7.1385
55029990000,rural,20.81,3,1,0.0,
55031020300,metro,3.49,6,1,9495.0,6.3191
55031020400,metro,3.49,6,1,9495.0,6.3191
55031020500,metro,3.49,6,1,9495.0,6.3191
55031020600,metro,3.49,6,1,11234.0,5.3409
55031020700,metro,3.49,4,1,5127.0,7.8018
55031020800,metro,3.49,6,1,10192.0,5.887
55031020900,metro,3.49,6,1,9423.0,6.3674
55031021000,metro,3.49,1,0,1897.0,5.2715
55031021100,metro,3.49,5,1,6928.0,7.2171
55031030101,metro,3.49,1,0,1620.0,6.1728
55031030102,metro,3.49,0,0,863.0,0.0
55031030200,metro,3.49,0,0,2051.0,0.0
55031030301,metro,3.49,0,0,1376.0,0.0
55031030302,metro,3.49,0,0,1046.0,0.0
55031990000,metro,3.49,0,0,0.0,
55033970100,micro,13.14,7,0,8054.0,8.6913
55033970200,micro,13.14,9,1,15326.0,5.8724
55033970300,micro,13.14,11,1,17965.0,6.123
55033970400,micro,13.14,18,3,30414.0,5.9183
55033970500,micro,13.14,12,1,15810.0,7.5901
55033970600,micro,13.14,12,1,12586.0,9.5344
55033970700,micro,13.14,10,1,15810.0,6.3251
55033970801,micro,13.14,13,1,15810.0,8.2226
55033970802,micro,13.14,11,1,15810.0,6.9576
55035000100,metro,3.49,0,0,1769.0,0.0
55035000200,metro,3.49,0,0,1804.0,0.0
55035000301,metro,3.49,0,0,1461.0,0.0
55035000302,metro,3.49,6,0,6862.0,8.7438
55035000401,metro,3.49,14,2,15123.0,9.2574
55035000402,metro,3.49,15,2,16822.0,8.9169
55035000501,metro,3.49,10,4,18158.0,5.5072
55035000502,metro,3.49,10,3,16472.0,6.0709
55035000600,metro,3.49,16,5,29881.0,5.3546
55035000700,metro,3.49,21,4,29583.0,7.0987
55035000801,metro,3.49,21,3,24177.0,8.6859
55035000802,metro,3.49,20,3,21278.0,9.3994
55035000803,metro,3.49,19,3,21454.0,8.8562
55035000900,metro,3.49,17,4,24400.0,6.9672
55035001101,metro,3.49,19,5,28211.0,6.735
55035001200,metro,3.49,15,4,23101.0,6.4932
55035001300,metro,3.49,9,2,17323.0,5.1954
55035001401,metro,3.49,9,3,21636.0,4.1597
55035001402,metro,3.49,12,4,23521.0,5.1018
55035001500,metro,3.49,3,1,5476.0,5.4785
55035001600,metro,3.49,0,0,2357.0,0.0
55035001700,metro,3.49,19,4,26092.0,7.2819
55037190101,micro,13.14,2,0,1435.0,13.9373
55037190102,micro,13.14,5,0,1633.0,30.6185
55037190200,micro,13.14,2,0,2197.0,9.1033
55039040100,metro,3.49,15,2,18668.0,8.0351
55039040200,metro,3.49,15,2,20922.0,7.1695
55039040300,metro,3.49,15,2,20922.0,7.1695
55039040400,metro,3.49,15,2,22764.0,6.5894
55039040500,metro,3.49,15,2,22764.0,6.5894
55039040700,metro,3.49,12,2,14154.0,8.4782
55039040800,metro,3.49,14,2,20103.0,6.9641
55039040900,metro,3.49,14,2,20103.0,6.9641
55039041000,metro,3.49,14,2,20103.0,6.9641
55039041101,metro,3.49,9,1,9777.0,9.2053
55039041102,metro,3.49,12,1,18668.0,6.4281
55039041300,metro,3.49,12,1,14044.0,8.5446
55039041400,metro,3.49,0,0,2455.0,0.0
55039041500,metro,3.49,5,0,3851.0,12.9836
55039041600,metro,3.49,5,0,3851.0,12.9836
55039041700,metro,3.49,2,0,1434.0,13.947
55039041800,metro,3.49,3,0,1835.0,16.3488
55039041901,metro,3.49,1,0,1485.0,6.734
55039041902,metro,3.49,0,0,1436.0,0.0
55039042001,metro,3.49,0,0,1282.0,0.0
55039042002,metro,3.49,0,0,2374.0,0.0
55039042100,metro,3.49,1,0,1943.0,5.1467
55039042200,metro,3.49,1,0,2384.0,4.1946
55041950100,rural,20.81,7,1,6561.0,10.6691
55041950200,rural,20.81,3,1,6518.0,4.6026
55041950300,rural,20.81,2,1,4572.0,4.3745
55041950400,rural,20.81,2,1,7249.0,2.759
55043960100,micro,13.14,14,0,7943.0,17.6256
55043960200,micro,13.14,9,0,7698.0,11.6913
55043960300,micro,13.14,14,0,6734.0,20.79
55043960400,micro,13.14,13,0,6321.0,20.5664
55043960500,micro,13.14,13,0,4608.0,28.2118
55043960600,micro,13.14,19,0,8730.0,21.764
55043960700,micro,13.14,14,0,7479.0,18.7191
55043960800,micro,13.14,18,0,12050.0,14.9378
55043960900,micro,13.14,14,0,10024.0,13.9665
55043961000,micro,13.14,18,0,10024.0,17.9569
55043961100,micro,13.14,17,0,12338.0,13.7786
55043961200,micro,13.14,18,0,10416.0,17.2811
55045960100,metro,3.49,0,0,2690.0,0.0
55045960200,metro,3.49,0,0,2298.0,0.0
55045960300,metro,3.49,0,0,1945.0,0.0
55045960400,metro,3.49,5,1,6968.0,7.1757
55045960500,metro,3.49,5,1,6968.0,7.1757
55045960600,metro,3.49,5,1,6968.0,7.1757
55045960700,metro,3.49,5,1,6968.0,7.1757
55045960800,metro,3.49,1,0,1874.0,5.3362
55047100100,rural,20.81,43,7,57632.0,7.4611
55047100200,rural,20.81,42,6,48591.0,8.6436
55047100300,rural,20.81,30,2,29281.0,10.2456
55047100400,rural,20.81,33,1,33864.0,9.7449
55047100500,rural,20.81,36,1,28456.0,12.6511
55047100600,rural,20.81,42,2,38227.0,10.987
55049950100,metro,3.49,0,0,1700.0,0.0
55049950200,metro,3.49,0,0,1282.0,0.0
55049950300,metro,3.49,1,0,1224.0,8.1699
55049950400,metro,3.49,3,0,2427.0,12.3609
55049950500,metro,3.49,1,0,1995.0,5.0125
55049950600,metro,3.49,2,0,1490.0,13.4228
55051180100,rural,20.81,1,2,2000.0,5.0
55051180200,rural,20.81,3,2,4482.0,6.6934
55051180300,rural,20.81,3,2,6154.0,4.8749
55051990000,rural,20.81,3,1,3349.0,8.9579
55053960100,rural,20.81,11,1,14261.0,7.7133
55053960200,rural,20.81,15,1,12653.0,11.8549
55053960300,rural,20.81,20,0,17402.0,11.4929
55053960400,rural,20.81,20,1,20216.0,9.8932
55053960500,rural,20.81,11,0,12763.0,8.6187
55055100100,micro,13.14,24,3,34853.0,6.8861
55055100200,micro,13.14,19,2,34864.0,5.4497
55055100301,micro,13.14,18,2,31223.0,5.765
55055100302,micro,13.14,17,1,29396.0,5.7831
55055100400,micro,13.14,22,2,30484.0,7.2169
55055100500,micro,13.14,24,2,35824.0,6.6994
55055100601,micro,13.14,22,1,31378.0,7.0113
55055100602,micro,13.14,18,1,29597.0,6.0817
55055100700,micro,13.14,22,2,35705.0,6.1616
55055100800,micro,13.14,39,4,51101.0,7.6319
55055100900,micro,13.14,15,2,34211.0,4.3846
55055101000,micro,13.14,21,2,36362.0,5.7753
55055101100,micro,13.14,19,2,34839.0,5.4537
55055101201,micro,13.14,26,3,41207.0,6.3096
55055101202,micro,13.14,14,2,29815.0,4.6956
55055101300,micro,13.14,23,2,34262.0,6.713
55055101400,micro,13.14,22,2,32814.0,6.7045
55055101500,micro,13.14,22,2,30665.0,7.1743
55055101600,micro,13.14,13,2,30823.0,4.2176
55055101701,micro,13.14,23,4,40054.0,5.7422
55055101702,micro,13.14,27,3,40102.0,6.7328
55057100100,rural,20.81,17,0,18672.0,9.1045
55057100200,rural,20.81,24,0,24771.0,9.6887
55057100301,rural,20.81,21,0,22462.0,9.3491
55057100302,rural,20.81,16,0,18772.0,8.5233
55057100400,rural,20.81,23,0,25494.0,9.0217
55057100500,rural,20.81,31,1,28225.0,10.9832
55057100600,rural,20.81,22,1,23960.0,9.182
55057100700,rural,20.81,36,1,32862.0,10.9549
55059000101,metro,3.49,5,1,16364.0,3.0555
55059000102,metro,3.49,10,2,18084.0,5.5298
55059000300,metro,3.49,12,1,30622.0,3.9188
55059000400,metro,3.49,17,2,32385.0,5.2493
55059000501,metro,3.49,12,1,24661.0,4.866
55059000502,metro,3.49,12,1,25803.0,4.6506
55059000601,metro,3.49,3,1,9220.0,3.2538
55059000603,metro,3.49,19,2,31580.0,6.0165
55059000604,metro,3.49,10,1,24700.0,4.0486
55059000700,metro,3.49,28,2,39162.0,7.1498
55059000800,metro,3.49,25,2,36008.0,6.9429
55059000900,metro,3.49,24,2,36008.0,6.6652
55059001000,metro,3.49,19,2,36008.0,5.2766
55059001100,metro,3.49,24,2,37596.0,6.3837
55059001200,metro,3.49,25,2,38855.0,6.4342
55059001300,metro,3.49,27,2,38855.0,6.9489
55059001401,metro,3.49,25,1,34367.0,7.2744
55059001402,metro,3.49,25,1,34587.0,7.2281
55059001500,metro,3.49,25,1,34367.0,7.2744
55059001600,metro,3.49,24,1,35853.0,6.694
55059001700,metro,3.49,22,1,33108.0,6.6449
55059001800,metro,3.49,21,1,32368.0,6.4879
55059001900,metro,3.49,14,0,29800.0,4.698
55059002000,metro,3.49,8,0,14255.0,5.6121
55059002100,metro,3.49,18,1,29951.0,6.0098
55059002200,metro,3.49,21,1,33510.0,6.2668
55059002300,metro,3.49,21,1,33140.0,6.3368
55059002400,metro,3.49,23,1,36062.0,6.3779
55059002500,metro,3.49,21,1,30563.0,6.8711
55059002603,metro,3.49,11,1,9386.0,11.7196
55059002604,metro,3.49,19,1,23297.0,8.1556
55059002605,metro,3.49,10,0,11400.0,8.7719
55059002606,metro,3.49,10,0,17133.0,5.8367
55059002700,metro,3.49,2,0,2848.0,7.0225
55059002801,metro,3.49,2,1,1242.0,16.1031
55059002802,metro,3.49,0,0,1132.0,0.0
55059002903,metro,3.49,3,0,5096.0,5.887
55059002904,metro,3.49,1,0,8107.0,1.2335
55059002905,metro,3.49,4,0,4921.0,8.1284
55059002906,metro,3.49,7,0,8775.0,7.9772
55059003001,metro,3.49,4,2,4478.0,8.9326
55059003002,metro,3.49,2,1,4478.0,4.4663
55059990000,metro,3.49,0,0,0.0,
55061960100,metro,3.49,2,1,2380.0,8.4034
55061960200,metro,3.49,0,0,2380.0,0.0
55061960401,metro,3.49,0,0,2002.0,0.0
55061960402,metro,3.49,0,0,1429.0,0.0
55061960500,metro,3.49,0,0,2546.0,0.0
55061990000,metro,3.49,0,0,0.0,
55063000100,metro,3.49,17,2,17309.0,9.8215
55063000200,metro,3.49,16,2,23005.0,6.955
55063000300,metro,3.49,9,1,18302.0,4.9175
55063000401,metro,3.49,11,2,19858.0,5.5393
55063000402,metro,3.49,10,2,21943.0,4.5573
55063000500,metro,3.49,12,2,22043.0,5.4439
55063000600,metro,3.49,13,2,23434.0,5.5475
55063000700,metro,3.49,11,2,20071.0,5.4805
55063000800,metro,3.49,11,2,19858.0,5.5393
55063000900,metro,3.49,9,2,19858.0,4.5322
55063001000,metro,3.49,11,2,19858.0,5.5393
55063001101,metro,3.49,9,2,19858.0,4.5322
55063001102,metro,3.49,9,2,17354.0,5.1861
55063001200,metro,3.49,9,2,18364.0,4.9009
55063010101,metro,3.49,0,0,2041.0,0.0
55063010102,metro,3.49,5,0,1953.0,25.6016
55063010202,metro,3.49,6,1,6419.0,9.3473
55063010203,metro,3.49,6,2,6419.0,9.3473
55063010204,metro,3.49,6,2,8240.0,7.2816
55063010205,metro,3.49,0,0,2092.0,0.0
55063010300,metro,3.49,10,1,16573.0,6.0339
55063010401,metro,3.49,7,1,5109.0,13.7013
55063010403,metro,3.49,10,2,11746.0,8.5135
55063010404,metro,3.49,11,1,12038.0,9.1377
55063010500,metro,3.49,11,1,18052.0,6.0935
55063010600,metro,3.49,4,1,7226.0,5.5356
55063010700,metro,3.49,2,1,6185.0,3.2336
55063010800,metro,3.49,1,0,1298.0,7.7042
55065970100,rural,20.81,34,2,23478.0,14.4816
55065970200,rural,20.81,37,1,19307.0,19.164
55065970300,rural,20.81,35,1,25387.0,13.7866
55065970400,rural,20.81,35,1,23391.0,14.963
55065970500,rural,20.81,30,2,23750.0,12.6316
55067960101,rural,20.81,5,2,11729.0,4.2629
55067960102,rural,20.81,8,2,19785.0,4.0435
55067960300,rural,20.81,6,2,14584.0,4.1141
55067960400,rural,20.81,7,1,15642.0,4.4751
55067960500,rural,20.81,6,1,11123.0,5.3942
55067960600,rural,20.81,6,1,14765.0,4.0637
55067960700,rural,20.81,7,1,14765.0,4.7409
55069960100,rural,20.81,6,2,19179.0,3.1284
55069960200,rural,20.81,6,2,19048.0,3.1499
55069960300,rural,20.81,5,1,10898.0,4.588
55069960400,rural,20.81,11,2,15916.0,6.9113
55069960500,rural,20.81,10,3,22176.0,4.5094
55069960600,rural,20.81,36,6,44974.0,8.0046
55069960700,rural,20.81,6,2,23335.0,2.5712
55069960800,rural,20.81,37,5,40936.0,9.0385
55069960900,rural,20.81,35,5,39766.0,8.8015
55069961000,rural,20.81,36,4,48999.0,7.3471
55071000100,micro,13.14,11,2,27017.0,4.0715
55071000200,micro,13.14,11,2,29695.0,3.7043
55071000300,micro,13.14,12,2,31485.0,3.8113
55071000400,micro,13.14,11,2,29695.0,3.7043
55071000500,micro,13.14,12,2,29695.0,4.0411
55071000600,micro,13.14,13,2,31726.0,4.0976
55071000700,micro,13.14,12,2,27302.0,4.3953
55071000800,micro,13.14,12,2,27214.0,4.4095
55071005100,micro,13.14,9,2,27017.0,3.3312
55071005200,micro,13.14,10,2,27017.0,3.7014
55071005300,micro,13.14,10,2,27017.0,3.7014
55071005400,micro,13.14,10,2,27017.0,3.7014
55071010100,micro,13.14,9,2,25692.0,3.503
55071010200,micro,13.14,13,2,27838.0,4.6699
55071010300,micro,13.14,8,0,15272.0,5.2383
55071010400,micro,13.14,20,3,26138.0,7.6517
55071010500,micro,13.14,13,2,29092.0,4.4686
55071010600,micro,13.14,13,2,30897.0,4.2075
55071010700,micro,13.14,23,1,22842.0,10.0692
55071990000,micro,13.14,1,0,994.0,10.0604
55073000100,metro,3.49,22,2,16368.0,13.4409
55073000200,metro,3.49,18,2,16228.0,11.0919
55073000300,metro,3.49,10,1,12471.0,8.0186
55073000400,metro,3.49,18,2,13984.0,12.8719
55073000500,metro,3.49,21,2,15316.0,13.7112
55073000601,metro,3.49,23,2,14053.0,16.3666
55073000602,metro,3.49,25,3,14053.0,17.7898
55073000700,metro,3.49,24,3,18674.0,12.8521
55073000800,metro,3.49,29,3,18227.0,15.9105
55073000900,metro,3.49,20,2,18555.0,10.7788
55073001000,metro,3.49,11,1,14342.0,7.6698
55073001103,metro,3.49,9,1,14216.0,6.3309
55073001104,metro,3.49,11,1,13844.0,7.9457
55073001105,metro,3.49,0,0,4537.0,0.0
55073001106,metro,3.49,6,1,7788.0,7.7042
55073001202,metro,3.49,2,1,2456.0,8.1433
55073001203,metro,3.49,1,0,8583.0,1.1651
55073001204,metro,3.49,0,0,3919.0,0.0
55073001300,metro,3.49,5,0,5690.0,8.7873
55073001401,metro,3.49,4,1,3204.0,12.4844
55073001402,metro,3.49,0,0,3204.0,0.0
55073001500,metro,3.49,0,0,1741.0,0.0
55073001600,metro,3.49,0,0,2273.0,0.0
55073001700,metro,3.49,0,0,1459.0,0.0
55073001800,metro,3.49,0,0,2183.0,0.0
55073001900,metro,3.49,0,0,2506.0,0.0
55073002000,metro,3.49,2,0,1933.0,10.3466
55073002101,metro,3.49,2,0,1706.0,11.7233
55073002102,metro,3.49,3,1,1079.0,27.8035
55073002200,metro,3.49,0,0,1192.0,0.0
55073002301,metro,3.49,3,0,1170.0,25.641
55073002302,metro,3.49,0,0,1339.0,0.0
55075960100,micro,13.14,4,0,1330.0,30.0752
55075960200,micro,13.14,1,0,1702.0,5.8754
55075960600,micro,13.14,4,1,5246.0,7.6249
55075960700,micro,13.14,4,1,5248.0,7.622
55075960800,micro,13.14,4,1,6987.0,5.7249
55075960900,micro,13.14,12,2,7216.0,16.6297
55075961000,micro,13.14,6,2,7641.0,7.8524
55075961100,micro,13.14,10,3,12172.0,8.2156
55075961200,micro,13.14,9,2,10326.0,8.7159
55075961300,micro,13.14,8,1,10197.0,7.8454
55075961400,micro,13.14,8,1,10197.0,7.8454
55075961500,micro,13.14,8,1,6618.0,12.0882
55075990000,micro,13.14,8,2,11991.0,6.6717
55077960100,rural,20.81,21,1,23555.0,8.9153
55077960200,rural,20.81,29,1,27122.0,10.6924
55077960300,rural,20.81,28,1,25939.0,10.7946
55077960400,rural,20.81,29,1,32209.0,9.0037
55077960500,rural,20.81,28,1,23149.0,12.0956
55078940101,micro,13.14,7,1,11528.0,6.0722
55078940103,micro,13.14,2,0,1405.0,14.2349
55078940104,micro,13.14,11,1,12977.0,8.4765
55079000101,metro,3.49,13,2,20291.0,6.4068
55079000102,metro,3.49,14,2,36019.0,3.8868
55079000201,metro,3.49,11,2,22972.0,4.7884
55079000202,metro,3.49,14,2,28556.0,4.9026
55079000301,metro,3.49,24,1,41986.0,5.7162
55079000302,metro,3.49,18,1,38581.0,4.6655
55079000303,metro,3.49,22,1,50997.0,4.314
55079000304,metro,3.49,16,1,48322.0,3.3111
55079000400,metro,3.49,27,2,45211.0,5.972
55079000501,metro,3.49,27,2,53931.0,5.0064
55079000502,metro,3.49,22,2,50975.0,4.3158
55079000600,metro,3.49,20,3,57464.0,3.4804
55079000700,metro,3.49,13,2,44617.0,2.9137
55079000800,metro,3.49,22,4,54769.0,4.0169
55079000900,metro,3.49,30,4,43362.0,6.9185
55079001000,metro,3.49,27,3,68541.0,3.9392
55079001100,metro,3.49,27,5,62895.0,4.2929
55079001200,metro,3.49,18,2,69113.0,2.6044
55079001300,metro,3.49,20,2,65998.0,3.0304
55079001400,metro,3.49,23,3,56994.0,4.0355
55079001500,metro,3.49,20,2,58970.0,3.3916
55079001600,metro,3.49,25,2,67998.0,3.6766
55079001700,metro,3.49,31,4,73355.0,4.226
55079001800,metro,3.49,20,3,72715.0,2.7505
55079001900,metro,3.49,23,3,79067.0,2.9089
55079002000,metro,3.49,30,5,79375.0,3.7795
55079002100,metro,3.49,31,4,77558.0,3.997
55079002200,metro,3.49,30,4,72058.0,4.1633
55079002300,metro,3.49,31,4,84746.0,3.658
55079002400,metro,3.49,38,5,88063.0,4.3151
55079002500,metro,3.49,30,5,85159.0,3.5228
55079002600,metro,3.49,31,5,95585.0,3.2432
55079002700,metro,3.49,29,4,92593.0,3.132
55079002800,metro,3.49,29,5,87641.0,3.309
55079002900,metro,3.49,24,4,87384.0,2.7465
55079003000,metro,3.49,21,4,82059.0,2.5591
55079003100,metro,3.49,22,4,89360.0,2.462
55079003200,metro,3.49,29,5,83936.0,3.455
55079003300,metro,3.49,35,5,73278.0,4.7763
55079003400,metro,3.49,38,5,79337.0,4.7897
55079003500,metro,3.49,32,5,92313.0,3.4665
55079003600,metro,3.49,25,4,98334.0,2.5424
55079003700,metro,3.49,24,4,94029.0,2.5524
55079003800,metro,3.49,28,4,102794.0,2.7239
55079003900,metro,3.49,35,4,108948.0,3.2125
55079004000,metro,3.49,28,4,92994.0,3.0109
55079004100,metro,3.49,35,5,100129.0,3.4955
55079004200,metro,3.49,36,6,98221.0,3.6652
55079004300,metro,3.49,36,6,97418.0,3.6954
55079004400,metro,3.49,43,5,88702.0,4.8477
55079004500,metro,3.49,59,7,104497.0,5.6461
55079004600,metro,3.49,53,8,114572.0,4.6259
55079004700,metro,3.49,45,6,111876.0,4.0223
55079004800,metro,3.49,34,5,113262.0,3.0019
55079004900,metro,3.49,34,4,104286.0,3.2603
55079005000,metro,3.49,34,5,96203.0,3.5342
55079005100,metro,3.49,36,5,97096.0,3.7077
55079005200,metro,3.49,43,5,85064.0,5.055
55079005300,metro,3.49,41,5,83932.0,4.8849
55079005400,metro,3.49,44,5,80754.0,5.4486
55079005500,metro,3.49,45,5,71928.0,6.2563
55079005600,metro,3.49,52,5,77117.0,6.743
55079005700,metro,3.49,39,5,83289.0,4.6825
55079005800,metro,3.49,36,5,89910.0,4.004
55079005900,metro,3.49,38,5,97876.0,3.8825
55079006000,metro,3.49,38,5,104710.0,3.6291
55079006100,metro,3.49,41,6,110140.0,3.7225
55079006200,metro,3.49,54,7,114899.0,4.6998
55079006300,metro,3.49,52,7,122624.0,4.2406
55079006400,metro,3.49,62,8,119206.0,5.2011
55079006500,metro,3.49,61,8,124260.0,4.9091
55079006600,metro,3.49,62,9,118991.0,5.2105
55079006700,metro,3.49,61,9,110260.0,5.5324
55079006800,metro,3.49,61,9,112961.0,5.4001
55079006900,metro,3.49,57,7,97647.0,5.8374
55079007000,metro,3.49,56,7,98067.0,5.7104
55079007100,metro,3.49,53,6,88597.0,5.9821
55079007200,metro,3.49,53,6,85307.0,6.2129
55079007300,metro,3.49,50,6,76350.0,6.5488
55079007400,metro,3.49,41,5,59204.0,6.9252
55079007500,metro,3.49,40,5,64201.0,6.2304
55079007600,metro,3.49,41,5,66576.0,6.1584
55079007700,metro,3.49,43,5,73415.0,5.8571
55079007800,metro,3.49,45,6,72976.0,6.1664
55079007900,metro,3.49,45,5,81621.0,5.5133
55079008000,metro,3.49,46,5,87083.0,5.2823
55079008100,metro,3.49,47,6,93779.0,5.0118
55079008400,metro,3.49,54,8,111529.0,4.8418
55079008500,metro,3.49,55,8,113631.0,4.8402
55079008600,metro,3.49,56,8,122144.0,4.5848
55079008700,metro,3.49,58,8,124543.0,4.657
55079008800,metro,3.49,61,8,130167.0,4.6863
55079008900,metro,3.49,58,8,124205.0,4.6697
55079009000,metro,3.49,60,8,125197.0,4.7924
55079009100,metro,3.49,53,7,111884.0,4.737
55079009200,metro,3.49,42,5,109673.0,3.8296
55079009300,metro,3.49,44,5,107934.0,4.0766
55079009400,metro,3.49,47,6,107955.0,4.3537
55079009500,metro,3.49,50,6,108799.0,4.5956
55079009600,metro,3.49,66,7,122042.0,5.408
55079009700,metro,3.49,62,8,130837.0,4.7387
55079009800,metro,3.49,61,7,130698.0,4.6672
55079009900,metro,3.49,57,8,124949.0,4.5619
55079010600,metro,3.49,50,6,96367.0,5.1885
55079010700,metro,3.49,48,6,86963.0,5.5196
55079010800,metro,3.49,46,6,77884.0,5.9062
55079011000,metro,3.49,50,6,87399.0,5.7209
55079011100,metro,3.49,52,6,91251.0,5.6986
55079011200,metro,3.49,50,6,85927.0,5.8189
55079011300,metro,3.49,53,6,102039.0,5.1941
55079011400,metro,3.49,52,6,101737.0,5.1112
55079012200,metro,3.49,65,8,131115.0,4.9575
55079012300,metro,3.49,66,7,123920.0,5.326
55079012400,metro,3.49,52,6,110293.0,4.7147
55079012500,metro,3.49,53,6,117562.0,4.5083
55079012600,metro,3.49,48,2,104058.0,4.6128
55079012700,metro,3.49,55,3,90322.0,6.0893
55079012800,metro,3.49,57,3,75287.0,7.571
55079012900,metro,3.49,52,2,100256.0,5.1867
55079013000,metro,3.49,51,2,107020.0,4.7655
55079013300,metro,3.49,64,7,117133.0,5.4639
55079013400,metro,3.49,62,7,119956.0,5.1686
55079013500,metro,3.49,60,7,126335.0,4.7493
55079013600,metro,3.49,61,7,123401.0,4.9432
55079013700,metro,3.49,61,7,128626.0,4.7424
55079014100,metro,3.49,54,8,108959.0,4.956
55079014300,metro,3.49,49,6,92507.0,5.2969
55079014400,metro,3.49,49,6,99821.0,4.9088
55079014600,metro,3.49,55,8,114696.0,4.7953
55079014700,metro,3.49,53,8,122669.0,4.3206
55079014800,metro,3.49,59,7,124944.0,4.7221
55079014900,metro,3.49,61,7,128845.0,4.7344
55079015700,metro,3.49,56,7,107261.0,5.2209
55079015800,metro,3.49,60,6,111350.0,5.3884
55079015900,metro,3.49,66,7,114882.0,5.745
55079016000,metro,3.49,71,7,113304.0,6.2663
55079016100,metro,3.49,70,7,116000.0,6.0345
55079016200,metro,3.49,67,7,110432.0,6.0671
55079016300,metro,3.49,59,7,103358.0,5.7083
55079016400,metro,3.49,56,7,105859.0,5.2901
55079016500,metro,3.49,57,8,90460.0,6.3011
55079016600,metro,3.49,55,8,92180.0,5.9666
55079016700,metro,3.49,56,8,96934.0,5.7771
55079016800,metro,3.49,58,7,96500.0,6.0104
55079016900,metro,3.49,64,7,105529.0,6.0647
55079017000,metro,3.49,68,7,110556.0,6.1507
55079017100,metro,3.49,68,7,111988.0,6.0721
55079017200,metro,3.49,58,4,104581.0,5.5459
55079017300,metro,3.49,68,7,103632.0,6.5617
55079017400,metro,3.49,65,7,103703.0,6.2679
55079017500,metro,3.49,60,8,98782.0,6.074
55079017600,metro,3.49,59,8,90492.0,6.5199
55079017900,metro,3.49,57,8,77224.0,7.3811
55079018000,metro,3.49,50,8,85383.0,5.856
55079018100,metro,3.49,43,7,60750.0,7.0782
55079018200,metro,3.49,23,4,47964.0,4.7953
55079018300,metro,3.49,39,6,62257.0,6.2644
55079018400,metro,3.49,50,7,70709.0,7.0712
55079018500,metro,3.49,37,5,78610.0,4.7068
55079018600,metro,3.49,59,7,89833.0,6.5677
55079018700,metro,3.49,62,7,94575.0,6.5556
55079018800,metro,3.49,69,6,102374.0,6.74
55079018900,metro,3.49,52,4,104612.0,4.9707
55079019000,metro,3.49,53,4,107079.0,4.9496
55079019100,metro,3.49,54,4,100213.0,5.3885
55079019200,metro,3.49,56,3,97708.0,5.7314
55079019300,metro,3.49,53,3,91911.0,5.7664
55079019400,metro,3.49,44,3,73693.0,5.9707
55079019500,metro,3.49,45,3,68771.0,6.5435
55079019600,metro,3.49,54,3,79605.0,6.7835
55079019700,metro,3.49,53,4,77519.0,6.837
55079019800,metro,3.49,53,3,94860.0,5.5872
55079019900,metro,3.49,46,3,89477.0,5.141
55079020000,metro,3.49,49,4,92997.0,5.269
55079020100,metro,3.49,47,5,96356.0,4.8777
55079020200,metro,3.49,46,4,87368.0,5.2651
55079020300,metro,3.49,36,4,83590.0,4.3067
55079020400,metro,3.49,40,5,86619.0,4.6179
55079020500,metro,3.49,39,5,85283.0,4.573
55079020600,metro,3.49,33,4,71618.0,4.6078
55079020700,metro,3.49,29,4,62405.0,4.6471
55079020800,metro,3.49,20,3,48963.0,4.0847
55079020900,metro,3.49,29,4,66733.0,4.3457
55079021000,metro,3.49,27,3,61564.0,4.3857
55079021100,metro,3.49,33,4,73884.0,4.4665
55079021200,metro,3.49,34,4,71743.0,4.7391
55079021300,metro,3.49,37,4,80874.0,4.575
55079021400,metro,3.49,36,3,68159.0,5.2818
55079021500,metro,3.49,35,4,58747.0,5.9578
55079021600,metro,3.49,30,3,57098.0,5.2541
55079021700,metro,3.49,33,4,52177.0,6.3246
55079021800,metro,3.49,34,5,46104.0,7.3746
55079030100,metro,3.49,19,2,11282.0,16.841
55079035100,metro,3.49,19,2,18853.0,10.078
55079035200,metro,3.49,23,3,22687.0,10.138
55079040100,metro,3.49,17,2,24656.0,6.8949
55079050101,metro,3.49,13,2,25865.0,5.0261
55079050103,metro,3.49,25,2,23375.0,10.6952
55079050104,metro,3.49,20,3,34523.0,5.7932
55079060101,metro,3.49,24,2,39811.0,6.0285
55079060102,metro,3.49,28,3,42314.0,6.6172
55079060200,metro,3.49,29,3,65651.0,4.4173
55079070100,metro,3.49,25,2,49676.0,5.0326
55079070200,metro,3.49,26,3,50512.0,5.1473
55079070300,metro,3.49,29,3,64277.0,4.5117
55079080100,metro,3.49,32,4,74393.0,4.3015
55079080200,metro,3.49,27,3,65399.0,4.1285
55079080300,metro,3.49,26,2,58256.0,4.4631
55079080400,metro,3.49,44,5,71684.0,6.1381
55079090100,metro,3.49,34,3,55625.0,6.1124
55079090200,metro,3.49,48,2,58830.0,8.1591
55079090300,metro,3.49,46,3,58361.0,7.882
55079090600,metro,3.49,54,2,62910.0,8.5837
55079090700,metro,3.49,54,5,75600.0,7.1429
55079090800,metro,3.49,51,5,81512.0,6.2567
55079090900,metro,3.49,44,5,94856.0,4.6386
55079091000,metro,3.49,41,5,98284.0,4.1716
55079091100,metro,3.49,46,5,92240.0,4.987
55079091200,metro,3.49,50,5,95280.0,5.2477
55079091300,metro,3.49,52,3,92285.0,5.6347
55079091400,metro,3.49,43,3,103984.0,4.1353
55079100100,metro,3.49,58,3,105143.0,5.5163
55079100200,metro,3.49,56,3,102733.0,5.451
55079100300,metro,3.49,48,2,100352.0,4.7832
55079100400,metro,3.49,51,2,91164.0,5.5943
55079100500,metro,3.49,54,1,75833.0,7.1209
55079100600,metro,3.49,52,3,80153.0,6.4876
55079100700,metro,3.49,53,2,69145.0,7.6651
55079100800,metro,3.49,54,2,60314.0,8.9531
55079100900,metro,3.49,49,1,62846.0,7.7968
55079101000,metro,3.49,47,3,57386.0,8.1902
55079101100,metro,3.49,53,2,66683.0,7.9481
55079101200,metro,3.49,46,2,70016.0,6.5699
55079101300,metro,3.49,48,2,72328.0,6.6364
55079101400,metro,3.49,50,1,75121.0,6.6559
55079101500,metro,3.49,47,3,89932.0,5.2262
55079101600,metro,3.49,54,3,100435.0,5.3766
55079101700,metro,3.49,51,3,87995.0,5.7958
55079101800,metro,3.49,51,3,80747.0,6.316
55079110100,metro,3.49,56,4,116599.0,4.8028
55079120101,metro,3.49,39,4,47774.0,8.1634
55079120102,metro,3.49,43,4,57317.0,7.5021
55079120201,metro,3.49,39,3,66226.0,5.8889
55079120202,metro,3.49,45,4,69636.0,6.4622
55079120203,metro,3.49,44,4,65861.0,6.6807
55079120300,metro,3.49,50,3,97514.0,5.1275
55079120400,metro,3.49,43,3,78157.0,5.5017
55079120501,metro,3.49,31,3,46625.0,6.6488
55079120502,metro,3.49,42,4,61974.0,6.777
55079130100,metro,3.49,26,2,39955.0,6.5073
55079130200,metro,3.49,24,2,28273.0,8.4887
55079140100,metro,3.49,25,3,50466.0,4.9538
55079140201,metro,3.49,38,3,47086.0,8.0703
55079140202,metro,3.49,31,3,46990.0,6.5971
55079150100,metro,3.49,22,3,29748.0,7.3955
55079150301,metro,3.49,11,1,20647.0,5.3277
55079150303,metro,3.49,6,1,15450.0,3.8835
55079150304,metro,3.49,18,3,25825.0,6.97
55079160101,metro,3.49,20,2,29252.0,6.8371
55079160102,metro,3.49,23,3,38428.0,5.9852
55079160202,metro,3.49,12,2,21898.0,5.48
55079160203,metro,3.49,17,2,28061.0,6.0582
55079160205,metro,3.49,12,2,20171.0,5.9491
55079160206,metro,3.49,14,2,18613.0,7.5216
55079160301,metro,3.49,6,1,12824.0,4.6787
55079160302,metro,3.49,11,1,14520.0,7.5758
55079170100,metro,3.49,9,1,22225.0,4.0495
55079170200,metro,3.49,19,2,33672.0,5.6427
55079170300,metro,3.49,15,2,30378.0,4.9378
55079170400,metro,3.49,13,2,24982.0,5.2037
55079170500,metro,3.49,13,2,22107.0,5.8805
55079170600,metro,3.49,13,2,28765.0,4.5194
55079170700,metro,3.49,11,1,20389.0,5.3951
55079180100,metro,3.49,14,2,28602.0,4.8948
55079180200,metro,3.49,15,2,32468.0,4.6199
55079180300,metro,3.49,17,3,39024.0,4.3563
55079180400,metro,3.49,12,2,28707.0,4.1802
55079180500,metro,3.49,17,4,37828.0,4.494
55079185100,metro,3.49,14,2,33742.0,4.1491
55079185200,metro,3.49,22,4,50376.0,4.3672
55079185300,metro,3.49,50,3,64946.0,7.6987
55079185400,metro,3.49,61,8,125128.0,4.875
55079185500,metro,3.49,56,8,114717.0,4.8816
55079185600,metro,3.49,53,7,104832.0,5.0557
55079185700,metro,3.49,49,6,103343.0,4.7415
55079185800,metro,3.49,60,9,127386.0,4.7101
55079185900,metro,3.49,57,8,117567.0,4.8483
55079186000,metro,3.49,55,8,110272.0,4.9877
55079186100,metro,3.49,62,8,131445.0,4.7168
55079186200,metro,3.49,54,8,121074.0,4.4601
55079186300,metro,3.49,52,6,109001.0,4.7706
55079186400,metro,3.49,53,8,114286.0,4.6375
55079186500,metro,3.49,53,8,99022.0,5.3523
55079186600,metro,3.49,58,8,86914.0,6.6733
55079186800,metro,3.49,65,7,122140.0,5.3218
55079186900,metro,3.49,48,6,75135.0,6.3885
55079187000,metro,3.49,46,6,73973.0,6.2185
55079187200,metro,3.49,4,0,9635.0,4.1515
55079187300,metro,3.49,19,2,20722.0,9.169
55079187400,metro,3.49,49,6,99237.0,4.9377
55079980000,metro,3.49,47,6,68317.0,6.8797
55079990000,metro,3.49,0,0,0.0,
55081950100,micro,13.14,5,0,6546.0,7.6383
55081950200,micro,13.14,7,0,9457.0,7.4019
55081950300,micro,13.14,12,0,13997.0,8.5733
55081950400,micro,13.14,8,0,10746.0,7.4446
55081950500,micro,13.14,7,0,11420.0,6.1296
55081950600,micro,13.14,8,0,9596.0,8.3368
55081950700,micro,13.14,12,0,9254.0,12.9674
55081950800,micro,13.14,10,0,9944.0,10.0563
55081950900,micro,13.14,14,0,11509.0,12.1644
55083100300,metro,3.49,1,0,1433.0,6.9784
55083100500,metro,3.49,0,0,1167.0,0.0
55083100600,metro,3.49,0,0,1109.0,0.0
55083100700,metro,3.49,2,0,1129.0,17.7148
55083100800,metro,3.49,0,0,1013.0,0.0
55083100900,metro,3.49,0,0,1294.0,0.0
55083101000,metro,3.49,1,1,1931.0,5.1787
55083101100,metro,3.49,0,0,1893.0,0.0
55083101200,metro,3.49,3,1,2129.0,14.0911
55083101301,metro,3.49,0,0,1917.0,0.0
55083101302,metro,3.49,0,0,1796.0,0.0
55083990000,metro,3.49,0,0,0.0,
55085970101,rural,20.81,18,3,14783.0,12.1761
55085970103,rural,20.81,9,2,13950.0,6.4516
55085970104,rural,20.81,18,3,16186.0,11.1207
55085970400,rural,20.81,10,2,17148.0,5.8316
55085970500,rural,20.81,9,3,19905.0,4.5215
55085970601,rural,20.81,24,5,23381.0,10.2647
55085970603,rural,20.81,23,4,22340.0,10.2954
55085970604,rural,20.81,23,4,21582.0,10.657
55085970800,rural,20.81,20,5,22610.0,8.8456
55085970900,rural,20.81,16,3,22949.0,6.972
55085971001,rural,20.81,9,3,13692.0,6.5732
55085971002,rural,20.81,7,2,11862.0,5.9012
55085971100,rural,20.81,12,4,18707.0,6.4147
55085971300,rural,20.81,10,4,16228.0,6.1622
55085971400,rural,20.81,17,3,19689.0,8.6343
55085971500,rural,20.81,18,2,21224.0,8.481
55087010100,metro,3.49,33,3,44697.0,7.383
55087010200,metro,3.49,30,3,43775.0,6.8532
55087010300,metro,3.49,33,3,43734.0,7.5456
55087010501,metro,3.49,28,3,45559.0,6.1459
55087010502,metro,3.49,28,3,42792.0,6.5433
55087010601,metro,3.49,24,3,44118.0,5.44
55087010602,metro,3.49,21,3,44145.0,4.7571
55087010700,metro,3.49,24,3,47084.0,5.0973
55087010800,metro,3.49,30,3,41361.0,7.2532
55087010900,metro,3.49,28,3,47027.0,5.954
55087011001,metro,3.49,27,3,37981.0,7.1088
55087011002,metro,3.49,28,3,43692.0,6.4085
55087011101,metro,3.49,27,3,34661.0,7.7897
55087011103,metro,3.49,26,2,27418.0,9.4828
55087011104,metro,3.49,27,3,30066.0,8.9802
55087011200,metro,3.49,30,3,38485.0,7.7952
55087011300,metro,3.49,31,2,40130.0,7.7249
55087011400,metro,3.49,21,2,33888.0,6.1969
55087011501,metro,3.49,26,3,41074.0,6.33
55087011502,metro,3.49,25,2,36762.0,6.8005
55087011600,metro,3.49,17,1,32275.0,5.2672
55087011700,metro,3.49,14,2,29834.0,4.6926
55087011800,metro,3.49,12,2,24396.0,4.9188
55087011901,metro,3.49,8,2,25167.0,3.1788
55087011902,metro,3.49,5,1,23421.0,2.1348
55087012000,metro,3.49,10,2,25885.0,3.8632
55087012101,metro,3.49,4,1,13125.0,3.0476
55087012102,metro,3.49,5,2,19162.0,2.6093
55087012200,metro,3.49,5,1,18221.0,2.7441
55087012300,metro,3.49,4,1,17048.0,2.3463
55087012400,metro,3.49,4,1,18221.0,2.1953
55087012503,metro,3.49,12,1,22438.0,5.3481
55087012504,metro,3.49,12,1,16131.0,7.4391
55087012505,metro,3.49,12,2,16913.0,7.0951
55087012506,metro,3.49,16,1,28718.0,5.5714
55087012602,metro,3.49,0,0,1974.0,0.0
55087012603,metro,3.49,1,0,3869.0,2.5846
55087012604,metro,3.49,8,1,8699.0,9.1965
55087012700,metro,3.49,0,0,2630.0,0.0
55087012800,metro,3.49,1,0,3100.0,3.2258
55087012902,metro,3.49,0,0,1616.0,0.0
55087012903,metro,3.49,1,0,2245.0,4.4543
55087012904,metro,3.49,1,0,2245.0,4.4543
55087013100,metro,3.49,3,0,2224.0,13.4892
55087013200,metro,3.49,0,0,1495.0,0.0
55087013300,metro,3.49,4,1,8761.0,4.5657
55087940000,metro,3.49,0,0,1495.0,0.0
55089610101,metro,3.49,1,0,1655.0,6.0423
55089610102,metro,3.49,1,0,1579.0,6.3331
55089620100,metro,3.49,1,0,2549.0,3.9231
55089630100,metro,3.49,4,1,5956.0,6.7159
55089630201,metro,3.49,2,1,5956.0,3.358
55089630202,metro,3.49,4,1,5956.0,6.7159
55089640101,metro,3.49,11,1,13330.0,8.2521
55089640102,metro,3.49,11,1,15569.0,7.0653
55089640201,metro,3.49,7,1,6941.0,10.085
55089640202,metro,3.49,9,1,13330.0,6.7517
55089650102,metro,3.49,11,1,14232.0,7.7291
55089650103,metro,3.49,14,1,14232.0,9.837
55089650104,metro,3.49,14,1,14232.0,9.837
55089650200,metro,3.49,11,1,15866.0,6.9331
55089650300,metro,3.49,6,0,7286.0,8.235
55089660100,metro,3.49,16,2,12218.0,13.0954
55089660201,metro,3.49,5,1,9922.0,5.0393
55089660202,metro,3.49,16,2,12218.0,13.0954
55089660301,metro,3.49,15,2,9021.0,16.6279
55089660303,metro,3.49,25,3,19081.0,13.102
55089660304,metro,3.49,18,1,11089.0,16.2323
55089990000,metro,3.49,0,0,0.0,
55091950100,rural,20.81,38,5,47521.0,7.9965
55091950200,rural,20.81,10,0,10018.0,9.982
55093960100,metro,3.49,1,0,1169.0,8.5543
55093960200,metro,3.49,0,0,2213.0,0.0
55093960300,metro,3.49,4,0,6045.0,6.617
55093960400,metro,3.49,4,0,6045.0,6.617
55093960500,metro,3.49,0,0,3582.0,0.0
55093960600,metro,3.49,0,0,1838.0,0.0
55093960700,metro,3.49,2,1,1800.0,11.1111
55093960800,metro,3.49,0,0,1452.0,0.0
55095960100,rural,20.81,17,0,20190.0,8.42
55095960200,rural,20.81,16,1,13502.0,11.8501
55095960301,rural,20.81,15,1,16546.0,9.0656
55095960302,rural,20.81,22,2,23148.0,9.5041
55095960303,rural,20.81,19,2,24357.0,7.8006
55095960500,rural,20.81,21,2,25738.0,8.1591
55095960600,rural,20.81,17,2,25327.0,6.7122
55095960701,rural,20.81,15,2,25361.0,5.9146
55095960702,rural,20.81,15,2,28283.0,5.3035
55095960800,rural,20.81,13,2,31366.0,4.1446
55095960901,rural,20.81,17,2,29249.0,5.8122
55095960902,rural,20.81,17,2,39294.0,4.3264
55095961000,rural,20.81,18,2,39021.0,4.6129
55095961100,rural,20.81,22,1,27555.0,7.984
55097960100,micro,13.14,18,2,23012.0,7.822
55097960200,micro,13.14,22,4,22355.0,9.8412
55097960300,micro,13.14,20,3,28841.0,6.9346
55097960400,micro,13.14,20,3,24872.0,8.0412
55097960500,micro,13.14,20,3,24872.0,8.0412
55097960600,micro,13.14,22,3,26549.0,8.2866
55097960701,micro,13.14,20,3,30120.0,6.6401
55097960702,micro,13.14,20,3,27510.0,7.2701
55097960800,micro,13.14,20,3,29902.0,6.6885
55097960900,micro,13.14,20,3,31479.0,6.3534
55097961000,micro,13.14,20,3,31479.0,6.3534
55097961101,micro,13.14,30,4,34407.0,8.7192
55097961102,micro,13.14,21,3,32223.0,6.5171
55097961200,micro,13.14,32,3,33195.0,9.64
55097961300,micro,13.14,11,1,12868.0,8.5483
55099970100,rural,20.81,5,1,6619.0,7.554
55099970200,rural,20.81,6,1,6506.0,9.2223
55099970400,rural,20.81,5,1,6317.0,7.9151
55099970500,rural,20.81,5,1,8323.0,6.0074
55099970600,rural,20.81,5,0,6188.0,8.0802
55099970700,rural,20.81,5,0,4845.0,10.3199
55101000200,metro,3.49,11,1,33004.0,3.3329
55101000400,metro,3.49,16,1,32295.0,4.9543
55101000500,metro,3.49,22,2,38512.0,5.7125
55101000600,metro,3.49,20,2,42260.0,4.7326
55101000700,metro,3.49,18,2,35163.0,5.119
55101000800,metro,3.49,13,2,26332.0,4.937
55101000901,metro,3.49,21,2,36161.0,5.8074
55101000903,metro,3.49,15,2,29083.0,5.1577
55101000904,metro,3.49,15,2,26767.0,5.6039
55101001001,metro,3.49,23,2,36161.0,6.3604
55101001002,metro,3.49,23,2,38928.0,5.9083
55101001003,metro,3.49,19,2,38928.0,4.8808
55101001101,metro,3.49,23,2,40565.0,5.6699
55101001102,metro,3.49,23,2,39817.0,5.7764
55101001201,metro,3.49,19,1,34624.0,5.4875
55101001202,metro,3.49,24,2,37048.0,6.4781
55101001301,metro,3.49,17,1,37235.0,4.5656
55101001302,metro,3.49,14,0,32487.0,4.3094
55101001401,metro,3.49,14,0,32192.0,4.3489
55101001402,metro,3.49,10,0,25959.0,3.8522
55101001501,metro,3.49,2,0,7333.0,2.7274
55101001504,metro,3.49,7,0,15311.0,4.5719
55101001505,metro,3.49,7,0,15036.0,4.6555
55101001506,metro,3.49,8,0,16566.0,4.8292
55101001507,metro,3.49,9,0,19557.0,4.6019
55101001601,metro,3.49,2,0,3811.0,5.248
55101001602,metro,3.49,8,0,18813.0,4.2524
55101001701,metro,3.49,17,2,24008.0,7.081
55101001702,metro,3.49,14,2,11822.0,11.8423
55101001703,metro,3.49,6,0,7278.0,8.244
55101001705,metro,3.49,19,1,26079.0,7.2856
55101001706,metro,3.49,21,2,31380.0,6.6922
55101001801,metro,3.49,2,0,3357.0,5.9577
55101001802,metro,3.49,1,0,3346.0,2.9886
55101001900,metro,3.49,0,0,1702.0,0.0
55101002001,metro,3.49,1,0,3221.0,3.1046
55101002002,metro,3.49,1,0,3221.0,3.1046
55101002100,metro,3.49,0,0,1227.0,0.0
55101002401,metro,3.49,7,1,7306.0,9.5812
55101002402,metro,3.49,7,1,9879.0,7.0857
55101002600,metro,3.49,7,1,5098.0,13.7309
55101002701,metro,3.49,4,1,6819.0,5.866
55101002702,metro,3.49,5,2,8854.0,5.6472
55101002800,metro,3.49,2,1,3961.0,5.0492
55101002900,metro,3.49,17,1,34503.0,4.9271
55101980000,metro,3.49,2,0,3436.0,5.8207
55101990000,metro,3.49,0,0,0.0,
55103970100,rural,20.81,19,0,14303.0,13.2839
55103970200,rural,20.81,17,0,15962.0,10.6503
55103970300,rural,20.81,21,0,17400.0,12.069
55103970400,rural,20.81,17,0,16296.0,10.432
55103970500,rural,20.81,20,0,16247.0,12.31
55105000100,metro,3.49,16,1,19271.0,8.3026
55105000200,metro,3.49,16,1,20620.0,7.7595
55105000300,metro,3.49,16,1,19271.0,8.3026
55105000400,metro,3.49,14,0,16777.0,8.3448
55105000500,metro,3.49,13,1,19206.0,6.7687
55105000600,metro,3.49,15,1,23049.0,6.5079
55105000700,metro,3.49,15,1,20233.0,7.4136
55105000800,metro,3.49,15,1,20620.0,7.2745
55105000900,metro,3.49,16,1,20620.0,7.7595
55105001000,metro,3.49,12,0,19060.0,6.2959
55105001100,metro,3.49,6,0,19813.0,3.0283
55105001201,metro,3.49,2,0,4772.0,4.1911
55105001202,metro,3.49,2,0,5710.0,3.5026
55105001302,metro,3.49,0,0,2564.0,0.0
55105001303,metro,3.49,9,1,7475.0,12.0401
55105001305,metro,3.49,12,1,13583.0,8.8346
55105001306,metro,3.49,14,1,15337.0,9.1283
55105001400,metro,3.49,2,0,5766.0,3.4686
55105001500,metro,3.49,8,1,16210.0,4.9352
55105001600,metro,3.49,7,1,17435.0,4.0149
55105001700,metro,3.49,9,1,17311.0,5.199
55105001800,metro,3.49,9,1,17882.0,5.033
55105001900,metro,3.49,9,1,16453.0,5.4701
55105002000,metro,3.49,4,1,15882.0,2.5186
55105002100,metro,3.49,8,1,15886.0,5.0359
55105002200,metro,3.49,1,1,7614.0,1.3134
55105002300,metro,3.49,9,1,18685.0,4.8167
55105002400,metro,3.49,5,1,11169.0,4.4767
55105002500,metro,3.49,9,1,15083.0,5.967
55105002601,metro,3.49,5,1,11454.0,4.3653
55105002602,metro,3.49,3,0,4149.0,7.2307
55105002700,metro,3.49,0,0,926.0,0.0
55105002800,metro,3.49,1,0,2140.0,4.6729
55105002901,metro,3.49,3,0,1674.0,17.9211
55105002902,metro,3.49,3,0,2288.0,13.1119
55105003001,metro,3.49,2,0,4445.0,4.4994
55105003002,metro,3.49,1,0,4445.0,2.2497
55105003101,metro,3.49,3,0,3280.0,9.1463
55105003102,metro,3.49,3,0,3280.0,9.1463
55105003200,metro,3.49,0,0,991.0,0.0
55105003300,metro,3.49,2,0,1400.0,14.2857
55107960100,rural,20.81,6,0,5375.0,11.1628
55107960200,rural,20.81,21,1,19583.0,10.7236
55107960300,rural,20.81,14,1,15127.0,9.255
55107960400,rural,20.81,9,0,11816.0,7.6168
55107960500,rural,20.81,7,0,6355.0,11.0149
55109120100,metro,3.49,10,3,8953.0,11.1694
55109120201,metro,3.49,11,3,8953.0,12.2864
55109120202,metro,3.49,4,0,4034.0,9.9157
55109120300,metro,3.49,11,3,10794.0,10.1908
55109120401,metro,3.49,1,0,2918.0,3.427
55109120402,metro,3.49,0,0,1805.0,0.0
55109120501,metro,3.49,2,0,5265.0,3.7987
55109120502,metro,3.49,2,0,5265.0,3.7987
55109120601,metro,3.49,0,0,966.0,0.0
55109120602,metro,3.49,0,0,2140.0,0.0
55109120700,metro,3.49,1,0,1890.0,5.291
55109120801,metro,3.49,1,1,3400.0,2.9412
55109120802,metro,3.49,2,0,3400.0,5.8824
55109120901,metro,3.49,4,0,6045.0,6.617
55109120904,metro,3.49,0,0,1708.0,0.0
55109120905,metro,3.49,11,3,8953.0,12.2864
55109120906,metro,3.49,0,0,1425.0,0.0
55109121000,metro,3.49,1,0,2968.0,3.3693
55111000101,micro,13.14,17,1,22714.0,7.4844
55111000102,micro,13.14,17,1,20777.0,8.1821
55111000103,micro,13.14,17,1,22252.0,7.6398
55111000104,micro,13.14,17,1,22421.0,7.5822
55111000200,micro,13.14,18,1,18765.0,9.5923
55111000301,micro,13.14,17,0,23063.0,7.3711
55111000302,micro,13.14,15,1,22813.0,6.5752
55111000303,micro,13.14,16,1,22743.0,7.0351
55111000401,micro,13.14,13,0,25636.0,5.071
55111000402,micro,13.14,20,2,29375.0,6.8085
55111000500,micro,13.14,14,1,17341.0,8.0734
55111000601,micro,13.14,17,1,15840.0,10.7323
55111000602,micro,13.14,15,1,21419.0,7.0031
55111000603,micro,13.14,17,1,19219.0,8.8454
55111000700,micro,13.14,13,1,17462.0,7.4447
55111000800,micro,13.14,7,0,8740.0,8.0092
55111000901,micro,13.14,7,1,9888.0,7.0793
55111000902,micro,13.14,11,1,11308.0,9.7276
55111000903,micro,13.14,11,1,9102.0,12.0853
55111001002,micro,13.14,17,1,17860.0,9.5185
55111001003,micro,13.14,10,1,13718.0,7.2897
55111001004,micro,13.14,18,1,14274.0,12.6103
55111001005,micro,13.14,15,1,14274.0,10.5086
55111001100,micro,13.14,5,0,5895.0,8.4818
55113100300,rural,20.81,8,1,12910.0,6.1967
55113100400,rural,20.81,12,1,13166.0,9.1144
55113100501,rural,20.81,8,1,8061.0,9.9243
55113100502,rural,20.81,8,1,11908.0,6.7182
55113100700,rural,20.81,5,0,5999.0,8.3347
55113100800,rural,20.81,2,0,5066.0,3.9479
55113940001,rural,20.81,8,1,10107.0,7.9153
55113940002,rural,20.81,9,1,9256.0,9.7234
55115100100,micro,13.14,14,3,17575.0,7.9659
55115100200,micro,13.14,10,1,14055.0,7.1149
55115100300,micro,13.14,9,1,13634.0,6.6011
55115100400,micro,13.14,9,1,13423.0,6.7049
55115100500,micro,13.14,9,1,13423.0,6.7049
55115100600,micro,13.14,6,0,6596.0,9.0964
55115100700,micro,13.14,7,1,4828.0,14.4988
55115100800,micro,13.14,7,1,4598.0,15.224
55115100900,micro,13.14,11,1,13374.0,8.2249
55115101000,micro,13.14,11,2,11412.0,9.639
55115101100,micro,13.14,12,2,15390.0,7.7973
55117000100,metro,3.49,13,1,18498.0,7.0278
55117000201,metro,3.49,15,1,25364.0,5.9139
55117000202,metro,3.49,11,1,18498.0,5.9466
55117000300,metro,3.49,13,1,20961.0,6.202
55117000400,metro,3.49,15,1,25364.0,5.9139
55117000500,metro,3.49,15,1,25364.0,5.9139
55117000800,metro,3.49,14,1,25364.0,5.5196
55117000900,metro,3.49,16,1,22077.0,7.2474
55117001000,metro,3.49,13,1,17278.0,7.524
55117001100,metro,3.49,11,0,15594.0,7.054
55117010100,metro,3.49,2,0,567.0,35.2734
55117010200,metro,3.49,2,0,1941.0,10.304
55117010300,metro,3.49,2,0,1440.0,13.8889
55117010400,metro,3.49,1,0,986.0,10.142
55117010502,metro,3.49,5,0,5381.0,9.292
55117010503,metro,3.49,5,0,5381.0,9.292
55117010504,metro,3.49,6,0,5381.0,11.1503
55117010601,metro,3.49,6,0,4519.0,13.2773
55117010602,metro,3.49,3,0,4519.0,6.6386
55117010700,metro,3.49,17,1,20961.0,8.1103
55117010800,metro,3.49,1,0,4458.0,2.2432
55117010900,metro,3.49,0,0,1172.0,0.0
55117011000,metro,3.49,2,0,1067.0,18.7441
55117011100,metro,3.49,0,0,1180.0,0.0
55117011200,metro,3.49,3,0,1405.0,21.3523
55117011301,metro,3.49,3,0,1825.0,16.4384
55117011302,metro,3.49,2,0,1194.0,16.7504
55117011400,metro,3.49,13,1,25364.0,5.1254
55117990000,metro,3.49,0,0,0.0,
55119960100,rural,20.81,11,1,11427.0,9.6263
55119960200,rural,20.81,6,1,9147.0,6.5595
55119960300,rural,20.81,11,1,13264.0,8.2931
55119960400,rural,20.81,18,1,13762.0,13.0795
55119960500,rural,20.81,18,1,13762.0,13.0795
55119960600,rural,20.81,18,1,15543.0,11.5808
55121100100,rural,20.81,28,0,20277.0,13.8087
55121100200,rural,20.81,43,3,40152.0,10.7093
55121100300,rural,20.81,25,0,17273.0,14.4735
55121100400,rural,20.81,18,0,14712.0,12.2349
55121100500,rural,20.81,25,1,24827.0,10.0697
55121100600,rural,20.81,22,1,17679.0,12.4441
55121100700,rural,20.81,34,4,38489.0,8.8337
55121100800,rural,20.81,42,3,44627.0,9.4113
55123960100,metro,3.49,0,0,1610.0,0.0
55123960200,metro,3.49,0,0,1501.0,0.0
55123960300,metro,3.49,3,0,1849.0,16.225
55123960400,metro,3.49,3,1,2319.0,12.9366
55123960500,metro,3.49,0,0,1330.0,0.0
55123960600,metro,3.49,0,0,1982.0,0.0
55123960700,metro,3.49,1,0,1833.0,5.4555
55125940000,rural,20.81,11,4,10744.0,10.2383
55125950201,rural,20.81,14,1,7864.0,17.8026
55125950202,rural,20.81,11,1,6681.0,16.4646
55125950501,rural,20.81,21,4,18328.0,11.4579
55125950502,rural,20.81,18,2,18566.0,9.6951
55125950601,rural,20.81,11,5,9389.0,11.7158
55125950602,rural,20.81,17,5,9944.0,17.0957
55125950700,rural,20.81,16,5,16290.0,9.822
55127000102,micro,13.14,30,6,50000.0,6.0
55127000103,micro,13.14,34,6,44852.0,7.5805
55127000104,micro,13.14,32,5,47504.0,6.7363
55127000201,micro,13.14,37,6,45992.0,8.0449
55127000202,micro,13.14,36,6,50617.0,7.1122
55127000301,micro,13.14,19,3,32078.0,5.9231
55127000303,micro,13.14,18,3,35337.0,5.0938
55127000304,micro,13.14,17,3,31310.0,5.4296
55127000400,micro,13.14,15,2,30220.0,4.9636
55127000501,micro,13.14,14,2,29339.0,4.7718
55127000502,micro,13.14,15,2,29069.0,5.1601
55127000600,micro,13.14,19,1,33379.0,5.6922
55127000701,micro,13.14,22,2,36126.0,6.0898
55127000702,micro,13.14,23,2,37094.0,6.2005
55127000801,micro,13.14,21,3,36906.0,5.6901
55127000802,micro,13.14,26,2,33877.0,7.6748
55127000901,micro,13.14,23,3,34199.0,6.7253
55127000902,micro,13.14,29,3,40961.0,7.0799
55127001000,micro,13.14,36,6,51160.0,7.0367
55127001501,micro,13.14,30,3,43344.0,6.9214
55127001503,micro,13.14,34,6,49004.0,6.9382
55127001504,micro,13.14,33,5,46722.0,7.0631
55127001603,micro,13.14,30,2,38728.0,7.7463
55127001605,micro,13.14,32,5,44406.0,7.2062
55127001606,micro,13.14,37,4,47365.0,7.8117
55127001607,micro,13.14,29,3,37753.0,7.6815
55127001608,micro,13.14,29,2,38754.0,7.4831
55127001701,micro,13.14,37,5,56219.0,6.5814
55127001702,micro,13.14,35,4,44342.0,7.8932
55129950100,rural,20.81,11,1,9164.0,12.0035
55129950200,rural,20.81,10,1,12957.0,7.7178
55129950300,rural,20.81,13,1,15564.0,8.3526
55129950501,rural,20.81,12,0,13601.0,8.8229
55129950502,rural,20.81,19,1,21311.0,8.9156
55129950600,rural,20.81,15,0,16044.0,9.3493
55131400102,metro,3.49,9,0,14522.0,6.1975
55131400103,metro,3.49,0,0,1296.0,0.0
55131400104,metro,3.49,1,0,3867.0,2.586
55131410100,metro,3.49,2,0,2242.0,8.9206
55131420104,metro,3.49,8,0,10379.0,7.7079
55131420105,metro,3.49,15,1,14261.0,10.5182
55131420106,metro,3.49,15,1,14261.0,10.5182
55131420107,metro,3.49,14,1,11421.0,12.2581
55131420108,metro,3.49,7,0,5434.0,12.8819
55131420200,metro,3.49,15,1,16949.0,8.8501
55131420300,metro,3.49,15,1,13616.0,11.0165
55131420401,metro,3.49,15,1,15747.0,9.5256
55131420402,metro,3.49,15,1,15747.0,9.5256
55131430100,metro,3.49,1,0,2076.0,4.817
55131440103,metro,3.49,4,1,8024.0,4.985
55131440104,metro,3.49,4,1,6568.0,6.0901
55131440105,metro,3.49,9,2,8023.0,11.2177
55131440106,metro,3.49,0,0,1606.0,0.0
55131440200,metro,3.49,4,1,8024.0,4.985
55131450103,metro,3.49,2,0,3656.0,5.4705
55131450105,metro,3.49,7,1,5526.0,12.6674
55131450106,metro,3.49,5,1,5496.0,9.0975
55131450107,metro,3.49,2,0,2689.0,7.4377
55131450108,metro,3.49,0,0,5261.0,0.0
55131460101,metro,3.49,0,0,4500.0,0.0
55131460102,metro,3.49,2,0,4500.0,4.4444
55131470100,metro,3.49,9,1,7254.0,12.4069
55131470202,metro,3.49,17,2,18339.0,9.2699
55131470203,metro,3.49,13,2,13361.0,9.7298
55131470204,metro,3.49,17,2,18358.0,9.2603
55133200101,metro,3.49,18,3,15942.0,11.2909
55133200102,metro,3.49,20,3,23087.0,8.6629
55133200103,metro,3.49,19,3,21114.0,8.9988
55133200201,metro,3.49,15,2,20121.0,7.4549
55133200202,metro,3.49,15,2,25676.0,5.842
55133200300,metro,3.49,11,1,15230.0,7.2226
55133200400,metro,3.49,18,3,22497.0,8.0011
55133200500,metro,3.49,24,2,22605.0,10.6171
55133200600,metro,3.49,31,3,36335.0,8.5317
55133200700,metro,3.49,33,2,25078.0,13.1589
55133200801,metro,3.49,22,2,17203.0,12.7885
55133200803,metro,3.49,15,1,14270.0,10.5116
55133200804,metro,3.49,27,2,21917.0,12.3192
55133200901,metro,3.49,48,2,36058.0,13.3119
55133200902,metro,3.49,45,3,21851.0,20.594
55133201001,metro,3.49,46,2,31409.0,14.6455
55133201002,metro,3.49,47,3,34057.0,13.8004
55133201101,metro,3.49,32,1,24693.0,12.9591
55133201102,metro,3.49,49,3,35059.0,13.9764
55133201201,metro,3.49,25,2,21321.0,11.7255
55133201203,metro,3.49,31,1,24160.0,12.8311
55133201204,metro,3.49,28,1,22950.0,12.2004
55133201205,metro,3.49,31,2,20770.0,14.9254
55133201300,metro,3.49,28,3,21104.0,13.2676
55133201402,metro,3.49,43,2,40370.0,10.6515
55133201403,metro,3.49,39,3,29068.0,13.4168
55133201404,metro,3.49,31,3,28828.0,10.7534
55133201504,metro,3.49,20,2,24010.0,8.3299
55133201505,metro,3.49,14,1,21270.0,6.582
55133201506,metro,3.49,23,2,24137.0,9.5289
55133201507,metro,3.49,24,3,34759.0,6.9047
55133201508,metro,3.49,29,2,41715.0,6.9519
55133201600,metro,3.49,8,1,11833.0,6.7608
55133201701,metro,3.49,8,1,15345.0,5.2134
55133201703,metro,3.49,8,1,17149.0,4.665
55133201704,metro,3.49,6,1,10761.0,5.5757
55133201800,metro,3.49,11,3,18310.0,6.0076
55133201900,metro,3.49,7,1,11477.0,6.0992
55133202001,metro,3.49,4,0,5393.0,7.417
55133202002,metro,3.49,2,0,5989.0,3.3395
55133202101,metro,3.49,6,1,11860.0,5.059
55133202102,metro,3.49,9,2,7749.0,11.6144
55133202103,metro,3.49,10,2,14595.0,6.8517
55133202201,metro,3.49,17,4,26657.0,6.3773
55133202203,metro,3.49,22,4,26875.0,8.186
55133202204,metro,3.49,24,4,27164.0,8.8352
55133202301,metro,3.49,16,3,25011.0,6.3972
55133202303,metro,3.49,12,3,21316.0,5.6296
55133202304,metro,3.49,22,3,29083.0,7.5646
55133202400,metro,3.49,20,3,28201.0,7.0919
55133202500,metro,3.49,24,3,29324.0,8.1844
55133202600,metro,3.49,27,4,29083.0,9.2838
55133202700,metro,3.49,28,4,29472.0,9.5005
55133202800,metro,3.49,26,4,32675.0,7.9572
55133202901,metro,3.49,21,3,32473.0,6.4669
55133202902,metro,3.49,22,3,23918.0,9.1981
55133203000,metro,3.49,28,4,32460.0,8.626
55133203103,metro,3.49,27,4,31342.0,8.6146
55133203104,metro,3.49,20,2,27762.0,7.2041
55133203105,metro,3.49,12,1,18470.0,6.497
55133203106,metro,3.49,21,4,29404.0,7.1419
55133203107,metro,3.49,12,3,24086.0,4.9821
55133203200,metro,3.49,17,1,16358.0,10.3925
55133203303,metro,3.49,13,1,15253.0,8.5229
55133203304,metro,3.49,15,2,14752.0,10.1681
55133203305,metro,3.49,17,2,20319.0,8.3666
55133203307,metro,3.49,24,3,24283.0,9.8835
55133203308,metro,3.49,14,2,16344.0,8.5658
55133203402,metro,3.49,11,2,13953.0,7.8836
55133203403,metro,3.49,4,1,10425.0,3.8369
55133203404,metro,3.49,10,2,11982.0,8.3459
55133203405,metro,3.49,7,0,12983.0,5.3917
55133203406,metro,3.49,4,1,7635.0,5.239
55133203501,metro,3.49,1,0,3954.0,2.5291
55133203502,metro,3.49,9,0,10792.0,8.3395
55133203601,metro,3.49,9,0,12716.0,7.0777
55133203602,metro,3.49,10,0,12716.0,7.8641
55133203702,metro,3.49,10,0,5680.0,17.6056
55133203703,metro,3.49,20,1,6839.0,29.244
55133203704,metro,3.49,15,0,11531.0,13.0084
55133203802,metro,3.49,7,1,5614.0,12.4688
55133203803,metro,3.49,1,0,2745.0,3.643
55133203805,metro,3.49,4,0,11080.0,3.6101
55133203806,metro,3.49,1,0,6012.0,1.6633
55133203901,metro,3.49,7,1,5614.0,12.4688
55133203902,metro,3.49,7,1,7757.0,9.0241
55133204002,metro,3.49,2,0,2237.0,8.9405
55133204003,metro,3.49,1,0,3192.0,3.1328
55133204004,metro,3.49,0,0,3192.0,0.0
55133204100,metro,3.49,7,1,4055.0,17.2626
55133204201,metro,3.49,10,2,9917.0,10.0837
55133204202,metro,3.49,9,2,8530.0,10.551
55133204301,metro,3.49,7,2,12276.0,5.7022
55133204302,metro,3.49,10,2,12191.0,8.2028
55133204400,metro,3.49,5,1,8530.0,5.8617
55133204501,metro,3.49,1,0,4089.0,2.4456
55133204503,metro,3.49,8,2,9889.0,8.0898
55133204504,metro,3.49,3,1,7851.0,3.8212
55135100100,rural,20.81,25,2,33718.0,7.4144
55135100200,rural,20.81,29,2,28149.0,10.3023
55135100300,rural,20.81,37,3,39022.0,9.4818
55135100400,rural,20.81,28,1,30896.0,9.0627
55135100500,rural,20.81,34,2,35605.0,9.5492
55135100600,rural,20.81,28,2,32517.0,8.6109
55135100700,rural,20.81,26,2,34463.0,7.5443
55135100800,rural,20.81,55,7,88668.0,6.2029
55135100900,rural,20.81,66,7,88393.0,7.4667
55135101000,rural,20.81,21,1,29279.0,7.1724
55135101100,rural,20.81,25,2,34870.0,7.1695
55135101200,rural,20.81,28,1,38172.0,7.3352
55137960100,rural,20.81,30,4,41067.0,7.3051
55137960201,rural,20.81,26,2,28765.0,9.0388
55137960202,rural,20.81,29,3,30581.0,9.483
55137960300,rural,20.81,27,2,32491.0,8.31
55137960400,rural,20.81,25,1,22661.0,11.0322
55137960600,rural,20.81,24,2,25808.0,9.2994
55137960700,rural,20.81,27,3,36751.0,7.3467
55137960800,rural,20.81,22,2,21508.0,10.2288
55139000100,metro,3.49,13,3,20660.0,6.2924
55139000200,metro,3.49,14,4,20660.0,6.7764
55139000300,metro,3.49,0,0,4035.0,0.0
55139000400,metro,3.49,12,3,17230.0,6.9646
55139000501,metro,3.49,15,4,18948.0,7.9164
55139000502,metro,3.49,15,4,18948.0,7.9164
55139000700,metro,3.49,15,4,23859.0,6.2869
55139000800,metro,3.49,15,4,25013.0,5.9969
55139000900,metro,3.49,12,3,21826.0,5.498
55139001000,metro,3.49,15,4,27350.0,5.4845
55139001100,metro,3.49,15,4,26196.0,5.7261
55139001200,metro,3.49,15,4,24475.0,6.1287
55139001300,metro,3.49,15,4,24475.0,6.1287
55139001400,metro,3.49,14,4,21699.0,6.4519
55139001500,metro,3.49,12,3,17486.0,6.8626
55139001600,metro,3.49,0,0,1458.0,0.0
55139001700,metro,3.49,5,1,7152.0,6.9911
55139001801,metro,3.49,11,3,14376.0,7.6516
55139001803,metro,3.49,11,3,18170.0,6.0539
55139001804,metro,3.49,8,2,15403.0,5.1938
55139001900,metro,3.49,0,0,2331.0,0.0
55139002001,metro,3.49,2,0,1193.0,16.7645
55139002002,metro,3.49,0,0,1954.0,0.0
55139002100,metro,3.49,0,0,1457.0,0.0
55139002201,metro,3.49,2,1,2097.0,9.5374
55139002202,metro,3.49,0,0,1301.0,0.0
55139002300,metro,3.49,0,0,4790.0,0.0
55139002401,metro,3.49,14,2,24685.0,5.6715
55139002402,metro,3.49,11,1,16292.0,6.7518
55139002500,metro,3.49,26,3,42516.0,6.1153
55139002601,metro,3.49,18,2,36760.0,4.8966
55139002602,metro,3.49,20,1,36208.0,5.5236
55139002700,metro,3.49,15,3,26723.0,5.6131
55139002800,metro,3.49,7,2,32251.0,2.1705
55139002900,metro,3.49,13,3,27712.0,4.6911
55139003000,metro,3.49,12,3,22904.0,5.2393
55139003100,metro,3.49,10,2,22904.0,4.366
55139003200,metro,3.49,8,2,19938.0,4.0124
55139003300,metro,3.49,8,2,20781.0,3.8497
55139003400,metro,3.49,8,2,23280.0,3.4364
55139003500,metro,3.49,8,2,15185.0,5.2684
55139003600,metro,3.49,8,2,14905.0,5.3673
55139003701,metro,3.49,7,2,15185.0,4.6098
55139003703,metro,3.49,6,2,10860.0,5.5249
55139003704,metro,3.49,2,0,6979.0,2.8657
55141010100,micro,13.14,12,2,17575.0,6.8279
55141010200,micro,13.14,14,2,17454.0,8.0211
55141010300,micro,13.14,14,2,17454.0,8.0211
55141010400,micro,13.14,14,2,17454.0,8.0211
55141010500,micro,13.14,14,2,17454.0,8.0211
55141010600,micro,13.14,14,2,17454.0,8.0211
55141010700,micro,13.14,12,3,15578.0,7.7032
55141010800,micro,13.14,0,1,2604.0,0.0
55141010900,micro,13.14,15,2,19517.0,7.6856
55141011000,micro,13.14,26,3,33217.0,7.8273
55141011100,micro,13.14,21,2,32710.0,6.4201
55141011200,micro,13.14,17,2,21097.0,8.058
55141011300,micro,13.14,18,1,24520.0,7.3409
55141011400,micro,13.14,18,1,24520.0,7.3409
55141011500,micro,13.14,23,2,25983.0,8.8519
55141011600,micro,13.14,17,1,23373.0,7.2733
55141011700,micro,13.14,18,1,20225.0,8.8999
