tract_geoid,county_name,cbsa_title,tier,households,lmi_flag,household_growth,median_income,deposit_market_growth,competitor_saturation,unmet_mortgage_demand,contrib_household_growth,contrib_median_income,contrib_deposit_market_growth,contrib_competitor_saturation,contrib_unmet_mortgage_demand,components_present,opportunity_score,growth_is_estimated,tract_partly_unmeasured,lmi_undetermined,county_growth_heavily_adjusted,retail_basis_status
17093890402,Kendall County,"Chicago-Naperville-Elgin, IL-IN",metro,3738,False,4.014,142614,10.204,6.079,412.0,0.278,0.2296,0.8332,0.0728,1.2863,5,2.6999,True,False,False,False,measured
17093890105,Kendall County,"Chicago-Naperville-Elgin, IL-IN",metro,2700,False,1.435,126940,10.204,5.547,391.0,0.0623,0.1672,0.8332,0.0977,1.205,5,2.3654,True,False,False,False,measured
17093890404,Kendall County,"Chicago-Naperville-Elgin, IL-IN",metro,3220,False,4.014,103546,10.204,2.731,266.0,0.278,0.0741,0.8332,0.2295,0.7211,5,2.136,True,False,False,False,measured
17163503404,St. Clair County,"St. Louis, MO-IL",metro,2855,False,7.125,161276,6.452,8.417,329.0,0.5383,0.3038,0.3247,-0.0367,0.965,5,2.095,False,False,False,False,measured
17089850707,Kane County,"Chicago-Naperville-Elgin, IL-IN",metro,3571,False,5.393,135029,5.101,6.618,403.0,0.3934,0.1994,0.1416,0.0475,1.2515,5,2.0334,True,False,False,False,measured
55109120401,St. Croix County,"Minneapolis-St. Paul-Bloomington, MN-WI",metro,2918,False,3.829,115781,9.176,3.427,266.0,0.2626,0.1228,0.694,0.1969,0.7211,5,1.9974,True,False,False,False,measured
17093890702,Kendall County,"Chicago-Naperville-Elgin, IL-IN",metro,1710,False,-1.523,139750,10.204,0.0,264.0,-0.1851,0.2182,0.8332,0.3574,0.7133,5,1.9371,True,False,False,False,measured
17093890602,Kendall County,"Chicago-Naperville-Elgin, IL-IN",metro,2055,False,0.12,125190,10.204,0.0,220.0,-0.0477,0.1602,0.8332,0.3574,0.543,5,1.8462,True,False,False,False,measured
17093890401,Kendall County,"Chicago-Naperville-Elgin, IL-IN",metro,2630,False,4.014,106484,10.204,5.407,218.0,0.278,0.0858,0.8332,0.1042,0.5353,5,1.8366,True,False,False,False,measured
17093890107,Kendall County,"Chicago-Naperville-Elgin, IL-IN",metro,1580,False,0.932,141429,10.204,8.124,279.0,0.0203,0.2248,0.8332,-0.023,0.7714,5,1.8267,True,False,False,False,measured
55025013202,Dane County,"Madison, WI",metro,3198,False,4.035,114691,2.659,3.89,446.0,0.2798,0.1185,-0.1893,0.1753,1.4179,5,1.8022,True,False,False,False,measured
17093890703,Kendall County,"Chicago-Naperville-Elgin, IL-IN",metro,2766,False,-1.523,119250,10.204,0.0,246.0,-0.1851,0.1366,0.8332,0.3574,0.6437,5,1.7858,True,False,False,False,measured
55109120502,St. Croix County,"Minneapolis-St. Paul-Bloomington, MN-WI",metro,2705,False,3.15,100943,9.176,3.799,238.0,0.2058,0.0638,0.694,0.1795,0.6127,5,1.7558,False,False,False,False,measured
55087013300,Outagamie County,"Appleton, WI",metro,3889,False,6.64,106166,3.366,4.566,365.0,0.4977,0.0846,-0.0936,0.1436,1.1044,5,1.7367,False,False,False,False,measured
55063010202,La Crosse County,"La Crosse-Onalaska, WI-MN",metro,3362,False,6.261,95755,8.411,9.347,265.0,0.466,0.0432,0.5902,-0.0803,0.7172,5,1.7363,True,False,False,False,measured
17197880317,Will County,"Chicago-Naperville-Elgin, IL-IN",metro,2146,False,3.873,179423,4.616,4.63,306.0,0.2662,0.376,0.0758,0.1406,0.8759,5,1.7346,True,False,False,False,measured
17197883510,Will County,"Chicago-Naperville-Elgin, IL-IN",metro,2453,False,8.665,152375,4.616,7.835,265.0,0.6671,0.2684,0.0758,-0.0095,0.7172,5,1.7191,False,False,False,False,measured
17063000103,Grundy County,"Chicago-Naperville-Elgin, IL-IN",metro,2666,False,4.923,108803,6.278,1.827,259.0,0.354,0.0951,0.3011,0.2719,0.694,5,1.7161,False,False,False,False,measured
17197880322,Will County,"Chicago-Naperville-Elgin, IL-IN",metro,2110,False,5.716,238068,4.616,5.671,210.0,0.4204,0.6093,0.0758,0.0919,0.5043,5,1.7016,True,False,False,False,measured
55109120906,St. Croix County,"Minneapolis-St. Paul-Bloomington, MN-WI",metro,1425,False,2.024,187750,9.176,0.0,112.0,0.1116,0.4091,0.694,0.3574,0.1249,5,1.697,True,False,False,False,measured
55025010702,Dane County,"Madison, WI",metro,5169,False,8.066,109683,2.659,3.429,330.0,0.617,0.0986,-0.1893,0.1969,0.9689,5,1.692,False,False,False,False,measured
55109121000,St. Croix County,"Minneapolis-St. Paul-Bloomington, MN-WI",metro,2968,False,1.076,110536,9.176,3.369,251.0,0.0323,0.102,0.694,0.1997,0.663,5,1.6909,False,False,False,False,measured
17143003900,Peoria County,"Peoria, IL",metro,3208,False,4.559,162500,4.713,0.0,232.0,0.3236,0.3087,0.089,0.3574,0.5895,5,1.6682,True,False,False,False,measured
55133200300,Waukesha County,"Milwaukee-Waukesha, WI",metro,2442,False,6.216,107069,5.429,7.223,315.0,0.4622,0.0882,0.1861,0.0192,0.9108,5,1.6665,False,False,False,False,measured
17197880318,Will County,"Chicago-Naperville-Elgin, IL-IN",metro,1212,False,3.873,202786,4.616,8.421,306.0,0.2662,0.4689,0.0758,-0.037,0.8759,5,1.65,True,False,False,False,measured
17197880314,Will County,"Chicago-Naperville-Elgin, IL-IN",metro,2075,False,-0.202,174539,4.616,4.326,366.0,-0.0746,0.3565,0.0758,0.1548,1.1082,5,1.6208,False,False,False,False,measured
55109120402,St. Croix County,"Minneapolis-St. Paul-Bloomington, MN-WI",metro,1805,False,3.829,113337,9.176,0.0,129.0,0.2626,0.1131,0.694,0.3574,0.1907,5,1.6178,True,False,False,False,measured
17093890403,Kendall County,"Chicago-Naperville-Elgin, IL-IN",metro,1702,False,4.014,128241,10.204,2.749,106.0,0.278,0.1724,0.8332,0.2287,0.1017,5,1.614,True,False,False,False,measured
17089850711,Kane County,"Chicago-Naperville-Elgin, IL-IN",metro,1594,False,5.393,156786,5.101,2.503,217.0,0.3934,0.2859,0.1416,0.2402,0.5314,5,1.5925,True,False,False,False,measured
17093890501,Kendall County,"Chicago-Naperville-Elgin, IL-IN",metro,3358,False,1.66,86749,10.204,5.252,222.0,0.0811,0.0073,0.8332,0.1115,0.5507,5,1.5839,True,False,False,False,measured
17113005401,McLean County,"Bloomington, IL",metro,2503,False,2.1,136917,6.799,0.0,207.0,0.1179,0.2069,0.3718,0.3574,0.4927,5,1.5467,True,False,False,True,measured
17093890108,Kendall County,"Chicago-Naperville-Elgin, IL-IN",metro,1830,False,0.932,160664,10.204,4.528,140.0,0.0203,0.3014,0.8332,0.1454,0.2333,5,1.5335,True,False,False,False,measured
55015020308,Calumet County,"Appleton, WI",metro,2104,False,5.963,122866,6.456,3.584,187.0,0.4411,0.151,0.3252,0.1896,0.4152,5,1.5221,False,False,False,False,measured
55109120904,St. Croix County,"Minneapolis-St. Paul-Bloomington, MN-WI",metro,1708,False,2.925,126500,9.176,0.0,110.0,0.187,0.1655,0.694,0.3574,0.1171,5,1.521,True,False,False,False,measured
17089851907,Kane County,"Chicago-Naperville-Elgin, IL-IN",metro,3191,False,4.595,126767,5.101,6.615,294.0,0.3267,0.1665,0.1416,0.0476,0.8295,5,1.5119,False,False,False,False,measured
17093890104,Kendall County,"Chicago-Naperville-Elgin, IL-IN",metro,2234,False,1.435,128462,10.204,4.091,151.0,0.0623,0.1733,0.8332,0.1659,0.2759,5,1.5105,True,False,False,False,measured
17089850710,Kane County,"Chicago-Naperville-Elgin, IL-IN",metro,1945,False,5.393,145234,5.101,0.0,177.0,0.3934,0.24,0.1416,0.3574,0.3765,5,1.509,True,False,False,False,measured
55015020306,Calumet County,"Appleton, WI",metro,2834,False,3.064,104322,6.456,2.025,245.0,0.1986,0.0772,0.3252,0.2626,0.6398,5,1.5035,False,False,False,False,measured
55133203406,Waukesha County,"Milwaukee-Waukesha, WI",metro,2558,False,-0.016,137188,5.429,5.239,349.0,-0.059,0.208,0.1861,0.1121,1.0424,5,1.4895,False,False,False,False,measured
55133204301,Waukesha County,"Milwaukee-Waukesha, WI",metro,2911,False,3.748,122992,5.429,5.702,287.0,0.2558,0.1515,0.1861,0.0904,0.8024,5,1.4862,False,False,False,False,measured
55109120501,St. Croix County,"Minneapolis-St. Paul-Bloomington, MN-WI",metro,2560,True,2.716,77642,9.176,3.799,200.0,0.1695,-0.0289,0.694,0.1795,0.4656,5,1.4797,False,False,False,False,measured
17093890106,Kendall County,"Chicago-Naperville-Elgin, IL-IN",metro,1686,False,0.932,112202,10.204,7.51,200.0,0.0203,0.1086,0.8332,0.0057,0.4656,5,1.4334,True,False,False,False,measured
55055101600,Jefferson County,"Watertown-Fort Atkinson, WI",micro,2902,False,8.83,83233,7.566,4.218,111.0,0.6809,-0.0067,0.4757,0.1599,0.121,5,1.4309,False,False,False,False,measured
17089850709,Kane County,"Chicago-Naperville-Elgin, IL-IN",metro,1566,False,5.393,169615,5.101,0.0,128.0,0.3934,0.337,0.1416,0.3574,0.1868,5,1.4162,True,False,False,False,measured
55109120602,St. Croix County,"Minneapolis-St. Paul-Bloomington, MN-WI",metro,2140,False,0.365,89786,9.176,0.0,174.0,-0.0272,0.0194,0.694,0.3574,0.3649,5,1.4085,True,False,False,False,measured
17031833100,Cook County,"Chicago-Naperville-Elgin, IL-IN",metro,5528,False,7.503,164825,3.233,8.834,257.0,0.5699,0.3179,-0.1116,-0.0563,0.6862,5,1.4062,False,False,False,True,measured
17089850706,Kane County,"Chicago-Naperville-Elgin, IL-IN",metro,898,True,1.445,91731,5.101,5.278,350.0,0.0631,0.0271,0.1416,0.1102,1.0463,5,1.3884,True,False,False,False,measured
17031081800,Cook County,"Chicago-Naperville-Elgin, IL-IN",metro,8462,False,6.132,147354,3.233,8.988,300.0,0.4552,0.2484,-0.1116,-0.0635,0.8527,5,1.3813,False,False,False,True,measured
17197880323,Will County,"Chicago-Naperville-Elgin, IL-IN",metro,2815,False,5.716,192865,4.616,6.351,180.0,0.4204,0.4294,0.0758,0.06,0.3881,5,1.3738,True,False,False,False,measured
17093890301,Kendall County,"Chicago-Naperville-Elgin, IL-IN",metro,2342,False,2.507,112984,10.204,7.117,145.0,0.152,0.1117,0.8332,0.0241,0.2526,5,1.3736,False,False,False,False,measured
17095001300,Knox County,"Galesburg, IL",micro,1672,False,4.351,74118,12.498,8.079,76.0,0.3063,-0.0429,1.1442,-0.0209,-0.0145,5,1.3721,False,False,False,False,measured
55073001203,Marathon County,"Wausau, WI",metro,2011,False,2.546,132654,6.882,1.165,160.0,0.1553,0.1899,0.383,0.3029,0.3107,5,1.3418,True,False,False,False,measured
55093960500,Pierce County,"Minneapolis-St. Paul-Bloomington, MN-WI",metro,3582,False,3.256,100924,5.579,0.0,203.0,0.2146,0.0637,0.2063,0.3574,0.4772,5,1.3193,False,False,False,False,measured
17113005102,McLean County,"Bloomington, IL",metro,2838,False,1.805,111163,6.799,0.0,180.0,0.0933,0.1044,0.3718,0.3574,0.3881,5,1.3151,False,False,False,True,measured
17111871502,McHenry County,"Chicago-Naperville-Elgin, IL-IN",metro,2829,False,1.468,121671,4.254,7.07,350.0,0.0651,0.1462,0.0269,0.0264,1.0463,5,1.3109,True,False,False,False,measured
55109120901,St. Croix County,"Minneapolis-St. Paul-Bloomington, MN-WI",metro,2232,False,4.509,92854,9.176,6.617,136.0,0.3194,0.0316,0.694,0.0475,0.2178,5,1.3103,False,False,False,False,measured
17111870809,McHenry County,"Chicago-Naperville-Elgin, IL-IN",metro,2843,False,3.206,114258,4.254,2.795,266.0,0.2105,0.1168,0.0269,0.2265,0.7211,5,1.3017,False,False,False,False,measured
55017010700,Chippewa County,"Eau Claire, WI",metro,3753,False,2.973,87572,7.827,4.846,198.0,0.191,0.0106,0.511,0.1305,0.4578,5,1.301,False,False,False,False,measured
55025010907,Dane County,"Madison, WI",metro,2262,False,5.441,164357,2.659,2.691,218.0,0.3974,0.316,-0.1893,0.2314,0.5353,5,1.2908,True,False,False,False,measured
55017010900,Chippewa County,"Eau Claire, WI",metro,2371,True,4.896,57880,7.827,0.0,125.0,0.3518,-0.1075,0.511,0.3574,0.1752,5,1.288,False,False,False,False,measured
55025012003,Dane County,"Madison, WI",metro,2896,False,6.268,142762,2.659,5.685,257.0,0.4666,0.2301,-0.1893,0.0912,0.6862,5,1.2848,True,False,False,False,measured
55047100400,Green Lake County,,rural,1336,False,1.522,84028,13.301,9.745,94.0,0.0696,-0.0035,1.253,-0.0989,0.0552,5,1.2754,False,False,False,False,measured
17089851801,Kane County,"Chicago-Naperville-Elgin, IL-IN",metro,3263,False,5.925,116563,5.101,7.31,221.0,0.4379,0.1259,0.1416,0.0151,0.5469,5,1.2674,False,False,False,False,measured
55021970900,Columbia County,"Madison, WI",metro,2079,False,0.452,122165,6.307,0.0,202.0,-0.0199,0.1482,0.3051,0.3574,0.4733,5,1.2641,False,False,False,False,measured
17031838300,Cook County,"Chicago-Naperville-Elgin, IL-IN",metro,1840,False,18.848,114020,3.233,8.928,25.0,1.5189,0.1158,-0.1116,-0.0607,-0.2119,5,1.2505,False,True,False,True,measured
17097860906,Lake County,"Chicago-Naperville-Elgin, IL-IN",metro,3864,False,3.398,138844,2.585,4.353,300.0,0.2265,0.2146,-0.1993,0.1536,0.8527,5,1.248,False,False,False,True,measured
17197881009,Will County,"Chicago-Naperville-Elgin, IL-IN",metro,2678,False,3.526,141618,4.616,3.691,213.0,0.2372,0.2256,0.0758,0.1846,0.5159,5,1.2391,False,False,False,False,measured
55055101702,Jefferson County,"Watertown-Fort Atkinson, WI",micro,2258,False,4.534,90227,7.566,6.733,176.0,0.3215,0.0212,0.4757,0.0421,0.3727,5,1.2332,False,False,False,False,measured
17197880320,Will County,"Chicago-Naperville-Elgin, IL-IN",metro,1004,False,1.311,156117,4.616,5.421,263.0,0.052,0.2833,0.0758,0.1036,0.7095,5,1.2241,True,False,False,False,measured
55133201900,Waukesha County,"Milwaukee-Waukesha, WI",metro,2374,False,2.988,129238,5.429,6.099,234.0,0.1923,0.1763,0.1861,0.0718,0.5972,5,1.2237,False,False,False,False,measured
55017010400,Chippewa County,"Eau Claire, WI",metro,2096,False,1.527,100486,7.827,0.0,137.0,0.07,0.062,0.511,0.3574,0.2217,5,1.2221,False,False,False,False,measured
55047100200,Green Lake County,,rural,1380,False,1.453,65804,13.301,8.644,87.0,0.0638,-0.076,1.253,-0.0474,0.0281,5,1.2215,False,False,False,False,measured
55025013700,Dane County,"Madison, WI",metro,3739,False,7.759,107580,2.659,5.515,242.0,0.5913,0.0902,-0.1893,0.0992,0.6282,5,1.2195,False,False,False,False,measured
55109120601,St. Croix County,"Minneapolis-St. Paul-Bloomington, MN-WI",metro,966,False,0.365,127500,9.176,0.0,86.0,-0.0272,0.1694,0.694,0.3574,0.0242,5,1.2179,True,False,False,False,measured
17197880424,Will County,"Chicago-Naperville-Elgin, IL-IN",metro,1309,False,2.098,173880,4.616,7.843,252.0,0.1178,0.3539,0.0758,-0.0099,0.6669,5,1.2045,True,False,False,False,measured
55031030200,Douglas County,"Duluth, MN-WI",metro,2051,False,-0.735,96146,8.741,0.0,150.0,-0.1192,0.0447,0.635,0.3574,0.272,5,1.1899,False,False,False,False,measured
17197881113,Will County,"Chicago-Naperville-Elgin, IL-IN",metro,1906,False,5.289,149318,4.616,9.463,224.0,0.3847,0.2562,0.0758,-0.0857,0.5585,5,1.1895,False,False,False,False,measured
55047100600,Green Lake County,,rural,1547,False,1.207,72011,13.301,10.987,104.0,0.0432,-0.0513,1.253,-0.1571,0.0939,5,1.1817,False,False,False,False,measured
17167003100,Sangamon County,"Springfield, IL",metro,3347,False,2.155,117950,7.206,7.586,203.0,0.1226,0.1314,0.4269,0.0021,0.4772,5,1.1603,False,False,False,False,measured
55055100500,Jefferson County,"Watertown-Fort Atkinson, WI",micro,2924,False,1.889,91414,7.566,6.699,212.0,0.1003,0.0259,0.4757,0.0437,0.512,5,1.1576,False,False,False,False,measured
55063010101,La Crosse County,"La Crosse-Onalaska, WI-MN",metro,2041,False,-1.056,83506,8.411,0.0,173.0,-0.1461,-0.0056,0.5902,0.3574,0.361,5,1.1571,False,False,False,False,measured
17089852101,Kane County,"Chicago-Naperville-Elgin, IL-IN",metro,2375,False,2.186,193591,5.101,8.49,207.0,0.1252,0.4323,0.1416,-0.0401,0.4927,5,1.1516,False,False,False,False,measured
17089854509,Kane County,"Chicago-Naperville-Elgin, IL-IN",metro,2447,False,3.803,147583,5.101,7.258,204.0,0.2604,0.2493,0.1416,0.0175,0.4811,5,1.1499,True,False,False,False,measured
17093890103,Kendall County,"Chicago-Naperville-Elgin, IL-IN",metro,2267,False,1.435,84069,10.204,4.512,107.0,0.0623,-0.0033,0.8332,0.1461,0.1055,5,1.1438,True,False,False,False,measured
17197880309,Will County,"Chicago-Naperville-Elgin, IL-IN",metro,1755,False,4.133,197298,4.616,4.693,129.0,0.288,0.4471,0.0758,0.1376,0.1907,5,1.1393,True,False,False,False,measured
55039042002,Fond du Lac County,"Fond du Lac, WI",metro,2374,False,2.643,105345,5.907,0.0,153.0,0.1633,0.0813,0.2508,0.3574,0.2836,5,1.1365,True,False,False,False,measured
17197880316,Will County,"Chicago-Naperville-Elgin, IL-IN",metro,1291,False,5.049,250001,4.616,7.643,90.0,0.3646,0.6567,0.0758,-0.0005,0.0397,5,1.1364,True,False,False,False,measured
17197880421,Will County,"Chicago-Naperville-Elgin, IL-IN",metro,2082,False,2.315,142685,4.616,8.083,257.0,0.136,0.2298,0.0758,-0.0211,0.6862,5,1.1068,True,False,False,False,measured
17089850708,Kane County,"Chicago-Naperville-Elgin, IL-IN",metro,1403,False,5.393,142399,5.101,2.856,109.0,0.3934,0.2287,0.1416,0.2237,0.1133,5,1.1007,True,False,False,False,measured
17031291600,Cook County,"Chicago-Naperville-Elgin, IL-IN",metro,626,False,17.043,118906,3.233,7.893,7.0,1.3679,0.1352,-0.1116,-0.0122,-0.2816,5,1.0978,False,False,False,True,measured
17119403533,Madison County,"St. Louis, MO-IL",metro,4518,False,1.616,106981,3.735,6.476,317.0,0.0775,0.0878,-0.0435,0.0541,0.9185,5,1.0945,False,False,False,False,measured
55045960100,Green County,"Madison, WI",metro,2690,False,1.004,99691,4.862,0.0,219.0,0.0263,0.0588,0.1093,0.3574,0.5391,5,1.091,False,False,False,False,measured
55073001204,Marathon County,"Wausau, WI",metro,1908,False,2.546,89397,6.882,0.0,125.0,0.1553,0.0179,0.383,0.3574,0.1752,5,1.0888,True,False,False,False,measured
55025010600,Dane County,"Madison, WI",metro,2548,False,2.145,120948,2.659,1.601,268.0,0.1217,0.1434,-0.1893,0.2825,0.7288,5,1.0871,True,False,False,False,measured
17095000300,Knox County,"Galesburg, IL",micro,2109,False,2.228,59010,12.498,9.365,79.0,0.1286,-0.103,1.1442,-0.0812,-0.0029,5,1.0858,False,False,False,False,measured
17167003901,Sangamon County,"Springfield, IL",metro,1965,False,0.96,116250,7.206,0.0,119.0,0.0226,0.1247,0.4269,0.3574,0.152,5,1.0836,True,False,False,False,measured
17091010201,Kankakee County,"Kankakee, IL",metro,913,False,5.188,134688,5.833,0.0,56.0,0.3762,0.198,0.2408,0.3574,-0.0919,5,1.0806,False,False,False,False,measured
55073001900,Marathon County,"Wausau, WI",metro,2506,False,1.715,85139,6.882,0.0,144.0,0.0857,0.0009,0.383,0.3574,0.2488,5,1.0758,False,False,False,False,measured
55045960200,Green County,"Madison, WI",metro,2298,False,0.853,106207,4.862,0.0,211.0,0.0137,0.0847,0.1093,0.3574,0.5082,5,1.0733,False,False,False,False,measured
55031030301,Douglas County,"Duluth, MN-WI",metro,1376,False,0.275,82500,8.741,0.0,111.0,-0.0347,-0.0096,0.635,0.3574,0.121,5,1.0691,True,False,False,False,measured
55105003002,Rock County,"Janesville-Beloit, WI",metro,2296,False,0.771,110724,3.865,2.25,267.0,0.0068,0.1027,-0.0259,0.2521,0.725,5,1.0606,False,False,False,False,measured
55131460101,Washington County,"Milwaukee-Waukesha, WI",metro,2249,False,-1.476,153407,4.101,0.0,236.0,-0.1812,0.2725,0.0061,0.3574,0.6049,5,1.0598,False,False,False,False,measured
55139002300,Winnebago County,"Oshkosh-Neenah, WI",metro,2507,False,3.483,126547,1.083,0.0,262.0,0.2336,0.1656,-0.4029,0.3574,0.7056,5,1.0594,False,False,False,False,measured
55047100300,Green Lake County,,rural,1359,False,1.275,63359,13.301,10.246,70.0,0.049,-0.0857,1.253,-0.1224,-0.0377,5,1.0561,False,False,False,False,measured
55025010905,Dane County,"Madison, WI",metro,3583,False,6.468,109982,2.659,8.459,257.0,0.4833,0.0997,-0.1893,-0.0387,0.6862,5,1.0413,True,False,False,False,measured
55047100100,Green Lake County,,rural,1420,False,-0.396,62411,13.301,7.461,67.0,-0.0908,-0.0895,1.253,0.008,-0.0493,5,1.0314,False,False,False,False,measured
55073001600,Marathon County,"Wausau, WI",metro,2273,False,-0.657,88777,6.882,0.0,180.0,-0.1126,0.0154,0.383,0.3574,0.3881,5,1.0313,False,False,False,False,measured
17197883505,Will County,"Chicago-Naperville-Elgin, IL-IN",metro,2820,False,2.284,155086,4.616,11.373,265.0,0.1333,0.2792,0.0758,-0.1752,0.7172,5,1.0304,False,False,False,False,measured
55009020504,Brown County,"Green Bay, WI",metro,2745,False,3.99,130406,2.607,7.754,280.0,0.276,0.181,-0.1964,-0.0057,0.7753,5,1.0303,False,False,False,True,measured
55025011301,Dane County,"Madison, WI",metro,2982,False,3.464,118243,2.659,8.666,312.0,0.232,0.1326,-0.1893,-0.0484,0.8992,5,1.0261,False,False,False,False,measured
17089854505,Kane County,"Chicago-Naperville-Elgin, IL-IN",metro,2416,False,2.396,173205,5.101,6.025,161.0,0.1427,0.3512,0.1416,0.0753,0.3146,5,1.0254,True,False,False,False,measured
55063010403,La Crosse County,"La Crosse-Onalaska, WI-MN",metro,2916,False,3.924,91706,8.411,8.514,125.0,0.2706,0.027,0.5902,-0.0413,0.1752,5,1.0218,True,False,False,False,measured
17201003801,Winnebago County,"Rockford, IL",metro,2448,False,1.463,95633,5.151,0.0,185.0,0.0647,0.0427,0.1484,0.3574,0.4075,5,1.0207,False,False,False,False,measured
55029100800,Door County,,rural,3064,False,3.668,61627,7.5,5.474,156.0,0.2491,-0.0926,0.4667,0.1011,0.2952,5,1.0195,False,False,False,False,measured
55031020500,Douglas County,"Duluth, MN-WI",metro,1186,False,4.341,93313,8.741,6.319,75.0,0.3054,0.0334,0.635,0.0615,-0.0183,5,1.0169,False,False,False,False,measured
55017010300,Chippewa County,"Eau Claire, WI",metro,2533,False,2.831,58245,7.827,4.915,158.0,0.1791,-0.1061,0.511,0.1273,0.303,5,1.0143,False,False,False,False,measured
55073001300,Marathon County,"Wausau, WI",metro,2977,False,3.007,94294,6.882,8.787,197.0,0.1938,0.0373,0.383,-0.0541,0.454,5,1.014,False,False,False,False,measured
17167003802,Sangamon County,"Springfield, IL",metro,2789,False,2.278,90074,7.206,2.682,131.0,0.1328,0.0206,0.4269,0.2318,0.1984,5,1.0105,False,False,False,False,measured
17089852806,Kane County,"Chicago-Naperville-Elgin, IL-IN",metro,2419,False,1.902,163542,5.101,5.971,175.0,0.1014,0.3128,0.1416,0.0778,0.3688,5,1.0024,False,False,False,False,measured
17031081900,Cook County,"Chicago-Naperville-Elgin, IL-IN",metro,741,False,10.197,225694,3.233,8.861,32.0,0.7953,0.56,-0.1116,-0.0575,-0.1848,5,1.0014,False,False,False,True,measured
55073001800,Marathon County,"Wausau, WI",metro,2183,False,0.457,92645,6.882,0.0,144.0,-0.0195,0.0308,0.383,0.3574,0.2488,5,1.0005,False,False,False,False,measured
55109120700,St. Croix County,"Minneapolis-St. Paul-Bloomington, MN-WI",metro,1890,False,1.366,88594,9.176,5.291,112.0,0.0566,0.0147,0.694,0.1097,0.1249,5,0.9997,False,False,False,False,measured
17097864402,Lake County,"Chicago-Naperville-Elgin, IL-IN",metro,2857,False,2.36,198291,2.585,3.194,183.0,0.1397,0.451,-0.1993,0.2079,0.3998,5,0.999,False,False,False,True,measured
17095000200,Knox County,"Galesburg, IL",micro,1248,False,-0.679,78370,12.498,8.858,93.0,-0.1145,-0.026,1.1442,-0.0574,0.0513,5,0.9976,False,False,False,False,measured
17095001500,Knox County,"Galesburg, IL",micro,1702,False,1.294,62526,12.498,7.646,51.0,0.0506,-0.089,1.1442,-0.0006,-0.1113,5,0.9938,False,False,False,False,measured
55109120201,St. Croix County,"Minneapolis-St. Paul-Bloomington, MN-WI",metro,2704,False,2.536,95822,9.176,12.286,162.0,0.1544,0.0434,0.694,-0.218,0.3185,5,0.9923,False,False,False,False,measured
55017011002,Chippewa County,"Eau Claire, WI",metro,1796,False,0.541,91250,7.827,0.0,108.0,-0.0125,0.0252,0.511,0.3574,0.1094,5,0.9906,True,False,False,False,measured
17093890302,Kendall County,"Chicago-Naperville-Elgin, IL-IN",metro,1997,False,-2.068,95239,10.204,6.942,160.0,-0.2307,0.0411,0.8332,0.0323,0.3107,5,0.9867,False,False,False,False,measured
55021971000,Columbia County,"Madison, WI",metro,1716,False,1.519,90595,6.307,0.0,139.0,0.0693,0.0226,0.3051,0.3574,0.2294,5,0.9839,False,False,False,False,measured
55073001106,Marathon County,"Wausau, WI",metro,2479,False,2.062,101343,6.882,7.704,189.0,0.1148,0.0654,0.383,-0.0034,0.423,5,0.9828,True,False,False,False,measured
55017010200,Chippewa County,"Eau Claire, WI",metro,3168,False,2.647,66114,7.827,8.831,193.0,0.1637,-0.0748,0.511,-0.0562,0.4385,5,0.9823,False,False,False,False,measured
17093890502,Kendall County,"Chicago-Naperville-Elgin, IL-IN",metro,1628,False,1.66,94500,10.204,10.028,116.0,0.0811,0.0382,0.8332,-0.1122,0.1404,5,0.9807,True,False,False,False,measured
55025010503,Dane County,"Madison, WI",metro,2027,False,2.312,127313,2.659,1.265,226.0,0.1357,0.1687,-0.1893,0.2982,0.5662,5,0.9795,True,False,False,False,measured
55089660201,Ozaukee County,"Milwaukee-Waukesha, WI",metro,1980,False,6.152,146750,2.924,5.039,158.0,0.4569,0.246,-0.1535,0.1214,0.303,5,0.9738,False,False,False,False,measured
55059002606,Kenosha County,"Kenosha, WI",metro,1773,False,4.901,123894,4.613,5.837,159.0,0.3523,0.1551,0.0754,0.0841,0.3068,5,0.9737,True,False,False,False,measured
55109120202,St. Croix County,"Minneapolis-St. Paul-Bloomington, MN-WI",metro,1841,False,0.87,145728,9.176,9.916,113.0,0.0151,0.2419,0.694,-0.1069,0.1288,5,0.9728,False,False,False,False,measured
17031833000,Cook County,"Chicago-Naperville-Elgin, IL-IN",metro,3527,False,7.143,192016,3.233,8.831,124.0,0.5398,0.4261,-0.1116,-0.0562,0.1713,5,0.9694,False,False,False,True,measured
55105001201,Rock County,"Janesville-Beloit, WI",metro,2718,False,4.685,90597,3.865,4.191,203.0,0.3342,0.0226,-0.0259,0.1612,0.4772,5,0.9693,False,False,False,False,measured
55063010204,La Crosse County,"La Crosse-Onalaska, WI-MN",metro,2377,False,3.838,71577,8.411,7.282,118.0,0.2633,-0.053,0.5902,0.0164,0.1481,5,0.965,True,False,False,False,measured
17089854507,Kane County,"Chicago-Naperville-Elgin, IL-IN",metro,2359,False,2.396,129025,5.101,3.896,165.0,0.1427,0.1755,0.1416,0.175,0.3301,5,0.9649,True,False,False,False,measured
17113001402,McLean County,"Bloomington, IL",metro,1351,False,1.453,119583,6.799,2.961,121.0,0.0639,0.1379,0.3718,0.2188,0.1597,5,0.9521,False,False,False,True,measured
55063000900,La Crosse County,"La Crosse-Onalaska, WI-MN",metro,2294,False,7.139,34511,8.411,4.532,48.0,0.5395,-0.2005,0.5902,0.1452,-0.1229,5,0.9515,False,False,False,False,measured
17111871107,McHenry County,"Chicago-Naperville-Elgin, IL-IN",metro,1777,False,0.665,157165,4.254,6.274,228.0,-0.0021,0.2874,0.0269,0.0636,0.574,5,0.9498,False,False,False,False,measured
55031030302,Douglas County,"Duluth, MN-WI",metro,1046,False,0.275,78700,8.741,0.0,84.0,-0.0347,-0.0247,0.635,0.3574,0.0165,5,0.9495,True,False,False,False,measured
55029100500,Door County,,rural,1829,False,3.468,89972,7.5,6.214,122.0,0.2324,0.0202,0.4667,0.0664,0.1636,5,0.9493,False,False,False,False,measured
55039041400,Fond du Lac County,"Fond du Lac, WI",metro,2455,False,0.999,95637,5.907,0.0,149.0,0.0259,0.0427,0.2508,0.3574,0.2681,5,0.9449,False,False,False,False,measured
55117010800,Sheboygan County,"Sheboygan, WI",metro,1684,False,4.554,111471,5.146,2.243,109.0,0.3232,0.1057,0.1477,0.2524,0.1133,5,0.9423,False,False,False,False,measured
55133200400,Waukesha County,"Milwaukee-Waukesha, WI",metro,2571,False,0.865,123457,5.429,8.001,236.0,0.0146,0.1533,0.1861,-0.0173,0.6049,5,0.9418,False,False,False,False,measured
17063000700,Grundy County,"Chicago-Naperville-Elgin, IL-IN",metro,2482,False,1.632,79357,6.278,0.0,138.0,0.0788,-0.0221,0.3011,0.3574,0.2255,5,0.9408,False,False,False,False,measured
17095001400,Knox County,"Galesburg, IL",micro,710,False,0.429,90585,12.498,8.047,32.0,-0.0219,0.0226,1.1442,-0.0194,-0.1848,5,0.9407,False,False,False,False,measured
55109120801,St. Croix County,"Minneapolis-St. Paul-Bloomington, MN-WI",metro,1410,False,0.309,76795,9.176,2.941,103.0,-0.0319,-0.0323,0.694,0.2197,0.09,5,0.9396,True,False,False,False,measured
55021970600,Columbia County,"Madison, WI",metro,2012,False,-0.972,86538,6.307,2.777,219.0,-0.139,0.0065,0.3051,0.2274,0.5391,5,0.939,False,False,False,False,measured
17031242100,Cook County,"Chicago-Naperville-Elgin, IL-IN",metro,2131,False,4.379,219385,3.233,7.951,137.0,0.3085,0.5349,-0.1116,-0.0149,0.2217,5,0.9387,False,False,False,True,measured
55025011600,Dane County,"Madison, WI",metro,3136,False,3.104,96351,2.659,3.087,251.0,0.2019,0.0455,-0.1893,0.2129,0.663,5,0.934,False,False,False,False,measured
55025010802,Dane County,"Madison, WI",metro,2163,False,2.592,157821,2.659,2.461,191.0,0.1591,0.29,-0.1893,0.2422,0.4307,5,0.9328,True,False,False,False,measured
55015020800,Calumet County,"Appleton, WI",metro,2391,False,1.107,102906,6.456,5.566,184.0,0.0348,0.0716,0.3252,0.0968,0.4036,5,0.9321,False,False,False,False,measured
17197883212,Will County,"Chicago-Naperville-Elgin, IL-IN",metro,2241,False,4.027,150176,4.616,9.514,184.0,0.2791,0.2596,0.0758,-0.0881,0.4036,5,0.9301,False,False,False,False,measured
17031070600,Cook County,"Chicago-Naperville-Elgin, IL-IN",metro,1377,False,2.217,249531,3.233,6.315,130.0,0.1277,0.6549,-0.1116,0.0617,0.1946,5,0.9273,False,False,False,True,measured
17197881108,Will County,"Chicago-Naperville-Elgin, IL-IN",metro,2441,False,2.283,140824,4.616,3.789,161.0,0.1333,0.2224,0.0758,0.18,0.3146,5,0.9261,False,False,False,False,measured
55067960600,Langlade County,,rural,2236,True,3.278,42250,7.688,4.064,135.0,0.2165,-0.1697,0.4923,0.1671,0.2139,5,0.9202,False,False,False,False,measured
17203030501,Woodford County,"Peoria, IL",metro,2871,False,0.807,126823,4.202,2.62,206.0,0.0098,0.1667,0.0198,0.2347,0.4888,5,0.9198,False,False,False,False,measured
17097864403,Lake County,"Chicago-Naperville-Elgin, IL-IN",metro,2138,False,4.355,230857,2.585,6.757,128.0,0.3066,0.5806,-0.1993,0.041,0.1868,5,0.9157,False,False,False,True,measured
55025011507,Dane County,"Madison, WI",metro,2241,False,3.727,118583,2.659,5.207,235.0,0.2541,0.134,-0.1893,0.1136,0.6011,5,0.9134,True,False,False,False,measured
17097864109,Lake County,"Chicago-Naperville-Elgin, IL-IN",metro,1980,False,2.701,164500,2.585,5.326,214.0,0.1682,0.3166,-0.1993,0.108,0.5198,5,0.9133,True,False,False,True,measured
17113005700,McLean County,"Bloomington, IL",metro,1964,False,0.341,94423,6.799,0.0,125.0,-0.0292,0.0379,0.3718,0.3574,0.1752,5,0.9131,False,False,False,True,measured
17093890201,Kendall County,"Chicago-Naperville-Elgin, IL-IN",metro,1687,True,0.336,75225,10.204,5.496,92.0,-0.0296,-0.0385,0.8332,0.1001,0.0475,5,0.9126,False,False,False,False,measured
55133201701,Waukesha County,"Milwaukee-Waukesha, WI",metro,2104,False,3.547,108148,5.429,5.213,152.0,0.239,0.0925,0.1861,0.1133,0.2797,5,0.9106,False,False,False,False,measured
17063000200,Grundy County,"Chicago-Naperville-Elgin, IL-IN",metro,2804,False,0.955,95813,6.278,3.566,171.0,0.0222,0.0434,0.3011,0.1904,0.3533,5,0.9104,False,False,False,False,measured
17031824006,Cook County,"Chicago-Naperville-Elgin, IL-IN",metro,2048,False,6.037,157158,3.233,12.688,215.0,0.4473,0.2874,-0.1116,-0.2368,0.5236,5,0.91,False,False,False,True,measured
55047100500,Green Lake County,,rural,1243,False,-0.489,82560,13.301,12.651,79.0,-0.0986,-0.0093,1.253,-0.2351,-0.0029,5,0.9072,False,False,False,False,measured
17089854506,Kane County,"Chicago-Naperville-Elgin, IL-IN",metro,1281,False,2.396,161131,5.101,1.089,83.0,0.1427,0.3032,0.1416,0.3064,0.0126,5,0.9066,True,False,False,False,measured
55133203403,Waukesha County,"Milwaukee-Waukesha, WI",metro,2127,False,-0.074,143610,5.429,3.837,176.0,-0.0639,0.2335,0.1861,0.1778,0.3727,5,0.9061,False,False,False,False,measured
17197880305,Will County,"Chicago-Naperville-Elgin, IL-IN",metro,1690,False,2.292,217857,4.616,8.236,130.0,0.134,0.5289,0.0758,-0.0283,0.1946,5,0.905,False,False,False,False,measured
55015020700,Calumet County,"Appleton, WI",metro,1536,False,1.048,141286,6.456,3.297,111.0,0.0299,0.2243,0.3252,0.203,0.121,5,0.9035,False,False,False,False,measured
55127000701,Walworth County,"Whitewater-Elkhorn, WI",micro,1850,False,4.284,78571,6.687,6.09,131.0,0.3006,-0.0252,0.3566,0.0722,0.1984,5,0.9027,False,False,False,False,measured
17095001000,Knox County,"Galesburg, IL",micro,1657,False,1.859,43816,12.498,8.571,45.0,0.0978,-0.1635,1.1442,-0.044,-0.1345,5,0.9,False,False,False,False,measured
55031020800,Douglas County,"Duluth, MN-WI",metro,1640,False,3.373,72059,8.741,5.887,82.0,0.2244,-0.0511,0.635,0.0817,0.0088,5,0.8988,False,False,False,False,measured
17167003202,Sangamon County,"Springfield, IL",metro,2295,False,6.593,89312,7.206,13.072,135.0,0.4938,0.0175,0.4269,-0.2548,0.2139,5,0.8974,False,False,False,False,measured
17031804202,Cook County,"Chicago-Naperville-Elgin, IL-IN",metro,2774,False,1.147,183859,3.233,6.599,215.0,0.0383,0.3936,-0.1116,0.0484,0.5236,5,0.8923,False,False,False,True,measured
17197880118,Will County,"Chicago-Naperville-Elgin, IL-IN",metro,1665,False,2.917,206528,4.616,6.506,103.0,0.1863,0.4838,0.0758,0.0527,0.09,5,0.8887,False,False,False,False,measured
55009020702,Brown County,"Green Bay, WI",metro,2635,False,0.043,137630,2.607,0.0,227.0,-0.0541,0.2097,-0.1964,0.3574,0.5701,5,0.8868,False,False,False,True,measured
55055101300,Jefferson County,"Watertown-Fort Atkinson, WI",micro,2609,False,2.073,80792,7.566,6.713,149.0,0.1157,-0.0164,0.4757,0.0431,0.2681,5,0.8862,False,False,False,False,measured
55117010700,Sheboygan County,"Sheboygan, WI",metro,3701,False,1.022,102151,5.146,8.11,251.0,0.0278,0.0686,0.1477,-0.0224,0.663,5,0.8847,False,False,False,False,measured
17089850600,Kane County,"Chicago-Naperville-Elgin, IL-IN",metro,3243,False,3.656,100815,5.101,7.558,190.0,0.2481,0.0633,0.1416,0.0035,0.4269,5,0.8833,False,False,False,False,measured
55059003001,Kenosha County,"Kenosha, WI",metro,2210,False,7.255,88750,4.613,8.933,158.0,0.5492,0.0153,0.0754,-0.0609,0.303,5,0.8819,False,False,False,False,measured
55087012700,Outagamie County,"Appleton, WI",metro,2630,False,2.012,78727,3.366,0.0,217.0,0.1106,-0.0246,-0.0936,0.3574,0.5314,5,0.8813,False,False,False,False,measured
55133203805,Waukesha County,"Milwaukee-Waukesha, WI",metro,1733,False,1.015,134083,5.429,3.61,153.0,0.0272,0.1956,0.1861,0.1884,0.2836,5,0.8809,True,False,False,False,measured
55083101301,Oconto County,"Green Bay, WI",metro,1917,False,1.783,109435,3.242,0.0,194.0,0.0914,0.0976,-0.1104,0.3574,0.4423,5,0.8784,True,False,False,False,measured
17163504353,St. Clair County,"St. Louis, MO-IL",metro,1503,False,2.384,179261,6.452,9.584,112.0,0.1417,0.3753,0.3247,-0.0914,0.1249,5,0.8752,False,False,False,False,measured
17167003603,Sangamon County,"Springfield, IL",metro,2331,False,0.633,151212,7.206,12.375,186.0,-0.0047,0.2638,0.4269,-0.2221,0.4114,5,0.8752,False,False,False,False,measured
55025011404,Dane County,"Madison, WI",metro,3006,False,4.537,115450,2.659,8.545,251.0,0.3218,0.1215,-0.1893,-0.0428,0.663,5,0.8742,True,False,False,False,measured
17099961701,LaSalle County,"Ottawa, IL",micro,2632,False,3.069,103819,6.809,10.999,179.0,0.199,0.0752,0.3731,-0.1577,0.3843,5,0.8739,False,False,False,False,measured
55133204501,Waukesha County,"Milwaukee-Waukesha, WI",metro,1178,False,4.729,119423,5.429,2.446,71.0,0.3379,0.1373,0.1861,0.2429,-0.0338,5,0.8703,False,False,False,False,measured
17113000109,McLean County,"Bloomington, IL",metro,1956,False,1.033,108669,6.799,7.943,180.0,0.0287,0.0945,0.3718,-0.0146,0.3881,5,0.8686,True,False,False,True,measured
55063010600,La Crosse County,"La Crosse-Onalaska, WI-MN",metro,1491,False,1.146,101820,8.411,5.536,99.0,0.0381,0.0673,0.5902,0.0982,0.0746,5,0.8684,False,False,False,False,measured
17119403701,Madison County,"St. Louis, MO-IL",metro,2303,False,1.62,135774,3.735,4.342,203.0,0.0778,0.2023,-0.0435,0.1541,0.4772,5,0.8679,False,False,False,False,measured
17089852406,Kane County,"Chicago-Naperville-Elgin, IL-IN",metro,925,False,1.807,163050,5.101,4.282,122.0,0.0935,0.3108,0.1416,0.1569,0.1636,5,0.8665,True,False,False,False,measured
55025012502,Dane County,"Madison, WI",metro,2288,False,5.126,120818,2.659,11.317,264.0,0.3711,0.1429,-0.1893,-0.1725,0.7133,5,0.8654,False,False,False,False,measured
17111870814,McHenry County,"Chicago-Naperville-Elgin, IL-IN",metro,1332,False,3.302,144432,4.254,1.632,106.0,0.2185,0.2368,0.0269,0.281,0.1017,5,0.8649,True,False,False,False,measured
55055100700,Jefferson County,"Watertown-Fort Atkinson, WI",micro,1771,False,0.312,98702,7.566,6.162,155.0,-0.0316,0.0549,0.4757,0.0689,0.2914,5,0.8592,False,False,False,False,measured
55073001500,Marathon County,"Wausau, WI",metro,1741,False,-0.371,106705,6.882,0.0,110.0,-0.0887,0.0867,0.383,0.3574,0.1171,5,0.8555,True,False,False,False,measured
55063000700,La Crosse County,"La Crosse-Onalaska, WI-MN",metro,1870,False,-0.107,103708,8.411,5.481,120.0,-0.0666,0.0748,0.5902,0.1008,0.1559,5,0.855,False,False,False,False,measured
55127000303,Walworth County,"Whitewater-Elkhorn, WI",micro,1665,False,1.668,98977,6.687,5.094,142.0,0.0818,0.056,0.3566,0.1189,0.241,5,0.8543,True,False,False,False,measured
55063010500,La Crosse County,"La Crosse-Onalaska, WI-MN",metro,2833,False,1.189,66922,8.411,6.094,137.0,0.0417,-0.0715,0.5902,0.0721,0.2217,5,0.8541,False,False,False,False,measured
55021970100,Columbia County,"Madison, WI",metro,1660,False,2.089,80000,6.307,0.0,104.0,0.117,-0.0195,0.3051,0.3574,0.0939,5,0.8539,False,False,False,False,measured
55039042001,Fond du Lac County,"Fond du Lac, WI",metro,1282,False,2.643,114886,5.907,0.0,70.0,0.1633,0.1193,0.2508,0.3574,-0.0377,5,0.8531,True,False,False,False,measured
55061960401,Kewaunee County,"Green Bay, WI",metro,2002,False,0.288,85352,6.208,0.0,140.0,-0.0336,0.0018,0.2917,0.3574,0.2333,5,0.8506,True,False,False,False,measured
55127001605,Walworth County,"Whitewater-Elkhorn, WI",micro,2454,False,4.837,82935,6.687,7.206,114.0,0.3469,-0.0078,0.3566,0.02,0.1326,5,0.8482,True,False,False,False,measured
17091010701,Kankakee County,"Kankakee, IL",metro,1834,False,3.933,121522,5.833,4.539,91.0,0.2713,0.1457,0.2408,0.1449,0.0436,5,0.8462,False,False,False,False,measured
55063000600,La Crosse County,"La Crosse-Onalaska, WI-MN",metro,1032,False,3.627,88650,8.411,5.548,53.0,0.2457,0.0149,0.5902,0.0976,-0.1035,5,0.8449,False,False,False,False,measured
17089854800,Kane County,"Chicago-Naperville-Elgin, IL-IN",metro,2697,False,-0.973,184479,5.101,12.769,256.0,-0.1391,0.3961,0.1416,-0.2406,0.6824,5,0.8404,False,False,False,False,measured
55031030102,Douglas County,"Duluth, MN-WI",metro,863,False,0.065,68958,8.741,0.0,70.0,-0.0523,-0.0634,0.635,0.3574,-0.0377,5,0.839,True,False,False,False,measured
55113100502,Sawyer County,,rural,1179,False,5.589,66625,6.841,6.718,100.0,0.4098,-0.0727,0.3774,0.0428,0.0784,5,0.8357,True,False,False,False,measured
17097864407,Lake County,"Chicago-Naperville-Elgin, IL-IN",metro,2050,False,1.747,207122,2.585,7.161,192.0,0.0884,0.4862,-0.1993,0.0221,0.4346,5,0.8319,False,False,False,True,measured
17197881010,Will County,"Chicago-Naperville-Elgin, IL-IN",metro,1432,False,2.905,116739,4.616,4.729,159.0,0.1852,0.1266,0.0758,0.136,0.3068,5,0.8305,False,False,False,False,measured
55063010700,La Crosse County,"La Crosse-Onalaska, WI-MN",metro,2323,False,-1.443,83525,8.411,3.234,136.0,-0.1784,-0.0055,0.5902,0.206,0.2178,5,0.8301,False,False,False,False,measured
17133600501,Monroe County,"St. Louis, MO-IL",metro,2605,False,0.1,101972,4.722,0.0,173.0,-0.0494,0.0679,0.0902,0.3574,0.361,5,0.8272,False,False,False,False,measured
55133204002,Waukesha County,"Milwaukee-Waukesha, WI",metro,2237,False,2.511,119741,5.429,8.941,185.0,0.1524,0.1386,0.1861,-0.0613,0.4075,5,0.8233,False,False,False,False,measured
55127001606,Walworth County,"Whitewater-Elkhorn, WI",micro,1021,False,4.837,103750,6.687,7.812,93.0,0.3469,0.075,0.3566,-0.0084,0.0513,5,0.8214,True,False,False,False,measured
55025010501,Dane County,"Madison, WI",metro,1662,False,4.939,122419,2.659,3.747,163.0,0.3554,0.1492,-0.1893,0.182,0.3223,5,0.8197,False,False,False,False,measured
17089852807,Kane County,"Chicago-Naperville-Elgin, IL-IN",metro,1464,False,1.907,195671,5.101,7.897,118.0,0.1018,0.4406,0.1416,-0.0124,0.1481,5,0.8197,False,False,False,False,measured
17197883507,Will County,"Chicago-Naperville-Elgin, IL-IN",metro,1447,False,1.885,133977,4.616,0.0,103.0,0.1,0.1952,0.0758,0.3574,0.09,5,0.8185,False,False,False,False,measured
55031020300,Douglas County,"Duluth, MN-WI",metro,1549,True,4.822,46820,8.741,6.319,61.0,0.3457,-0.1515,0.635,0.0615,-0.0725,5,0.8181,False,False,False,False,measured
17089852407,Kane County,"Chicago-Naperville-Elgin, IL-IN",metro,1163,False,0.506,250001,5.101,9.37,109.0,-0.0154,0.6567,0.1416,-0.0814,0.1133,5,0.8148,True,False,False,False,measured
17095000600,Knox County,"Galesburg, IL",micro,1450,False,-1.287,72869,12.498,9.075,67.0,-0.1654,-0.0479,1.1442,-0.0676,-0.0493,5,0.814,False,False,False,False,measured
55063010404,La Crosse County,"La Crosse-Onalaska, WI-MN",metro,1821,False,3.924,86875,8.411,9.138,83.0,0.2706,0.0078,0.5902,-0.0705,0.0126,5,0.8107,True,False,False,False,measured
17111871004,McHenry County,"Chicago-Naperville-Elgin, IL-IN",metro,2342,False,3.334,97694,4.254,4.27,171.0,0.2212,0.0509,0.0269,0.1575,0.3533,5,0.8097,False,False,False,False,measured
55133203803,Waukesha County,"Milwaukee-Waukesha, WI",metro,1595,False,1.954,131681,5.429,3.643,117.0,0.1057,0.1861,0.1861,0.1868,0.1442,5,0.809,False,False,False,False,measured
55021970700,Columbia County,"Madison, WI",metro,1904,False,0.167,97667,6.307,5.252,179.0,-0.0437,0.0508,0.3051,0.1115,0.3843,5,0.8078,False,False,False,False,measured
55127001501,Walworth County,"Whitewater-Elkhorn, WI",micro,1549,False,1.402,95160,6.687,6.921,161.0,0.0595,0.0408,0.3566,0.0333,0.3146,5,0.8048,False,False,False,False,measured
17163504355,St. Clair County,"St. Louis, MO-IL",metro,1862,False,1.491,143333,6.452,10.077,156.0,0.067,0.2324,0.3247,-0.1145,0.2952,5,0.8048,False,False,False,False,measured
17095000400,Knox County,"Galesburg, IL",micro,2110,False,-0.965,52352,12.498,9.927,89.0,-0.1384,-0.1295,1.1442,-0.1075,0.0359,5,0.8047,False,False,False,False,measured
55067960700,Langlade County,,rural,2096,False,1.685,52605,7.688,4.741,137.0,0.0832,-0.1285,0.4923,0.1354,0.2217,5,0.8041,False,False,False,False,measured
17197880122,Will County,"Chicago-Naperville-Elgin, IL-IN",metro,2196,False,2.855,140000,4.616,5.038,133.0,0.1811,0.2192,0.0758,0.1215,0.2062,5,0.8038,True,False,False,False,measured
55059003002,Kenosha County,"Kenosha, WI",metro,2268,False,3.131,105750,4.613,4.466,155.0,0.2042,0.0829,0.0754,0.1483,0.2914,5,0.8022,False,False,False,False,measured
55017011001,Chippewa County,"Eau Claire, WI",metro,1361,True,0.541,67545,7.827,0.0,83.0,-0.0125,-0.0691,0.511,0.3574,0.0126,5,0.7996,True,False,False,False,measured
17031804105,Cook County,"Chicago-Naperville-Elgin, IL-IN",metro,1699,False,5.828,153981,3.233,5.886,111.0,0.4298,0.2748,-0.1116,0.0818,0.121,5,0.7958,False,False,False,True,measured
55063001200,La Crosse County,"La Crosse-Onalaska, WI-MN",metro,1871,False,0.011,78271,8.411,4.901,121.0,-0.0568,-0.0264,0.5902,0.1279,0.1597,5,0.7947,False,False,False,False,measured
55029100400,Door County,,rural,1747,False,4.482,76563,7.5,11.11,133.0,0.3172,-0.0332,0.4667,-0.1629,0.2062,5,0.794,True,False,False,False,measured
55061960500,Kewaunee County,"Green Bay, WI",metro,2546,False,-0.854,84938,6.208,0.0,150.0,-0.1291,0.0001,0.2917,0.3574,0.272,5,0.7922,False,False,False,False,measured
55087011600,Outagamie County,"Appleton, WI",metro,3294,False,3.592,80161,3.366,5.267,222.0,0.2427,-0.0189,-0.0936,0.1108,0.5507,5,0.7918,False,False,False,False,measured
55073001105,Marathon County,"Wausau, WI",metro,912,False,2.062,73750,6.882,0.0,74.0,0.1148,-0.0444,0.383,0.3574,-0.0222,5,0.7886,True,False,False,False,measured
17167003203,Sangamon County,"Springfield, IL",metro,2339,False,1.643,127721,7.206,12.826,171.0,0.0797,0.1703,0.4269,-0.2432,0.3533,5,0.787,False,False,False,False,measured
55017011100,Chippewa County,"Eau Claire, WI",metro,1729,False,-0.206,77983,7.827,0.0,85.0,-0.075,-0.0275,0.511,0.3574,0.0204,5,0.7863,False,False,False,False,measured
17093890202,Kendall County,"Chicago-Naperville-Elgin, IL-IN",metro,1145,True,-0.144,93295,10.204,6.822,67.0,-0.0698,0.0334,0.8332,0.038,-0.0493,5,0.7855,False,False,False,False,measured
55085971300,Oneida County,,rural,1204,False,8.793,70324,5.104,6.162,68.0,0.6778,-0.058,0.142,0.0688,-0.0454,5,0.7852,False,False,False,False,measured
55109120300,St. Croix County,"Minneapolis-St. Paul-Bloomington, MN-WI",metro,2193,False,-1.819,126250,9.176,10.191,146.0,-0.2099,0.1645,0.694,-0.1198,0.2565,5,0.7852,False,False,False,False,measured
55133202001,Waukesha County,"Milwaukee-Waukesha, WI",metro,2143,False,1.502,113024,5.429,7.417,185.0,0.0679,0.1118,0.1861,0.0101,0.4075,5,0.7835,False,False,False,False,measured
55061960402,Kewaunee County,"Green Bay, WI",metro,1429,False,0.288,93355,6.208,0.0,114.0,-0.0336,0.0336,0.2917,0.3574,0.1326,5,0.7818,True,False,False,False,measured
17031330102,Cook County,"Chicago-Naperville-Elgin, IL-IN",metro,6904,False,3.9,120182,3.233,9.475,227.0,0.2685,0.1403,-0.1116,-0.0863,0.5701,5,0.781,True,False,False,True,measured
17111870813,McHenry County,"Chicago-Naperville-Elgin, IL-IN",metro,2136,False,3.302,99219,4.254,2.532,141.0,0.2185,0.0569,0.0269,0.2389,0.2372,5,0.7784,True,False,False,False,measured
55127001701,Walworth County,"Whitewater-Elkhorn, WI",micro,2203,False,2.024,79173,6.687,6.581,153.0,0.1116,-0.0228,0.3566,0.0492,0.2836,5,0.7782,False,False,False,False,measured
17095001200,Knox County,"Galesburg, IL",micro,705,False,0.006,79375,12.498,8.822,20.0,-0.0572,-0.022,1.1442,-0.0557,-0.2313,5,0.778,False,False,False,False,measured
55021970800,Columbia County,"Madison, WI",metro,2610,False,0.788,117895,6.307,7.663,166.0,0.0082,0.1312,0.3051,-0.0014,0.3339,5,0.777,False,False,False,False,measured
55133202002,Waukesha County,"Milwaukee-Waukesha, WI",metro,1670,False,1.372,134231,5.429,3.34,115.0,0.0571,0.1962,0.1861,0.201,0.1365,5,0.7769,False,False,False,False,measured
17089853001,Kane County,"Chicago-Naperville-Elgin, IL-IN",metro,1590,False,6.128,108913,5.101,7.095,95.0,0.4549,0.0955,0.1416,0.0252,0.0591,5,0.7762,False,False,False,False,measured
55133203107,Waukesha County,"Milwaukee-Waukesha, WI",metro,1510,False,1.164,109057,5.429,4.982,165.0,0.0397,0.0961,0.1861,0.1241,0.3301,5,0.776,True,False,False,False,measured
17095000900,Knox County,"Galesburg, IL",micro,955,True,3.441,26816,12.498,9.796,11.0,0.2301,-0.2311,1.1442,-0.1013,-0.2661,5,0.7757,False,False,False,False,measured
55109120905,St. Croix County,"Minneapolis-St. Paul-Bloomington, MN-WI",metro,3054,False,2.024,101625,9.176,12.286,111.0,0.1116,0.0665,0.694,-0.218,0.121,5,0.7751,True,False,False,False,measured
17091010400,Kankakee County,"Kankakee, IL",metro,1887,False,2.009,110524,5.833,2.359,99.0,0.1103,0.1019,0.2408,0.247,0.0746,5,0.7746,False,False,False,False,measured
55133201704,Waukesha County,"Milwaukee-Waukesha, WI",metro,2176,False,3.068,104761,5.429,5.576,135.0,0.1989,0.079,0.1861,0.0963,0.2139,5,0.7742,False,False,False,False,measured
17163503414,St. Clair County,"St. Louis, MO-IL",metro,2536,False,7.288,77733,6.452,10.897,100.0,0.5519,-0.0285,0.3247,-0.1529,0.0784,5,0.7736,False,False,False,False,measured
55031030101,Douglas County,"Duluth, MN-WI",metro,1620,False,0.065,91053,8.741,6.173,105.0,-0.0523,0.0245,0.635,0.0684,0.0978,5,0.7733,True,False,False,False,measured
17031812400,Cook County,"Chicago-Naperville-Elgin, IL-IN",metro,1135,False,1.187,238472,3.233,4.675,104.0,0.0415,0.6109,-0.1116,0.1385,0.0939,5,0.7733,False,False,False,True,measured
17031839000,Cook County,"Chicago-Naperville-Elgin, IL-IN",metro,6828,False,6.27,106650,3.233,9.836,192.0,0.4668,0.0865,-0.1116,-0.1032,0.4346,5,0.7731,False,False,False,True,measured
17031832000,Cook County,"Chicago-Naperville-Elgin, IL-IN",metro,1138,False,7.573,155000,3.233,5.452,61.0,0.5757,0.2788,-0.1116,0.1021,-0.0725,5,0.7725,False,False,False,True,measured
55039042200,Fond du Lac County,"Fond du Lac, WI",metro,2384,False,0.22,91509,5.907,4.195,176.0,-0.0393,0.0263,0.2508,0.161,0.3727,5,0.7714,False,False,False,False,measured
55055100602,Jefferson County,"Watertown-Fort Atkinson, WI",micro,1514,False,2.065,93353,7.566,6.082,99.0,0.115,0.0336,0.4757,0.0726,0.0746,5,0.7714,False,False,False,False,measured
17163504356,St. Clair County,"St. Louis, MO-IL",metro,1550,False,1.945,115577,6.452,10.989,177.0,0.105,0.122,0.3247,-0.1572,0.3765,5,0.771,True,False,False,False,measured
17201004004,Winnebago County,"Rockford, IL",metro,2799,False,4.195,64740,5.151,3.267,132.0,0.2932,-0.0802,0.1484,0.2045,0.2023,5,0.7682,True,False,False,False,measured
55133203200,Waukesha County,"Milwaukee-Waukesha, WI",metro,1927,False,1.701,158304,5.429,10.393,165.0,0.0846,0.292,0.1861,-0.1293,0.3301,5,0.7634,False,False,False,False,measured
17119402803,Madison County,"St. Louis, MO-IL",metro,1432,False,4.858,119063,3.735,0.0,70.0,0.3486,0.1359,-0.0435,0.3574,-0.0377,5,0.7608,False,False,False,False,measured
55055100400,Jefferson County,"Watertown-Fort Atkinson, WI",micro,2538,False,0.583,89415,7.566,7.217,146.0,-0.009,0.0179,0.4757,0.0195,0.2565,5,0.7606,False,False,False,False,measured
55073000300,Marathon County,"Wausau, WI",metro,2315,False,2.154,79348,6.882,8.019,156.0,0.1224,-0.0221,0.383,-0.0181,0.2952,5,0.7604,False,False,False,False,measured
17031243500,Cook County,"Chicago-Naperville-Elgin, IL-IN",metro,2710,False,7.427,157283,3.233,8.799,99.0,0.5635,0.2879,-0.1116,-0.0546,0.0746,5,0.7598,False,False,False,True,measured
55013970400,Burnett County,,rural,2119,False,0.843,64911,8.543,12.421,194.0,0.0128,-0.0795,0.6082,-0.2243,0.4423,5,0.7595,False,False,False,False,measured
55025010701,Dane County,"Madison, WI",metro,2967,False,1.649,135670,2.659,4.931,219.0,0.0802,0.2019,-0.1893,0.1265,0.5391,5,0.7585,False,False,False,False,measured
17089851911,Kane County,"Chicago-Naperville-Elgin, IL-IN",metro,1482,False,-1.172,174773,5.101,6.852,177.0,-0.1557,0.3575,0.1416,0.0366,0.3765,5,0.7564,True,False,False,False,measured
55021971200,Columbia County,"Madison, WI",metro,2527,False,1.984,76616,6.307,7.915,180.0,0.1082,-0.033,0.3051,-0.0132,0.3881,5,0.7552,False,False,False,False,measured
17113005103,McLean County,"Bloomington, IL",metro,1629,False,2.79,202350,6.799,14.345,93.0,0.1756,0.4672,0.3718,-0.3144,0.0513,5,0.7516,True,False,False,True,measured
55073001104,Marathon County,"Wausau, WI",metro,3003,False,3.783,62377,6.882,7.946,135.0,0.2587,-0.0896,0.383,-0.0147,0.2139,5,0.7513,False,False,False,False,measured
55093960200,Pierce County,"Minneapolis-St. Paul-Bloomington, MN-WI",metro,2213,False,-1.385,104243,5.579,0.0,153.0,-0.1736,0.0769,0.2063,0.3574,0.2836,5,0.7507,False,False,False,False,measured
17113000302,McLean County,"Bloomington, IL",metro,2551,False,2.226,80931,6.799,4.29,108.0,0.1285,-0.0158,0.3718,0.1566,0.1094,5,0.7504,False,False,False,True,measured
55131460102,Washington County,"Milwaukee-Waukesha, WI",metro,2251,False,1.73,138248,4.101,4.444,156.0,0.087,0.2122,0.0061,0.1493,0.2952,5,0.7498,False,False,False,False,measured
55127000104,Walworth County,"Whitewater-Elkhorn, WI",micro,1492,False,1.815,117643,6.687,6.736,112.0,0.0941,0.1302,0.3566,0.042,0.1249,5,0.7478,True,False,False,False,measured
17089850705,Kane County,"Chicago-Naperville-Elgin, IL-IN",metro,3150,False,1.445,94557,5.101,12.352,267.0,0.0631,0.0384,0.1416,-0.221,0.725,5,0.7471,True,False,False,False,measured
17113002102,McLean County,"Bloomington, IL",metro,753,False,4.487,76250,6.799,2.177,37.0,0.3176,-0.0344,0.3718,0.2555,-0.1655,5,0.745,False,False,False,True,measured
55039041902,Fond du Lac County,"Fond du Lac, WI",metro,1436,False,0.465,92500,5.907,0.0,112.0,-0.0188,0.0302,0.2508,0.3574,0.1249,5,0.7445,True,False,False,False,measured
17197880508,Will County,"Chicago-Naperville-Elgin, IL-IN",metro,1228,False,5.095,126557,4.616,4.538,77.0,0.3684,0.1657,0.0758,0.1449,-0.0106,5,0.7443,True,False,False,False,measured
17197883514,Will County,"Chicago-Naperville-Elgin, IL-IN",metro,2560,False,3.406,176000,4.616,10.768,138.0,0.2272,0.3624,0.0758,-0.1468,0.2255,5,0.7441,True,False,False,False,measured
55055101100,Jefferson County,"Watertown-Fort Atkinson, WI",micro,1827,False,1.262,80139,7.566,5.454,115.0,0.0478,-0.019,0.4757,0.102,0.1365,5,0.7431,False,False,False,False,measured
55025010908,Dane County,"Madison, WI",metro,2293,False,5.441,119583,2.659,5.155,152.0,0.3974,0.1379,-0.1893,0.116,0.2797,5,0.7418,True,False,False,False,measured
55087012602,Outagamie County,"Appleton, WI",metro,1974,False,1.394,125104,3.366,0.0,146.0,0.0589,0.1599,-0.0936,0.3574,0.2565,5,0.7392,False,False,False,False,measured
17163503203,St. Clair County,"St. Louis, MO-IL",metro,2736,False,1.056,91144,6.452,7.31,168.0,0.0306,0.0248,0.3247,0.0151,0.3417,5,0.7369,False,False,False,False,measured
17197880315,Will County,"Chicago-Naperville-Elgin, IL-IN",metro,1178,False,5.049,159464,4.616,7.327,76.0,0.3646,0.2966,0.0758,0.0143,-0.0145,5,0.7369,True,False,False,False,measured
55025011104,Dane County,"Madison, WI",metro,1587,False,1.234,190034,2.659,6.24,182.0,0.0455,0.4182,-0.1893,0.0652,0.3959,5,0.7355,True,False,False,False,measured
55063001000,La Crosse County,"La Crosse-Onalaska, WI-MN",metro,1603,True,0.701,66094,8.411,5.539,111.0,0.0009,-0.0748,0.5902,0.098,0.121,5,0.7353,False,False,False,False,measured
17095000500,Knox County,"Galesburg, IL",micro,1603,False,-1.491,60938,12.498,9.796,72.0,-0.1824,-0.0953,1.1442,-0.1013,-0.03,5,0.7352,False,False,False,False,measured
55063010800,La Crosse County,"La Crosse-Onalaska, WI-MN",metro,1298,False,1.498,96025,8.411,7.704,89.0,0.0676,0.0442,0.5902,-0.0034,0.0359,5,0.7345,False,False,False,False,measured
55133200801,Waukesha County,"Milwaukee-Waukesha, WI",metro,1985,False,3.16,131845,5.429,12.789,182.0,0.2066,0.1867,0.1861,-0.2415,0.3959,5,0.7338,False,False,False,False,measured
17089852103,Kane County,"Chicago-Naperville-Elgin, IL-IN",metro,2228,False,0.638,188043,5.101,13.681,201.0,-0.0044,0.4103,0.1416,-0.2833,0.4694,5,0.7337,True,False,False,False,measured
17089852408,Kane County,"Chicago-Naperville-Elgin, IL-IN",metro,1645,False,0.506,155438,5.101,6.806,154.0,-0.0154,0.2806,0.1416,0.0387,0.2875,5,0.733,True,False,False,False,measured
55009021400,Brown County,"Green Bay, WI",metro,3336,False,1.992,109750,2.607,2.998,210.0,0.1089,0.0988,-0.1964,0.2171,0.5043,5,0.7327,False,False,False,True,measured
55087012902,Outagamie County,"Appleton, WI",metro,1616,False,2.707,112222,3.366,0.0,129.0,0.1687,0.1087,-0.0936,0.3574,0.1907,5,0.7319,False,False,False,False,measured
55111000402,Sauk County,"Baraboo, WI",micro,1690,False,3.543,77857,6.347,6.809,124.0,0.2386,-0.028,0.3105,0.0386,0.1713,5,0.731,False,False,False,False,measured
17201003705,Winnebago County,"Rockford, IL",metro,1973,False,0.712,90142,5.151,0.0,132.0,0.0019,0.0208,0.1484,0.3574,0.2023,5,0.7309,False,False,False,False,measured
55133203405,Waukesha County,"Milwaukee-Waukesha, WI",metro,1297,False,-1.947,173560,5.429,5.392,159.0,-0.2206,0.3527,0.1861,0.1049,0.3068,5,0.7299,False,False,False,False,measured
55049950100,Iowa County,"Madison, WI",metro,1700,False,1.112,96515,5.595,0.0,101.0,0.0353,0.0462,0.2085,0.3574,0.0823,5,0.7298,False,False,False,False,measured
55025011202,Dane County,"Madison, WI",metro,2465,False,0.867,147125,2.659,5.875,228.0,0.0148,0.2475,-0.1893,0.0823,0.574,5,0.7293,True,False,False,False,measured
17043846514,DuPage County,"Chicago-Naperville-Elgin, IL-IN",metro,1406,False,2.492,152292,3.131,6.786,182.0,0.1508,0.2681,-0.1254,0.0396,0.3959,5,0.7289,False,False,False,False,measured
55063010401,La Crosse County,"La Crosse-Onalaska, WI-MN",metro,2276,False,1.363,113947,8.411,13.701,144.0,0.0563,0.1155,0.5902,-0.2842,0.2488,5,0.7266,False,False,False,False,measured
55133204004,Waukesha County,"Milwaukee-Waukesha, WI",metro,1570,False,-1.123,109383,5.429,0.0,141.0,-0.1517,0.0974,0.1861,0.3574,0.2372,5,0.7264,False,False,False,False,measured
55025012501,Dane County,"Madison, WI",metro,3014,False,1.484,83846,2.659,8.379,309.0,0.0664,-0.0042,-0.1893,-0.035,0.8876,5,0.7255,False,False,False,False,measured
17113006000,McLean County,"Bloomington, IL",metro,1319,False,-1.153,108125,6.799,0.0,94.0,-0.1541,0.0924,0.3718,0.3574,0.0552,5,0.7227,False,False,False,True,measured
17007010603,Boone County,"Rockford, IL",metro,2086,False,0.709,134747,4.976,5.144,152.0,0.0016,0.1983,0.1246,0.1165,0.2797,5,0.7208,True,False,False,False,measured
55133203806,Waukesha County,"Milwaukee-Waukesha, WI",metro,1150,False,1.015,121176,5.429,1.663,101.0,0.0272,0.1443,0.1861,0.2795,0.0823,5,0.7194,True,False,False,False,measured
17143004101,Peoria County,"Peoria, IL",metro,2935,False,2.801,136160,4.713,7.781,145.0,0.1765,0.2039,0.089,-0.0069,0.2526,5,0.7151,True,False,False,False,measured
55021970300,Columbia County,"Madison, WI",metro,1902,True,-0.114,70475,6.307,0.0,125.0,-0.0672,-0.0574,0.3051,0.3574,0.1752,5,0.7131,False,False,False,False,measured
17163503412,St. Clair County,"St. Louis, MO-IL",metro,2343,False,-0.014,80083,6.452,6.794,190.0,-0.0589,-0.0192,0.3247,0.0393,0.4269,5,0.7127,False,False,False,False,measured
55133204003,Waukesha County,"Milwaukee-Waukesha, WI",metro,1622,False,0.902,120333,5.429,3.133,120.0,0.0178,0.1409,0.1861,0.2107,0.1559,5,0.7114,False,False,False,False,measured
17031062800,Cook County,"Chicago-Naperville-Elgin, IL-IN",metro,1623,False,2.737,190139,3.233,5.575,115.0,0.1713,0.4186,-0.1116,0.0963,0.1365,5,0.7111,False,False,False,True,measured
17201003901,Winnebago County,"Rockford, IL",metro,1729,False,0.095,121544,5.151,2.012,132.0,-0.0497,0.1457,0.1484,0.2632,0.2023,5,0.71,False,False,False,False,measured
55133203501,Waukesha County,"Milwaukee-Waukesha, WI",metro,1535,False,1.76,97188,5.429,2.529,117.0,0.0895,0.0489,0.1861,0.239,0.1442,5,0.7077,True,False,False,False,measured
17089852404,Kane County,"Chicago-Naperville-Elgin, IL-IN",metro,907,False,1.807,212063,5.101,7.552,70.0,0.0935,0.5058,0.1416,0.0038,-0.0377,5,0.707,True,False,False,False,measured
17119402721,Madison County,"St. Louis, MO-IL",metro,3310,False,0.9,96898,3.735,2.697,197.0,0.0176,0.0477,-0.0435,0.2311,0.454,5,0.7069,False,False,False,False,measured
17197880321,Will County,"Chicago-Naperville-Elgin, IL-IN",metro,1621,False,1.311,162917,4.616,4.032,105.0,0.052,0.3103,0.0758,0.1686,0.0978,5,0.7045,True,False,False,False,measured
55059002904,Kenosha County,"Kenosha, WI",metro,2152,False,0.395,93768,4.613,1.234,162.0,-0.0247,0.0353,0.0754,0.2997,0.3185,5,0.7041,False,False,False,False,measured
17197881007,Will County,"Chicago-Naperville-Elgin, IL-IN",metro,1916,False,1.419,159244,4.616,7.897,153.0,0.061,0.2957,0.0758,-0.0124,0.2836,5,0.7037,False,False,False,False,measured
17095000700,Knox County,"Galesburg, IL",micro,819,True,0.548,39922,12.498,8.125,21.0,-0.0119,-0.1789,1.1442,-0.0231,-0.2274,5,0.7029,False,False,False,False,measured
55133204100,Waukesha County,"Milwaukee-Waukesha, WI",metro,2274,False,2.579,148889,5.429,17.263,223.0,0.158,0.2545,0.1861,-0.451,0.5546,5,0.7022,False,False,False,False,measured
55075960700,Marinette County,"Marinette, WI-MI",micro,1658,True,3.589,56599,6.165,7.622,153.0,0.2425,-0.1126,0.2858,0.0005,0.2836,5,0.6998,False,False,False,False,measured
55123960600,Vernon County,"La Crosse-Onalaska, WI-MN",metro,1982,False,1.344,92685,5.682,0.0,88.0,0.0547,0.0309,0.2204,0.3574,0.032,5,0.6955,False,False,False,False,measured
55133203602,Waukesha County,"Milwaukee-Waukesha, WI",metro,2321,False,3.053,96377,5.429,7.864,151.0,0.1976,0.0456,0.1861,-0.0109,0.2759,5,0.6944,False,False,False,False,measured
55133200500,Waukesha County,"Milwaukee-Waukesha, WI",metro,2419,False,2.5,129609,5.429,10.617,162.0,0.1514,0.1778,0.1861,-0.1398,0.3185,5,0.694,False,False,False,False,measured
17073030203,Henry County,"Davenport-Moline-Rock Island, IA-IL",metro,1732,False,1.413,117786,4.778,0.0,91.0,0.0605,0.1308,0.0979,0.3574,0.0436,5,0.6902,False,False,False,False,measured
55045960300,Green County,"Madison, WI",metro,1945,False,0.643,97938,4.862,0.0,125.0,-0.0039,0.0518,0.1093,0.3574,0.1752,5,0.6899,True,False,False,False,measured
55025013201,Dane County,"Madison, WI",metro,1455,False,4.035,116964,2.659,0.0,109.0,0.2798,0.1275,-0.1893,0.3574,0.1133,5,0.6888,True,False,False,False,measured
17089852808,Kane County,"Chicago-Naperville-Elgin, IL-IN",metro,2572,False,-1.38,124808,5.101,7.484,223.0,-0.1731,0.1587,0.1416,0.0069,0.5546,5,0.6887,False,False,False,False,measured
55031021000,Douglas County,"Duluth, MN-WI",metro,970,False,2.312,68304,8.741,5.272,47.0,0.1357,-0.066,0.635,0.1106,-0.1267,5,0.6884,False,False,False,False,measured
17167003604,Sangamon County,"Springfield, IL",metro,2611,False,3.261,89280,7.206,11.664,136.0,0.2151,0.0174,0.4269,-0.1888,0.2178,5,0.6883,False,False,False,False,measured
55133201600,Waukesha County,"Milwaukee-Waukesha, WI",metro,2057,False,0.457,115516,5.429,6.761,172.0,-0.0195,0.1218,0.1861,0.0408,0.3572,5,0.6863,False,False,False,False,measured
17097864207,Lake County,"Chicago-Naperville-Elgin, IL-IN",metro,2552,False,0.396,157477,2.585,4.083,197.0,-0.0246,0.2887,-0.1993,0.1662,0.454,5,0.685,True,False,False,True,measured
55025011504,Dane County,"Madison, WI",metro,2418,False,6.975,105451,2.659,5.86,127.0,0.5258,0.0817,-0.1893,0.083,0.183,5,0.6841,False,False,False,False,measured
55133204202,Waukesha County,"Milwaukee-Waukesha, WI",metro,1466,False,1.022,128065,5.429,10.551,192.0,0.0278,0.1717,0.1861,-0.1367,0.4346,5,0.6834,True,False,False,False,measured
55131440104,Washington County,"Milwaukee-Waukesha, WI",metro,2731,False,3.041,84844,4.101,6.09,185.0,0.1967,-0.0002,0.0061,0.0722,0.4075,5,0.6823,False,False,False,False,measured
55055100900,Jefferson County,"Watertown-Fort Atkinson, WI",micro,1694,False,1.168,93176,7.566,4.385,75.0,0.04,0.0329,0.4757,0.1521,-0.0183,5,0.6823,False,False,False,False,measured
55063000500,La Crosse County,"La Crosse-Onalaska, WI-MN",metro,1010,True,6.378,28382,8.411,5.444,12.0,0.4758,-0.2248,0.5902,0.1025,-0.2622,5,0.6814,False,False,False,False,measured
17043841308,DuPage County,"Chicago-Naperville-Elgin, IL-IN",metro,1570,False,2.718,201161,3.131,3.611,76.0,0.1696,0.4624,-0.1254,0.1883,-0.0145,5,0.6805,False,False,False,False,measured
17113005502,McLean County,"Bloomington, IL",metro,971,False,0.355,107579,6.799,0.0,51.0,-0.0281,0.0902,0.3718,0.3574,-0.1113,5,0.6801,False,False,False,True,measured
55111000401,Sauk County,"Baraboo, WI",micro,2424,False,0.846,77663,6.347,5.071,148.0,0.0131,-0.0288,0.3105,0.12,0.2643,5,0.6789,False,False,False,False,measured
17167003602,Sangamon County,"Springfield, IL",metro,1929,False,1.462,117702,7.206,11.493,141.0,0.0646,0.1305,0.4269,-0.1808,0.2372,5,0.6783,False,False,False,False,measured
55029100300,Door County,,rural,1386,False,2.399,81944,7.5,10.57,136.0,0.143,-0.0118,0.4667,-0.1376,0.2178,5,0.6782,False,False,False,False,measured
55059002700,Kenosha County,"Kenosha, WI",metro,2848,False,2.94,125787,4.613,7.023,137.0,0.1882,0.1626,0.0754,0.0286,0.2217,5,0.6765,False,False,False,False,measured
55073001700,Marathon County,"Wausau, WI",metro,1459,False,-0.989,90243,6.882,0.0,94.0,-0.1404,0.0212,0.383,0.3574,0.0552,5,0.6764,False,False,False,False,measured
55049950500,Iowa County,"Madison, WI",metro,1995,False,1.423,101360,5.595,5.013,136.0,0.0614,0.0655,0.2085,0.1227,0.2178,5,0.6758,False,False,False,False,measured
55087012800,Outagamie County,"Appleton, WI",metro,3100,False,0.351,85125,3.366,3.226,232.0,-0.0283,0.0009,-0.0936,0.2064,0.5895,5,0.6748,False,False,False,False,measured
17119403532,Madison County,"St. Louis, MO-IL",metro,1906,False,3.237,137269,3.735,7.937,160.0,0.2131,0.2083,-0.0435,-0.0142,0.3107,5,0.6743,False,False,False,False,measured
55055100200,Jefferson County,"Watertown-Fort Atkinson, WI",micro,1497,False,2.089,65610,7.566,5.45,94.0,0.117,-0.0768,0.4757,0.1022,0.0552,5,0.6734,False,False,False,False,measured
17031812000,Cook County,"Chicago-Naperville-Elgin, IL-IN",metro,2536,False,3.544,122227,3.233,5.383,155.0,0.2388,0.1485,-0.1116,0.1054,0.2914,5,0.6724,False,False,False,True,measured
17031062700,Cook County,"Chicago-Naperville-Elgin, IL-IN",metro,1497,False,6.415,146979,3.233,5.597,70.0,0.4789,0.2469,-0.1116,0.0953,-0.0377,5,0.6718,False,False,False,True,measured
17091010300,Kankakee County,"Kankakee, IL",metro,1505,False,1.098,83727,5.833,0.0,91.0,0.0342,-0.0047,0.2408,0.3574,0.0436,5,0.6713,False,False,False,False,measured
55063000100,La Crosse County,"La Crosse-Onalaska, WI-MN",metro,2085,False,1.332,51926,8.411,9.822,147.0,0.0537,-0.1312,0.5902,-0.1025,0.2604,5,0.6706,True,False,False,False,measured
17095000800,Knox County,"Galesburg, IL",micro,952,True,2.501,18264,12.498,9.075,4.0,0.1515,-0.2651,1.1442,-0.0676,-0.2932,5,0.6698,False,False,False,False,measured
17111871114,McHenry County,"Chicago-Naperville-Elgin, IL-IN",metro,1365,False,0.901,135750,4.254,6.074,170.0,0.0177,0.2022,0.0269,0.073,0.3494,5,0.6692,True,False,False,False,measured
55025010906,Dane County,"Madison, WI",metro,2148,False,6.468,141932,2.659,11.941,170.0,0.4833,0.2268,-0.1893,-0.2018,0.3494,5,0.6685,True,False,False,False,measured
17163503322,St. Clair County,"St. Louis, MO-IL",metro,2708,False,-1.176,91765,6.452,7.651,202.0,-0.1561,0.0273,0.3247,-0.0009,0.4733,5,0.6683,False,False,False,False,measured
17089854508,Kane County,"Chicago-Naperville-Elgin, IL-IN",metro,2229,False,3.803,105956,5.101,6.909,118.0,0.2604,0.0837,0.1416,0.0339,0.1481,5,0.6677,True,False,False,False,measured
55087012000,Outagamie County,"Appleton, WI",metro,2756,False,0.861,101447,3.366,3.863,210.0,0.0143,0.0658,-0.0936,0.1765,0.5043,5,0.6673,False,False,False,False,measured
55055100301,Jefferson County,"Watertown-Fort Atkinson, WI",micro,1487,False,-0.084,78424,7.566,5.765,130.0,-0.0648,-0.0258,0.4757,0.0875,0.1946,5,0.6672,True,False,False,False,measured
17163504354,St. Clair County,"St. Louis, MO-IL",metro,2872,False,1.838,74348,6.452,8.295,162.0,0.096,-0.042,0.3247,-0.031,0.3185,5,0.6661,False,False,False,False,measured
55015020400,Calumet County,"Appleton, WI",metro,1501,False,0.789,73523,6.456,0.0,85.0,0.0083,-0.0453,0.3252,0.3574,0.0204,5,0.666,False,False,False,False,measured
55133201205,Waukesha County,"Milwaukee-Waukesha, WI",metro,1693,False,5.642,162633,5.429,14.925,105.0,0.4142,0.3092,0.1861,-0.3416,0.0978,5,0.6657,True,False,False,False,measured
55105001202,Rock County,"Janesville-Beloit, WI",metro,2429,False,1.299,89012,3.865,3.503,191.0,0.051,0.0163,-0.0259,0.1934,0.4307,5,0.6656,False,False,False,False,measured
17163504001,St. Clair County,"St. Louis, MO-IL",metro,2047,False,1.315,93958,6.452,4.885,111.0,0.0523,0.036,0.3247,0.1287,0.121,5,0.6626,False,False,False,False,measured
55133202101,Waukesha County,"Milwaukee-Waukesha, WI",metro,1534,False,-0.334,141013,5.429,5.059,136.0,-0.0857,0.2232,0.1861,0.1205,0.2178,5,0.6619,False,False,False,False,measured
55031020400,Douglas County,"Duluth, MN-WI",metro,1403,False,0.543,89938,8.741,6.319,68.0,-0.0123,0.02,0.635,0.0615,-0.0454,5,0.6587,False,False,False,False,measured
55125950601,Vilas County,,rural,1516,False,4.553,74803,8.314,11.716,77.0,0.3232,-0.0402,0.577,-0.1912,-0.0106,5,0.6581,True,False,False,False,measured
55079187200,Milwaukee County,"Milwaukee-Waukesha, WI",metro,1783,False,3.519,126033,2.576,4.152,156.0,0.2366,0.1636,-0.2006,0.163,0.2952,5,0.6579,False,False,False,True,measured
17163503907,St. Clair County,"St. Louis, MO-IL",metro,2110,False,0.893,89189,6.452,9.62,181.0,0.017,0.017,0.3247,-0.0931,0.392,5,0.6576,True,False,False,False,measured
17063000102,Grundy County,"Chicago-Naperville-Elgin, IL-IN",metro,2807,False,1.331,104547,6.278,10.963,178.0,0.0536,0.0781,0.3011,-0.156,0.3804,5,0.6573,False,False,False,False,measured
17163503903,St. Clair County,"St. Louis, MO-IL",metro,1453,False,2.345,162841,6.452,13.765,123.0,0.1384,0.31,0.3247,-0.2872,0.1675,5,0.6534,False,False,False,False,measured
55073001202,Marathon County,"Wausau, WI",metro,2456,False,0.774,82932,6.882,8.143,156.0,0.007,-0.0079,0.383,-0.0239,0.2952,5,0.6534,False,False,False,False,measured
17031842300,Cook County,"Chicago-Naperville-Elgin, IL-IN",metro,1816,False,4.194,161957,3.233,8.017,127.0,0.2931,0.3065,-0.1116,-0.018,0.183,5,0.653,False,False,False,True,measured
17129010100,Menard County,"Springfield, IL",metro,2425,False,0.3,83097,6.309,4.124,137.0,-0.0326,-0.0072,0.3054,0.1643,0.2217,5,0.6515,False,False,False,False,measured
55069960700,Lincoln County,,rural,1771,False,2.129,79744,5.781,2.571,100.0,0.1204,-0.0205,0.2338,0.237,0.0784,5,0.6491,False,False,False,False,measured
55031020700,Douglas County,"Duluth, MN-WI",metro,1739,False,-0.914,84049,8.741,7.802,120.0,-0.1342,-0.0034,0.635,-0.0079,0.1559,5,0.6453,False,False,False,False,measured
17031812200,Cook County,"Chicago-Naperville-Elgin, IL-IN",metro,1272,False,0.462,214667,3.233,4.671,111.0,-0.019,0.5162,-0.1116,0.1387,0.121,5,0.6453,False,False,False,True,measured
17147954500,Piatt County,"Champaign-Urbana, IL",metro,1667,False,-0.709,99625,5.997,0.0,101.0,-0.117,0.0585,0.2631,0.3574,0.0823,5,0.6444,True,False,False,False,measured
17089854504,Kane County,"Chicago-Naperville-Elgin, IL-IN",metro,3126,False,1.338,136122,5.101,14.59,227.0,0.0542,0.2037,0.1416,-0.3259,0.5701,5,0.6438,False,False,False,False,measured
17163503323,St. Clair County,"St. Louis, MO-IL",metro,2582,False,-0.481,145729,6.452,9.791,151.0,-0.0979,0.2419,0.3247,-0.1011,0.2759,5,0.6434,False,False,False,False,measured
17197880304,Will County,"Chicago-Naperville-Elgin, IL-IN",metro,1588,False,0.891,199063,4.616,9.401,126.0,0.0169,0.4541,0.0758,-0.0828,0.1791,5,0.6431,False,False,False,False,measured
55029100700,Door County,,rural,2544,False,1.94,61269,7.5,6.69,111.0,0.1045,-0.094,0.4667,0.0441,0.121,5,0.6424,False,False,False,False,measured
55025012002,Dane County,"Madison, WI",metro,2169,False,0.82,113401,2.659,0.0,170.0,0.0109,0.1133,-0.1893,0.3574,0.3494,5,0.6418,True,False,False,False,measured
17031800700,Cook County,"Chicago-Naperville-Elgin, IL-IN",metro,1709,False,0.669,250001,3.233,10.602,141.0,-0.0018,0.6567,-0.1116,-0.1391,0.2372,5,0.6414,False,False,False,True,measured
17031832400,Cook County,"Chicago-Naperville-Elgin, IL-IN",metro,1765,False,6.389,137883,3.233,5.533,71.0,0.4767,0.2107,-0.1116,0.0983,-0.0338,5,0.6403,False,False,False,True,measured
55095960800,Polk County,,rural,3039,False,3.636,73828,2.692,4.145,198.0,0.2464,-0.0441,-0.1848,0.1633,0.4578,5,0.6387,False,False,False,False,measured
55025010801,Dane County,"Madison, WI",metro,3165,False,2.592,119669,2.659,2.995,160.0,0.1591,0.1383,-0.1893,0.2172,0.3107,5,0.636,True,False,False,False,measured
17111871501,McHenry County,"Chicago-Naperville-Elgin, IL-IN",metro,3530,False,1.468,78070,4.254,2.258,162.0,0.0651,-0.0272,0.0269,0.2517,0.3185,5,0.6349,True,False,False,False,measured
17163504002,St. Clair County,"St. Louis, MO-IL",metro,2218,False,-0.182,78235,6.452,0.0,93.0,-0.0729,-0.0265,0.3247,0.3574,0.0513,5,0.634,False,False,False,False,measured
55087012503,Outagamie County,"Appleton, WI",metro,1371,False,2.976,171867,3.366,5.348,101.0,0.1912,0.3459,-0.0936,0.107,0.0823,5,0.6329,False,False,False,False,measured
17031804204,Cook County,"Chicago-Naperville-Elgin, IL-IN",metro,1857,False,0.921,157750,3.233,3.086,137.0,0.0193,0.2898,-0.1116,0.2129,0.2217,5,0.6321,True,False,False,True,measured
17031280100,Cook County,"Chicago-Naperville-Elgin, IL-IN",metro,5641,False,5.882,146383,3.233,8.897,111.0,0.4343,0.2445,-0.1116,-0.0592,0.121,5,0.6291,False,False,False,True,measured
55105001400,Rock County,"Janesville-Beloit, WI",metro,2283,False,0.0,87091,3.865,3.469,211.0,-0.0577,0.0087,-0.0259,0.195,0.5082,5,0.6282,False,False,False,False,measured
55087012603,Outagamie County,"Appleton, WI",metro,1936,False,0.859,112486,3.366,2.585,172.0,0.0142,0.1097,-0.0936,0.2364,0.3572,5,0.6239,True,False,False,False,measured
55105003001,Rock County,"Janesville-Beloit, WI",metro,2149,False,1.122,71193,3.865,4.499,214.0,0.0361,-0.0546,-0.0259,0.1467,0.5198,5,0.6222,False,False,False,False,measured
55025013302,Dane County,"Madison, WI",metro,2416,False,1.891,103836,2.659,2.593,183.0,0.1004,0.0753,-0.1893,0.236,0.3998,5,0.6222,False,False,False,False,measured
55001950100,Adams County,,rural,1766,False,4.137,79286,4.348,9.083,179.0,0.2883,-0.0224,0.0395,-0.0679,0.3843,5,0.6218,False,False,False,False,measured
17089850800,Kane County,"Chicago-Naperville-Elgin, IL-IN",metro,2279,True,2.903,87247,5.101,5.936,133.0,0.1851,0.0093,0.1416,0.0794,0.2062,5,0.6217,False,False,False,False,measured
55009020203,Brown County,"Green Bay, WI",metro,2525,False,-1.192,107637,2.607,0.0,216.0,-0.1574,0.0904,-0.1964,0.3574,0.5275,5,0.6216,False,False,False,True,measured
17043846409,DuPage County,"Chicago-Naperville-Elgin, IL-IN",metro,1655,False,1.038,184044,3.131,5.213,134.0,0.0291,0.3944,-0.1254,0.1133,0.2101,5,0.6214,False,False,False,False,measured
17197880602,Will County,"Chicago-Naperville-Elgin, IL-IN",metro,1680,False,5.004,77455,4.616,3.913,90.0,0.3608,-0.0296,0.0758,0.1742,0.0397,5,0.621,False,False,False,False,measured
17119403121,Madison County,"St. Louis, MO-IL",metro,3971,False,2.863,89777,3.735,11.652,248.0,0.1817,0.0194,-0.0435,-0.1883,0.6514,5,0.6208,False,False,False,False,measured
17083010100,Jersey County,"St. Louis, MO-IL",metro,1845,False,-0.322,60368,7.132,0.0,87.0,-0.0846,-0.0976,0.4169,0.3574,0.0281,5,0.6202,False,False,False,False,measured
55025011506,Dane County,"Madison, WI",metro,3396,True,3.491,68924,2.659,6.837,235.0,0.2343,-0.0636,-0.1893,0.0372,0.6011,5,0.6198,True,False,False,False,measured
17143004902,Peoria County,"Peoria, IL",metro,2193,False,3.113,87726,4.713,4.56,124.0,0.2027,0.0112,0.089,0.1439,0.1713,5,0.6181,False,False,False,False,measured
55025011405,Dane County,"Madison, WI",metro,2741,False,4.537,85337,2.659,6.252,188.0,0.3218,0.0017,-0.1893,0.0646,0.4191,5,0.6179,True,False,False,False,measured
55127000702,Walworth County,"Whitewater-Elkhorn, WI",micro,2254,False,3.717,58977,6.687,6.201,91.0,0.2532,-0.1031,0.3566,0.0671,0.0436,5,0.6174,False,False,False,False,measured
17111871112,McHenry County,"Chicago-Naperville-Elgin, IL-IN",metro,1854,False,0.326,151154,4.254,5.835,150.0,-0.0304,0.2635,0.0269,0.0842,0.272,5,0.6161,True,False,False,False,measured
55061960200,Kewaunee County,"Green Bay, WI",metro,1037,False,1.408,73317,6.208,0.0,67.0,0.06,-0.0461,0.2917,0.3574,-0.0493,5,0.6138,False,False,False,False,measured
17095001100,Knox County,"Galesburg, IL",micro,984,True,-1.862,46618,12.498,8.571,48.0,-0.2134,-0.1523,1.1442,-0.044,-0.1229,5,0.6116,False,False,False,False,measured
55111000200,Sauk County,"Baraboo, WI",micro,2110,False,1.59,88382,6.347,9.592,158.0,0.0753,0.0138,0.3105,-0.0918,0.303,5,0.6108,False,False,False,False,measured
55105001302,Rock County,"Janesville-Beloit, WI",metro,2564,False,-0.961,83944,3.865,0.0,188.0,-0.1381,-0.0038,-0.0259,0.3574,0.4191,5,0.6087,False,False,False,False,measured
17111871206,McHenry County,"Chicago-Naperville-Elgin, IL-IN",metro,2569,False,0.951,139913,4.254,7.823,170.0,0.0218,0.2188,0.0269,-0.0089,0.3494,5,0.608,False,False,False,False,measured
55025011406,Dane County,"Madison, WI",metro,2167,False,2.312,106165,2.659,5.174,199.0,0.1357,0.0846,-0.1893,0.1151,0.4617,5,0.6078,True,False,False,False,measured
17147954600,Piatt County,"Champaign-Urbana, IL",metro,2852,False,1.949,98914,5.997,10.519,162.0,0.1053,0.0557,0.2631,-0.1352,0.3185,5,0.6074,False,False,False,False,measured
17167003601,Sangamon County,"Springfield, IL",metro,1046,False,-1.287,107955,7.206,0.0,53.0,-0.1654,0.0917,0.4269,0.3574,-0.1035,5,0.6071,False,False,False,False,measured
17111871307,McHenry County,"Chicago-Naperville-Elgin, IL-IN",metro,1900,False,2.663,131290,4.254,6.374,124.0,0.1651,0.1845,0.0269,0.0589,0.1713,5,0.6067,False,False,False,False,measured
55067960400,Langlade County,,rural,1457,False,-1.22,82321,7.688,4.475,115.0,-0.1597,-0.0103,0.4923,0.1479,0.1365,5,0.6067,False,False,False,False,measured
17111871110,McHenry County,"Chicago-Naperville-Elgin, IL-IN",metro,1224,False,0.901,177538,4.254,5.281,101.0,0.0177,0.3685,0.0269,0.1101,0.0823,5,0.6054,True,False,False,False,measured
55073001402,Marathon County,"Wausau, WI",metro,1572,False,0.617,65739,6.882,0.0,66.0,-0.0061,-0.0762,0.383,0.3574,-0.0532,5,0.6049,True,False,False,False,measured
17043842602,DuPage County,"Chicago-Naperville-Elgin, IL-IN",metro,1487,False,2.411,250001,3.131,12.386,119.0,0.144,0.6567,-0.1254,-0.2226,0.152,5,0.6046,False,False,False,False,measured
55015020303,Calumet County,"Appleton, WI",metro,1579,False,0.423,81927,6.456,4.686,125.0,-0.0223,-0.0119,0.3252,0.138,0.1752,5,0.6043,False,False,False,False,measured
17201003903,Winnebago County,"Rockford, IL",metro,2173,False,-0.517,123102,5.151,6.3,168.0,-0.1009,0.1519,0.1484,0.0624,0.3417,5,0.6035,False,False,False,False,measured
17197880431,Will County,"Chicago-Naperville-Elgin, IL-IN",metro,1898,False,2.402,128929,4.616,7.662,134.0,0.1432,0.1751,0.0758,-0.0014,0.2101,5,0.6028,True,False,False,False,measured
17201004100,Winnebago County,"Rockford, IL",metro,2171,False,1.797,86365,5.151,4.606,135.0,0.0926,0.0058,0.1484,0.1417,0.2139,5,0.6024,False,False,False,False,measured
55133201504,Waukesha County,"Milwaukee-Waukesha, WI",metro,2614,False,1.719,118117,5.429,8.33,139.0,0.0861,0.1321,0.1861,-0.0327,0.2294,5,0.6011,True,False,False,False,measured
55133201703,Waukesha County,"Milwaukee-Waukesha, WI",metro,2437,False,0.107,95180,5.429,4.665,153.0,-0.0488,0.0409,0.1861,0.139,0.2836,5,0.6008,False,False,False,False,measured
17031081500,Cook County,"Chicago-Naperville-Elgin, IL-IN",metro,3608,False,3.864,134320,3.233,9.754,170.0,0.2655,0.1966,-0.1116,-0.0994,0.3494,5,0.6006,False,False,False,True,measured
17089852606,Kane County,"Chicago-Naperville-Elgin, IL-IN",metro,1897,False,1.842,182386,5.101,11.089,115.0,0.0964,0.3878,0.1416,-0.1619,0.1365,5,0.6004,False,False,False,False,measured
55131400104,Washington County,"Milwaukee-Waukesha, WI",metro,2392,False,0.23,97500,4.101,2.586,169.0,-0.0385,0.0501,0.0061,0.2363,0.3456,5,0.5996,False,False,False,False,measured
17111871111,McHenry County,"Chicago-Naperville-Elgin, IL-IN",metro,1646,False,0.901,166609,4.254,9.092,156.0,0.0177,0.325,0.0269,-0.0684,0.2952,5,0.5964,True,False,False,False,measured
17031081700,Cook County,"Chicago-Naperville-Elgin, IL-IN",metro,3867,False,6.924,142821,3.233,9.222,87.0,0.5214,0.2304,-0.1116,-0.0745,0.0281,5,0.5939,False,True,False,True,measured
17197880319,Will County,"Chicago-Naperville-Elgin, IL-IN",metro,1467,False,1.311,170191,4.616,7.013,105.0,0.052,0.3393,0.0758,0.029,0.0978,5,0.5938,True,False,False,False,measured
55089640202,Ozaukee County,"Milwaukee-Waukesha, WI",metro,2668,False,2.401,115132,2.924,6.752,194.0,0.1431,0.1202,-0.1535,0.0412,0.4423,5,0.5934,True,False,False,False,measured
55127001607,Walworth County,"Whitewater-Elkhorn, WI",micro,922,False,0.03,130357,6.687,7.682,109.0,-0.0552,0.1808,0.3566,-0.0023,0.1133,5,0.5932,True,False,False,False,measured
17197880511,Will County,"Chicago-Naperville-Elgin, IL-IN",metro,1110,False,2.6,134583,4.616,4.597,84.0,0.1598,0.1976,0.0758,0.1422,0.0165,5,0.5919,True,False,False,False,measured
17089852405,Kane County,"Chicago-Naperville-Elgin, IL-IN",metro,1273,False,1.807,126528,5.101,5.074,98.0,0.0935,0.1656,0.1416,0.1198,0.0707,5,0.5912,True,False,False,False,measured
55063010205,La Crosse County,"La Crosse-Onalaska, WI-MN",metro,2092,False,-10.258,134643,8.411,0.0,173.0,-0.9158,0.1978,0.5902,0.3574,0.361,5,0.5908,False,False,False,False,measured
55035001600,Eau Claire County,"Eau Claire, WI",metro,2357,False,1.676,112795,1.628,0.0,175.0,0.0825,0.1109,-0.3291,0.3574,0.3688,5,0.5905,False,False,False,False,measured
55131440106,Washington County,"Milwaukee-Waukesha, WI",metro,1606,False,0.694,111375,4.101,0.0,111.0,0.0004,0.1053,0.0061,0.3574,0.121,5,0.5902,False,False,False,False,measured
55083101302,Oconto County,"Green Bay, WI",metro,1796,False,1.783,105000,3.242,0.0,124.0,0.0914,0.0799,-0.1104,0.3574,0.1713,5,0.5898,True,False,False,False,measured
55079070200,Milwaukee County,"Milwaukee-Waukesha, WI",metro,1734,False,-0.563,224750,2.576,5.147,137.0,-0.1048,0.5563,-0.2006,0.1164,0.2217,5,0.589,False,False,False,True,measured
17031832300,Cook County,"Chicago-Naperville-Elgin, IL-IN",metro,1272,False,7.622,110855,3.233,7.496,81.0,0.5799,0.1032,-0.1116,0.0064,0.0049,5,0.5828,False,False,False,True,measured
55009940006,Brown County,"Green Bay, WI",metro,1581,False,2.088,128015,2.607,2.394,143.0,0.1169,0.1715,-0.1964,0.2453,0.2449,5,0.5823,True,False,False,True,measured
17161024101,Rock Island County,"Davenport-Moline-Rock Island, IA-IL",metro,1453,False,0.306,100750,5.221,0.0,89.0,-0.0321,0.063,0.1578,0.3574,0.0359,5,0.582,False,False,False,False,measured
55131450106,Washington County,"Milwaukee-Waukesha, WI",metro,2730,False,3.087,104511,4.101,9.098,174.0,0.2005,0.078,0.0061,-0.0686,0.3649,5,0.5809,False,False,False,False,measured
17197883810,Will County,"Chicago-Naperville-Elgin, IL-IN",metro,1499,False,3.483,114125,4.616,5.61,95.0,0.2336,0.1162,0.0758,0.0947,0.0591,5,0.5795,False,False,False,False,measured
55133203304,Waukesha County,"Milwaukee-Waukesha, WI",metro,2130,False,1.834,117167,5.429,10.168,154.0,0.0957,0.1283,0.1861,-0.1188,0.2875,5,0.5788,False,False,False,False,measured
17197880422,Will County,"Chicago-Naperville-Elgin, IL-IN",metro,1596,False,2.098,131742,4.616,7.46,129.0,0.1178,0.1863,0.0758,0.0081,0.1907,5,0.5787,True,False,False,False,measured
55009020703,Brown County,"Green Bay, WI",metro,3161,False,2.071,82861,2.607,4.201,210.0,0.1155,-0.0081,-0.1964,0.1607,0.5043,5,0.576,False,False,False,True,measured
17031800500,Cook County,"Chicago-Naperville-Elgin, IL-IN",metro,1787,False,1.043,250001,3.233,12.11,134.0,0.0296,0.6567,-0.1116,-0.2097,0.2101,5,0.575,False,False,False,True,measured
17031800400,Cook County,"Chicago-Naperville-Elgin, IL-IN",metro,1265,False,1.04,250001,3.233,10.54,115.0,0.0293,0.6567,-0.1116,-0.1362,0.1365,5,0.5748,False,False,False,True,measured
55133203303,Waukesha County,"Milwaukee-Waukesha, WI",metro,2064,False,3.75,87394,5.429,8.523,122.0,0.256,0.0099,0.1861,-0.0417,0.1636,5,0.5738,False,False,False,False,measured
55113100501,Sawyer County,,rural,854,False,5.589,62813,6.841,9.924,75.0,0.4098,-0.0879,0.3774,-0.1073,-0.0183,5,0.5736,True,False,False,False,measured
17031070500,Cook County,"Chicago-Naperville-Elgin, IL-IN",metro,1395,False,1.436,207076,3.233,6.554,102.0,0.0624,0.486,-0.1116,0.0505,0.0862,5,0.5735,False,False,False,True,measured
55109120100,St. Croix County,"Minneapolis-St. Paul-Bloomington, MN-WI",metro,1002,False,3.325,66667,9.176,11.169,53.0,0.2204,-0.0726,0.694,-0.1657,-0.1035,5,0.5726,False,False,False,False,measured
55055101400,Jefferson County,"Watertown-Fort Atkinson, WI",micro,1517,False,2.651,84119,7.566,6.705,51.0,0.164,-0.0031,0.4757,0.0435,-0.1113,5,0.5687,False,False,False,False,measured
17007010501,Boone County,"Rockford, IL",metro,1766,False,-0.609,163188,4.976,5.258,113.0,-0.1087,0.3114,0.1246,0.1112,0.1288,5,0.5673,True,False,False,False,measured
55133204302,Waukesha County,"Milwaukee-Waukesha, WI",metro,1781,False,1.499,87473,5.429,8.203,164.0,0.0677,0.0102,0.1861,-0.0267,0.3262,5,0.5634,False,False,False,False,measured
17197880119,Will County,"Chicago-Naperville-Elgin, IL-IN",metro,1523,False,1.188,156125,4.616,6.339,106.0,0.0416,0.2833,0.0758,0.0606,0.1017,5,0.563,False,False,False,False,measured
55025012600,Dane County,"Madison, WI",metro,1771,False,-0.792,93250,2.659,0.0,205.0,-0.1239,0.0332,-0.1893,0.3574,0.4849,5,0.5623,False,False,False,False,measured
55091950100,Pepin County,,rural,1668,False,0.675,73559,8.629,7.997,81.0,-0.0013,-0.0451,0.6197,-0.0171,0.0049,5,0.5612,False,False,False,False,measured
55111001003,Sauk County,"Baraboo, WI",micro,715,False,3.889,92898,6.347,7.29,63.0,0.2676,0.0318,0.3105,0.016,-0.0648,5,0.5611,True,False,False,False,measured
17031071200,Cook County,"Chicago-Naperville-Elgin, IL-IN",metro,1402,False,8.791,131383,3.233,8.239,38.0,0.6776,0.1849,-0.1116,-0.0284,-0.1616,5,0.5609,False,False,False,True,measured
55125950502,Vilas County,,rural,1467,False,0.357,72625,8.314,9.695,120.0,-0.0279,-0.0489,0.577,-0.0966,0.1559,5,0.5596,True,False,False,False,measured
55131450103,Washington County,"Milwaukee-Waukesha, WI",metro,2572,False,3.087,90500,4.101,5.471,139.0,0.2005,0.0223,0.0061,0.1012,0.2294,5,0.5595,False,False,False,False,measured
17113005402,McLean County,"Bloomington, IL",metro,1216,False,2.1,106196,6.799,8.224,83.0,0.1179,0.0847,0.3718,-0.0277,0.0126,5,0.5593,True,False,False,True,measured
55131450108,Washington County,"Milwaukee-Waukesha, WI",metro,1084,False,0.391,109762,4.101,0.0,111.0,-0.025,0.0989,0.0061,0.3574,0.121,5,0.5585,True,False,False,False,measured
17031812301,Cook County,"Chicago-Naperville-Elgin, IL-IN",metro,3386,False,7.478,89669,3.233,4.637,65.0,0.5678,0.0189,-0.1116,0.1403,-0.0571,5,0.5584,False,False,False,True,measured
17031330101,Cook County,"Chicago-Naperville-Elgin, IL-IN",metro,2643,False,3.9,171388,3.233,9.863,121.0,0.2685,0.344,-0.1116,-0.1045,0.1597,5,0.5562,True,False,False,True,measured
17113001107,McLean County,"Bloomington, IL",metro,1499,False,1.178,110712,6.799,9.54,113.0,0.0408,0.1027,0.3718,-0.0894,0.1288,5,0.5547,True,False,False,True,measured
55063010300,La Crosse County,"La Crosse-Onalaska, WI-MN",metro,2091,False,-0.019,61915,8.411,6.034,90.0,-0.0593,-0.0915,0.5902,0.0749,0.0397,5,0.5541,False,False,False,False,measured
17043846517,DuPage County,"Chicago-Naperville-Elgin, IL-IN",metro,2101,False,0.68,137917,3.131,5.089,170.0,-0.0008,0.2109,-0.1254,0.1191,0.3494,5,0.5531,False,False,False,False,measured
17111871109,McHenry County,"Chicago-Naperville-Elgin, IL-IN",metro,1622,False,1.576,141935,4.254,5.861,116.0,0.0741,0.2269,0.0269,0.0829,0.1404,5,0.5512,False,False,False,False,measured
55025003100,Dane County,"Madison, WI",metro,2498,False,0.829,99706,2.659,2.791,194.0,0.0116,0.0589,-0.1893,0.2267,0.4423,5,0.5503,False,False,False,False,measured
55133203305,Waukesha County,"Milwaukee-Waukesha, WI",metro,1775,False,0.533,97438,5.429,8.367,173.0,-0.0131,0.0498,0.1861,-0.0344,0.361,5,0.5494,False,False,False,False,measured
17097861009,Lake County,"Chicago-Naperville-Elgin, IL-IN",metro,1948,False,1.38,144773,2.585,9.829,223.0,0.0577,0.2381,-0.1993,-0.1029,0.5546,5,0.5482,False,False,False,True,measured
55093960400,Pierce County,"Minneapolis-St. Paul-Bloomington, MN-WI",metro,2552,False,1.669,75643,5.579,6.617,144.0,0.0819,-0.0368,0.2063,0.0475,0.2488,5,0.5477,True,False,False,False,measured
17143004802,Peoria County,"Peoria, IL",metro,1915,False,4.379,62530,4.713,4.211,100.0,0.3086,-0.089,0.089,0.1602,0.0784,5,0.5472,False,False,False,False,measured
17031062200,Cook County,"Chicago-Naperville-Elgin, IL-IN",metro,1427,False,1.992,197159,3.233,5.696,83.0,0.1089,0.4465,-0.1116,0.0907,0.0126,5,0.5472,False,False,False,True,measured
17201004005,Winnebago County,"Rockford, IL",metro,1131,False,4.195,123618,5.151,10.025,96.0,0.2932,0.154,0.1484,-0.112,0.0629,5,0.5465,True,False,False,False,measured
55007960600,Bayfield County,,rural,1216,False,4.114,65179,5.636,6.58,99.0,0.2864,-0.0785,0.2142,0.0493,0.0746,5,0.546,False,False,False,False,measured
17095000100,Knox County,"Galesburg, IL",micro,1088,False,-2.754,71515,12.498,9.749,39.0,-0.288,-0.0533,1.1442,-0.0991,-0.1577,5,0.546,False,False,False,False,measured
55039042100,Fond du Lac County,"Fond du Lac, WI",metro,1943,False,0.497,94625,5.907,5.147,120.0,-0.0162,0.0387,0.2508,0.1164,0.1559,5,0.5455,False,False,False,False,measured
17089850101,Kane County,"Chicago-Naperville-Elgin, IL-IN",metro,2362,False,1.202,90570,5.101,5.066,136.0,0.0428,0.0225,0.1416,0.1202,0.2178,5,0.5449,False,False,False,False,measured
55093960800,Pierce County,"Minneapolis-St. Paul-Bloomington, MN-WI",metro,1452,True,0.283,86122,5.579,0.0,82.0,-0.0341,0.0048,0.2063,0.3574,0.0088,5,0.5433,False,False,False,False,measured
17111870105,McHenry County,"Chicago-Naperville-Elgin, IL-IN",metro,1439,False,2.078,130817,4.254,5.418,109.0,0.1161,0.1826,0.0269,0.1037,0.1133,5,0.5425,True,False,False,False,measured
17179021500,Tazewell County,"Peoria, IL",metro,2690,False,-1.828,81400,4.884,1.782,178.0,-0.2106,-0.0139,0.1122,0.274,0.3804,5,0.542,False,False,False,False,measured
17097866000,Lake County,"Chicago-Naperville-Elgin, IL-IN",metro,2421,False,-0.348,125074,2.585,0.0,160.0,-0.0868,0.1598,-0.1993,0.3574,0.3107,5,0.5418,False,False,False,True,measured
17197880509,Will County,"Chicago-Naperville-Elgin, IL-IN",metro,1413,False,5.095,97552,4.616,5.584,67.0,0.3684,0.0503,0.0758,0.096,-0.0493,5,0.5412,True,False,False,False,measured
55039040100,Fond du Lac County,"Fond du Lac, WI",metro,1971,False,2.185,69644,5.907,8.035,143.0,0.125,-0.0607,0.2508,-0.0189,0.2449,5,0.5411,False,False,False,False,measured
17199020300,Williamson County,"Marion-Herrin, IL",micro,2336,False,4.29,69684,7.567,12.238,90.0,0.3011,-0.0606,0.4758,-0.2157,0.0397,5,0.5404,False,False,False,False,measured
17031080300,Cook County,"Chicago-Naperville-Elgin, IL-IN",metro,3479,False,3.88,151830,3.233,8.922,126.0,0.2669,0.2662,-0.1116,-0.0604,0.1791,5,0.5402,False,False,False,True,measured
17111870605,McHenry County,"Chicago-Naperville-Elgin, IL-IN",metro,2839,False,3.486,100380,4.254,11.452,182.0,0.2339,0.0616,0.0269,-0.1789,0.3959,5,0.5393,False,False,False,False,measured
55063001101,La Crosse County,"La Crosse-Onalaska, WI-MN",metro,907,False,-0.649,59476,8.411,4.532,84.0,-0.112,-0.1012,0.5902,0.1452,0.0165,5,0.5388,False,False,False,False,measured
55127001702,Walworth County,"Whitewater-Elkhorn, WI",micro,2076,False,1.126,85385,6.687,7.893,120.0,0.0365,0.0019,0.3566,-0.0122,0.1559,5,0.5386,False,False,False,False,measured
17163503304,St. Clair County,"St. Louis, MO-IL",metro,2672,False,-0.118,66053,6.452,8.075,177.0,-0.0676,-0.075,0.3247,-0.0207,0.3765,5,0.5379,False,False,False,False,measured
17043841326,DuPage County,"Chicago-Naperville-Elgin, IL-IN",metro,1256,False,1.738,166250,3.131,3.689,97.0,0.0876,0.3236,-0.1254,0.1847,0.0668,5,0.5373,False,False,False,False,measured
55133203402,Waukesha County,"Milwaukee-Waukesha, WI",metro,1653,False,2.571,92485,5.429,7.884,125.0,0.1573,0.0301,0.1861,-0.0118,0.1752,5,0.537,False,False,False,False,measured
17031815701,Cook County,"Chicago-Naperville-Elgin, IL-IN",metro,1384,False,1.766,186667,3.233,5.777,97.0,0.09,0.4048,-0.1116,0.0869,0.0668,5,0.537,False,False,False,True,measured
17179020500,Tazewell County,"Peoria, IL",metro,1886,False,0.994,72155,4.884,1.272,119.0,0.0254,-0.0507,0.1122,0.2979,0.152,5,0.5368,False,False,False,False,measured
17197880901,Will County,"Chicago-Naperville-Elgin, IL-IN",metro,2763,True,2.4,80503,4.616,6.288,150.0,0.1431,-0.0175,0.0758,0.063,0.272,5,0.5364,False,False,False,False,measured
17143003700,Peoria County,"Peoria, IL",metro,1261,False,-0.252,142604,4.713,0.0,64.0,-0.0788,0.2295,0.089,0.3574,-0.0609,5,0.5362,False,False,False,False,measured
55051180300,Iron County,,rural,1109,False,2.651,63375,6.411,4.875,82.0,0.1641,-0.0856,0.3192,0.1291,0.0088,5,0.5355,False,False,False,False,measured
17089850105,Kane County,"Chicago-Naperville-Elgin, IL-IN",metro,2635,False,2.261,123958,5.101,11.568,155.0,0.1314,0.1553,0.1416,-0.1843,0.2914,5,0.5354,False,False,False,False,measured
55033970400,Dunn County,"Menomonie, WI",micro,2433,False,0.822,93267,4.562,5.918,168.0,0.011,0.0333,0.0686,0.0803,0.3417,5,0.5348,False,False,False,False,measured
17197880324,Will County,"Chicago-Naperville-Elgin, IL-IN",metro,1578,False,0.949,149609,4.616,6.389,111.0,0.0216,0.2574,0.0758,0.0582,0.121,5,0.5341,True,False,False,False,measured
55073001103,Marathon County,"Wausau, WI",metro,2306,False,1.331,72347,6.882,6.331,102.0,0.0537,-0.05,0.383,0.0609,0.0862,5,0.5338,False,False,False,False,measured
55105002902,Rock County,"Janesville-Beloit, WI",metro,2288,False,3.499,86240,3.865,13.112,228.0,0.235,0.0053,-0.0259,-0.2566,0.574,5,0.5318,True,False,False,False,measured
55017010500,Chippewa County,"Eau Claire, WI",metro,2438,True,0.813,69297,7.827,6.878,89.0,0.0103,-0.0621,0.511,0.0353,0.0359,5,0.5304,False,False,False,False,measured
55025012800,Dane County,"Madison, WI",metro,3107,False,1.008,108595,2.659,10.177,265.0,0.0266,0.0942,-0.1893,-0.1192,0.7172,5,0.5296,False,False,False,False,measured
17031671100,Cook County,"Chicago-Naperville-Elgin, IL-IN",metro,476,True,12.377,17139,3.233,3.238,9.0,0.9776,-0.2696,-0.1116,0.2058,-0.2739,5,0.5284,False,False,False,True,measured
55055101202,Jefferson County,"Watertown-Fort Atkinson, WI",micro,603,False,0.341,120234,7.566,4.696,29.0,-0.0292,0.1405,0.4757,0.1375,-0.1964,5,0.5281,False,False,False,False,measured
55041950400,Forest County,,rural,1149,False,-0.689,66641,6.87,2.759,107.0,-0.1153,-0.0727,0.3813,0.2282,0.1055,5,0.5271,False,False,False,False,measured
17161020400,Rock Island County,"Davenport-Moline-Rock Island, IA-IL",metro,2299,False,3.291,67996,5.221,4.503,98.0,0.2175,-0.0673,0.1578,0.1466,0.0707,5,0.5254,False,False,False,False,measured
17031051400,Cook County,"Chicago-Naperville-Elgin, IL-IN",metro,1057,False,3.828,167194,3.233,5.174,62.0,0.2625,0.3273,-0.1116,0.1151,-0.0687,5,0.5247,False,False,False,True,measured
55131440103,Washington County,"Milwaukee-Waukesha, WI",metro,2058,False,1.137,93615,4.101,4.985,163.0,0.0374,0.0346,0.0061,0.124,0.3223,5,0.5245,False,False,False,False,measured
55115100300,Shawano County,"Shawano, WI",micro,1582,False,0.387,81316,6.019,6.601,144.0,-0.0253,-0.0143,0.266,0.0483,0.2488,5,0.5234,False,False,False,False,measured
17089850106,Kane County,"Chicago-Naperville-Elgin, IL-IN",metro,2427,False,-0.983,135863,5.101,11.349,207.0,-0.14,0.2027,0.1416,-0.1741,0.4927,5,0.523,False,False,False,False,measured
17111870403,McHenry County,"Chicago-Naperville-Elgin, IL-IN",metro,1658,False,0.682,105078,4.254,1.986,119.0,-0.0007,0.0802,0.0269,0.2645,0.152,5,0.5229,True,False,False,False,measured
55063000200,La Crosse County,"La Crosse-Onalaska, WI-MN",metro,2539,True,1.588,46669,8.411,6.955,74.0,0.0751,-0.1521,0.5902,0.0317,-0.0222,5,0.5227,True,False,False,False,measured
17043846208,DuPage County,"Chicago-Naperville-Elgin, IL-IN",metro,1202,False,0.818,230588,3.131,7.74,96.0,0.0107,0.5795,-0.1254,-0.005,0.0629,5,0.5227,False,False,False,False,measured
55039040800,Fond du Lac County,"Fond du Lac, WI",metro,1805,False,1.099,77118,5.907,6.964,141.0,0.0342,-0.031,0.2508,0.0313,0.2372,5,0.5225,False,False,False,False,measured
17167002600,Sangamon County,"Springfield, IL",metro,1492,True,4.114,48409,7.206,7.972,72.0,0.2864,-0.1452,0.4269,-0.0159,-0.03,5,0.5223,True,False,False,False,measured
17197880204,Will County,"Chicago-Naperville-Elgin, IL-IN",metro,2561,False,2.75,92321,4.616,5.844,121.0,0.1724,0.0295,0.0758,0.0838,0.1597,5,0.5212,True,False,False,False,measured
55059002605,Kenosha County,"Kenosha, WI",metro,2922,False,4.901,105045,4.613,8.772,97.0,0.3523,0.0801,0.0754,-0.0534,0.0668,5,0.5212,True,False,False,False,measured
17203030602,Woodford County,"Peoria, IL",metro,1355,False,1.342,112898,4.202,0.0,74.0,0.0545,0.1113,0.0198,0.3574,-0.0222,5,0.5209,False,False,False,False,measured
17097864110,Lake County,"Chicago-Naperville-Elgin, IL-IN",metro,3101,True,2.701,61379,2.585,6.105,228.0,0.1682,-0.0936,-0.1993,0.0715,0.574,5,0.5208,True,False,False,True,measured
17163501605,St. Clair County,"St. Louis, MO-IL",metro,1351,False,4.215,73639,6.452,8.399,75.0,0.2949,-0.0448,0.3247,-0.0359,-0.0183,5,0.5205,False,False,False,False,measured
17031242200,Cook County,"Chicago-Naperville-Elgin, IL-IN",metro,2024,False,3.153,162976,3.233,8.253,117.0,0.206,0.3106,-0.1116,-0.0291,0.1442,5,0.5202,False,False,False,True,measured
17113005900,McLean County,"Bloomington, IL",metro,2188,True,2.676,54241,6.799,7.497,105.0,0.1661,-0.122,0.3718,0.0063,0.0978,5,0.5201,False,False,False,True,measured
17031381500,Cook County,"Chicago-Naperville-Elgin, IL-IN",metro,401,True,12.152,26738,3.233,3.69,7.0,0.9588,-0.2314,-0.1116,0.1846,-0.2816,5,0.5189,False,True,False,True,measured
17031811900,Cook County,"Chicago-Naperville-Elgin, IL-IN",metro,1924,False,0.766,179808,3.233,4.802,109.0,0.0063,0.3775,-0.1116,0.1325,0.1133,5,0.5181,False,False,False,True,measured
55073002302,Marathon County,"Wausau, WI",metro,1339,False,-0.938,90662,6.882,0.0,51.0,-0.1361,0.0229,0.383,0.3574,-0.1113,5,0.5159,True,False,False,False,measured
17031801200,Cook County,"Chicago-Naperville-Elgin, IL-IN",metro,1467,False,2.607,203750,3.233,8.776,92.0,0.1604,0.4727,-0.1116,-0.0536,0.0475,5,0.5155,False,False,False,True,measured
55127001000,Walworth County,"Whitewater-Elkhorn, WI",micro,1967,False,1.21,82068,6.687,7.037,105.0,0.0435,-0.0113,0.3566,0.0279,0.0978,5,0.5145,False,False,False,False,measured
17031320101,Cook County,"Chicago-Naperville-Elgin, IL-IN",metro,5606,False,2.667,125862,3.233,10.143,187.0,0.1654,0.1629,-0.1116,-0.1176,0.4152,5,0.5144,True,False,False,True,measured
17197884103,Will County,"Chicago-Naperville-Elgin, IL-IN",metro,1003,False,4.628,111358,4.616,4.513,43.0,0.3294,0.1052,0.0758,0.1461,-0.1422,5,0.5143,True,False,False,False,measured
17111871305,McHenry County,"Chicago-Naperville-Elgin, IL-IN",metro,1863,False,-2.277,183094,4.254,6.177,151.0,-0.2482,0.3906,0.0269,0.0681,0.2759,5,0.5133,False,False,False,False,measured
55079185700,Milwaukee County,"Milwaukee-Waukesha, WI",metro,1148,True,13.222,26691,2.576,4.742,18.0,1.0483,-0.2316,-0.2006,0.1354,-0.239,5,0.5125,False,False,False,True,measured
55063000300,La Crosse County,"La Crosse-Onalaska, WI-MN",metro,1278,True,2.279,53061,8.411,4.918,25.0,0.1329,-0.1267,0.5902,0.1271,-0.2119,5,0.5117,False,False,False,False,measured
17031071800,Cook County,"Chicago-Naperville-Elgin, IL-IN",metro,1175,False,1.947,241228,3.233,8.219,60.0,0.1052,0.6218,-0.1116,-0.0275,-0.0764,5,0.5115,False,False,False,True,measured
55073001000,Marathon County,"Wausau, WI",metro,1661,False,0.64,92976,6.882,7.67,106.0,-0.0042,0.0321,0.383,-0.0018,0.1017,5,0.5108,False,False,False,False,measured
17163503211,St. Clair County,"St. Louis, MO-IL",metro,1809,False,0.052,67648,6.452,4.568,122.0,-0.0533,-0.0687,0.3247,0.1435,0.1636,5,0.5098,False,False,False,False,measured
17031081402,Cook County,"Chicago-Naperville-Elgin, IL-IN",metro,3950,False,3.038,170333,3.233,10.136,132.0,0.1964,0.3398,-0.1116,-0.1173,0.2023,5,0.5097,False,False,False,True,measured
17197880303,Will County,"Chicago-Naperville-Elgin, IL-IN",metro,1479,False,3.339,152472,4.616,9.035,82.0,0.2216,0.2688,0.0758,-0.0657,0.0088,5,0.5093,False,False,False,False,measured
55133202102,Waukesha County,"Milwaukee-Waukesha, WI",metro,2029,False,1.922,118692,5.429,11.614,150.0,0.103,0.1344,0.1861,-0.1865,0.272,5,0.509,False,False,False,False,measured
55059000400,Kenosha County,"Kenosha, WI",metro,1768,False,4.292,61337,4.613,5.249,109.0,0.3013,-0.0938,0.0754,0.1116,0.1133,5,0.5079,False,False,False,False,measured
17201003706,Winnebago County,"Rockford, IL",metro,2250,False,-1.006,92750,5.151,4.744,166.0,-0.1418,0.0312,0.1484,0.1352,0.3339,5,0.507,False,False,False,False,measured
17031421200,Cook County,"Chicago-Naperville-Elgin, IL-IN",metro,729,True,9.646,45550,3.233,2.309,22.0,0.7492,-0.1566,-0.1116,0.2493,-0.2235,5,0.5068,False,False,False,True,measured
17093890601,Kendall County,"Chicago-Naperville-Elgin, IL-IN",metro,1463,False,0.12,112261,10.204,19.898,128.0,-0.0477,0.1088,0.8332,-0.5744,0.1868,5,0.5067,True,False,False,False,measured
17179021203,Tazewell County,"Peoria, IL",metro,2425,False,2.768,72101,4.884,5.41,123.0,0.1738,-0.0509,0.1122,0.1041,0.1675,5,0.5066,False,False,False,False,measured
55021971100,Columbia County,"Madison, WI",metro,1358,False,0.282,90135,6.307,7.364,132.0,-0.0341,0.0208,0.3051,0.0126,0.2023,5,0.5066,False,False,False,False,measured
17113001403,McLean County,"Bloomington, IL",metro,1848,False,2.58,79091,6.799,7.663,80.0,0.1581,-0.0231,0.3718,-0.0014,0.001,5,0.5064,True,False,False,True,measured
55133203901,Waukesha County,"Milwaukee-Waukesha, WI",metro,2035,False,2.013,108633,5.429,12.469,168.0,0.1107,0.0944,0.1861,-0.2265,0.3417,5,0.5063,False,False,False,False,measured
55133202201,Waukesha County,"Milwaukee-Waukesha, WI",metro,1450,False,-0.609,129900,5.429,6.377,129.0,-0.1087,0.179,0.1861,0.0588,0.1907,5,0.5059,False,False,False,False,measured
17111871201,McHenry County,"Chicago-Naperville-Elgin, IL-IN",metro,2716,False,1.176,109451,4.254,9.658,192.0,0.0407,0.0976,0.0269,-0.0949,0.4346,5,0.5049,False,False,False,False,measured
55123960100,Vernon County,"La Crosse-Onalaska, WI-MN",metro,1610,False,1.025,61217,5.682,0.0,78.0,0.028,-0.0942,0.2204,0.3574,-0.0067,5,0.5048,False,False,False,False,measured
17197883513,Will County,"Chicago-Naperville-Elgin, IL-IN",metro,2012,False,4.561,119924,4.616,12.928,135.0,0.3238,0.1393,0.0758,-0.248,0.2139,5,0.5048,False,False,False,False,measured
17089852104,Kane County,"Chicago-Naperville-Elgin, IL-IN",metro,936,False,0.638,165625,5.101,5.923,71.0,-0.0044,0.3211,0.1416,0.08,-0.0338,5,0.5045,True,False,False,False,measured
17091010900,Kankakee County,"Kankakee, IL",metro,1698,False,0.821,74787,5.833,0.0,63.0,0.0109,-0.0403,0.2408,0.3574,-0.0648,5,0.5042,False,False,False,False,measured
17063000500,Grundy County,"Chicago-Naperville-Elgin, IL-IN",metro,1141,False,-0.838,106161,6.278,0.0,51.0,-0.1278,0.0845,0.3011,0.3574,-0.1113,5,0.5041,False,False,False,False,measured
17201003810,Winnebago County,"Rockford, IL",metro,2789,False,1.624,92083,5.151,8.48,154.0,0.0781,0.0285,0.1484,-0.0397,0.2875,5,0.5029,True,False,False,False,measured
17197881001,Will County,"Chicago-Naperville-Elgin, IL-IN",metro,1835,False,0.122,129811,4.616,7.634,156.0,-0.0475,0.1786,0.0758,-0.0001,0.2952,5,0.5021,False,False,False,False,measured
55113100300,Sawyer County,,rural,2448,False,1.609,59149,6.841,6.197,101.0,0.0769,-0.1025,0.3774,0.0672,0.0823,5,0.5014,False,False,False,False,measured
17031831000,Cook County,"Chicago-Naperville-Elgin, IL-IN",metro,1172,False,2.106,209904,3.233,7.721,80.0,0.1185,0.4972,-0.1116,-0.0042,0.001,5,0.501,False,False,False,True,measured
17201000506,Winnebago County,"Rockford, IL",metro,1772,False,2.409,112386,5.151,7.64,105.0,0.1438,0.1093,0.1484,-0.0004,0.0978,5,0.499,False,False,False,False,measured
55009940007,Brown County,"Green Bay, WI",metro,1382,False,2.088,110446,2.607,3.591,154.0,0.1169,0.1016,-0.1964,0.1893,0.2875,5,0.4989,True,False,False,True,measured
55025011800,Dane County,"Madison, WI",metro,2331,False,1.751,92798,2.659,4.29,186.0,0.0888,0.0314,-0.1893,0.1565,0.4114,5,0.4988,False,False,False,False,measured
55079090200,Milwaukee County,"Milwaukee-Waukesha, WI",metro,1154,False,8.521,92045,2.576,8.159,90.0,0.655,0.0284,-0.2006,-0.0247,0.0397,5,0.4978,True,False,False,True,measured
17197883218,Will County,"Chicago-Naperville-Elgin, IL-IN",metro,1405,False,2.081,140994,4.616,8.459,111.0,0.1163,0.2231,0.0758,-0.0387,0.121,5,0.4976,True,False,False,False,measured
17031815702,Cook County,"Chicago-Naperville-Elgin, IL-IN",metro,2019,False,1.193,147694,3.233,5.836,140.0,0.0421,0.2498,-0.1116,0.0841,0.2333,5,0.4976,False,False,False,True,measured
55059002906,Kenosha County,"Kenosha, WI",metro,1977,False,2.052,106816,4.613,7.977,141.0,0.1139,0.0872,0.0754,-0.0162,0.2372,5,0.4975,False,False,False,False,measured
17167004000,Sangamon County,"Springfield, IL",metro,1804,False,0.167,77097,7.206,5.543,92.0,-0.0437,-0.0311,0.4269,0.0978,0.0475,5,0.4974,False,False,False,False,measured
17197883509,Will County,"Chicago-Naperville-Elgin, IL-IN",metro,1842,False,3.393,117308,4.616,9.313,117.0,0.2261,0.1289,0.0758,-0.0787,0.1442,5,0.4964,False,False,False,False,measured
55127001603,Walworth County,"Whitewater-Elkhorn, WI",micro,1208,False,2.473,74706,6.687,7.746,89.0,0.1491,-0.0406,0.3566,-0.0053,0.0359,5,0.4957,False,False,False,False,measured
17197880432,Will County,"Chicago-Naperville-Elgin, IL-IN",metro,1248,False,2.402,119595,4.616,8.664,128.0,0.1432,0.138,0.0758,-0.0483,0.1868,5,0.4955,True,False,False,False,measured
55133200803,Waukesha County,"Milwaukee-Waukesha, WI",metro,1620,False,-1.136,147917,5.429,10.512,169.0,-0.1527,0.2506,0.1861,-0.1349,0.3456,5,0.4947,False,False,False,False,measured
55059002903,Kenosha County,"Kenosha, WI",metro,1381,False,3.284,80771,4.613,5.887,115.0,0.217,-0.0165,0.0754,0.0817,0.1365,5,0.4942,False,False,False,False,measured
55025000401,Dane County,"Madison, WI",metro,1583,False,2.284,143672,2.659,4.29,121.0,0.1333,0.2338,-0.1893,0.1565,0.1597,5,0.494,False,False,False,False,measured
17031820101,Cook County,"Chicago-Naperville-Elgin, IL-IN",metro,3219,False,2.05,124334,3.233,11.248,210.0,0.1138,0.1568,-0.1116,-0.1693,0.5043,5,0.494,False,False,False,True,measured
17097860600,Lake County,"Chicago-Naperville-Elgin, IL-IN",metro,3271,True,5.418,55912,2.585,2.391,123.0,0.3955,-0.1153,-0.1993,0.2455,0.1675,5,0.4937,False,False,False,True,measured
55025013301,Dane County,"Madison, WI",metro,2099,False,2.038,100156,2.659,3.89,166.0,0.1128,0.0607,-0.1893,0.1753,0.3339,5,0.4934,False,False,False,False,measured
55029101000,Door County,,rural,1015,False,1.015,84492,7.5,7.139,74.0,0.0272,-0.0016,0.4667,0.0231,-0.0222,5,0.4932,False,False,False,False,measured
55127000304,Walworth County,"Whitewater-Elkhorn, WI",micro,1144,False,1.668,88026,6.687,5.43,64.0,0.0818,0.0124,0.3566,0.1032,-0.0609,5,0.4931,True,False,False,False,measured
55079070100,Milwaukee County,"Milwaukee-Waukesha, WI",metro,1655,False,1.63,171688,2.576,5.033,118.0,0.0787,0.3452,-0.2006,0.1218,0.1481,5,0.4931,False,False,False,True,measured
55067960102,Langlade County,,rural,740,False,0.482,58600,7.688,4.044,68.0,-0.0174,-0.1046,0.4923,0.1681,-0.0454,5,0.4928,True,False,False,False,measured
17167003500,Sangamon County,"Springfield, IL",metro,2016,False,-0.699,84355,7.206,4.96,95.0,-0.1162,-0.0022,0.4269,0.1251,0.0591,5,0.4927,False,False,False,False,measured
17031808900,Cook County,"Chicago-Naperville-Elgin, IL-IN",metro,1794,False,2.534,193864,3.233,8.302,92.0,0.1543,0.4334,-0.1116,-0.0313,0.0475,5,0.4922,False,False,False,True,measured
17197883219,Will County,"Chicago-Naperville-Elgin, IL-IN",metro,1249,False,2.081,137163,4.616,7.457,101.0,0.1163,0.2079,0.0758,0.0082,0.0823,5,0.4906,True,False,False,False,measured
17167002900,Sangamon County,"Springfield, IL",metro,2331,False,1.734,92661,7.206,11.069,107.0,0.0873,0.0308,0.4269,-0.1609,0.1055,5,0.4897,False,False,False,False,measured
55105000800,Rock County,"Janesville-Beloit, WI",metro,1884,False,3.04,83472,3.865,7.275,159.0,0.1966,-0.0057,-0.0259,0.0168,0.3068,5,0.4886,False,False,False,False,measured
17043842000,DuPage County,"Chicago-Naperville-Elgin, IL-IN",metro,1441,False,-0.239,206066,3.131,8.065,139.0,-0.0777,0.482,-0.1254,-0.0203,0.2294,5,0.488,True,False,False,False,measured
55125950501,Vilas County,,rural,1535,False,0.357,68512,8.314,11.458,127.0,-0.0279,-0.0652,0.577,-0.1792,0.183,5,0.4877,True,False,False,False,measured
55009020600,Brown County,"Green Bay, WI",metro,2041,False,0.187,93594,2.607,0.0,166.0,-0.0421,0.0346,-0.1964,0.3574,0.3339,5,0.4875,False,False,False,True,measured
55055101000,Jefferson County,"Watertown-Fort Atkinson, WI",micro,1619,False,-0.824,77089,7.566,5.775,101.0,-0.1266,-0.0311,0.4757,0.087,0.0823,5,0.4872,False,False,False,False,measured
17171970700,Scott County,"Jacksonville, IL",micro,1358,False,1.254,59440,11.926,15.572,40.0,0.0472,-0.1013,1.0665,-0.3718,-0.1538,5,0.4868,False,False,False,False,measured
17089851909,Kane County,"Chicago-Naperville-Elgin, IL-IN",metro,1664,False,0.5,117619,5.101,6.214,122.0,-0.0159,0.1301,0.1416,0.0664,0.1636,5,0.4859,False,False,False,False,measured
17031832600,Cook County,"Chicago-Naperville-Elgin, IL-IN",metro,1685,False,-0.107,220875,3.233,8.167,118.0,-0.0666,0.5409,-0.1116,-0.025,0.1481,5,0.4858,False,False,False,True,measured
17179020700,Tazewell County,"Peoria, IL",metro,2055,True,2.459,59846,4.884,3.603,115.0,0.1479,-0.0997,0.1122,0.1887,0.1365,5,0.4857,False,False,False,False,measured
17031804102,Cook County,"Chicago-Naperville-Elgin, IL-IN",metro,2443,False,-0.412,165680,3.233,5.992,155.0,-0.0922,0.3213,-0.1116,0.0768,0.2914,5,0.4857,False,False,False,True,measured
55057100302,Juneau County,,rural,986,False,2.505,74167,6.642,8.523,97.0,0.1519,-0.0427,0.3505,-0.0417,0.0668,5,0.4847,True,False,False,False,measured
17031819600,Cook County,"Chicago-Naperville-Elgin, IL-IN",metro,1374,False,2.256,213750,3.233,9.582,91.0,0.131,0.5125,-0.1116,-0.0913,0.0436,5,0.4842,False,False,False,True,measured
55025010903,Dane County,"Madison, WI",metro,1950,False,4.409,124261,2.659,7.313,129.0,0.3111,0.1565,-0.1893,0.0149,0.1907,5,0.4839,False,False,False,False,measured
17019010902,Champaign County,"Champaign-Urbana, IL",metro,1561,False,3.087,78967,3.725,0.0,78.0,0.2005,-0.0236,-0.0448,0.3574,-0.0067,5,0.4827,True,False,False,False,measured
55067960101,Langlade County,,rural,566,False,0.482,67283,7.688,4.263,59.0,-0.0174,-0.0701,0.4923,0.1578,-0.0803,5,0.4823,True,False,False,False,measured
17031802200,Cook County,"Chicago-Naperville-Elgin, IL-IN",metro,2050,False,2.258,177813,3.233,8.972,120.0,0.1312,0.3696,-0.1116,-0.0627,0.1559,5,0.4823,False,False,False,True,measured
55133203601,Waukesha County,"Milwaukee-Waukesha, WI",metro,2086,False,3.051,66857,5.429,7.078,117.0,0.1975,-0.0718,0.1861,0.026,0.1442,5,0.482,False,False,False,False,measured
17167003000,Sangamon County,"Springfield, IL",metro,2139,False,-0.352,63039,7.206,6.159,121.0,-0.0871,-0.087,0.4269,0.069,0.1597,5,0.4816,False,False,False,False,measured
55127000902,Walworth County,"Whitewater-Elkhorn, WI",micro,1674,False,2.508,74167,6.687,7.08,77.0,0.1521,-0.0427,0.3566,0.0259,-0.0106,5,0.4812,False,False,False,False,measured
17111870811,McHenry County,"Chicago-Naperville-Elgin, IL-IN",metro,1848,False,1.307,86850,4.254,4.113,139.0,0.0516,0.0077,0.0269,0.1648,0.2294,5,0.4804,False,False,False,False,measured
55073002000,Marathon County,"Wausau, WI",metro,1933,True,4.264,71644,6.882,10.347,74.0,0.299,-0.0528,0.383,-0.1271,-0.0222,5,0.4798,False,False,False,False,measured
17163502404,St. Clair County,"St. Louis, MO-IL",metro,1348,True,3.023,60090,6.452,2.599,34.0,0.1952,-0.0987,0.3247,0.2357,-0.1771,5,0.4797,True,False,False,False,measured
17163502100,St. Clair County,"St. Louis, MO-IL",metro,881,True,4.983,48147,6.452,3.368,13.0,0.3591,-0.1462,0.3247,0.1997,-0.2584,5,0.4789,True,False,False,False,measured
55059000601,Kenosha County,"Kenosha, WI",metro,2062,False,0.396,98500,4.613,3.254,123.0,-0.0246,0.0541,0.0754,0.2051,0.1675,5,0.4774,False,False,False,False,measured
55105002601,Rock County,"Janesville-Beloit, WI",metro,2259,False,1.221,86543,3.865,4.365,157.0,0.0444,0.0065,-0.0259,0.153,0.2991,5,0.4771,False,False,False,False,measured
55133203502,Waukesha County,"Milwaukee-Waukesha, WI",metro,1122,False,1.76,137717,5.429,8.34,86.0,0.0895,0.2101,0.1861,-0.0331,0.0242,5,0.4768,True,False,False,False,measured
17097864511,Lake County,"Chicago-Naperville-Elgin, IL-IN",metro,2574,False,3.919,130156,2.585,7.745,139.0,0.2701,0.18,-0.1993,-0.0053,0.2294,5,0.4749,False,False,False,True,measured
17027900200,Clinton County,"St. Louis, MO-IL",metro,685,False,-0.404,111607,5.921,0.0,41.0,-0.0915,0.1062,0.2527,0.3574,-0.15,5,0.4749,False,False,False,False,measured
17031819801,Cook County,"Chicago-Naperville-Elgin, IL-IN",metro,1637,False,-0.158,232716,3.233,10.483,132.0,-0.0709,0.588,-0.1116,-0.1335,0.2023,5,0.4742,False,False,False,True,measured
17097860811,Lake County,"Chicago-Naperville-Elgin, IL-IN",metro,1897,False,4.863,117473,2.585,9.2,149.0,0.3491,0.1295,-0.1993,-0.0734,0.2681,5,0.474,False,False,False,True,measured
55127000201,Walworth County,"Whitewater-Elkhorn, WI",micro,1436,False,0.117,107679,6.687,8.045,104.0,-0.0479,0.0906,0.3566,-0.0193,0.0939,5,0.4739,True,False,False,False,measured
17197880109,Will County,"Chicago-Naperville-Elgin, IL-IN",metro,1855,False,0.649,121576,4.616,5.836,124.0,-0.0035,0.1459,0.0758,0.0841,0.1713,5,0.4737,False,False,False,False,measured
17031120300,Cook County,"Chicago-Naperville-Elgin, IL-IN",metro,2589,False,0.775,139338,3.233,5.304,145.0,0.0071,0.2165,-0.1116,0.1091,0.2526,5,0.4737,False,False,False,True,measured
17111871600,McHenry County,"Chicago-Naperville-Elgin, IL-IN",metro,2132,False,2.571,103819,4.254,6.974,127.0,0.1574,0.0752,0.0269,0.0308,0.183,5,0.4732,False,False,False,False,measured
17031070700,Cook County,"Chicago-Naperville-Elgin, IL-IN",metro,1880,False,2.744,143955,3.233,5.675,102.0,0.1718,0.2349,-0.1116,0.0917,0.0862,5,0.473,False,False,False,True,measured
55117011100,Sheboygan County,"Sheboygan, WI",metro,1180,False,-0.118,92356,5.146,0.0,81.0,-0.0675,0.0296,0.1477,0.3574,0.0049,5,0.4722,False,False,False,False,measured
17099962300,LaSalle County,"Ottawa, IL",micro,2294,False,0.234,96159,6.809,8.496,114.0,-0.0381,0.0448,0.3731,-0.0404,0.1326,5,0.4719,False,False,False,False,measured
55021970200,Columbia County,"Madison, WI",metro,2110,True,-2.239,85286,6.307,9.479,208.0,-0.245,0.0015,0.3051,-0.0865,0.4965,5,0.4716,False,False,False,False,measured
55113100400,Sawyer County,,rural,1114,False,1.876,81341,6.841,9.114,100.0,0.0992,-0.0142,0.3774,-0.0694,0.0784,5,0.4715,True,False,False,False,measured
17031805701,Cook County,"Chicago-Naperville-Elgin, IL-IN",metro,2012,False,0.773,215891,3.233,9.128,112.0,0.007,0.521,-0.1116,-0.07,0.1249,5,0.4713,False,False,False,True,measured
17113001105,McLean County,"Bloomington, IL",metro,2199,False,2.464,95304,6.799,10.833,95.0,0.1484,0.0414,0.3718,-0.1499,0.0591,5,0.4708,False,False,False,True,measured
17031804203,Cook County,"Chicago-Naperville-Elgin, IL-IN",metro,1111,False,0.921,246477,3.233,8.62,71.0,0.0193,0.6427,-0.1116,-0.0463,-0.0338,5,0.4704,True,False,False,True,measured
55025011508,Dane County,"Madison, WI",metro,1748,False,3.727,107038,2.659,6.174,144.0,0.2541,0.088,-0.1893,0.0683,0.2488,5,0.4699,True,False,False,False,measured
55015020100,Calumet County,"Appleton, WI",metro,2020,False,1.951,66990,6.456,9.901,135.0,0.1055,-0.0713,0.3252,-0.1063,0.2139,5,0.4672,False,False,False,False,measured
17163504357,St. Clair County,"St. Louis, MO-IL",metro,1662,False,1.945,84593,6.452,12.453,148.0,0.105,-0.0012,0.3247,-0.2258,0.2643,5,0.4669,True,False,False,False,measured
17097864518,Lake County,"Chicago-Naperville-Elgin, IL-IN",metro,1798,False,-0.518,205759,2.585,6.674,142.0,-0.1011,0.4807,-0.1993,0.0449,0.241,5,0.4662,False,False,False,True,measured
55063001102,La Crosse County,"La Crosse-Onalaska, WI-MN",metro,1991,True,-0.309,50536,8.411,5.186,75.0,-0.0835,-0.1367,0.5902,0.1146,-0.0183,5,0.4662,False,False,False,False,measured
17197880418,Will County,"Chicago-Naperville-Elgin, IL-IN",metro,1606,False,2.507,146458,4.616,9.867,105.0,0.152,0.2448,0.0758,-0.1046,0.0978,5,0.4658,False,False,False,False,measured
55079050101,Milwaukee County,"Milwaukee-Waukesha, WI",metro,2623,False,2.539,95045,2.576,5.026,170.0,0.1546,0.0403,-0.2006,0.1221,0.3494,5,0.4658,False,False,False,True,measured
17197880429,Will County,"Chicago-Naperville-Elgin, IL-IN",metro,1450,False,0.681,165167,4.616,11.189,141.0,-0.0008,0.3193,0.0758,-0.1666,0.2372,5,0.465,True,False,False,False,measured
17119403531,Madison County,"St. Louis, MO-IL",metro,3134,False,-0.732,92941,3.735,7.937,237.0,-0.119,0.032,-0.0435,-0.0142,0.6088,5,0.4641,False,False,False,False,measured
17167003300,Sangamon County,"Springfield, IL",metro,2185,False,2.922,76051,7.206,13.73,124.0,0.1867,-0.0352,0.4269,-0.2856,0.1713,5,0.4641,False,False,False,False,measured
55127000901,Walworth County,"Whitewater-Elkhorn, WI",micro,2302,False,-1.383,78298,6.687,6.725,148.0,-0.1734,-0.0263,0.3566,0.0425,0.2643,5,0.4637,False,False,False,False,measured
17197881112,Will County,"Chicago-Naperville-Elgin, IL-IN",metro,1722,False,-0.141,143036,4.616,8.055,143.0,-0.0695,0.2312,0.0758,-0.0198,0.2449,5,0.4627,False,False,False,False,measured
55111000103,Sauk County,"Baraboo, WI",micro,1036,False,2.246,85333,6.347,7.64,85.0,0.1301,0.0017,0.3105,-0.0004,0.0204,5,0.4623,True,False,False,False,measured
17031241400,Cook County,"Chicago-Naperville-Elgin, IL-IN",metro,2707,False,1.298,186537,3.233,8.342,119.0,0.0508,0.4043,-0.1116,-0.0332,0.152,5,0.4623,False,False,False,True,measured
17043846408,DuPage County,"Chicago-Naperville-Elgin, IL-IN",metro,1360,False,0.893,197273,3.131,6.09,93.0,0.017,0.447,-0.1254,0.0722,0.0513,5,0.4621,False,False,False,False,measured
55133201506,Waukesha County,"Milwaukee-Waukesha, WI",metro,2455,False,1.221,99931,5.429,9.529,147.0,0.0444,0.0598,0.1861,-0.0888,0.2604,5,0.4618,False,False,False,False,measured
17089850103,Kane County,"Chicago-Naperville-Elgin, IL-IN",metro,2079,False,0.413,113771,5.101,8.981,155.0,-0.0232,0.1148,0.1416,-0.0631,0.2914,5,0.4615,False,False,False,False,measured
55133202400,Waukesha County,"Milwaukee-Waukesha, WI",metro,1802,False,0.4,100854,5.429,7.092,134.0,-0.0242,0.0634,0.1861,0.0253,0.2101,5,0.4607,False,False,False,False,measured
55133200102,Waukesha County,"Milwaukee-Waukesha, WI",metro,2697,False,1.978,89093,5.429,8.663,131.0,0.1077,0.0167,0.1861,-0.0483,0.1984,5,0.4606,False,False,False,False,measured
17007010400,Boone County,"Rockford, IL",metro,2411,False,0.699,87066,4.976,4.099,121.0,0.0008,0.0086,0.1246,0.1655,0.1597,5,0.4592,False,False,False,False,measured
55117000800,Sheboygan County,"Sheboygan, WI",metro,2269,True,1.961,57781,5.146,5.52,135.0,0.1064,-0.1079,0.1477,0.0989,0.2139,5,0.4591,False,False,False,False,measured
17097860400,Lake County,"Chicago-Naperville-Elgin, IL-IN",metro,2495,True,4.201,82009,2.585,1.852,107.0,0.2937,-0.0115,-0.1993,0.2707,0.1055,5,0.4591,False,False,False,True,measured
55079150301,Milwaukee County,"Milwaukee-Waukesha, WI",metro,2386,False,-0.069,109769,2.576,5.328,213.0,-0.0635,0.0989,-0.2006,0.1079,0.5159,5,0.4586,False,False,False,True,measured
55079187300,Milwaukee County,"Milwaukee-Waukesha, WI",metro,2327,False,1.833,132411,2.576,9.169,195.0,0.0956,0.189,-0.2006,-0.072,0.4462,5,0.4582,False,False,False,True,measured
17031062900,Cook County,"Chicago-Naperville-Elgin, IL-IN",metro,2036,False,2.023,169906,3.233,5.914,90.0,0.1115,0.3381,-0.1116,0.0805,0.0397,5,0.4582,False,False,False,True,measured
17111871113,McHenry County,"Chicago-Naperville-Elgin, IL-IN",metro,1120,False,0.326,141250,4.254,2.588,80.0,-0.0304,0.2241,0.0269,0.2362,0.001,5,0.4578,True,False,False,False,measured
55015020200,Calumet County,"Appleton, WI",metro,1332,False,-1.946,73750,6.456,0.0,90.0,-0.2204,-0.0444,0.3252,0.3574,0.0397,5,0.4576,False,False,False,False,measured
55127000600,Walworth County,"Whitewater-Elkhorn, WI",micro,2007,False,-0.855,75671,6.687,5.692,125.0,-0.1292,-0.0367,0.3566,0.0909,0.1752,5,0.4568,False,False,False,False,measured
17031803603,Cook County,"Chicago-Naperville-Elgin, IL-IN",metro,2317,False,-0.34,174383,3.233,7.894,160.0,-0.0861,0.3559,-0.1116,-0.0122,0.3107,5,0.4567,False,False,False,True,measured
17031842200,Cook County,"Chicago-Naperville-Elgin, IL-IN",metro,2535,False,4.081,162736,3.233,8.354,82.0,0.2836,0.3096,-0.1116,-0.0338,0.0088,5,0.4566,False,False,False,True,measured
55015020600,Calumet County,"Appleton, WI",metro,2224,False,1.576,66278,6.456,8.993,130.0,0.0741,-0.0741,0.3252,-0.0637,0.1946,5,0.4561,False,False,False,False,measured
17201000502,Winnebago County,"Rockford, IL",metro,1695,True,5.792,52720,5.151,7.804,84.0,0.4268,-0.128,0.1484,-0.008,0.0165,5,0.4556,False,False,False,False,measured
17031081202,Cook County,"Chicago-Naperville-Elgin, IL-IN",metro,2113,False,4.409,154569,3.233,9.188,93.0,0.3111,0.2771,-0.1116,-0.0729,0.0513,5,0.4551,False,False,False,True,measured
55017010800,Chippewa County,"Eau Claire, WI",metro,2179,False,-0.954,83381,7.827,9.179,121.0,-0.1375,-0.0061,0.511,-0.0724,0.1597,5,0.4548,False,False,False,False,measured
17197880425,Will County,"Chicago-Naperville-Elgin, IL-IN",metro,1182,False,2.306,128429,4.616,6.897,89.0,0.1352,0.1731,0.0758,0.0344,0.0359,5,0.4544,True,False,False,False,measured
55025001501,Dane County,"Madison, WI",metro,1312,True,8.217,91284,2.659,4.508,39.0,0.6296,0.0254,-0.1893,0.1463,-0.1577,5,0.4543,False,False,False,False,measured
17031804805,Cook County,"Chicago-Naperville-Elgin, IL-IN",metro,2526,False,1.309,112460,3.233,5.387,157.0,0.0518,0.1096,-0.1116,0.1052,0.2991,5,0.4541,False,False,False,True,measured
55081950500,Monroe County,"Sparta, WI",micro,2856,False,2.467,61343,3.787,6.13,174.0,0.1487,-0.0937,-0.0365,0.0704,0.3649,5,0.4537,False,False,False,False,measured
55133201101,Waukesha County,"Milwaukee-Waukesha, WI",metro,2344,False,2.725,122146,5.429,12.959,131.0,0.1702,0.1481,0.1861,-0.2495,0.1984,5,0.4534,False,False,False,False,measured
17113005800,McLean County,"Bloomington, IL",metro,2460,True,2.424,57368,6.799,8.846,106.0,0.1451,-0.1095,0.3718,-0.0568,0.1017,5,0.4522,True,False,False,True,measured
55059002000,Kenosha County,"Kenosha, WI",metro,2122,False,-0.075,102500,4.613,5.612,151.0,-0.064,0.07,0.0754,0.0946,0.2759,5,0.4519,False,False,False,False,measured
17197880411,Will County,"Chicago-Naperville-Elgin, IL-IN",metro,1288,False,3.347,116484,4.616,7.552,86.0,0.2222,0.1256,0.0758,0.0038,0.0242,5,0.4517,True,False,False,False,measured
17019010901,Champaign County,"Champaign-Urbana, IL",metro,2552,False,3.087,101154,3.725,7.837,142.0,0.2005,0.0646,-0.0448,-0.0096,0.241,5,0.4517,True,False,False,False,measured
55137960202,Waushara County,,rural,1315,False,3.232,71343,6.558,9.483,90.0,0.2127,-0.054,0.3391,-0.0867,0.0397,5,0.4508,True,False,False,False,measured
55117000300,Sheboygan County,"Sheboygan, WI",metro,2782,False,-1.088,64392,5.146,6.202,200.0,-0.1487,-0.0816,0.1477,0.067,0.4656,5,0.45,False,False,False,False,measured
55115100400,Shawano County,"Shawano, WI",micro,2069,True,0.996,60869,6.019,6.705,134.0,0.0256,-0.0956,0.266,0.0434,0.2101,5,0.4494,False,False,False,False,measured
17167003400,Sangamon County,"Springfield, IL",metro,2258,False,-1.376,82179,7.206,8.857,147.0,-0.1728,-0.0108,0.4269,-0.0574,0.2604,5,0.4462,False,False,False,False,measured
17031839100,Cook County,"Chicago-Naperville-Elgin, IL-IN",metro,4799,False,4.893,132361,3.233,9.521,107.0,0.3516,0.1888,-0.1116,-0.0884,0.1055,5,0.4459,False,False,False,True,measured
55105002800,Rock County,"Janesville-Beloit, WI",metro,2140,False,1.356,81129,3.865,4.673,155.0,0.0557,-0.015,-0.0259,0.1386,0.2914,5,0.4447,False,False,False,False,measured
55009001802,Brown County,"Green Bay, WI",metro,1884,False,0.645,108103,2.607,0.736,139.0,-0.0038,0.0923,-0.1964,0.323,0.2294,5,0.4446,False,False,False,True,measured
55005000400,Barron County,"Rice Lake, WI",micro,2383,True,4.789,65240,6.002,11.681,107.0,0.3429,-0.0782,0.2637,-0.1896,0.1055,5,0.4443,False,False,False,False,measured
55087012101,Outagamie County,"Appleton, WI",metro,1652,False,2.53,102527,3.366,3.048,105.0,0.1539,0.0701,-0.0936,0.2147,0.0978,5,0.4429,True,False,False,False,measured
17111870702,McHenry County,"Chicago-Naperville-Elgin, IL-IN",metro,3171,False,2.095,113519,4.254,15.452,222.0,0.1176,0.1138,0.0269,-0.3662,0.5507,5,0.4427,False,False,False,False,measured
17031809000,Cook County,"Chicago-Naperville-Elgin, IL-IN",metro,1643,False,2.573,194375,3.233,8.81,84.0,0.1575,0.4355,-0.1116,-0.0551,0.0165,5,0.4427,False,False,False,True,measured
55133201507,Waukesha County,"Milwaukee-Waukesha, WI",metro,1306,False,0.549,127895,5.429,6.905,96.0,-0.0118,0.171,0.1861,0.0341,0.0629,5,0.4423,True,False,False,False,measured
55017010100,Chippewa County,"Eau Claire, WI",metro,1093,True,-3.2,98365,7.827,3.83,86.0,-0.3254,0.0535,0.511,0.1781,0.0242,5,0.4415,False,False,False,False,measured
17031819700,Cook County,"Chicago-Naperville-Elgin, IL-IN",metro,1817,False,-0.397,227901,3.233,9.851,126.0,-0.0909,0.5688,-0.1116,-0.1039,0.1791,5,0.4415,False,False,False,True,measured
55127001504,Walworth County,"Whitewater-Elkhorn, WI",micro,1217,False,0.522,82342,6.687,7.063,101.0,-0.014,-0.0102,0.3566,0.0267,0.0823,5,0.4414,True,False,False,False,measured
17113000107,McLean County,"Bloomington, IL",metro,1515,False,1.687,68672,6.799,6.251,76.0,0.0834,-0.0646,0.3718,0.0647,-0.0145,5,0.4408,True,False,False,True,measured
17163501700,St. Clair County,"St. Louis, MO-IL",metro,1257,True,4.934,49159,6.452,6.918,46.0,0.355,-0.1422,0.3247,0.0334,-0.1306,5,0.4403,False,False,False,False,measured
17031812100,Cook County,"Chicago-Naperville-Elgin, IL-IN",metro,1644,False,0.977,141111,3.233,3.554,109.0,0.024,0.2236,-0.1116,0.191,0.1133,5,0.4403,False,False,False,True,measured
55035000302,Eau Claire County,"Eau Claire, WI",metro,3871,False,3.54,87175,1.628,8.744,228.0,0.2384,0.009,-0.3291,-0.0521,0.574,5,0.4402,False,False,False,False,measured
17097863904,Lake County,"Chicago-Naperville-Elgin, IL-IN",metro,2125,False,1.682,211719,2.585,9.774,119.0,0.083,0.5044,-0.1993,-0.1003,0.152,5,0.4397,False,False,False,True,measured
17113000506,McLean County,"Bloomington, IL",metro,1151,False,-0.424,172537,6.799,11.578,79.0,-0.0932,0.3486,0.3718,-0.1848,-0.0029,5,0.4396,True,False,False,True,measured
17031031100,Cook County,"Chicago-Naperville-Elgin, IL-IN",metro,3108,False,5.941,92717,3.233,4.773,66.0,0.4392,0.0311,-0.1116,0.1339,-0.0532,5,0.4394,False,False,False,True,measured
17133600402,Monroe County,"St. Louis, MO-IL",metro,1798,False,0.771,96613,4.722,5.562,131.0,0.0068,0.0466,0.0902,0.097,0.1984,5,0.439,False,False,False,False,measured
17091010602,Kankakee County,"Kankakee, IL",metro,2363,False,1.674,76946,5.833,9.964,146.0,0.0824,-0.0317,0.2408,-0.1092,0.2565,5,0.4388,False,False,False,False,measured
17113005602,McLean County,"Bloomington, IL",metro,818,False,-0.315,77500,6.799,0.0,34.0,-0.084,-0.0295,0.3718,0.3574,-0.1771,5,0.4387,False,False,False,True,measured
17197880307,Will County,"Chicago-Naperville-Elgin, IL-IN",metro,2215,False,0.915,113657,4.616,6.222,122.0,0.0188,0.1144,0.0758,0.066,0.1636,5,0.4387,False,False,False,False,measured
55137960300,Waushara County,,rural,1517,False,2.761,61425,6.558,8.31,93.0,0.1733,-0.0934,0.3391,-0.0317,0.0513,5,0.4385,False,False,False,False,measured
17113000507,McLean County,"Bloomington, IL",metro,954,False,-0.424,163125,6.799,10.473,75.0,-0.0932,0.3111,0.3718,-0.133,-0.0183,5,0.4384,True,False,False,True,measured
55045960800,Green County,"Madison, WI",metro,1874,True,2.039,60385,4.862,5.336,133.0,0.1129,-0.0975,0.1093,0.1075,0.2062,5,0.4383,False,False,False,False,measured
17031802900,Cook County,"Chicago-Naperville-Elgin, IL-IN",metro,2088,False,0.193,179773,3.233,8.299,143.0,-0.0416,0.3774,-0.1116,-0.0312,0.2449,5,0.4379,False,False,False,True,measured
55079080300,Milwaukee County,"Milwaukee-Waukesha, WI",metro,1558,False,2.327,151667,2.576,4.463,102.0,0.1369,0.2656,-0.2006,0.1484,0.0862,5,0.4365,False,False,False,True,measured
55127000802,Walworth County,"Whitewater-Elkhorn, WI",micro,1041,False,-1.912,97625,6.687,7.675,144.0,-0.2176,0.0506,0.3566,-0.002,0.2488,5,0.4364,True,False,False,False,measured
55105001100,Rock County,"Janesville-Beloit, WI",metro,2054,False,0.186,66600,3.865,3.028,173.0,-0.0421,-0.0728,-0.0259,0.2156,0.361,5,0.4358,False,False,False,False,measured
17031240500,Cook County,"Chicago-Naperville-Elgin, IL-IN",metro,1352,False,0.865,184580,3.233,7.476,113.0,0.0147,0.3965,-0.1116,0.0073,0.1288,5,0.4357,False,False,False,True,measured
55025000504,Dane County,"Madison, WI",metro,3164,False,0.612,109551,2.659,6.597,205.0,-0.0065,0.098,-0.1893,0.0485,0.4849,5,0.4356,False,False,False,False,measured
55025001901,Dane County,"Madison, WI",metro,2676,False,5.505,76370,2.659,3.51,96.0,0.4028,-0.034,-0.1893,0.1931,0.0629,5,0.4355,True,False,False,False,measured
17031330103,Cook County,"Chicago-Naperville-Elgin, IL-IN",metro,5003,False,3.9,97758,3.233,9.991,167.0,0.2685,0.0511,-0.1116,-0.1105,0.3378,5,0.4354,True,False,False,True,measured
55133202800,Waukesha County,"Milwaukee-Waukesha, WI",metro,1810,True,2.883,70870,5.429,7.957,115.0,0.1834,-0.0558,0.1861,-0.0152,0.1365,5,0.435,False,False,False,False,measured
55133201505,Waukesha County,"Milwaukee-Waukesha, WI",metro,1139,False,0.986,118466,5.429,6.582,90.0,0.0247,0.1335,0.1861,0.0492,0.0397,5,0.4332,False,False,False,False,measured
55029100600,Door County,,rural,1387,False,0.087,88850,7.5,8.569,91.0,-0.0505,0.0157,0.4667,-0.0439,0.0436,5,0.4317,False,False,False,False,measured
17031243200,Cook County,"Chicago-Naperville-Elgin, IL-IN",metro,1172,False,5.922,123750,3.233,8.204,74.0,0.4377,0.1545,-0.1116,-0.0268,-0.0222,5,0.4316,False,False,False,True,measured
17197883602,Will County,"Chicago-Naperville-Elgin, IL-IN",metro,2457,False,-0.934,92217,4.616,2.092,132.0,-0.1358,0.0291,0.0758,0.2595,0.2023,5,0.4309,False,False,False,False,measured
17197883606,Will County,"Chicago-Naperville-Elgin, IL-IN",metro,1233,False,0.245,98810,4.616,2.447,104.0,-0.0372,0.0553,0.0758,0.2429,0.0939,5,0.4307,False,False,False,False,measured
17091011300,Kankakee County,"Kankakee, IL",metro,902,False,0.633,80714,5.833,1.331,58.0,-0.0048,-0.0167,0.2408,0.2951,-0.0842,5,0.4303,False,False,False,False,measured
55127000102,Walworth County,"Whitewater-Elkhorn, WI",micro,1144,False,1.557,94743,6.687,6.0,50.0,0.0725,0.0391,0.3566,0.0764,-0.1151,5,0.4296,False,False,False,False,measured
55131470204,Washington County,"Milwaukee-Waukesha, WI",metro,1430,False,1.218,145625,4.101,9.26,135.0,0.0442,0.2415,0.0061,-0.0762,0.2139,5,0.4295,False,False,False,False,measured
55127000301,Walworth County,"Whitewater-Elkhorn, WI",micro,1224,False,0.295,93000,6.687,5.923,78.0,-0.033,0.0322,0.3566,0.08,-0.0067,5,0.4291,False,False,False,False,measured
55009020100,Brown County,"Green Bay, WI",metro,2371,False,-1.225,104660,2.607,0.0,170.0,-0.1601,0.0786,-0.1964,0.3574,0.3494,5,0.429,False,False,False,True,measured
17113001800,McLean County,"Bloomington, IL",metro,1461,False,0.524,99732,6.799,8.824,97.0,-0.0139,0.059,0.3718,-0.0558,0.0668,5,0.4279,False,False,False,True,measured
17111870703,McHenry County,"Chicago-Naperville-Elgin, IL-IN",metro,2300,False,6.167,105349,4.254,16.404,150.0,0.4582,0.0813,0.0269,-0.4108,0.272,5,0.4275,False,False,False,False,measured
17043841802,DuPage County,"Chicago-Naperville-Elgin, IL-IN",metro,1935,False,1.701,143922,3.131,7.3,136.0,0.0846,0.2348,-0.1254,0.0156,0.2178,5,0.4273,False,False,False,False,measured
55067960500,Langlade County,,rural,880,True,0.349,57786,7.688,5.394,71.0,-0.0285,-0.1079,0.4923,0.1048,-0.0338,5,0.4269,False,False,False,False,measured
17031240600,Cook County,"Chicago-Naperville-Elgin, IL-IN",metro,782,False,4.22,170625,3.233,6.448,40.0,0.2953,0.341,-0.1116,0.0555,-0.1538,5,0.4263,False,False,False,True,measured
17123961400,Marshall County,"Peoria, IL",metro,1165,False,1.678,71434,5.252,0.0,48.0,0.0826,-0.0536,0.1621,0.3574,-0.1229,5,0.4257,False,False,False,False,measured
55041950200,Forest County,,rural,1102,True,1.058,57969,6.87,4.603,74.0,0.0308,-0.1072,0.3813,0.1419,-0.0222,5,0.4247,False,False,False,False,measured
17031802605,Cook County,"Chicago-Naperville-Elgin, IL-IN",metro,3265,False,3.283,119375,3.233,6.414,112.0,0.2169,0.1371,-0.1116,0.0571,0.1249,5,0.4244,False,False,False,True,measured
55039041300,Fond du Lac County,"Fond du Lac, WI",metro,2661,True,-0.601,62027,5.907,8.545,187.0,-0.108,-0.091,0.2508,-0.0427,0.4152,5,0.4243,False,False,False,False,measured
17147954700,Piatt County,"Champaign-Urbana, IL",metro,1411,True,2.523,81827,5.997,7.087,78.0,0.1533,-0.0122,0.2631,0.0255,-0.0067,5,0.423,False,False,False,False,measured
17031820203,Cook County,"Chicago-Naperville-Elgin, IL-IN",metro,1312,False,3.273,129000,3.233,4.932,84.0,0.2161,0.1754,-0.1116,0.1265,0.0165,5,0.4229,True,False,False,True,measured
17031804512,Cook County,"Chicago-Naperville-Elgin, IL-IN",metro,1359,False,1.062,156106,3.233,5.774,114.0,0.0311,0.2832,-0.1116,0.087,0.1326,5,0.4224,True,False,False,True,measured
17031804403,Cook County,"Chicago-Naperville-Elgin, IL-IN",metro,2792,False,2.657,87445,3.233,4.126,130.0,0.1645,0.0101,-0.1116,0.1642,0.1946,5,0.4218,False,False,False,True,measured
17031804513,Cook County,"Chicago-Naperville-Elgin, IL-IN",metro,1448,False,1.062,123385,3.233,4.828,136.0,0.0311,0.1531,-0.1116,0.1313,0.2178,5,0.4217,True,False,False,True,measured
17197880905,Will County,"Chicago-Naperville-Elgin, IL-IN",metro,1234,True,4.628,66833,4.616,6.105,84.0,0.3294,-0.0719,0.0758,0.0715,0.0165,5,0.4214,True,False,False,False,measured
55113100800,Sawyer County,,rural,851,False,0.941,61576,6.841,3.948,65.0,0.021,-0.0928,0.3774,0.1726,-0.0571,5,0.4211,False,False,False,False,measured
17043845200,DuPage County,"Chicago-Naperville-Elgin, IL-IN",metro,1495,False,-0.956,250001,3.131,10.295,119.0,-0.1377,0.6567,-0.1254,-0.1247,0.152,5,0.4209,False,False,False,False,measured
17111870501,McHenry County,"Chicago-Naperville-Elgin, IL-IN",metro,1628,False,-0.619,109000,4.254,14.191,264.0,-0.1094,0.0958,0.0269,-0.3072,0.7133,5,0.4194,True,False,False,False,measured
55123960200,Vernon County,"La Crosse-Onalaska, WI-MN",metro,1501,False,0.309,64464,5.682,0.0,68.0,-0.0318,-0.0813,0.2204,0.3574,-0.0454,5,0.4192,False,False,False,False,measured
17007010604,Boone County,"Rockford, IL",metro,1802,False,0.709,79056,4.976,7.716,162.0,0.0016,-0.0233,0.1246,-0.0039,0.3185,5,0.4175,True,False,False,False,measured
17111870402,McHenry County,"Chicago-Naperville-Elgin, IL-IN",metro,2195,True,3.16,81563,4.254,6.588,118.0,0.2066,-0.0133,0.0269,0.0489,0.1481,5,0.4172,False,False,False,False,measured
17197881105,Will County,"Chicago-Naperville-Elgin, IL-IN",metro,2248,False,-0.974,130714,4.616,8.975,173.0,-0.1392,0.1822,0.0758,-0.0629,0.361,5,0.417,True,False,False,False,measured
17097864512,Lake County,"Chicago-Naperville-Elgin, IL-IN",metro,1535,False,2.246,200670,2.585,6.895,77.0,0.1301,0.4605,-0.1993,0.0345,-0.0106,5,0.4152,False,False,False,True,measured
55133201204,Waukesha County,"Milwaukee-Waukesha, WI",metro,1549,False,5.642,121776,5.429,12.2,49.0,0.4142,0.1467,0.1861,-0.2139,-0.119,5,0.414,True,False,False,False,measured
17043842800,DuPage County,"Chicago-Naperville-Elgin, IL-IN",metro,1816,False,2.743,177955,3.131,9.868,106.0,0.1717,0.3701,-0.1254,-0.1047,0.1017,5,0.4134,False,False,False,False,measured
55127000202,Walworth County,"Whitewater-Elkhorn, WI",micro,968,False,0.117,103816,6.687,7.112,81.0,-0.0479,0.0752,0.3566,0.0244,0.0049,5,0.4131,True,False,False,False,measured
17117957000,Macoupin County,"St. Louis, MO-IL",metro,1659,True,3.248,59339,6.611,6.647,56.0,0.214,-0.1017,0.3463,0.0462,-0.0919,5,0.4128,False,False,False,False,measured
17199021400,Williamson County,"Marion-Herrin, IL",micro,1858,False,2.578,82806,7.567,12.288,81.0,0.1579,-0.0084,0.4758,-0.2181,0.0049,5,0.4122,False,False,False,False,measured
17083010300,Jersey County,"St. Louis, MO-IL",metro,1190,False,-3.087,83750,7.132,0.0,69.0,-0.3159,-0.0046,0.4169,0.3574,-0.0416,5,0.4122,False,False,False,False,measured
17043846507,DuPage County,"Chicago-Naperville-Elgin, IL-IN",metro,1579,False,7.176,90521,3.131,5.676,49.0,0.5425,0.0223,-0.1254,0.0916,-0.119,5,0.412,False,False,False,False,measured
55087012102,Outagamie County,"Appleton, WI",metro,1882,False,2.53,76836,3.366,2.609,118.0,0.1539,-0.0321,-0.0936,0.2352,0.1481,5,0.4116,True,False,False,False,measured
55125950700,Vilas County,,rural,2044,False,-1.457,62340,8.314,9.822,133.0,-0.1796,-0.0898,0.577,-0.1026,0.2062,5,0.4113,False,False,False,False,measured
17197883304,Will County,"Chicago-Naperville-Elgin, IL-IN",metro,701,False,0.519,116691,4.616,0.0,45.0,-0.0143,0.1264,0.0758,0.3574,-0.1345,5,0.4109,False,False,False,False,measured
17111870106,McHenry County,"Chicago-Naperville-Elgin, IL-IN",metro,925,False,2.078,125038,4.254,4.764,73.0,0.1161,0.1596,0.0269,0.1343,-0.0261,5,0.4108,True,False,False,False,measured
55085971002,Oneida County,,rural,1222,False,3.373,69565,5.104,5.901,86.0,0.2244,-0.061,0.142,0.0811,0.0242,5,0.4107,False,False,False,False,measured
17201004002,Winnebago County,"Rockford, IL",metro,2356,False,-1.235,83140,5.151,7.229,186.0,-0.161,-0.007,0.1484,0.0189,0.4114,5,0.4107,False,False,False,False,measured
17197883806,Will County,"Chicago-Naperville-Elgin, IL-IN",metro,1311,False,1.516,100361,4.616,3.309,80.0,0.0691,0.0615,0.0758,0.2025,0.001,5,0.4099,False,False,False,False,measured
17043846509,DuPage County,"Chicago-Naperville-Elgin, IL-IN",metro,2688,False,4.069,101429,3.131,5.155,98.0,0.2827,0.0657,-0.1254,0.116,0.0707,5,0.4097,False,False,False,False,measured
55009002001,Brown County,"Green Bay, WI",metro,3655,False,0.928,79949,2.607,5.395,209.0,0.0199,-0.0197,-0.1964,0.1048,0.5004,5,0.409,False,False,False,True,measured
55133202103,Waukesha County,"Milwaukee-Waukesha, WI",metro,1335,False,0.719,106518,5.429,6.852,105.0,0.0025,0.086,0.1861,0.0366,0.0978,5,0.4089,False,False,False,False,measured
55055101201,Jefferson County,"Watertown-Fort Atkinson, WI",micro,904,False,-0.626,98456,7.566,6.31,61.0,-0.1101,0.0539,0.4757,0.0619,-0.0725,5,0.4089,False,False,False,False,measured
55083101100,Oconto County,"Green Bay, WI",metro,1893,False,-0.548,86007,3.242,0.0,147.0,-0.1035,0.0044,-0.1104,0.3574,0.2604,5,0.4083,False,False,False,False,measured
17163503908,St. Clair County,"St. Louis, MO-IL",metro,1962,False,0.893,106129,6.452,8.889,90.0,0.017,0.0844,0.3247,-0.0589,0.0397,5,0.4069,True,False,False,False,measured
17089850500,Kane County,"Chicago-Naperville-Elgin, IL-IN",metro,2010,False,2.739,100534,5.101,6.908,79.0,0.1714,0.0622,0.1416,0.0339,-0.0029,5,0.4063,False,False,False,False,measured
17111871108,McHenry County,"Chicago-Naperville-Elgin, IL-IN",metro,1797,False,1.106,130133,4.254,7.279,118.0,0.0348,0.1799,0.0269,0.0165,0.1481,5,0.4062,False,False,False,False,measured
17031241500,Cook County,"Chicago-Naperville-Elgin, IL-IN",metro,1398,False,1.34,190000,3.233,8.007,96.0,0.0544,0.418,-0.1116,-0.0176,0.0629,5,0.4062,False,False,False,True,measured
55025000901,Dane County,"Madison, WI",metro,950,False,2.154,183750,2.659,3.8,54.0,0.1224,0.3932,-0.1893,0.1795,-0.0996,5,0.4061,False,False,False,False,measured
55009940005,Brown County,"Green Bay, WI",metro,2880,False,2.088,104602,2.607,4.529,147.0,0.1169,0.0783,-0.1964,0.1454,0.2604,5,0.4046,True,False,False,True,measured
55123960500,Vernon County,"La Crosse-Onalaska, WI-MN",metro,1330,False,-0.06,72278,5.682,0.0,64.0,-0.0627,-0.0502,0.2204,0.3574,-0.0609,5,0.404,False,False,False,False,measured
55025011201,Dane County,"Madison, WI",metro,1652,False,0.867,97955,2.659,3.198,162.0,0.0148,0.0519,-0.1893,0.2077,0.3185,5,0.4036,True,False,False,False,measured
55133200700,Waukesha County,"Milwaukee-Waukesha, WI",metro,1662,False,2.155,129607,5.429,13.159,125.0,0.1225,0.1778,0.1861,-0.2588,0.1752,5,0.4028,False,False,False,False,measured
17167000201,Sangamon County,"Springfield, IL",metro,1229,False,1.681,82063,7.206,7.726,56.0,0.0829,-0.0113,0.4269,-0.0044,-0.0919,5,0.4022,False,False,False,False,measured
17031823704,Cook County,"Chicago-Naperville-Elgin, IL-IN",metro,1555,False,4.615,99583,3.233,5.52,87.0,0.3283,0.0584,-0.1116,0.0989,0.0281,5,0.4021,False,False,False,True,measured
55025010300,Dane County,"Madison, WI",metro,1809,False,1.503,120625,2.659,3.495,128.0,0.068,0.1421,-0.1893,0.1938,0.1868,5,0.4014,False,False,False,False,measured
17031804104,Cook County,"Chicago-Naperville-Elgin, IL-IN",metro,1815,False,1.175,152013,3.233,5.275,104.0,0.0406,0.2669,-0.1116,0.1104,0.0939,5,0.4003,False,False,False,True,measured
17031805105,Cook County,"Chicago-Naperville-Elgin, IL-IN",metro,3088,True,5.861,84474,3.233,7.991,105.0,0.4326,-0.0017,-0.1116,-0.0168,0.0978,5,0.4002,False,False,False,True,measured
17113001108,McLean County,"Bloomington, IL",metro,2263,False,1.178,97769,6.799,10.343,96.0,0.0408,0.0512,0.3718,-0.1269,0.0629,5,0.3998,True,False,False,True,measured
55133200101,Waukesha County,"Milwaukee-Waukesha, WI",metro,2052,False,2.209,114137,5.429,11.291,116.0,0.1271,0.1163,0.1861,-0.1713,0.1404,5,0.3985,False,False,False,False,measured
17111871312,McHenry County,"Chicago-Naperville-Elgin, IL-IN",metro,2200,False,0.773,128245,4.254,10.162,160.0,0.0069,0.1724,0.0269,-0.1185,0.3107,5,0.3984,True,False,False,False,measured
55123960700,Vernon County,"La Crosse-Onalaska, WI-MN",metro,1833,False,0.748,74193,5.682,5.456,109.0,0.0049,-0.0426,0.2204,0.1019,0.1133,5,0.3978,False,False,False,False,measured
55025012004,Dane County,"Madison, WI",metro,1339,False,6.268,120583,2.659,9.445,96.0,0.4666,0.1419,-0.1893,-0.0849,0.0629,5,0.3972,True,False,False,False,measured
17197881115,Will County,"Chicago-Naperville-Elgin, IL-IN",metro,1578,False,1.377,134474,4.616,9.622,121.0,0.0575,0.1972,0.0758,-0.0932,0.1597,5,0.3971,False,False,False,False,measured
17031808600,Cook County,"Chicago-Naperville-Elgin, IL-IN",metro,942,False,6.029,164063,3.233,10.092,44.0,0.4466,0.3149,-0.1116,-0.1152,-0.1384,5,0.3964,False,False,False,True,measured
17097864408,Lake County,"Chicago-Naperville-Elgin, IL-IN",metro,2754,False,4.634,114633,2.585,8.235,125.0,0.3299,0.1182,-0.1993,-0.0282,0.1752,5,0.3958,False,False,False,True,measured
17111870907,McHenry County,"Chicago-Naperville-Elgin, IL-IN",metro,1194,False,1.578,123827,4.254,5.915,95.0,0.0743,0.1548,0.0269,0.0804,0.0591,5,0.3955,True,False,False,False,measured
17031080202,Cook County,"Chicago-Naperville-Elgin, IL-IN",metro,2958,False,5.336,106071,3.233,8.907,104.0,0.3886,0.0842,-0.1116,-0.0597,0.0939,5,0.3954,False,False,False,True,measured
55087012505,Outagamie County,"Appleton, WI",metro,2432,False,3.206,100469,3.366,7.095,129.0,0.2105,0.0619,-0.0936,0.0252,0.1907,5,0.3947,False,False,False,False,measured
17119403702,Madison County,"St. Louis, MO-IL",metro,2195,False,1.213,138798,3.735,11.497,173.0,0.0438,0.2144,-0.0435,-0.181,0.361,5,0.3947,False,False,False,False,measured
17031081300,Cook County,"Chicago-Naperville-Elgin, IL-IN",metro,3838,False,1.978,108625,3.233,9.673,183.0,0.1077,0.0943,-0.1116,-0.0956,0.3998,5,0.3947,False,False,False,True,measured
17031812302,Cook County,"Chicago-Naperville-Elgin, IL-IN",metro,1074,False,2.877,158864,3.233,5.156,57.0,0.1829,0.2942,-0.1116,0.116,-0.088,5,0.3935,False,False,False,True,measured
17167003701,Sangamon County,"Springfield, IL",metro,1571,False,-1.568,131875,7.206,12.731,133.0,-0.1888,0.1868,0.4269,-0.2388,0.2062,5,0.3923,True,False,False,False,measured
17119402805,Madison County,"St. Louis, MO-IL",metro,2157,False,-0.824,85513,3.735,4.636,188.0,-0.1266,0.0024,-0.0435,0.1403,0.4191,5,0.3917,True,False,False,False,measured
55133203307,Waukesha County,"Milwaukee-Waukesha, WI",metro,1724,False,3.535,77672,5.429,9.884,106.0,0.2379,-0.0288,0.1861,-0.1054,0.1017,5,0.3915,True,False,False,False,measured
55133201201,Waukesha County,"Milwaukee-Waukesha, WI",metro,1024,False,6.144,98871,5.429,11.726,50.0,0.4563,0.0555,0.1861,-0.1917,-0.1151,5,0.3911,False,False,False,False,measured
55125950602,Vilas County,,rural,914,False,4.553,75750,8.314,17.096,72.0,0.3232,-0.0364,0.577,-0.4432,-0.03,5,0.3906,True,False,False,False,measured
55079186300,Milwaukee County,"Milwaukee-Waukesha, WI",metro,1822,False,9.113,76622,2.576,4.771,24.0,0.7046,-0.033,-0.2006,0.134,-0.2158,5,0.3892,False,False,False,True,measured
17031832200,Cook County,"Chicago-Naperville-Elgin, IL-IN",metro,1684,False,2.466,151894,3.233,6.082,83.0,0.1486,0.2665,-0.1116,0.0726,0.0126,5,0.3887,False,False,False,True,measured
17031813000,Cook County,"Chicago-Naperville-Elgin, IL-IN",metro,1441,False,0.153,170286,3.233,4.095,90.0,-0.0449,0.3396,-0.1116,0.1657,0.0397,5,0.3886,False,False,False,True,measured
55059002400,Kenosha County,"Kenosha, WI",metro,2004,False,0.247,85664,4.613,6.378,154.0,-0.0371,0.003,0.0754,0.0587,0.2875,5,0.3876,False,False,False,False,measured
17111871105,McHenry County,"Chicago-Naperville-Elgin, IL-IN",metro,1842,False,-0.061,135273,4.254,7.685,138.0,-0.0628,0.2004,0.0269,-0.0025,0.2255,5,0.3875,False,False,False,False,measured
55073002200,Marathon County,"Wausau, WI",metro,1192,True,-1.72,67000,6.882,0.0,59.0,-0.2016,-0.0712,0.383,0.3574,-0.0803,5,0.3873,False,False,False,False,measured
17097864522,Lake County,"Chicago-Naperville-Elgin, IL-IN",metro,1539,False,-0.28,211250,2.585,8.43,132.0,-0.0811,0.5026,-0.1993,-0.0373,0.2023,5,0.3871,False,False,False,True,measured
55111000500,Sauk County,"Baraboo, WI",micro,1475,False,1.311,85179,6.347,8.073,91.0,0.052,0.0011,0.3105,-0.0207,0.0436,5,0.3865,False,False,False,False,measured
17089851400,Kane County,"Chicago-Naperville-Elgin, IL-IN",metro,1973,True,2.056,69564,5.101,4.399,90.0,0.1143,-0.061,0.1416,0.1514,0.0397,5,0.386,False,False,False,False,measured
17097864801,Lake County,"Chicago-Naperville-Elgin, IL-IN",metro,1758,False,1.803,215765,2.585,11.743,122.0,0.0931,0.5205,-0.1993,-0.1925,0.1636,5,0.3854,True,False,False,True,measured
17111871304,McHenry County,"Chicago-Naperville-Elgin, IL-IN",metro,1520,False,4.794,87331,4.254,10.429,115.0,0.3433,0.0096,0.0269,-0.131,0.1365,5,0.3853,False,False,False,False,measured
17031320600,Cook County,"Chicago-Naperville-Elgin, IL-IN",metro,3954,False,5.741,118670,3.233,9.761,90.0,0.4225,0.1343,-0.1116,-0.0997,0.0397,5,0.3853,False,False,False,True,measured
17197880106,Will County,"Chicago-Naperville-Elgin, IL-IN",metro,1552,False,3.213,82713,4.616,6.944,99.0,0.2111,-0.0087,0.0758,0.0322,0.0746,5,0.385,False,False,False,False,measured
17005951200,Bond County,"St. Louis, MO-IL",metro,1308,False,0.016,60179,6.136,0.0,54.0,-0.0564,-0.0984,0.2819,0.3574,-0.0996,5,0.385,True,False,False,False,measured
17031210100,Cook County,"Chicago-Naperville-Elgin, IL-IN",metro,1777,False,3.406,115018,3.233,5.374,91.0,0.2272,0.1198,-0.1116,0.1058,0.0436,5,0.3847,False,False,False,True,measured
17167002001,Sangamon County,"Springfield, IL",metro,1647,False,0.366,110725,7.206,12.092,103.0,-0.0271,0.1027,0.4269,-0.2088,0.09,5,0.3837,True,False,False,False,measured
17161023000,Rock Island County,"Davenport-Moline-Rock Island, IA-IL",metro,1794,False,1.353,100422,5.221,6.836,98.0,0.0555,0.0617,0.1578,0.0373,0.0707,5,0.383,False,False,False,False,measured
55111001005,Sauk County,"Baraboo, WI",micro,883,False,3.889,96654,6.347,10.509,52.0,0.2676,0.0467,0.3105,-0.1347,-0.1074,5,0.3827,True,False,False,False,measured
17199020900,Williamson County,"Marion-Herrin, IL",micro,2347,False,2.409,80125,7.567,13.062,89.0,0.1438,-0.019,0.4758,-0.2543,0.0359,5,0.3821,False,False,False,False,measured
55059002500,Kenosha County,"Kenosha, WI",metro,1588,False,3.532,96908,4.613,6.871,76.0,0.2377,0.0477,0.0754,0.0356,-0.0145,5,0.382,False,False,False,False,measured
55009010300,Brown County,"Green Bay, WI",metro,3429,False,2.123,82974,2.607,5.978,180.0,0.1199,-0.0077,-0.1964,0.0775,0.3881,5,0.3815,True,False,False,True,measured
17161024102,Rock Island County,"Davenport-Moline-Rock Island, IA-IL",metro,2140,False,-0.606,90294,5.221,4.673,124.0,-0.1084,0.0214,0.1578,0.1386,0.1713,5,0.3808,False,False,False,False,measured
55013970700,Burnett County,,rural,1228,True,0.361,58452,8.543,10.262,87.0,-0.0275,-0.1052,0.6082,-0.1232,0.0281,5,0.3804,False,False,False,False,measured
17097861402,Lake County,"Chicago-Naperville-Elgin, IL-IN",metro,3340,True,0.943,109156,2.585,4.99,167.0,0.0212,0.0965,-0.1993,0.1237,0.3378,5,0.3799,False,False,False,True,measured
55117000900,Sheboygan County,"Sheboygan, WI",metro,2463,False,2.219,64254,5.146,7.247,123.0,0.1279,-0.0822,0.1477,0.018,0.1675,5,0.379,False,False,False,False,measured
55079091100,Milwaukee County,"Milwaukee-Waukesha, WI",metro,1635,False,0.371,162125,2.576,4.987,125.0,-0.0267,0.3072,-0.2006,0.1239,0.1752,5,0.379,False,False,False,True,measured
55079160301,Milwaukee County,"Milwaukee-Waukesha, WI",metro,1844,False,0.117,131538,2.576,4.679,158.0,-0.0479,0.1855,-0.2006,0.1383,0.303,5,0.3783,True,False,False,True,measured
17179022400,Tazewell County,"Peoria, IL",metro,2029,False,2.738,61012,4.884,5.425,102.0,0.1713,-0.095,0.1122,0.1034,0.0862,5,0.378,False,False,False,False,measured
17043846207,DuPage County,"Chicago-Naperville-Elgin, IL-IN",metro,1859,False,-0.951,183510,3.131,7.809,146.0,-0.1373,0.3922,-0.1254,-0.0083,0.2565,5,0.3777,False,False,False,False,measured
55111000301,Sauk County,"Baraboo, WI",micro,1921,False,2.089,61162,6.347,7.371,88.0,0.117,-0.0945,0.3105,0.0122,0.032,5,0.3773,True,False,False,False,measured
17031060800,Cook County,"Chicago-Naperville-Elgin, IL-IN",metro,3634,False,2.653,90174,3.233,5.563,133.0,0.1642,0.021,-0.1116,0.0969,0.2062,5,0.3767,False,False,False,True,measured
55133203103,Waukesha County,"Milwaukee-Waukesha, WI",metro,2040,False,0.207,91992,5.429,8.615,144.0,-0.0404,0.0282,0.1861,-0.046,0.2488,5,0.3766,False,False,False,False,measured
55089650300,Ozaukee County,"Milwaukee-Waukesha, WI",metro,2239,False,2.212,124867,2.924,8.235,150.0,0.1273,0.159,-0.1535,-0.0282,0.272,5,0.3765,False,False,False,False,measured
55039041102,Fond du Lac County,"Fond du Lac, WI",metro,2136,False,0.351,76875,5.907,6.428,113.0,-0.0284,-0.0319,0.2508,0.0564,0.1288,5,0.3756,True,False,False,False,measured
17197880426,Will County,"Chicago-Naperville-Elgin, IL-IN",metro,1213,False,2.306,125865,4.616,7.724,81.0,0.1352,0.1629,0.0758,-0.0043,0.0049,5,0.3745,True,False,False,False,measured
55105001303,Rock County,"Janesville-Beloit, WI",metro,1667,False,0.288,124925,3.865,12.04,204.0,-0.0336,0.1592,-0.0259,-0.2064,0.4811,5,0.3743,False,False,False,False,measured
17043844306,DuPage County,"Chicago-Naperville-Elgin, IL-IN",metro,2468,False,8.04,74792,3.131,12.236,116.0,0.6148,-0.0402,-0.1254,-0.2156,0.1404,5,0.3739,False,False,False,False,measured
17027900602,Clinton County,"St. Louis, MO-IL",metro,2704,False,1.452,92056,5.921,11.095,129.0,0.0637,0.0284,0.2527,-0.1622,0.1907,5,0.3734,False,False,False,False,measured
17117956300,Macoupin County,"St. Louis, MO-IL",metro,1004,False,-2.319,97931,6.611,0.0,46.0,-0.2517,0.0518,0.3463,0.3574,-0.1306,5,0.3732,False,False,False,False,measured
55009940008,Brown County,"Green Bay, WI",metro,3333,False,2.088,86207,2.607,6.702,184.0,0.1169,0.0052,-0.1964,0.0435,0.4036,5,0.3729,True,False,False,True,measured
17031804709,Cook County,"Chicago-Naperville-Elgin, IL-IN",metro,3066,False,5.664,100710,3.233,7.457,79.0,0.4161,0.0629,-0.1116,0.0082,-0.0029,5,0.3727,False,False,False,True,measured
55137960400,Waushara County,,rural,1508,False,1.983,69853,6.558,11.032,117.0,0.1081,-0.0599,0.3391,-0.1592,0.1442,5,0.3723,False,False,False,False,measured
17197880423,Will County,"Chicago-Naperville-Elgin, IL-IN",metro,1152,False,2.098,104167,4.616,5.06,75.0,0.1178,0.0766,0.0758,0.1205,-0.0183,5,0.3723,True,False,False,False,measured
55105003102,Rock County,"Janesville-Beloit, WI",metro,2107,False,1.692,86080,3.865,9.146,178.0,0.0839,0.0047,-0.0259,-0.0709,0.3804,5,0.3721,True,False,False,False,measured
17031040401,Cook County,"Chicago-Naperville-Elgin, IL-IN",metro,1579,False,4.501,108899,3.233,5.348,70.0,0.3188,0.0954,-0.1116,0.107,-0.0377,5,0.3719,False,False,False,True,measured
55131470202,Washington County,"Milwaukee-Waukesha, WI",metro,2415,False,0.077,107530,4.101,9.27,184.0,-0.0513,0.09,0.0061,-0.0767,0.4036,5,0.3718,False,False,False,False,measured
17199020202,Williamson County,"Marion-Herrin, IL",micro,1190,False,2.302,97833,7.567,12.379,62.0,0.1349,0.0514,0.4758,-0.2223,-0.0687,5,0.3711,False,False,False,False,measured
17089852500,Kane County,"Chicago-Naperville-Elgin, IL-IN",metro,2681,False,2.477,110323,5.101,16.866,186.0,0.1495,0.1011,0.1416,-0.4325,0.4114,5,0.3711,False,False,False,False,measured
17043841607,DuPage County,"Chicago-Naperville-Elgin, IL-IN",metro,2010,False,3.813,97813,3.131,5.629,103.0,0.2612,0.0513,-0.1254,0.0938,0.09,5,0.371,False,False,False,False,measured
55111000800,Sauk County,"Baraboo, WI",micro,1665,False,-0.071,83287,6.347,8.009,118.0,-0.0636,-0.0064,0.3105,-0.0177,0.1481,5,0.3709,False,False,False,False,measured
17031804514,Cook County,"Chicago-Naperville-Elgin, IL-IN",metro,1683,False,1.062,115995,3.233,5.214,135.0,0.0311,0.1237,-0.1116,0.1133,0.2139,5,0.3704,True,False,False,True,measured
17031835800,Cook County,"Chicago-Naperville-Elgin, IL-IN",metro,938,True,7.414,65536,3.233,3.845,33.0,0.5624,-0.0771,-0.1116,0.1774,-0.1809,5,0.3702,False,False,False,True,measured
55133203106,Waukesha County,"Milwaukee-Waukesha, WI",metro,1655,False,1.164,96601,5.429,7.142,99.0,0.0397,0.0465,0.1861,0.023,0.0746,5,0.3698,True,False,False,False,measured
17031844600,Cook County,"Chicago-Naperville-Elgin, IL-IN",metro,841,True,8.629,58144,3.233,3.584,11.0,0.6641,-0.1065,-0.1116,0.1896,-0.2661,5,0.3695,False,False,False,True,measured
17005951500,Bond County,"St. Louis, MO-IL",metro,1652,False,-1.038,74444,6.136,0.0,58.0,-0.1446,-0.0416,0.2819,0.3574,-0.0842,5,0.3691,False,False,False,False,measured
17167000400,Sangamon County,"Springfield, IL",metro,1191,True,2.066,52741,7.206,7.468,66.0,0.1151,-0.1279,0.4269,0.0077,-0.0532,5,0.3686,True,False,False,False,measured
17167000504,Sangamon County,"Springfield, IL",metro,1263,False,1.892,81010,7.206,10.055,72.0,0.1006,-0.0155,0.4269,-0.1135,-0.03,5,0.3685,False,False,False,False,measured
55133204400,Waukesha County,"Milwaukee-Waukesha, WI",metro,993,False,2.539,103839,5.429,5.862,46.0,0.1547,0.0753,0.1861,0.0829,-0.1306,5,0.3684,False,False,False,False,measured
55039040700,Fond du Lac County,"Fond du Lac, WI",metro,2254,False,1.708,82241,5.907,8.478,101.0,0.0851,-0.0106,0.2508,-0.0396,0.0823,5,0.368,False,False,False,False,measured
17111870810,McHenry County,"Chicago-Naperville-Elgin, IL-IN",metro,1659,False,-0.454,101116,4.254,2.021,108.0,-0.0957,0.0645,0.0269,0.2628,0.1094,5,0.3678,False,False,False,False,measured
17111871402,McHenry County,"Chicago-Naperville-Elgin, IL-IN",metro,2112,False,-1.877,125938,4.254,6.831,171.0,-0.2147,0.1632,0.0269,0.0375,0.3533,5,0.3662,False,False,False,False,measured
17167000501,Sangamon County,"Springfield, IL",metro,1060,False,1.092,101250,7.206,11.387,84.0,0.0336,0.065,0.4269,-0.1758,0.0165,5,0.3662,False,False,False,False,measured
55009021200,Brown County,"Green Bay, WI",metro,2236,False,3.244,98312,2.607,7.71,157.0,0.2136,0.0533,-0.1964,-0.0036,0.2991,5,0.3661,False,False,False,True,measured
55015020500,Calumet County,"Appleton, WI",metro,2362,False,1.883,80750,6.456,12.701,130.0,0.0998,-0.0165,0.3252,-0.2374,0.1946,5,0.3657,False,False,False,False,measured
55059002300,Kenosha County,"Kenosha, WI",metro,2407,False,0.643,70305,4.613,6.337,155.0,-0.004,-0.0581,0.0754,0.0607,0.2914,5,0.3654,False,False,False,False,measured
55033970300,Dunn County,"Menomonie, WI",micro,2379,False,-0.167,83612,4.562,6.123,158.0,-0.0717,-0.0051,0.0686,0.0707,0.303,5,0.3654,False,False,False,False,measured
17089852403,Kane County,"Chicago-Naperville-Elgin, IL-IN",metro,2084,False,0.744,131731,5.101,9.597,112.0,0.0045,0.1863,0.1416,-0.092,0.1249,5,0.3653,False,False,False,False,measured
17031281900,Cook County,"Chicago-Naperville-Elgin, IL-IN",metro,4529,False,4.373,121838,3.233,9.344,106.0,0.3081,0.1469,-0.1116,-0.0802,0.1017,5,0.3649,False,False,False,True,measured
17113000105,McLean County,"Bloomington, IL",metro,1804,False,-0.833,102800,6.799,7.017,85.0,-0.1274,0.0712,0.3718,0.0288,0.0204,5,0.3648,True,False,False,True,measured
55073000200,Marathon County,"Wausau, WI",metro,1310,False,2.515,80461,6.882,11.092,82.0,0.1527,-0.0177,0.383,-0.162,0.0088,5,0.3647,False,False,False,False,measured
55111000700,Sauk County,"Baraboo, WI",micro,1245,False,-0.923,99688,6.347,7.445,111.0,-0.1349,0.0588,0.3105,0.0088,0.121,5,0.3642,True,False,False,False,measured
55133200901,Waukesha County,"Milwaukee-Waukesha, WI",metro,1741,False,2.93,125808,5.429,13.312,104.0,0.1874,0.1627,0.1861,-0.266,0.0939,5,0.3641,False,False,False,False,measured
55095961000,Polk County,,rural,2197,False,3.274,78146,2.692,4.613,136.0,0.2161,-0.0269,-0.1848,0.1414,0.2178,5,0.3636,False,False,False,False,measured
17089852700,Kane County,"Chicago-Naperville-Elgin, IL-IN",metro,3020,False,0.667,84475,5.101,10.463,172.0,-0.0019,-0.0017,0.1416,-0.1326,0.3572,5,0.3626,False,False,False,False,measured
17091010702,Kankakee County,"Kankakee, IL",metro,2778,True,1.093,63099,5.833,9.147,143.0,0.0337,-0.0867,0.2408,-0.0709,0.2449,5,0.3618,False,False,False,False,measured
17063000600,Grundy County,"Chicago-Naperville-Elgin, IL-IN",metro,1100,False,-1.66,88462,6.278,0.0,50.0,-0.1965,0.0141,0.3011,0.3574,-0.1151,5,0.361,False,False,False,False,measured
55055101500,Jefferson County,"Watertown-Fort Atkinson, WI",micro,1644,False,-0.096,61944,7.566,7.174,85.0,-0.0657,-0.0913,0.4757,0.0214,0.0204,5,0.3604,False,False,False,False,measured
17197883211,Will County,"Chicago-Naperville-Elgin, IL-IN",metro,2087,False,1.766,103512,4.616,13.185,178.0,0.09,0.074,0.0758,-0.26,0.3804,5,0.3602,False,False,False,False,measured
55055100601,Jefferson County,"Watertown-Fort Atkinson, WI",micro,584,False,-1.821,137105,7.566,7.011,43.0,-0.21,0.2076,0.4757,0.0291,-0.1422,5,0.3601,False,False,False,False,measured
17043846209,DuPage County,"Chicago-Naperville-Elgin, IL-IN",metro,1176,False,-1.118,250001,3.131,9.015,91.0,-0.1512,0.6567,-0.1254,-0.0648,0.0436,5,0.3589,False,False,False,False,measured
17089852805,Kane County,"Chicago-Naperville-Elgin, IL-IN",metro,2047,False,-0.949,119614,5.101,7.109,129.0,-0.1371,0.1381,0.1416,0.0245,0.1907,5,0.3578,False,False,False,False,measured
55069960500,Lincoln County,,rural,865,False,2.703,67578,5.781,4.509,48.0,0.1684,-0.0689,0.2338,0.1463,-0.1229,5,0.3566,False,False,False,False,measured
17199021300,Williamson County,"Marion-Herrin, IL",micro,1977,False,1.108,100383,7.567,14.1,102.0,0.035,0.0616,0.4758,-0.3029,0.0862,5,0.3557,False,False,False,False,measured
17031804810,Cook County,"Chicago-Naperville-Elgin, IL-IN",metro,2784,False,2.665,97788,3.233,7.092,138.0,0.1652,0.0512,-0.1116,0.0253,0.2255,5,0.3557,False,False,False,True,measured
17031814800,Cook County,"Chicago-Naperville-Elgin, IL-IN",metro,2613,True,5.408,66724,3.233,5.153,87.0,0.3947,-0.0723,-0.1116,0.1161,0.0281,5,0.355,False,False,False,True,measured
55039041901,Fond du Lac County,"Fond du Lac, WI",metro,1485,False,0.465,99917,5.907,6.734,85.0,-0.0188,0.0597,0.2508,0.0421,0.0204,5,0.3541,True,False,False,False,measured
17089851904,Kane County,"Chicago-Naperville-Elgin, IL-IN",metro,2544,False,-1.029,98750,5.101,5.867,136.0,-0.1438,0.0551,0.1416,0.0827,0.2178,5,0.3534,False,False,False,False,measured
17113001103,McLean County,"Bloomington, IL",metro,1504,False,2.853,82237,6.799,10.536,66.0,0.1809,-0.0106,0.3718,-0.136,-0.0532,5,0.3529,False,False,False,True,measured
17201003808,Winnebago County,"Rockford, IL",metro,1508,False,1.603,86902,5.151,6.585,98.0,0.0764,0.0079,0.1484,0.0491,0.0707,5,0.3525,False,False,False,False,measured
55127000103,Walworth County,"Whitewater-Elkhorn, WI",micro,1229,False,1.815,68068,6.687,7.581,71.0,0.0941,-0.067,0.3566,0.0024,-0.0338,5,0.3523,True,False,False,False,measured
17031740200,Cook County,"Chicago-Naperville-Elgin, IL-IN",metro,2174,False,2.335,129207,3.233,6.539,105.0,0.1376,0.1762,-0.1116,0.0512,0.0978,5,0.3513,False,False,False,True,measured
17031720300,Cook County,"Chicago-Naperville-Elgin, IL-IN",metro,1475,False,2.015,153048,3.233,5.433,74.0,0.1108,0.2711,-0.1116,0.103,-0.0222,5,0.3511,False,False,False,True,measured
17031801100,Cook County,"Chicago-Naperville-Elgin, IL-IN",metro,1557,False,-1.415,235511,3.233,9.808,116.0,-0.1761,0.5991,-0.1116,-0.1019,0.1404,5,0.3499,False,False,False,True,measured
17119402801,Madison County,"St. Louis, MO-IL",metro,1527,False,0.003,105938,3.735,2.217,109.0,-0.0575,0.0837,-0.0435,0.2536,0.1133,5,0.3496,True,False,False,False,measured
55039040400,Fond du Lac County,"Fond du Lac, WI",metro,1333,False,2.944,59527,5.907,6.589,70.0,0.1885,-0.101,0.2508,0.0488,-0.0377,5,0.3495,False,False,False,False,measured
55079091400,Milwaukee County,"Milwaukee-Waukesha, WI",metro,1029,False,3.279,111705,2.576,4.135,96.0,0.2166,0.1066,-0.2006,0.1638,0.0629,5,0.3493,False,False,False,True,measured
17043845901,DuPage County,"Chicago-Naperville-Elgin, IL-IN",metro,1327,False,2.309,176354,3.131,7.349,70.0,0.1354,0.3638,-0.1254,0.0133,-0.0377,5,0.3493,False,False,False,False,measured
55117010200,Sheboygan County,"Sheboygan, WI",metro,1941,False,3.772,84435,5.146,10.304,98.0,0.2578,-0.0019,0.1477,-0.1251,0.0707,5,0.3492,False,False,False,False,measured
17031210900,Cook County,"Chicago-Naperville-Elgin, IL-IN",metro,1598,False,4.934,101288,3.233,5.254,61.0,0.355,0.0652,-0.1116,0.1114,-0.0725,5,0.3474,False,False,False,True,measured
17031730500,Cook County,"Chicago-Naperville-Elgin, IL-IN",metro,1840,True,5.201,70082,3.233,4.073,73.0,0.3773,-0.059,-0.1116,0.1667,-0.0261,5,0.3474,False,False,False,True,measured
55087012400,Outagamie County,"Appleton, WI",metro,1325,False,1.15,88516,3.366,2.195,114.0,0.0385,0.0144,-0.0936,0.2546,0.1326,5,0.3465,False,False,False,False,measured
17199020201,Williamson County,"Marion-Herrin, IL",micro,2474,False,1.051,60159,7.567,11.688,113.0,0.0302,-0.0984,0.4758,-0.1899,0.1288,5,0.3464,False,False,False,False,measured
17167001004,Sangamon County,"Springfield, IL",metro,2757,False,2.098,55070,7.206,11.337,104.0,0.1178,-0.1187,0.4269,-0.1735,0.0939,5,0.3464,False,False,False,False,measured
55137960700,Waushara County,,rural,1540,False,0.676,64906,6.558,7.347,99.0,-0.0012,-0.0796,0.3391,0.0134,0.0746,5,0.3463,False,False,False,False,measured
17089854002,Kane County,"Chicago-Naperville-Elgin, IL-IN",metro,2082,False,1.19,63378,5.101,6.409,129.0,0.0418,-0.0856,0.1416,0.0573,0.1907,5,0.3458,False,False,False,False,measured
55075960800,Marinette County,"Marinette, WI-MI",micro,1179,False,1.657,57899,6.165,5.725,79.0,0.0809,-0.1074,0.2858,0.0893,-0.0029,5,0.3457,False,False,False,False,measured
17007010101,Boone County,"Rockford, IL",metro,1672,True,3.518,79750,4.976,8.879,96.0,0.2366,-0.0205,0.1246,-0.0584,0.0629,5,0.3452,True,False,False,False,measured
17031830003,Cook County,"Chicago-Naperville-Elgin, IL-IN",metro,2673,False,-1.433,112361,3.233,4.72,180.0,-0.1775,0.1092,-0.1116,0.1364,0.3881,5,0.3446,False,False,False,True,measured
55133203105,Waukesha County,"Milwaukee-Waukesha, WI",metro,1264,False,0.313,104423,5.429,6.497,95.0,-0.0316,0.0776,0.1861,0.0532,0.0591,5,0.3444,True,False,False,False,measured
17031830007,Cook County,"Chicago-Naperville-Elgin, IL-IN",metro,2110,True,5.133,56042,3.233,4.227,90.0,0.3716,-0.1148,-0.1116,0.1595,0.0397,5,0.3444,False,False,False,True,measured
17163503416,St. Clair County,"St. Louis, MO-IL",metro,1770,False,0.756,65147,6.452,6.418,89.0,0.0055,-0.0786,0.3247,0.0569,0.0359,5,0.3443,True,False,False,False,measured
17163501801,St. Clair County,"St. Louis, MO-IL",metro,1376,True,0.745,70743,6.452,7.706,99.0,0.0046,-0.0563,0.3247,-0.0035,0.0746,5,0.3441,True,False,False,False,measured
17031070300,Cook County,"Chicago-Naperville-Elgin, IL-IN",metro,1683,False,-0.201,156898,3.233,7.409,140.0,-0.0745,0.2864,-0.1116,0.0104,0.2333,5,0.344,False,False,False,True,measured
55059000501,Kenosha County,"Kenosha, WI",metro,980,False,2.664,84843,4.613,4.866,73.0,0.1652,-0.0003,0.0754,0.1296,-0.0261,5,0.3438,True,False,False,False,measured
55063000800,La Crosse County,"La Crosse-Onalaska, WI-MN",metro,1118,False,-1.779,75962,8.411,5.539,53.0,-0.2065,-0.0356,0.5902,0.098,-0.1035,5,0.3426,False,False,False,False,measured
17031800200,Cook County,"Chicago-Naperville-Elgin, IL-IN",metro,2147,False,-1.972,248893,3.233,15.329,179.0,-0.2226,0.6523,-0.1116,-0.3605,0.3843,5,0.3419,False,False,False,True,measured
55141011500,Wood County,"Wisconsin Rapids-Marshfield, WI",micro,2532,False,0.859,104955,5.185,8.852,119.0,0.0141,0.0798,0.153,-0.0571,0.152,5,0.3418,False,False,False,False,measured
55083100500,Oconto County,"Green Bay, WI",metro,1167,True,1.729,60280,3.242,0.0,107.0,0.0869,-0.098,-0.1104,0.3574,0.1055,5,0.3415,False,False,False,False,measured
17097864303,Lake County,"Chicago-Naperville-Elgin, IL-IN",metro,1543,False,0.806,173750,2.585,7.91,129.0,0.0097,0.3534,-0.1993,-0.013,0.1907,5,0.3415,False,False,False,True,measured
55057100400,Juneau County,,rural,1968,False,2.001,60938,6.642,9.022,90.0,0.1097,-0.0953,0.3505,-0.0651,0.0397,5,0.3395,False,False,False,False,measured
17097861603,Lake County,"Chicago-Naperville-Elgin, IL-IN",metro,2709,False,2.089,119063,2.585,8.744,167.0,0.117,0.1359,-0.1993,-0.0521,0.3378,5,0.3393,False,False,False,True,measured
17031830004,Cook County,"Chicago-Naperville-Elgin, IL-IN",metro,2580,False,1.197,111906,3.233,5.625,133.0,0.0424,0.1074,-0.1116,0.094,0.2062,5,0.3384,False,False,False,True,measured
55041950300,Forest County,,rural,1132,True,-0.727,57500,6.87,4.375,88.0,-0.1186,-0.109,0.3813,0.1526,0.032,5,0.3383,False,False,False,False,measured
55117011400,Sheboygan County,"Sheboygan, WI",metro,1600,False,4.693,51354,5.146,5.125,46.0,0.3348,-0.1335,0.1477,0.1174,-0.1306,5,0.3359,False,False,False,False,measured
17197883307,Will County,"Chicago-Naperville-Elgin, IL-IN",metro,1541,False,0.05,104292,4.616,6.489,127.0,-0.0535,0.0771,0.0758,0.0535,0.183,5,0.3359,False,False,False,False,measured
17197880202,Will County,"Chicago-Naperville-Elgin, IL-IN",metro,1596,False,0.859,104788,4.616,7.482,121.0,0.0142,0.0791,0.0758,0.007,0.1597,5,0.3359,True,False,False,False,measured
17031051100,Cook County,"Chicago-Naperville-Elgin, IL-IN",metro,718,False,2.52,161900,3.233,5.184,47.0,0.1531,0.3063,-0.1116,0.1147,-0.1267,5,0.3357,False,False,False,True,measured
55005000800,Barron County,"Rice Lake, WI",micro,2294,False,0.785,73519,6.002,10.452,142.0,0.008,-0.0453,0.2637,-0.1321,0.241,5,0.3354,False,False,False,False,measured
17019010603,Champaign County,"Champaign-Urbana, IL",metro,2845,False,1.502,100694,3.725,10.122,174.0,0.068,0.0628,-0.0448,-0.1166,0.3649,5,0.3343,False,False,False,False,measured
17197881401,Will County,"Chicago-Naperville-Elgin, IL-IN",metro,1352,True,3.393,72500,4.616,4.589,64.0,0.2261,-0.0494,0.0758,0.1425,-0.0609,5,0.3342,False,False,False,False,measured
17091010601,Kankakee County,"Kankakee, IL",metro,1881,False,-1.377,107852,5.833,9.786,151.0,-0.1729,0.0913,0.2408,-0.1009,0.2759,5,0.3342,False,False,False,False,measured
55111000302,Sauk County,"Baraboo, WI",micro,556,False,2.089,84615,6.347,6.575,43.0,0.117,-0.0012,0.3105,0.0495,-0.1422,5,0.3336,True,False,False,False,measured
55079019500,Milwaukee County,"Milwaukee-Waukesha, WI",metro,1521,False,5.168,76857,2.576,6.544,116.0,0.3746,-0.032,-0.2006,0.051,0.1404,5,0.3333,False,False,False,True,measured
17197880601,Will County,"Chicago-Naperville-Elgin, IL-IN",metro,1174,False,-0.237,116477,4.616,4.099,91.0,-0.0775,0.1256,0.0758,0.1655,0.0436,5,0.333,False,False,False,False,measured
17031803608,Cook County,"Chicago-Naperville-Elgin, IL-IN",metro,3305,False,3.276,108394,3.233,10.088,144.0,0.2163,0.0934,-0.1116,-0.115,0.2488,5,0.332,False,False,False,True,measured
55025003001,Dane County,"Madison, WI",metro,1886,False,-0.584,88798,2.659,3.436,187.0,-0.1065,0.0155,-0.1893,0.1965,0.4152,5,0.3314,False,False,False,False,measured
17031804106,Cook County,"Chicago-Naperville-Elgin, IL-IN",metro,2624,False,-0.496,150132,3.233,6.763,142.0,-0.0992,0.2595,-0.1116,0.0407,0.241,5,0.3305,False,False,False,True,measured
55087012604,Outagamie County,"Appleton, WI",metro,1933,False,0.859,114583,3.366,9.197,174.0,0.0142,0.118,-0.0936,-0.0733,0.3649,5,0.3303,True,False,False,False,measured
55133204503,Waukesha County,"Milwaukee-Waukesha, WI",metro,1387,False,-1.041,125703,5.429,8.09,118.0,-0.1448,0.1623,0.1861,-0.0214,0.1481,5,0.3302,True,False,False,False,measured
55031020600,Douglas County,"Duluth, MN-WI",metro,1748,True,-3.538,59261,8.741,5.341,91.0,-0.3537,-0.102,0.635,0.1073,0.0436,5,0.3302,False,False,False,False,measured
17031843700,Cook County,"Chicago-Naperville-Elgin, IL-IN",metro,1088,False,1.865,150357,3.233,5.388,74.0,0.0983,0.2604,-0.1116,0.1051,-0.0222,5,0.3299,False,False,False,True,measured
55009021600,Brown County,"Green Bay, WI",metro,2441,False,0.828,75980,2.607,4.097,179.0,0.0116,-0.0355,-0.1964,0.1656,0.3843,5,0.3296,False,False,False,True,measured
17031824005,Cook County,"Chicago-Naperville-Elgin, IL-IN",metro,2038,False,0.114,150222,3.233,7.718,140.0,-0.0481,0.2598,-0.1116,-0.004,0.2333,5,0.3294,False,False,False,True,measured
55105002602,Rock County,"Janesville-Beloit, WI",metro,1890,False,2.104,92750,3.865,7.231,128.0,0.1183,0.0312,-0.0259,0.0188,0.1868,5,0.3292,False,False,False,False,measured
17095001600,Knox County,"Galesburg, IL",micro,1208,False,-2.557,71250,12.498,15.537,49.0,-0.2716,-0.0543,1.1442,-0.3702,-0.119,5,0.3291,False,False,False,False,measured
55133202500,Waukesha County,"Milwaukee-Waukesha, WI",metro,1951,False,1.233,84471,5.429,8.184,112.0,0.0454,-0.0017,0.1861,-0.0259,0.1249,5,0.3288,False,False,False,False,measured
17163503324,St. Clair County,"St. Louis, MO-IL",metro,2530,False,-0.887,89479,6.452,12.66,171.0,-0.1319,0.0182,0.3247,-0.2355,0.3533,5,0.3288,False,False,False,False,measured
17031804901,Cook County,"Chicago-Naperville-Elgin, IL-IN",metro,2664,False,1.543,115909,3.233,7.879,146.0,0.0713,0.1233,-0.1116,-0.0115,0.2565,5,0.3281,False,False,False,True,measured
17163503332,St. Clair County,"St. Louis, MO-IL",metro,2130,False,0.537,42941,6.452,7.136,121.0,-0.0128,-0.1669,0.3247,0.0232,0.1597,5,0.3279,False,False,False,False,measured
55025012900,Dane County,"Madison, WI",metro,1543,False,-0.97,121750,2.659,0.0,119.0,-0.1388,0.1466,-0.1893,0.3574,0.152,5,0.3278,False,False,False,False,measured
17099961702,LaSalle County,"Ottawa, IL",micro,1320,False,2.212,82153,6.809,9.21,57.0,0.1273,-0.011,0.3731,-0.0739,-0.088,5,0.3275,False,False,False,False,measured
17201003904,Winnebago County,"Rockford, IL",metro,1834,False,0.296,84677,5.151,6.578,122.0,-0.033,-0.0009,0.1484,0.0494,0.1636,5,0.3275,False,False,False,False,measured
17197880115,Will County,"Chicago-Naperville-Elgin, IL-IN",metro,1401,False,5.148,68281,4.616,7.595,65.0,0.3729,-0.0661,0.0758,0.0017,-0.0571,5,0.3273,False,False,False,False,measured
17043841704,DuPage County,"Chicago-Naperville-Elgin, IL-IN",metro,1588,False,2.039,145036,3.131,6.992,98.0,0.1129,0.2392,-0.1254,0.03,0.0707,5,0.3273,False,False,False,False,measured
17031530501,Cook County,"Chicago-Naperville-Elgin, IL-IN",metro,1918,True,5.35,44292,3.233,2.331,70.0,0.3898,-0.1616,-0.1116,0.2483,-0.0377,5,0.3273,False,False,False,True,measured
55133204504,Waukesha County,"Milwaukee-Waukesha, WI",metro,1181,False,-1.041,102596,5.429,3.821,89.0,-0.1448,0.0704,0.1861,0.1785,0.0359,5,0.326,True,False,False,False,measured
17097865700,Lake County,"Chicago-Naperville-Elgin, IL-IN",metro,2299,False,0.477,250001,2.585,15.395,144.0,-0.0178,0.6567,-0.1993,-0.3635,0.2488,5,0.3248,False,False,False,True,measured
17167002500,Sangamon County,"Springfield, IL",metro,2234,True,-0.812,54250,7.206,7.115,111.0,-0.1257,-0.1219,0.4269,0.0242,0.121,5,0.3246,False,False,False,False,measured
55025001404,Dane County,"Madison, WI",metro,2554,False,3.16,101149,2.659,3.384,91.0,0.2066,0.0646,-0.1893,0.199,0.0436,5,0.3245,True,False,False,False,measured
17119403604,Madison County,"St. Louis, MO-IL",metro,3101,False,2.328,79180,3.735,11.497,192.0,0.137,-0.0228,-0.0435,-0.181,0.4346,5,0.3243,False,False,False,False,measured
17179021702,Tazewell County,"Peoria, IL",metro,2245,False,1.76,95461,4.884,8.909,116.0,0.0895,0.042,0.1122,-0.0598,0.1404,5,0.3243,False,False,False,False,measured
55025001902,Dane County,"Madison, WI",metro,1757,False,5.505,92244,2.659,3.934,56.0,0.4028,0.0292,-0.1893,0.1732,-0.0919,5,0.324,True,False,False,False,measured
17121952000,Marion County,"Centralia, IL",micro,1845,False,0.745,64020,7.574,8.995,77.0,0.0046,-0.0831,0.4768,-0.0638,-0.0106,5,0.3238,False,False,False,False,measured
55117010900,Sheboygan County,"Sheboygan, WI",metro,1172,False,-1.519,106852,5.146,0.0,58.0,-0.1848,0.0873,0.1477,0.3574,-0.0842,5,0.3235,True,False,False,False,measured
17089852002,Kane County,"Chicago-Naperville-Elgin, IL-IN",metro,2876,False,1.586,106250,5.101,13.06,151.0,0.0749,0.0849,0.1416,-0.2542,0.2759,5,0.3231,False,False,False,False,measured
17179020400,Tazewell County,"Peoria, IL",metro,2447,True,3.345,47993,4.884,6.997,107.0,0.2221,-0.1468,0.1122,0.0298,0.1055,5,0.3227,False,False,False,False,measured
17113005104,McLean County,"Bloomington, IL",metro,2028,False,2.79,106944,6.799,14.243,79.0,0.1756,0.0877,0.3718,-0.3096,-0.0029,5,0.3226,True,False,False,True,measured
17083010500,Jersey County,"St. Louis, MO-IL",metro,572,False,-2.128,74079,7.132,0.0,35.0,-0.2357,-0.0431,0.4169,0.3574,-0.1732,5,0.3224,False,False,False,False,measured
17031740300,Cook County,"Chicago-Naperville-Elgin, IL-IN",metro,2029,False,2.792,118717,3.233,6.918,103.0,0.1759,0.1345,-0.1116,0.0335,0.09,5,0.3223,False,False,False,True,measured
17197884004,Will County,"Chicago-Naperville-Elgin, IL-IN",metro,1302,True,3.903,80867,4.616,6.899,69.0,0.2687,-0.0161,0.0758,0.0343,-0.0416,5,0.3213,False,False,False,False,measured
55115100500,Shawano County,"Shawano, WI",micro,2205,False,0.657,49344,6.019,6.705,120.0,-0.0028,-0.1415,0.266,0.0434,0.1559,5,0.321,False,False,False,False,measured
17197880701,Will County,"Chicago-Naperville-Elgin, IL-IN",metro,1850,True,-0.332,83229,4.616,3.436,116.0,-0.0854,-0.0067,0.0758,0.1965,0.1404,5,0.3206,True,False,False,False,measured
17175951400,Stark County,"Peoria, IL",metro,1241,False,0.048,60117,5.867,0.0,46.0,-0.0537,-0.0986,0.2455,0.3574,-0.1306,5,0.32,False,False,False,False,measured
17197880326,Will County,"Chicago-Naperville-Elgin, IL-IN",metro,956,False,0.949,128983,4.616,5.329,64.0,0.0216,0.1753,0.0758,0.1079,-0.0609,5,0.3198,True,False,False,False,measured
55079160203,Milwaukee County,"Milwaukee-Waukesha, WI",metro,3114,False,3.494,94145,2.576,6.058,125.0,0.2345,0.0367,-0.2006,0.0737,0.1752,5,0.3196,False,False,False,True,measured
55075961100,Marinette County,"Marinette, WI-MI",micro,2414,False,0.668,71250,6.165,8.216,110.0,-0.0019,-0.0543,0.2858,-0.0273,0.1171,5,0.3195,False,False,False,False,measured
55087010200,Outagamie County,"Appleton, WI",metro,1942,False,2.292,58894,3.366,6.853,169.0,0.134,-0.1035,-0.0936,0.0365,0.3456,5,0.319,False,False,False,False,measured
17161024103,Rock Island County,"Davenport-Moline-Rock Island, IA-IL",metro,1567,False,0.959,96902,5.221,6.382,88.0,0.0225,0.0477,0.1578,0.0586,0.032,5,0.3186,False,False,False,False,measured
55091950200,Pepin County,,rural,1378,False,-1.111,77333,8.629,9.982,77.0,-0.1506,-0.0301,0.6197,-0.11,-0.0106,5,0.3183,False,False,False,False,measured
17089853900,Kane County,"Chicago-Naperville-Elgin, IL-IN",metro,2212,False,0.968,80061,5.101,6.881,115.0,0.0232,-0.0193,0.1416,0.0352,0.1365,5,0.3173,False,False,False,False,measured
17097861011,Lake County,"Chicago-Naperville-Elgin, IL-IN",metro,2424,False,0.095,123690,2.585,4.726,151.0,-0.0497,0.1543,-0.1993,0.1361,0.2759,5,0.3172,False,False,False,True,measured
55115101100,Shawano County,"Shawano, WI",micro,1478,False,0.397,93846,6.019,7.797,92.0,-0.0245,0.0356,0.266,-0.0077,0.0475,5,0.3168,False,False,False,False,measured
55133200202,Waukesha County,"Milwaukee-Waukesha, WI",metro,1937,False,-0.292,83997,5.429,5.842,114.0,-0.0821,-0.0036,0.1861,0.0838,0.1326,5,0.3168,False,False,False,False,measured
17043844002,DuPage County,"Chicago-Naperville-Elgin, IL-IN",metro,1409,False,0.017,233977,3.131,10.911,95.0,-0.0563,0.593,-0.1254,-0.1535,0.0591,5,0.3168,False,False,False,False,measured
55131410100,Washington County,"Milwaukee-Waukesha, WI",metro,2242,False,1.116,93929,4.101,8.921,157.0,0.0356,0.0359,0.0061,-0.0603,0.2991,5,0.3164,False,False,False,False,measured
17197883902,Will County,"Chicago-Naperville-Elgin, IL-IN",metro,2281,False,0.079,102250,4.616,8.768,151.0,-0.0511,0.069,0.0758,-0.0532,0.2759,5,0.3164,False,False,False,False,measured
17091012600,Kankakee County,"Kankakee, IL",metro,1528,False,-2.396,89375,5.833,0.0,69.0,-0.2581,0.0178,0.2408,0.3574,-0.0416,5,0.3163,False,False,False,False,measured
17111870807,McHenry County,"Chicago-Naperville-Elgin, IL-IN",metro,1914,False,0.641,129853,4.254,7.859,112.0,-0.0041,0.1788,0.0269,-0.0106,0.1249,5,0.3158,False,False,False,False,measured
55131450107,Washington County,"Milwaukee-Waukesha, WI",metro,1605,False,0.391,114861,4.101,7.438,133.0,-0.025,0.1192,0.0061,0.0091,0.2062,5,0.3156,True,False,False,False,measured
17197883213,Will County,"Chicago-Naperville-Elgin, IL-IN",metro,2486,False,1.857,81991,4.616,7.024,112.0,0.0976,-0.0116,0.0758,0.0285,0.1249,5,0.3152,False,False,False,False,measured
17099963700,LaSalle County,"Ottawa, IL",micro,2141,False,0.726,74641,6.809,9.653,99.0,0.003,-0.0408,0.3731,-0.0946,0.0746,5,0.3152,False,False,False,False,measured
55055100800,Jefferson County,"Watertown-Fort Atkinson, WI",micro,1461,False,-2.708,101131,7.566,7.632,95.0,-0.2843,0.0645,0.4757,0.0,0.0591,5,0.3151,False,False,False,False,measured
55009020204,Brown County,"Green Bay, WI",metro,2201,False,1.315,124757,2.607,9.087,175.0,0.0523,0.1585,-0.1964,-0.0681,0.3688,5,0.3151,False,False,False,True,measured
17161022000,Rock Island County,"Davenport-Moline-Rock Island, IA-IL",metro,1768,False,1.601,90991,5.221,9.259,114.0,0.0762,0.0242,0.1578,-0.0762,0.1326,5,0.3147,False,False,False,False,measured
55055100100,Jefferson County,"Watertown-Fort Atkinson, WI",micro,2121,False,-3.297,73135,7.566,6.886,127.0,-0.3335,-0.0468,0.4757,0.0349,0.183,5,0.3133,False,False,False,False,measured
55133203802,Waukesha County,"Milwaukee-Waukesha, WI",metro,1999,False,-2.305,142031,5.429,12.469,177.0,-0.2505,0.2272,0.1861,-0.2265,0.3765,5,0.3128,False,False,False,False,measured
55025002700,Dane County,"Madison, WI",metro,1871,True,2.91,78681,2.659,5.577,143.0,0.1857,-0.0248,-0.1893,0.0962,0.2449,5,0.3128,False,False,False,False,measured
17031050900,Cook County,"Chicago-Naperville-Elgin, IL-IN",metro,672,False,4.862,132258,3.233,5.272,22.0,0.349,0.1884,-0.1116,0.1105,-0.2235,5,0.3128,False,False,False,True,measured
17131040100,Mercer County,"Davenport-Moline-Rock Island, IA-IL",metro,1783,False,-2.168,90729,4.568,0.0,106.0,-0.239,0.0232,0.0694,0.3574,0.1017,5,0.3127,True,False,False,False,measured
17031801606,Cook County,"Chicago-Naperville-Elgin, IL-IN",metro,2703,False,1.031,151776,3.233,8.024,118.0,0.0285,0.266,-0.1116,-0.0184,0.1481,5,0.3127,False,False,False,True,measured
17031250500,Cook County,"Chicago-Naperville-Elgin, IL-IN",metro,2890,False,0.939,102237,3.233,4.988,134.0,0.0209,0.0689,-0.1116,0.1239,0.2101,5,0.3122,False,False,False,True,measured
17163503334,St. Clair County,"St. Louis, MO-IL",metro,2617,False,0.104,81237,6.452,12.685,154.0,-0.049,-0.0146,0.3247,-0.2366,0.2875,5,0.3119,False,False,False,False,measured
17161021500,Rock Island County,"Davenport-Moline-Rock Island, IA-IL",metro,2042,False,1.667,79405,5.221,8.128,110.0,0.0817,-0.0219,0.1578,-0.0232,0.1171,5,0.3116,False,False,False,False,measured
17197883206,Will County,"Chicago-Naperville-Elgin, IL-IN",metro,1793,False,2.037,107852,4.616,9.127,106.0,0.1127,0.0913,0.0758,-0.07,0.1017,5,0.3115,False,False,False,False,measured
17007010601,Boone County,"Rockford, IL",metro,1259,False,-1.58,96250,4.976,0.0,73.0,-0.1899,0.0451,0.1246,0.3574,-0.0261,5,0.3112,True,False,False,False,measured
17031820606,Cook County,"Chicago-Naperville-Elgin, IL-IN",metro,1664,False,2.289,100694,3.233,7.121,132.0,0.1337,0.0628,-0.1116,0.0239,0.2023,5,0.3112,False,False,False,True,measured
17031242000,Cook County,"Chicago-Naperville-Elgin, IL-IN",metro,2436,False,3.41,137333,3.233,8.192,83.0,0.2275,0.2085,-0.1116,-0.0262,0.0126,5,0.3109,False,False,False,True,measured
17167001003,Sangamon County,"Springfield, IL",metro,768,False,2.826,100000,7.206,11.596,36.0,0.1787,0.06,0.4269,-0.1856,-0.1693,5,0.3107,False,False,False,False,measured
17031804608,Cook County,"Chicago-Naperville-Elgin, IL-IN",metro,1561,False,1.613,118281,3.233,5.276,106.0,0.0772,0.1328,-0.1116,0.1104,0.1017,5,0.3104,False,False,False,True,measured
17031804902,Cook County,"Chicago-Naperville-Elgin, IL-IN",metro,2129,False,2.927,131714,3.233,8.443,102.0,0.1871,0.1862,-0.1116,-0.038,0.0862,5,0.31,False,False,False,True,measured
55059002604,Kenosha County,"Kenosha, WI",metro,1259,False,1.428,135222,4.613,8.156,79.0,0.0617,0.2001,0.0754,-0.0245,-0.0029,5,0.3099,True,False,False,False,measured
17031808800,Cook County,"Chicago-Naperville-Elgin, IL-IN",metro,1627,False,3.438,169625,3.233,7.948,46.0,0.2299,0.337,-0.1116,-0.0148,-0.1306,5,0.3099,False,False,False,True,measured
55117001000,Sheboygan County,"Sheboygan, WI",metro,2774,False,-1.718,71450,5.146,7.524,186.0,-0.2014,-0.0535,0.1477,0.0051,0.4114,5,0.3093,False,False,False,False,measured
17031801000,Cook County,"Chicago-Naperville-Elgin, IL-IN",metro,2069,False,1.14,163542,3.233,10.454,132.0,0.0377,0.3128,-0.1116,-0.1322,0.2023,5,0.309,False,False,False,True,measured
55133201800,Waukesha County,"Milwaukee-Waukesha, WI",metro,603,False,1.673,108750,5.429,6.008,46.0,0.0822,0.0948,0.1861,0.0761,-0.1306,5,0.3086,False,False,False,False,measured
17097861107,Lake County,"Chicago-Naperville-Elgin, IL-IN",metro,1325,False,0.568,180390,2.585,6.287,99.0,-0.0102,0.3798,-0.1993,0.063,0.0746,5,0.3079,False,False,False,True,measured
55131450105,Washington County,"Milwaukee-Waukesha, WI",metro,1310,False,6.389,100918,4.101,12.667,79.0,0.4767,0.0637,0.0061,-0.2358,-0.0029,5,0.3078,False,False,False,False,measured
17031051200,Cook County,"Chicago-Naperville-Elgin, IL-IN",metro,628,False,1.615,176571,3.233,5.082,43.0,0.0774,0.3646,-0.1116,0.1194,-0.1422,5,0.3076,False,False,False,True,measured
17031805600,Cook County,"Chicago-Naperville-Elgin, IL-IN",metro,1618,False,1.551,190714,3.233,9.153,79.0,0.072,0.4209,-0.1116,-0.0712,-0.0029,5,0.3072,True,False,False,True,measured
55025002000,Dane County,"Madison, WI",metro,3151,False,1.644,81815,2.659,3.79,144.0,0.0798,-0.0123,-0.1893,0.1799,0.2488,5,0.307,False,False,False,False,measured
17111870906,McHenry County,"Chicago-Naperville-Elgin, IL-IN",metro,1914,False,1.578,93284,4.254,6.287,108.0,0.0743,0.0333,0.0269,0.063,0.1094,5,0.3068,True,False,False,False,measured
55029100100,Door County,,rural,1364,False,4.348,77849,7.5,21.818,138.0,0.306,-0.0281,0.4667,-0.6644,0.2255,5,0.3058,False,False,False,False,measured
17143004000,Peoria County,"Peoria, IL",metro,1846,False,0.927,90538,4.713,5.417,98.0,0.0198,0.0224,0.089,0.1037,0.0707,5,0.3056,False,False,False,False,measured
55059002905,Kenosha County,"Kenosha, WI",metro,1563,False,0.336,88550,4.613,8.128,149.0,-0.0296,0.0145,0.0754,-0.0232,0.2681,5,0.3052,False,False,False,False,measured
17091010203,Kankakee County,"Kankakee, IL",metro,1838,False,1.836,81558,5.833,8.538,86.0,0.0959,-0.0133,0.2408,-0.0424,0.0242,5,0.3052,True,False,False,False,measured
55079185600,Milwaukee County,"Milwaukee-Waukesha, WI",metro,1079,True,9.481,41358,2.576,5.056,34.0,0.7354,-0.1732,-0.2006,0.1207,-0.1771,5,0.3051,False,False,False,True,measured
17113002101,McLean County,"Bloomington, IL",metro,2421,True,1.844,47017,6.799,7.185,71.0,0.0966,-0.1507,0.3718,0.0209,-0.0338,5,0.3047,False,False,False,True,measured
17097863801,Lake County,"Chicago-Naperville-Elgin, IL-IN",metro,1997,False,2.201,161832,2.585,9.764,124.0,0.1264,0.306,-0.1993,-0.0998,0.1713,5,0.3046,False,False,False,True,measured
17115002200,Macon County,"Decatur, IL",metro,2161,False,1.962,79250,3.438,4.628,122.0,0.1064,-0.0225,-0.0838,0.1407,0.1636,5,0.3044,False,False,False,False,measured
55079091000,Milwaukee County,"Milwaukee-Waukesha, WI",metro,2102,False,1.409,104174,2.576,4.172,133.0,0.0601,0.0766,-0.2006,0.1621,0.2062,5,0.3044,False,False,False,True,measured
17097863603,Lake County,"Chicago-Naperville-Elgin, IL-IN",metro,1075,False,-0.763,228194,2.585,9.205,113.0,-0.1215,0.57,-0.1993,-0.0736,0.1288,5,0.3043,False,False,False,True,measured
55025002401,Dane County,"Madison, WI",metro,1424,False,0.296,91389,2.659,3.169,155.0,-0.033,0.0258,-0.1893,0.2091,0.2914,5,0.3039,False,False,False,False,measured
17031030500,Cook County,"Chicago-Naperville-Elgin, IL-IN",metro,3120,False,1.251,127055,3.233,4.853,98.0,0.0469,0.1677,-0.1116,0.1302,0.0707,5,0.3039,False,False,False,True,measured
17143004500,Peoria County,"Peoria, IL",metro,1872,True,0.51,62458,4.713,2.991,106.0,-0.015,-0.0893,0.089,0.2174,0.1017,5,0.3037,False,False,False,False,measured
17119401800,Madison County,"St. Louis, MO-IL",metro,2626,False,0.988,72391,3.735,4.67,140.0,0.025,-0.0498,-0.0435,0.1387,0.2333,5,0.3037,False,False,False,False,measured
55025002100,Dane County,"Madison, WI",metro,2587,False,2.097,62284,2.659,4.002,156.0,0.1177,-0.09,-0.1893,0.17,0.2952,5,0.3037,False,False,False,False,measured
17097863300,Lake County,"Chicago-Naperville-Elgin, IL-IN",metro,927,False,1.966,243750,2.585,11.94,71.0,0.1068,0.6319,-0.1993,-0.2018,-0.0338,5,0.3037,False,False,False,True,measured
17031561100,Cook County,"Chicago-Naperville-Elgin, IL-IN",metro,2135,False,2.522,103878,3.233,5.915,107.0,0.1533,0.0755,-0.1116,0.0804,0.1055,5,0.3031,False,False,False,True,measured
17031241200,Cook County,"Chicago-Naperville-Elgin, IL-IN",metro,933,False,4.325,151891,3.233,8.087,45.0,0.304,0.2665,-0.1116,-0.0213,-0.1345,5,0.3031,False,False,False,True,measured
17197884101,Will County,"Chicago-Naperville-Elgin, IL-IN",metro,1706,False,2.84,89828,4.616,5.334,59.0,0.1798,0.0196,0.0758,0.1077,-0.0803,5,0.3026,False,False,False,False,measured
17031804305,Cook County,"Chicago-Naperville-Elgin, IL-IN",metro,2707,False,1.907,79464,3.233,6.558,153.0,0.1018,-0.0216,-0.1116,0.0503,0.2836,5,0.3025,False,False,False,True,measured
55131430100,Washington County,"Milwaukee-Waukesha, WI",metro,2076,False,-1.301,120024,4.101,4.817,129.0,-0.1665,0.1397,0.0061,0.1318,0.1907,5,0.3018,False,False,False,False,measured
17043841310,DuPage County,"Chicago-Naperville-Elgin, IL-IN",metro,1115,False,0.615,208906,3.131,9.271,84.0,-0.0063,0.4933,-0.1254,-0.0768,0.0165,5,0.3012,False,False,False,False,measured
17201003708,Winnebago County,"Rockford, IL",metro,1437,True,3.935,63485,5.151,5.567,46.0,0.2714,-0.0852,0.1484,0.0967,-0.1306,5,0.3007,False,False,False,False,measured
17089854600,Kane County,"Chicago-Naperville-Elgin, IL-IN",metro,1580,True,3.489,68868,5.101,4.594,40.0,0.2342,-0.0638,0.1416,0.1423,-0.1538,5,0.3004,False,False,False,False,measured
55049950200,Iowa County,"Madison, WI",metro,1282,True,-0.124,67976,5.595,0.0,46.0,-0.0681,-0.0673,0.2085,0.3574,-0.1306,5,0.2999,False,False,False,False,measured
17031062500,Cook County,"Chicago-Naperville-Elgin, IL-IN",metro,710,False,-0.084,203333,3.233,5.239,52.0,-0.0648,0.4711,-0.1116,0.1121,-0.1074,5,0.2994,False,False,False,True,measured
55025012400,Dane County,"Madison, WI",metro,1859,False,-1.334,116641,2.659,8.209,224.0,-0.1693,0.1262,-0.1893,-0.027,0.5585,5,0.2991,False,False,False,False,measured
55087012506,Outagamie County,"Appleton, WI",metro,2331,False,3.752,77868,3.366,5.571,97.0,0.2561,-0.028,-0.0936,0.0965,0.0668,5,0.2979,False,False,False,False,measured
55115100900,Shawano County,"Shawano, WI",micro,1606,False,1.254,73207,6.019,8.225,95.0,0.0472,-0.0465,0.266,-0.0278,0.0591,5,0.2979,False,False,False,False,measured
55025012300,Dane County,"Madison, WI",metro,2133,False,-1.257,85057,2.659,6.849,238.0,-0.1628,0.0006,-0.1893,0.0367,0.6127,5,0.2978,False,False,False,False,measured
17031800600,Cook County,"Chicago-Naperville-Elgin, IL-IN",metro,732,False,-0.281,250001,3.233,11.368,82.0,-0.0812,0.6567,-0.1116,-0.175,0.0088,5,0.2977,False,False,False,True,measured
55111001004,Sauk County,"Baraboo, WI",micro,1477,False,3.889,77560,6.347,12.61,75.0,0.2676,-0.0292,0.3105,-0.2331,-0.0183,5,0.2973,True,False,False,False,measured
55105001305,Rock County,"Janesville-Beloit, WI",metro,1349,False,1.281,104306,3.865,8.835,145.0,0.0495,0.0772,-0.0259,-0.0563,0.2526,5,0.2971,True,False,False,False,measured
17161020301,Rock Island County,"Davenport-Moline-Rock Island, IA-IL",metro,2406,False,3.475,69023,5.221,8.892,87.0,0.233,-0.0632,0.1578,-0.059,0.0281,5,0.2967,True,False,False,False,measured
17031839900,Cook County,"Chicago-Naperville-Elgin, IL-IN",metro,2218,False,4.058,108194,3.233,5.365,61.0,0.2817,0.0926,-0.1116,0.1062,-0.0725,5,0.2964,False,False,False,True,measured
17161023100,Rock Island County,"Davenport-Moline-Rock Island, IA-IL",metro,1269,False,2.695,78194,5.221,6.469,65.0,0.1677,-0.0267,0.1578,0.0545,-0.0571,5,0.2962,False,False,False,False,measured
17031160200,Cook County,"Chicago-Naperville-Elgin, IL-IN",metro,1353,False,2.057,132599,3.233,4.623,70.0,0.1144,0.1897,-0.1116,0.141,-0.0377,5,0.2958,False,False,False,True,measured
17197880123,Will County,"Chicago-Naperville-Elgin, IL-IN",metro,1361,False,2.855,110806,4.616,6.628,51.0,0.1811,0.103,0.0758,0.047,-0.1113,5,0.2957,True,False,False,False,measured
17031070400,Cook County,"Chicago-Naperville-Elgin, IL-IN",metro,1558,False,0.155,192955,3.233,6.849,76.0,-0.0448,0.4298,-0.1116,0.0367,-0.0145,5,0.2957,False,False,False,True,measured
55025001804,Dane County,"Madison, WI",metro,2582,False,5.667,60395,2.659,3.117,68.0,0.4163,-0.0975,-0.1893,0.2115,-0.0454,5,0.2956,False,False,False,False,measured
17031820000,Cook County,"Chicago-Naperville-Elgin, IL-IN",metro,676,False,0.603,250001,3.233,11.337,62.0,-0.0073,0.6567,-0.1116,-0.1735,-0.0687,5,0.2956,False,False,False,True,measured
17089854900,Kane County,"Chicago-Naperville-Elgin, IL-IN",metro,2072,True,2.171,57981,5.101,6.634,103.0,0.1239,-0.1071,0.1416,0.0468,0.09,5,0.2952,False,False,False,False,measured
55033970200,Dunn County,"Menomonie, WI",micro,2014,False,1.024,76726,4.562,5.872,118.0,0.0279,-0.0325,0.0686,0.0824,0.1481,5,0.2945,False,False,False,False,measured
17197883516,Will County,"Chicago-Naperville-Elgin, IL-IN",metro,2397,False,-0.241,163417,4.616,16.34,181.0,-0.0779,0.3123,0.0758,-0.4078,0.392,5,0.2945,False,False,False,False,measured
17031081600,Cook County,"Chicago-Naperville-Elgin, IL-IN",metro,2976,False,2.402,145500,3.233,9.337,106.0,0.1432,0.241,-0.1116,-0.0799,0.1017,5,0.2945,False,False,False,True,measured
17097864410,Lake County,"Chicago-Naperville-Elgin, IL-IN",metro,1683,False,-0.198,172375,2.585,6.928,128.0,-0.0742,0.3479,-0.1993,0.033,0.1868,5,0.2942,False,False,False,True,measured
17097864517,Lake County,"Chicago-Naperville-Elgin, IL-IN",metro,1050,False,0.024,205142,2.585,5.734,75.0,-0.0557,0.4783,-0.1993,0.0889,-0.0183,5,0.2938,False,False,False,True,measured
17197883700,Will County,"Chicago-Naperville-Elgin, IL-IN",metro,1686,True,3.898,65037,4.616,4.976,55.0,0.2683,-0.079,0.0758,0.1244,-0.0958,5,0.2938,False,False,False,False,measured
55111000101,Sauk County,"Baraboo, WI",micro,620,False,2.246,84704,6.347,7.484,40.0,0.1301,-0.0008,0.3105,0.0069,-0.1538,5,0.2929,True,False,False,False,measured
17031080201,Cook County,"Chicago-Naperville-Elgin, IL-IN",metro,2396,False,1.648,120409,3.233,8.952,143.0,0.0801,0.1412,-0.1116,-0.0618,0.2449,5,0.2929,False,False,False,True,measured
17031836200,Cook County,"Chicago-Naperville-Elgin, IL-IN",metro,128,False,2.524,158889,3.233,2.145,2.0,0.1534,0.2943,-0.1116,0.257,-0.301,5,0.2922,False,False,False,True,measured
55133202301,Waukesha County,"Milwaukee-Waukesha, WI",metro,1682,False,-2.253,111563,5.429,6.397,128.0,-0.2462,0.106,0.1861,0.0578,0.1868,5,0.2906,False,False,False,False,measured
55075960200,Marinette County,"Marinette, WI-MI",micro,1702,True,-0.926,48529,6.165,5.875,132.0,-0.1351,-0.1447,0.2858,0.0823,0.2023,5,0.2906,False,False,False,False,measured
55085970400,Oneida County,,rural,1294,False,3.112,68333,5.104,5.832,61.0,0.2026,-0.0659,0.142,0.0843,-0.0725,5,0.2905,False,False,False,False,measured
17031243300,Cook County,"Chicago-Naperville-Elgin, IL-IN",metro,1416,False,4.286,128000,3.233,8.743,75.0,0.3008,0.1714,-0.1116,-0.052,-0.0183,5,0.2902,False,False,False,True,measured
17031830900,Cook County,"Chicago-Naperville-Elgin, IL-IN",metro,1372,False,1.335,150288,3.233,4.965,70.0,0.0539,0.2601,-0.1116,0.1249,-0.0377,5,0.2897,False,False,False,True,measured
55139002002,Winnebago County,"Oshkosh-Neenah, WI",metro,1954,False,1.747,94082,1.083,0.0,134.0,0.0884,0.0365,-0.4029,0.3574,0.2101,5,0.2895,True,False,False,False,measured
17197881109,Will County,"Chicago-Naperville-Elgin, IL-IN",metro,1457,False,-0.408,131006,4.616,7.444,109.0,-0.0918,0.1834,0.0758,0.0088,0.1133,5,0.2895,False,False,False,False,measured
55089630201,Ozaukee County,"Milwaukee-Waukesha, WI",metro,2088,False,1.531,83125,2.924,3.358,126.0,0.0703,-0.0071,-0.1535,0.2002,0.1791,5,0.289,False,False,False,False,measured
17097861108,Lake County,"Chicago-Naperville-Elgin, IL-IN",metro,2161,False,-0.438,128225,2.585,5.009,154.0,-0.0944,0.1723,-0.1993,0.1229,0.2875,5,0.289,False,False,False,True,measured
55063000401,La Crosse County,"La Crosse-Onalaska, WI-MN",metro,820,True,0.476,48021,8.411,5.539,19.0,-0.0179,-0.1467,0.5902,0.098,-0.2351,5,0.2885,True,False,False,False,measured
55117001100,Sheboygan County,"Sheboygan, WI",metro,1629,False,1.718,74054,5.146,7.054,98.0,0.086,-0.0432,0.1477,0.0271,0.0707,5,0.2883,False,False,False,False,measured
17019001205,Champaign County,"Champaign-Urbana, IL",metro,3378,False,3.106,102027,3.725,10.367,129.0,0.2021,0.0681,-0.0448,-0.1281,0.1907,5,0.2879,False,False,False,False,measured
17089852004,Kane County,"Chicago-Naperville-Elgin, IL-IN",metro,994,False,-1.801,159360,5.101,10.042,124.0,-0.2084,0.2962,0.1416,-0.1129,0.1713,5,0.2879,True,False,False,False,measured
17031804506,Cook County,"Chicago-Naperville-Elgin, IL-IN",metro,1949,False,1.518,128170,3.233,7.014,113.0,0.0693,0.1721,-0.1116,0.029,0.1288,5,0.2876,False,False,False,True,measured
17031829800,Cook County,"Chicago-Naperville-Elgin, IL-IN",metro,2339,False,-1.236,135365,3.233,8.412,182.0,-0.1611,0.2007,-0.1116,-0.0365,0.3959,5,0.2875,False,False,False,True,measured
17031171000,Cook County,"Chicago-Naperville-Elgin, IL-IN",metro,2763,False,2.417,86597,3.233,5.339,116.0,0.1445,0.0067,-0.1116,0.1074,0.1404,5,0.2874,False,False,False,True,measured
55111000303,Sauk County,"Baraboo, WI",micro,985,False,2.089,71550,6.347,7.035,50.0,0.117,-0.0531,0.3105,0.028,-0.1151,5,0.2872,True,False,False,False,measured
17043844702,DuPage County,"Chicago-Naperville-Elgin, IL-IN",metro,1832,False,-0.835,226184,3.131,11.597,122.0,-0.1276,0.562,-0.1254,-0.1857,0.1636,5,0.2869,False,False,False,False,measured
17113000301,McLean County,"Bloomington, IL",metro,1851,False,2.577,58377,6.799,9.194,63.0,0.1578,-0.1055,0.3718,-0.0731,-0.0648,5,0.2862,False,False,False,True,measured
17119401200,Madison County,"St. Louis, MO-IL",metro,942,False,4.915,71250,3.735,3.698,40.0,0.3534,-0.0543,-0.0435,0.1842,-0.1538,5,0.286,True,False,False,False,measured
17111871115,McHenry County,"Chicago-Naperville-Elgin, IL-IN",metro,1396,True,0.901,99800,4.254,6.249,110.0,0.0177,0.0592,0.0269,0.0648,0.1171,5,0.2857,True,False,False,False,measured
55089620100,Ozaukee County,"Milwaukee-Waukesha, WI",metro,2549,False,0.705,82917,2.924,3.923,150.0,0.0012,-0.0079,-0.1535,0.1737,0.272,5,0.2856,False,False,False,False,measured
55133203308,Waukesha County,"Milwaukee-Waukesha, WI",metro,1776,False,3.535,72455,5.429,8.566,68.0,0.2379,-0.0495,0.1861,-0.0437,-0.0454,5,0.2853,True,False,False,False,measured
17097863202,Lake County,"Chicago-Naperville-Elgin, IL-IN",metro,2019,False,1.766,163190,2.585,9.785,127.0,0.09,0.3114,-0.1993,-0.1008,0.183,5,0.2842,False,False,False,True,measured
17031828505,Cook County,"Chicago-Naperville-Elgin, IL-IN",metro,2527,False,-0.723,105748,3.233,3.247,138.0,-0.1182,0.0829,-0.1116,0.2054,0.2255,5,0.2841,False,False,False,True,measured
17031804313,Cook County,"Chicago-Naperville-Elgin, IL-IN",metro,2129,False,-0.427,130869,3.233,5.519,133.0,-0.0934,0.1828,-0.1116,0.099,0.2062,5,0.283,True,False,False,True,measured
17019000902,Champaign County,"Champaign-Urbana, IL",metro,2909,False,0.263,75852,3.725,8.056,188.0,-0.0357,-0.036,-0.0448,-0.0198,0.4191,5,0.2827,False,False,False,False,measured
55005000900,Barron County,"Rice Lake, WI",micro,2031,False,1.655,67540,6.002,10.229,113.0,0.0807,-0.0691,0.2637,-0.1216,0.1288,5,0.2825,False,False,False,False,measured
17163503415,St. Clair County,"St. Louis, MO-IL",metro,1181,False,0.756,72182,6.452,8.26,88.0,0.0055,-0.0506,0.3247,-0.0294,0.032,5,0.2821,True,False,False,False,measured
55063000402,La Crosse County,"La Crosse-Onalaska, WI-MN",metro,1525,True,0.476,31938,8.411,4.557,22.0,-0.0179,-0.2107,0.5902,0.144,-0.2235,5,0.2821,True,False,False,False,measured
17167002100,Sangamon County,"Springfield, IL",metro,1596,False,-0.963,96207,7.206,11.324,111.0,-0.1383,0.045,0.4269,-0.1729,0.121,5,0.2817,True,False,False,False,measured
17143003602,Peoria County,"Peoria, IL",metro,2589,False,2.902,66014,4.713,7.97,105.0,0.185,-0.0752,0.089,-0.0158,0.0978,5,0.2808,False,False,False,False,measured
17043841114,DuPage County,"Chicago-Naperville-Elgin, IL-IN",metro,1889,False,2.402,130316,3.131,6.564,88.0,0.1432,0.1806,-0.1254,0.05,0.032,5,0.2804,False,False,False,False,measured
17097864602,Lake County,"Chicago-Naperville-Elgin, IL-IN",metro,1226,False,-2.079,250001,2.585,8.974,110.0,-0.2316,0.6567,-0.1993,-0.0628,0.1171,5,0.2801,False,False,False,True,measured
17043846304,DuPage County,"Chicago-Naperville-Elgin, IL-IN",metro,1966,False,-2.073,177831,3.131,5.674,125.0,-0.2311,0.3696,-0.1254,0.0917,0.1752,5,0.2801,False,False,False,False,measured
17179021603,Tazewell County,"Peoria, IL",metro,2201,False,0.617,126650,4.884,11.708,131.0,-0.0061,0.1661,0.1122,-0.1909,0.1984,5,0.2797,False,False,False,False,measured
55131420200,Washington County,"Milwaukee-Waukesha, WI",metro,2746,False,2.868,68281,4.101,8.85,135.0,0.1822,-0.0661,0.0061,-0.057,0.2139,5,0.279,False,False,False,False,measured
55087010700,Outagamie County,"Appleton, WI",metro,1942,True,1.465,79583,3.366,5.097,134.0,0.0648,-0.0212,-0.0936,0.1187,0.2101,5,0.2789,False,False,False,False,measured
55057100301,Juneau County,,rural,681,False,2.505,69028,6.642,9.349,59.0,0.1519,-0.0632,0.3505,-0.0804,-0.0803,5,0.2785,True,False,False,False,measured
55025011700,Dane County,"Madison, WI",metro,1468,False,-0.589,136923,2.659,3.852,129.0,-0.107,0.2069,-0.1893,0.177,0.1907,5,0.2784,True,False,False,False,measured
55025000501,Dane County,"Madison, WI",metro,1988,False,0.081,99159,2.659,5.327,171.0,-0.051,0.0567,-0.1893,0.108,0.3533,5,0.2777,False,False,False,False,measured
17031480400,Cook County,"Chicago-Naperville-Elgin, IL-IN",metro,2359,False,1.619,70232,3.233,3.067,120.0,0.0777,-0.0584,-0.1116,0.2138,0.1559,5,0.2774,False,False,False,True,measured
55137960201,Waushara County,,rural,691,False,3.232,73036,6.558,9.039,38.0,0.2127,-0.0472,0.3391,-0.0659,-0.1616,5,0.2771,True,False,False,False,measured
17073030400,Henry County,"Davenport-Moline-Rock Island, IA-IL",metro,1080,False,1.087,71327,4.778,0.0,39.0,0.0332,-0.054,0.0979,0.3574,-0.1577,5,0.2768,False,False,False,False,measured
55021970402,Columbia County,"Madison, WI",metro,1589,True,-0.564,76750,6.307,9.464,130.0,-0.1049,-0.0324,0.3051,-0.0858,0.1946,5,0.2765,True,False,False,False,measured
17031832500,Cook County,"Chicago-Naperville-Elgin, IL-IN",metro,1555,False,2.313,153839,3.233,7.958,78.0,0.1358,0.2742,-0.1116,-0.0152,-0.0067,5,0.2764,False,False,False,True,measured
17097860105,Lake County,"Chicago-Naperville-Elgin, IL-IN",metro,1822,False,1.386,78397,2.585,2.405,131.0,0.0582,-0.0259,-0.1993,0.2448,0.1984,5,0.2762,True,False,False,True,measured
17031823602,Cook County,"Chicago-Naperville-Elgin, IL-IN",metro,2896,False,0.59,85351,3.233,5.95,161.0,-0.0083,0.0018,-0.1116,0.0788,0.3146,5,0.2753,False,False,False,True,measured
17031802701,Cook County,"Chicago-Naperville-Elgin, IL-IN",metro,2086,False,-1.494,160658,3.233,6.314,133.0,-0.1826,0.3013,-0.1116,0.0617,0.2062,5,0.275,False,False,False,True,measured
17097864513,Lake County,"Chicago-Naperville-Elgin, IL-IN",metro,2324,False,1.765,170278,2.585,9.019,108.0,0.09,0.3396,-0.1993,-0.0649,0.1094,5,0.2747,True,False,False,True,measured
55079150100,Milwaukee County,"Milwaukee-Waukesha, WI",metro,3676,False,0.237,92083,2.576,7.396,202.0,-0.0379,0.0285,-0.2006,0.0111,0.4733,5,0.2745,False,False,False,True,measured
17065973100,Hamilton County,,rural,1404,False,1.288,46981,7.92,7.022,34.0,0.05,-0.1509,0.5237,0.0286,-0.1771,5,0.2744,False,False,False,False,measured
17043841206,DuPage County,"Chicago-Naperville-Elgin, IL-IN",metro,2120,False,2.765,105100,3.131,7.533,116.0,0.1736,0.0803,-0.1254,0.0047,0.1404,5,0.2735,True,False,False,False,measured
17197880430,Will County,"Chicago-Naperville-Elgin, IL-IN",metro,1098,False,0.681,150179,4.616,7.9,67.0,-0.0008,0.2596,0.0758,-0.0125,-0.0493,5,0.2729,True,False,False,False,measured
17197880502,Will County,"Chicago-Naperville-Elgin, IL-IN",metro,1843,False,0.351,96033,4.616,6.441,112.0,-0.0283,0.0443,0.0758,0.0558,0.1249,5,0.2725,False,False,False,False,measured
55033970500,Dunn County,"Menomonie, WI",micro,2807,False,0.403,73307,4.562,7.59,150.0,-0.024,-0.0461,0.0686,0.002,0.272,5,0.2724,False,False,False,False,measured
17043846314,DuPage County,"Chicago-Naperville-Elgin, IL-IN",metro,1659,False,3.076,130925,3.131,6.535,70.0,0.1996,0.1831,-0.1254,0.0514,-0.0377,5,0.2709,False,False,False,False,measured
55079187400,Milwaukee County,"Milwaukee-Waukesha, WI",metro,2502,False,3.234,136324,2.576,4.938,61.0,0.2128,0.2045,-0.2006,0.1262,-0.0725,5,0.2704,False,False,False,True,measured
17163503413,St. Clair County,"St. Louis, MO-IL",metro,2551,False,1.102,82938,6.452,13.435,129.0,0.0344,-0.0078,0.3247,-0.2718,0.1907,5,0.2702,False,False,False,False,measured
17043846411,DuPage County,"Chicago-Naperville-Elgin, IL-IN",metro,2284,False,4.022,115190,3.131,7.651,79.0,0.2788,0.1205,-0.1254,-0.0009,-0.0029,5,0.27,False,False,False,False,measured
55025001402,Dane County,"Madison, WI",metro,2631,True,4.619,66055,2.659,4.755,98.0,0.3286,-0.075,-0.1893,0.1347,0.0707,5,0.2698,False,False,False,False,measured
17031063200,Cook County,"Chicago-Naperville-Elgin, IL-IN",metro,4821,False,2.757,79782,3.233,6.502,125.0,0.1729,-0.0204,-0.1116,0.053,0.1752,5,0.2691,False,False,False,True,measured
17043845809,DuPage County,"Chicago-Naperville-Elgin, IL-IN",metro,1669,False,1.013,140026,3.131,7.221,113.0,0.027,0.2193,-0.1254,0.0193,0.1288,5,0.2689,False,False,False,False,measured
17097864601,Lake County,"Chicago-Naperville-Elgin, IL-IN",metro,1215,False,-1.655,250001,2.585,9.073,99.0,-0.1961,0.6567,-0.1993,-0.0675,0.0746,5,0.2684,False,False,False,True,measured
17007010300,Boone County,"Rockford, IL",metro,2657,False,2.165,59504,4.976,7.542,110.0,0.1234,-0.101,0.1246,0.0042,0.1171,5,0.2684,False,False,False,False,measured
17031411100,Cook County,"Chicago-Naperville-Elgin, IL-IN",metro,988,False,3.101,117500,3.233,1.991,24.0,0.2016,0.1297,-0.1116,0.2642,-0.2158,5,0.2681,False,False,False,True,measured
55059000604,Kenosha County,"Kenosha, WI",metro,1743,False,0.792,82760,4.613,4.049,86.0,0.0086,-0.0085,0.0754,0.1678,0.0242,5,0.2675,True,False,False,False,measured
55009001801,Brown County,"Green Bay, WI",metro,2248,False,1.753,79485,2.607,2.678,122.0,0.0889,-0.0216,-0.1964,0.232,0.1636,5,0.2666,False,False,False,True,measured
55017011200,Chippewa County,"Eau Claire, WI",metro,2622,False,-1.537,68897,7.827,11.442,127.0,-0.1862,-0.0637,0.511,-0.1784,0.183,5,0.2657,False,False,False,False,measured
17085020300,Jo Daviess County,,rural,2599,False,4.477,75060,5.248,13.439,105.0,0.3168,-0.0392,0.1616,-0.272,0.0978,5,0.265,False,False,False,False,measured
17031824702,Cook County,"Chicago-Naperville-Elgin, IL-IN",metro,2365,False,3.153,67316,3.233,4.432,103.0,0.206,-0.07,-0.1116,0.1499,0.09,5,0.2644,False,False,False,True,measured
17043846513,DuPage County,"Chicago-Naperville-Elgin, IL-IN",metro,1010,False,2.347,133152,3.131,6.721,84.0,0.1386,0.1919,-0.1254,0.0427,0.0165,5,0.2642,False,False,False,False,measured
17031691000,Cook County,"Chicago-Naperville-Elgin, IL-IN",metro,1243,True,3.973,77612,3.233,2.653,53.0,0.2746,-0.029,-0.1116,0.2332,-0.1035,5,0.2637,False,False,False,True,measured
17031803008,Cook County,"Chicago-Naperville-Elgin, IL-IN",metro,1701,False,0.453,173309,3.233,8.061,96.0,-0.0198,0.3517,-0.1116,-0.0201,0.0629,5,0.2632,False,False,False,True,measured
17097864107,Lake County,"Chicago-Naperville-Elgin, IL-IN",metro,1820,False,1.301,129094,2.585,6.012,121.0,0.0511,0.1758,-0.1993,0.0759,0.1597,5,0.2631,False,False,False,True,measured
17043846201,DuPage County,"Chicago-Naperville-Elgin, IL-IN",metro,2378,False,1.443,129103,3.131,6.774,108.0,0.063,0.1758,-0.1254,0.0402,0.1094,5,0.2629,False,False,False,False,measured
17179020302,Tazewell County,"Peoria, IL",metro,2093,False,0.69,70432,4.884,5.78,111.0,0.0,-0.0576,0.1122,0.0867,0.121,5,0.2624,False,False,False,False,measured
17089852201,Kane County,"Chicago-Naperville-Elgin, IL-IN",metro,2201,False,2.772,112054,5.101,14.407,120.0,0.1742,0.108,0.1416,-0.3173,0.1559,5,0.2623,False,False,False,False,measured
17031824503,Cook County,"Chicago-Naperville-Elgin, IL-IN",metro,2842,False,-0.161,95761,3.233,7.837,186.0,-0.0712,0.0432,-0.1116,-0.0096,0.4114,5,0.2622,False,False,False,True,measured
17097862000,Lake County,"Chicago-Naperville-Elgin, IL-IN",metro,2253,True,5.51,73165,2.585,4.176,65.0,0.4032,-0.0467,-0.1993,0.1619,-0.0571,5,0.262,False,False,False,True,measured
17097860903,Lake County,"Chicago-Naperville-Elgin, IL-IN",metro,2835,True,2.375,58894,2.585,4.565,152.0,0.141,-0.1035,-0.1993,0.1437,0.2797,5,0.2616,False,False,False,True,measured
55087013200,Outagamie County,"Appleton, WI",metro,1495,False,-0.386,80393,3.366,0.0,107.0,-0.09,-0.018,-0.0936,0.3574,0.1055,5,0.2615,False,False,False,False,measured
17031062300,Cook County,"Chicago-Naperville-Elgin, IL-IN",metro,610,False,-3.208,250001,3.233,5.35,63.0,-0.326,0.6567,-0.1116,0.1069,-0.0648,5,0.2612,False,False,False,True,measured
55067960300,Langlade County,,rural,906,False,-3.667,78684,7.688,4.114,78.0,-0.3645,-0.0248,0.4923,0.1648,-0.0067,5,0.2611,True,False,False,False,measured
17167003902,Sangamon County,"Springfield, IL",metro,1499,False,-0.186,118651,7.206,13.342,90.0,-0.0732,0.1342,0.4269,-0.2674,0.0397,5,0.2602,False,False,False,False,measured
55083101000,Oconto County,"Green Bay, WI",metro,1931,True,2.246,72292,3.242,5.179,125.0,0.1302,-0.0502,-0.1104,0.1149,0.1752,5,0.2598,False,False,False,False,measured
17031260200,Cook County,"Chicago-Naperville-Elgin, IL-IN",metro,423,True,8.294,49250,3.233,4.411,9.0,0.6361,-0.1418,-0.1116,0.1509,-0.2739,5,0.2597,False,False,False,True,measured
17031050300,Cook County,"Chicago-Naperville-Elgin, IL-IN",metro,1204,False,2.484,151630,3.233,5.209,39.0,0.1501,0.2654,-0.1116,0.1135,-0.1577,5,0.2597,False,False,False,True,measured
55039041101,Fond du Lac County,"Fond du Lac, WI",metro,1842,False,0.351,74432,5.907,9.205,119.0,-0.0284,-0.0417,0.2508,-0.0737,0.152,5,0.2591,True,False,False,False,measured
17163503101,St. Clair County,"St. Louis, MO-IL",metro,865,False,-2.343,112740,6.452,3.609,51.0,-0.2537,0.1107,0.3247,0.1884,-0.1113,5,0.2589,True,False,False,False,measured
17083010200,Jersey County,"St. Louis, MO-IL",metro,1226,False,-1.316,91111,7.132,8.157,82.0,-0.1678,0.0247,0.4169,-0.0246,0.0088,5,0.258,False,False,False,False,measured
17119403200,Madison County,"St. Louis, MO-IL",metro,2243,True,3.117,59967,3.735,7.239,126.0,0.203,-0.0992,-0.0435,0.0184,0.1791,5,0.2579,False,False,False,False,measured
17031801300,Cook County,"Chicago-Naperville-Elgin, IL-IN",metro,1736,False,1.081,190313,3.233,9.004,75.0,0.0327,0.4193,-0.1116,-0.0643,-0.0183,5,0.2578,False,False,False,True,measured
17113001500,McLean County,"Bloomington, IL",metro,999,True,3.92,47250,6.799,9.025,36.0,0.2702,-0.1498,0.3718,-0.0652,-0.1693,5,0.2576,False,False,False,True,measured
17031802100,Cook County,"Chicago-Naperville-Elgin, IL-IN",metro,1251,False,1.554,180739,3.233,9.87,85.0,0.0723,0.3812,-0.1116,-0.1048,0.0204,5,0.2575,False,False,False,True,measured
17051950700,Fayette County,,rural,1978,False,4.047,83214,6.622,13.948,62.0,0.2808,-0.0067,0.3478,-0.2958,-0.0687,5,0.2574,False,False,False,False,measured
17031411000,Cook County,"Chicago-Naperville-Elgin, IL-IN",metro,2541,False,5.309,70893,3.233,1.96,21.0,0.3864,-0.0557,-0.1116,0.2657,-0.2274,5,0.2573,False,False,False,True,measured
17019005500,Champaign County,"Champaign-Urbana, IL",metro,2429,True,2.385,64267,3.725,4.546,105.0,0.1418,-0.0821,-0.0448,0.1445,0.0978,5,0.2572,False,False,False,False,measured
55069960600,Lincoln County,,rural,1786,False,-0.284,91004,5.781,8.005,105.0,-0.0815,0.0243,0.2338,-0.0174,0.0978,5,0.2569,False,False,False,False,measured
55045960500,Green County,"Madison, WI",metro,1910,True,2.313,74435,4.862,7.176,88.0,0.1358,-0.0417,0.1093,0.0214,0.032,5,0.2568,False,False,False,False,measured
17043842100,DuPage County,"Chicago-Naperville-Elgin, IL-IN",metro,2239,False,-0.437,140750,3.131,8.598,157.0,-0.0943,0.2221,-0.1254,-0.0452,0.2991,5,0.2563,False,False,False,False,measured
17031801902,Cook County,"Chicago-Naperville-Elgin, IL-IN",metro,1258,False,1.882,203646,3.233,12.509,86.0,0.0998,0.4723,-0.1116,-0.2284,0.0242,5,0.2563,False,False,False,True,measured
55079160202,Milwaukee County,"Milwaukee-Waukesha, WI",metro,3057,False,-0.253,103447,2.576,5.48,173.0,-0.0789,0.0738,-0.2006,0.1008,0.361,5,0.2561,False,False,False,True,measured
17043844401,DuPage County,"Chicago-Naperville-Elgin, IL-IN",metro,1485,False,3.382,167708,3.131,11.366,80.0,0.2252,0.3294,-0.1254,-0.1748,0.001,5,0.2553,True,False,False,False,measured
17031805502,Cook County,"Chicago-Naperville-Elgin, IL-IN",metro,1703,False,1.443,162358,3.233,8.901,94.0,0.063,0.3081,-0.1116,-0.0594,0.0552,5,0.2553,True,False,False,True,measured
17201002200,Winnebago County,"Rockford, IL",metro,1458,True,2.783,40655,5.151,3.039,52.0,0.1751,-0.176,0.1484,0.2151,-0.1074,5,0.2552,False,False,False,False,measured
17027900401,Clinton County,"St. Louis, MO-IL",metro,573,False,-1.176,83315,5.921,0.0,30.0,-0.1561,-0.0063,0.2527,0.3574,-0.1926,5,0.2552,False,False,False,False,measured
55009010100,Brown County,"Green Bay, WI",metro,2709,False,1.071,97713,2.607,9.208,194.0,0.0319,0.0509,-0.1964,-0.0738,0.4423,5,0.255,False,False,False,True,measured
17201001500,Winnebago County,"Rockford, IL",metro,2320,False,0.454,48129,5.151,6.143,132.0,-0.0197,-0.1463,0.1484,0.0698,0.2023,5,0.2545,False,False,False,False,measured
17031803013,Cook County,"Chicago-Naperville-Elgin, IL-IN",metro,2467,False,2.789,104564,3.233,7.657,109.0,0.1756,0.0782,-0.1116,-0.0012,0.1133,5,0.2543,False,False,False,True,measured
17111870404,McHenry County,"Chicago-Naperville-Elgin, IL-IN",metro,1515,False,0.682,114055,4.254,6.831,99.0,-0.0007,0.1159,0.0269,0.0375,0.0746,5,0.2542,True,False,False,False,measured
17031040100,Cook County,"Chicago-Naperville-Elgin, IL-IN",metro,1974,False,3.676,90952,3.233,4.863,70.0,0.2498,0.024,-0.1116,0.1297,-0.0377,5,0.2542,False,False,False,True,measured
55059001000,Kenosha County,"Kenosha, WI",metro,1636,True,5.461,56875,4.613,5.277,23.0,0.3991,-0.1115,0.0754,0.1103,-0.2197,5,0.2537,False,False,False,False,measured
17031803400,Cook County,"Chicago-Naperville-Elgin, IL-IN",metro,2183,False,-0.874,134260,3.233,8.282,165.0,-0.1308,0.1963,-0.1116,-0.0304,0.3301,5,0.2535,False,False,False,True,measured
17111871310,McHenry County,"Chicago-Naperville-Elgin, IL-IN",metro,1665,False,-0.22,135040,4.254,7.186,101.0,-0.0761,0.1994,0.0269,0.0209,0.0823,5,0.2534,False,False,False,False,measured
55087010601,Outagamie County,"Appleton, WI",metro,1770,False,3.238,71029,3.366,5.44,102.0,0.2132,-0.0552,-0.0936,0.1027,0.0862,5,0.2532,True,False,False,False,measured
17043841209,DuPage County,"Chicago-Naperville-Elgin, IL-IN",metro,1669,False,4.05,92210,3.131,7.188,92.0,0.2811,0.0291,-0.1254,0.0208,0.0475,5,0.253,True,False,False,False,measured
55075960600,Marinette County,"Marinette, WI-MI",micro,1244,False,1.304,59457,6.165,7.625,84.0,0.0514,-0.1012,0.2858,0.0003,0.0165,5,0.2528,False,False,False,False,measured
17031150300,Cook County,"Chicago-Naperville-Elgin, IL-IN",metro,3251,False,2.382,89097,3.233,5.073,102.0,0.1415,0.0167,-0.1116,0.1199,0.0862,5,0.2527,False,False,False,True,measured
55079060200,Milwaukee County,"Milwaukee-Waukesha, WI",metro,2702,False,1.565,65466,2.576,4.417,159.0,0.0732,-0.0773,-0.2006,0.1506,0.3068,5,0.2526,True,False,False,True,measured
55025011403,Dane County,"Madison, WI",metro,1376,False,2.312,114494,2.659,5.617,104.0,0.1357,0.1177,-0.1893,0.0944,0.0939,5,0.2524,True,False,False,False,measured
55039041000,Fond du Lac County,"Fond du Lac, WI",metro,1515,False,2.264,56725,5.907,6.964,67.0,0.1317,-0.1121,0.2508,0.0313,-0.0493,5,0.2523,True,False,False,False,measured
55079120400,Milwaukee County,"Milwaukee-Waukesha, WI",metro,3219,False,2.12,65389,2.576,5.502,160.0,0.1196,-0.0776,-0.2006,0.0998,0.3107,5,0.2519,False,False,False,True,measured
17111870904,McHenry County,"Chicago-Naperville-Elgin, IL-IN",metro,2036,False,2.008,91742,4.254,8.843,117.0,0.1103,0.0272,0.0269,-0.0567,0.1442,5,0.2519,False,False,False,False,measured
17113001600,McLean County,"Bloomington, IL",metro,1644,True,4.473,32596,6.799,8.65,33.0,0.3164,-0.2081,0.3718,-0.0477,-0.1809,5,0.2515,False,False,False,True,measured
17031824122,Cook County,"Chicago-Naperville-Elgin, IL-IN",metro,2309,False,-0.292,150388,3.233,10.572,163.0,-0.0821,0.2605,-0.1116,-0.1377,0.3223,5,0.2514,False,False,False,True,measured
17089853006,Kane County,"Chicago-Naperville-Elgin, IL-IN",metro,1264,True,1.163,90982,5.101,6.273,75.0,0.0396,0.0242,0.1416,0.0637,-0.0183,5,0.2506,False,False,False,False,measured
55087012903,Outagamie County,"Appleton, WI",metro,1075,False,0.71,115774,3.366,4.454,98.0,0.0017,0.1228,-0.0936,0.1488,0.0707,5,0.2504,True,False,False,False,measured
17201003601,Winnebago County,"Rockford, IL",metro,780,False,0.734,101700,5.151,3.273,35.0,0.0037,0.0668,0.1484,0.2042,-0.1732,5,0.2498,False,False,False,False,measured
17097865501,Lake County,"Chicago-Naperville-Elgin, IL-IN",metro,1200,False,8.242,105250,2.585,9.571,35.0,0.6317,0.0809,-0.1993,-0.0908,-0.1732,5,0.2493,False,False,False,True,measured
17141961200,Ogle County,"Rochelle, IL",micro,2696,False,3.197,86300,3.917,10.675,130.0,0.2097,0.0055,-0.0189,-0.1425,0.1946,5,0.2484,True,False,False,False,measured
17031050600,Cook County,"Chicago-Naperville-Elgin, IL-IN",metro,1198,False,2.267,137083,3.233,5.647,61.0,0.1319,0.2076,-0.1116,0.093,-0.0725,5,0.2483,False,False,False,True,measured
17117956800,Macoupin County,"St. Louis, MO-IL",metro,1022,True,-2.584,69152,6.611,0.0,49.0,-0.2738,-0.0627,0.3463,0.3574,-0.119,5,0.2482,False,False,False,False,measured
55025012201,Dane County,"Madison, WI",metro,1144,False,5.799,85750,2.659,6.849,72.0,0.4274,0.0034,-0.1893,0.0367,-0.03,5,0.2482,False,False,False,False,measured
55059001700,Kenosha County,"Kenosha, WI",metro,1084,False,2.707,84545,4.613,6.645,69.0,0.1688,-0.0014,0.0754,0.0462,-0.0416,5,0.2474,False,False,False,False,measured
55127001608,Walworth County,"Whitewater-Elkhorn, WI",micro,1090,False,0.03,66339,6.687,7.483,83.0,-0.0552,-0.0739,0.3566,0.007,0.0126,5,0.2471,True,False,False,False,measured
55117010602,Sheboygan County,"Sheboygan, WI",metro,1979,False,1.582,65368,5.146,6.639,94.0,0.0746,-0.0777,0.1477,0.0465,0.0552,5,0.2464,False,False,False,False,measured
17031806700,Cook County,"Chicago-Naperville-Elgin, IL-IN",metro,1625,False,2.433,124803,3.233,7.261,89.0,0.1458,0.1587,-0.1116,0.0174,0.0359,5,0.2461,False,False,False,True,measured
55087011501,Outagamie County,"Appleton, WI",metro,1368,True,1.98,84722,3.366,6.33,124.0,0.1079,-0.0007,-0.0936,0.061,0.1713,5,0.246,False,False,False,False,measured
17031800900,Cook County,"Chicago-Naperville-Elgin, IL-IN",metro,1714,False,3.488,145208,3.233,10.305,82.0,0.234,0.2399,-0.1116,-0.1252,0.0088,5,0.2459,False,False,False,True,measured
55127001503,Walworth County,"Whitewater-Elkhorn, WI",micro,1116,False,0.522,60789,6.687,6.938,71.0,-0.014,-0.0959,0.3566,0.0325,-0.0338,5,0.2453,True,False,False,False,measured
17091011000,Kankakee County,"Kankakee, IL",metro,736,True,1.951,34625,5.833,0.0,13.0,0.1055,-0.2,0.2408,0.3574,-0.2584,5,0.2453,False,False,False,False,measured
17031060900,Cook County,"Chicago-Naperville-Elgin, IL-IN",metro,5076,False,1.547,79016,3.233,5.613,135.0,0.0717,-0.0234,-0.1116,0.0946,0.2139,5,0.2452,False,False,False,True,measured
17043846105,DuPage County,"Chicago-Naperville-Elgin, IL-IN",metro,1484,False,3.09,171250,3.131,11.289,79.0,0.2007,0.3435,-0.1254,-0.1713,-0.0029,5,0.2446,True,False,False,False,measured
17197883217,Will County,"Chicago-Naperville-Elgin, IL-IN",metro,1148,False,2.081,112593,4.616,10.13,95.0,0.1163,0.1101,0.0758,-0.117,0.0591,5,0.2444,True,False,False,False,measured
55027960100,Dodge County,"Beaver Dam, WI",micro,2655,False,0.905,77978,2.624,8.506,206.0,0.018,-0.0276,-0.1941,-0.0409,0.4888,5,0.2442,False,False,False,False,measured
55129950600,Washburn County,,rural,1988,False,1.435,67813,5.941,9.349,99.0,0.0623,-0.068,0.2554,-0.0804,0.0746,5,0.2439,False,False,False,False,measured
17123961300,Marshall County,"Peoria, IL",metro,847,False,-0.504,74511,5.252,0.0,45.0,-0.0999,-0.0414,0.1621,0.3574,-0.1345,5,0.2438,True,False,False,False,measured
55087012904,Outagamie County,"Appleton, WI",metro,1170,False,0.71,132544,3.366,4.454,79.0,0.0017,0.1895,-0.0936,0.1488,-0.0029,5,0.2436,True,False,False,False,measured
17031830008,Cook County,"Chicago-Naperville-Elgin, IL-IN",metro,1543,False,1.487,116362,3.233,5.418,95.0,0.0667,0.1251,-0.1116,0.1037,0.0591,5,0.243,False,False,False,True,measured
17031830700,Cook County,"Chicago-Naperville-Elgin, IL-IN",metro,2279,False,4.739,72050,3.233,5.081,66.0,0.3387,-0.0511,-0.1116,0.1195,-0.0532,5,0.2423,False,True,False,True,measured
17031080100,Cook County,"Chicago-Naperville-Elgin, IL-IN",metro,4496,False,2.556,105000,3.233,8.858,125.0,0.1561,0.0799,-0.1116,-0.0574,0.1752,5,0.2422,False,False,False,True,measured
17129010200,Menard County,"Springfield, IL",metro,1886,False,0.938,80046,6.309,10.605,99.0,0.0207,-0.0193,0.3054,-0.1392,0.0746,5,0.2421,False,False,False,False,measured
17117956600,Macoupin County,"St. Louis, MO-IL",metro,1733,False,-1.951,93850,6.611,5.77,78.0,-0.2209,0.0356,0.3463,0.0872,-0.0067,5,0.2414,False,False,False,False,measured
17197880105,Will County,"Chicago-Naperville-Elgin, IL-IN",metro,2003,False,-2.952,113875,4.616,5.454,145.0,-0.3046,0.1152,0.0758,0.102,0.2526,5,0.2411,False,False,False,False,measured
55087011101,Outagamie County,"Appleton, WI",metro,2546,False,3.701,85863,3.366,7.79,102.0,0.2518,0.0038,-0.0936,-0.0074,0.0862,5,0.2409,False,False,False,False,measured
17099962900,LaSalle County,"Ottawa, IL",micro,1467,False,3.927,70194,6.809,12.45,49.0,0.2708,-0.0585,0.3731,-0.2256,-0.119,5,0.2407,False,False,False,False,measured
17111870502,McHenry County,"Chicago-Naperville-Elgin, IL-IN",metro,1863,False,-0.619,78578,4.254,4.36,130.0,-0.1094,-0.0252,0.0269,0.1533,0.1946,5,0.2401,True,False,False,False,measured
17031828601,Cook County,"Chicago-Naperville-Elgin, IL-IN",metro,1689,False,1.825,104002,3.233,7.347,123.0,0.0949,0.076,-0.1116,0.0134,0.1675,5,0.2401,False,False,False,True,measured
17163504351,St. Clair County,"St. Louis, MO-IL",metro,1273,False,-1.182,134650,6.452,12.823,110.0,-0.1566,0.1979,0.3247,-0.2431,0.1171,5,0.24,False,False,False,False,measured
55039040300,Fond du Lac County,"Fond du Lac, WI",metro,2884,True,1.834,61164,5.907,7.17,71.0,0.0957,-0.0944,0.2508,0.0217,-0.0338,5,0.2399,False,False,False,False,measured
17027900404,Clinton County,"St. Louis, MO-IL",metro,584,True,-0.194,56838,5.921,0.0,32.0,-0.0739,-0.1117,0.2527,0.3574,-0.1848,5,0.2398,True,False,False,False,measured
17031031000,Cook County,"Chicago-Naperville-Elgin, IL-IN",metro,2195,False,1.899,132147,3.233,4.763,61.0,0.1011,0.1879,-0.1116,0.1344,-0.0725,5,0.2393,False,False,False,True,measured
55131420104,Washington County,"Milwaukee-Waukesha, WI",metro,2131,False,1.096,83030,4.101,7.708,134.0,0.034,-0.0075,0.0061,-0.0035,0.2101,5,0.2391,False,False,False,False,measured
17097861106,Lake County,"Chicago-Naperville-Elgin, IL-IN",metro,2900,False,-0.162,114972,2.585,8.674,193.0,-0.0713,0.1196,-0.1993,-0.0488,0.4385,5,0.2387,False,False,False,True,measured
17031803015,Cook County,"Chicago-Naperville-Elgin, IL-IN",metro,2084,False,2.092,108030,3.233,7.045,109.0,0.1173,0.092,-0.1116,0.0275,0.1133,5,0.2385,False,False,False,True,measured
17161024200,Rock Island County,"Davenport-Moline-Rock Island, IA-IL",metro,2181,False,2.949,65107,5.221,7.876,75.0,0.189,-0.0788,0.1578,-0.0114,-0.0183,5,0.2383,False,False,False,False,measured
55085971100,Oneida County,,rural,972,False,2.237,90153,5.104,6.415,51.0,0.1294,0.0209,0.142,0.057,-0.1113,5,0.2381,False,False,False,False,measured
17099963800,LaSalle County,"Ottawa, IL",micro,1811,False,-0.088,57477,6.809,5.575,65.0,-0.0651,-0.1091,0.3731,0.0963,-0.0571,5,0.2381,False,False,False,False,measured
17031802802,Cook County,"Chicago-Naperville-Elgin, IL-IN",metro,2274,False,-0.026,118068,3.233,7.372,148.0,-0.0599,0.1319,-0.1116,0.0122,0.2643,5,0.2369,False,False,False,True,measured
17031810302,Cook County,"Chicago-Naperville-Elgin, IL-IN",metro,1295,False,3.094,133906,3.233,6.196,50.0,0.2011,0.1949,-0.1116,0.0673,-0.1151,5,0.2366,False,False,False,True,measured
17031062000,Cook County,"Chicago-Naperville-Elgin, IL-IN",metro,1831,False,2.811,121375,3.233,5.784,64.0,0.1774,0.1451,-0.1116,0.0865,-0.0609,5,0.2365,False,False,False,True,measured
17031090200,Cook County,"Chicago-Naperville-Elgin, IL-IN",metro,2689,False,-0.116,127384,3.233,9.337,164.0,-0.0674,0.169,-0.1116,-0.0798,0.3262,5,0.2363,False,False,False,True,measured
17097866200,Lake County,"Chicago-Naperville-Elgin, IL-IN",metro,2378,False,2.171,177500,2.585,11.099,107.0,0.1239,0.3683,-0.1993,-0.1624,0.1055,5,0.236,False,False,False,True,measured
17201003400,Winnebago County,"Rockford, IL",metro,1777,True,0.052,60712,5.151,5.324,113.0,-0.0534,-0.0962,0.1484,0.1081,0.1288,5,0.2357,False,False,False,False,measured
55139003703,Winnebago County,"Oshkosh-Neenah, WI",metro,2283,False,1.908,104223,1.083,5.525,173.0,0.1018,0.0768,-0.4029,0.0987,0.361,5,0.2355,True,False,False,False,measured
17031826402,Cook County,"Chicago-Naperville-Elgin, IL-IN",metro,1942,True,3.924,56591,3.233,5.518,103.0,0.2706,-0.1126,-0.1116,0.099,0.09,5,0.2354,False,False,False,True,measured
17031829902,Cook County,"Chicago-Naperville-Elgin, IL-IN",metro,2730,False,1.989,101875,3.233,7.563,123.0,0.1087,0.0675,-0.1116,0.0032,0.1675,5,0.2353,False,False,False,True,measured
17097861504,Lake County,"Chicago-Naperville-Elgin, IL-IN",metro,3384,True,5.362,83134,2.585,4.673,57.0,0.3908,-0.0071,-0.1993,0.1386,-0.088,5,0.235,False,False,False,True,measured
17043841314,DuPage County,"Chicago-Naperville-Elgin, IL-IN",metro,2023,False,-0.205,127434,3.131,7.115,142.0,-0.0749,0.1692,-0.1254,0.0242,0.241,5,0.2341,False,False,False,False,measured
17097864802,Lake County,"Chicago-Naperville-Elgin, IL-IN",metro,1170,False,3.091,172100,2.585,8.865,65.0,0.2008,0.3468,-0.1993,-0.0577,-0.0571,5,0.2336,False,False,False,True,measured
17031818300,Cook County,"Chicago-Naperville-Elgin, IL-IN",metro,2200,False,4.733,73929,3.233,8.812,107.0,0.3382,-0.0437,-0.1116,-0.0553,0.1055,5,0.2332,False,False,False,True,measured
55079150303,Milwaukee County,"Milwaukee-Waukesha, WI",metro,2151,False,-0.267,99526,2.576,3.884,152.0,-0.08,0.0582,-0.2006,0.1756,0.2797,5,0.2328,False,False,False,True,measured
55059000502,Kenosha County,"Kenosha, WI",metro,1765,False,2.664,58218,4.613,4.651,69.0,0.1652,-0.1062,0.0754,0.1396,-0.0416,5,0.2325,True,False,False,False,measured
55031020900,Douglas County,"Duluth, MN-WI",metro,927,False,-3.337,58015,8.741,6.367,75.0,-0.3368,-0.107,0.635,0.0592,-0.0183,5,0.2321,False,False,False,False,measured
17043841327,DuPage County,"Chicago-Naperville-Elgin, IL-IN",metro,1345,False,-0.642,160446,3.131,5.217,94.0,-0.1114,0.3005,-0.1254,0.1131,0.0552,5,0.232,False,False,False,False,measured
17031740100,Cook County,"Chicago-Naperville-Elgin, IL-IN",metro,1302,False,2.532,107500,3.233,5.96,85.0,0.1541,0.0899,-0.1116,0.0783,0.0204,5,0.231,False,False,False,True,measured
17119403802,Madison County,"St. Louis, MO-IL",metro,1906,False,1.826,83143,3.735,5.247,99.0,0.0951,-0.007,-0.0435,0.1117,0.0746,5,0.2309,False,False,False,False,measured
17031031400,Cook County,"Chicago-Naperville-Elgin, IL-IN",metro,3128,False,0.148,93026,3.233,5.032,140.0,-0.0454,0.0323,-0.1116,0.1218,0.2333,5,0.2304,False,False,False,True,measured
17089850202,Kane County,"Chicago-Naperville-Elgin, IL-IN",metro,1772,True,2.359,77902,5.101,7.404,71.0,0.1396,-0.0279,0.1416,0.0107,-0.0338,5,0.2302,False,False,False,False,measured
55025000406,Dane County,"Madison, WI",metro,2292,False,5.072,91003,2.659,6.219,70.0,0.3666,0.0243,-0.1893,0.0662,-0.0377,5,0.23,False,False,False,False,measured
17089852204,Kane County,"Chicago-Naperville-Elgin, IL-IN",metro,1402,False,2.172,136250,5.101,13.685,91.0,0.1239,0.2042,0.1416,-0.2835,0.0436,5,0.2299,True,False,False,False,measured
55055100302,Jefferson County,"Watertown-Fort Atkinson, WI",micro,879,True,-0.084,57196,7.566,5.783,39.0,-0.0648,-0.1102,0.4757,0.0866,-0.1577,5,0.2296,True,False,False,False,measured
17097864520,Lake County,"Chicago-Naperville-Elgin, IL-IN",metro,1781,False,0.715,147321,2.585,8.637,138.0,0.0021,0.2483,-0.1993,-0.047,0.2255,5,0.2295,False,False,False,True,measured
55087011700,Outagamie County,"Appleton, WI",metro,1173,False,2.703,70313,3.366,4.693,99.0,0.1684,-0.0581,-0.0936,0.1377,0.0746,5,0.229,False,False,False,False,measured
17167002200,Sangamon County,"Springfield, IL",metro,1483,False,-0.043,68750,7.206,12.009,114.0,-0.0613,-0.0643,0.4269,-0.205,0.1326,5,0.229,False,False,False,False,measured
17031807100,Cook County,"Chicago-Naperville-Elgin, IL-IN",metro,1263,False,1.716,166853,3.233,7.77,63.0,0.0858,0.326,-0.1116,-0.0064,-0.0648,5,0.229,False,False,False,True,measured
17163501606,St. Clair County,"St. Louis, MO-IL",metro,1538,True,0.722,61509,6.452,7.272,74.0,0.0027,-0.0931,0.3247,0.0169,-0.0222,5,0.2289,True,False,False,False,measured
17163501900,St. Clair County,"St. Louis, MO-IL",metro,1437,False,-0.682,75580,6.452,7.043,87.0,-0.1147,-0.0371,0.3247,0.0276,0.0281,5,0.2286,False,False,False,False,measured
17179021802,Tazewell County,"Peoria, IL",metro,730,False,-1.216,89375,4.884,0.0,54.0,-0.1594,0.0178,0.1122,0.3574,-0.0996,5,0.2283,False,False,False,False,measured
17197880903,Will County,"Chicago-Naperville-Elgin, IL-IN",metro,1771,True,4.628,67212,4.616,8.115,58.0,0.3294,-0.0704,0.0758,-0.0226,-0.0842,5,0.2281,True,False,False,False,measured
17031221600,Cook County,"Chicago-Naperville-Elgin, IL-IN",metro,1450,False,0.417,145625,3.233,5.569,86.0,-0.0228,0.2415,-0.1116,0.0966,0.0242,5,0.228,False,False,False,True,measured
17031660800,Cook County,"Chicago-Naperville-Elgin, IL-IN",metro,2212,True,6.038,47248,3.233,3.946,46.0,0.4473,-0.1498,-0.1116,0.1727,-0.1306,5,0.228,False,False,False,True,measured
17031804807,Cook County,"Chicago-Naperville-Elgin, IL-IN",metro,1889,False,1.471,107517,3.233,5.623,103.0,0.0653,0.0899,-0.1116,0.0941,0.09,5,0.2279,False,False,False,True,measured
17091010500,Kankakee County,"Kankakee, IL",metro,2352,False,-0.01,94259,5.833,11.69,131.0,-0.0585,0.0372,0.2408,-0.19,0.1984,5,0.2279,False,False,False,False,measured
55079185300,Milwaukee County,"Milwaukee-Waukesha, WI",metro,2527,False,6.576,73138,2.576,7.699,76.0,0.4924,-0.0468,-0.2006,-0.0031,-0.0145,5,0.2274,False,False,False,True,measured
17031803702,Cook County,"Chicago-Naperville-Elgin, IL-IN",metro,2527,False,-0.079,116569,3.233,6.61,139.0,-0.0643,0.1259,-0.1116,0.0479,0.2294,5,0.2274,False,False,False,True,measured
17163503202,St. Clair County,"St. Louis, MO-IL",metro,2182,False,-2.017,62917,6.452,8.491,146.0,-0.2264,-0.0875,0.3247,-0.0402,0.2565,5,0.2271,True,False,False,False,measured
17031071000,Cook County,"Chicago-Naperville-Elgin, IL-IN",metro,1069,False,1.082,179438,3.233,8.078,67.0,0.0328,0.376,-0.1116,-0.0209,-0.0493,5,0.227,False,False,False,True,measured
55083100900,Oconto County,"Green Bay, WI",metro,1294,False,1.52,66029,3.242,0.0,76.0,0.0694,-0.0751,-0.1104,0.3574,-0.0145,5,0.2269,False,False,False,False,measured
17031161100,Cook County,"Chicago-Naperville-Elgin, IL-IN",metro,800,False,1.148,149722,3.233,4.352,51.0,0.0383,0.2578,-0.1116,0.1536,-0.1113,5,0.2269,False,False,False,True,measured
55025002602,Dane County,"Madison, WI",metro,2581,True,0.6,71455,2.659,5.153,173.0,-0.0076,-0.0535,-0.1893,0.1161,0.361,5,0.2268,False,False,False,False,measured
17043845702,DuPage County,"Chicago-Naperville-Elgin, IL-IN",metro,1637,False,-0.243,159899,3.131,8.406,123.0,-0.078,0.2983,-0.1254,-0.0362,0.1675,5,0.2261,False,False,False,False,measured
17167003801,Sangamon County,"Springfield, IL",metro,939,True,-0.586,71938,7.206,6.745,58.0,-0.1067,-0.0516,0.4269,0.0416,-0.0842,5,0.226,False,False,False,False,measured
55133201002,Waukesha County,"Milwaukee-Waukesha, WI",metro,1317,False,-0.043,159293,5.429,13.8,104.0,-0.0613,0.2959,0.1861,-0.2889,0.0939,5,0.2257,True,False,False,False,measured
55059001402,Kenosha County,"Kenosha, WI",metro,1763,False,1.008,88552,4.613,7.228,103.0,0.0266,0.0145,0.0754,0.0189,0.09,5,0.2255,True,False,False,False,measured
17031561000,Cook County,"Chicago-Naperville-Elgin, IL-IN",metro,2281,False,1.677,89278,3.233,5.322,113.0,0.0826,0.0174,-0.1116,0.1082,0.1288,5,0.2254,False,False,False,True,measured
17031320400,Cook County,"Chicago-Naperville-Elgin, IL-IN",metro,874,False,4.99,145278,3.233,9.798,38.0,0.3597,0.2401,-0.1116,-0.1014,-0.1616,5,0.2253,False,False,False,True,measured
55059002802,Kenosha County,"Kenosha, WI",metro,1132,False,-1.536,101538,4.613,0.0,57.0,-0.1862,0.0662,0.0754,0.3574,-0.088,5,0.2248,True,False,False,False,measured
17143004600,Peoria County,"Peoria, IL",metro,2134,False,-1.074,71130,4.713,4.074,124.0,-0.1476,-0.0548,0.089,0.1667,0.1713,5,0.2246,False,False,False,False,measured
17023060200,Clark County,,rural,1956,False,3.04,74423,6.604,14.207,88.0,0.1966,-0.0417,0.3453,-0.3079,0.032,5,0.2243,False,False,False,False,measured
55133201203,Waukesha County,"Milwaukee-Waukesha, WI",metro,1413,False,2.109,112965,5.429,12.831,93.0,0.1187,0.1116,0.1861,-0.2435,0.0513,5,0.2242,False,False,False,False,measured
55009021500,Brown County,"Green Bay, WI",metro,1194,False,1.306,91176,2.607,0.0,76.0,0.0515,0.0249,-0.1964,0.3574,-0.0145,5,0.2231,False,False,False,True,measured
17031062400,Cook County,"Chicago-Naperville-Elgin, IL-IN",metro,781,False,1.167,152361,3.233,5.275,58.0,0.0399,0.2683,-0.1116,0.1104,-0.0842,5,0.2229,False,False,False,True,measured
55131400103,Washington County,"Milwaukee-Waukesha, WI",metro,1296,False,-2.382,102174,4.101,0.0,92.0,-0.2569,0.0687,0.0061,0.3574,0.0475,5,0.2228,False,False,False,False,measured
17197883519,Will County,"Chicago-Naperville-Elgin, IL-IN",metro,2183,False,1.4,113705,4.616,11.206,116.0,0.0594,0.1146,0.0758,-0.1674,0.1404,5,0.2228,False,False,False,False,measured
17031831700,Cook County,"Chicago-Naperville-Elgin, IL-IN",metro,1041,False,6.154,58875,3.233,5.006,43.0,0.4571,-0.1035,-0.1116,0.123,-0.1422,5,0.2227,False,False,False,True,measured
17197880408,Will County,"Chicago-Naperville-Elgin, IL-IN",metro,1467,False,-1.872,120394,4.616,6.446,122.0,-0.2143,0.1412,0.0758,0.0556,0.1636,5,0.2219,False,False,False,False,measured
55025001300,Dane County,"Madison, WI",metro,1484,False,3.26,115132,2.659,4.71,64.0,0.215,0.1202,-0.1893,0.1369,-0.0609,5,0.2218,False,False,False,False,measured
17197880428,Will County,"Chicago-Naperville-Elgin, IL-IN",metro,1470,False,-0.315,125667,4.616,7.032,90.0,-0.084,0.1621,0.0758,0.0281,0.0397,5,0.2218,True,False,False,False,measured
55059001200,Kenosha County,"Kenosha, WI",metro,1733,True,2.363,70208,4.613,6.434,82.0,0.14,-0.0585,0.0754,0.0561,0.0088,5,0.2218,False,False,False,False,measured
17161023200,Rock Island County,"Davenport-Moline-Rock Island, IA-IL",metro,2445,False,0.71,72872,5.221,7.212,103.0,0.0017,-0.0479,0.1578,0.0197,0.09,5,0.2214,False,False,False,False,measured
17031110100,Cook County,"Chicago-Naperville-Elgin, IL-IN",metro,2443,False,3.161,97743,3.233,6.881,90.0,0.2067,0.0511,-0.1116,0.0352,0.0397,5,0.2211,False,False,False,True,measured
17117956900,Macoupin County,"St. Louis, MO-IL",metro,1350,True,-2.225,78250,6.611,3.323,65.0,-0.2439,-0.0265,0.3463,0.2018,-0.0571,5,0.2207,False,False,False,False,measured
55005000300,Barron County,"Rice Lake, WI",micro,1856,False,1.664,71071,6.002,9.301,82.0,0.0815,-0.055,0.2637,-0.0782,0.0088,5,0.2207,False,False,False,False,measured
55117000100,Sheboygan County,"Sheboygan, WI",metro,1327,False,-0.488,88438,5.146,7.028,113.0,-0.0985,0.014,0.1477,0.0283,0.1288,5,0.2203,False,False,False,False,measured
55061960100,Kewaunee County,"Green Bay, WI",metro,1343,False,0.105,64710,6.208,8.403,104.0,-0.049,-0.0803,0.2917,-0.0361,0.0939,5,0.2202,False,False,False,False,measured
17031062600,Cook County,"Chicago-Naperville-Elgin, IL-IN",metro,889,False,-1.93,210536,3.233,5.238,64.0,-0.2192,0.4997,-0.1116,0.1121,-0.0609,5,0.2202,False,False,False,True,measured
17197880125,Will County,"Chicago-Naperville-Elgin, IL-IN",metro,1385,False,-3.2,143977,4.616,5.949,120.0,-0.3254,0.235,0.0758,0.0789,0.1559,5,0.2201,True,False,False,False,measured
17113001303,McLean County,"Bloomington, IL",metro,802,True,2.159,50331,6.799,8.024,49.0,0.1229,-0.1375,0.3718,-0.0183,-0.119,5,0.2198,False,False,False,True,measured
17179021000,Tazewell County,"Peoria, IL",metro,2491,False,0.58,78360,4.884,7.915,120.0,-0.0092,-0.026,0.1122,-0.0132,0.1559,5,0.2196,False,False,False,False,measured
55133201402,Waukesha County,"Milwaukee-Waukesha, WI",metro,2123,False,-0.06,99594,5.429,10.652,126.0,-0.0627,0.0584,0.1861,-0.1414,0.1791,5,0.2195,False,False,False,False,measured
55115100200,Shawano County,"Shawano, WI",micro,972,False,1.372,60313,6.019,7.115,72.0,0.057,-0.0978,0.266,0.0242,-0.03,5,0.2194,False,False,False,False,measured
17043846203,DuPage County,"Chicago-Naperville-Elgin, IL-IN",metro,1490,False,-0.2,152024,3.131,6.572,106.0,-0.0744,0.267,-0.1254,0.0497,0.1017,5,0.2184,False,False,False,False,measured
55133203702,Waukesha County,"Milwaukee-Waukesha, WI",metro,2048,False,1.529,136023,5.429,17.606,138.0,0.0702,0.2033,0.1861,-0.4671,0.2255,5,0.2181,True,False,False,False,measured
17111870812,McHenry County,"Chicago-Naperville-Elgin, IL-IN",metro,1691,False,-2.222,93750,4.254,4.08,140.0,-0.2436,0.0352,0.0269,0.1664,0.2333,5,0.2181,False,False,False,False,measured
17031823803,Cook County,"Chicago-Naperville-Elgin, IL-IN",metro,2652,False,2.676,93203,3.233,8.507,124.0,0.1661,0.033,-0.1116,-0.041,0.1713,5,0.2179,False,False,False,True,measured
17097861604,Lake County,"Chicago-Naperville-Elgin, IL-IN",metro,2034,False,1.717,126890,2.585,8.384,131.0,0.0859,0.167,-0.1993,-0.0352,0.1984,5,0.2168,False,False,False,True,measured
55015020304,Calumet County,"Appleton, WI",metro,1489,False,-1.092,58692,6.456,4.399,78.0,-0.149,-0.1043,0.3252,0.1514,-0.0067,5,0.2166,False,False,False,False,measured
17089851102,Kane County,"Chicago-Naperville-Elgin, IL-IN",metro,1261,True,-0.174,93266,5.101,4.564,72.0,-0.0722,0.0333,0.1416,0.1437,-0.03,5,0.2164,False,False,False,False,measured
17199021200,Williamson County,"Marion-Herrin, IL",micro,1934,True,0.125,62159,7.567,11.336,93.0,-0.0473,-0.0905,0.4758,-0.1735,0.0513,5,0.2159,False,False,False,False,measured
17031801800,Cook County,"Chicago-Naperville-Elgin, IL-IN",metro,2527,False,1.836,179485,3.233,15.954,143.0,0.0959,0.3762,-0.1116,-0.3897,0.2449,5,0.2157,False,False,False,True,measured
17031030800,Cook County,"Chicago-Naperville-Elgin, IL-IN",metro,2211,False,2.544,105585,3.233,4.747,68.0,0.1551,0.0823,-0.1116,0.1351,-0.0454,5,0.2155,False,False,False,True,measured
17113001404,McLean County,"Bloomington, IL",metro,1562,True,-1.165,74044,6.799,5.519,65.0,-0.1552,-0.0432,0.3718,0.099,-0.0571,5,0.2153,True,False,False,True,measured
17201000600,Winnebago County,"Rockford, IL",metro,1850,False,-0.043,71250,5.151,6.903,118.0,-0.0613,-0.0543,0.1484,0.0341,0.1481,5,0.215,False,False,False,False,measured
17167002002,Sangamon County,"Springfield, IL",metro,1225,False,0.366,96311,7.206,10.871,59.0,-0.0271,0.0454,0.4269,-0.1517,-0.0803,5,0.2132,True,False,False,False,measured
17031710600,Cook County,"Chicago-Naperville-Elgin, IL-IN",metro,924,True,6.608,52500,3.233,3.418,18.0,0.495,-0.1289,-0.1116,0.1974,-0.239,5,0.2129,False,False,False,True,measured
17031051300,Cook County,"Chicago-Naperville-Elgin, IL-IN",metro,1077,False,-0.697,147386,3.233,5.146,99.0,-0.116,0.2485,-0.1116,0.1164,0.0746,5,0.2119,False,False,False,True,measured
55137960800,Waushara County,,rural,1845,False,0.119,54335,6.558,10.229,122.0,-0.0477,-0.1216,0.3391,-0.1216,0.1636,5,0.2117,False,False,False,False,measured
17097864515,Lake County,"Chicago-Naperville-Elgin, IL-IN",metro,1028,False,2.926,174545,2.585,8.75,59.0,0.1871,0.3566,-0.1993,-0.0523,-0.0803,5,0.2117,True,False,False,True,measured
17161022900,Rock Island County,"Davenport-Moline-Rock Island, IA-IL",metro,1286,False,1.992,68200,5.221,7.008,75.0,0.1089,-0.0665,0.1578,0.0292,-0.0183,5,0.2112,False,False,False,False,measured
17031040201,Cook County,"Chicago-Naperville-Elgin, IL-IN",metro,3188,False,1.264,104484,3.233,5.357,103.0,0.048,0.0779,-0.1116,0.1066,0.09,5,0.2109,False,False,False,True,measured
17201003710,Winnebago County,"Rockford, IL",metro,1054,False,2.731,82381,5.151,7.528,53.0,0.1707,-0.01,0.1484,0.0049,-0.1035,5,0.2104,False,False,False,False,measured
55105000900,Rock County,"Janesville-Beloit, WI",metro,1481,False,2.626,91175,3.865,7.76,94.0,0.1619,0.0249,-0.0259,-0.006,0.0552,5,0.2102,False,False,False,False,measured
17043842300,DuPage County,"Chicago-Naperville-Elgin, IL-IN",metro,1203,False,-0.271,202344,3.131,8.337,75.0,-0.0804,0.4672,-0.1254,-0.033,-0.0183,5,0.21,False,False,False,False,measured
55057100500,Juneau County,,rural,1753,False,0.927,64233,6.642,10.983,100.0,0.0198,-0.0822,0.3505,-0.1569,0.0784,5,0.2095,False,False,False,False,measured
55085970900,Oneida County,,rural,1047,False,1.27,82546,5.104,6.972,79.0,0.0485,-0.0094,0.142,0.0309,-0.0029,5,0.2092,False,False,False,False,measured
55013970600,Burnett County,,rural,824,False,-0.502,67500,8.543,10.517,55.0,-0.0997,-0.0692,0.6082,-0.1351,-0.0958,5,0.2084,False,False,False,False,measured
17119401905,Madison County,"St. Louis, MO-IL",metro,2002,True,-0.564,62016,3.735,0.0,103.0,-0.1049,-0.0911,-0.0435,0.3574,0.09,5,0.2081,False,False,False,False,measured
17031222900,Cook County,"Chicago-Naperville-Elgin, IL-IN",metro,426,True,5.368,92386,3.233,4.362,14.0,0.3913,0.0298,-0.1116,0.1531,-0.2545,5,0.2081,False,True,False,True,measured
55075961000,Marinette County,"Marinette, WI-MI",micro,1741,False,-0.431,72684,6.165,7.852,99.0,-0.0938,-0.0486,0.2858,-0.0103,0.0746,5,0.2077,False,False,False,False,measured
17179020301,Tazewell County,"Peoria, IL",metro,1751,False,-0.261,81393,4.884,5.276,100.0,-0.0795,-0.014,0.1122,0.1104,0.0784,5,0.2075,False,False,False,False,measured
17089851908,Kane County,"Chicago-Naperville-Elgin, IL-IN",metro,1955,False,-0.203,96433,5.101,7.614,104.0,-0.0747,0.0459,0.1416,0.0009,0.0939,5,0.2075,False,False,False,False,measured
55095960901,Polk County,,rural,1295,False,2.149,95060,2.692,5.812,117.0,0.1221,0.0404,-0.1848,0.0852,0.1442,5,0.2071,True,False,False,False,measured
17031071700,Cook County,"Chicago-Naperville-Elgin, IL-IN",metro,696,False,1.099,202500,3.233,8.673,45.0,0.0342,0.4678,-0.1116,-0.0487,-0.1345,5,0.2071,False,False,False,True,measured
55025013000,Dane County,"Madison, WI",metro,1861,False,-0.352,108169,2.659,8.813,195.0,-0.0872,0.0925,-0.1893,-0.0553,0.4462,5,0.207,False,False,False,False,measured
55009020900,Brown County,"Green Bay, WI",metro,1374,False,3.693,95857,2.607,6.99,100.0,0.2512,0.0436,-0.1964,0.0301,0.0784,5,0.2069,False,False,False,True,measured
17097863604,Lake County,"Chicago-Naperville-Elgin, IL-IN",metro,1182,False,3.277,166694,2.585,9.0,61.0,0.2164,0.3253,-0.1993,-0.064,-0.0725,5,0.2058,False,False,False,True,measured
55131440200,Washington County,"Milwaukee-Waukesha, WI",metro,1779,False,0.901,60260,4.101,4.985,120.0,0.0176,-0.098,0.0061,0.124,0.1559,5,0.2055,False,False,False,False,measured
17031050200,Cook County,"Chicago-Naperville-Elgin, IL-IN",metro,2183,False,0.991,133708,3.233,5.337,77.0,0.0252,0.1941,-0.1116,0.1075,-0.0106,5,0.2046,False,False,False,True,measured
17161020101,Rock Island County,"Davenport-Moline-Rock Island, IA-IL",metro,1014,False,-0.934,66964,5.221,0.0,53.0,-0.1358,-0.0714,0.1578,0.3574,-0.1035,5,0.2045,True,False,False,False,measured
17143004102,Peoria County,"Peoria, IL",metro,1560,True,3.878,60481,4.713,6.749,55.0,0.2666,-0.0972,0.089,0.0413,-0.0958,5,0.204,False,False,False,False,measured
17019010800,Champaign County,"Champaign-Urbana, IL",metro,1594,False,-2.282,92500,3.725,0.0,108.0,-0.2486,0.0302,-0.0448,0.3574,0.1094,5,0.2036,False,False,False,False,measured
17031242800,Cook County,"Chicago-Naperville-Elgin, IL-IN",metro,708,False,2.723,180750,3.233,8.482,29.0,0.1701,0.3813,-0.1116,-0.0398,-0.1964,5,0.2035,False,False,False,True,measured
17099964200,LaSalle County,"Ottawa, IL",micro,1127,False,0.688,68708,6.809,7.258,48.0,-0.0001,-0.0644,0.3731,0.0176,-0.1229,5,0.2032,False,False,False,False,measured
17031814700,Cook County,"Chicago-Naperville-Elgin, IL-IN",metro,1849,False,3.484,79576,3.233,4.81,72.0,0.2337,-0.0212,-0.1116,0.1322,-0.03,5,0.2032,False,False,False,True,measured
17197883811,Will County,"Chicago-Naperville-Elgin, IL-IN",metro,1147,False,1.053,83229,4.616,5.537,81.0,0.0304,-0.0067,0.0758,0.0981,0.0049,5,0.2026,False,False,False,False,measured
17119403801,Madison County,"St. Louis, MO-IL",metro,1881,False,-1.334,105288,3.735,5.316,138.0,-0.1693,0.0811,-0.0435,0.1085,0.2255,5,0.2023,False,False,False,False,measured
17115002901,Macon County,"Decatur, IL",metro,1469,False,1.539,115843,3.438,6.272,87.0,0.071,0.1231,-0.0838,0.0637,0.0281,5,0.2021,False,False,False,False,measured
17031062100,Cook County,"Chicago-Naperville-Elgin, IL-IN",metro,2186,False,2.833,103462,3.233,5.786,73.0,0.1793,0.0738,-0.1116,0.0865,-0.0261,5,0.2019,False,False,False,True,measured
17037001400,DeKalb County,"Chicago-Naperville-Elgin, IL-IN",metro,2349,False,-1.175,84028,2.663,4.998,190.0,-0.156,-0.0035,-0.1889,0.1234,0.4269,5,0.2019,False,False,False,False,measured
17143002400,Peoria County,"Peoria, IL",metro,2240,True,2.751,46012,4.713,7.038,97.0,0.1724,-0.1547,0.089,0.0279,0.0668,5,0.2013,False,False,False,False,measured
17031825503,Cook County,"Chicago-Naperville-Elgin, IL-IN",metro,2687,True,2.465,82031,3.233,8.198,132.0,0.1485,-0.0114,-0.1116,-0.0265,0.2023,5,0.2013,False,False,False,True,measured
17043840908,DuPage County,"Chicago-Naperville-Elgin, IL-IN",metro,1508,False,2.047,122708,3.131,6.483,82.0,0.1135,0.1504,-0.1254,0.0538,0.0088,5,0.201,False,False,False,False,measured
17031819000,Cook County,"Chicago-Naperville-Elgin, IL-IN",metro,1526,False,0.224,185217,3.233,12.23,123.0,-0.039,0.399,-0.1116,-0.2153,0.1675,5,0.2007,False,False,False,True,measured
55133201300,Waukesha County,"Milwaukee-Waukesha, WI",metro,2140,False,0.692,86314,5.429,13.268,150.0,0.0001,0.0056,0.1861,-0.2639,0.272,5,0.1999,False,False,False,False,measured
17113001301,McLean County,"Bloomington, IL",metro,890,True,1.267,78214,6.799,8.731,43.0,0.0483,-0.0266,0.3718,-0.0515,-0.1422,5,0.1998,False,False,False,True,measured
17097864901,Lake County,"Chicago-Naperville-Elgin, IL-IN",metro,1543,False,0.04,218897,2.585,11.669,108.0,-0.0543,0.533,-0.1993,-0.189,0.1094,5,0.1997,False,False,False,True,measured
55117000202,Sheboygan County,"Sheboygan, WI",metro,1960,False,1.261,57021,5.146,5.947,89.0,0.0477,-0.1109,0.1477,0.0789,0.0359,5,0.1993,False,False,False,False,measured
17163503301,St. Clair County,"St. Louis, MO-IL",metro,1760,True,0.977,59167,6.452,7.748,69.0,0.024,-0.1024,0.3247,-0.0054,-0.0416,5,0.1993,False,False,False,False,measured
17031806103,Cook County,"Chicago-Naperville-Elgin, IL-IN",metro,1941,False,1.005,111450,3.233,5.739,103.0,0.0264,0.1056,-0.1116,0.0887,0.09,5,0.1991,False,False,False,True,measured
17097863400,Lake County,"Chicago-Naperville-Elgin, IL-IN",metro,1297,False,-0.149,245375,2.585,11.116,78.0,-0.0701,0.6383,-0.1993,-0.1632,-0.0067,5,0.199,False,False,False,True,measured
55105000500,Rock County,"Janesville-Beloit, WI",metro,1869,False,-0.038,73311,3.865,6.769,155.0,-0.0608,-0.0461,-0.0259,0.0404,0.2914,5,0.1989,False,False,False,False,measured
55025011302,Dane County,"Madison, WI",metro,1477,False,1.691,105025,2.659,6.996,130.0,0.0838,0.08,-0.1893,0.0298,0.1946,5,0.1989,False,False,False,False,measured
55117000400,Sheboygan County,"Sheboygan, WI",metro,2069,False,1.164,59451,5.146,5.914,88.0,0.0396,-0.1013,0.1477,0.0805,0.032,5,0.1986,False,False,False,False,measured
55087010602,Outagamie County,"Appleton, WI",metro,1558,False,0.554,89145,3.366,4.757,119.0,-0.0113,0.0169,-0.0936,0.1347,0.152,5,0.1986,True,False,False,False,measured
55127000502,Walworth County,"Whitewater-Elkhorn, WI",micro,1540,False,-0.346,75538,6.687,5.16,41.0,-0.0867,-0.0373,0.3566,0.1158,-0.15,5,0.1985,False,False,False,False,measured
17031804809,Cook County,"Chicago-Naperville-Elgin, IL-IN",metro,1611,False,1.683,118194,3.233,6.634,92.0,0.0831,0.1324,-0.1116,0.0468,0.0475,5,0.1982,False,False,False,True,measured
55127000400,Walworth County,"Whitewater-Elkhorn, WI",micro,1434,False,-0.521,74853,6.687,4.964,43.0,-0.1013,-0.04,0.3566,0.125,-0.1422,5,0.1981,False,False,False,False,measured
55079001300,Milwaukee County,"Milwaukee-Waukesha, WI",metro,1618,True,5.449,52049,2.576,3.03,58.0,0.3981,-0.1307,-0.2006,0.2155,-0.0842,5,0.1981,False,False,False,True,measured
17163501604,St. Clair County,"St. Louis, MO-IL",metro,2012,True,0.809,46686,6.452,8.409,93.0,0.01,-0.152,0.3247,-0.0364,0.0513,5,0.1976,False,False,False,False,measured
17031812900,Cook County,"Chicago-Naperville-Elgin, IL-IN",metro,1677,False,-0.574,141750,3.233,4.697,93.0,-0.1057,0.2261,-0.1116,0.1375,0.0513,5,0.1976,False,False,False,True,measured
17121951700,Marion County,"Centralia, IL",micro,1023,False,0.518,86131,7.574,9.864,37.0,-0.0144,0.0049,0.4768,-0.1045,-0.1655,5,0.1973,False,False,False,False,measured
55025012202,Dane County,"Madison, WI",metro,2563,False,-1.168,83224,2.659,6.849,212.0,-0.1554,-0.0067,-0.1893,0.0367,0.512,5,0.1973,False,False,False,False,measured
17113000108,McLean County,"Bloomington, IL",metro,2451,True,1.033,29994,6.799,4.199,42.0,0.0287,-0.2184,0.3718,0.1608,-0.1461,5,0.1968,True,True,False,True,measured
55089630202,Ozaukee County,"Milwaukee-Waukesha, WI",metro,2472,False,2.697,74894,2.924,6.716,126.0,0.1679,-0.0398,-0.1535,0.0429,0.1791,5,0.1965,False,False,False,False,measured
55137960100,Waushara County,,rural,1232,False,-0.049,71083,6.558,7.305,69.0,-0.0618,-0.055,0.3391,0.0153,-0.0416,5,0.1961,False,False,False,False,measured
17119402804,Madison County,"St. Louis, MO-IL",metro,826,False,-0.824,104375,3.735,0.0,62.0,-0.1266,0.0774,-0.0435,0.3574,-0.0687,5,0.1961,True,False,False,False,measured
17119401721,Madison County,"St. Louis, MO-IL",metro,2218,False,0.677,67572,3.735,6.422,145.0,-0.001,-0.069,-0.0435,0.0567,0.2526,5,0.1959,False,False,False,False,measured
55039040900,Fond du Lac County,"Fond du Lac, WI",metro,1304,False,0.595,59123,5.907,6.964,86.0,-0.0079,-0.1026,0.2508,0.0313,0.0242,5,0.1958,False,False,False,False,measured
17201001400,Winnebago County,"Rockford, IL",metro,1785,True,2.254,36372,5.151,5.4,81.0,0.1309,-0.1931,0.1484,0.1045,0.0049,5,0.1956,False,False,False,False,measured
55089640102,Ozaukee County,"Milwaukee-Waukesha, WI",metro,1042,False,1.577,94500,2.924,7.065,134.0,0.0742,0.0382,-0.1535,0.0266,0.2101,5,0.1955,True,False,False,False,measured
55025002402,Dane County,"Madison, WI",metro,1795,False,2.665,86875,2.659,4.127,92.0,0.1652,0.0078,-0.1893,0.1642,0.0475,5,0.1954,False,False,False,False,measured
17037001600,DeKalb County,"Chicago-Naperville-Elgin, IL-IN",metro,1546,False,-0.27,100147,2.663,6.468,170.0,-0.0803,0.0606,-0.1889,0.0545,0.3494,5,0.1954,False,False,False,False,measured
17031813200,Cook County,"Chicago-Naperville-Elgin, IL-IN",metro,1593,False,0.64,140346,3.233,4.727,68.0,-0.0042,0.2205,-0.1116,0.1361,-0.0454,5,0.1954,False,False,False,True,measured
17203030100,Woodford County,"Peoria, IL",metro,1034,False,0.956,77938,4.202,0.0,34.0,0.0223,-0.0277,0.0198,0.3574,-0.1771,5,0.1947,False,False,False,False,measured
17201003606,Winnebago County,"Rockford, IL",metro,1269,True,3.05,49705,5.151,5.91,56.0,0.1974,-0.14,0.1484,0.0807,-0.0919,5,0.1946,False,False,False,False,measured
55069960300,Lincoln County,,rural,830,False,-0.075,77400,5.781,4.588,57.0,-0.0639,-0.0299,0.2338,0.1426,-0.088,5,0.1945,False,False,False,False,measured
55073002101,Marathon County,"Wausau, WI",metro,1706,False,-0.014,79762,6.882,11.723,101.0,-0.0589,-0.0205,0.383,-0.1916,0.0823,5,0.1943,True,False,False,False,measured
17031160400,Cook County,"Chicago-Naperville-Elgin, IL-IN",metro,2226,False,3.939,81375,3.233,5.309,64.0,0.2718,-0.014,-0.1116,0.1088,-0.0609,5,0.194,False,False,False,True,measured
17043846405,DuPage County,"Chicago-Naperville-Elgin, IL-IN",metro,1739,False,3.016,138542,3.131,9.551,80.0,0.1946,0.2134,-0.1254,-0.0899,0.001,5,0.1937,True,False,False,False,measured
17197881202,Will County,"Chicago-Naperville-Elgin, IL-IN",metro,789,True,2.418,83412,4.616,3.308,22.0,0.1446,-0.0059,0.0758,0.2025,-0.2235,5,0.1934,True,False,False,False,measured
17031811100,Cook County,"Chicago-Naperville-Elgin, IL-IN",metro,2834,True,3.681,67254,3.233,7.135,106.0,0.2502,-0.0702,-0.1116,0.0233,0.1017,5,0.1934,False,False,False,True,measured
17031804611,Cook County,"Chicago-Naperville-Elgin, IL-IN",metro,1871,False,0.433,79202,3.233,7.162,164.0,-0.0215,-0.0227,-0.1116,0.022,0.3262,5,0.1925,False,False,False,True,measured
17043841901,DuPage County,"Chicago-Naperville-Elgin, IL-IN",metro,843,False,0.114,183946,3.131,7.425,70.0,-0.0482,0.394,-0.1254,0.0097,-0.0377,5,0.1924,False,False,False,False,measured
55139001900,Winnebago County,"Oshkosh-Neenah, WI",metro,2331,False,0.875,86010,1.083,0.0,136.0,0.0154,0.0044,-0.4029,0.3574,0.2178,5,0.1922,False,False,False,False,measured
17119403601,Madison County,"St. Louis, MO-IL",metro,1709,False,4.366,97463,3.735,11.497,95.0,0.3075,0.0499,-0.0435,-0.181,0.0591,5,0.1921,False,False,False,False,measured
17031805401,Cook County,"Chicago-Naperville-Elgin, IL-IN",metro,1615,False,3.379,133616,3.233,9.449,72.0,0.2249,0.1938,-0.1116,-0.0851,-0.03,5,0.1921,False,False,False,True,measured
17031222200,Cook County,"Chicago-Naperville-Elgin, IL-IN",metro,992,False,0.784,176711,3.233,6.162,44.0,0.0079,0.3652,-0.1116,0.0689,-0.1384,5,0.192,False,False,False,True,measured
17161020900,Rock Island County,"Davenport-Moline-Rock Island, IA-IL",metro,2201,False,0.245,75461,5.221,8.304,116.0,-0.0372,-0.0376,0.1578,-0.0315,0.1404,5,0.1919,False,False,False,False,measured
17043841325,DuPage County,"Chicago-Naperville-Elgin, IL-IN",metro,1845,False,-1.208,125757,3.131,6.165,143.0,-0.1588,0.1625,-0.1254,0.0687,0.2449,5,0.1919,False,False,False,False,measured
17081050400,Jefferson County,"Mount Vernon, IL",micro,1625,False,3.995,61223,6.481,9.841,24.0,0.2764,-0.0942,0.3286,-0.1034,-0.2158,5,0.1916,False,False,False,False,measured
17043846524,DuPage County,"Chicago-Naperville-Elgin, IL-IN",metro,1779,False,0.633,163719,3.131,9.299,102.0,-0.0048,0.3135,-0.1254,-0.0781,0.0862,5,0.1914,False,False,False,False,measured
55141010100,Wood County,"Wisconsin Rapids-Marshfield, WI",micro,1837,False,0.419,83610,5.185,6.828,87.0,-0.0227,-0.0052,0.153,0.0377,0.0281,5,0.1909,False,False,False,False,measured
17031820902,Cook County,"Chicago-Naperville-Elgin, IL-IN",metro,1794,False,3.909,86065,3.233,7.375,84.0,0.2693,0.0046,-0.1116,0.0121,0.0165,5,0.1909,False,False,False,True,measured
17031807600,Cook County,"Chicago-Naperville-Elgin, IL-IN",metro,2202,False,1.781,116004,3.233,6.448,88.0,0.0912,0.1237,-0.1116,0.0555,0.032,5,0.1908,False,False,False,True,measured
55079101600,Milwaukee County,"Milwaukee-Waukesha, WI",metro,2040,True,1.121,73289,2.576,5.377,156.0,0.0361,-0.0462,-0.2006,0.1056,0.2952,5,0.1901,False,False,False,True,measured
17097861008,Lake County,"Chicago-Naperville-Elgin, IL-IN",metro,2015,False,2.034,117409,2.585,6.982,110.0,0.1124,0.1293,-0.1993,0.0304,0.1171,5,0.19,False,False,False,True,measured
17097861105,Lake County,"Chicago-Naperville-Elgin, IL-IN",metro,1820,False,1.735,92813,2.585,4.441,111.0,0.0874,0.0315,-0.1993,0.1495,0.121,5,0.19,False,False,False,True,measured
17111870905,McHenry County,"Chicago-Naperville-Elgin, IL-IN",metro,2134,True,2.072,69408,4.254,5.583,83.0,0.1156,-0.0617,0.0269,0.096,0.0126,5,0.1894,False,False,False,False,measured
17031813100,Cook County,"Chicago-Naperville-Elgin, IL-IN",metro,1843,False,0.563,116250,3.233,4.327,88.0,-0.0106,0.1247,-0.1116,0.1548,0.032,5,0.1893,False,False,False,True,measured
17099963500,LaSalle County,"Ottawa, IL",micro,1948,False,-0.585,84113,6.809,10.828,99.0,-0.1067,-0.0032,0.3731,-0.1496,0.0746,5,0.1882,False,False,False,False,measured
17201003500,Winnebago County,"Rockford, IL",metro,1131,False,0.99,72773,5.151,5.243,67.0,0.0251,-0.0483,0.1484,0.1119,-0.0493,5,0.1879,False,False,False,False,measured
17031814900,Cook County,"Chicago-Naperville-Elgin, IL-IN",metro,2906,True,5.734,62336,3.233,4.634,35.0,0.4219,-0.0898,-0.1116,0.1404,-0.1732,5,0.1878,False,False,False,True,measured
17031805001,Cook County,"Chicago-Naperville-Elgin, IL-IN",metro,1838,False,0.076,142609,3.233,7.468,109.0,-0.0513,0.2295,-0.1116,0.0077,0.1133,5,0.1876,False,False,False,True,measured
17031802610,Cook County,"Chicago-Naperville-Elgin, IL-IN",metro,750,False,3.482,143500,3.233,6.855,27.0,0.2336,0.2331,-0.1116,0.0364,-0.2042,5,0.1873,False,False,False,True,measured
17119403001,Madison County,"St. Louis, MO-IL",metro,2694,False,7.578,76023,3.735,16.343,105.0,0.5762,-0.0353,-0.0435,-0.408,0.0978,5,0.1872,False,False,False,False,measured
17197881116,Will County,"Chicago-Naperville-Elgin, IL-IN",metro,1340,False,0.639,147065,4.616,10.471,80.0,-0.0043,0.2473,0.0758,-0.133,0.001,5,0.1869,False,False,False,False,measured
55025010200,Dane County,"Madison, WI",metro,520,False,-1.124,202813,2.659,3.503,45.0,-0.1517,0.469,-0.1893,0.1934,-0.1345,5,0.1869,True,False,False,False,measured
17167000503,Sangamon County,"Springfield, IL",metro,1524,True,-1.931,50449,7.206,7.983,114.0,-0.2192,-0.1371,0.4269,-0.0164,0.1326,5,0.1868,False,False,False,False,measured
17031560900,Cook County,"Chicago-Naperville-Elgin, IL-IN",metro,1879,False,0.0,115216,3.233,5.022,109.0,-0.0577,0.1206,-0.1116,0.1223,0.1133,5,0.1868,False,False,False,True,measured
17097864510,Lake County,"Chicago-Naperville-Elgin, IL-IN",metro,2130,False,3.222,86147,2.585,8.587,135.0,0.2118,0.0049,-0.1993,-0.0447,0.2139,5,0.1866,False,False,False,True,measured
55025010504,Dane County,"Madison, WI",metro,1671,False,2.312,77580,2.659,3.246,96.0,0.1357,-0.0291,-0.1893,0.2054,0.0629,5,0.1856,True,False,False,False,measured
17197880510,Will County,"Chicago-Naperville-Elgin, IL-IN",metro,1281,False,2.6,66513,4.616,4.021,42.0,0.1598,-0.0732,0.0758,0.1691,-0.1461,5,0.1855,True,False,False,False,measured
17111870604,McHenry County,"Chicago-Naperville-Elgin, IL-IN",metro,2508,False,1.207,80000,4.254,10.642,151.0,0.0432,-0.0195,0.0269,-0.1409,0.2759,5,0.1855,False,False,False,False,measured
55059000300,Kenosha County,"Kenosha, WI",metro,1634,True,1.855,60563,4.613,3.919,63.0,0.0974,-0.0968,0.0754,0.1739,-0.0648,5,0.1851,False,False,False,False,measured
55141011300,Wood County,"Wisconsin Rapids-Marshfield, WI",micro,2094,False,0.856,71007,5.185,7.341,95.0,0.0139,-0.0553,0.153,0.0136,0.0591,5,0.1843,False,False,False,False,measured
17143003601,Peoria County,"Peoria, IL",metro,1175,False,2.85,81783,4.713,7.97,65.0,0.1807,-0.0124,0.089,-0.0158,-0.0571,5,0.1843,False,False,False,False,measured
55027961500,Dodge County,"Beaver Dam, WI",micro,1959,False,0.05,95807,2.624,5.474,154.0,-0.0536,0.0434,-0.1941,0.1011,0.2875,5,0.1843,False,False,False,False,measured
55075961500,Marinette County,"Marinette, WI-MI",micro,1826,False,2.284,61296,6.165,12.088,97.0,0.1334,-0.0939,0.2858,-0.2087,0.0668,5,0.1834,False,False,False,False,measured
17089852903,Kane County,"Chicago-Naperville-Elgin, IL-IN",metro,2460,False,-1.932,98848,5.101,4.255,92.0,-0.2193,0.0555,0.1416,0.1582,0.0475,5,0.1834,False,False,False,False,measured
55027961900,Dodge County,"Beaver Dam, WI",micro,2174,False,0.752,76628,2.624,5.791,162.0,0.0052,-0.0329,-0.1941,0.0863,0.3185,5,0.1829,False,False,False,False,measured
17031804808,Cook County,"Chicago-Naperville-Elgin, IL-IN",metro,912,False,1.951,147500,3.233,6.955,56.0,0.1055,0.249,-0.1116,0.0317,-0.0919,5,0.1827,False,False,False,True,measured
55117010503,Sheboygan County,"Sheboygan, WI",metro,1666,False,1.6,61628,5.146,9.292,113.0,0.0762,-0.0926,0.1477,-0.0777,0.1288,5,0.1823,True,False,False,False,measured
55075961300,Marinette County,"Marinette, WI-MI",micro,1373,False,0.638,64959,6.165,7.845,77.0,-0.0043,-0.0793,0.2858,-0.01,-0.0106,5,0.1816,False,False,False,False,measured
17031815600,Cook County,"Chicago-Naperville-Elgin, IL-IN",metro,2212,False,2.744,76667,3.233,6.43,105.0,0.1718,-0.0328,-0.1116,0.0563,0.0978,5,0.1815,False,False,False,True,measured
55005000200,Barron County,"Rice Lake, WI",micro,1789,False,0.65,64331,6.002,8.667,93.0,-0.0034,-0.0818,0.2637,-0.0485,0.0513,5,0.1814,False,False,False,False,measured
55109120802,St. Croix County,"Minneapolis-St. Paul-Bloomington, MN-WI",metro,1990,True,-9.372,90000,9.176,5.882,138.0,-0.8416,0.0203,0.694,0.082,0.2255,5,0.1801,False,False,False,False,measured
17031809600,Cook County,"Chicago-Naperville-Elgin, IL-IN",metro,1339,False,5.49,80461,3.233,6.93,47.0,0.4015,-0.0177,-0.1116,0.0329,-0.1267,5,0.1784,False,False,False,True,measured
55141010700,Wood County,"Wisconsin Rapids-Marshfield, WI",micro,1865,False,-0.938,92031,5.185,7.703,115.0,-0.1362,0.0283,0.153,-0.0033,0.1365,5,0.1783,False,False,False,False,measured
55131470203,Washington County,"Milwaukee-Waukesha, WI",metro,2639,False,2.661,66404,4.101,9.73,126.0,0.1649,-0.0736,0.0061,-0.0982,0.1791,5,0.1782,False,False,False,False,measured
17031200300,Cook County,"Chicago-Naperville-Elgin, IL-IN",metro,734,False,6.77,48977,3.233,3.746,13.0,0.5086,-0.1429,-0.1116,0.182,-0.2584,5,0.1777,False,False,False,True,measured
17043842900,DuPage County,"Chicago-Naperville-Elgin, IL-IN",metro,2279,False,2.261,143016,3.131,9.749,90.0,0.1314,0.2312,-0.1254,-0.0991,0.0397,5,0.1777,False,False,False,False,measured
17029001000,Coles County,"Charleston-Mattoon, IL",micro,1695,True,2.792,51597,7.504,11.045,35.0,0.1758,-0.1325,0.4673,-0.1598,-0.1732,5,0.1776,False,False,False,False,measured
17031815200,Cook County,"Chicago-Naperville-Elgin, IL-IN",metro,2472,True,2.211,69775,3.233,4.736,102.0,0.1272,-0.0602,-0.1116,0.1357,0.0862,5,0.1773,False,False,False,True,measured
17031806102,Cook County,"Chicago-Naperville-Elgin, IL-IN",metro,1675,False,3.593,103212,3.233,7.736,74.0,0.2428,0.0728,-0.1116,-0.0049,-0.0222,5,0.177,False,False,False,True,measured
17031221300,Cook County,"Chicago-Naperville-Elgin, IL-IN",metro,1539,False,3.917,89158,3.233,5.225,51.0,0.2699,0.0169,-0.1116,0.1128,-0.1113,5,0.1768,False,False,False,True,measured
17031801701,Cook County,"Chicago-Naperville-Elgin, IL-IN",metro,1169,False,-1.012,237695,3.233,11.197,77.0,-0.1424,0.6078,-0.1116,-0.167,-0.0106,5,0.1762,False,False,False,True,measured
17031818700,Cook County,"Chicago-Naperville-Elgin, IL-IN",metro,1497,False,1.747,125120,3.233,8.23,97.0,0.0884,0.16,-0.1116,-0.028,0.0668,5,0.1756,False,False,False,True,measured
55025000302,Dane County,"Madison, WI",metro,949,False,2.226,150221,2.659,6.18,56.0,0.1285,0.2598,-0.1893,0.068,-0.0919,5,0.1752,True,False,False,False,measured
17043844901,DuPage County,"Chicago-Naperville-Elgin, IL-IN",metro,1672,False,3.133,122143,3.131,8.1,72.0,0.2044,0.1481,-0.1254,-0.0219,-0.03,5,0.1752,False,False,False,False,measured
17043844902,DuPage County,"Chicago-Naperville-Elgin, IL-IN",metro,1699,False,1.013,142639,3.131,8.947,107.0,0.027,0.2297,-0.1254,-0.0616,0.1055,5,0.1752,False,False,False,False,measured
55013970800,Burnett County,,rural,1056,False,-0.921,54512,8.543,10.454,68.0,-0.1347,-0.1209,0.6082,-0.1321,-0.0454,5,0.1749,False,False,False,False,measured
17167001001,Sangamon County,"Springfield, IL",metro,974,False,0.6,105510,7.206,11.899,47.0,-0.0075,0.082,0.4269,-0.1998,-0.1267,5,0.1747,False,False,False,False,measured
17029000900,Coles County,"Charleston-Mattoon, IL",micro,1779,False,-0.918,87708,7.504,9.952,64.0,-0.1345,0.0111,0.4673,-0.1086,-0.0609,5,0.1744,False,False,False,False,measured
17043841404,DuPage County,"Chicago-Naperville-Elgin, IL-IN",metro,1317,False,0.697,182455,3.131,8.002,61.0,0.0006,0.388,-0.1254,-0.0173,-0.0725,5,0.1734,False,False,False,False,measured
17123961100,Marshall County,"Peoria, IL",metro,1200,False,2.3,73547,5.252,8.333,68.0,0.1347,-0.0452,0.1621,-0.0328,-0.0454,5,0.1733,False,False,False,False,measured
17089852608,Kane County,"Chicago-Naperville-Elgin, IL-IN",metro,1698,False,1.073,144740,5.101,15.554,114.0,0.0321,0.238,0.1416,-0.371,0.1326,5,0.1733,True,False,False,False,measured
55137960600,Waushara County,,rural,938,False,-0.75,83021,6.558,9.299,90.0,-0.1205,-0.0075,0.3391,-0.0781,0.0397,5,0.1727,False,False,False,False,measured
55133201508,Waukesha County,"Milwaukee-Waukesha, WI",metro,1157,False,0.549,89775,5.429,6.952,66.0,-0.0118,0.0194,0.1861,0.0319,-0.0532,5,0.1723,True,False,False,False,measured
17031821700,Cook County,"Chicago-Naperville-Elgin, IL-IN",metro,1736,False,0.882,113088,3.233,6.481,106.0,0.016,0.1121,-0.1116,0.0539,0.1017,5,0.1722,False,False,False,True,measured
17197880325,Will County,"Chicago-Naperville-Elgin, IL-IN",metro,1131,False,0.949,99194,4.616,7.191,79.0,0.0216,0.0568,0.0758,0.0207,-0.0029,5,0.1721,True,False,False,False,measured
17043841401,DuPage County,"Chicago-Naperville-Elgin, IL-IN",metro,2208,False,-0.31,103226,3.131,4.962,127.0,-0.0836,0.0729,-0.1254,0.1251,0.183,5,0.1718,False,False,False,False,measured
17031804306,Cook County,"Chicago-Naperville-Elgin, IL-IN",metro,1832,False,1.341,105236,3.233,5.899,97.0,0.0544,0.0809,-0.1116,0.0812,0.0668,5,0.1717,False,False,False,True,measured
55079060101,Milwaukee County,"Milwaukee-Waukesha, WI",metro,1947,False,2.6,87989,2.576,6.029,112.0,0.1598,0.0123,-0.2006,0.0751,0.1249,5,0.1714,False,False,False,True,measured
17031831900,Cook County,"Chicago-Naperville-Elgin, IL-IN",metro,1513,False,1.449,132877,3.233,5.14,57.0,0.0635,0.1908,-0.1116,0.1167,-0.088,5,0.1714,False,False,False,True,measured
17145030200,Perry County,,rural,2405,False,1.459,69939,7.989,11.846,36.0,0.0643,-0.0595,0.5331,-0.1974,-0.1693,5,0.1712,False,False,False,False,measured
55069961000,Lincoln County,,rural,1644,False,0.971,48846,5.781,7.347,91.0,0.0235,-0.1434,0.2338,0.0134,0.0436,5,0.1708,False,False,False,False,measured
55081950300,Monroe County,"Sparta, WI",micro,2863,False,1.505,67319,3.787,8.573,145.0,0.0682,-0.07,-0.0365,-0.0441,0.2526,5,0.1703,False,False,False,False,measured
17043843900,DuPage County,"Chicago-Naperville-Elgin, IL-IN",metro,1443,False,0.115,212171,3.131,11.797,88.0,-0.0481,0.5062,-0.1254,-0.195,0.032,5,0.1697,False,False,False,False,measured
17199021002,Williamson County,"Marion-Herrin, IL",micro,833,False,3.353,65733,7.567,11.95,15.0,0.2228,-0.0763,0.4758,-0.2022,-0.2506,5,0.1694,True,False,False,False,measured
17029000300,Coles County,"Charleston-Mattoon, IL",micro,2049,False,1.099,69679,7.504,13.37,79.0,0.0342,-0.0606,0.4673,-0.2687,-0.0029,5,0.1694,False,False,False,False,measured
17031803300,Cook County,"Chicago-Naperville-Elgin, IL-IN",metro,3023,False,2.926,96587,3.233,8.049,97.0,0.1871,0.0465,-0.1116,-0.0195,0.0668,5,0.1693,False,False,False,True,measured
17031061100,Cook County,"Chicago-Naperville-Elgin, IL-IN",metro,751,False,3.841,117330,3.233,5.493,25.0,0.2636,0.129,-0.1116,0.1002,-0.2119,5,0.1693,False,False,False,True,measured
17031071300,Cook County,"Chicago-Naperville-Elgin, IL-IN",metro,2193,False,2.366,129486,3.233,8.528,81.0,0.1402,0.1773,-0.1116,-0.042,0.0049,5,0.1689,False,False,False,True,measured
55079185100,Milwaukee County,"Milwaukee-Waukesha, WI",metro,2846,False,3.814,53284,2.576,4.149,98.0,0.2614,-0.1258,-0.2006,0.1631,0.0707,5,0.1688,False,False,False,True,measured
17043846205,DuPage County,"Chicago-Naperville-Elgin, IL-IN",metro,1200,False,-0.892,209881,3.131,8.086,67.0,-0.1323,0.4971,-0.1254,-0.0212,-0.0493,5,0.1688,False,False,False,False,measured
55025011900,Dane County,"Madison, WI",metro,2672,False,-0.857,97800,2.659,14.97,281.0,-0.1294,0.0513,-0.1893,-0.3437,0.7792,5,0.1681,False,False,False,False,measured
17167002700,Sangamon County,"Springfield, IL",metro,1507,True,-0.589,61719,7.206,8.02,69.0,-0.107,-0.0922,0.4269,-0.0181,-0.0416,5,0.1679,False,False,False,False,measured
17141961002,Ogle County,"Rochelle, IL",micro,1307,False,0.225,104650,3.917,5.926,97.0,-0.0389,0.0785,-0.0189,0.0799,0.0668,5,0.1675,True,False,False,False,measured
17099964300,LaSalle County,"Ottawa, IL",micro,1304,False,0.357,52010,6.809,7.258,63.0,-0.0279,-0.1309,0.3731,0.0176,-0.0648,5,0.1671,False,False,False,False,measured
55025002603,Dane County,"Madison, WI",metro,2418,False,1.271,61750,2.659,5.152,153.0,0.0486,-0.0921,-0.1893,0.1162,0.2836,5,0.167,False,False,False,False,measured
17031818200,Cook County,"Chicago-Naperville-Elgin, IL-IN",metro,1865,False,1.906,110625,3.233,7.638,99.0,0.1017,0.1023,-0.1116,-0.0002,0.0746,5,0.1668,False,False,False,True,measured
17097863601,Lake County,"Chicago-Naperville-Elgin, IL-IN",metro,1075,False,-2.025,207463,2.585,6.804,97.0,-0.2271,0.4875,-0.1993,0.0388,0.0668,5,0.1667,True,False,False,True,measured
17031060400,Cook County,"Chicago-Naperville-Elgin, IL-IN",metro,1578,False,-0.598,153625,3.233,5.415,82.0,-0.1077,0.2734,-0.1116,0.1039,0.0088,5,0.1667,False,False,False,True,measured
17143004200,Peoria County,"Peoria, IL",metro,1819,False,2.286,65404,4.713,6.874,76.0,0.1335,-0.0776,0.089,0.0355,-0.0145,5,0.1659,False,False,False,False,measured
17031811000,Cook County,"Chicago-Naperville-Elgin, IL-IN",metro,1717,False,0.976,109844,3.233,6.179,102.0,0.0239,0.0992,-0.1116,0.0681,0.0862,5,0.1658,False,False,False,True,measured
17179021101,Tazewell County,"Peoria, IL",metro,2948,False,0.845,49085,4.884,6.887,118.0,0.013,-0.1425,0.1122,0.0349,0.1481,5,0.1657,False,False,False,False,measured
55085971500,Oneida County,,rural,2135,False,2.427,50399,5.104,8.481,94.0,0.1453,-0.1373,0.142,-0.0397,0.0552,5,0.1655,False,False,False,False,measured
17119400951,Madison County,"St. Louis, MO-IL",metro,2256,False,0.934,62148,3.735,4.424,113.0,0.0204,-0.0905,-0.0435,0.1503,0.1288,5,0.1654,False,False,False,False,measured
17163501502,St. Clair County,"St. Louis, MO-IL",metro,1078,False,0.253,84107,6.452,9.242,68.0,-0.0366,-0.0032,0.3247,-0.0754,-0.0454,5,0.1641,False,False,False,False,measured
55025001502,Dane County,"Madison, WI",metro,2658,False,3.272,58971,2.659,4.665,106.0,0.216,-0.1032,-0.1893,0.139,0.1017,5,0.1641,False,False,False,False,measured
17031020200,Cook County,"Chicago-Naperville-Elgin, IL-IN",metro,2052,False,-0.165,120625,3.233,5.76,110.0,-0.0715,0.1421,-0.1116,0.0877,0.1171,5,0.1638,False,False,False,True,measured
55059000700,Kenosha County,"Kenosha, WI",metro,1930,True,1.416,65469,4.613,7.15,101.0,0.0607,-0.0773,0.0754,0.0226,0.0823,5,0.1637,False,False,False,False,measured
17133600502,Monroe County,"St. Louis, MO-IL",metro,1174,False,-2.377,98182,4.722,0.0,59.0,-0.2565,0.0528,0.0902,0.3574,-0.0803,5,0.1636,False,False,False,False,measured
55073001401,Marathon County,"Wausau, WI",metro,1632,False,0.617,91071,6.882,12.484,77.0,-0.0061,0.0245,0.383,-0.2272,-0.0106,5,0.1635,True,False,False,False,measured
17031060300,Cook County,"Chicago-Naperville-Elgin, IL-IN",metro,1286,False,-0.323,173125,3.233,5.417,55.0,-0.0848,0.3509,-0.1116,0.1038,-0.0958,5,0.1626,False,False,False,True,measured
17073031200,Henry County,"Davenport-Moline-Rock Island, IA-IL",metro,1166,False,-0.573,65786,4.778,0.0,51.0,-0.1056,-0.0761,0.0979,0.3574,-0.1113,5,0.1624,False,False,False,False,measured
55085970601,Oneida County,,rural,1045,False,3.07,85250,5.104,10.265,65.0,0.1991,0.0014,0.142,-0.1233,-0.0571,5,0.1622,False,False,False,False,measured
17031802609,Cook County,"Chicago-Naperville-Elgin, IL-IN",metro,2933,True,4.833,68608,3.233,7.178,72.0,0.3466,-0.0648,-0.1116,0.0213,-0.03,5,0.1615,False,False,False,True,measured
17073030202,Henry County,"Davenport-Moline-Rock Island, IA-IL",metro,1359,False,-1.575,69010,4.778,0.0,69.0,-0.1894,-0.0632,0.0979,0.3574,-0.0416,5,0.1611,False,False,False,False,measured
17099961800,LaSalle County,"Ottawa, IL",micro,1575,False,0.115,74728,6.809,9.714,73.0,-0.0481,-0.0405,0.3731,-0.0975,-0.0261,5,0.1609,False,False,False,False,measured
17043841316,DuPage County,"Chicago-Naperville-Elgin, IL-IN",metro,1173,False,0.568,144792,3.131,6.179,77.0,-0.0102,0.2382,-0.1254,0.0681,-0.0106,5,0.16,False,False,False,False,measured
17031440900,Cook County,"Chicago-Naperville-Elgin, IL-IN",metro,1102,True,4.436,56875,3.233,3.031,42.0,0.3134,-0.1115,-0.1116,0.2155,-0.1461,5,0.1597,False,False,False,True,measured
17043845808,DuPage County,"Chicago-Naperville-Elgin, IL-IN",metro,1268,False,1.587,153750,3.131,7.946,67.0,0.075,0.2739,-0.1254,-0.0147,-0.0493,5,0.1595,False,False,False,False,measured
17031821600,Cook County,"Chicago-Naperville-Elgin, IL-IN",metro,1752,False,1.61,82955,3.233,5.492,106.0,0.0769,-0.0078,-0.1116,0.1003,0.1017,5,0.1595,False,False,False,True,measured
55125950201,Vilas County,,rural,1394,False,1.31,65938,8.314,17.803,101.0,0.0519,-0.0755,0.577,-0.4763,0.0823,5,0.1594,True,False,False,False,measured
17043841110,DuPage County,"Chicago-Naperville-Elgin, IL-IN",metro,1339,False,2.965,104071,3.131,7.181,79.0,0.1903,0.0762,-0.1254,0.0211,-0.0029,5,0.1594,False,False,False,False,measured
55059001401,Kenosha County,"Kenosha, WI",metro,1059,False,1.008,97768,4.613,7.274,77.0,0.0266,0.0512,0.0754,0.0168,-0.0106,5,0.1593,True,False,False,False,measured
17031804609,Cook County,"Chicago-Naperville-Elgin, IL-IN",metro,2465,False,1.528,110392,3.233,8.842,120.0,0.0701,0.1014,-0.1116,-0.0567,0.1559,5,0.1591,False,False,False,True,measured
17197882300,Will County,"Chicago-Naperville-Elgin, IL-IN",metro,1347,True,0.913,57646,4.616,3.555,75.0,0.0187,-0.1084,0.0758,0.1909,-0.0183,5,0.1587,True,False,False,False,measured
17039971600,De Witt County,,rural,1636,False,1.509,86744,5.222,8.522,71.0,0.0685,0.0073,0.1581,-0.0417,-0.0338,5,0.1583,False,False,False,False,measured
17031810000,Cook County,"Chicago-Naperville-Elgin, IL-IN",metro,2820,False,0.907,111237,3.233,5.345,90.0,0.0182,0.1047,-0.1116,0.1071,0.0397,5,0.1582,False,False,False,True,measured
17121952100,Marion County,"Centralia, IL",micro,1402,True,1.676,53125,7.574,10.959,49.0,0.0825,-0.1264,0.4768,-0.1558,-0.119,5,0.158,False,False,False,False,measured
17031802608,Cook County,"Chicago-Naperville-Elgin, IL-IN",metro,2848,False,-0.815,90778,3.233,6.986,168.0,-0.1259,0.0234,-0.1116,0.0303,0.3417,5,0.1578,False,False,False,True,measured
17031241600,Cook County,"Chicago-Naperville-Elgin, IL-IN",metro,1844,False,2.828,117027,3.233,8.368,79.0,0.1788,0.1278,-0.1116,-0.0345,-0.0029,5,0.1577,False,False,False,True,measured
55073000400,Marathon County,"Wausau, WI",metro,2796,True,0.103,52289,6.882,12.872,131.0,-0.0491,-0.1297,0.383,-0.2454,0.1984,5,0.1572,False,False,False,False,measured
55063010203,La Crosse County,"La Crosse-Onalaska, WI-MN",metro,680,False,-3.208,94408,8.411,9.347,63.0,-0.326,0.0378,0.5902,-0.0803,-0.0648,5,0.1569,False,False,False,False,measured
17037000600,DeKalb County,"Chicago-Naperville-Elgin, IL-IN",metro,2379,False,1.979,73450,2.663,11.767,203.0,0.1078,-0.0456,-0.1889,-0.1936,0.4772,5,0.1569,False,False,False,False,measured
17031833300,Cook County,"Chicago-Naperville-Elgin, IL-IN",metro,1412,False,6.931,91500,3.233,9.332,28.0,0.522,0.0262,-0.1116,-0.0796,-0.2003,5,0.1568,False,False,False,True,measured
17097864105,Lake County,"Chicago-Naperville-Elgin, IL-IN",metro,2356,False,-0.543,127321,2.585,6.83,145.0,-0.1031,0.1687,-0.1993,0.0376,0.2526,5,0.1565,False,False,False,True,measured
55033970700,Dunn County,"Menomonie, WI",micro,2518,False,0.345,65408,4.562,6.325,114.0,-0.0288,-0.0776,0.0686,0.0612,0.1326,5,0.1561,False,False,False,False,measured
17031829904,Cook County,"Chicago-Naperville-Elgin, IL-IN",metro,2276,False,0.057,80673,3.233,6.828,157.0,-0.0529,-0.0168,-0.1116,0.0377,0.2991,5,0.1554,True,False,False,True,measured
55133201102,Waukesha County,"Milwaukee-Waukesha, WI",metro,1283,False,2.181,111359,5.429,13.976,89.0,0.1247,0.1052,0.1861,-0.2971,0.0359,5,0.1547,True,False,False,False,measured
17031243400,Cook County,"Chicago-Naperville-Elgin, IL-IN",metro,1562,False,3.208,125278,3.233,8.574,64.0,0.2106,0.1606,-0.1116,-0.0441,-0.0609,5,0.1546,False,False,False,True,measured
17031801607,Cook County,"Chicago-Naperville-Elgin, IL-IN",metro,2062,False,0.078,155714,3.233,8.221,96.0,-0.0512,0.2817,-0.1116,-0.0276,0.0629,5,0.1543,False,False,False,True,measured
17031100500,Cook County,"Chicago-Naperville-Elgin, IL-IN",metro,2389,False,0.57,128688,3.233,7.806,108.0,-0.0101,0.1742,-0.1116,-0.0082,0.1094,5,0.1538,False,False,False,True,measured
17143004801,Peoria County,"Peoria, IL",metro,1979,False,2.223,83299,4.713,9.954,93.0,0.1282,-0.0064,0.089,-0.1087,0.0513,5,0.1534,False,False,False,False,measured
17089851913,Kane County,"Chicago-Naperville-Elgin, IL-IN",metro,2189,False,-1.172,110865,5.101,10.333,129.0,-0.1557,0.1033,0.1416,-0.1265,0.1907,5,0.1533,True,False,False,False,measured
17201000105,Winnebago County,"Rockford, IL",metro,1486,False,-0.634,69619,5.151,6.286,109.0,-0.1107,-0.0608,0.1484,0.063,0.1133,5,0.1532,False,False,False,False,measured
17097863500,Lake County,"Chicago-Naperville-Elgin, IL-IN",metro,1985,False,-0.263,197431,2.585,9.307,96.0,-0.0797,0.4476,-0.1993,-0.0784,0.0629,5,0.1531,False,False,False,True,measured
17031836600,Cook County,"Chicago-Naperville-Elgin, IL-IN",metro,1130,True,5.152,76250,3.233,5.356,33.0,0.3733,-0.0344,-0.1116,0.1066,-0.1809,5,0.1529,False,False,False,True,measured
17031830400,Cook County,"Chicago-Naperville-Elgin, IL-IN",metro,1618,True,1.006,65878,3.233,5.09,130.0,0.0265,-0.0757,-0.1116,0.119,0.1946,5,0.1528,False,False,False,True,measured
17089851000,Kane County,"Chicago-Naperville-Elgin, IL-IN",metro,2728,True,1.767,72115,5.101,6.769,62.0,0.0901,-0.0509,0.1416,0.0404,-0.0687,5,0.1526,False,False,False,False,measured
17197883904,Will County,"Chicago-Naperville-Elgin, IL-IN",metro,1881,False,2.73,80684,4.616,10.633,96.0,0.1707,-0.0168,0.0758,-0.1405,0.0629,5,0.1521,False,False,False,False,measured
55125950202,Vilas County,,rural,749,False,1.31,83309,8.314,16.465,65.0,0.0519,-0.0064,0.577,-0.4137,-0.0571,5,0.1518,True,False,False,False,measured
55033970802,Dunn County,"Menomonie, WI",micro,1689,False,2.944,56042,4.562,6.958,74.0,0.1886,-0.1148,0.0686,0.0316,-0.0222,5,0.1517,True,False,False,False,measured
17201000200,Winnebago County,"Rockford, IL",metro,1477,True,1.28,45154,5.151,6.262,92.0,0.0494,-0.1581,0.1484,0.0642,0.0475,5,0.1513,False,False,False,False,measured
55129950100,Washburn County,,rural,1146,False,3.201,60000,5.941,12.004,77.0,0.2101,-0.0991,0.2554,-0.2047,-0.0106,5,0.1511,False,False,False,False,measured
55009002003,Brown County,"Green Bay, WI",metro,1652,False,2.219,72260,2.607,3.545,100.0,0.1279,-0.0503,-0.1964,0.1914,0.0784,5,0.1511,True,False,False,True,measured
17097860103,Lake County,"Chicago-Naperville-Elgin, IL-IN",metro,1391,False,0.57,95625,2.585,2.032,94.0,-0.01,0.0426,-0.1993,0.2623,0.0552,5,0.1508,False,False,False,True,measured
17031221500,Cook County,"Chicago-Naperville-Elgin, IL-IN",metro,1548,False,3.222,92193,3.233,5.299,57.0,0.2118,0.029,-0.1116,0.1093,-0.088,5,0.1505,False,False,False,True,measured
17031821300,Cook County,"Chicago-Naperville-Elgin, IL-IN",metro,2398,True,4.213,50063,3.233,3.079,52.0,0.2947,-0.1386,-0.1116,0.2133,-0.1074,5,0.1504,False,False,False,True,measured
55089650200,Ozaukee County,"Milwaukee-Waukesha, WI",metro,2384,False,2.089,84391,2.924,6.933,120.0,0.117,-0.0021,-0.1535,0.0327,0.1559,5,0.1501,False,False,False,False,measured
17031282700,Cook County,"Chicago-Naperville-Elgin, IL-IN",metro,1072,True,5.378,103942,3.233,9.08,44.0,0.3921,0.0757,-0.1116,-0.0678,-0.1384,5,0.1501,False,False,False,True,measured
17197883216,Will County,"Chicago-Naperville-Elgin, IL-IN",metro,1184,False,2.786,111019,4.616,11.537,74.0,0.1753,0.1039,0.0758,-0.1829,-0.0222,5,0.15,False,False,False,False,measured
17031801702,Cook County,"Chicago-Naperville-Elgin, IL-IN",metro,1760,False,1.584,177394,3.233,13.671,106.0,0.0748,0.3679,-0.1116,-0.2828,0.1017,5,0.15,False,False,False,True,measured
55025002301,Dane County,"Madison, WI",metro,1280,True,1.421,78333,2.659,1.902,89.0,0.0612,-0.0261,-0.1893,0.2684,0.0359,5,0.1499,False,False,False,False,measured
17031818800,Cook County,"Chicago-Naperville-Elgin, IL-IN",metro,2165,False,1.306,114614,3.233,8.755,117.0,0.0515,0.1182,-0.1116,-0.0526,0.1442,5,0.1498,False,False,False,True,measured
55129950300,Washburn County,,rural,1297,False,1.176,62188,5.941,8.353,74.0,0.0406,-0.0904,0.2554,-0.0337,-0.0222,5,0.1497,False,False,False,False,measured
17043842500,DuPage County,"Chicago-Naperville-Elgin, IL-IN",metro,1669,False,3.486,121791,3.131,8.837,67.0,0.2338,0.1467,-0.1254,-0.0564,-0.0493,5,0.1494,False,False,False,False,measured
55087012300,Outagamie County,"Appleton, WI",metro,788,True,2.848,62400,3.366,2.346,55.0,0.1805,-0.0895,-0.0936,0.2476,-0.0958,5,0.1492,True,False,False,False,measured
17115002601,Macon County,"Decatur, IL",metro,1870,False,1.853,92462,3.438,8.621,119.0,0.0973,0.0301,-0.0838,-0.0463,0.152,5,0.1492,False,False,False,False,measured
55111001100,Sauk County,"Baraboo, WI",micro,1538,False,-0.487,83403,6.347,8.482,75.0,-0.0984,-0.006,0.3105,-0.0398,-0.0183,5,0.1479,False,False,False,False,measured
55079070300,Milwaukee County,"Milwaukee-Waukesha, WI",metro,1958,False,0.739,101397,2.576,4.512,114.0,0.0041,0.0656,-0.2006,0.1461,0.1326,5,0.1479,False,False,False,True,measured
17197881402,Will County,"Chicago-Naperville-Elgin, IL-IN",metro,1342,False,0.453,86222,4.616,6.469,88.0,-0.0198,0.0052,0.0758,0.0545,0.032,5,0.1478,False,False,False,False,measured
17043842601,DuPage County,"Chicago-Naperville-Elgin, IL-IN",metro,1470,False,1.36,158636,3.131,11.014,101.0,0.056,0.2933,-0.1254,-0.1584,0.0823,5,0.1478,False,False,False,False,measured
55111000901,Sauk County,"Baraboo, WI",micro,839,False,0.924,74144,6.347,7.079,37.0,0.0196,-0.0428,0.3105,0.0259,-0.1655,5,0.1477,True,False,False,False,measured
55009000200,Brown County,"Green Bay, WI",metro,2832,True,1.17,67857,2.607,7.323,172.0,0.0402,-0.0678,-0.1964,0.0145,0.3572,5,0.1476,False,False,False,True,measured
55059001500,Kenosha County,"Kenosha, WI",metro,1413,False,0.777,88005,4.613,7.274,89.0,0.0073,0.0123,0.0754,0.0168,0.0359,5,0.1476,False,False,False,False,measured
17161020302,Rock Island County,"Davenport-Moline-Rock Island, IA-IL",metro,1253,False,3.475,42731,5.221,7.281,56.0,0.233,-0.1678,0.1578,0.0165,-0.0919,5,0.1475,True,False,False,False,measured
17031243000,Cook County,"Chicago-Naperville-Elgin, IL-IN",metro,1137,False,1.605,149280,3.233,8.231,68.0,0.0765,0.2561,-0.1116,-0.028,-0.0454,5,0.1475,False,False,False,True,measured
17161020102,Rock Island County,"Davenport-Moline-Rock Island, IA-IL",metro,1455,False,-0.934,113083,5.221,6.873,74.0,-0.1358,0.1121,0.1578,0.0356,-0.0222,5,0.1474,True,False,False,False,measured
17031720100,Cook County,"Chicago-Naperville-Elgin, IL-IN",metro,1123,False,-1.052,149803,3.233,4.617,81.0,-0.1457,0.2581,-0.1116,0.1412,0.0049,5,0.1469,False,False,False,True,measured
17197880414,Will County,"Chicago-Naperville-Elgin, IL-IN",metro,1518,False,0.83,108849,4.616,10.491,105.0,0.0117,0.0952,0.0758,-0.1339,0.0978,5,0.1467,False,False,False,False,measured
17089850400,Kane County,"Chicago-Naperville-Elgin, IL-IN",metro,1088,False,-0.116,71434,5.101,5.127,82.0,-0.0674,-0.0536,0.1416,0.1174,0.0088,5,0.1467,False,False,False,False,measured
17031050500,Cook County,"Chicago-Naperville-Elgin, IL-IN",metro,2044,False,-0.02,141563,3.233,5.526,78.0,-0.0593,0.2254,-0.1116,0.0986,-0.0067,5,0.1463,False,False,False,True,measured
55035000200,Eau Claire County,"Eau Claire, WI",metro,1804,False,-1.011,90676,1.628,0.0,141.0,-0.1423,0.023,-0.3291,0.3574,0.2372,5,0.1461,False,False,False,False,measured
17031828000,Cook County,"Chicago-Naperville-Elgin, IL-IN",metro,2077,False,2.112,70673,3.233,4.475,92.0,0.119,-0.0566,-0.1116,0.1479,0.0475,5,0.1461,False,False,False,True,measured
55023960200,Crawford County,,rural,1081,False,3.044,70481,6.349,12.514,60.0,0.1969,-0.0574,0.3108,-0.2286,-0.0764,5,0.1453,False,False,False,False,measured
17019010601,Champaign County,"Champaign-Urbana, IL",metro,2095,False,-0.478,126918,3.725,10.122,141.0,-0.0977,0.1671,-0.0448,-0.1166,0.2372,5,0.1451,False,False,False,False,measured
17031815800,Cook County,"Chicago-Naperville-Elgin, IL-IN",metro,733,False,4.352,113958,3.233,6.883,28.0,0.3064,0.1156,-0.1116,0.0351,-0.2003,5,0.1451,True,False,False,True,measured
55005000500,Barron County,"Rice Lake, WI",micro,2045,False,0.029,57264,6.002,10.134,122.0,-0.0553,-0.11,0.2637,-0.1172,0.1636,5,0.1449,False,False,False,False,measured
55005001004,Barron County,"Rice Lake, WI",micro,1694,False,0.384,64464,6.002,10.883,116.0,-0.0256,-0.0813,0.2637,-0.1522,0.1404,5,0.1449,True,False,False,False,measured
17111871404,McHenry County,"Chicago-Naperville-Elgin, IL-IN",metro,1621,False,-2.364,118021,4.254,6.382,127.0,-0.2555,0.1317,0.0269,0.0585,0.183,5,0.1446,False,False,False,False,measured
55025000402,Dane County,"Madison, WI",metro,1331,False,3.531,106477,2.659,6.364,67.0,0.2376,0.0858,-0.1893,0.0594,-0.0493,5,0.1442,False,False,False,False,measured
17039971800,De Witt County,,rural,1614,False,2.55,64537,5.222,7.147,51.0,0.1556,-0.081,0.1581,0.0227,-0.1113,5,0.1441,False,False,False,False,measured
17043844802,DuPage County,"Chicago-Naperville-Elgin, IL-IN",metro,1548,False,3.175,80517,3.131,7.783,102.0,0.2078,-0.0175,-0.1254,-0.0071,0.0862,5,0.144,False,False,False,False,measured
17161022100,Rock Island County,"Davenport-Moline-Rock Island, IA-IL",metro,1347,False,2.255,71181,5.221,8.263,64.0,0.1309,-0.0546,0.1578,-0.0295,-0.0609,5,0.1437,False,False,False,False,measured
17031810400,Cook County,"Chicago-Naperville-Elgin, IL-IN",metro,2032,False,-0.399,160500,3.233,8.089,97.0,-0.0911,0.3007,-0.1116,-0.0214,0.0668,5,0.1435,False,False,False,True,measured
55133200804,Waukesha County,"Milwaukee-Waukesha, WI",metro,1783,False,1.842,98886,5.429,12.319,86.0,0.0964,0.0556,0.1861,-0.2195,0.0242,5,0.1428,False,False,False,False,measured
17097865802,Lake County,"Chicago-Naperville-Elgin, IL-IN",metro,967,False,-0.422,250001,2.585,12.138,77.0,-0.093,0.6567,-0.1993,-0.211,-0.0106,5,0.1428,False,False,False,True,measured
17097860106,Lake County,"Chicago-Naperville-Elgin, IL-IN",metro,1171,False,1.386,94917,2.585,0.791,60.0,0.0582,0.0398,-0.1993,0.3204,-0.0764,5,0.1427,True,False,False,True,measured
17089850201,Kane County,"Chicago-Naperville-Elgin, IL-IN",metro,1120,True,1.948,77561,5.101,7.852,63.0,0.1053,-0.0292,0.1416,-0.0103,-0.0648,5,0.1425,False,False,False,False,measured
55057100700,Juneau County,,rural,1644,False,-0.167,71000,6.642,10.955,99.0,-0.0717,-0.0553,0.3505,-0.1556,0.0746,5,0.1424,False,False,False,False,measured
55035001500,Eau Claire County,"Eau Claire, WI",metro,1685,False,3.642,84601,1.628,5.479,112.0,0.2469,-0.0012,-0.3291,0.1009,0.1249,5,0.1423,False,False,False,False,measured
55045960600,Green County,"Madison, WI",metro,1585,True,2.024,73120,4.862,7.176,66.0,0.1116,-0.0469,0.1093,0.0214,-0.0532,5,0.1422,False,False,False,False,measured
17089854403,Kane County,"Chicago-Naperville-Elgin, IL-IN",metro,2370,True,-2.108,85884,5.101,4.544,102.0,-0.2341,0.0039,0.1416,0.1446,0.0862,5,0.1422,True,False,False,False,measured
55079160101,Milwaukee County,"Milwaukee-Waukesha, WI",metro,2273,False,3.357,89785,2.576,6.837,96.0,0.2231,0.0194,-0.2006,0.0372,0.0629,5,0.1421,True,False,False,True,measured
17043845701,DuPage County,"Chicago-Naperville-Elgin, IL-IN",metro,1648,False,2.279,99688,3.131,7.774,101.0,0.1329,0.0588,-0.1254,-0.0066,0.0823,5,0.142,False,False,False,False,measured
17043846313,DuPage County,"Chicago-Naperville-Elgin, IL-IN",metro,2104,False,-1.828,157729,3.131,7.104,122.0,-0.2106,0.2897,-0.1254,0.0248,0.1636,5,0.142,True,False,False,False,measured
17099962600,LaSalle County,"Ottawa, IL",micro,2268,False,-0.791,70278,6.809,11.103,109.0,-0.1238,-0.0582,0.3731,-0.1625,0.1133,5,0.1418,False,False,False,False,measured
55115100600,Shawano County,"Shawano, WI",micro,1689,False,0.922,62841,6.019,9.096,83.0,0.0194,-0.0878,0.266,-0.0686,0.0126,5,0.1417,False,False,False,False,measured
55069960400,Lincoln County,,rural,881,False,1.493,76964,5.781,6.911,38.0,0.0672,-0.0316,0.2338,0.0338,-0.1616,5,0.1416,False,False,False,False,measured
17043846305,DuPage County,"Chicago-Naperville-Elgin, IL-IN",metro,2205,False,0.228,98686,3.131,7.589,144.0,-0.0387,0.0548,-0.1254,0.002,0.2488,5,0.1415,False,False,False,False,measured
55087940000,Outagamie County,"Appleton, WI",metro,1495,True,-0.397,76651,3.366,0.0,80.0,-0.0909,-0.0328,-0.0936,0.3574,0.001,5,0.1412,False,False,False,False,measured
17031061901,Cook County,"Chicago-Naperville-Elgin, IL-IN",metro,2690,False,3.889,73769,3.233,5.963,67.0,0.2676,-0.0443,-0.1116,0.0782,-0.0493,5,0.1406,False,True,False,True,measured
17161020103,Rock Island County,"Davenport-Moline-Rock Island, IA-IL",metro,362,False,-0.934,88750,5.221,0.0,14.0,-0.1358,0.0153,0.1578,0.3574,-0.2545,5,0.1402,True,False,False,False,measured
17031813500,Cook County,"Chicago-Naperville-Elgin, IL-IN",metro,2143,True,3.299,78890,3.233,4.115,52.0,0.2182,-0.0239,-0.1116,0.1647,-0.1074,5,0.14,False,False,False,True,measured
17201001600,Winnebago County,"Rockford, IL",metro,2195,True,0.784,46964,5.151,6.601,102.0,0.0078,-0.1509,0.1484,0.0483,0.0862,5,0.1398,False,False,False,False,measured
17197880503,Will County,"Chicago-Naperville-Elgin, IL-IN",metro,2005,True,-1.669,86410,4.616,5.518,120.0,-0.1973,0.006,0.0758,0.099,0.1559,5,0.1394,False,False,False,False,measured
17167001100,Sangamon County,"Springfield, IL",metro,1118,True,-0.744,68684,7.206,10.11,83.0,-0.1199,-0.0645,0.4269,-0.1161,0.0126,5,0.139,False,False,False,False,measured
17081050800,Jefferson County,"Mount Vernon, IL",micro,1782,False,0.805,74434,6.481,9.447,61.0,0.0096,-0.0417,0.3286,-0.085,-0.0725,5,0.139,False,False,False,False,measured
17031820502,Cook County,"Chicago-Naperville-Elgin, IL-IN",metro,2163,True,4.8,62301,3.233,7.311,75.0,0.3438,-0.0899,-0.1116,0.0151,-0.0183,5,0.139,False,False,False,True,measured
17031815400,Cook County,"Chicago-Naperville-Elgin, IL-IN",metro,2485,False,4.241,62592,3.233,5.76,68.0,0.297,-0.0888,-0.1116,0.0877,-0.0454,5,0.1389,False,False,False,True,measured
17097861701,Lake County,"Chicago-Naperville-Elgin, IL-IN",metro,637,False,2.757,97056,2.585,2.682,50.0,0.1729,0.0483,-0.1993,0.2318,-0.1151,5,0.1387,False,False,False,True,measured
17031400500,Cook County,"Chicago-Naperville-Elgin, IL-IN",metro,1138,True,6.49,38373,3.233,3.195,13.0,0.4852,-0.1851,-0.1116,0.2078,-0.2584,5,0.1379,False,False,False,True,measured
55117010504,Sheboygan County,"Sheboygan, WI",metro,2029,False,1.6,84922,5.146,11.15,100.0,0.0762,0.0001,0.1477,-0.1648,0.0784,5,0.1376,True,False,False,False,measured
17031824123,Cook County,"Chicago-Naperville-Elgin, IL-IN",metro,2788,False,-0.093,101714,3.233,11.623,192.0,-0.0655,0.0669,-0.1116,-0.1869,0.4346,5,0.1375,False,False,False,True,measured
17019005402,Champaign County,"Champaign-Urbana, IL",metro,1930,True,3.411,68815,3.725,4.542,47.0,0.2276,-0.064,-0.0448,0.1447,-0.1267,5,0.1368,True,False,False,False,measured
17031802300,Cook County,"Chicago-Naperville-Elgin, IL-IN",metro,2712,False,3.429,111071,3.233,10.546,93.0,0.2291,0.1041,-0.1116,-0.1365,0.0513,5,0.1365,False,False,False,True,measured
17031815300,Cook County,"Chicago-Naperville-Elgin, IL-IN",metro,1391,False,2.709,102361,3.233,5.379,55.0,0.1689,0.0694,-0.1116,0.1055,-0.0958,5,0.1365,False,False,False,True,measured
17007010102,Boone County,"Rockford, IL",metro,1616,False,3.518,62024,4.976,8.031,50.0,0.2366,-0.091,0.1246,-0.0187,-0.1151,5,0.1364,True,False,False,False,measured
17111871311,McHenry County,"Chicago-Naperville-Elgin, IL-IN",metro,1842,False,1.84,110000,4.254,13.636,130.0,0.0962,0.0998,0.0269,-0.2812,0.1946,5,0.1363,True,False,False,False,measured
17043841112,DuPage County,"Chicago-Naperville-Elgin, IL-IN",metro,1223,False,1.451,145272,3.131,6.733,58.0,0.0637,0.2401,-0.1254,0.0421,-0.0842,5,0.1363,False,False,False,False,measured
17031808301,Cook County,"Chicago-Naperville-Elgin, IL-IN",metro,2722,False,3.053,85556,3.233,10.942,132.0,0.1977,0.0026,-0.1116,-0.155,0.2023,5,0.136,False,False,False,True,measured
17043841801,DuPage County,"Chicago-Naperville-Elgin, IL-IN",metro,1839,False,0.307,125568,3.131,7.657,114.0,-0.032,0.1617,-0.1254,-0.0012,0.1326,5,0.1358,False,False,False,False,measured
17167002801,Sangamon County,"Springfield, IL",metro,1425,True,0.755,53902,7.206,11.441,81.0,0.0054,-0.1233,0.4269,-0.1784,0.0049,5,0.1355,False,False,False,False,measured
17201000401,Winnebago County,"Rockford, IL",metro,878,False,0.222,86667,5.151,6.18,67.0,-0.0392,0.007,0.1484,0.068,-0.0493,5,0.1349,False,False,False,False,measured
17201003811,Winnebago County,"Rockford, IL",metro,558,False,1.624,107143,5.151,7.615,33.0,0.0781,0.0885,0.1484,0.0008,-0.1809,5,0.1348,True,False,False,False,measured
17065973300,Hamilton County,,rural,1059,False,-0.847,75949,7.92,7.829,24.0,-0.1285,-0.0356,0.5237,-0.0092,-0.2158,5,0.1346,False,False,False,False,measured
17031240900,Cook County,"Chicago-Naperville-Elgin, IL-IN",metro,607,False,4.376,100854,3.233,5.295,19.0,0.3083,0.0634,-0.1116,0.1095,-0.2351,5,0.1345,False,False,False,True,measured
17031251900,Cook County,"Chicago-Naperville-Elgin, IL-IN",metro,2383,True,5.562,42677,3.233,3.55,32.0,0.4075,-0.168,-0.1116,0.1912,-0.1848,5,0.1343,False,False,False,True,measured
17031819900,Cook County,"Chicago-Naperville-Elgin, IL-IN",metro,1013,False,-1.491,240625,3.233,12.481,89.0,-0.1824,0.6194,-0.1116,-0.2271,0.0359,5,0.1342,False,False,False,True,measured
55141010800,Wood County,"Wisconsin Rapids-Marshfield, WI",micro,1058,False,-2.173,70667,5.185,0.0,59.0,-0.2394,-0.0566,0.153,0.3574,-0.0803,5,0.1341,False,False,False,False,measured
17199020500,Williamson County,"Marion-Herrin, IL",micro,1557,True,0.938,60268,7.567,12.072,65.0,0.0207,-0.098,0.4758,-0.2079,-0.0571,5,0.1336,False,False,False,False,measured
17043846206,DuPage County,"Chicago-Naperville-Elgin, IL-IN",metro,1508,False,-0.77,155481,3.131,8.072,111.0,-0.1221,0.2807,-0.1254,-0.0206,0.121,5,0.1336,False,False,False,False,measured
17027900100,Clinton County,"St. Louis, MO-IL",metro,2549,False,1.467,103504,5.921,19.616,158.0,0.065,0.074,0.2527,-0.5612,0.303,5,0.1334,False,False,False,False,measured
17031809700,Cook County,"Chicago-Naperville-Elgin, IL-IN",metro,1262,False,1.267,140714,3.233,6.626,61.0,0.0483,0.222,-0.1116,0.0471,-0.0725,5,0.1333,False,False,False,True,measured
17031081403,Cook County,"Chicago-Naperville-Elgin, IL-IN",metro,7077,False,2.667,110327,3.233,10.276,106.0,0.1654,0.1011,-0.1116,-0.1238,0.1017,5,0.1328,True,False,False,True,measured
17097861301,Lake County,"Chicago-Naperville-Elgin, IL-IN",metro,2101,True,2.029,71806,2.585,4.985,118.0,0.112,-0.0521,-0.1993,0.124,0.1481,5,0.1327,False,False,False,True,measured
17031150501,Cook County,"Chicago-Naperville-Elgin, IL-IN",metro,1572,False,2.243,126471,3.233,6.677,55.0,0.1299,0.1653,-0.1116,0.0447,-0.0958,5,0.1326,False,False,False,True,measured
17031814600,Cook County,"Chicago-Naperville-Elgin, IL-IN",metro,1758,True,0.792,102987,3.233,4.657,86.0,0.0085,0.0719,-0.1116,0.1393,0.0242,5,0.1325,False,False,False,True,measured
17031809100,Cook County,"Chicago-Naperville-Elgin, IL-IN",metro,1580,False,2.699,114211,3.233,7.449,67.0,0.1681,0.1166,-0.1116,0.0086,-0.0493,5,0.1323,False,False,False,True,measured
55105003200,Rock County,"Janesville-Beloit, WI",metro,991,False,0.293,76953,3.865,0.0,45.0,-0.0332,-0.0316,-0.0259,0.3574,-0.1345,5,0.1322,False,False,False,False,measured
17043841604,DuPage County,"Chicago-Naperville-Elgin, IL-IN",metro,1510,False,1.453,89214,3.131,4.46,87.0,0.0638,0.0171,-0.1254,0.1486,0.0281,5,0.1322,True,False,False,False,measured
17043840600,DuPage County,"Chicago-Naperville-Elgin, IL-IN",metro,1816,False,-0.0,161600,3.131,8.595,94.0,-0.0577,0.3051,-0.1254,-0.0451,0.0552,5,0.1321,False,False,False,False,measured
17167000300,Sangamon County,"Springfield, IL",metro,1008,True,0.077,45814,7.206,7.226,52.0,-0.0513,-0.1555,0.4269,0.019,-0.1074,5,0.1318,True,False,False,False,measured
17163501802,St. Clair County,"St. Louis, MO-IL",metro,1121,False,0.745,42303,6.452,7.356,69.0,0.0046,-0.1695,0.3247,0.0129,-0.0416,5,0.1312,True,False,False,False,measured
17031812700,Cook County,"Chicago-Naperville-Elgin, IL-IN",metro,1661,False,1.367,97902,3.233,4.793,80.0,0.0566,0.0517,-0.1116,0.133,0.001,5,0.1307,False,False,False,True,measured
17201003300,Winnebago County,"Rockford, IL",metro,1377,True,1.078,47031,5.151,4.187,64.0,0.0325,-0.1507,0.1484,0.1614,-0.0609,5,0.1306,False,False,False,False,measured
17031823702,Cook County,"Chicago-Naperville-Elgin, IL-IN",metro,2845,False,3.349,69904,3.233,6.703,89.0,0.2224,-0.0597,-0.1116,0.0435,0.0359,5,0.1305,False,False,False,True,measured
17031807200,Cook County,"Chicago-Naperville-Elgin, IL-IN",metro,1887,False,0.419,130783,3.233,7.553,100.0,-0.0227,0.1825,-0.1116,0.0037,0.0784,5,0.1304,False,False,False,True,measured
17031813801,Cook County,"Chicago-Naperville-Elgin, IL-IN",metro,997,True,6.058,52218,3.233,4.42,21.0,0.449,-0.13,-0.1116,0.1504,-0.2274,5,0.1304,False,False,False,True,measured
55133202304,Waukesha County,"Milwaukee-Waukesha, WI",metro,1356,False,-0.236,74615,5.429,7.565,95.0,-0.0774,-0.0409,0.1861,0.0032,0.0591,5,0.13,True,False,False,False,measured
17201003806,Winnebago County,"Rockford, IL",metro,1825,False,-1.296,122131,5.151,9.915,107.0,-0.1661,0.1481,0.1484,-0.1069,0.1055,5,0.129,False,False,False,False,measured
17145030500,Perry County,,rural,1016,False,0.079,80385,7.989,10.266,25.0,-0.0511,-0.018,0.5331,-0.1234,-0.2119,5,0.1287,False,False,False,False,measured
55059002200,Kenosha County,"Kenosha, WI",metro,1357,False,-1.487,79034,4.613,6.267,130.0,-0.1821,-0.0234,0.0754,0.0639,0.1946,5,0.1285,False,False,False,False,measured
17031100400,Cook County,"Chicago-Naperville-Elgin, IL-IN",metro,1279,False,0.589,142123,3.233,7.791,87.0,-0.0085,0.2276,-0.1116,-0.0074,0.0281,5,0.1283,False,False,False,True,measured
17031050700,Cook County,"Chicago-Naperville-Elgin, IL-IN",metro,713,False,1.619,135653,3.233,5.205,40.0,0.0777,0.2019,-0.1116,0.1137,-0.1538,5,0.1278,False,False,False,True,measured
55085970101,Oneida County,,rural,913,False,3.101,78920,5.104,12.176,85.0,0.2017,-0.0238,0.142,-0.2128,0.0204,5,0.1275,False,False,False,False,measured
17031822602,Cook County,"Chicago-Naperville-Elgin, IL-IN",metro,3190,False,2.961,71677,3.233,8.803,120.0,0.1899,-0.0526,-0.1116,-0.0548,0.1559,5,0.1268,False,False,False,True,measured
17031803800,Cook County,"Chicago-Naperville-Elgin, IL-IN",metro,1735,False,-0.544,133380,3.233,7.37,115.0,-0.1032,0.1928,-0.1116,0.0123,0.1365,5,0.1268,False,False,False,True,measured
17031220702,Cook County,"Chicago-Naperville-Elgin, IL-IN",metro,1656,True,3.327,84167,3.233,4.662,49.0,0.2206,-0.0029,-0.1116,0.1391,-0.119,5,0.1262,False,False,False,True,measured
17119401400,Madison County,"St. Louis, MO-IL",metro,1454,True,2.424,59298,3.735,5.866,91.0,0.1451,-0.1019,-0.0435,0.0827,0.0436,5,0.126,False,False,False,False,measured
55133203704,Waukesha County,"Milwaukee-Waukesha, WI",metro,1899,False,-2.247,125368,5.429,13.008,151.0,-0.2456,0.161,0.1861,-0.2518,0.2759,5,0.1255,False,False,False,False,measured
17031120100,Cook County,"Chicago-Naperville-Elgin, IL-IN",metro,1523,False,0.385,163007,3.233,8.601,79.0,-0.0255,0.3107,-0.1116,-0.0454,-0.0029,5,0.1254,False,False,False,True,measured
55005000100,Barron County,"Rice Lake, WI",micro,1649,False,0.208,75292,6.002,12.244,120.0,-0.0404,-0.0382,0.2637,-0.216,0.1559,5,0.125,False,False,False,False,measured
17031834200,Cook County,"Chicago-Naperville-Elgin, IL-IN",metro,2125,True,3.537,60966,3.233,3.092,49.0,0.2382,-0.0952,-0.1116,0.2126,-0.119,5,0.125,False,False,False,True,measured
17043846518,DuPage County,"Chicago-Naperville-Elgin, IL-IN",metro,1099,False,-1.056,143424,3.131,5.813,100.0,-0.1461,0.2328,-0.1254,0.0852,0.0784,5,0.1249,False,False,False,False,measured
17031051000,Cook County,"Chicago-Naperville-Elgin, IL-IN",metro,688,False,-1.015,186458,3.233,5.215,44.0,-0.1426,0.404,-0.1116,0.1132,-0.1384,5,0.1246,False,False,False,True,measured
55079091200,Milwaukee County,"Milwaukee-Waukesha, WI",metro,3006,False,3.588,72480,2.576,5.248,85.0,0.2424,-0.0494,-0.2006,0.1117,0.0204,5,0.1244,False,False,False,True,measured
55141010200,Wood County,"Wisconsin Rapids-Marshfield, WI",micro,2419,False,0.526,72774,5.185,8.021,93.0,-0.0137,-0.0483,0.153,-0.0182,0.0513,5,0.1242,False,False,False,False,measured
55111000102,Sauk County,"Baraboo, WI",micro,1038,False,2.246,49529,6.347,8.182,41.0,0.1301,-0.1407,0.3105,-0.0258,-0.15,5,0.1241,True,False,False,False,measured
55117010601,Sheboygan County,"Sheboygan, WI",metro,2540,False,0.66,81589,5.146,13.277,146.0,-0.0025,-0.0132,0.1477,-0.2644,0.2565,5,0.1241,False,False,False,False,measured
17031802503,Cook County,"Chicago-Naperville-Elgin, IL-IN",metro,2587,False,1.699,106076,3.233,6.967,89.0,0.0844,0.0842,-0.1116,0.0312,0.0359,5,0.1241,False,False,False,True,measured
17199021001,Williamson County,"Marion-Herrin, IL",micro,1292,True,3.353,49250,7.567,12.765,30.0,0.2228,-0.1418,0.4758,-0.2404,-0.1926,5,0.1238,True,False,False,False,measured
55039040500,Fond du Lac County,"Fond du Lac, WI",metro,1978,True,2.12,32750,5.907,6.589,57.0,0.1197,-0.2075,0.2508,0.0488,-0.088,5,0.1238,False,False,False,False,measured
55079186600,Milwaukee County,"Milwaukee-Waukesha, WI",metro,1112,True,7.881,62000,2.576,6.673,20.0,0.6015,-0.0911,-0.2006,0.0449,-0.2313,5,0.1234,False,False,False,True,measured
17031827801,Cook County,"Chicago-Naperville-Elgin, IL-IN",metro,1633,True,1.399,82489,3.233,5.443,101.0,0.0593,-0.0096,-0.1116,0.1025,0.0823,5,0.123,False,False,False,True,measured
17031230400,Cook County,"Chicago-Naperville-Elgin, IL-IN",metro,746,True,2.351,104050,3.233,4.097,42.0,0.1389,0.0762,-0.1116,0.1656,-0.1461,5,0.123,False,False,False,True,measured
17031808500,Cook County,"Chicago-Naperville-Elgin, IL-IN",metro,1453,False,1.724,150406,3.233,10.559,86.0,0.0865,0.2605,-0.1116,-0.1371,0.0242,5,0.1226,False,False,False,True,measured
17119403122,Madison County,"St. Louis, MO-IL",metro,2394,False,2.172,131346,3.735,16.493,150.0,0.124,0.1847,-0.0435,-0.415,0.272,5,0.1223,False,False,False,False,measured
17119400904,Madison County,"St. Louis, MO-IL",metro,1550,True,1.536,55179,3.735,4.592,98.0,0.0708,-0.1183,-0.0435,0.1424,0.0707,5,0.1221,False,False,False,False,measured
17167000600,Sangamon County,"Springfield, IL",metro,2113,True,-0.141,36951,7.206,7.778,70.0,-0.0695,-0.1908,0.4269,-0.0068,-0.0377,5,0.1221,False,False,False,False,measured
17031252202,Cook County,"Chicago-Naperville-Elgin, IL-IN",metro,1889,True,4.973,46875,3.233,3.945,42.0,0.3583,-0.1513,-0.1116,0.1727,-0.1461,5,0.122,False,False,False,True,measured
17031820204,Cook County,"Chicago-Naperville-Elgin, IL-IN",metro,2359,False,3.273,101838,3.233,8.645,79.0,0.2161,0.0674,-0.1116,-0.0474,-0.0029,5,0.1216,True,False,False,True,measured
55025001405,Dane County,"Madison, WI",metro,2326,True,3.16,77188,2.659,4.359,75.0,0.2066,-0.0307,-0.1893,0.1533,-0.0183,5,0.1215,True,False,False,False,measured
17031824126,Cook County,"Chicago-Naperville-Elgin, IL-IN",metro,2014,False,0.626,166333,3.233,12.126,112.0,-0.0054,0.3239,-0.1116,-0.2105,0.1249,5,0.1214,True,False,False,True,measured
17143002300,Peoria County,"Peoria, IL",metro,2141,False,-1.041,51263,4.713,6.802,150.0,-0.1448,-0.1338,0.089,0.0389,0.272,5,0.1213,False,False,False,False,measured
17031770601,Cook County,"Chicago-Naperville-Elgin, IL-IN",metro,1130,False,1.383,85491,3.233,6.782,114.0,0.058,0.0023,-0.1116,0.0398,0.1326,5,0.1212,False,False,False,True,measured
55105002700,Rock County,"Janesville-Beloit, WI",metro,926,False,-1.182,92391,3.865,0.0,58.0,-0.1566,0.0298,-0.0259,0.3574,-0.0842,5,0.1206,False,False,False,False,measured
17171970600,Scott County,"Jacksonville, IL",micro,688,False,0.743,78462,11.926,21.943,14.0,0.0044,-0.0256,1.0665,-0.6702,-0.2545,5,0.1206,False,False,False,False,measured
17197882900,Will County,"Chicago-Naperville-Elgin, IL-IN",metro,1056,True,4.463,63333,4.616,8.051,37.0,0.3156,-0.0858,0.0758,-0.0196,-0.1655,5,0.1205,False,False,False,False,measured
17097860808,Lake County,"Chicago-Naperville-Elgin, IL-IN",metro,1134,False,1.428,101847,2.585,3.004,73.0,0.0617,0.0674,-0.1993,0.2167,-0.0261,5,0.1204,True,False,False,True,measured
17097861609,Lake County,"Chicago-Naperville-Elgin, IL-IN",metro,1631,False,0.663,160125,2.585,7.581,85.0,-0.0023,0.2992,-0.1993,0.0024,0.0204,5,0.1204,False,False,False,True,measured
17197880412,Will County,"Chicago-Naperville-Elgin, IL-IN",metro,1403,False,0.002,104006,4.616,9.166,105.0,-0.0576,0.076,0.0758,-0.0718,0.0978,5,0.1202,False,False,False,False,measured
17073030100,Henry County,"Davenport-Moline-Rock Island, IA-IL",metro,2210,False,-1.37,80313,4.778,7.909,138.0,-0.1723,-0.0183,0.0979,-0.013,0.2255,5,0.1199,False,False,False,False,measured
17031241000,Cook County,"Chicago-Naperville-Elgin, IL-IN",metro,924,True,4.04,98304,3.233,6.119,35.0,0.2802,0.0533,-0.1116,0.0709,-0.1732,5,0.1196,False,False,False,True,measured
17031804714,Cook County,"Chicago-Naperville-Elgin, IL-IN",metro,1361,False,2.145,102210,3.233,7.035,83.0,0.1217,0.0688,-0.1116,0.028,0.0126,5,0.1195,False,False,False,True,measured
17031801605,Cook County,"Chicago-Naperville-Elgin, IL-IN",metro,2106,False,-1.12,142500,3.233,9.752,145.0,-0.1514,0.2291,-0.1116,-0.0993,0.2526,5,0.1195,False,False,False,True,measured
17031841900,Cook County,"Chicago-Naperville-Elgin, IL-IN",metro,1671,False,0.461,141017,3.233,9.31,107.0,-0.0191,0.2232,-0.1116,-0.0786,0.1055,5,0.1194,False,False,False,True,measured
17163504352,St. Clair County,"St. Louis, MO-IL",metro,1881,False,-0.229,79112,6.452,12.555,112.0,-0.0769,-0.023,0.3247,-0.2306,0.1249,5,0.1191,False,False,False,False,measured
55051180100,Iron County,,rural,1261,True,0.668,54234,6.411,5.0,28.0,-0.0018,-0.122,0.3192,0.1233,-0.2003,5,0.1184,False,False,False,False,measured
55025000700,Dane County,"Madison, WI",metro,1228,False,-1.814,136167,2.659,4.437,122.0,-0.2094,0.2039,-0.1893,0.1496,0.1636,5,0.1184,False,False,False,False,measured
17089850704,Kane County,"Chicago-Naperville-Elgin, IL-IN",metro,3205,True,1.445,53967,5.101,9.437,111.0,0.0631,-0.1231,0.1416,-0.0845,0.121,5,0.1182,True,False,False,False,measured
55115101000,Shawano County,"Shawano, WI",micro,1366,False,-0.814,79375,6.019,9.639,104.0,-0.1258,-0.022,0.266,-0.094,0.0939,5,0.1181,False,False,False,False,measured
17031160502,Cook County,"Chicago-Naperville-Elgin, IL-IN",metro,1548,False,2.473,114719,3.233,5.327,42.0,0.1492,0.1186,-0.1116,0.108,-0.1461,5,0.118,False,False,False,True,measured
17031150200,Cook County,"Chicago-Naperville-Elgin, IL-IN",metro,2962,False,0.396,105145,3.233,5.189,95.0,-0.0246,0.0805,-0.1116,0.1144,0.0591,5,0.1179,False,False,False,True,measured
17031824119,Cook County,"Chicago-Naperville-Elgin, IL-IN",metro,2198,False,0.99,110338,3.233,8.432,116.0,0.0251,0.1012,-0.1116,-0.0374,0.1404,5,0.1177,False,False,False,True,measured
17043842711,DuPage County,"Chicago-Naperville-Elgin, IL-IN",metro,953,False,1.108,173403,3.131,10.151,73.0,0.035,0.352,-0.1254,-0.1179,-0.0261,5,0.1175,False,False,False,False,measured
17031241300,Cook County,"Chicago-Naperville-Elgin, IL-IN",metro,816,False,1.352,173929,3.233,8.619,45.0,0.0554,0.3541,-0.1116,-0.0462,-0.1345,5,0.1172,False,False,False,True,measured
17031241100,Cook County,"Chicago-Naperville-Elgin, IL-IN",metro,1756,False,2.861,101016,3.233,7.353,72.0,0.1816,0.0641,-0.1116,0.0131,-0.03,5,0.1172,False,False,False,True,measured
17197880203,Will County,"Chicago-Naperville-Elgin, IL-IN",metro,1141,False,1.323,85797,4.616,7.243,71.0,0.053,0.0035,0.0758,0.0182,-0.0338,5,0.1167,True,False,False,False,measured
17097860104,Lake County,"Chicago-Naperville-Elgin, IL-IN",metro,1446,False,2.073,76926,2.585,2.46,77.0,0.1157,-0.0317,-0.1993,0.2422,-0.0106,5,0.1163,False,False,False,True,measured
17031140800,Cook County,"Chicago-Naperville-Elgin, IL-IN",metro,2642,False,0.406,108958,3.233,5.074,89.0,-0.0237,0.0957,-0.1116,0.1198,0.0359,5,0.116,False,False,False,True,measured
17031301701,Cook County,"Chicago-Naperville-Elgin, IL-IN",metro,1495,True,6.232,58678,3.233,5.01,14.0,0.4636,-0.1043,-0.1116,0.1228,-0.2545,5,0.116,False,False,False,True,measured
17031823801,Cook County,"Chicago-Naperville-Elgin, IL-IN",metro,2212,False,0.055,111221,3.233,4.723,90.0,-0.0531,0.1047,-0.1116,0.1362,0.0397,5,0.1159,False,False,False,True,measured
17031210501,Cook County,"Chicago-Naperville-Elgin, IL-IN",metro,1478,True,3.911,76379,3.233,4.623,41.0,0.2695,-0.0339,-0.1116,0.1409,-0.15,5,0.1149,False,False,False,True,measured
17031110400,Cook County,"Chicago-Naperville-Elgin, IL-IN",metro,2164,False,2.997,92315,3.233,6.332,65.0,0.1929,0.0295,-0.1116,0.0609,-0.0571,5,0.1147,False,False,False,True,measured
17197882200,Will County,"Chicago-Naperville-Elgin, IL-IN",metro,1366,True,0.913,59013,4.616,2.629,51.0,0.0187,-0.103,0.0758,0.2343,-0.1113,5,0.1146,True,False,False,False,measured
17031120200,Cook County,"Chicago-Naperville-Elgin, IL-IN",metro,1805,False,0.59,141458,3.233,6.872,73.0,-0.0083,0.225,-0.1116,0.0356,-0.0261,5,0.1146,False,False,False,True,measured
17201000510,Winnebago County,"Rockford, IL",metro,1391,False,1.423,111138,5.151,10.701,65.0,0.0613,0.1043,0.1484,-0.1437,-0.0571,5,0.1133,False,False,False,False,measured
17031825400,Cook County,"Chicago-Naperville-Elgin, IL-IN",metro,2533,False,2.065,88346,3.233,9.241,124.0,0.1151,0.0137,-0.1116,-0.0753,0.1713,5,0.1132,False,False,False,True,measured
17201000402,Winnebago County,"Rockford, IL",metro,1288,False,0.524,74375,5.151,6.975,77.0,-0.0139,-0.0419,0.1484,0.0308,-0.0106,5,0.1128,False,False,False,False,measured
17007010502,Boone County,"Rockford, IL",metro,1940,False,-0.609,97778,4.976,10.234,123.0,-0.1087,0.0512,0.1246,-0.1218,0.1675,5,0.1128,True,False,False,False,measured
17115003000,Macon County,"Decatur, IL",metro,1349,False,0.059,84688,3.438,0.0,52.0,-0.0527,-0.0009,-0.0838,0.3574,-0.1074,5,0.1127,False,False,False,False,measured
17031750400,Cook County,"Chicago-Naperville-Elgin, IL-IN",metro,1276,False,1.219,113088,3.233,5.708,74.0,0.0443,0.1121,-0.1116,0.0901,-0.0222,5,0.1127,False,False,False,True,measured
17197884005,Will County,"Chicago-Naperville-Elgin, IL-IN",metro,498,True,-2.965,121771,4.616,0.0,38.0,-0.3057,0.1466,0.0758,0.3574,-0.1616,5,0.1126,False,False,False,False,measured
17073030201,Henry County,"Davenport-Moline-Rock Island, IA-IL",metro,1787,False,0.45,109819,4.778,11.192,106.0,-0.02,0.0991,0.0979,-0.1667,0.1017,5,0.1119,False,False,False,False,measured
17031809401,Cook County,"Chicago-Naperville-Elgin, IL-IN",metro,1686,False,3.971,97838,3.233,4.8,19.0,0.2744,0.0514,-0.1116,0.1327,-0.2351,5,0.1118,True,False,False,True,measured
55055101701,Jefferson County,"Watertown-Fort Atkinson, WI",micro,520,False,-2.854,95000,7.566,5.742,29.0,-0.2964,0.0402,0.4757,0.0885,-0.1964,5,0.1115,False,False,False,False,measured
55025001605,Dane County,"Madison, WI",metro,2479,False,6.813,49290,2.659,4.11,19.0,0.5122,-0.1417,-0.1893,0.165,-0.2351,5,0.111,False,True,False,False,measured
17019000401,Champaign County,"Champaign-Urbana, IL",metro,802,True,11.197,2499,3.725,9.568,1.0,0.8789,-0.3278,-0.0448,-0.0907,-0.3048,5,0.1108,False,True,False,False,measured
55009000700,Brown County,"Green Bay, WI",metro,2117,True,0.419,68771,2.607,7.266,177.0,-0.0227,-0.0642,-0.1964,0.0172,0.3765,5,0.1104,True,False,False,True,measured
17089854402,Kane County,"Chicago-Naperville-Elgin, IL-IN",metro,1117,False,-2.108,105964,5.101,5.028,79.0,-0.2341,0.0838,0.1416,0.122,-0.0029,5,0.1104,True,False,False,False,measured
17031808001,Cook County,"Chicago-Naperville-Elgin, IL-IN",metro,1408,False,2.508,109250,3.233,6.496,59.0,0.1521,0.0968,-0.1116,0.0532,-0.0803,5,0.1103,False,False,False,True,measured
17089850301,Kane County,"Chicago-Naperville-Elgin, IL-IN",metro,2028,True,0.675,73269,5.101,8.053,89.0,-0.0012,-0.0463,0.1416,-0.0197,0.0359,5,0.1102,False,False,False,False,measured
17031390600,Cook County,"Chicago-Naperville-Elgin, IL-IN",metro,893,False,2.249,95542,3.233,2.653,32.0,0.1304,0.0423,-0.1116,0.2332,-0.1848,5,0.1095,False,False,False,True,measured
17031804606,Cook County,"Chicago-Naperville-Elgin, IL-IN",metro,2443,False,-0.212,128958,3.233,8.623,123.0,-0.0754,0.1752,-0.1116,-0.0464,0.1675,5,0.1094,False,False,False,True,measured
17197880702,Will County,"Chicago-Naperville-Elgin, IL-IN",metro,981,True,0.803,77813,4.616,4.311,53.0,0.0095,-0.0282,0.0758,0.1556,-0.1035,5,0.1091,True,False,False,False,measured
17019010604,Champaign County,"Champaign-Urbana, IL",metro,1144,False,1.666,117500,3.725,5.258,36.0,0.0817,0.1297,-0.0448,0.1112,-0.1693,5,0.1083,False,False,False,False,measured
55085970103,Oneida County,,rural,567,False,2.693,57946,5.104,6.452,41.0,0.1675,-0.1072,0.142,0.0553,-0.15,5,0.1076,True,False,False,False,measured
55079090900,Milwaukee County,"Milwaukee-Waukesha, WI",metro,1725,False,1.759,108276,2.576,4.639,76.0,0.0894,0.093,-0.2006,0.1402,-0.0145,5,0.1075,False,False,False,True,measured
55069960100,Lincoln County,,rural,1023,False,-2.075,81321,5.781,3.128,56.0,-0.2313,-0.0143,0.2338,0.2109,-0.0919,5,0.1073,False,False,False,False,measured
17031824003,Cook County,"Chicago-Naperville-Elgin, IL-IN",metro,2140,False,0.318,108553,3.233,9.208,139.0,-0.0311,0.0941,-0.1116,-0.0738,0.2294,5,0.107,False,False,False,True,measured
17113000502,McLean County,"Bloomington, IL",metro,1061,False,-2.054,96164,6.799,9.126,77.0,-0.2295,0.0448,0.3718,-0.07,-0.0106,5,0.1065,False,False,False,True,measured
55141011600,Wood County,"Wisconsin Rapids-Marshfield, WI",micro,2229,False,0.414,74499,5.185,7.273,80.0,-0.0231,-0.0414,0.153,0.0168,0.001,5,0.1064,False,False,False,False,measured
17031150700,Cook County,"Chicago-Naperville-Elgin, IL-IN",metro,1417,False,-0.169,132361,3.233,4.67,70.0,-0.0718,0.1888,-0.1116,0.1387,-0.0377,5,0.1064,False,False,False,True,measured
17115002500,Macon County,"Decatur, IL",metro,2778,False,1.969,102500,3.438,14.399,165.0,0.107,0.07,-0.0838,-0.3169,0.3301,5,0.1063,False,False,False,False,measured
17043846412,DuPage County,"Chicago-Naperville-Elgin, IL-IN",metro,2018,False,3.044,123693,3.131,9.133,67.0,0.1969,0.1543,-0.1254,-0.0703,-0.0493,5,0.1062,False,False,False,False,measured
17031813400,Cook County,"Chicago-Naperville-Elgin, IL-IN",metro,2056,True,2.457,83099,3.233,4.363,60.0,0.1478,-0.0072,-0.1116,0.1531,-0.0764,5,0.1058,False,False,False,True,measured
17031804712,Cook County,"Chicago-Naperville-Elgin, IL-IN",metro,1877,False,0.861,103750,3.233,5.833,91.0,0.0143,0.075,-0.1116,0.0843,0.0436,5,0.1056,False,False,False,True,measured
17031220500,Cook County,"Chicago-Naperville-Elgin, IL-IN",metro,1441,False,2.214,102552,3.233,5.337,57.0,0.1274,0.0702,-0.1116,0.1075,-0.088,5,0.1055,True,False,False,True,measured
17031810800,Cook County,"Chicago-Naperville-Elgin, IL-IN",metro,1722,False,0.724,98000,3.233,6.425,107.0,0.0028,0.0521,-0.1116,0.0565,0.1055,5,0.1054,False,False,False,True,measured
17031301200,Cook County,"Chicago-Naperville-Elgin, IL-IN",metro,1686,True,7.489,48160,3.233,7.002,19.0,0.5687,-0.1462,-0.1116,0.0295,-0.2351,5,0.1053,False,False,False,True,measured
17097864203,Lake County,"Chicago-Naperville-Elgin, IL-IN",metro,1580,False,0.285,107537,2.585,6.4,129.0,-0.0339,0.09,-0.1993,0.0577,0.1907,5,0.1052,False,False,False,True,measured
55079018100,Milwaukee County,"Milwaukee-Waukesha, WI",metro,1132,False,3.736,111406,2.576,7.078,59.0,0.2548,0.1054,-0.2006,0.0259,-0.0803,5,0.1052,False,False,False,True,measured
17031222500,Cook County,"Chicago-Naperville-Elgin, IL-IN",metro,554,False,0.911,159468,3.233,5.461,28.0,0.0185,0.2966,-0.1116,0.1017,-0.2003,5,0.1049,True,False,False,True,measured
17031836000,Cook County,"Chicago-Naperville-Elgin, IL-IN",metro,1132,False,3.01,88000,3.233,3.718,35.0,0.1941,0.0123,-0.1116,0.1833,-0.1732,5,0.1049,False,False,False,True,measured
17031834400,Cook County,"Chicago-Naperville-Elgin, IL-IN",metro,1952,False,2.888,37279,3.233,2.42,74.0,0.1839,-0.1895,-0.1116,0.2441,-0.0222,5,0.1047,False,False,False,True,measured
55113940002,Sawyer County,,rural,566,False,2.677,55313,6.841,9.723,22.0,0.1662,-0.1177,0.3774,-0.0979,-0.2235,5,0.1045,True,False,False,False,measured
55025001000,Dane County,"Madison, WI",metro,968,False,1.31,125000,2.659,4.574,64.0,0.0519,0.1595,-0.1893,0.1432,-0.0609,5,0.1044,False,False,False,False,measured
17031804716,Cook County,"Chicago-Naperville-Elgin, IL-IN",metro,1541,False,-0.203,106713,3.233,6.357,117.0,-0.0747,0.0867,-0.1116,0.0597,0.1442,5,0.1044,False,False,False,True,measured
55059001300,Kenosha County,"Kenosha, WI",metro,1645,True,1.794,73250,4.613,6.949,67.0,0.0923,-0.0464,0.0754,0.032,-0.0493,5,0.1041,False,False,False,False,measured
17031823903,Cook County,"Chicago-Naperville-Elgin, IL-IN",metro,1708,False,0.596,141761,3.233,10.439,113.0,-0.0079,0.2262,-0.1116,-0.1314,0.1288,5,0.1041,False,False,False,True,measured
17031824602,Cook County,"Chicago-Naperville-Elgin, IL-IN",metro,2503,False,0.808,82366,3.233,6.848,126.0,0.0099,-0.0101,-0.1116,0.0367,0.1791,5,0.104,False,False,False,True,measured
55079000304,Milwaukee County,"Milwaukee-Waukesha, WI",metro,1175,False,-0.32,102336,2.576,3.311,110.0,-0.0845,0.0693,-0.2006,0.2024,0.1171,5,0.1037,False,False,False,True,measured
17031720600,Cook County,"Chicago-Naperville-Elgin, IL-IN",metro,629,False,0.386,160489,3.233,5.223,35.0,-0.0254,0.3007,-0.1116,0.1128,-0.1732,5,0.1033,False,False,False,True,measured
17197883515,Will County,"Chicago-Naperville-Elgin, IL-IN",metro,1609,False,2.454,123173,4.616,14.299,90.0,0.1476,0.1522,0.0758,-0.3122,0.0397,5,0.1031,True,False,False,False,measured
17201000104,Winnebago County,"Rockford, IL",metro,1089,True,2.028,52796,5.151,7.376,69.0,0.1119,-0.1277,0.1484,0.012,-0.0416,5,0.103,False,False,False,False,measured
17031590600,Cook County,"Chicago-Naperville-Elgin, IL-IN",metro,1445,True,4.277,95114,3.233,5.97,27.0,0.3,0.0406,-0.1116,0.0778,-0.2042,5,0.1027,False,False,False,True,measured
55111000104,Sauk County,"Baraboo, WI",micro,665,True,2.246,49702,6.347,7.582,28.0,0.1301,-0.14,0.3105,0.0023,-0.2003,5,0.1026,True,False,False,False,measured
17031821200,Cook County,"Chicago-Naperville-Elgin, IL-IN",metro,2590,True,3.746,39594,3.233,3.204,62.0,0.2556,-0.1802,-0.1116,0.2074,-0.0687,5,0.1025,False,False,False,True,measured
17201003805,Winnebago County,"Rockford, IL",metro,2843,False,0.149,74594,5.151,12.012,143.0,-0.0452,-0.041,0.1484,-0.2051,0.2449,5,0.102,False,False,False,False,measured
55025002900,Dane County,"Madison, WI",metro,1573,True,1.461,76325,2.659,3.901,102.0,0.0645,-0.0341,-0.1893,0.1748,0.0862,5,0.102,False,False,False,False,measured
55059001900,Kenosha County,"Kenosha, WI",metro,1048,False,0.682,95769,4.613,4.698,40.0,-0.0007,0.0432,0.0754,0.1374,-0.1538,5,0.1015,False,False,False,False,measured
17031430500,Cook County,"Chicago-Naperville-Elgin, IL-IN",metro,2181,True,6.272,33322,3.233,3.319,15.0,0.467,-0.2052,-0.1116,0.202,-0.2506,5,0.1015,False,False,False,True,measured
55085971400,Oneida County,,rural,1866,False,2.718,56250,5.104,8.634,67.0,0.1696,-0.114,0.142,-0.0469,-0.0493,5,0.1014,False,False,False,False,measured
17197883511,Will County,"Chicago-Naperville-Elgin, IL-IN",metro,1593,False,-0.818,125078,4.616,10.142,108.0,-0.1261,0.1598,0.0758,-0.1176,0.1094,5,0.1014,False,False,False,False,measured
17201001800,Winnebago County,"Rockford, IL",metro,2152,True,1.486,31571,5.151,5.477,79.0,0.0666,-0.2122,0.1484,0.1009,-0.0029,5,0.1009,False,False,False,False,measured
17161020600,Rock Island County,"Davenport-Moline-Rock Island, IA-IL",metro,890,True,2.206,54392,5.221,5.529,38.0,0.1268,-0.1214,0.1578,0.0985,-0.1616,5,0.1002,False,False,False,False,measured
17031816100,Cook County,"Chicago-Naperville-Elgin, IL-IN",metro,2621,False,1.104,70225,3.233,5.685,117.0,0.0346,-0.0584,-0.1116,0.0912,0.1442,5,0.1001,False,False,False,True,measured
55081950200,Monroe County,"Sparta, WI",micro,1824,False,0.256,87409,3.787,7.402,119.0,-0.0363,0.01,-0.0365,0.0108,0.152,5,0.1,False,False,False,False,measured
55113940001,Sawyer County,,rural,1042,False,2.677,41620,6.841,7.915,13.0,0.1662,-0.1722,0.3774,-0.0133,-0.2584,5,0.0999,True,False,False,False,measured
17143003101,Peoria County,"Peoria, IL",metro,2206,False,3.347,65204,4.713,13.136,112.0,0.2222,-0.0784,0.089,-0.2578,0.1249,5,0.0999,True,False,False,False,measured
55079090700,Milwaukee County,"Milwaukee-Waukesha, WI",metro,1213,False,-0.663,167083,2.576,7.143,96.0,-0.1131,0.3269,-0.2006,0.0229,0.0629,5,0.099,False,False,False,True,measured
55131400102,Washington County,"Milwaukee-Waukesha, WI",metro,1475,False,-2.347,98472,4.101,6.198,138.0,-0.2541,0.054,0.0061,0.0672,0.2255,5,0.0987,False,False,False,False,measured
17197882701,Will County,"Chicago-Naperville-Elgin, IL-IN",metro,948,False,2.015,88005,4.616,6.74,43.0,0.1108,0.0123,0.0758,0.0418,-0.1422,5,0.0986,False,False,False,False,measured
55133203902,Waukesha County,"Milwaukee-Waukesha, WI",metro,1580,False,-1.567,94357,5.429,9.024,113.0,-0.1888,0.0376,0.1861,-0.0652,0.1288,5,0.0985,False,False,False,False,measured
17031620300,Cook County,"Chicago-Naperville-Elgin, IL-IN",metro,2260,True,2.17,73804,3.233,4.291,73.0,0.1238,-0.0442,-0.1116,0.1565,-0.0261,5,0.0984,False,False,False,True,measured
17121951900,Marion County,"Centralia, IL",micro,1208,False,-0.451,67571,7.574,9.249,44.0,-0.0954,-0.069,0.4768,-0.0757,-0.1384,5,0.0983,True,False,False,False,measured
55035000502,Eau Claire County,"Eau Claire, WI",metro,2119,False,2.478,100099,1.628,6.071,117.0,0.1495,0.0604,-0.3291,0.0731,0.1442,5,0.0982,False,False,False,False,measured
17043846519,DuPage County,"Chicago-Naperville-Elgin, IL-IN",metro,1367,False,3.572,112337,3.131,8.207,54.0,0.2411,0.1091,-0.1254,-0.0269,-0.0996,5,0.0982,False,False,False,False,measured
17031803605,Cook County,"Chicago-Naperville-Elgin, IL-IN",metro,2582,False,-0.489,111063,3.233,8.255,140.0,-0.0986,0.104,-0.1116,-0.0291,0.2333,5,0.098,False,False,False,True,measured
17031550100,Cook County,"Chicago-Naperville-Elgin, IL-IN",metro,2688,True,1.616,54605,3.233,4.16,103.0,0.0774,-0.1205,-0.1116,0.1626,0.09,5,0.098,False,False,False,True,measured
17031831600,Cook County,"Chicago-Naperville-Elgin, IL-IN",metro,2721,True,3.196,61781,3.233,5.195,74.0,0.2096,-0.092,-0.1116,0.1141,-0.0222,5,0.0979,False,False,False,True,measured
55131420105,Washington County,"Milwaukee-Waukesha, WI",metro,1893,False,1.935,76563,4.101,10.518,120.0,0.1042,-0.0332,0.0061,-0.1352,0.1559,5,0.0978,False,False,False,False,measured
55029100900,Door County,,rural,650,False,-1.358,83409,7.5,8.455,40.0,-0.1713,-0.006,0.4667,-0.0385,-0.1538,5,0.0971,False,False,False,False,measured
17049950600,Effingham County,"Effingham, IL",micro,2321,False,0.334,81685,7.033,13.626,84.0,-0.0298,-0.0128,0.4035,-0.2807,0.0165,5,0.0967,False,False,False,False,measured
17043842706,DuPage County,"Chicago-Naperville-Elgin, IL-IN",metro,1775,False,0.289,165083,3.131,10.741,101.0,-0.0335,0.3189,-0.1254,-0.1456,0.0823,5,0.0967,False,False,False,False,measured
55111000902,Sauk County,"Baraboo, WI",micro,600,False,0.924,84643,6.347,9.728,45.0,0.0196,-0.001,0.3105,-0.0981,-0.1345,5,0.0964,True,False,False,False,measured
17197881107,Will County,"Chicago-Naperville-Elgin, IL-IN",metro,1020,False,-0.894,116486,4.616,6.656,75.0,-0.1325,0.1256,0.0758,0.0457,-0.0183,5,0.0964,False,False,False,False,measured
17197881201,Will County,"Chicago-Naperville-Elgin, IL-IN",metro,894,True,2.418,67074,4.616,4.078,23.0,0.1446,-0.0709,0.0758,0.1665,-0.2197,5,0.0963,True,False,False,False,measured
17097864411,Lake County,"Chicago-Naperville-Elgin, IL-IN",metro,1626,False,-0.631,236739,2.585,13.785,103.0,-0.1105,0.604,-0.1993,-0.2882,0.09,5,0.0961,False,False,False,True,measured
17199020802,Williamson County,"Marion-Herrin, IL",micro,1632,False,0.462,83846,7.567,12.624,48.0,-0.0191,-0.0042,0.4758,-0.2338,-0.1229,5,0.0959,True,False,False,False,measured
17031828100,Cook County,"Chicago-Naperville-Elgin, IL-IN",metro,1986,True,0.498,76034,3.233,5.434,120.0,-0.0161,-0.0353,-0.1116,0.103,0.1559,5,0.0959,False,False,False,True,measured
17031811200,Cook County,"Chicago-Naperville-Elgin, IL-IN",metro,1993,False,3.098,73503,3.233,7.633,93.0,0.2015,-0.0454,-0.1116,-0.0,0.0513,5,0.0958,False,False,False,True,measured
55059000603,Kenosha County,"Kenosha, WI",metro,1720,False,0.792,94844,4.613,6.017,53.0,0.0086,0.0395,0.0754,0.0757,-0.1035,5,0.0957,True,False,False,False,measured
17201000516,Winnebago County,"Rockford, IL",metro,1518,False,-1.543,101500,5.151,8.598,109.0,-0.1868,0.066,0.1484,-0.0452,0.1133,5,0.0957,True,False,False,False,measured
17161020800,Rock Island County,"Davenport-Moline-Rock Island, IA-IL",metro,1964,False,-1.41,71373,5.221,7.889,126.0,-0.1757,-0.0538,0.1578,-0.012,0.1791,5,0.0954,False,False,False,False,measured
17043840202,DuPage County,"Chicago-Naperville-Elgin, IL-IN",metro,1875,False,0.328,124583,3.131,7.154,98.0,-0.0303,0.1578,-0.1254,0.0224,0.0707,5,0.0952,False,False,False,False,measured
17163502602,St. Clair County,"St. Louis, MO-IL",metro,1582,True,-3.121,45625,6.452,4.503,105.0,-0.3188,-0.1563,0.3247,0.1466,0.0978,5,0.094,False,False,False,False,measured
17031411200,Cook County,"Chicago-Naperville-Elgin, IL-IN",metro,824,False,2.229,101071,3.233,1.94,14.0,0.1287,0.0643,-0.1116,0.2666,-0.2545,5,0.0936,False,False,False,True,measured
55093960300,Pierce County,"Minneapolis-St. Paul-Bloomington, MN-WI",metro,1261,False,-1.135,83615,5.579,6.617,79.0,-0.1527,-0.0051,0.2063,0.0475,-0.0029,5,0.0932,False,False,False,False,measured
17097864903,Lake County,"Chicago-Naperville-Elgin, IL-IN",metro,1741,False,0.043,190223,2.585,11.098,103.0,-0.0541,0.4189,-0.1993,-0.1623,0.09,5,0.0932,False,False,False,True,measured
17043844100,DuPage County,"Chicago-Naperville-Elgin, IL-IN",metro,1377,False,0.26,165243,3.131,10.777,101.0,-0.0359,0.3196,-0.1254,-0.1473,0.0823,5,0.0932,False,False,False,False,measured
17043845401,DuPage County,"Chicago-Naperville-Elgin, IL-IN",metro,1337,False,-1.636,237969,3.131,11.755,79.0,-0.1945,0.6089,-0.1254,-0.1931,-0.0029,5,0.093,False,False,False,False,measured
17089852905,Kane County,"Chicago-Naperville-Elgin, IL-IN",metro,1510,True,1.18,63448,5.101,6.35,63.0,0.041,-0.0854,0.1416,0.0601,-0.0648,5,0.0925,False,False,False,False,measured
17099963600,LaSalle County,"Ottawa, IL",micro,1265,False,-1.027,81181,6.809,11.256,92.0,-0.1436,-0.0148,0.3731,-0.1697,0.0475,5,0.0924,False,False,False,False,measured
17121952200,Marion County,"Centralia, IL",micro,1446,False,-2.68,71923,7.574,6.924,58.0,-0.2819,-0.0516,0.4768,0.0332,-0.0842,5,0.0923,False,False,False,False,measured
17201001700,Winnebago County,"Rockford, IL",metro,1223,False,1.866,56444,5.151,6.469,55.0,0.0984,-0.1132,0.1484,0.0545,-0.0958,5,0.0923,False,False,False,False,measured
17197880124,Will County,"Chicago-Naperville-Elgin, IL-IN",metro,965,False,-3.2,150250,4.616,6.406,86.0,-0.3254,0.2599,0.0758,0.0574,0.0242,5,0.092,True,False,False,False,measured
17031834300,Cook County,"Chicago-Naperville-Elgin, IL-IN",metro,2526,True,-0.851,68527,3.233,2.639,122.0,-0.1289,-0.0652,-0.1116,0.2338,0.1636,5,0.0918,True,False,False,True,measured
17043842200,DuPage County,"Chicago-Naperville-Elgin, IL-IN",metro,1970,False,-0.426,138095,3.131,8.109,111.0,-0.0934,0.2116,-0.1254,-0.0223,0.121,5,0.0915,False,False,False,False,measured
17115002402,Macon County,"Decatur, IL",metro,2311,False,0.939,73266,3.438,8.66,144.0,0.0208,-0.0463,-0.0838,-0.0481,0.2488,5,0.0914,False,False,False,False,measured
55007960402,Bayfield County,,rural,1393,False,1.524,77788,5.636,10.088,67.0,0.0698,-0.0283,0.2142,-0.115,-0.0493,5,0.0913,True,False,False,False,measured
17121952400,Marion County,"Centralia, IL",micro,1669,False,-1.197,75215,7.574,11.281,75.0,-0.1578,-0.0386,0.4768,-0.1709,-0.0183,5,0.0912,False,False,False,False,measured
17031221400,Cook County,"Chicago-Naperville-Elgin, IL-IN",metro,1562,False,1.824,100565,3.233,5.193,62.0,0.0949,0.0623,-0.1116,0.1142,-0.0687,5,0.0912,False,False,False,True,measured
17031804607,Cook County,"Chicago-Naperville-Elgin, IL-IN",metro,2444,False,-0.399,118025,3.233,8.741,135.0,-0.0911,0.1317,-0.1116,-0.0519,0.2139,5,0.091,False,False,False,True,measured
17167003201,Sangamon County,"Springfield, IL",metro,1808,False,-1.17,119231,7.206,17.735,120.0,-0.1555,0.1365,0.4269,-0.4731,0.1559,5,0.0906,False,False,False,False,measured
17197881011,Will County,"Chicago-Naperville-Elgin, IL-IN",metro,1187,False,0.583,130350,4.616,9.938,67.0,-0.0089,0.1808,0.0758,-0.108,-0.0493,5,0.0904,False,False,False,False,measured
55079002200,Milwaukee County,"Milwaukee-Waukesha, WI",metro,905,True,5.466,63239,2.576,4.163,32.0,0.3995,-0.0862,-0.2006,0.1625,-0.1848,5,0.0903,False,False,False,True,measured
17043846311,DuPage County,"Chicago-Naperville-Elgin, IL-IN",metro,2085,False,0.135,103688,3.131,6.297,112.0,-0.0464,0.0747,-0.1254,0.0625,0.1249,5,0.0903,False,False,False,False,measured
55075961200,Marinette County,"Marinette, WI-MI",micro,1164,False,0.086,72500,6.165,8.716,68.0,-0.0505,-0.0494,0.2858,-0.0508,-0.0454,5,0.0898,False,False,False,False,measured
17043846515,DuPage County,"Chicago-Naperville-Elgin, IL-IN",metro,1892,False,1.445,91024,3.131,6.835,103.0,0.0632,0.0243,-0.1254,0.0373,0.09,5,0.0895,False,False,False,False,measured
55079101500,Milwaukee County,"Milwaukee-Waukesha, WI",metro,2169,False,2.168,66969,2.576,5.226,112.0,0.1236,-0.0714,-0.2006,0.1127,0.1249,5,0.0892,False,False,False,True,measured
17113001700,McLean County,"Bloomington, IL",metro,1053,True,0.773,48294,6.799,8.661,55.0,0.007,-0.1456,0.3718,-0.0482,-0.0958,5,0.0892,False,False,False,True,measured
17113000504,McLean County,"Bloomington, IL",metro,2414,True,-0.424,57273,6.799,8.858,74.0,-0.0932,-0.1099,0.3718,-0.0574,-0.0222,5,0.0891,True,False,False,True,measured
17031242400,Cook County,"Chicago-Naperville-Elgin, IL-IN",metro,1621,False,4.162,110795,3.233,8.545,41.0,0.2904,0.103,-0.1116,-0.0427,-0.15,5,0.0891,False,False,False,True,measured
17111870903,McHenry County,"Chicago-Naperville-Elgin, IL-IN",metro,1551,True,2.022,75519,4.254,6.588,64.0,0.1114,-0.0373,0.0269,0.0489,-0.0609,5,0.0889,False,False,False,False,measured
17031815000,Cook County,"Chicago-Naperville-Elgin, IL-IN",metro,1393,True,2.755,82648,3.233,4.226,48.0,0.1727,-0.009,-0.1116,0.1595,-0.1229,5,0.0888,False,False,False,True,measured
17031803616,Cook County,"Chicago-Naperville-Elgin, IL-IN",metro,2197,False,0.937,90347,3.233,6.594,108.0,0.0207,0.0216,-0.1116,0.0486,0.1094,5,0.0888,True,False,False,True,measured
17119403002,Madison County,"St. Louis, MO-IL",metro,2794,False,0.463,112222,3.735,18.237,219.0,-0.019,0.1087,-0.0435,-0.4966,0.5391,5,0.0887,False,False,False,False,measured
17031825302,Cook County,"Chicago-Naperville-Elgin, IL-IN",metro,2093,False,-2.256,123750,3.233,8.69,168.0,-0.2465,0.1545,-0.1116,-0.0495,0.3417,5,0.0886,False,False,False,True,measured
55049950400,Iowa County,"Madison, WI",metro,2427,False,1.574,73046,5.595,12.361,99.0,0.074,-0.0472,0.2085,-0.2215,0.0746,5,0.0884,False,False,False,False,measured
55051180200,Iron County,,rural,739,False,0.938,66806,6.411,6.693,22.0,0.0207,-0.072,0.3192,0.044,-0.2235,5,0.0884,False,False,False,False,measured
17197883809,Will County,"Chicago-Naperville-Elgin, IL-IN",metro,1377,True,0.851,71378,4.616,4.38,54.0,0.0134,-0.0538,0.0758,0.1523,-0.0996,5,0.0881,True,False,False,False,measured
55013971000,Burnett County,,rural,761,False,-1.792,73250,8.543,10.939,51.0,-0.2076,-0.0464,0.6082,-0.1549,-0.1113,5,0.0881,False,False,False,False,measured
55001950201,Adams County,,rural,745,False,4.123,60688,4.348,9.621,67.0,0.2872,-0.0963,0.0395,-0.0931,-0.0493,5,0.0879,False,False,False,False,measured
17043846521,DuPage County,"Chicago-Naperville-Elgin, IL-IN",metro,1868,False,-1.455,155222,3.131,8.796,123.0,-0.1794,0.2797,-0.1254,-0.0545,0.1675,5,0.0878,False,False,False,False,measured
17031804316,Cook County,"Chicago-Naperville-Elgin, IL-IN",metro,1561,False,-0.527,116835,3.233,6.086,106.0,-0.1018,0.127,-0.1116,0.0724,0.1017,5,0.0877,True,False,False,True,measured
17031837800,Cook County,"Chicago-Naperville-Elgin, IL-IN",metro,1331,True,8.358,33159,3.233,8.818,33.0,0.6414,-0.2058,-0.1116,-0.0555,-0.1809,5,0.0875,False,False,False,True,measured
55025011407,Dane County,"Madison, WI",metro,1017,False,2.312,70045,2.659,3.393,80.0,0.1357,-0.0591,-0.1893,0.1985,0.001,5,0.0868,True,False,False,False,measured
17089851301,Kane County,"Chicago-Naperville-Elgin, IL-IN",metro,1169,True,0.079,74186,5.101,4.095,47.0,-0.0511,-0.0426,0.1416,0.1657,-0.1267,5,0.0868,False,False,False,False,measured
55117000201,Sheboygan County,"Sheboygan, WI",metro,1114,False,0.851,60179,5.146,5.914,65.0,0.0135,-0.0984,0.1477,0.0805,-0.0571,5,0.0862,False,False,False,False,measured
55003950800,Ashland County,,rural,1355,True,-0.718,66281,5.723,7.452,91.0,-0.1177,-0.0741,0.2259,0.0085,0.0436,5,0.0862,False,False,False,False,measured
55095960902,Polk County,,rural,1029,False,2.149,98497,2.692,4.326,64.0,0.1221,0.0541,-0.1848,0.1548,-0.0609,5,0.0852,True,False,False,False,measured
55079091300,Milwaukee County,"Milwaukee-Waukesha, WI",metro,1517,False,-0.488,119809,2.576,5.635,119.0,-0.0985,0.1388,-0.2006,0.0936,0.152,5,0.0852,False,False,False,True,measured
17031800300,Cook County,"Chicago-Naperville-Elgin, IL-IN",metro,1110,False,-1.129,250001,3.233,15.223,92.0,-0.1521,0.6567,-0.1116,-0.3555,0.0475,5,0.085,False,False,False,True,measured
17043845807,DuPage County,"Chicago-Naperville-Elgin, IL-IN",metro,2451,False,-0.964,121528,3.131,7.216,127.0,-0.1384,0.1457,-0.1254,0.0195,0.183,5,0.0843,False,False,False,False,measured
55083100600,Oconto County,"Green Bay, WI",metro,1109,True,-1.573,72796,3.242,0.0,99.0,-0.1893,-0.0482,-0.1104,0.3574,0.0746,5,0.0842,False,False,False,False,measured
17199020600,Williamson County,"Marion-Herrin, IL",micro,1513,False,0.096,71734,7.567,12.017,58.0,-0.0497,-0.0524,0.4758,-0.2054,-0.0842,5,0.0842,True,False,False,False,measured
17031610800,Cook County,"Chicago-Naperville-Elgin, IL-IN",metro,651,False,2.607,108750,3.233,4.302,24.0,0.1603,0.0948,-0.1116,0.156,-0.2158,5,0.0838,False,False,False,True,measured
17089851910,Kane County,"Chicago-Naperville-Elgin, IL-IN",metro,1482,False,-0.518,89375,5.101,7.442,84.0,-0.1011,0.0178,0.1416,0.0089,0.0165,5,0.0837,False,False,False,False,measured
17031828801,Cook County,"Chicago-Naperville-Elgin, IL-IN",metro,1814,False,-0.208,111042,3.233,7.408,120.0,-0.0751,0.104,-0.1116,0.0105,0.1559,5,0.0836,False,False,False,True,measured
55133201404,Waukesha County,"Milwaukee-Waukesha, WI",metro,1479,False,-1.262,114145,5.429,10.753,103.0,-0.1633,0.1163,0.1861,-0.1462,0.09,5,0.083,False,False,False,False,measured
17031100700,Cook County,"Chicago-Naperville-Elgin, IL-IN",metro,1886,False,0.16,134767,3.233,7.365,87.0,-0.0443,0.1983,-0.1116,0.0125,0.0281,5,0.083,False,False,False,True,measured
55025001802,Dane County,"Madison, WI",metro,2054,False,3.114,76667,2.659,3.57,57.0,0.2028,-0.0328,-0.1893,0.1903,-0.088,5,0.0829,False,False,False,False,measured
17031804404,Cook County,"Chicago-Naperville-Elgin, IL-IN",metro,1684,False,1.168,86546,3.233,3.671,70.0,0.04,0.0065,-0.1116,0.1855,-0.0377,5,0.0828,False,False,False,True,measured
55089610102,Ozaukee County,"Milwaukee-Waukesha, WI",metro,1579,False,1.113,84761,2.924,6.333,116.0,0.0354,-0.0006,-0.1535,0.0608,0.1404,5,0.0825,False,False,False,False,measured
17031720400,Cook County,"Chicago-Naperville-Elgin, IL-IN",metro,723,False,1.474,124625,3.233,5.971,52.0,0.0656,0.158,-0.1116,0.0778,-0.1074,5,0.0824,False,False,False,True,measured
17201004300,Winnebago County,"Rockford, IL",metro,2077,False,0.709,82396,5.151,9.629,89.0,0.0016,-0.01,0.1484,-0.0935,0.0359,5,0.0823,False,False,False,False,measured
55131440105,Washington County,"Milwaukee-Waukesha, WI",metro,1456,False,0.054,111567,4.101,11.218,129.0,-0.0532,0.1061,0.0061,-0.1679,0.1907,5,0.0818,False,False,False,False,measured
17197881111,Will County,"Chicago-Naperville-Elgin, IL-IN",metro,1153,False,-0.337,108854,4.616,7.647,79.0,-0.0859,0.0953,0.0758,-0.0007,-0.0029,5,0.0817,True,False,False,False,measured
17031820603,Cook County,"Chicago-Naperville-Elgin, IL-IN",metro,2046,False,1.631,64630,3.233,6.797,120.0,0.0787,-0.0807,-0.1116,0.0391,0.1559,5,0.0815,False,False,False,True,measured
17201000300,Winnebago County,"Rockford, IL",metro,1789,True,0.169,56776,5.151,5.85,81.0,-0.0436,-0.1119,0.1484,0.0835,0.0049,5,0.0813,False,False,False,False,measured
17163503102,St. Clair County,"St. Louis, MO-IL",metro,1757,True,-2.343,61450,6.452,5.692,83.0,-0.2537,-0.0933,0.3247,0.0909,0.0126,5,0.0812,True,False,False,False,measured
55039041600,Fond du Lac County,"Fond du Lac, WI",metro,2433,False,0.391,64495,5.907,12.984,128.0,-0.025,-0.0812,0.2508,-0.2506,0.1868,5,0.0808,False,False,False,False,measured
17179021201,Tazewell County,"Peoria, IL",metro,1710,False,-2.787,110714,4.884,8.532,131.0,-0.2908,0.1027,0.1122,-0.0422,0.1984,5,0.0803,False,False,False,False,measured
17031030200,Cook County,"Chicago-Naperville-Elgin, IL-IN",metro,2614,False,0.031,108466,3.233,4.712,84.0,-0.0551,0.0937,-0.1116,0.1368,0.0165,5,0.0803,False,False,False,True,measured
17163502300,St. Clair County,"St. Louis, MO-IL",metro,1959,True,-2.961,33251,6.452,3.546,99.0,-0.3054,-0.2055,0.3247,0.1914,0.0746,5,0.0798,False,False,False,False,measured
55079180200,Milwaukee County,"Milwaukee-Waukesha, WI",metro,2207,False,2.04,65953,2.576,4.62,106.0,0.113,-0.0754,-0.2006,0.1411,0.1017,5,0.0797,False,False,False,True,measured
55041950100,Forest County,,rural,623,False,0.789,63906,6.87,10.669,58.0,0.0083,-0.0835,0.3813,-0.1422,-0.0842,5,0.0797,False,False,False,False,measured
17031818600,Cook County,"Chicago-Naperville-Elgin, IL-IN",metro,1987,False,0.553,102448,3.233,7.293,110.0,-0.0115,0.0698,-0.1116,0.0159,0.1171,5,0.0797,False,False,False,True,measured
55133201403,Waukesha County,"Milwaukee-Waukesha, WI",metro,2093,False,1.356,78877,5.429,13.417,114.0,0.0557,-0.024,0.1861,-0.2709,0.1326,5,0.0796,False,False,False,False,measured
55025001401,Dane County,"Madison, WI",metro,3228,True,4.903,49592,2.659,4.135,52.0,0.3524,-0.1405,-0.1893,0.1638,-0.1074,5,0.0791,False,False,False,False,measured
55105002400,Rock County,"Janesville-Beloit, WI",metro,1429,False,-1.94,85322,3.865,4.477,125.0,-0.22,0.0017,-0.0259,0.1478,0.1752,5,0.0788,False,False,False,False,measured
17111871207,McHenry County,"Chicago-Naperville-Elgin, IL-IN",metro,1610,False,-1.849,115667,4.254,8.1,122.0,-0.2124,0.1224,0.0269,-0.0219,0.1636,5,0.0785,False,False,False,False,measured
17031804705,Cook County,"Chicago-Naperville-Elgin, IL-IN",metro,1718,False,1.427,80702,3.233,5.968,97.0,0.0617,-0.0167,-0.1116,0.0779,0.0668,5,0.0781,False,False,False,True,measured
55079019000,Milwaukee County,"Milwaukee-Waukesha, WI",metro,1936,False,1.403,58417,2.576,4.95,131.0,0.0597,-0.1054,-0.2006,0.1256,0.1984,5,0.0778,False,False,False,True,measured
17091011800,Kankakee County,"Kankakee, IL",metro,1154,True,3.774,56152,5.833,11.973,53.0,0.258,-0.1144,0.2408,-0.2033,-0.1035,5,0.0776,False,False,False,False,measured
17031840700,Cook County,"Chicago-Naperville-Elgin, IL-IN",metro,1335,False,4.234,106840,3.233,6.683,18.0,0.2965,0.0872,-0.1116,0.0444,-0.239,5,0.0776,False,False,False,True,measured
17099963900,LaSalle County,"Ottawa, IL",micro,2148,False,-1.981,45638,6.809,6.272,85.0,-0.2234,-0.1562,0.3731,0.0637,0.0204,5,0.0775,False,False,False,False,measured
55059002603,Kenosha County,"Kenosha, WI",metro,1854,False,1.428,88576,4.613,11.72,110.0,0.0617,0.0146,0.0754,-0.1914,0.1171,5,0.0774,True,False,False,False,measured
55035000100,Eau Claire County,"Eau Claire, WI",metro,1769,False,1.043,68086,1.628,0.0,102.0,0.0295,-0.0669,-0.3291,0.3574,0.0862,5,0.0771,False,False,False,False,measured
17031831100,Cook County,"Chicago-Naperville-Elgin, IL-IN",metro,2784,False,0.065,104399,3.233,4.746,87.0,-0.0523,0.0775,-0.1116,0.1352,0.0281,5,0.0769,False,False,False,True,measured
55087011902,Outagamie County,"Appleton, WI",metro,1843,False,-2.385,84583,3.366,2.135,124.0,-0.2572,-0.0013,-0.0936,0.2575,0.1713,5,0.0768,True,False,False,False,measured
17031830800,Cook County,"Chicago-Naperville-Elgin, IL-IN",metro,1730,False,5.117,76768,3.233,5.061,10.0,0.3703,-0.0324,-0.1116,0.1204,-0.27,5,0.0768,False,False,False,True,measured
17091012400,Kankakee County,"Kankakee, IL",metro,1712,False,0.117,66948,5.833,9.275,88.0,-0.0479,-0.0714,0.2408,-0.0769,0.032,5,0.0765,False,False,False,False,measured
17097864204,Lake County,"Chicago-Naperville-Elgin, IL-IN",metro,1680,False,0.42,106500,2.585,4.447,96.0,-0.0226,0.0859,-0.1993,0.1492,0.0629,5,0.0761,False,False,False,True,measured
17031826500,Cook County,"Chicago-Naperville-Elgin, IL-IN",metro,2055,True,0.494,58524,3.233,3.867,114.0,-0.0164,-0.1049,-0.1116,0.1763,0.1326,5,0.0761,False,False,False,True,measured
17179021900,Tazewell County,"Peoria, IL",metro,1713,False,-1.193,74548,4.884,5.838,100.0,-0.1575,-0.0412,0.1122,0.084,0.0784,5,0.076,False,False,False,False,measured
17031803100,Cook County,"Chicago-Naperville-Elgin, IL-IN",metro,1155,False,-1.154,170089,3.233,8.925,96.0,-0.1542,0.3388,-0.1116,-0.0605,0.0629,5,0.0755,False,False,False,True,measured
17097864514,Lake County,"Chicago-Naperville-Elgin, IL-IN",metro,1129,False,2.527,134076,2.585,7.675,61.0,0.1536,0.1956,-0.1993,-0.002,-0.0725,5,0.0753,True,False,False,True,measured
55075961400,Marinette County,"Marinette, WI-MI",micro,2255,False,-0.481,56761,6.165,7.845,82.0,-0.0979,-0.112,0.2858,-0.01,0.0088,5,0.0747,False,False,False,False,measured
17031821800,Cook County,"Chicago-Naperville-Elgin, IL-IN",metro,1963,False,-0.102,91815,3.233,6.074,119.0,-0.0662,0.0275,-0.1116,0.073,0.152,5,0.0746,False,False,False,True,measured
17031801500,Cook County,"Chicago-Naperville-Elgin, IL-IN",metro,2513,False,0.283,154083,3.233,14.867,153.0,-0.034,0.2752,-0.1116,-0.3388,0.2836,5,0.0744,False,False,False,True,measured
55139001801,Winnebago County,"Oshkosh-Neenah, WI",metro,2337,False,2.685,92664,1.083,7.652,152.0,0.1669,0.0309,-0.4029,-0.0009,0.2797,5,0.0737,False,False,False,False,measured
55079160302,Milwaukee County,"Milwaukee-Waukesha, WI",metro,1577,False,0.117,127005,2.576,7.576,119.0,-0.0479,0.1675,-0.2006,0.0026,0.152,5,0.0736,True,False,False,True,measured
55133203404,Waukesha County,"Milwaukee-Waukesha, WI",metro,1645,False,0.924,79277,5.429,8.346,60.0,0.0196,-0.0224,0.1861,-0.0334,-0.0764,5,0.0734,False,False,False,False,measured
17163503411,St. Clair County,"St. Louis, MO-IL",metro,1134,True,-1.24,45957,6.452,6.024,77.0,-0.1614,-0.1549,0.3247,0.0753,-0.0106,5,0.073,False,False,False,False,measured
17013951300,Calhoun County,"St. Louis, MO-IL",metro,703,False,-3.055,103750,5.221,0.0,27.0,-0.3133,0.075,0.1578,0.3574,-0.2042,5,0.0728,False,False,False,False,measured
17097861611,Lake County,"Chicago-Naperville-Elgin, IL-IN",metro,1264,False,-1.712,202708,2.585,8.473,91.0,-0.2009,0.4686,-0.1993,-0.0394,0.0436,5,0.0726,False,False,False,True,measured
17197881700,Will County,"Chicago-Naperville-Elgin, IL-IN",metro,1282,False,-0.144,97200,4.616,7.196,79.0,-0.0698,0.0489,0.0758,0.0204,-0.0029,5,0.0725,True,False,False,False,measured
55025012700,Dane County,"Madison, WI",metro,1806,False,2.162,116359,2.659,10.177,114.0,0.1231,0.1251,-0.1893,-0.1192,0.1326,5,0.0724,False,False,False,False,measured
55111001002,Sauk County,"Baraboo, WI",micro,1252,False,1.041,59036,6.347,9.519,60.0,0.0293,-0.1029,0.3105,-0.0883,-0.0764,5,0.0721,False,False,False,False,measured
17031491000,Cook County,"Chicago-Naperville-Elgin, IL-IN",metro,1252,True,4.41,36915,3.233,4.564,59.0,0.3112,-0.1909,-0.1116,0.1437,-0.0803,5,0.0721,False,False,False,True,measured
17031071100,Cook County,"Chicago-Naperville-Elgin, IL-IN",metro,1046,False,-1.323,204609,3.233,8.324,56.0,-0.1683,0.4762,-0.1116,-0.0324,-0.0919,5,0.072,False,False,False,True,measured
55139003704,Winnebago County,"Oshkosh-Neenah, WI",metro,1621,False,1.908,101830,1.083,2.866,101.0,0.1018,0.0673,-0.4029,0.2232,0.0823,5,0.0718,True,False,False,False,measured
17197883305,Will County,"Chicago-Naperville-Elgin, IL-IN",metro,1095,False,-0.523,139740,4.616,10.562,84.0,-0.1015,0.2181,0.0758,-0.1372,0.0165,5,0.0718,True,False,False,False,measured
17097861007,Lake County,"Chicago-Naperville-Elgin, IL-IN",metro,1250,False,-1.774,156500,2.585,6.033,110.0,-0.2061,0.2848,-0.1993,0.0749,0.1171,5,0.0715,False,False,False,True,measured
17163501607,St. Clair County,"St. Louis, MO-IL",metro,948,False,0.722,57900,6.452,7.851,44.0,0.0027,-0.1074,0.3247,-0.0102,-0.1384,5,0.0713,True,False,False,False,measured
17031831500,Cook County,"Chicago-Naperville-Elgin, IL-IN",metro,1372,True,2.176,87727,3.233,4.748,57.0,0.1243,0.0112,-0.1116,0.1351,-0.088,5,0.071,False,False,False,True,measured
17143003000,Peoria County,"Peoria, IL",metro,1992,False,0.469,70111,4.713,11.601,143.0,-0.0184,-0.0589,0.089,-0.1859,0.2449,5,0.0707,False,False,False,False,measured
17043846202,DuPage County,"Chicago-Naperville-Elgin, IL-IN",metro,2419,False,0.033,127133,3.131,8.114,107.0,-0.0549,0.168,-0.1254,-0.0225,0.1055,5,0.0706,False,False,False,False,measured
17117956500,Macoupin County,"St. Louis, MO-IL",metro,1004,False,-0.531,103375,6.611,9.96,44.0,-0.1022,0.0735,0.3463,-0.109,-0.1384,5,0.0702,False,False,False,False,measured
17031804804,Cook County,"Chicago-Naperville-Elgin, IL-IN",metro,2575,False,0.788,83083,3.233,6.107,108.0,0.0082,-0.0073,-0.1116,0.0714,0.1094,5,0.0702,False,False,False,True,measured
17031390200,Cook County,"Chicago-Naperville-Elgin, IL-IN",metro,912,False,1.276,110806,3.233,3.632,39.0,0.049,0.103,-0.1116,0.1874,-0.1577,5,0.0701,False,False,False,True,measured
17063000900,Grundy County,"Chicago-Naperville-Elgin, IL-IN",metro,1367,False,-2.406,84943,6.278,7.315,83.0,-0.2589,0.0001,0.3011,0.0148,0.0126,5,0.0698,False,False,False,False,measured
17031837000,Cook County,"Chicago-Naperville-Elgin, IL-IN",metro,986,True,7.276,36607,3.233,7.32,30.0,0.5509,-0.1921,-0.1116,0.0146,-0.1926,5,0.0693,False,True,False,True,measured
55141010300,Wood County,"Wisconsin Rapids-Marshfield, WI",micro,1567,True,2.218,48689,5.185,8.021,67.0,0.1278,-0.1441,0.153,-0.0182,-0.0493,5,0.0692,False,False,False,False,measured
17031821900,Cook County,"Chicago-Naperville-Elgin, IL-IN",metro,1764,False,0.402,103192,3.233,5.99,94.0,-0.0241,0.0727,-0.1116,0.0769,0.0552,5,0.0692,False,False,False,True,measured
17043845300,DuPage County,"Chicago-Naperville-Elgin, IL-IN",metro,899,False,-2.127,250001,3.131,11.76,71.0,-0.2356,0.6567,-0.1254,-0.1933,-0.0338,5,0.0685,False,False,False,False,measured
17031828602,Cook County,"Chicago-Naperville-Elgin, IL-IN",metro,1499,False,0.392,107154,3.233,7.735,111.0,-0.025,0.0885,-0.1116,-0.0048,0.121,5,0.0682,False,False,False,True,measured
17043841205,DuPage County,"Chicago-Naperville-Elgin, IL-IN",metro,1527,False,0.587,113050,3.131,6.237,86.0,-0.0086,0.112,-0.1254,0.0654,0.0242,5,0.0675,False,False,False,False,measured
17043840201,DuPage County,"Chicago-Naperville-Elgin, IL-IN",metro,2572,False,0.066,121486,3.131,9.163,124.0,-0.0522,0.1455,-0.1254,-0.0717,0.1713,5,0.0675,False,False,False,False,measured
17113005201,McLean County,"Bloomington, IL",metro,387,False,-2.666,112708,6.799,6.807,35.0,-0.2807,0.1106,0.3718,0.0386,-0.1732,5,0.0671,False,False,False,True,measured
17091010204,Kankakee County,"Kankakee, IL",metro,2164,False,1.836,86897,5.833,14.993,97.0,0.0959,0.0079,0.2408,-0.3447,0.0668,5,0.0667,True,False,False,False,measured
17031805902,Cook County,"Chicago-Naperville-Elgin, IL-IN",metro,2134,False,0.456,139531,3.233,8.902,90.0,-0.0196,0.2173,-0.1116,-0.0595,0.0397,5,0.0664,False,False,False,True,measured
55045960400,Green County,"Madison, WI",metro,2085,True,0.504,61676,4.862,7.176,91.0,-0.0156,-0.0924,0.1093,0.0214,0.0436,5,0.0663,False,False,False,False,measured
17199020801,Williamson County,"Marion-Herrin, IL",micro,914,False,0.462,66333,7.567,11.711,47.0,-0.0191,-0.0739,0.4758,-0.191,-0.1267,5,0.0651,True,False,False,False,measured
17163503905,St. Clair County,"St. Louis, MO-IL",metro,1160,False,-1.064,92344,6.452,9.542,66.0,-0.1467,0.0296,0.3247,-0.0894,-0.0532,5,0.0649,False,False,False,False,measured
17049950400,Effingham County,"Effingham, IL",micro,1541,False,1.923,81420,7.033,15.715,67.0,0.1032,-0.0139,0.4035,-0.3785,-0.0493,5,0.0649,False,False,False,False,measured
17199020700,Williamson County,"Marion-Herrin, IL",micro,2101,False,1.298,46362,7.567,13.914,76.0,0.0508,-0.1533,0.4758,-0.2942,-0.0145,5,0.0647,False,False,False,False,measured
55035000600,Eau Claire County,"Eau Claire, WI",metro,2373,True,3.523,55402,1.628,5.355,123.0,0.2369,-0.1174,-0.3291,0.1067,0.1675,5,0.0646,False,False,False,False,measured
55009000100,Brown County,"Green Bay, WI",metro,1167,True,3.9,63895,2.607,4.46,61.0,0.2685,-0.0836,-0.1964,0.1486,-0.0725,5,0.0646,False,False,False,True,measured
17143003404,Peoria County,"Peoria, IL",metro,3523,False,1.847,102342,4.713,15.444,125.0,0.0968,0.0694,0.089,-0.3659,0.1752,5,0.0645,True,False,False,False,measured
17133600104,Monroe County,"St. Louis, MO-IL",metro,1906,False,1.169,136113,4.722,14.983,99.0,0.0401,0.2037,0.0902,-0.3442,0.0746,5,0.0643,True,False,False,False,measured
17199021003,Williamson County,"Marion-Herrin, IL",micro,545,False,3.353,43942,7.567,12.099,12.0,0.2228,-0.163,0.4758,-0.2092,-0.2622,5,0.0642,True,False,False,False,measured
17031260500,Cook County,"Chicago-Naperville-Elgin, IL-IN",metro,674,True,5.13,54417,3.233,3.708,13.0,0.3714,-0.1213,-0.1116,0.1838,-0.2584,5,0.064,False,False,False,True,measured
17031060100,Cook County,"Chicago-Naperville-Elgin, IL-IN",metro,1245,False,-0.922,157917,3.233,5.5,59.0,-0.1348,0.2904,-0.1116,0.0999,-0.0803,5,0.0636,False,False,False,True,measured
55025013100,Dane County,"Madison, WI",metro,1991,False,-0.089,86853,2.659,10.045,189.0,-0.0652,0.0077,-0.1893,-0.113,0.423,5,0.0633,False,False,False,False,measured
17201001300,Winnebago County,"Rockford, IL",metro,921,True,2.393,40727,5.151,4.628,30.0,0.1425,-0.1757,0.1484,0.1407,-0.1926,5,0.0633,False,False,False,False,measured
17031221100,Cook County,"Chicago-Naperville-Elgin, IL-IN",metro,1988,False,0.92,104342,3.233,5.074,69.0,0.0193,0.0773,-0.1116,0.1198,-0.0416,5,0.0632,False,False,False,True,measured
17031671900,Cook County,"Chicago-Naperville-Elgin, IL-IN",metro,382,True,5.666,37143,3.233,3.562,17.0,0.4162,-0.19,-0.1116,0.1906,-0.2429,5,0.0624,False,False,False,True,measured
17031160601,Cook County,"Chicago-Naperville-Elgin, IL-IN",metro,1530,False,2.403,75536,3.233,4.972,65.0,0.1433,-0.0373,-0.1116,0.1246,-0.0571,5,0.062,True,False,False,True,measured
17031100300,Cook County,"Chicago-Naperville-Elgin, IL-IN",metro,2756,False,0.141,95441,3.233,7.086,119.0,-0.0459,0.0419,-0.1116,0.0256,0.152,5,0.0619,True,False,False,True,measured
17201003707,Winnebago County,"Rockford, IL",metro,2029,False,1.726,65248,5.151,5.308,27.0,0.0867,-0.0782,0.1484,0.1089,-0.2042,5,0.0616,False,False,False,False,measured
17161023700,Rock Island County,"Davenport-Moline-Rock Island, IA-IL",metro,1025,True,2.888,49893,5.221,7.029,36.0,0.1839,-0.1393,0.1578,0.0283,-0.1693,5,0.0613,False,False,False,False,measured
17197883306,Will County,"Chicago-Naperville-Elgin, IL-IN",metro,1125,False,-0.711,115481,4.616,8.721,88.0,-0.1171,0.1216,0.0758,-0.051,0.032,5,0.0613,False,False,False,False,measured
17031823604,Cook County,"Chicago-Naperville-Elgin, IL-IN",metro,1294,False,-0.917,125263,3.233,5.684,94.0,-0.1344,0.1605,-0.1116,0.0912,0.0552,5,0.061,False,False,False,True,measured
55085970104,Oneida County,,rural,1113,False,2.693,78787,5.104,11.121,64.0,0.1675,-0.0243,0.142,-0.1634,-0.0609,5,0.0609,True,False,False,False,measured
55079040100,Milwaukee County,"Milwaukee-Waukesha, WI",metro,555,False,-1.416,204427,2.576,6.895,61.0,-0.1761,0.4754,-0.2006,0.0345,-0.0725,5,0.0607,True,False,False,True,measured
17043841307,DuPage County,"Chicago-Naperville-Elgin, IL-IN",metro,1826,False,-2.037,151688,3.131,7.462,116.0,-0.2281,0.2656,-0.1254,0.008,0.1404,5,0.0605,False,False,False,False,measured
17031221200,Cook County,"Chicago-Naperville-Elgin, IL-IN",metro,1285,False,-0.4,127795,3.233,5.111,73.0,-0.0912,0.1706,-0.1116,0.1181,-0.0261,5,0.0599,False,False,False,True,measured
17031300600,Cook County,"Chicago-Naperville-Elgin, IL-IN",metro,1011,True,5.406,59097,3.233,5.017,17.0,0.3945,-0.1027,-0.1116,0.1225,-0.2429,5,0.0598,False,False,False,True,measured
17043846511,DuPage County,"Chicago-Naperville-Elgin, IL-IN",metro,1985,False,0.809,88552,3.131,6.306,105.0,0.01,0.0145,-0.1254,0.0621,0.0978,5,0.059,False,False,False,False,measured
55025011103,Dane County,"Madison, WI",metro,2682,False,1.234,74783,2.659,6.855,133.0,0.0455,-0.0403,-0.1893,0.0364,0.2062,5,0.0586,True,False,False,False,measured
17031803500,Cook County,"Chicago-Naperville-Elgin, IL-IN",metro,2164,False,-0.961,131763,3.233,8.855,126.0,-0.1381,0.1864,-0.1116,-0.0572,0.1791,5,0.0586,False,False,False,True,measured
55009021302,Brown County,"Green Bay, WI",metro,2556,False,-0.39,90865,2.607,8.317,171.0,-0.0903,0.0237,-0.1964,-0.0321,0.3533,5,0.0583,True,False,False,True,measured
55077960400,Marquette County,,rural,1264,False,2.493,66146,3.361,9.004,116.0,0.1508,-0.0746,-0.0942,-0.0642,0.1404,5,0.0581,False,False,False,False,measured
17043841103,DuPage County,"Chicago-Naperville-Elgin, IL-IN",metro,1428,False,1.085,114891,3.131,6.66,76.0,0.033,0.1193,-0.1254,0.0455,-0.0145,5,0.0579,False,False,False,False,measured
55079021500,Milwaukee County,"Milwaukee-Waukesha, WI",metro,1256,False,3.807,77981,2.576,5.958,66.0,0.2607,-0.0275,-0.2006,0.0784,-0.0532,5,0.0578,False,False,False,True,measured
17099962800,LaSalle County,"Ottawa, IL",micro,1426,False,-0.26,63106,6.809,10.432,75.0,-0.0794,-0.0867,0.3731,-0.1311,-0.0183,5,0.0575,False,False,False,False,measured
17089852005,Kane County,"Chicago-Naperville-Elgin, IL-IN",metro,1781,False,-1.801,147375,5.101,13.29,116.0,-0.2084,0.2485,0.1416,-0.265,0.1404,5,0.0571,True,False,False,False,measured
17201003605,Winnebago County,"Rockford, IL",metro,954,True,3.112,34091,5.151,4.171,14.0,0.2026,-0.2021,0.1484,0.1621,-0.2545,5,0.0565,False,False,False,False,measured
17097863902,Lake County,"Chicago-Naperville-Elgin, IL-IN",metro,3002,True,2.426,97321,2.585,10.316,128.0,0.1452,0.0494,-0.1993,-0.1257,0.1868,5,0.0564,False,False,False,True,measured
17031410900,Cook County,"Chicago-Naperville-Elgin, IL-IN",metro,2062,False,2.249,73828,3.233,2.274,36.0,0.1304,-0.0441,-0.1116,0.2509,-0.1693,5,0.0564,False,False,False,True,measured
55009940002,Brown County,"Green Bay, WI",metro,1760,False,2.088,108125,2.607,8.462,101.0,0.1169,0.0924,-0.1964,-0.0389,0.0823,5,0.0563,True,False,False,True,measured
17031031900,Cook County,"Chicago-Naperville-Elgin, IL-IN",metro,1417,False,2.215,94107,3.233,5.263,52.0,0.1275,0.0366,-0.1116,0.111,-0.1074,5,0.0562,False,False,False,True,measured
55027961300,Dodge County,"Beaver Dam, WI",micro,2475,False,2.672,67160,2.624,11.457,166.0,0.1658,-0.0706,-0.1941,-0.1791,0.3339,5,0.0559,False,False,False,False,measured
17031460400,Cook County,"Chicago-Naperville-Elgin, IL-IN",metro,1338,True,2.755,70169,3.233,2.882,36.0,0.1727,-0.0586,-0.1116,0.2225,-0.1693,5,0.0557,False,False,False,True,measured
17113000501,McLean County,"Bloomington, IL",metro,1411,True,2.525,28933,6.799,9.126,34.0,0.1535,-0.2227,0.3718,-0.07,-0.1771,5,0.0556,False,False,False,True,measured
55079019700,Milwaukee County,"Milwaukee-Waukesha, WI",metro,2486,False,2.088,75278,2.576,6.837,116.0,0.1169,-0.0383,-0.2006,0.0372,0.1404,5,0.0556,False,False,False,True,measured
17081050200,Jefferson County,"Mount Vernon, IL",micro,1221,False,1.981,59028,6.481,9.877,35.0,0.108,-0.1029,0.3286,-0.1051,-0.1732,5,0.0554,False,False,False,False,measured
17089853007,Kane County,"Chicago-Naperville-Elgin, IL-IN",metro,1834,True,0.0,87879,5.101,6.78,59.0,-0.0577,0.0118,0.1416,0.0399,-0.0803,5,0.0553,False,False,False,False,measured
17031807500,Cook County,"Chicago-Naperville-Elgin, IL-IN",metro,1082,False,0.074,151490,3.233,6.911,59.0,-0.0515,0.2649,-0.1116,0.0338,-0.0803,5,0.0553,False,False,False,True,measured
17031827804,Cook County,"Chicago-Naperville-Elgin, IL-IN",metro,1255,False,2.943,80458,3.233,6.498,65.0,0.1884,-0.0177,-0.1116,0.0531,-0.0571,5,0.0552,False,False,False,True,measured
17089851600,Kane County,"Chicago-Naperville-Elgin, IL-IN",metro,2180,True,-1.823,70964,5.101,5.155,96.0,-0.2102,-0.0555,0.1416,0.116,0.0629,5,0.0549,False,False,False,False,measured
17031805901,Cook County,"Chicago-Naperville-Elgin, IL-IN",metro,1995,False,2.147,93167,3.233,8.151,89.0,0.1218,0.0329,-0.1116,-0.0243,0.0359,5,0.0547,False,False,False,True,measured
17031804312,Cook County,"Chicago-Naperville-Elgin, IL-IN",metro,552,False,-0.427,183000,3.233,7.139,40.0,-0.0934,0.3902,-0.1116,0.0231,-0.1538,5,0.0544,True,False,False,True,measured
55133200103,Waukesha County,"Milwaukee-Waukesha, WI",metro,1273,False,-0.255,80614,5.429,8.999,87.0,-0.079,-0.0171,0.1861,-0.064,0.0281,5,0.0541,False,False,False,False,measured
17031803007,Cook County,"Chicago-Naperville-Elgin, IL-IN",metro,2139,False,1.022,91553,3.233,8.001,113.0,0.0278,0.0264,-0.1116,-0.0173,0.1288,5,0.0541,False,False,False,True,measured
17031820700,Cook County,"Chicago-Naperville-Elgin, IL-IN",metro,2403,False,1.312,66942,3.233,5.442,101.0,0.052,-0.0715,-0.1116,0.1026,0.0823,5,0.0539,False,False,False,True,measured
55003950600,Ashland County,,rural,640,False,1.64,65781,5.723,7.517,33.0,0.0795,-0.0761,0.2259,0.0054,-0.1809,5,0.0538,False,False,False,False,measured
17031300700,Cook County,"Chicago-Naperville-Elgin, IL-IN",metro,1774,True,5.994,48435,3.233,5.21,16.0,0.4437,-0.1451,-0.1116,0.1135,-0.2468,5,0.0537,False,False,False,True,measured
17031842400,Cook County,"Chicago-Naperville-Elgin, IL-IN",metro,1327,True,0.952,78494,3.233,2.897,66.0,0.0219,-0.0255,-0.1116,0.2218,-0.0532,5,0.0534,True,False,False,True,measured
55089650104,Ozaukee County,"Milwaukee-Waukesha, WI",metro,1656,False,1.241,98409,2.924,9.837,134.0,0.0461,0.0537,-0.1535,-0.1033,0.2101,5,0.0532,True,False,False,False,measured
17089851302,Kane County,"Chicago-Naperville-Elgin, IL-IN",metro,896,True,0.545,77045,5.101,4.73,33.0,-0.0122,-0.0313,0.1416,0.1359,-0.1809,5,0.0531,False,False,False,False,measured
17031828701,Cook County,"Chicago-Naperville-Elgin, IL-IN",metro,1456,False,2.739,63686,3.233,5.92,79.0,0.1714,-0.0844,-0.1116,0.0802,-0.0029,5,0.0527,False,False,False,True,measured
17031750200,Cook County,"Chicago-Naperville-Elgin, IL-IN",metro,1420,False,2.002,87273,3.233,4.879,58.0,0.1098,0.0094,-0.1116,0.1289,-0.0842,5,0.0524,False,False,False,True,measured
17031510100,Cook County,"Chicago-Naperville-Elgin, IL-IN",metro,1225,True,3.529,72543,3.233,3.388,22.0,0.2374,-0.0492,-0.1116,0.1988,-0.2235,5,0.0519,False,False,False,True,measured
55025000205,Dane County,"Madison, WI",metro,2475,False,1.105,111771,2.659,9.004,122.0,0.0347,0.1069,-0.1893,-0.0642,0.1636,5,0.0516,False,False,False,False,measured
55079000202,Milwaukee County,"Milwaukee-Waukesha, WI",metro,2489,False,-0.224,90284,2.576,4.903,126.0,-0.0764,0.0214,-0.2006,0.1278,0.1791,5,0.0513,False,False,False,True,measured
55035000301,Eau Claire County,"Eau Claire, WI",metro,1461,False,-0.81,95694,1.628,0.0,107.0,-0.1254,0.0429,-0.3291,0.3574,0.1055,5,0.0513,False,False,False,False,measured
17031220400,Cook County,"Chicago-Naperville-Elgin, IL-IN",metro,1162,False,1.158,126273,3.233,5.053,38.0,0.0391,0.1646,-0.1116,0.1208,-0.1616,5,0.0513,False,False,False,True,measured
55079003200,Milwaukee County,"Milwaukee-Waukesha, WI",metro,1181,True,4.252,56811,2.576,3.455,46.0,0.298,-0.1118,-0.2006,0.1956,-0.1306,5,0.0506,False,False,False,True,measured
17197880111,Will County,"Chicago-Naperville-Elgin, IL-IN",metro,1144,False,0.861,77500,4.616,6.883,68.0,0.0143,-0.0295,0.0758,0.0351,-0.0454,5,0.0503,False,False,False,False,measured
17031460500,Cook County,"Chicago-Naperville-Elgin, IL-IN",metro,2573,False,0.985,52768,3.233,2.994,92.0,0.0246,-0.1278,-0.1116,0.2172,0.0475,5,0.0499,False,False,False,True,measured
55141011400,Wood County,"Wisconsin Rapids-Marshfield, WI",micro,2391,False,-0.351,58637,5.185,7.341,99.0,-0.087,-0.1045,0.153,0.0136,0.0746,5,0.0497,False,False,False,False,measured
17097861506,Lake County,"Chicago-Naperville-Elgin, IL-IN",metro,2441,True,1.365,85647,2.585,7.826,131.0,0.0565,0.0029,-0.1993,-0.0091,0.1984,5,0.0495,False,False,False,True,measured
17097860905,Lake County,"Chicago-Naperville-Elgin, IL-IN",metro,2011,False,-1.123,92420,2.585,4.47,137.0,-0.1516,0.0299,-0.1993,0.1481,0.2217,5,0.0487,True,False,False,True,measured
17031826000,Cook County,"Chicago-Naperville-Elgin, IL-IN",metro,983,True,3.047,77825,3.233,4.546,40.0,0.1972,-0.0282,-0.1116,0.1445,-0.1538,5,0.0481,False,False,False,True,measured
17031110501,Cook County,"Chicago-Naperville-Elgin, IL-IN",metro,1962,False,1.966,105568,3.233,6.134,54.0,0.1068,0.0822,-0.1116,0.0702,-0.0996,5,0.0479,False,False,False,True,measured
55133202303,Waukesha County,"Milwaukee-Waukesha, WI",metro,1169,False,-0.236,57438,5.429,5.63,68.0,-0.0774,-0.1093,0.1861,0.0938,-0.0454,5,0.0477,True,False,False,False,measured
55093960100,Pierce County,"Minneapolis-St. Paul-Bloomington, MN-WI",metro,1169,True,-0.311,79464,5.579,8.554,77.0,-0.0837,-0.0216,0.2063,-0.0432,-0.0106,5,0.0472,False,False,False,False,measured
17197883303,Will County,"Chicago-Naperville-Elgin, IL-IN",metro,1220,False,-0.035,150109,4.616,14.082,99.0,-0.0606,0.2594,0.0758,-0.3021,0.0746,5,0.0471,True,False,False,False,measured
55079020300,Milwaukee County,"Milwaukee-Waukesha, WI",metro,1526,True,1.422,75745,2.576,4.307,97.0,0.0612,-0.0364,-0.2006,0.1557,0.0668,5,0.0467,False,False,False,True,measured
55083100300,Oconto County,"Green Bay, WI",metro,1433,False,-1.185,71181,3.242,6.978,167.0,-0.1568,-0.0546,-0.1104,0.0306,0.3378,5,0.0466,False,False,False,False,measured
17031802404,Cook County,"Chicago-Naperville-Elgin, IL-IN",metro,3108,True,2.433,81371,3.233,8.083,92.0,0.1458,-0.0141,-0.1116,-0.0211,0.0475,5,0.0465,False,False,False,True,measured
55079180500,Milwaukee County,"Milwaukee-Waukesha, WI",metro,2068,False,1.473,73758,2.576,4.494,100.0,0.0655,-0.0443,-0.2006,0.147,0.0784,5,0.0459,False,False,False,True,measured
17031242900,Cook County,"Chicago-Naperville-Elgin, IL-IN",metro,879,False,1.548,141645,3.233,8.414,53.0,0.0718,0.2257,-0.1116,-0.0366,-0.1035,5,0.0458,False,False,False,True,measured
17031061500,Cook County,"Chicago-Naperville-Elgin, IL-IN",metro,880,False,0.887,128958,3.233,5.33,43.0,0.0165,0.1752,-0.1116,0.1078,-0.1422,5,0.0457,False,False,False,True,measured
17031071600,Cook County,"Chicago-Naperville-Elgin, IL-IN",metro,706,False,-1.255,204375,3.233,8.417,49.0,-0.1626,0.4752,-0.1116,-0.0367,-0.119,5,0.0453,False,False,False,True,measured
17031220300,Cook County,"Chicago-Naperville-Elgin, IL-IN",metro,978,False,2.157,101875,3.233,5.157,41.0,0.1228,0.0675,-0.1116,0.1159,-0.15,5,0.0446,False,False,False,True,measured
55027960400,Dodge County,"Beaver Dam, WI",micro,1824,False,1.747,93015,2.624,10.847,149.0,0.0884,0.0323,-0.1941,-0.1506,0.2681,5,0.0442,False,False,False,False,measured
17031161200,Cook County,"Chicago-Naperville-Elgin, IL-IN",metro,1074,True,1.725,80132,3.233,3.872,57.0,0.0865,-0.019,-0.1116,0.1761,-0.088,5,0.044,False,False,False,True,measured
17073030500,Henry County,"Davenport-Moline-Rock Island, IA-IL",metro,836,False,-2.828,87250,4.778,0.0,47.0,-0.2942,0.0093,0.0979,0.3574,-0.1267,5,0.0437,False,False,False,False,measured
17163502603,St. Clair County,"St. Louis, MO-IL",metro,1079,True,-0.913,31668,6.452,3.467,46.0,-0.134,-0.2118,0.3247,0.1951,-0.1306,5,0.0433,False,False,False,False,measured
17005951400,Bond County,"St. Louis, MO-IL",metro,1047,False,-3.771,66545,6.136,0.0,41.0,-0.3731,-0.073,0.2819,0.3574,-0.15,5,0.0433,False,False,False,False,measured
17031161000,Cook County,"Chicago-Naperville-Elgin, IL-IN",metro,894,False,1.918,109524,3.233,4.422,29.0,0.1027,0.0979,-0.1116,0.1504,-0.1964,5,0.043,False,False,False,True,measured
17031160700,Cook County,"Chicago-Naperville-Elgin, IL-IN",metro,2500,False,1.323,93750,3.233,5.418,70.0,0.0529,0.0352,-0.1116,0.1037,-0.0377,5,0.0425,False,False,False,True,measured
55073000500,Marathon County,"Wausau, WI",metro,1339,True,0.562,59589,6.882,13.711,94.0,-0.0107,-0.1007,0.383,-0.2847,0.0552,5,0.0421,False,False,False,False,measured
17031830201,Cook County,"Chicago-Naperville-Elgin, IL-IN",metro,2465,False,2.592,53671,3.233,4.79,76.0,0.1591,-0.1243,-0.1116,0.1331,-0.0145,5,0.0419,False,False,False,True,measured
55079101400,Milwaukee County,"Milwaukee-Waukesha, WI",metro,1821,False,0.753,74271,2.576,6.656,140.0,0.0052,-0.0423,-0.2006,0.0457,0.2333,5,0.0413,False,False,False,True,measured
17031190300,Cook County,"Chicago-Naperville-Elgin, IL-IN",metro,1976,False,2.02,78750,3.233,4.341,57.0,0.1112,-0.0245,-0.1116,0.1541,-0.088,5,0.0413,False,False,False,True,measured
17031010503,Cook County,"Chicago-Naperville-Elgin, IL-IN",metro,1455,True,6.56,32443,3.233,4.964,14.0,0.491,-0.2087,-0.1116,0.125,-0.2545,5,0.0412,False,False,False,True,measured
17097864700,Lake County,"Chicago-Naperville-Elgin, IL-IN",metro,1002,False,-0.623,220156,2.585,11.333,76.0,-0.1098,0.538,-0.1993,-0.1733,-0.0145,5,0.0411,True,False,False,True,measured
55083100800,Oconto County,"Green Bay, WI",metro,1013,False,-0.631,76172,3.242,0.0,64.0,-0.1105,-0.0347,-0.1104,0.3574,-0.0609,5,0.0409,True,False,False,False,measured
17117957100,Macoupin County,"St. Louis, MO-IL",metro,1137,True,0.646,63370,6.611,8.795,38.0,-0.0037,-0.0857,0.3463,-0.0545,-0.1616,5,0.0408,False,False,False,False,measured
17199020400,Williamson County,"Marion-Herrin, IL",micro,1674,False,1.73,43800,7.567,12.336,44.0,0.087,-0.1635,0.4758,-0.2203,-0.1384,5,0.0407,False,False,False,False,measured
17043846002,DuPage County,"Chicago-Naperville-Elgin, IL-IN",metro,2579,False,-0.073,71165,3.131,6.536,140.0,-0.0638,-0.0547,-0.1254,0.0513,0.2333,5,0.0407,True,False,False,False,measured
17111870808,McHenry County,"Chicago-Naperville-Elgin, IL-IN",metro,1281,False,-0.276,108872,4.254,9.571,103.0,-0.0808,0.0953,0.0269,-0.0908,0.09,5,0.0406,False,False,False,False,measured
17097861010,Lake County,"Chicago-Naperville-Elgin, IL-IN",metro,1847,False,-1.382,120746,2.585,6.837,140.0,-0.1733,0.1426,-0.1993,0.0372,0.2333,5,0.0405,False,False,False,True,measured
17031210800,Cook County,"Chicago-Naperville-Elgin, IL-IN",metro,461,True,3.296,104701,3.233,5.209,13.0,0.218,0.0787,-0.1116,0.1135,-0.2584,5,0.0403,False,False,False,True,measured
17031490200,Cook County,"Chicago-Naperville-Elgin, IL-IN",metro,1388,True,2.648,60741,3.233,3.793,55.0,0.1637,-0.0961,-0.1116,0.1798,-0.0958,5,0.0401,False,False,False,True,measured
55025000800,Dane County,"Madison, WI",metro,1826,False,0.13,100636,2.659,4.747,100.0,-0.0468,0.0626,-0.1893,0.1351,0.0784,5,0.04,False,False,False,False,measured
17201000700,Winnebago County,"Rockford, IL",metro,1263,False,-1.642,70729,5.151,4.935,84.0,-0.1951,-0.0564,0.1484,0.1263,0.0165,5,0.0398,False,False,False,False,measured
17031828201,Cook County,"Chicago-Naperville-Elgin, IL-IN",metro,1727,False,1.947,67813,3.233,5.478,83.0,0.1052,-0.068,-0.1116,0.1009,0.0126,5,0.0391,False,False,False,True,measured
17031040700,Cook County,"Chicago-Naperville-Elgin, IL-IN",metro,1683,False,1.452,105365,3.233,5.15,51.0,0.0637,0.0814,-0.1116,0.1163,-0.1113,5,0.0385,False,False,False,True,measured
17167002400,Sangamon County,"Springfield, IL",metro,1353,True,0.695,26148,7.206,7.913,43.0,0.0004,-0.2337,0.4269,-0.0131,-0.1422,5,0.0382,False,False,False,False,measured
17089851101,Kane County,"Chicago-Naperville-Elgin, IL-IN",metro,1311,True,-3.017,91466,5.101,4.882,93.0,-0.3101,0.0261,0.1416,0.1288,0.0513,5,0.0378,False,False,False,False,measured
17031700301,Cook County,"Chicago-Naperville-Elgin, IL-IN",metro,1817,True,0.858,95654,3.233,6.339,88.0,0.0141,0.0428,-0.1116,0.0605,0.032,5,0.0378,False,False,False,True,measured
17081050600,Jefferson County,"Mount Vernon, IL",micro,1302,False,-0.059,70066,6.481,9.447,58.0,-0.0627,-0.059,0.3286,-0.085,-0.0842,5,0.0378,False,False,False,False,measured
17043845805,DuPage County,"Chicago-Naperville-Elgin, IL-IN",metro,1664,False,1.478,116724,3.131,8.94,88.0,0.0659,0.1266,-0.1254,-0.0613,0.032,5,0.0377,False,False,False,False,measured
17031821102,Cook County,"Chicago-Naperville-Elgin, IL-IN",metro,1502,False,2.217,100000,3.233,6.332,54.0,0.1278,0.06,-0.1116,0.0609,-0.0996,5,0.0375,False,False,False,True,measured
55107960500,Rusk County,,rural,1808,True,3.216,46369,5.694,11.015,58.0,0.2113,-0.1533,0.222,-0.1584,-0.0842,5,0.0374,False,False,False,False,measured
55005000602,Barron County,"Rice Lake, WI",micro,1661,False,-0.256,61705,6.002,10.979,106.0,-0.0791,-0.0923,0.2637,-0.1567,0.1017,5,0.0372,True,False,False,False,measured
17043844801,DuPage County,"Chicago-Naperville-Elgin, IL-IN",metro,1487,False,-0.543,125230,3.131,7.884,110.0,-0.1031,0.1604,-0.1254,-0.0118,0.1171,5,0.0372,False,False,False,False,measured
17097864305,Lake County,"Chicago-Naperville-Elgin, IL-IN",metro,1792,False,-0.815,136250,2.585,8.837,135.0,-0.1258,0.2042,-0.1993,-0.0564,0.2139,5,0.0366,False,False,False,True,measured
17097864519,Lake County,"Chicago-Naperville-Elgin, IL-IN",metro,1783,False,-0.123,139404,2.585,7.116,96.0,-0.068,0.2168,-0.1993,0.0242,0.0629,5,0.0366,False,False,False,True,measured
17031823304,Cook County,"Chicago-Naperville-Elgin, IL-IN",metro,2713,True,2.635,51662,3.233,6.972,102.0,0.1627,-0.1322,-0.1116,0.0309,0.0862,5,0.036,False,False,False,True,measured
17089852803,Kane County,"Chicago-Naperville-Elgin, IL-IN",metro,1672,False,-1.688,121056,5.101,10.14,97.0,-0.1989,0.1438,0.1416,-0.1174,0.0668,5,0.0359,False,False,False,False,measured
17089852906,Kane County,"Chicago-Naperville-Elgin, IL-IN",metro,1941,False,-1.677,77202,5.101,5.361,84.0,-0.198,-0.0306,0.1416,0.1064,0.0165,5,0.0359,False,False,False,False,measured
55079090600,Milwaukee County,"Milwaukee-Waukesha, WI",metro,2045,False,0.081,94111,2.576,8.584,156.0,-0.0509,0.0366,-0.2006,-0.0446,0.2952,5,0.0357,False,False,False,True,measured
17007010200,Boone County,"Rockford, IL",metro,2251,True,0.742,42331,4.976,6.376,84.0,0.0044,-0.1694,0.1246,0.0588,0.0165,5,0.035,False,False,False,False,measured
55105001600,Rock County,"Janesville-Beloit, WI",metro,1716,True,-0.415,58182,3.865,4.015,103.0,-0.0924,-0.1063,-0.0259,0.1694,0.09,5,0.0349,False,False,False,False,measured
17031680600,Cook County,"Chicago-Naperville-Elgin, IL-IN",metro,454,True,4.633,55655,3.233,3.225,9.0,0.3298,-0.1164,-0.1116,0.2064,-0.2739,5,0.0345,False,False,False,True,measured
55139001600,Winnebago County,"Oshkosh-Neenah, WI",metro,1458,False,2.179,90938,1.083,0.0,62.0,0.1246,0.024,-0.4029,0.3574,-0.0687,5,0.0344,False,False,False,False,measured
55025000201,Dane County,"Madison, WI",metro,1108,False,2.802,98214,2.659,7.45,76.0,0.1767,0.0529,-0.1893,0.0085,-0.0145,5,0.0344,False,False,False,False,measured
17031825802,Cook County,"Chicago-Naperville-Elgin, IL-IN",metro,2243,True,0.054,70696,3.233,5.251,117.0,-0.0532,-0.0565,-0.1116,0.1115,0.1442,5,0.0344,False,False,False,True,measured
17031410500,Cook County,"Chicago-Naperville-Elgin, IL-IN",metro,1521,False,2.72,65240,3.233,2.772,35.0,0.1698,-0.0782,-0.1116,0.2276,-0.1732,5,0.0344,False,False,False,True,measured
17201004003,Winnebago County,"Rockford, IL",metro,885,True,0.674,57420,5.151,3.763,32.0,-0.0013,-0.1093,0.1484,0.1812,-0.1848,5,0.0342,False,False,False,False,measured
17031120400,Cook County,"Chicago-Naperville-Elgin, IL-IN",metro,1334,False,1.554,108145,3.233,6.407,60.0,0.0723,0.0924,-0.1116,0.0574,-0.0764,5,0.0341,False,False,False,True,measured
55121100700,Trempealeau County,,rural,2486,False,1.585,80208,2.472,8.834,144.0,0.0749,-0.0187,-0.2147,-0.0563,0.2488,5,0.034,False,False,False,False,measured
17031242600,Cook County,"Chicago-Naperville-Elgin, IL-IN",metro,2610,True,0.522,96607,3.233,7.554,108.0,-0.0141,0.0465,-0.1116,0.0037,0.1094,5,0.034,False,False,False,True,measured
17031420800,Cook County,"Chicago-Naperville-Elgin, IL-IN",metro,1011,True,3.481,47540,3.233,2.476,33.0,0.2335,-0.1486,-0.1116,0.2415,-0.1809,5,0.0338,False,False,False,True,measured
17031802607,Cook County,"Chicago-Naperville-Elgin, IL-IN",metro,503,False,2.806,120750,3.233,7.83,37.0,0.177,0.1426,-0.1116,-0.0093,-0.1655,5,0.0333,False,False,False,True,measured
17197880116,Will County,"Chicago-Naperville-Elgin, IL-IN",metro,951,False,-0.98,101875,4.616,5.984,67.0,-0.1397,0.0675,0.0758,0.0772,-0.0493,5,0.0315,False,False,False,False,measured
17111870704,McHenry County,"Chicago-Naperville-Elgin, IL-IN",metro,1385,False,-0.735,104236,4.254,9.137,110.0,-0.1192,0.0769,0.0269,-0.0705,0.1171,5,0.0313,False,False,False,False,measured
17097863701,Lake County,"Chicago-Naperville-Elgin, IL-IN",metro,1798,False,-1.043,168100,2.585,9.267,111.0,-0.145,0.3309,-0.1993,-0.0766,0.121,5,0.0311,False,False,False,True,measured
17031828503,Cook County,"Chicago-Naperville-Elgin, IL-IN",metro,1409,True,0.057,62153,3.233,3.037,98.0,-0.0529,-0.0905,-0.1116,0.2152,0.0707,5,0.0309,False,False,False,True,measured
17031020602,Cook County,"Chicago-Naperville-Elgin, IL-IN",metro,1637,True,3.266,89663,3.233,5.321,28.0,0.2155,0.0189,-0.1116,0.1082,-0.2003,5,0.0308,False,True,False,True,measured
17097863702,Lake County,"Chicago-Naperville-Elgin, IL-IN",metro,1862,False,2.25,93542,2.585,7.589,96.0,0.1305,0.0344,-0.1993,0.002,0.0629,5,0.0305,False,False,False,True,measured
55069960200,Lincoln County,,rural,1089,False,-1.157,60469,5.781,3.15,38.0,-0.1544,-0.0972,0.2338,0.2099,-0.1616,5,0.0305,False,False,False,False,measured
17031430400,Cook County,"Chicago-Naperville-Elgin, IL-IN",metro,1395,True,4.039,41964,3.233,2.991,32.0,0.2802,-0.1708,-0.1116,0.2174,-0.1848,5,0.0303,False,False,False,True,measured
17031612200,Cook County,"Chicago-Naperville-Elgin, IL-IN",metro,1241,True,3.439,60256,3.233,3.719,35.0,0.2299,-0.0981,-0.1116,0.1833,-0.1732,5,0.0303,False,False,False,True,measured
17097860809,Lake County,"Chicago-Naperville-Elgin, IL-IN",metro,1207,False,0.185,131528,2.585,5.076,71.0,-0.0422,0.1855,-0.1993,0.1197,-0.0338,5,0.0298,False,False,False,True,measured
17031240800,Cook County,"Chicago-Naperville-Elgin, IL-IN",metro,728,False,3.718,79643,3.233,5.462,30.0,0.2533,-0.0209,-0.1116,0.1016,-0.1926,5,0.0298,False,False,False,True,measured
55059000800,Kenosha County,"Kenosha, WI",metro,1065,True,2.463,59811,4.613,6.943,47.0,0.1483,-0.0998,0.0754,0.0323,-0.1267,5,0.0294,False,False,False,False,measured
17031222800,Cook County,"Chicago-Naperville-Elgin, IL-IN",metro,449,False,4.287,73403,3.233,4.636,14.0,0.3009,-0.0458,-0.1116,0.1403,-0.2545,5,0.0294,False,False,False,True,measured
17031810200,Cook County,"Chicago-Naperville-Elgin, IL-IN",metro,2793,True,1.396,78897,3.233,5.809,85.0,0.059,-0.0239,-0.1116,0.0854,0.0204,5,0.0293,False,False,False,True,measured
17031815100,Cook County,"Chicago-Naperville-Elgin, IL-IN",metro,1435,False,1.793,86262,3.233,4.594,54.0,0.0923,0.0054,-0.1116,0.1423,-0.0996,5,0.0287,False,False,False,True,measured
17031834700,Cook County,"Chicago-Naperville-Elgin, IL-IN",metro,660,True,4.965,40952,3.233,3.776,22.0,0.3576,-0.1748,-0.1116,0.1806,-0.2235,5,0.0282,False,False,False,True,measured
55057100200,Juneau County,,rural,1414,False,-1.022,71389,6.642,9.689,72.0,-0.1432,-0.0538,0.3505,-0.0963,-0.03,5,0.0273,False,False,False,False,measured
17043843000,DuPage County,"Chicago-Naperville-Elgin, IL-IN",metro,1698,False,0.89,118478,3.131,9.75,106.0,0.0167,0.1335,-0.1254,-0.0992,0.1017,5,0.0273,False,False,False,False,measured
17031251200,Cook County,"Chicago-Naperville-Elgin, IL-IN",metro,1245,True,2.77,60064,3.233,3.651,48.0,0.174,-0.0988,-0.1116,0.1865,-0.1229,5,0.0272,False,False,False,True,measured
17031240300,Cook County,"Chicago-Naperville-Elgin, IL-IN",metro,613,False,0.905,171528,3.233,8.063,27.0,0.018,0.3446,-0.1116,-0.0201,-0.2042,5,0.0267,False,False,False,True,measured
17031824114,Cook County,"Chicago-Naperville-Elgin, IL-IN",metro,1960,False,0.656,140000,3.233,13.7,133.0,-0.0029,0.2192,-0.1116,-0.2842,0.2062,5,0.0267,False,False,False,True,measured
55003950500,Ashland County,,rural,847,False,2.188,77578,5.723,10.741,41.0,0.1253,-0.0292,0.2259,-0.1456,-0.15,5,0.0265,False,False,False,False,measured
55101002702,Racine County,"Racine-Mount Pleasant, WI",metro,2858,False,3.694,96364,-1.776,5.647,190.0,0.2512,0.0456,-0.7904,0.093,0.4269,5,0.0263,False,False,False,True,measured
17043840304,DuPage County,"Chicago-Naperville-Elgin, IL-IN",metro,1576,False,1.424,93030,3.131,7.328,91.0,0.0614,0.0323,-0.1254,0.0143,0.0436,5,0.0262,False,False,False,False,measured
55139002202,Winnebago County,"Oshkosh-Neenah, WI",metro,1301,False,0.705,88703,1.083,0.0,94.0,0.0013,0.0151,-0.4029,0.3574,0.0552,5,0.0261,False,False,False,False,measured
17179021102,Tazewell County,"Peoria, IL",metro,2229,False,-2.603,72405,4.884,7.102,135.0,-0.2754,-0.0497,0.1122,0.0248,0.2139,5,0.0258,False,False,False,False,measured
17031061200,Cook County,"Chicago-Naperville-Elgin, IL-IN",metro,870,False,1.439,122857,3.233,5.316,32.0,0.0627,0.151,-0.1116,0.1085,-0.1848,5,0.0257,False,False,False,True,measured
17031390700,Cook County,"Chicago-Naperville-Elgin, IL-IN",metro,3576,False,1.345,73704,3.233,2.548,51.0,0.0548,-0.0446,-0.1116,0.2381,-0.1113,5,0.0255,False,False,False,True,measured
17143002200,Peoria County,"Peoria, IL",metro,1721,True,0.412,51845,4.713,7.029,96.0,-0.0233,-0.1315,0.089,0.0283,0.0629,5,0.0254,False,False,False,False,measured
17031100200,Cook County,"Chicago-Naperville-Elgin, IL-IN",metro,2850,False,0.323,94167,3.233,8.253,121.0,-0.0307,0.0368,-0.1116,-0.0291,0.1597,5,0.0252,False,False,False,True,measured
17031063302,Cook County,"Chicago-Naperville-Elgin, IL-IN",metro,2950,False,1.518,98219,3.233,6.439,69.0,0.0692,0.053,-0.1116,0.0559,-0.0416,5,0.0249,False,False,False,True,measured
17161021600,Rock Island County,"Davenport-Moline-Rock Island, IA-IL",metro,1015,True,0.745,70355,5.221,8.043,64.0,0.0046,-0.0579,0.1578,-0.0192,-0.0609,5,0.0244,False,False,False,False,measured
17097864001,Lake County,"Chicago-Naperville-Elgin, IL-IN",metro,2428,True,3.202,106174,2.585,10.915,101.0,0.2101,0.0846,-0.1993,-0.1537,0.0823,5,0.024,False,False,False,True,measured
55007960401,Bayfield County,,rural,982,False,1.524,66250,5.636,11.212,75.0,0.0698,-0.0742,0.2142,-0.1677,-0.0183,5,0.0237,True,False,False,False,measured
55133202901,Waukesha County,"Milwaukee-Waukesha, WI",metro,1823,False,-1.993,69909,5.429,6.467,97.0,-0.2244,-0.0597,0.1861,0.0546,0.0668,5,0.0234,False,False,False,False,measured
55009020505,Brown County,"Green Bay, WI",metro,2406,False,0.13,83594,2.607,7.643,150.0,-0.0469,-0.0052,-0.1964,-0.0005,0.272,5,0.0231,True,False,False,True,measured
17037000100,DeKalb County,"Chicago-Naperville-Elgin, IL-IN",metro,2635,False,1.351,91322,2.663,11.385,159.0,0.0553,0.0255,-0.1889,-0.1758,0.3068,5,0.023,False,False,False,False,measured
17079977500,Jasper County,,rural,1474,False,0.676,84314,7.332,12.52,31.0,-0.0012,-0.0024,0.444,-0.2289,-0.1887,5,0.0229,False,False,False,False,measured
17031804109,Cook County,"Chicago-Naperville-Elgin, IL-IN",metro,1145,False,1.229,146382,3.233,10.06,69.0,0.0451,0.2445,-0.1116,-0.1137,-0.0416,5,0.0227,False,False,False,True,measured
17111871301,McHenry County,"Chicago-Naperville-Elgin, IL-IN",metro,1937,False,0.75,92583,4.254,10.983,110.0,0.005,0.0305,0.0269,-0.1569,0.1171,5,0.0226,False,False,False,False,measured
17197881800,Will County,"Chicago-Naperville-Elgin, IL-IN",metro,1425,True,1.182,72871,4.616,6.003,48.0,0.0411,-0.0479,0.0758,0.0763,-0.1229,5,0.0225,False,False,False,False,measured
17031807300,Cook County,"Chicago-Naperville-Elgin, IL-IN",metro,3166,True,2.284,85777,3.233,9.198,98.0,0.1333,0.0035,-0.1116,-0.0733,0.0707,5,0.0225,False,False,False,True,measured
17111871208,McHenry County,"Chicago-Naperville-Elgin, IL-IN",metro,1348,False,-0.52,123443,4.254,9.196,84.0,-0.1012,0.1533,0.0269,-0.0732,0.0165,5,0.0222,True,False,False,False,measured
55079021000,Milwaukee County,"Milwaukee-Waukesha, WI",metro,1067,False,3.501,56940,2.576,4.386,66.0,0.2351,-0.1112,-0.2006,0.152,-0.0532,5,0.0221,False,False,False,True,measured
17031770901,Cook County,"Chicago-Naperville-Elgin, IL-IN",metro,2020,False,0.833,87996,3.233,6.894,99.0,0.012,0.0123,-0.1116,0.0346,0.0746,5,0.0218,False,False,False,True,measured
17031812500,Cook County,"Chicago-Naperville-Elgin, IL-IN",metro,1708,False,2.266,66757,3.233,4.352,59.0,0.1318,-0.0722,-0.1116,0.1536,-0.0803,5,0.0214,False,False,False,True,measured
55105003101,Rock County,"Janesville-Beloit, WI",metro,1173,False,1.692,83542,3.865,9.146,90.0,0.0839,-0.0054,-0.0259,-0.0709,0.0397,5,0.0213,True,False,False,False,measured
55079050104,Milwaukee County,"Milwaukee-Waukesha, WI",metro,1424,False,1.796,106250,2.576,5.793,69.0,0.0925,0.0849,-0.2006,0.0861,-0.0416,5,0.0213,True,False,False,True,measured
17031808400,Cook County,"Chicago-Naperville-Elgin, IL-IN",metro,1604,False,2.861,120761,3.233,10.669,67.0,0.1816,0.1426,-0.1116,-0.1422,-0.0493,5,0.0211,False,False,False,True,measured
17043846312,DuPage County,"Chicago-Naperville-Elgin, IL-IN",metro,2836,False,2.016,77385,3.131,8.255,104.0,0.1109,-0.0299,-0.1254,-0.0292,0.0939,5,0.0203,False,False,False,False,measured
17031823302,Cook County,"Chicago-Naperville-Elgin, IL-IN",metro,2631,True,1.51,56284,3.233,4.952,93.0,0.0686,-0.1139,-0.1116,0.1255,0.0513,5,0.0201,False,False,False,True,measured
55133200902,Waukesha County,"Milwaukee-Waukesha, WI",metro,1367,False,-0.102,149856,5.429,20.594,144.0,-0.0662,0.2584,0.1861,-0.607,0.2488,5,0.0199,False,False,False,False,measured
17037000402,DeKalb County,"Chicago-Naperville-Elgin, IL-IN",metro,1642,False,1.416,135455,2.663,12.18,121.0,0.0607,0.2011,-0.1889,-0.213,0.1597,5,0.0197,True,False,False,False,measured
17031640500,Cook County,"Chicago-Naperville-Elgin, IL-IN",metro,1708,False,2.454,72549,3.233,5.555,63.0,0.1476,-0.0492,-0.1116,0.0973,-0.0648,5,0.0193,False,False,False,True,measured
17161022300,Rock Island County,"Davenport-Moline-Rock Island, IA-IL",metro,1022,True,3.901,42200,5.221,7.602,18.0,0.2686,-0.1699,0.1578,0.0014,-0.239,5,0.0189,False,False,False,False,measured
17167001400,Sangamon County,"Springfield, IL",metro,589,True,2.608,30871,7.206,8.758,2.0,0.1604,-0.2149,0.4269,-0.0527,-0.301,5,0.0187,False,False,False,False,measured
17031220601,Cook County,"Chicago-Naperville-Elgin, IL-IN",metro,764,False,1.363,134000,3.233,4.954,16.0,0.0563,0.1953,-0.1116,0.1254,-0.2468,5,0.0187,False,False,False,True,measured
17043845100,DuPage County,"Chicago-Naperville-Elgin, IL-IN",metro,1887,False,-3.194,178036,3.131,12.518,164.0,-0.3249,0.3705,-0.1254,-0.2288,0.3262,5,0.0175,False,False,False,False,measured
17197880107,Will County,"Chicago-Naperville-Elgin, IL-IN",metro,1470,False,-2.307,84392,4.616,6.314,114.0,-0.2507,-0.002,0.0758,0.0617,0.1326,5,0.0174,False,False,False,False,measured
17031820103,Cook County,"Chicago-Naperville-Elgin, IL-IN",metro,1689,False,2.879,92539,3.233,8.879,73.0,0.1831,0.0304,-0.1116,-0.0584,-0.0261,5,0.0174,False,False,False,True,measured
17031824107,Cook County,"Chicago-Naperville-Elgin, IL-IN",metro,2762,False,0.695,100273,3.233,11.176,140.0,0.0004,0.0611,-0.1116,-0.166,0.2333,5,0.0173,False,False,False,True,measured
17099961900,LaSalle County,"Ottawa, IL",micro,1862,False,1.837,58977,6.809,14.024,67.0,0.096,-0.1031,0.3731,-0.2993,-0.0493,5,0.0172,False,False,False,False,measured
55079090100,Milwaukee County,"Milwaukee-Waukesha, WI",metro,1771,False,-0.236,75766,2.576,6.112,147.0,-0.0775,-0.0364,-0.2006,0.0712,0.2604,5,0.0171,False,False,False,True,measured
17031030400,Cook County,"Chicago-Naperville-Elgin, IL-IN",metro,1394,False,1.128,98909,3.233,5.059,58.0,0.0366,0.0557,-0.1116,0.1205,-0.0842,5,0.0171,False,False,False,True,measured
17031470100,Cook County,"Chicago-Naperville-Elgin, IL-IN",metro,1035,False,3.111,47054,3.233,2.958,43.0,0.2025,-0.1506,-0.1116,0.2189,-0.1422,5,0.017,False,False,False,True,measured
17119400952,Madison County,"St. Louis, MO-IL",metro,1248,True,1.274,71042,3.735,5.242,68.0,0.0489,-0.0552,-0.0435,0.1119,-0.0454,5,0.0168,False,False,False,False,measured
55079170700,Milwaukee County,"Milwaukee-Waukesha, WI",metro,1284,False,3.483,69688,2.576,5.395,64.0,0.2336,-0.0605,-0.2006,0.1048,-0.0609,5,0.0163,False,False,False,True,measured
17031080400,Cook County,"Chicago-Naperville-Elgin, IL-IN",metro,2211,True,3.379,68270,3.233,8.729,85.0,0.225,-0.0662,-0.1116,-0.0514,0.0204,5,0.0162,False,True,False,True,measured
55057100100,Juneau County,,rural,1195,False,-0.336,58950,6.642,9.105,60.0,-0.0858,-0.1033,0.3505,-0.069,-0.0764,5,0.0161,False,False,False,False,measured
55079001800,Milwaukee County,"Milwaukee-Waukesha, WI",metro,1203,True,4.946,40781,2.576,2.751,30.0,0.356,-0.1755,-0.2006,0.2286,-0.1926,5,0.016,False,False,False,True,measured
17031170400,Cook County,"Chicago-Naperville-Elgin, IL-IN",metro,1597,False,0.677,110800,3.233,6.114,68.0,-0.0011,0.103,-0.1116,0.0711,-0.0454,5,0.016,False,False,False,True,measured
17031081201,Cook County,"Chicago-Naperville-Elgin, IL-IN",metro,2933,False,-0.338,122659,3.233,9.361,117.0,-0.0859,0.1502,-0.1116,-0.0809,0.1442,5,0.016,False,False,False,True,measured
17031802801,Cook County,"Chicago-Naperville-Elgin, IL-IN",metro,1832,False,-1.016,138750,3.233,7.119,88.0,-0.1427,0.2142,-0.1116,0.024,0.032,5,0.0159,False,False,False,True,measured
17097861505,Lake County,"Chicago-Naperville-Elgin, IL-IN",metro,1245,False,1.021,138203,2.585,8.098,79.0,0.0277,0.212,-0.1993,-0.0218,-0.0029,5,0.0157,False,False,False,True,measured
17097864524,Lake County,"Chicago-Naperville-Elgin, IL-IN",metro,1429,False,3.228,114875,2.585,7.831,52.0,0.2123,0.1192,-0.1993,-0.0093,-0.1074,5,0.0155,True,False,False,True,measured
17031819400,Cook County,"Chicago-Naperville-Elgin, IL-IN",metro,2285,False,2.527,77028,3.233,8.633,93.0,0.1536,-0.0313,-0.1116,-0.0469,0.0513,5,0.0152,False,False,False,True,measured
55087010800,Outagamie County,"Appleton, WI",metro,755,True,3.484,67211,3.366,7.253,61.0,0.2337,-0.0704,-0.0936,0.0178,-0.0725,5,0.015,True,False,False,False,measured
55105000400,Rock County,"Janesville-Beloit, WI",metro,1598,False,1.312,65876,3.865,8.345,105.0,0.0521,-0.0757,-0.0259,-0.0334,0.0978,5,0.0149,False,False,False,False,measured
55139003600,Winnebago County,"Oshkosh-Neenah, WI",metro,1537,False,0.65,131691,1.083,5.367,113.0,-0.0033,0.1861,-0.4029,0.1061,0.1288,5,0.0147,False,False,False,False,measured
17031480200,Cook County,"Chicago-Naperville-Elgin, IL-IN",metro,619,True,3.95,52132,3.233,2.632,15.0,0.2727,-0.1304,-0.1116,0.2342,-0.2506,5,0.0143,False,False,False,True,measured
17179021701,Tazewell County,"Peoria, IL",metro,2280,False,-0.493,103232,4.884,13.158,128.0,-0.0989,0.0729,0.1122,-0.2588,0.1868,5,0.0142,False,False,False,False,measured
17031842600,Cook County,"Chicago-Naperville-Elgin, IL-IN",metro,1560,False,1.487,92500,3.233,4.816,53.0,0.0667,0.0302,-0.1116,0.1319,-0.1035,5,0.0137,False,False,False,True,measured
17031804000,Cook County,"Chicago-Naperville-Elgin, IL-IN",metro,1933,False,0.041,87196,3.233,9.393,145.0,-0.0542,0.0091,-0.1116,-0.0825,0.2526,5,0.0135,False,False,False,True,measured
17031440300,Cook County,"Chicago-Naperville-Elgin, IL-IN",metro,2160,False,0.933,59227,3.233,2.658,73.0,0.0203,-0.1021,-0.1116,0.233,-0.0261,5,0.0135,False,False,False,True,measured
17031431200,Cook County,"Chicago-Naperville-Elgin, IL-IN",metro,1273,True,2.649,58661,3.233,3.363,45.0,0.1639,-0.1044,-0.1116,0.2,-0.1345,5,0.0134,False,False,False,True,measured
17029000600,Coles County,"Charleston-Mattoon, IL",micro,1513,False,1.607,84323,7.504,15.381,37.0,0.0767,-0.0023,0.4673,-0.3629,-0.1655,5,0.0133,False,False,False,False,measured
17043846104,DuPage County,"Chicago-Naperville-Elgin, IL-IN",metro,1557,False,0.521,145813,3.131,11.054,98.0,-0.0141,0.2423,-0.1254,-0.1603,0.0707,5,0.0132,False,False,False,False,measured
17031801601,Cook County,"Chicago-Naperville-Elgin, IL-IN",metro,1975,False,1.998,105313,3.233,10.224,94.0,0.1094,0.0812,-0.1116,-0.1214,0.0552,5,0.0128,False,False,False,True,measured
17043844201,DuPage County,"Chicago-Naperville-Elgin, IL-IN",metro,2007,False,0.96,104073,3.131,9.795,116.0,0.0226,0.0762,-0.1254,-0.1013,0.1404,5,0.0124,False,False,False,False,measured
55135101100,Waupaca County,,rural,2344,True,0.653,58775,1.882,7.17,181.0,-0.0031,-0.1039,-0.2947,0.0217,0.392,5,0.0119,False,False,False,False,measured
55085970500,Oneida County,,rural,785,False,-1.291,95917,5.104,4.522,40.0,-0.1657,0.0438,0.142,0.1457,-0.1538,5,0.0119,False,False,False,False,measured
17031809900,Cook County,"Chicago-Naperville-Elgin, IL-IN",metro,1321,False,0.429,115151,3.233,4.898,53.0,-0.0218,0.1203,-0.1116,0.1281,-0.1035,5,0.0115,False,False,False,True,measured
17099962400,LaSalle County,"Ottawa, IL",micro,1513,False,-0.749,61659,6.809,10.914,81.0,-0.1204,-0.0925,0.3731,-0.1537,0.0049,5,0.0114,False,False,False,False,measured
55115100100,Shawano County,"Shawano, WI",micro,1140,False,-0.954,68871,6.019,7.966,70.0,-0.1375,-0.0638,0.266,-0.0156,-0.0377,5,0.0113,False,False,False,False,measured
55025011000,Dane County,"Madison, WI",metro,2077,False,1.56,102614,2.659,9.983,123.0,0.0728,0.0704,-0.1893,-0.1101,0.1675,5,0.0113,False,False,False,False,measured
17031802504,Cook County,"Chicago-Naperville-Elgin, IL-IN",metro,1982,False,-0.487,100313,3.233,7.716,122.0,-0.0985,0.0613,-0.1116,-0.0039,0.1636,5,0.011,False,False,False,True,measured
17043841002,DuPage County,"Chicago-Naperville-Elgin, IL-IN",metro,1216,False,0.878,128864,3.131,8.079,71.0,0.0157,0.1749,-0.1254,-0.0209,-0.0338,5,0.0104,False,False,False,False,measured
17031460302,Cook County,"Chicago-Naperville-Elgin, IL-IN",metro,1276,True,2.845,48263,3.233,2.564,41.0,0.1803,-0.1458,-0.1116,0.2374,-0.15,5,0.0103,False,False,False,True,measured
17073030900,Henry County,"Davenport-Moline-Rock Island, IA-IL",metro,1738,True,4.178,58523,4.778,13.28,77.0,0.2918,-0.1049,0.0979,-0.2645,-0.0106,5,0.0096,False,False,False,False,measured
55131470100,Washington County,"Milwaukee-Waukesha, WI",metro,2200,False,0.452,106842,4.101,12.407,121.0,-0.0199,0.0873,0.0061,-0.2236,0.1597,5,0.0095,False,False,False,False,measured
55129950200,Washburn County,,rural,836,False,-0.049,66607,5.941,7.718,52.0,-0.0618,-0.0728,0.2554,-0.004,-0.1074,5,0.0094,False,False,False,False,measured
55079140202,Milwaukee County,"Milwaukee-Waukesha, WI",metro,2231,False,0.059,99596,2.576,6.597,120.0,-0.0528,0.0584,-0.2006,0.0485,0.1559,5,0.0094,False,False,False,True,measured
17161022200,Rock Island County,"Davenport-Moline-Rock Island, IA-IL",metro,1410,True,0.005,60263,5.221,6.521,68.0,-0.0573,-0.098,0.1578,0.052,-0.0454,5,0.0091,False,False,False,False,measured
17089852203,Kane County,"Chicago-Naperville-Elgin, IL-IN",metro,1907,False,2.172,81414,5.101,13.332,86.0,0.1239,-0.0139,0.1416,-0.2669,0.0242,5,0.009,True,False,False,False,measured
17119401722,Madison County,"St. Louis, MO-IL",metro,1326,False,2.119,71528,3.735,7.706,77.0,0.1196,-0.0532,-0.0435,-0.0035,-0.0106,5,0.0088,False,False,False,False,measured
17197883605,Will County,"Chicago-Naperville-Elgin, IL-IN",metro,1091,True,0.277,63224,4.616,3.202,40.0,-0.0345,-0.0862,0.0758,0.2075,-0.1538,5,0.0087,False,False,False,False,measured
17031804406,Cook County,"Chicago-Naperville-Elgin, IL-IN",metro,1857,False,-1.125,75305,3.233,3.592,111.0,-0.1518,-0.0382,-0.1116,0.1892,0.121,5,0.0087,False,False,False,True,measured
17031261000,Cook County,"Chicago-Naperville-Elgin, IL-IN",metro,879,True,4.217,47708,3.233,3.854,27.0,0.295,-0.148,-0.1116,0.1769,-0.2042,5,0.0082,False,False,False,True,measured
17121952300,Marion County,"Centralia, IL",micro,1301,False,-2.134,76607,7.574,10.843,67.0,-0.2362,-0.033,0.4768,-0.1504,-0.0493,5,0.0078,False,False,False,False,measured
17031816200,Cook County,"Chicago-Naperville-Elgin, IL-IN",metro,1852,False,2.795,75735,3.233,6.845,65.0,0.1761,-0.0365,-0.1116,0.0369,-0.0571,5,0.0078,False,False,False,True,measured
17031818900,Cook County,"Chicago-Naperville-Elgin, IL-IN",metro,1965,False,1.91,103389,3.233,8.807,79.0,0.1021,0.0735,-0.1116,-0.055,-0.0029,5,0.0061,False,False,False,True,measured
17031805802,Cook County,"Chicago-Naperville-Elgin, IL-IN",metro,1875,False,0.15,119592,3.233,9.436,108.0,-0.0452,0.138,-0.1116,-0.0845,0.1094,5,0.0061,False,False,False,True,measured
55113100700,Sawyer County,,rural,756,True,0.166,54333,6.841,8.335,35.0,-0.0438,-0.1216,0.3774,-0.0329,-0.1732,5,0.0059,False,False,False,False,measured
17031822000,Cook County,"Chicago-Naperville-Elgin, IL-IN",metro,1773,True,0.88,61101,3.233,6.937,122.0,0.0159,-0.0947,-0.1116,0.0325,0.1636,5,0.0058,False,False,False,True,measured
17031818000,Cook County,"Chicago-Naperville-Elgin, IL-IN",metro,1749,True,2.725,65641,3.233,6.319,70.0,0.1702,-0.0766,-0.1116,0.0615,-0.0377,5,0.0058,False,False,False,True,measured
17097860805,Lake County,"Chicago-Naperville-Elgin, IL-IN",metro,806,False,2.169,80833,2.585,4.506,67.0,0.1237,-0.0162,-0.1993,0.1464,-0.0493,5,0.0053,False,False,False,True,measured
17031381200,Cook County,"Chicago-Naperville-Elgin, IL-IN",metro,1181,False,4.537,46407,3.233,3.555,17.0,0.3218,-0.1531,-0.1116,0.191,-0.2429,5,0.0052,False,False,False,True,measured
17097860301,Lake County,"Chicago-Naperville-Elgin, IL-IN",metro,1227,True,2.547,53194,2.585,3.006,69.0,0.1554,-0.1261,-0.1993,0.2167,-0.0416,5,0.005,False,False,False,True,measured
17043841504,DuPage County,"Chicago-Naperville-Elgin, IL-IN",metro,1113,True,2.908,86232,3.131,6.382,49.0,0.1855,0.0053,-0.1254,0.0586,-0.119,5,0.0049,False,False,False,False,measured
17031430102,Cook County,"Chicago-Naperville-Elgin, IL-IN",metro,2392,True,3.843,52955,3.233,2.8,16.0,0.2637,-0.1271,-0.1116,0.2263,-0.2468,5,0.0046,False,False,False,True,measured
55105001700,Rock County,"Janesville-Beloit, WI",metro,1815,True,-0.553,52736,3.865,5.199,118.0,-0.1039,-0.128,-0.0259,0.114,0.1481,5,0.0043,False,False,False,False,measured
55087011400,Outagamie County,"Appleton, WI",metro,2141,False,-1.336,69673,3.366,6.197,147.0,-0.1695,-0.0606,-0.0936,0.0672,0.2604,5,0.004,False,False,False,False,measured
17201003000,Winnebago County,"Rockford, IL",metro,757,False,-0.706,82526,5.151,4.82,41.0,-0.1167,-0.0095,0.1484,0.1317,-0.15,5,0.0039,False,False,False,False,measured
17201000501,Winnebago County,"Rockford, IL",metro,1987,False,-1.563,77768,5.151,6.356,83.0,-0.1885,-0.0284,0.1484,0.0598,0.0126,5,0.0039,False,False,False,False,measured
17031240200,Cook County,"Chicago-Naperville-Elgin, IL-IN",metro,805,False,-0.099,168862,3.233,7.768,42.0,-0.066,0.334,-0.1116,-0.0063,-0.1461,5,0.0039,False,False,False,True,measured
17031100100,Cook County,"Chicago-Naperville-Elgin, IL-IN",metro,2207,False,0.311,114536,3.233,7.694,88.0,-0.0317,0.1179,-0.1116,-0.0029,0.032,5,0.0037,False,False,False,True,measured
55033970100,Dunn County,"Menomonie, WI",micro,1630,False,0.766,77197,4.562,8.691,82.0,0.0063,-0.0307,0.0686,-0.0496,0.0088,5,0.0034,False,False,False,False,measured
17043846510,DuPage County,"Chicago-Naperville-Elgin, IL-IN",metro,1336,False,2.021,125541,3.131,7.425,40.0,0.1113,0.1616,-0.1254,0.0097,-0.1538,5,0.0034,False,False,False,False,measured
55025002200,Dane County,"Madison, WI",metro,2189,True,0.323,60029,2.659,4.165,121.0,-0.0307,-0.099,-0.1893,0.1624,0.1597,5,0.0032,False,False,False,False,measured
17031710400,Cook County,"Chicago-Naperville-Elgin, IL-IN",metro,2144,True,2.403,46727,3.233,3.708,64.0,0.1433,-0.1519,-0.1116,0.1838,-0.0609,5,0.0027,False,False,False,True,measured
17019005601,Champaign County,"Champaign-Urbana, IL",metro,2688,True,0.0,65467,3.725,7.726,128.0,-0.0577,-0.0773,-0.0448,-0.0044,0.1868,5,0.0026,True,False,False,False,measured
55105002200,Rock County,"Janesville-Beloit, WI",metro,803,False,-2.84,86750,3.865,1.313,85.0,-0.2952,0.0073,-0.0259,0.2959,0.0204,5,0.0025,False,False,False,False,measured
17031031200,Cook County,"Chicago-Naperville-Elgin, IL-IN",metro,3413,True,3.7,25713,3.233,4.657,69.0,0.2518,-0.2355,-0.1116,0.1393,-0.0416,5,0.0025,False,True,False,True,measured
17019010204,Champaign County,"Champaign-Urbana, IL",metro,2064,True,4.121,55183,3.725,9.266,68.0,0.287,-0.1182,-0.0448,-0.0765,-0.0454,5,0.0019,False,False,False,False,measured
17121951600,Marion County,"Centralia, IL",micro,1499,False,1.284,69879,7.574,13.86,35.0,0.0497,-0.0598,0.4768,-0.2917,-0.1732,5,0.0018,False,False,False,False,measured
17197881002,Will County,"Chicago-Naperville-Elgin, IL-IN",metro,1647,False,-1.42,141781,4.616,12.037,101.0,-0.1765,0.2262,0.0758,-0.2063,0.0823,5,0.0016,False,False,False,False,measured
55079090800,Milwaukee County,"Milwaukee-Waukesha, WI",metro,979,False,-0.041,141319,2.576,6.257,73.0,-0.0611,0.2244,-0.2006,0.0644,-0.0261,5,0.001,False,False,False,True,measured
17201003602,Winnebago County,"Rockford, IL",metro,1805,True,0.135,42138,5.151,4.441,59.0,-0.0464,-0.1701,0.1484,0.1495,-0.0803,5,0.001,False,False,False,False,measured
17031170300,Cook County,"Chicago-Naperville-Elgin, IL-IN",metro,1874,False,1.16,82203,3.233,5.612,77.0,0.0393,-0.0108,-0.1116,0.0946,-0.0106,5,0.001,False,False,False,True,measured
17031803005,Cook County,"Chicago-Naperville-Elgin, IL-IN",metro,1159,False,1.851,133083,3.233,8.77,48.0,0.0971,0.1916,-0.1116,-0.0533,-0.1229,5,0.001,True,False,False,True,measured
17161022800,Rock Island County,"Davenport-Moline-Rock Island, IA-IL",metro,1483,True,-0.562,50586,5.221,5.606,77.0,-0.1047,-0.1365,0.1578,0.0949,-0.0106,5,0.0008,False,False,False,False,measured
17167003702,Sangamon County,"Springfield, IL",metro,1531,False,-1.568,139554,7.206,19.595,107.0,-0.1888,0.2174,0.4269,-0.5603,0.1055,5,0.0007,True,False,False,False,measured
17031803607,Cook County,"Chicago-Naperville-Elgin, IL-IN",metro,1719,False,-0.839,125818,3.233,8.646,112.0,-0.1279,0.1627,-0.1116,-0.0475,0.1249,5,0.0006,False,False,False,True,measured
17031801901,Cook County,"Chicago-Naperville-Elgin, IL-IN",metro,2038,False,2.021,99345,3.233,10.518,100.0,0.1113,0.0574,-0.1116,-0.1352,0.0784,5,0.0005,False,False,False,True,measured
17019005702,Champaign County,"Champaign-Urbana, IL",metro,766,False,0.0,95278,3.725,3.62,47.0,-0.0577,0.0413,-0.0448,0.1879,-0.1267,5,-0.0001,True,False,False,False,measured
17097861610,Lake County,"Chicago-Naperville-Elgin, IL-IN",metro,1351,False,1.518,124112,2.585,9.285,93.0,0.0692,0.156,-0.1993,-0.0774,0.0513,5,-0.0002,False,False,False,True,measured
55105000700,Rock County,"Janesville-Beloit, WI",metro,1965,False,1.05,62436,3.865,7.414,99.0,0.0301,-0.0894,-0.0259,0.0102,0.0746,5,-0.0004,False,False,False,False,measured
55025001707,Dane County,"Madison, WI",metro,975,True,4.225,67555,2.659,3.174,16.0,0.2957,-0.069,-0.1893,0.2088,-0.2468,5,-0.0006,True,True,False,False,measured
17031690900,Cook County,"Chicago-Naperville-Elgin, IL-IN",metro,1877,True,2.938,34330,3.233,2.689,52.0,0.188,-0.2012,-0.1116,0.2315,-0.1074,5,-0.0006,False,False,False,True,measured
17031090100,Cook County,"Chicago-Naperville-Elgin, IL-IN",metro,1439,False,0.21,140194,3.233,8.963,78.0,-0.0402,0.2199,-0.1116,-0.0623,-0.0067,5,-0.0009,False,False,False,True,measured
17031151002,Cook County,"Chicago-Naperville-Elgin, IL-IN",metro,1715,False,2.296,75875,3.233,4.417,44.0,0.1343,-0.0359,-0.1116,0.1506,-0.1384,5,-0.001,False,False,False,True,measured
55079140201,Milwaukee County,"Milwaukee-Waukesha, WI",metro,2559,False,2.364,74601,2.576,8.07,111.0,0.14,-0.041,-0.2006,-0.0205,0.121,5,-0.0011,False,False,False,True,measured
17179020100,Tazewell County,"Peoria, IL",metro,1243,False,1.341,47318,4.884,5.323,47.0,0.0544,-0.1495,0.1122,0.1082,-0.1267,5,-0.0015,True,False,False,False,measured
17201002600,Winnebago County,"Rockford, IL",metro,781,True,2.18,17663,5.151,3.344,26.0,0.1247,-0.2675,0.1484,0.2008,-0.208,5,-0.0016,False,True,False,False,measured
17097864523,Lake County,"Chicago-Naperville-Elgin, IL-IN",metro,1662,False,3.228,97672,2.585,7.814,65.0,0.2123,0.0508,-0.1993,-0.0085,-0.0571,5,-0.0018,True,False,False,True,measured
17031801400,Cook County,"Chicago-Naperville-Elgin, IL-IN",metro,1134,False,0.769,169318,3.233,11.131,62.0,0.0066,0.3358,-0.1116,-0.1639,-0.0687,5,-0.0018,False,False,False,True,measured
17031807800,Cook County,"Chicago-Naperville-Elgin, IL-IN",metro,871,False,1.438,147679,3.233,9.416,49.0,0.0626,0.2497,-0.1116,-0.0835,-0.119,5,-0.0018,False,False,False,True,measured
17179020600,Tazewell County,"Peoria, IL",metro,932,False,0.458,67596,4.884,4.821,39.0,-0.0194,-0.0689,0.1122,0.1317,-0.1577,5,-0.0021,False,False,False,False,measured
17201000800,Winnebago County,"Rockford, IL",metro,1228,True,0.586,44167,5.151,4.994,53.0,-0.0087,-0.1621,0.1484,0.1235,-0.1035,5,-0.0023,False,False,False,False,measured
17031811800,Cook County,"Chicago-Naperville-Elgin, IL-IN",metro,1728,False,1.872,100577,3.233,8.604,78.0,0.0988,0.0623,-0.1116,-0.0455,-0.0067,5,-0.0027,False,False,False,True,measured
55093960700,Pierce County,"Minneapolis-St. Paul-Bloomington, MN-WI",metro,1800,False,-1.509,94929,5.579,11.111,105.0,-0.1839,0.0399,0.2063,-0.1629,0.0978,5,-0.0028,False,False,False,False,measured
17201002301,Winnebago County,"Rockford, IL",metro,874,True,0.441,29500,5.151,3.347,51.0,-0.0209,-0.2204,0.1484,0.2007,-0.1113,5,-0.0034,False,False,False,False,measured
17031660500,Cook County,"Chicago-Naperville-Elgin, IL-IN",metro,1517,True,2.967,72238,3.233,4.04,28.0,0.1905,-0.0504,-0.1116,0.1683,-0.2003,5,-0.0035,False,False,False,True,measured
17031822900,Cook County,"Chicago-Naperville-Elgin, IL-IN",metro,803,False,4.254,73750,3.233,6.721,31.0,0.2981,-0.0444,-0.1116,0.0427,-0.1887,5,-0.0038,False,False,False,True,measured
55081950400,Monroe County,"Sparta, WI",micro,1914,False,-0.187,60417,3.787,7.445,130.0,-0.0734,-0.0974,-0.0365,0.0088,0.1946,5,-0.0039,False,False,False,False,measured
17031823904,Cook County,"Chicago-Naperville-Elgin, IL-IN",metro,1664,False,0.825,108151,3.233,8.662,93.0,0.0113,0.0925,-0.1116,-0.0482,0.0513,5,-0.0047,False,False,False,True,measured
55125940000,Vilas County,,rural,1528,True,-3.281,57321,8.314,10.238,75.0,-0.3322,-0.1097,0.577,-0.1221,-0.0183,5,-0.0053,False,False,False,False,measured
55095960701,Polk County,,rural,1681,False,0.655,66309,2.692,5.915,125.0,-0.0029,-0.074,-0.1848,0.0804,0.1752,5,-0.0061,True,False,False,False,measured
55025001200,Dane County,"Madison, WI",metro,2966,False,2.179,60865,2.659,4.277,79.0,0.1245,-0.0956,-0.1893,0.1571,-0.0029,5,-0.0061,False,False,False,False,measured
17031819802,Cook County,"Chicago-Naperville-Elgin, IL-IN",metro,899,False,-0.697,206125,3.233,11.732,62.0,-0.116,0.4822,-0.1116,-0.192,-0.0687,5,-0.0061,False,False,False,True,measured
17031803017,Cook County,"Chicago-Naperville-Elgin, IL-IN",metro,2516,False,-0.943,108724,3.233,7.579,117.0,-0.1365,0.0947,-0.1116,0.0025,0.1442,5,-0.0066,False,False,False,True,measured
17119401102,Madison County,"St. Louis, MO-IL",metro,1558,False,0.257,69821,3.735,5.888,93.0,-0.0362,-0.06,-0.0435,0.0817,0.0513,5,-0.0067,True,False,False,False,measured
17197881603,Will County,"Chicago-Naperville-Elgin, IL-IN",metro,1658,True,4.387,46176,4.616,9.183,37.0,0.3092,-0.1541,0.0758,-0.0726,-0.1655,5,-0.0071,False,False,False,False,measured
17031070200,Cook County,"Chicago-Naperville-Elgin, IL-IN",metro,2132,False,0.837,109000,3.233,7.735,80.0,0.0123,0.0958,-0.1116,-0.0048,0.001,5,-0.0072,False,False,False,True,measured
17031200402,Cook County,"Chicago-Naperville-Elgin, IL-IN",metro,1336,True,2.83,80784,3.233,4.188,23.0,0.179,-0.0164,-0.1116,0.1613,-0.2197,5,-0.0073,False,False,False,True,measured
17031010600,Cook County,"Chicago-Naperville-Elgin, IL-IN",metro,3132,False,1.322,72500,3.233,5.009,74.0,0.0528,-0.0494,-0.1116,0.1229,-0.0222,5,-0.0074,False,False,False,True,measured
17031808702,Cook County,"Chicago-Naperville-Elgin, IL-IN",metro,455,False,4.622,62355,3.233,5.08,14.0,0.3289,-0.0897,-0.1116,0.1195,-0.2545,5,-0.0074,False,False,False,True,measured
17097864208,Lake County,"Chicago-Naperville-Elgin, IL-IN",metro,1586,False,0.396,107132,2.585,6.338,97.0,-0.0246,0.0884,-0.1993,0.0606,0.0668,5,-0.008,True,False,False,True,measured
17197881301,Will County,"Chicago-Naperville-Elgin, IL-IN",metro,1005,True,2.418,50865,4.616,4.187,14.0,0.1446,-0.1354,0.0758,0.1613,-0.2545,5,-0.0082,True,False,False,False,measured
17031810502,Cook County,"Chicago-Naperville-Elgin, IL-IN",metro,2104,False,1.563,78750,3.233,6.154,76.0,0.073,-0.0245,-0.1116,0.0692,-0.0145,5,-0.0083,False,False,False,True,measured
17031020701,Cook County,"Chicago-Naperville-Elgin, IL-IN",metro,751,False,2.096,108568,3.233,5.095,21.0,0.1177,0.0941,-0.1116,0.1189,-0.2274,5,-0.0084,False,False,False,True,measured
17161021000,Rock Island County,"Davenport-Moline-Rock Island, IA-IL",metro,1917,True,2.276,60240,5.221,9.55,51.0,0.1327,-0.0981,0.1578,-0.0898,-0.1113,5,-0.0087,False,False,False,False,measured
17031180100,Cook County,"Chicago-Naperville-Elgin, IL-IN",metro,2289,False,0.479,86632,3.233,5.641,85.0,-0.0177,0.0069,-0.1116,0.0933,0.0204,5,-0.0088,False,False,False,True,measured
55079020700,Milwaukee County,"Milwaukee-Waukesha, WI",metro,1937,False,-0.519,66688,2.576,4.647,138.0,-0.1011,-0.0725,-0.2006,0.1398,0.2255,5,-0.0089,False,False,False,True,measured
17031030103,Cook County,"Chicago-Naperville-Elgin, IL-IN",metro,1100,False,4.446,49545,3.233,4.547,24.0,0.3141,-0.1407,-0.1116,0.1445,-0.2158,5,-0.0094,False,False,False,True,measured
17031800100,Cook County,"Chicago-Naperville-Elgin, IL-IN",metro,830,False,-0.115,249167,3.233,14.846,42.0,-0.0673,0.6534,-0.1116,-0.3378,-0.1461,5,-0.0094,False,False,False,True,measured
55001950700,Adams County,,rural,1503,False,-1.07,72986,4.348,9.016,134.0,-0.1472,-0.0474,0.0395,-0.0648,0.2101,5,-0.0099,False,False,False,False,measured
17119403502,Madison County,"St. Louis, MO-IL",metro,2315,False,-1.256,82909,3.735,8.914,148.0,-0.1628,-0.0079,-0.0435,-0.06,0.2643,5,-0.01,False,False,False,False,measured
55079007500,Milwaukee County,"Milwaukee-Waukesha, WI",metro,970,False,-0.367,154821,2.576,6.23,63.0,-0.0884,0.2781,-0.2006,0.0657,-0.0648,5,-0.0101,False,False,False,True,measured
17043840104,DuPage County,"Chicago-Naperville-Elgin, IL-IN",metro,2306,True,2.88,81234,3.131,7.802,68.0,0.1832,-0.0146,-0.1254,-0.0079,-0.0454,5,-0.0102,False,False,False,False,measured
17135957600,Montgomery County,,rural,1402,False,0.969,96184,6.022,11.465,37.0,0.0233,0.0449,0.2665,-0.1795,-0.1655,5,-0.0103,False,False,False,False,measured
17031814200,Cook County,"Chicago-Naperville-Elgin, IL-IN",metro,2266,True,2.86,74178,3.233,5.404,43.0,0.1815,-0.0427,-0.1116,0.1043,-0.1422,5,-0.0106,False,False,False,True,measured
17031810702,Cook County,"Chicago-Naperville-Elgin, IL-IN",metro,1502,False,1.431,93789,3.233,5.763,58.0,0.062,0.0353,-0.1116,0.0875,-0.0842,5,-0.0109,False,False,False,True,measured
17031430200,Cook County,"Chicago-Naperville-Elgin, IL-IN",metro,2716,True,2.72,54479,3.233,3.323,41.0,0.1698,-0.121,-0.1116,0.2018,-0.15,5,-0.011,False,False,False,True,measured
17031809500,Cook County,"Chicago-Naperville-Elgin, IL-IN",metro,2280,False,2.655,70074,3.233,6.434,64.0,0.1644,-0.059,-0.1116,0.0561,-0.0609,5,-0.011,False,False,False,True,measured
17031090300,Cook County,"Chicago-Naperville-Elgin, IL-IN",metro,553,False,3.183,116438,3.233,9.091,37.0,0.2085,0.1254,-0.1116,-0.0683,-0.1655,5,-0.0114,False,False,False,True,measured
17057953600,Fulton County,"Canton, IL",micro,2227,False,2.39,39006,4.795,9.918,89.0,0.1422,-0.1826,0.1001,-0.107,0.0359,5,-0.0114,False,False,False,False,measured
55009010202,Brown County,"Green Bay, WI",metro,2059,False,-0.614,73781,2.607,6.467,153.0,-0.1091,-0.0443,-0.1964,0.0546,0.2836,5,-0.0115,False,False,False,True,measured
55079010700,Milwaukee County,"Milwaukee-Waukesha, WI",metro,1316,False,3.095,70342,2.576,5.52,66.0,0.2011,-0.0579,-0.2006,0.0989,-0.0532,5,-0.0117,False,False,False,True,measured
17179022000,Tazewell County,"Peoria, IL",metro,1516,False,-1.293,94659,4.884,6.596,68.0,-0.1658,0.0388,0.1122,0.0485,-0.0454,5,-0.0118,False,False,False,False,measured
17031804505,Cook County,"Chicago-Naperville-Elgin, IL-IN",metro,1471,True,-0.61,94669,3.233,5.685,100.0,-0.1087,0.0388,-0.1116,0.0912,0.0784,5,-0.0119,False,False,False,True,measured
55085970604,Oneida County,,rural,892,False,2.084,63824,5.104,10.657,68.0,0.1166,-0.0839,0.142,-0.1417,-0.0454,5,-0.0123,True,False,False,False,measured
55101002800,Racine County,"Racine-Mount Pleasant, WI",metro,2413,False,1.074,118147,-1.776,5.049,207.0,0.0322,0.1322,-0.7904,0.121,0.4927,5,-0.0124,False,False,False,True,measured
55025000505,Dane County,"Madison, WI",metro,1581,False,1.057,92274,2.659,5.419,83.0,0.0307,0.0293,-0.1893,0.1036,0.0126,5,-0.013,True,False,False,False,measured
55079035200,Milwaukee County,"Milwaukee-Waukesha, WI",metro,1942,False,0.155,117024,2.576,10.138,137.0,-0.0448,0.1278,-0.2006,-0.1174,0.2217,5,-0.0133,False,False,False,True,measured
55079080200,Milwaukee County,"Milwaukee-Waukesha, WI",metro,1887,False,1.625,81544,2.576,4.129,69.0,0.0782,-0.0134,-0.2006,0.1641,-0.0416,5,-0.0133,False,False,False,True,measured
17031110300,Cook County,"Chicago-Naperville-Elgin, IL-IN",metro,1848,False,-0.926,119750,3.233,6.55,91.0,-0.1352,0.1386,-0.1116,0.0507,0.0436,5,-0.0139,False,False,False,True,measured
17031823605,Cook County,"Chicago-Naperville-Elgin, IL-IN",metro,1604,False,1.242,102283,3.233,7.042,68.0,0.0462,0.0691,-0.1116,0.0276,-0.0454,5,-0.0141,False,False,False,True,measured
17097864307,Lake County,"Chicago-Naperville-Elgin, IL-IN",metro,849,False,5.358,143523,2.585,13.793,41.0,0.3904,0.2332,-0.1993,-0.2885,-0.15,5,-0.0142,False,False,False,True,measured
55025000409,Dane County,"Madison, WI",metro,1933,False,1.053,79632,2.659,5.781,100.0,0.0303,-0.021,-0.1893,0.0867,0.0784,5,-0.0148,True,False,False,False,measured
17031032100,Cook County,"Chicago-Naperville-Elgin, IL-IN",metro,4220,False,0.861,72515,3.233,5.424,87.0,0.0143,-0.0493,-0.1116,0.1034,0.0281,5,-0.015,False,False,False,True,measured
55141010500,Wood County,"Wisconsin Rapids-Marshfield, WI",micro,1501,False,1.048,57896,5.185,8.021,61.0,0.0299,-0.1074,0.153,-0.0182,-0.0725,5,-0.0153,False,False,False,False,measured
17197883804,Will County,"Chicago-Naperville-Elgin, IL-IN",metro,951,False,-1.645,83567,4.616,4.167,66.0,-0.1953,-0.0053,0.0758,0.1623,-0.0532,5,-0.0157,False,False,False,False,measured
17141961302,Ogle County,"Rochelle, IL",micro,1039,False,-0.441,127801,3.917,7.561,60.0,-0.0946,0.1706,-0.0189,0.0033,-0.0764,5,-0.016,True,False,False,False,measured
55079060102,Milwaukee County,"Milwaukee-Waukesha, WI",metro,1438,False,1.091,90192,2.576,6.617,101.0,0.0336,0.021,-0.2006,0.0475,0.0823,5,-0.0162,False,False,False,True,measured
17031010201,Cook County,"Chicago-Naperville-Elgin, IL-IN",metro,2972,True,1.587,63056,3.233,5.777,85.0,0.075,-0.0869,-0.1116,0.0869,0.0204,5,-0.0162,False,False,False,True,measured
17031770902,Cook County,"Chicago-Naperville-Elgin, IL-IN",metro,1596,False,3.397,77656,3.233,7.369,50.0,0.2264,-0.0288,-0.1116,0.0123,-0.1151,5,-0.0168,False,False,False,True,measured
55117010400,Sheboygan County,"Sheboygan, WI",metro,986,False,0.39,86900,5.146,10.142,72.0,-0.0251,0.0079,0.1477,-0.1175,-0.03,5,-0.0169,False,False,False,False,measured
17029000400,Coles County,"Charleston-Mattoon, IL",micro,1430,False,1.928,35417,7.504,11.045,20.0,0.1036,-0.1969,0.4673,-0.1598,-0.2313,5,-0.0171,False,False,False,False,measured
17043841004,DuPage County,"Chicago-Naperville-Elgin, IL-IN",metro,1558,False,1.35,110703,3.131,7.149,61.0,0.0552,0.1026,-0.1254,0.0226,-0.0725,5,-0.0176,False,False,False,False,measured
17031711100,Cook County,"Chicago-Naperville-Elgin, IL-IN",metro,1033,True,3.048,50139,3.233,3.443,38.0,0.1972,-0.1383,-0.1116,0.1962,-0.1616,5,-0.018,False,False,False,True,measured
17201002800,Winnebago County,"Rockford, IL",metro,489,True,1.602,36551,5.151,3.194,13.0,0.0763,-0.1924,0.1484,0.2079,-0.2584,5,-0.0181,True,False,False,False,measured
17031071500,Cook County,"Chicago-Naperville-Elgin, IL-IN",metro,3729,False,-0.58,119024,3.233,9.021,113.0,-0.1062,0.1357,-0.1116,-0.0651,0.1288,5,-0.0184,False,False,False,True,measured
55135100800,Waupaca County,,rural,2011,False,0.21,93750,1.882,6.203,135.0,-0.0401,0.0352,-0.2947,0.0669,0.2139,5,-0.0188,False,False,False,False,measured
55133203000,Waukesha County,"Milwaukee-Waukesha, WI",metro,942,False,0.002,83553,5.429,8.626,55.0,-0.0575,-0.0054,0.1861,-0.0465,-0.0958,5,-0.0191,False,False,False,False,measured
17031640400,Cook County,"Chicago-Naperville-Elgin, IL-IN",metro,1222,False,0.822,100192,3.233,5.578,60.0,0.011,0.0608,-0.1116,0.0962,-0.0764,5,-0.0199,False,False,False,True,measured
55079000800,Milwaukee County,"Milwaukee-Waukesha, WI",metro,1966,True,1.039,61611,2.576,4.017,99.0,0.0292,-0.0927,-0.2006,0.1693,0.0746,5,-0.0202,False,False,False,True,measured
17031700502,Cook County,"Chicago-Naperville-Elgin, IL-IN",metro,1131,False,1.849,83125,3.233,5.308,52.0,0.097,-0.0071,-0.1116,0.1089,-0.1074,5,-0.0202,False,False,False,True,measured
17031690400,Cook County,"Chicago-Naperville-Elgin, IL-IN",metro,1507,True,2.366,44878,3.233,2.581,47.0,0.1402,-0.1592,-0.1116,0.2366,-0.1267,5,-0.0208,False,False,False,True,measured
55127000801,Walworth County,"Whitewater-Elkhorn, WI",micro,785,False,-1.912,68207,6.687,5.69,32.0,-0.2176,-0.0664,0.3566,0.091,-0.1848,5,-0.0213,True,False,False,False,measured
17197883100,Will County,"Chicago-Naperville-Elgin, IL-IN",metro,1506,True,1.014,65078,4.616,6.97,60.0,0.0271,-0.0789,0.0758,0.031,-0.0764,5,-0.0213,False,False,False,False,measured
17031826202,Cook County,"Chicago-Naperville-Elgin, IL-IN",metro,1947,True,-1.208,68878,3.233,5.357,133.0,-0.1588,-0.0638,-0.1116,0.1066,0.2062,5,-0.0214,False,False,False,True,measured
17031770300,Cook County,"Chicago-Naperville-Elgin, IL-IN",metro,2938,False,0.888,76782,3.233,10.27,139.0,0.0165,-0.0323,-0.1116,-0.1235,0.2294,5,-0.0215,False,False,False,True,measured
17119401000,Madison County,"St. Louis, MO-IL",metro,1075,True,1.579,61477,3.735,4.889,57.0,0.0744,-0.0932,-0.0435,0.1285,-0.088,5,-0.0218,False,False,False,False,measured
17135957700,Montgomery County,,rural,1252,False,1.521,60313,6.022,10.889,52.0,0.0695,-0.0978,0.2665,-0.1525,-0.1074,5,-0.0218,False,False,False,False,measured
17031220701,Cook County,"Chicago-Naperville-Elgin, IL-IN",metro,1199,True,2.437,77904,3.233,4.637,36.0,0.1461,-0.0279,-0.1116,0.1403,-0.1693,5,-0.0223,False,False,False,True,measured
17043846003,DuPage County,"Chicago-Naperville-Elgin, IL-IN",metro,1860,False,-0.161,118349,3.131,7.93,94.0,-0.0711,0.133,-0.1254,-0.0139,0.0552,5,-0.0223,False,False,False,False,measured
17119400102,Madison County,"St. Louis, MO-IL",metro,1928,True,0.388,54722,3.735,4.597,86.0,-0.0252,-0.1201,-0.0435,0.1422,0.0242,5,-0.0224,False,False,False,False,measured
17097864516,Lake County,"Chicago-Naperville-Elgin, IL-IN",metro,1523,False,-1.151,139522,2.585,8.206,116.0,-0.154,0.2173,-0.1993,-0.0269,0.1404,5,-0.0225,False,False,False,True,measured
17097864108,Lake County,"Chicago-Naperville-Elgin, IL-IN",metro,2004,False,0.6,101111,2.585,8.154,117.0,-0.0076,0.0645,-0.1993,-0.0244,0.1442,5,-0.0226,False,False,False,True,measured
17161020200,Rock Island County,"Davenport-Moline-Rock Island, IA-IL",metro,1583,True,-0.984,58984,5.221,5.327,68.0,-0.14,-0.1031,0.1578,0.108,-0.0454,5,-0.0228,True,False,False,False,measured
17031802505,Cook County,"Chicago-Naperville-Elgin, IL-IN",metro,2656,True,1.954,79886,3.233,6.93,72.0,0.1058,-0.02,-0.1116,0.0329,-0.03,5,-0.0228,False,False,False,True,measured
17031824505,Cook County,"Chicago-Naperville-Elgin, IL-IN",metro,2561,True,0.541,75876,3.233,8.283,123.0,-0.0125,-0.0359,-0.1116,-0.0305,0.1675,5,-0.023,False,False,False,True,measured
17031700501,Cook County,"Chicago-Naperville-Elgin, IL-IN",metro,2428,False,-0.213,66300,3.233,4.969,109.0,-0.0755,-0.074,-0.1116,0.1247,0.1133,5,-0.0231,False,False,False,True,measured
17031130200,Cook County,"Chicago-Naperville-Elgin, IL-IN",metro,705,False,1.482,120625,3.233,5.918,28.0,0.0663,0.1421,-0.1116,0.0803,-0.2003,5,-0.0232,False,False,False,True,measured
17031010701,Cook County,"Chicago-Naperville-Elgin, IL-IN",metro,1687,True,2.215,74813,3.233,5.485,54.0,0.1275,-0.0402,-0.1116,0.1006,-0.0996,5,-0.0233,False,False,False,True,measured
17043846504,DuPage County,"Chicago-Naperville-Elgin, IL-IN",metro,2325,False,-0.033,113326,3.131,10.563,128.0,-0.0605,0.113,-0.1254,-0.1372,0.1868,5,-0.0233,True,False,False,False,measured
17179022300,Tazewell County,"Peoria, IL",metro,2040,False,-2.164,115395,4.884,12.753,137.0,-0.2387,0.1213,0.1122,-0.2398,0.2217,5,-0.0234,False,False,False,False,measured
55071000300,Manitowoc County,"Manitowoc, WI",micro,2395,False,0.592,81917,-0.096,3.811,178.0,-0.0082,-0.0119,-0.5627,0.179,0.3804,5,-0.0235,False,False,False,False,measured
17031150402,Cook County,"Chicago-Naperville-Elgin, IL-IN",metro,1331,False,0.503,103939,3.233,5.571,62.0,-0.0156,0.0757,-0.1116,0.0965,-0.0687,5,-0.0236,False,False,False,True,measured
17043842703,DuPage County,"Chicago-Naperville-Elgin, IL-IN",metro,1439,False,0.422,123992,3.131,8.902,87.0,-0.0224,0.1555,-0.1254,-0.0595,0.0281,5,-0.0237,False,False,False,False,measured
55039041700,Fond du Lac County,"Fond du Lac, WI",metro,1434,False,-0.925,97581,5.907,13.947,107.0,-0.1351,0.0504,0.2508,-0.2957,0.1055,5,-0.0241,False,False,False,False,measured
17043840910,DuPage County,"Chicago-Naperville-Elgin, IL-IN",metro,1499,True,-1.164,110428,3.131,5.596,95.0,-0.1551,0.1015,-0.1254,0.0954,0.0591,5,-0.0245,False,False,False,False,measured
17031310500,Cook County,"Chicago-Naperville-Elgin, IL-IN",metro,682,True,6.684,63070,3.233,9.109,13.0,0.5014,-0.0869,-0.1116,-0.0692,-0.2584,5,-0.0246,False,False,False,True,measured
17131040400,Mercer County,"Davenport-Moline-Rock Island, IA-IL",metro,1669,False,-0.131,73538,4.568,5.992,65.0,-0.0687,-0.0452,0.0694,0.0768,-0.0571,5,-0.0247,False,False,False,False,measured
17031730100,Cook County,"Chicago-Naperville-Elgin, IL-IN",metro,962,True,1.614,70000,3.233,4.039,54.0,0.0773,-0.0593,-0.1116,0.1683,-0.0996,5,-0.0249,False,False,False,True,measured
17031730400,Cook County,"Chicago-Naperville-Elgin, IL-IN",metro,1342,False,0.045,82642,3.233,4.221,77.0,-0.054,-0.009,-0.1116,0.1598,-0.0106,5,-0.0254,False,False,False,True,measured
17113001106,McLean County,"Bloomington, IL",metro,1366,True,-0.434,60022,6.799,9.624,51.0,-0.094,-0.099,0.3718,-0.0933,-0.1113,5,-0.0257,False,False,False,True,measured
17197880117,Will County,"Chicago-Naperville-Elgin, IL-IN",metro,1645,True,2.659,57373,4.616,6.869,30.0,0.1647,-0.1095,0.0758,0.0357,-0.1926,5,-0.0258,False,False,False,False,measured
55079185200,Milwaukee County,"Milwaukee-Waukesha, WI",metro,2351,False,-0.175,65466,2.576,4.367,124.0,-0.0723,-0.0773,-0.2006,0.1529,0.1713,5,-0.026,False,False,False,True,measured
55025001706,Dane County,"Madison, WI",metro,2096,True,4.225,51102,2.659,3.561,31.0,0.2957,-0.1345,-0.1893,0.1907,-0.1887,5,-0.0261,True,False,False,False,measured
17043841104,DuPage County,"Chicago-Naperville-Elgin, IL-IN",metro,1463,False,0.012,108849,3.131,7.787,97.0,-0.0567,0.0952,-0.1254,-0.0072,0.0668,5,-0.0274,False,False,False,False,measured
55105001800,Rock County,"Janesville-Beloit, WI",metro,1625,True,1.197,43966,3.865,5.033,79.0,0.0424,-0.1629,-0.0259,0.1217,-0.0029,5,-0.0275,False,False,False,False,measured
17201000101,Winnebago County,"Rockford, IL",metro,1601,False,-3.121,71635,5.151,6.705,119.0,-0.3187,-0.0528,0.1484,0.0434,0.152,5,-0.0277,False,False,False,False,measured
55007960300,Bayfield County,,rural,1610,False,0.129,73523,5.636,9.951,69.0,-0.0469,-0.0453,0.2142,-0.1086,-0.0416,5,-0.0282,False,False,False,False,measured
17197882601,Will County,"Chicago-Naperville-Elgin, IL-IN",metro,1129,True,-0.281,73750,4.616,7.36,82.0,-0.0812,-0.0444,0.0758,0.0127,0.0088,5,-0.0283,False,False,False,False,measured
17031830600,Cook County,"Chicago-Naperville-Elgin, IL-IN",metro,2163,True,1.846,65599,3.233,5.145,66.0,0.0967,-0.0768,-0.1116,0.1165,-0.0532,5,-0.0284,False,False,False,True,measured
55141011100,Wood County,"Wisconsin Rapids-Marshfield, WI",micro,1577,False,0.23,59646,5.185,6.42,54.0,-0.0385,-0.1005,0.153,0.0568,-0.0996,5,-0.0288,False,False,False,False,measured
17031811702,Cook County,"Chicago-Naperville-Elgin, IL-IN",metro,2050,True,3.479,76912,3.233,8.218,56.0,0.2333,-0.0318,-0.1116,-0.0274,-0.0919,5,-0.0294,False,False,False,True,measured
55085970603,Oneida County,,rural,802,False,2.084,77639,5.104,10.295,45.0,0.1166,-0.0289,0.142,-0.1247,-0.1345,5,-0.0295,True,False,False,False,measured
17031839600,Cook County,"Chicago-Naperville-Elgin, IL-IN",metro,907,True,3.249,68102,3.233,4.663,27.0,0.2141,-0.0668,-0.1116,0.1391,-0.2042,5,-0.0295,False,False,False,True,measured
17031822302,Cook County,"Chicago-Naperville-Elgin, IL-IN",metro,1645,False,1.696,96683,3.233,8.126,73.0,0.0841,0.0468,-0.1116,-0.0231,-0.0261,5,-0.0298,False,False,False,True,measured
55035000900,Eau Claire County,"Eau Claire, WI",metro,2809,False,4.734,59117,1.628,6.967,88.0,0.3383,-0.1026,-0.3291,0.0311,0.032,5,-0.0303,False,False,False,False,measured
17099963300,LaSalle County,"Ottawa, IL",micro,1180,True,3.302,42361,6.809,12.623,23.0,0.2185,-0.1692,0.3731,-0.2337,-0.2197,5,-0.031,False,False,False,False,measured
17031804710,Cook County,"Chicago-Naperville-Elgin, IL-IN",metro,1430,False,-1.057,109375,3.233,6.217,96.0,-0.1461,0.0973,-0.1116,0.0663,0.0629,5,-0.0311,False,False,False,True,measured
17043841603,DuPage County,"Chicago-Naperville-Elgin, IL-IN",metro,1906,False,1.237,86875,3.131,7.289,86.0,0.0457,0.0078,-0.1254,0.0161,0.0242,5,-0.0316,True,False,False,False,measured
17161021800,Rock Island County,"Davenport-Moline-Rock Island, IA-IL",metro,1909,False,-2.443,87733,5.221,9.325,116.0,-0.262,0.0112,0.1578,-0.0793,0.1404,5,-0.0319,False,False,False,False,measured
55035000402,Eau Claire County,"Eau Claire, WI",metro,2497,False,1.599,88220,1.628,8.917,149.0,0.076,0.0132,-0.3291,-0.0602,0.2681,5,-0.032,True,False,False,False,measured
17031815900,Cook County,"Chicago-Naperville-Elgin, IL-IN",metro,2785,False,-0.467,76875,3.233,4.611,97.0,-0.0968,-0.0319,-0.1116,0.1415,0.0668,5,-0.032,False,False,False,True,measured
17031819200,Cook County,"Chicago-Naperville-Elgin, IL-IN",metro,2178,False,1.219,95500,3.233,7.719,79.0,0.0442,0.0421,-0.1116,-0.004,-0.0029,5,-0.0321,False,False,False,True,measured
17043840103,DuPage County,"Chicago-Naperville-Elgin, IL-IN",metro,2265,False,0.115,90857,3.131,9.441,132.0,-0.0481,0.0237,-0.1254,-0.0847,0.2023,5,-0.0323,False,False,False,False,measured
17081050100,Jefferson County,"Mount Vernon, IL",micro,1632,False,-0.044,70380,6.481,11.25,61.0,-0.0614,-0.0578,0.3286,-0.1694,-0.0725,5,-0.0326,False,False,False,False,measured
55025010100,Dane County,"Madison, WI",metro,892,False,-0.99,143750,2.659,4.076,53.0,-0.1405,0.2341,-0.1893,0.1665,-0.1035,5,-0.0327,True,False,False,False,measured
17043840907,DuPage County,"Chicago-Naperville-Elgin, IL-IN",metro,1953,False,2.559,82270,3.131,7.307,62.0,0.1564,-0.0105,-0.1254,0.0152,-0.0687,5,-0.033,False,False,False,False,measured
55059000900,Kenosha County,"Kenosha, WI",metro,1482,True,0.662,53350,4.613,6.665,73.0,-0.0023,-0.1255,0.0754,0.0453,-0.0261,5,-0.0332,False,False,False,False,measured
55079012500,Milwaukee County,"Milwaukee-Waukesha, WI",metro,1041,False,2.199,71821,2.576,4.508,66.0,0.1262,-0.0521,-0.2006,0.1463,-0.0532,5,-0.0333,False,False,False,True,measured
17031815500,Cook County,"Chicago-Naperville-Elgin, IL-IN",metro,2174,False,-2.226,88244,3.233,5.44,133.0,-0.2439,0.0133,-0.1116,0.1027,0.2062,5,-0.0333,False,False,False,True,measured
17043840802,DuPage County,"Chicago-Naperville-Elgin, IL-IN",metro,2230,False,2.402,86667,3.131,9.142,83.0,0.1432,0.007,-0.1254,-0.0707,0.0126,5,-0.0334,False,False,False,False,measured
17031806004,Cook County,"Chicago-Naperville-Elgin, IL-IN",metro,3211,False,3.601,64681,3.233,8.97,74.0,0.2435,-0.0805,-0.1116,-0.0626,-0.0222,5,-0.0334,False,False,False,True,measured
55027961200,Dodge County,"Beaver Dam, WI",micro,1676,True,4.838,53033,2.624,11.739,114.0,0.347,-0.1268,-0.1941,-0.1923,0.1326,5,-0.0336,False,False,False,False,measured
55095960600,Polk County,,rural,989,False,1.859,73438,2.692,6.712,94.0,0.0978,-0.0456,-0.1848,0.0431,0.0552,5,-0.0344,False,False,False,False,measured
17127970300,Massac County,"Paducah, KY-IL",metro,1281,False,-0.594,75245,3.43,0.0,38.0,-0.1074,-0.0384,-0.0849,0.3574,-0.1616,5,-0.0348,False,False,False,False,measured
17201000403,Winnebago County,"Rockford, IL",metro,1833,False,-0.978,77424,5.151,8.45,86.0,-0.1395,-0.0298,0.1484,-0.0383,0.0242,5,-0.0349,False,False,False,False,measured
17179022200,Tazewell County,"Peoria, IL",metro,1863,False,-0.495,83750,4.884,11.066,110.0,-0.0991,-0.0046,0.1122,-0.1608,0.1171,5,-0.0352,False,False,False,False,measured
17031440700,Cook County,"Chicago-Naperville-Elgin, IL-IN",metro,607,False,1.48,81705,3.233,2.781,27.0,0.0661,-0.0127,-0.1116,0.2272,-0.2042,5,-0.0352,False,False,False,True,measured
17043844701,DuPage County,"Chicago-Naperville-Elgin, IL-IN",metro,1668,False,1.082,103971,3.131,10.031,104.0,0.0328,0.0758,-0.1254,-0.1123,0.0939,5,-0.0352,False,False,False,False,measured
17031530300,Cook County,"Chicago-Naperville-Elgin, IL-IN",metro,1483,True,-0.661,69177,3.233,3.6,96.0,-0.113,-0.0626,-0.1116,0.1889,0.0629,5,-0.0353,False,False,False,True,measured
17031480500,Cook County,"Chicago-Naperville-Elgin, IL-IN",metro,1236,False,1.711,60700,3.233,3.236,49.0,0.0854,-0.0963,-0.1116,0.2059,-0.119,5,-0.0356,True,False,False,True,measured
17031560800,Cook County,"Chicago-Naperville-Elgin, IL-IN",metro,1966,False,-1.516,110417,3.233,5.338,93.0,-0.1845,0.1015,-0.1116,0.1074,0.0513,5,-0.0358,False,False,False,True,measured
17031390100,Cook County,"Chicago-Naperville-Elgin, IL-IN",metro,783,False,3.013,55893,3.233,3.1,24.0,0.1943,-0.1154,-0.1116,0.2123,-0.2158,5,-0.0362,False,False,False,True,measured
55073000900,Marathon County,"Wausau, WI",metro,1052,False,-0.497,65583,6.882,10.779,55.0,-0.0993,-0.0769,0.383,-0.1474,-0.0958,5,-0.0363,True,False,False,False,measured
17031711000,Cook County,"Chicago-Naperville-Elgin, IL-IN",metro,1234,True,2.141,51010,3.233,3.364,51.0,0.1213,-0.1348,-0.1116,0.1999,-0.1113,5,-0.0364,False,False,False,True,measured
55133203104,Waukesha County,"Milwaukee-Waukesha, WI",metro,1512,False,0.313,52000,5.429,7.204,59.0,-0.0316,-0.1309,0.1861,0.0201,-0.0803,5,-0.0366,True,False,False,False,measured
17031031700,Cook County,"Chicago-Naperville-Elgin, IL-IN",metro,3341,False,-1.575,79867,3.233,5.381,126.0,-0.1895,-0.02,-0.1116,0.1054,0.1791,5,-0.0366,False,False,False,True,measured
17031805702,Cook County,"Chicago-Naperville-Elgin, IL-IN",metro,760,False,1.892,135417,3.233,9.184,40.0,0.1006,0.2009,-0.1116,-0.0727,-0.1538,5,-0.0366,False,False,False,True,measured
17031063100,Cook County,"Chicago-Naperville-Elgin, IL-IN",metro,1395,False,1.483,94948,3.233,6.094,53.0,0.0663,0.0399,-0.1116,0.0721,-0.1035,5,-0.0367,False,False,False,True,measured
55141010400,Wood County,"Wisconsin Rapids-Marshfield, WI",micro,1549,False,-0.808,71997,5.185,8.021,81.0,-0.1253,-0.0514,0.153,-0.0182,0.0049,5,-0.0369,False,False,False,False,measured
55117010300,Sheboygan County,"Sheboygan, WI",metro,1440,False,0.134,95313,5.146,13.889,109.0,-0.0465,0.0414,0.1477,-0.293,0.1133,5,-0.0371,False,False,False,False,measured
17027900601,Clinton County,"St. Louis, MO-IL",metro,1215,False,3.888,87150,5.921,16.461,40.0,0.2675,0.0089,0.2527,-0.4135,-0.1538,5,-0.0381,False,False,False,False,measured
17099962100,LaSalle County,"Ottawa, IL",micro,2064,False,0.175,63889,6.809,13.813,81.0,-0.0431,-0.0836,0.3731,-0.2895,0.0049,5,-0.0382,False,False,False,False,measured
55087010100,Outagamie County,"Appleton, WI",metro,1133,True,4.352,41950,3.366,7.383,56.0,0.3063,-0.1709,-0.0936,0.0117,-0.0919,5,-0.0384,False,False,False,False,measured
17031829903,Cook County,"Chicago-Naperville-Elgin, IL-IN",metro,1217,False,0.057,72750,3.233,6.905,116.0,-0.0529,-0.0484,-0.1116,0.0341,0.1404,5,-0.0384,True,False,False,True,measured
55107960400,Rusk County,,rural,1193,False,-0.255,66049,5.694,7.617,52.0,-0.0791,-0.075,0.222,0.0007,-0.1074,5,-0.0387,False,False,False,False,measured
17031140302,Cook County,"Chicago-Naperville-Elgin, IL-IN",metro,1345,False,1.154,97574,3.233,5.361,48.0,0.0388,0.0504,-0.1116,0.1064,-0.1229,5,-0.0389,False,False,False,True,measured
17031770800,Cook County,"Chicago-Naperville-Elgin, IL-IN",metro,2084,False,1.411,88079,3.233,8.237,87.0,0.0603,0.0126,-0.1116,-0.0283,0.0281,5,-0.0389,False,False,False,True,measured
17031230900,Cook County,"Chicago-Naperville-Elgin, IL-IN",metro,2037,True,2.539,71224,3.233,4.613,36.0,0.1547,-0.0544,-0.1116,0.1414,-0.1693,5,-0.0392,False,False,False,True,measured
55025000407,Dane County,"Madison, WI",metro,1919,True,-3.473,82145,2.659,5.802,189.0,-0.3482,-0.011,-0.1893,0.0857,0.423,5,-0.0398,False,False,False,False,measured
17043846307,DuPage County,"Chicago-Naperville-Elgin, IL-IN",metro,2074,False,0.361,86758,3.131,7.298,103.0,-0.0275,0.0074,-0.1254,0.0157,0.09,5,-0.0399,False,False,False,False,measured
17031832100,Cook County,"Chicago-Naperville-Elgin, IL-IN",metro,1993,True,1.577,96083,3.233,5.517,42.0,0.0742,0.0445,-0.1116,0.0991,-0.1461,5,-0.0399,False,False,False,True,measured
17043845509,DuPage County,"Chicago-Naperville-Elgin, IL-IN",metro,1318,False,1.277,158333,3.131,10.556,49.0,0.0491,0.2921,-0.1254,-0.1369,-0.119,5,-0.0402,False,False,False,False,measured
17031171100,Cook County,"Chicago-Naperville-Elgin, IL-IN",metro,1336,False,1.194,95781,3.233,5.064,45.0,0.0422,0.0433,-0.1116,0.1203,-0.1345,5,-0.0404,False,False,False,True,measured
17179021801,Tazewell County,"Peoria, IL",metro,1446,False,-1.52,77407,4.884,4.517,58.0,-0.1848,-0.0298,0.1122,0.1459,-0.0842,5,-0.0407,False,False,False,False,measured
55009020704,Brown County,"Green Bay, WI",metro,3881,False,-0.993,85822,2.607,4.958,123.0,-0.1407,0.0036,-0.1964,0.1252,0.1675,5,-0.0408,True,False,False,True,measured
17099962200,LaSalle County,"Ottawa, IL",micro,1869,False,-1.561,108614,6.809,13.088,63.0,-0.1883,0.0943,0.3731,-0.2555,-0.0648,5,-0.0412,False,False,False,False,measured
55101001801,Racine County,"Racine-Mount Pleasant, WI",metro,2209,False,2.982,106746,-1.776,5.958,181.0,0.1917,0.0869,-0.7904,0.0784,0.392,5,-0.0413,False,False,False,True,measured
17031440101,Cook County,"Chicago-Naperville-Elgin, IL-IN",metro,2346,True,3.76,31894,3.233,2.595,25.0,0.2568,-0.2109,-0.1116,0.2359,-0.2119,5,-0.0417,False,False,False,True,measured
17031808002,Cook County,"Chicago-Naperville-Elgin, IL-IN",metro,1887,False,-0.131,109519,3.233,5.548,65.0,-0.0686,0.0979,-0.1116,0.0976,-0.0571,5,-0.0418,True,False,False,True,measured
55133202700,Waukesha County,"Milwaukee-Waukesha, WI",metro,1313,False,3.528,55815,5.429,9.501,12.0,0.2374,-0.1157,0.1861,-0.0875,-0.2622,5,-0.042,False,False,False,False,measured
55133202600,Waukesha County,"Milwaukee-Waukesha, WI",metro,1214,False,2.085,55282,5.429,9.284,41.0,0.1167,-0.1178,0.1861,-0.0773,-0.15,5,-0.0424,False,False,False,False,measured
17043845601,DuPage County,"Chicago-Naperville-Elgin, IL-IN",metro,1708,False,-0.035,123125,3.131,7.997,82.0,-0.0606,0.152,-0.1254,-0.0171,0.0088,5,-0.0424,False,False,False,False,measured
17031812600,Cook County,"Chicago-Naperville-Elgin, IL-IN",metro,1853,False,1.127,77083,3.233,4.235,55.0,0.0366,-0.0311,-0.1116,0.1591,-0.0958,5,-0.0428,False,False,False,True,measured
55079180100,Milwaukee County,"Milwaukee-Waukesha, WI",metro,1396,False,2.1,71100,2.576,4.895,71.0,0.1179,-0.0549,-0.2006,0.1282,-0.0338,5,-0.0433,False,False,False,True,measured
17031490902,Cook County,"Chicago-Naperville-Elgin, IL-IN",metro,1804,False,-0.077,76333,3.233,3.438,72.0,-0.0642,-0.0341,-0.1116,0.1964,-0.03,5,-0.0434,False,False,False,True,measured
17031650100,Cook County,"Chicago-Naperville-Elgin, IL-IN",metro,1426,True,2.571,68476,3.233,4.69,38.0,0.1574,-0.0654,-0.1116,0.1378,-0.1616,5,-0.0434,False,False,False,True,measured
17089854700,Kane County,"Chicago-Naperville-Elgin, IL-IN",metro,960,True,1.939,49038,5.101,5.665,18.0,0.1045,-0.1427,0.1416,0.0921,-0.239,5,-0.0434,False,False,False,False,measured
17031820300,Cook County,"Chicago-Naperville-Elgin, IL-IN",metro,1863,True,1.98,73494,3.233,5.715,58.0,0.1079,-0.0454,-0.1116,0.0898,-0.0842,5,-0.0434,False,False,False,True,measured
17031410700,Cook County,"Chicago-Naperville-Elgin, IL-IN",metro,1253,False,2.789,45114,3.233,2.271,28.0,0.1756,-0.1583,-0.1116,0.2511,-0.2003,5,-0.0435,False,False,False,True,measured
17031160100,Cook County,"Chicago-Naperville-Elgin, IL-IN",metro,1014,False,0.519,111250,3.233,5.488,48.0,-0.0143,0.1048,-0.1116,0.1004,-0.1229,5,-0.0435,False,False,False,True,measured
55111000903,Sauk County,"Baraboo, WI",micro,474,False,0.924,85000,6.347,12.085,37.0,0.0196,0.0004,0.3105,-0.2086,-0.1655,5,-0.0436,True,False,False,False,measured
17015960100,Carroll County,,rural,1573,False,2.628,74861,4.446,12.403,81.0,0.1622,-0.04,0.0528,-0.2234,0.0049,5,-0.0436,False,False,False,False,measured
17031830005,Cook County,"Chicago-Naperville-Elgin, IL-IN",metro,1611,False,-0.012,105731,3.233,7.956,95.0,-0.0587,0.0828,-0.1116,-0.0152,0.0591,5,-0.0436,False,False,False,True,measured
17089851912,Kane County,"Chicago-Naperville-Elgin, IL-IN",metro,1204,False,-1.172,114773,5.101,10.408,75.0,-0.1557,0.1188,0.1416,-0.13,-0.0183,5,-0.0437,True,False,False,False,measured
17097861607,Lake County,"Chicago-Naperville-Elgin, IL-IN",metro,1880,True,1.414,89167,2.585,7.31,96.0,0.0606,0.0169,-0.1993,0.0151,0.0629,5,-0.0438,False,False,False,True,measured
55021970500,Columbia County,"Madison, WI",metro,1682,True,-2.023,60787,6.307,11.682,122.0,-0.227,-0.0959,0.3051,-0.1897,0.1636,5,-0.0439,False,False,False,False,measured
17143001900,Peoria County,"Peoria, IL",metro,502,False,3.001,42500,4.713,6.474,25.0,0.1934,-0.1687,0.089,0.0543,-0.2119,5,-0.044,False,False,False,False,measured
55081950100,Monroe County,"Sparta, WI",micro,1756,False,-0.524,86917,3.787,7.638,102.0,-0.1015,0.008,-0.0365,-0.0003,0.0862,5,-0.0441,False,False,False,False,measured
55059000101,Kenosha County,"Kenosha, WI",metro,801,False,-0.526,73004,4.613,3.056,32.0,-0.1017,-0.0473,0.0754,0.2143,-0.1848,5,-0.0441,True,False,False,False,measured
17031824105,Cook County,"Chicago-Naperville-Elgin, IL-IN",metro,2770,False,2.986,105177,3.233,15.925,127.0,0.1921,0.0806,-0.1116,-0.3884,0.183,5,-0.0442,False,False,False,True,measured
17163503906,St. Clair County,"St. Louis, MO-IL",metro,1984,False,-0.656,107321,6.452,19.084,129.0,-0.1126,0.0892,0.3247,-0.5363,0.1907,5,-0.0444,False,False,False,False,measured
17055040700,Franklin County,,rural,1973,False,3.3,51838,5.032,12.288,68.0,0.2183,-0.1315,0.1323,-0.2181,-0.0454,5,-0.0444,False,False,False,False,measured
17031825303,Cook County,"Chicago-Naperville-Elgin, IL-IN",metro,1668,False,1.623,82596,3.233,8.681,92.0,0.078,-0.0092,-0.1116,-0.0491,0.0475,5,-0.0444,False,False,False,True,measured
55071010200,Manitowoc County,"Manitowoc, WI",micro,2481,False,0.893,87224,-0.096,4.67,171.0,0.017,0.0092,-0.5627,0.1387,0.3533,5,-0.0445,False,False,False,False,measured
17031063000,Cook County,"Chicago-Naperville-Elgin, IL-IN",metro,1800,False,0.145,102040,3.233,6.129,73.0,-0.0456,0.0682,-0.1116,0.0704,-0.0261,5,-0.0447,False,False,False,True,measured
55025001704,Dane County,"Madison, WI",metro,2418,False,3.247,52262,2.659,4.295,55.0,0.2139,-0.1299,-0.1893,0.1563,-0.0958,5,-0.0448,False,False,False,False,measured
17143004901,Peoria County,"Peoria, IL",metro,1390,False,-0.648,74942,4.713,7.194,79.0,-0.1119,-0.0396,0.089,0.0205,-0.0029,5,-0.0449,False,False,False,False,measured
55131420300,Washington County,"Milwaukee-Waukesha, WI",metro,2407,False,0.017,72250,4.101,11.017,135.0,-0.0563,-0.0503,0.0061,-0.1585,0.2139,5,-0.0451,False,False,False,False,measured
55139002800,Winnebago County,"Oshkosh-Neenah, WI",metro,2003,False,0.05,64332,1.083,2.171,141.0,-0.0535,-0.0818,-0.4029,0.2558,0.2372,5,-0.0453,False,False,False,False,measured
17031822802,Cook County,"Chicago-Naperville-Elgin, IL-IN",metro,1262,False,0.143,111172,3.233,6.667,70.0,-0.0457,0.1045,-0.1116,0.0452,-0.0377,5,-0.0453,False,False,False,True,measured
17031040900,Cook County,"Chicago-Naperville-Elgin, IL-IN",metro,1145,False,2.89,86359,3.233,5.003,16.0,0.184,0.0058,-0.1116,0.1231,-0.2468,5,-0.0454,False,False,False,True,measured
55129950502,Washburn County,,rural,1087,False,-0.395,67188,5.941,8.916,59.0,-0.0908,-0.0705,0.2554,-0.0601,-0.0803,5,-0.0463,True,False,False,False,measured
17099964000,LaSalle County,"Ottawa, IL",micro,1012,False,-0.099,92667,6.809,12.637,41.0,-0.0659,0.0309,0.3731,-0.2344,-0.15,5,-0.0464,False,False,False,False,measured
17197880417,Will County,"Chicago-Naperville-Elgin, IL-IN",metro,925,False,-1.386,111068,4.616,9.281,86.0,-0.1737,0.1041,0.0758,-0.0772,0.0242,5,-0.0467,False,False,False,False,measured
55079120501,Milwaukee County,"Milwaukee-Waukesha, WI",metro,1660,False,1.031,82150,2.576,6.649,103.0,0.0285,-0.011,-0.2006,0.0461,0.09,5,-0.0469,False,False,False,True,measured
17031061000,Cook County,"Chicago-Naperville-Elgin, IL-IN",metro,1143,False,0.533,121332,3.233,5.698,39.0,-0.0131,0.1449,-0.1116,0.0906,-0.1577,5,-0.0469,False,False,False,True,measured
17031720500,Cook County,"Chicago-Naperville-Elgin, IL-IN",metro,760,False,0.265,120789,3.233,5.67,45.0,-0.0355,0.1427,-0.1116,0.0919,-0.1345,5,-0.0469,False,False,False,True,measured
55085970800,Oneida County,,rural,1074,False,1.076,69516,5.104,8.846,53.0,0.0323,-0.0612,0.142,-0.0568,-0.1035,5,-0.0472,False,False,False,False,measured
55003940000,Ashland County,,rural,733,False,1.909,65341,5.723,8.55,14.0,0.102,-0.0778,0.2259,-0.043,-0.2545,5,-0.0474,True,False,False,False,measured
55079019900,Milwaukee County,"Milwaukee-Waukesha, WI",metro,1586,True,0.095,80985,2.576,5.141,106.0,-0.0498,-0.0156,-0.2006,0.1167,0.1017,5,-0.0476,True,False,False,True,measured
17113000400,McLean County,"Bloomington, IL",metro,1066,False,1.801,30250,6.799,8.995,20.0,0.0929,-0.2174,0.3718,-0.0638,-0.2313,5,-0.0478,False,True,False,True,measured
17201000103,Winnebago County,"Rockford, IL",metro,1059,True,-0.99,64275,5.151,6.513,73.0,-0.1405,-0.0821,0.1484,0.0524,-0.0261,5,-0.0478,False,False,False,False,measured
17201002400,Winnebago County,"Rockford, IL",metro,899,True,1.295,30893,5.151,3.633,23.0,0.0506,-0.2149,0.1484,0.1873,-0.2197,5,-0.0482,False,False,False,False,measured
17031818500,Cook County,"Chicago-Naperville-Elgin, IL-IN",metro,2326,False,-0.134,86598,3.233,10.929,152.0,-0.0689,0.0067,-0.1116,-0.1544,0.2797,5,-0.0484,False,False,False,True,measured
17027900500,Clinton County,"St. Louis, MO-IL",metro,1774,True,-2.344,58971,5.921,5.637,70.0,-0.2538,-0.1032,0.2527,0.0934,-0.0377,5,-0.0485,False,False,False,False,measured
17031805109,Cook County,"Chicago-Naperville-Elgin, IL-IN",metro,1738,False,0.621,101585,3.233,9.172,99.0,-0.0057,0.0663,-0.1116,-0.0721,0.0746,5,-0.0485,False,False,False,True,measured
17031620100,Cook County,"Chicago-Naperville-Elgin, IL-IN",metro,1238,True,0.459,113750,3.233,5.562,46.0,-0.0193,0.1147,-0.1116,0.0969,-0.1306,5,-0.0499,False,False,False,True,measured
55079021700,Milwaukee County,"Milwaukee-Waukesha, WI",metro,2164,False,-1.673,74041,2.576,6.325,165.0,-0.1976,-0.0432,-0.2006,0.0612,0.3301,5,-0.0501,True,False,False,True,measured
17197883521,Will County,"Chicago-Naperville-Elgin, IL-IN",metro,1254,False,-0.319,115786,4.616,10.84,76.0,-0.0844,0.1228,0.0758,-0.1502,-0.0145,5,-0.0504,False,False,False,False,measured
17043841324,DuPage County,"Chicago-Naperville-Elgin, IL-IN",metro,877,False,0.367,116477,3.131,5.762,51.0,-0.027,0.1256,-0.1254,0.0876,-0.1113,5,-0.0505,False,False,False,False,measured
17031590500,Cook County,"Chicago-Naperville-Elgin, IL-IN",metro,801,False,4.234,71042,3.233,6.298,17.0,0.2965,-0.0552,-0.1116,0.0625,-0.2429,5,-0.0507,False,False,False,True,measured
55089660304,Ozaukee County,"Milwaukee-Waukesha, WI",metro,1167,False,1.58,188125,2.924,16.232,85.0,0.0745,0.4106,-0.1535,-0.4028,0.0204,5,-0.0508,False,False,False,False,measured
55079003800,Milwaukee County,"Milwaukee-Waukesha, WI",metro,1057,True,3.131,48216,2.576,2.724,44.0,0.2042,-0.1459,-0.2006,0.2299,-0.1384,5,-0.0509,False,False,False,True,measured
17031431301,Cook County,"Chicago-Naperville-Elgin, IL-IN",metro,1487,True,2.772,47235,3.233,2.747,30.0,0.1742,-0.1499,-0.1116,0.2288,-0.1926,5,-0.051,False,False,False,True,measured
17043841707,DuPage County,"Chicago-Naperville-Elgin, IL-IN",metro,1511,True,2.939,101563,3.131,7.777,35.0,0.1881,0.0663,-0.1254,-0.0068,-0.1732,5,-0.051,True,False,False,False,measured
17031817700,Cook County,"Chicago-Naperville-Elgin, IL-IN",metro,1636,False,-0.423,87970,3.233,6.617,104.0,-0.093,0.0122,-0.1116,0.0476,0.0939,5,-0.051,False,False,False,True,measured
17031831800,Cook County,"Chicago-Naperville-Elgin, IL-IN",metro,2348,True,0.956,87470,3.233,5.321,59.0,0.0222,0.0102,-0.1116,0.1083,-0.0803,5,-0.0512,False,False,False,True,measured
17031190602,Cook County,"Chicago-Naperville-Elgin, IL-IN",metro,1551,True,1.867,82232,3.233,4.362,33.0,0.0984,-0.0106,-0.1116,0.1532,-0.1809,5,-0.0515,False,False,False,True,measured
17031150800,Cook County,"Chicago-Naperville-Elgin, IL-IN",metro,1740,False,1.031,92443,3.233,4.729,45.0,0.0285,0.03,-0.1116,0.136,-0.1345,5,-0.0516,False,False,False,True,measured
55141011000,Wood County,"Wisconsin Rapids-Marshfield, WI",micro,2392,False,-0.863,55446,5.185,7.827,93.0,-0.1299,-0.1172,0.153,-0.0091,0.0513,5,-0.0519,False,False,False,False,measured
55001950204,Adams County,,rural,970,False,2.628,46458,4.348,8.149,60.0,0.1621,-0.1529,0.0395,-0.0242,-0.0764,5,-0.052,True,False,False,False,measured
17043845803,DuPage County,"Chicago-Naperville-Elgin, IL-IN",metro,2372,False,3.832,71638,3.131,10.907,84.0,0.2628,-0.0528,-0.1254,-0.1533,0.0165,5,-0.0523,False,False,False,False,measured
55079011000,Milwaukee County,"Milwaukee-Waukesha, WI",metro,2590,False,5.614,41574,2.576,5.721,33.0,0.4119,-0.1724,-0.2006,0.0895,-0.1809,5,-0.0525,False,False,False,True,measured
55089640201,Ozaukee County,"Milwaukee-Waukesha, WI",metro,1337,False,2.401,87355,2.924,10.085,96.0,0.1431,0.0097,-0.1535,-0.1149,0.0629,5,-0.0526,True,False,False,False,measured
55011960200,Buffalo County,,rural,1318,True,0.587,54412,4.546,7.423,80.0,-0.0086,-0.1213,0.0665,0.0098,0.001,5,-0.0526,False,False,False,False,measured
17119400802,Madison County,"St. Louis, MO-IL",metro,2580,False,-2.592,59265,3.735,4.78,140.0,-0.2745,-0.102,-0.0435,0.1336,0.2333,5,-0.0531,False,False,False,False,measured
17031818100,Cook County,"Chicago-Naperville-Elgin, IL-IN",metro,897,False,1.136,112292,3.233,7.216,52.0,0.0373,0.1089,-0.1116,0.0195,-0.1074,5,-0.0532,False,False,False,True,measured
17031740400,Cook County,"Chicago-Naperville-Elgin, IL-IN",metro,1914,False,0.814,89250,3.233,7.012,80.0,0.0103,0.0173,-0.1116,0.029,0.001,5,-0.0539,False,False,False,True,measured
17201003809,Winnebago County,"Rockford, IL",metro,2217,False,0.415,53192,5.151,10.03,95.0,-0.023,-0.1262,0.1484,-0.1123,0.0591,5,-0.054,False,False,False,False,measured
17099963100,LaSalle County,"Ottawa, IL",micro,1489,False,2.232,84988,6.809,16.396,42.0,0.129,0.0003,0.3731,-0.4104,-0.1461,5,-0.0541,False,False,False,False,measured
17043840906,DuPage County,"Chicago-Naperville-Elgin, IL-IN",metro,1209,True,2.523,93733,3.131,6.936,41.0,0.1533,0.0351,-0.1254,0.0326,-0.15,5,-0.0543,False,False,False,False,measured
55139000300,Winnebago County,"Oshkosh-Neenah, WI",metro,1712,False,0.295,78060,1.083,0.0,93.0,-0.0331,-0.0272,-0.4029,0.3574,0.0513,5,-0.0544,False,False,False,False,measured
17031251100,Cook County,"Chicago-Naperville-Elgin, IL-IN",metro,1792,True,2.971,43370,3.233,3.672,40.0,0.1908,-0.1652,-0.1116,0.1855,-0.1538,5,-0.0544,False,False,False,True,measured
17031810100,Cook County,"Chicago-Naperville-Elgin, IL-IN",metro,2036,False,1.012,94337,3.233,5.744,55.0,0.027,0.0375,-0.1116,0.0884,-0.0958,5,-0.0544,False,False,False,True,measured
17167001200,Sangamon County,"Springfield, IL",metro,1415,True,-3.665,75625,7.206,10.441,93.0,-0.3643,-0.0369,0.4269,-0.1316,0.0513,5,-0.0545,False,False,False,False,measured
17201003711,Winnebago County,"Rockford, IL",metro,1384,False,-4.693,75833,5.151,2.848,95.0,-0.4502,-0.0361,0.1484,0.2241,0.0591,5,-0.0548,False,False,False,False,measured
17031816000,Cook County,"Chicago-Naperville-Elgin, IL-IN",metro,1679,False,0.18,90644,3.233,5.604,75.0,-0.0427,0.0228,-0.1116,0.095,-0.0183,5,-0.0548,False,False,False,True,measured
17119402701,Madison County,"St. Louis, MO-IL",metro,2983,False,-0.446,69044,3.735,12.788,180.0,-0.095,-0.0631,-0.0435,-0.2414,0.3881,5,-0.0549,False,False,False,False,measured
55133202204,Waukesha County,"Milwaukee-Waukesha, WI",metro,1558,True,0.79,54591,5.429,8.835,61.0,0.0083,-0.1206,0.1861,-0.0563,-0.0725,5,-0.0551,True,False,False,False,measured
17031310600,Cook County,"Chicago-Naperville-Elgin, IL-IN",metro,2613,False,4.325,86938,3.233,9.561,37.0,0.304,0.0081,-0.1116,-0.0903,-0.1655,5,-0.0552,False,False,False,True,measured
17043845000,DuPage County,"Chicago-Naperville-Elgin, IL-IN",metro,2325,False,0.338,122625,3.131,12.035,120.0,-0.0294,0.15,-0.1254,-0.2062,0.1559,5,-0.0552,False,False,False,False,measured
17179021606,Tazewell County,"Peoria, IL",metro,2468,False,0.67,98333,4.884,15.971,124.0,-0.0017,0.0534,0.1122,-0.3905,0.1713,5,-0.0553,False,False,False,False,measured
17089853004,Kane County,"Chicago-Naperville-Elgin, IL-IN",metro,1378,True,-0.416,77500,5.101,8.593,72.0,-0.0925,-0.0295,0.1416,-0.045,-0.03,5,-0.0553,False,False,False,False,measured
17031040600,Cook County,"Chicago-Naperville-Elgin, IL-IN",metro,1276,False,1.925,89091,3.233,5.215,34.0,0.1033,0.0166,-0.1116,0.1132,-0.1771,5,-0.0555,False,False,False,True,measured
17003957600,Alexander County,"Cape Girardeau, MO-IL",metro,680,True,-0.208,54875,4.292,0.0,15.0,-0.0751,-0.1195,0.032,0.3574,-0.2506,5,-0.0557,False,False,False,False,measured
17031520200,Cook County,"Chicago-Naperville-Elgin, IL-IN",metro,1184,True,3.436,47436,3.233,3.561,24.0,0.2297,-0.1491,-0.1116,0.1907,-0.2158,5,-0.056,False,False,False,True,measured
17201001900,Winnebago County,"Rockford, IL",metro,1397,True,0.643,39347,5.151,5.508,49.0,-0.0039,-0.1812,0.1484,0.0995,-0.119,5,-0.0563,False,False,False,False,measured
55129950501,Washburn County,,rural,1212,False,-0.395,56649,5.941,8.823,66.0,-0.0908,-0.1124,0.2554,-0.0558,-0.0532,5,-0.0567,True,False,False,False,measured
17179021605,Tazewell County,"Peoria, IL",metro,1086,False,-0.183,110476,4.884,10.632,65.0,-0.073,0.1017,0.1122,-0.1405,-0.0571,5,-0.0567,False,False,False,False,measured
17031640300,Cook County,"Chicago-Naperville-Elgin, IL-IN",metro,2231,True,-1.686,92568,3.233,6.032,118.0,-0.1988,0.0305,-0.1116,0.075,0.1481,5,-0.0568,False,False,False,True,measured
55035001300,Eau Claire County,"Eau Claire, WI",metro,2196,False,0.23,85343,1.628,5.195,130.0,-0.0385,0.0017,-0.3291,0.1141,0.1946,5,-0.0572,False,False,False,False,measured
17143001800,Peoria County,"Peoria, IL",metro,1335,True,2.938,35706,4.713,8.219,51.0,0.1881,-0.1957,0.089,-0.0275,-0.1113,5,-0.0574,False,False,False,False,measured
55141010600,Wood County,"Wisconsin Rapids-Marshfield, WI",micro,1998,False,-0.421,51887,5.185,8.021,88.0,-0.0929,-0.1313,0.153,-0.0182,0.032,5,-0.0575,False,False,False,False,measured
17031570400,Cook County,"Chicago-Naperville-Elgin, IL-IN",metro,630,False,3.873,73475,3.233,5.514,11.0,0.2662,-0.0455,-0.1116,0.0992,-0.2661,5,-0.0578,False,False,False,True,measured
17031812801,Cook County,"Chicago-Naperville-Elgin, IL-IN",metro,1896,False,1.033,75735,3.233,4.769,61.0,0.0287,-0.0365,-0.1116,0.1341,-0.0725,5,-0.0578,False,False,False,True,measured
17031410600,Cook County,"Chicago-Naperville-Elgin, IL-IN",metro,1213,False,3.225,49475,3.233,2.575,14.0,0.212,-0.1409,-0.1116,0.2369,-0.2545,5,-0.0581,False,False,False,True,measured
17031828507,Cook County,"Chicago-Naperville-Elgin, IL-IN",metro,1349,False,-0.073,87104,3.233,4.261,67.0,-0.0638,0.0087,-0.1116,0.1579,-0.0493,5,-0.0581,True,False,False,True,measured
17031140100,Cook County,"Chicago-Naperville-Elgin, IL-IN",metro,1269,True,2.42,78686,3.233,5.278,34.0,0.1447,-0.0247,-0.1116,0.1103,-0.1771,5,-0.0584,False,False,False,True,measured
17201000514,Winnebago County,"Rockford, IL",metro,1501,False,1.389,83839,5.151,12.572,72.0,0.0584,-0.0042,0.1484,-0.2313,-0.03,5,-0.0587,False,False,False,False,measured
17161021100,Rock Island County,"Davenport-Moline-Rock Island, IA-IL",metro,1648,False,0.322,65985,5.221,7.453,49.0,-0.0308,-0.0753,0.1578,0.0084,-0.119,5,-0.0588,False,False,False,False,measured
17143002701,Peoria County,"Peoria, IL",metro,1588,True,-0.75,58438,4.713,5.747,77.0,-0.1204,-0.1053,0.089,0.0883,-0.0106,5,-0.059,False,False,False,False,measured
17031250400,Cook County,"Chicago-Naperville-Elgin, IL-IN",metro,2040,True,2.254,47723,3.233,4.351,58.0,0.1309,-0.1479,-0.1116,0.1537,-0.0842,5,-0.0591,False,False,False,True,measured
55133204201,Waukesha County,"Milwaukee-Waukesha, WI",metro,1379,False,1.022,53641,5.429,10.084,71.0,0.0278,-0.1244,0.1861,-0.1148,-0.0338,5,-0.0592,True,False,False,False,measured
17143002900,Peoria County,"Peoria, IL",metro,1770,False,-0.33,60700,4.713,8.349,97.0,-0.0853,-0.0963,0.089,-0.0335,0.0668,5,-0.0594,False,False,False,False,measured
17031250700,Cook County,"Chicago-Naperville-Elgin, IL-IN",metro,2248,True,2.041,50858,3.233,3.583,50.0,0.113,-0.1354,-0.1116,0.1896,-0.1151,5,-0.0595,False,False,False,True,measured
17197881006,Will County,"Chicago-Naperville-Elgin, IL-IN",metro,954,False,2.239,124688,4.616,14.626,55.0,0.1296,0.1582,0.0758,-0.3275,-0.0958,5,-0.0596,False,False,False,False,measured
17201002302,Winnebago County,"Rockford, IL",metro,511,False,-0.728,59083,5.151,1.839,13.0,-0.1186,-0.1027,0.1484,0.2713,-0.2584,5,-0.0599,False,False,False,False,measured
55073000100,Marathon County,"Wausau, WI",metro,1416,True,2.616,44945,6.882,13.441,35.0,0.1611,-0.159,0.383,-0.272,-0.1732,5,-0.0602,False,False,False,False,measured
17031843900,Cook County,"Chicago-Naperville-Elgin, IL-IN",metro,2124,False,1.881,56923,3.233,2.175,30.0,0.0997,-0.1113,-0.1116,0.2556,-0.1926,5,-0.0602,False,False,False,True,measured
55057100600,Juneau County,,rural,1314,False,-2.112,65313,6.642,9.182,73.0,-0.2344,-0.0779,0.3505,-0.0726,-0.0261,5,-0.0605,False,False,False,False,measured
55133200201,Waukesha County,"Milwaukee-Waukesha, WI",metro,1696,False,-1.813,67217,5.429,7.455,86.0,-0.2094,-0.0704,0.1861,0.0083,0.0242,5,-0.0611,False,False,False,False,measured
17097862100,Lake County,"Chicago-Naperville-Elgin, IL-IN",metro,1874,True,1.624,69713,2.585,3.516,61.0,0.0781,-0.0604,-0.1993,0.1928,-0.0725,5,-0.0614,False,False,False,True,measured
17031381800,Cook County,"Chicago-Naperville-Elgin, IL-IN",metro,793,False,4.121,43281,3.233,3.637,13.0,0.287,-0.1656,-0.1116,0.1871,-0.2584,5,-0.0614,False,False,False,True,measured
17201000512,Winnebago County,"Rockford, IL",metro,2324,False,-2.997,75781,5.151,8.744,128.0,-0.3084,-0.0363,0.1484,-0.0521,0.1868,5,-0.0615,True,False,False,False,measured
17031440102,Cook County,"Chicago-Naperville-Elgin, IL-IN",metro,2007,True,3.807,31563,3.233,2.826,22.0,0.2607,-0.2122,-0.1116,0.2251,-0.2235,5,-0.0615,False,False,False,True,measured
17031711400,Cook County,"Chicago-Naperville-Elgin, IL-IN",metro,888,True,1.756,64615,3.233,3.216,37.0,0.0891,-0.0807,-0.1116,0.2068,-0.1655,5,-0.0618,False,False,False,True,measured
17197883208,Will County,"Chicago-Naperville-Elgin, IL-IN",metro,1339,False,0.151,69813,4.616,9.185,90.0,-0.0451,-0.06,0.0758,-0.0727,0.0397,5,-0.0623,False,False,False,False,measured
17031700401,Cook County,"Chicago-Naperville-Elgin, IL-IN",metro,1837,False,-0.901,87824,3.233,5.581,99.0,-0.133,0.0116,-0.1116,0.0961,0.0746,5,-0.0624,False,False,False,True,measured
55079140100,Milwaukee County,"Milwaukee-Waukesha, WI",metro,1312,False,-0.681,130278,2.576,4.954,66.0,-0.1147,0.1805,-0.2006,0.1254,-0.0532,5,-0.0626,False,False,False,True,measured
17079977300,Jasper County,,rural,1047,False,-0.689,79386,7.332,11.405,30.0,-0.1154,-0.022,0.444,-0.1767,-0.1926,5,-0.0626,False,False,False,False,measured
17031836300,Cook County,"Chicago-Naperville-Elgin, IL-IN",metro,773,False,3.118,52917,3.233,2.694,13.0,0.2031,-0.1272,-0.1116,0.2313,-0.2584,5,-0.0629,False,False,False,True,measured
55033970600,Dunn County,"Menomonie, WI",micro,1571,False,-0.481,81078,4.562,9.534,98.0,-0.098,-0.0152,0.0686,-0.0891,0.0707,5,-0.063,False,False,False,False,measured
55025000202,Dane County,"Madison, WI",metro,1394,False,-0.867,135556,2.659,7.222,89.0,-0.1302,0.2015,-0.1893,0.0192,0.0359,5,-0.063,False,False,False,False,measured
17031020702,Cook County,"Chicago-Naperville-Elgin, IL-IN",metro,2620,True,2.192,63906,3.233,5.283,53.0,0.1256,-0.0835,-0.1116,0.11,-0.1035,5,-0.063,True,False,False,True,measured
17031240700,Cook County,"Chicago-Naperville-Elgin, IL-IN",metro,744,False,1.875,95921,3.233,5.621,31.0,0.0991,0.0438,-0.1116,0.0942,-0.1887,5,-0.0631,False,False,False,True,measured
17127970100,Massac County,"Paducah, KY-IL",metro,1747,False,-2.655,76414,3.43,0.0,74.0,-0.2798,-0.0338,-0.0849,0.3574,-0.0222,5,-0.0632,True,False,False,False,measured
17089852607,Kane County,"Chicago-Naperville-Elgin, IL-IN",metro,1438,False,1.073,116429,5.101,15.392,80.0,0.0321,0.1254,0.1416,-0.3634,0.001,5,-0.0634,True,False,False,False,measured
55079100800,Milwaukee County,"Milwaukee-Waukesha, WI",metro,1459,False,2.218,74325,2.576,8.953,109.0,0.1278,-0.0421,-0.2006,-0.0619,0.1133,5,-0.0635,False,False,False,True,measured
17031210400,Cook County,"Chicago-Naperville-Elgin, IL-IN",metro,1071,True,2.405,71183,3.233,4.393,30.0,0.1435,-0.0546,-0.1116,0.1517,-0.1926,5,-0.0636,False,False,False,True,measured
17179022100,Tazewell County,"Peoria, IL",metro,1444,False,-0.467,87944,4.884,8.611,68.0,-0.0967,0.0121,0.1122,-0.0458,-0.0454,5,-0.0637,False,False,False,False,measured
17031750500,Cook County,"Chicago-Naperville-Elgin, IL-IN",metro,1990,True,0.121,62500,3.233,4.21,86.0,-0.0476,-0.0891,-0.1116,0.1603,0.0242,5,-0.0638,False,False,False,True,measured
17197883402,Will County,"Chicago-Naperville-Elgin, IL-IN",metro,808,False,0.245,88500,4.616,8.087,55.0,-0.0372,0.0143,0.0758,-0.0213,-0.0958,5,-0.0642,False,False,False,False,measured
17031170200,Cook County,"Chicago-Naperville-Elgin, IL-IN",metro,1249,False,0.587,110602,3.233,5.417,41.0,-0.0086,0.1022,-0.1116,0.1038,-0.15,5,-0.0642,False,False,False,True,measured
17031823102,Cook County,"Chicago-Naperville-Elgin, IL-IN",metro,1526,False,3.922,60938,3.233,8.892,62.0,0.2703,-0.0953,-0.1116,-0.059,-0.0687,5,-0.0643,False,False,False,True,measured
17031430900,Cook County,"Chicago-Naperville-Elgin, IL-IN",metro,844,True,3.547,38824,3.233,3.043,22.0,0.239,-0.1833,-0.1116,0.2149,-0.2235,5,-0.0645,False,False,False,True,measured
17197882100,Will County,"Chicago-Naperville-Elgin, IL-IN",metro,806,True,0.913,72929,4.616,4.414,12.0,0.0187,-0.0476,0.0758,0.1507,-0.2622,5,-0.0646,True,False,False,False,measured
55087010900,Outagamie County,"Appleton, WI",metro,873,False,0.334,86354,3.366,5.954,73.0,-0.0298,0.0058,-0.0936,0.0786,-0.0261,5,-0.0651,True,False,False,False,measured
17089853100,Kane County,"Chicago-Naperville-Elgin, IL-IN",metro,948,True,-0.702,77500,5.101,6.407,49.0,-0.1165,-0.0295,0.1416,0.0574,-0.119,5,-0.0659,False,False,False,False,measured
17031816402,Cook County,"Chicago-Naperville-Elgin, IL-IN",metro,1427,True,4.411,59792,3.233,7.308,33.0,0.3112,-0.0999,-0.1116,0.0152,-0.1809,5,-0.066,False,False,False,True,measured
17031828202,Cook County,"Chicago-Naperville-Elgin, IL-IN",metro,1908,False,1.016,57353,3.233,5.089,82.0,0.0272,-0.1096,-0.1116,0.1191,0.0088,5,-0.0661,False,False,False,True,measured
55087012200,Outagamie County,"Appleton, WI",metro,916,True,1.006,51643,3.366,2.744,55.0,0.0265,-0.1323,-0.0936,0.2289,-0.0958,5,-0.0663,False,False,False,False,measured
55035000700,Eau Claire County,"Eau Claire, WI",metro,2621,False,1.492,72102,1.628,7.099,137.0,0.0671,-0.0509,-0.3291,0.025,0.2217,5,-0.0663,False,False,False,False,measured
55087012504,Outagamie County,"Appleton, WI",metro,1625,False,-1.118,101875,3.366,7.439,106.0,-0.1512,0.0675,-0.0936,0.009,0.1017,5,-0.0666,False,False,False,False,measured
17031450300,Cook County,"Chicago-Naperville-Elgin, IL-IN",metro,1441,True,0.579,45869,3.233,2.849,76.0,-0.0093,-0.1553,-0.1116,0.224,-0.0145,5,-0.0666,False,False,False,True,measured
17121952500,Marion County,"Centralia, IL",micro,1060,True,0.582,45270,7.574,10.668,19.0,-0.009,-0.1577,0.4768,-0.1422,-0.2351,5,-0.0672,False,False,False,False,measured
55035001402,Eau Claire County,"Eau Claire, WI",metro,1828,True,1.199,66212,1.628,5.102,125.0,0.0426,-0.0744,-0.3291,0.1185,0.1752,5,-0.0672,True,False,False,False,measured
17031251700,Cook County,"Chicago-Naperville-Elgin, IL-IN",metro,442,True,3.62,55750,3.233,3.677,10.0,0.2451,-0.116,-0.1116,0.1853,-0.27,5,-0.0672,False,False,False,True,measured
17115001300,Macon County,"Decatur, IL",metro,1098,False,0.924,85561,3.438,6.783,68.0,0.0195,0.0026,-0.0838,0.0398,-0.0454,5,-0.0673,False,False,False,False,measured
17029000200,Coles County,"Charleston-Mattoon, IL",micro,2103,False,-2.096,81660,7.504,12.835,68.0,-0.2331,-0.0129,0.4673,-0.2437,-0.0454,5,-0.0678,False,False,False,False,measured
17085020200,Jo Daviess County,,rural,2058,False,-0.035,72386,5.248,13.831,124.0,-0.0606,-0.0498,0.1616,-0.2903,0.1713,5,-0.0678,False,False,False,False,measured
55079009400,Milwaukee County,"Milwaukee-Waukesha, WI",metro,1164,False,0.365,106635,2.576,4.354,59.0,-0.0272,0.0864,-0.2006,0.1535,-0.0803,5,-0.0681,False,False,False,True,measured
55073000700,Marathon County,"Wausau, WI",metro,2383,True,-2.628,64447,6.882,12.852,119.0,-0.2775,-0.0814,0.383,-0.2445,0.152,5,-0.0684,False,False,False,False,measured
17031220901,Cook County,"Chicago-Naperville-Elgin, IL-IN",metro,1056,True,0.815,96458,3.233,4.465,38.0,0.0105,0.046,-0.1116,0.1483,-0.1616,5,-0.0684,False,False,False,True,measured
17031843000,Cook County,"Chicago-Naperville-Elgin, IL-IN",metro,1152,True,4.669,25483,3.233,3.999,22.0,0.3328,-0.2364,-0.1116,0.1702,-0.2235,5,-0.0685,False,False,False,True,measured
55025002800,Dane County,"Madison, WI",metro,938,False,-1.311,94844,2.659,4.419,105.0,-0.1674,0.0395,-0.1893,0.1505,0.0978,5,-0.0689,False,False,False,False,measured
55133201001,Waukesha County,"Milwaukee-Waukesha, WI",metro,1004,False,-0.043,125313,5.429,14.646,73.0,-0.0613,0.1607,0.1861,-0.3285,-0.0261,5,-0.069,True,False,False,False,measured
55105000600,Rock County,"Janesville-Beloit, WI",metro,1412,True,-0.842,66444,3.865,6.508,107.0,-0.1282,-0.0734,-0.0259,0.0527,0.1055,5,-0.0693,False,False,False,False,measured
17201000513,Winnebago County,"Rockford, IL",metro,1629,False,0.086,73447,5.151,10.171,79.0,-0.0505,-0.0456,0.1484,-0.1189,-0.0029,5,-0.0694,False,False,False,False,measured
17031210602,Cook County,"Chicago-Naperville-Elgin, IL-IN",metro,1636,False,1.191,87571,3.233,4.985,45.0,0.0419,0.0106,-0.1116,0.124,-0.1345,5,-0.0696,False,False,False,True,measured
17089852001,Kane County,"Chicago-Naperville-Elgin, IL-IN",metro,1660,False,-1.863,102909,5.101,10.707,99.0,-0.2135,0.0716,0.1416,-0.144,0.0746,5,-0.0697,False,False,False,False,measured
17031231100,Cook County,"Chicago-Naperville-Elgin, IL-IN",metro,433,False,3.877,60859,3.233,4.458,8.0,0.2666,-0.0957,-0.1116,0.1487,-0.2777,5,-0.0697,False,False,False,True,measured
17031130300,Cook County,"Chicago-Naperville-Elgin, IL-IN",metro,1898,True,1.452,67833,3.233,5.357,64.0,0.0638,-0.0679,-0.1116,0.1066,-0.0609,5,-0.0701,False,False,False,True,measured
55079120203,Milwaukee County,"Milwaukee-Waukesha, WI",metro,1966,True,3.102,67167,2.576,6.681,68.0,0.2018,-0.0706,-0.2006,0.0446,-0.0454,5,-0.0703,False,False,False,True,measured
17143005000,Peoria County,"Peoria, IL",metro,948,True,3.675,32591,4.713,5.661,4.0,0.2497,-0.2081,0.089,0.0923,-0.2932,5,-0.0703,False,False,False,False,measured
17031221000,Cook County,"Chicago-Naperville-Elgin, IL-IN",metro,1103,False,1.717,91914,3.233,4.737,26.0,0.0859,0.0279,-0.1116,0.1356,-0.208,5,-0.0703,False,False,False,True,measured
55087011002,Outagamie County,"Appleton, WI",metro,1124,False,-0.277,86667,3.366,6.409,90.0,-0.0809,0.007,-0.0936,0.0573,0.0397,5,-0.0704,True,False,False,False,measured
55025011101,Dane County,"Madison, WI",metro,2697,True,4.224,79493,2.659,12.296,96.0,0.2956,-0.0215,-0.1893,-0.2184,0.0629,5,-0.0707,False,False,False,False,measured
17119403404,Madison County,"St. Louis, MO-IL",metro,1462,True,0.884,64525,3.735,6.608,77.0,0.0163,-0.0811,-0.0435,0.048,-0.0106,5,-0.0709,True,False,False,False,measured
17031824509,Cook County,"Chicago-Naperville-Elgin, IL-IN",metro,1519,False,0.501,122100,3.233,10.194,87.0,-0.0158,0.148,-0.1116,-0.12,0.0281,5,-0.0713,True,False,False,True,measured
17111870301,McHenry County,"Chicago-Naperville-Elgin, IL-IN",metro,1733,True,1.904,64982,4.254,9.569,72.0,0.1016,-0.0793,0.0269,-0.0907,-0.03,5,-0.0715,False,False,False,False,measured
17031813900,Cook County,"Chicago-Naperville-Elgin, IL-IN",metro,1705,True,1.33,79180,3.233,4.728,47.0,0.0536,-0.0228,-0.1116,0.136,-0.1267,5,-0.0716,False,False,False,True,measured
17097865600,Lake County,"Chicago-Naperville-Elgin, IL-IN",metro,1326,False,-0.15,246250,2.585,17.96,90.0,-0.0703,0.6418,-0.1993,-0.4837,0.0397,5,-0.0718,False,False,False,True,measured
55063010102,La Crosse County,"La Crosse-Onalaska, WI-MN",metro,1953,False,0.123,97917,8.411,25.602,125.0,-0.0474,0.0518,0.5902,-0.8416,0.1752,5,-0.0718,False,False,False,False,measured
17031140500,Cook County,"Chicago-Naperville-Elgin, IL-IN",metro,1428,False,2.276,73889,3.233,4.899,34.0,0.1327,-0.0438,-0.1116,0.128,-0.1771,5,-0.0718,False,False,False,True,measured
17031813702,Cook County,"Chicago-Naperville-Elgin, IL-IN",metro,1205,True,2.123,78750,3.233,4.216,24.0,0.1199,-0.0245,-0.1116,0.16,-0.2158,5,-0.072,False,False,False,True,measured
17043842604,DuPage County,"Chicago-Naperville-Elgin, IL-IN",metro,1976,False,0.558,85455,3.131,8.647,108.0,-0.011,0.0022,-0.1254,-0.0475,0.1094,5,-0.0724,False,False,False,False,measured
55085971001,Oneida County,,rural,562,False,-0.322,69667,5.104,6.573,49.0,-0.0847,-0.0606,0.142,0.0496,-0.119,5,-0.0727,False,False,False,False,measured
17117956700,Macoupin County,"St. Louis, MO-IL",metro,1328,False,-4.11,91667,6.611,7.53,67.0,-0.4015,0.0269,0.3463,0.0048,-0.0493,5,-0.0729,False,False,False,False,measured
17031814300,Cook County,"Chicago-Naperville-Elgin, IL-IN",metro,1596,True,3.652,53991,3.233,5.774,35.0,0.2477,-0.123,-0.1116,0.087,-0.1732,5,-0.073,False,False,False,True,measured
17167002300,Sangamon County,"Springfield, IL",metro,858,True,1.158,22593,7.206,9.494,27.0,0.0392,-0.2479,0.4269,-0.0872,-0.2042,5,-0.0732,False,False,False,False,measured
17031020301,Cook County,"Chicago-Naperville-Elgin, IL-IN",metro,2094,True,0.01,78385,3.233,5.729,88.0,-0.0569,-0.0259,-0.1116,0.0891,0.032,5,-0.0733,False,False,False,True,measured
17197883504,Will County,"Chicago-Naperville-Elgin, IL-IN",metro,2192,False,-0.506,104607,4.616,15.337,140.0,-0.1,0.0784,0.0758,-0.3609,0.2333,5,-0.0734,False,False,False,False,measured
17203030200,Woodford County,"Peoria, IL",metro,1149,False,-0.017,76958,4.202,8.703,92.0,-0.0592,-0.0316,0.0198,-0.0502,0.0475,5,-0.0737,False,False,False,False,measured
17195000500,Whiteside County,"Sterling, IL",micro,1664,False,3.044,45581,4.957,11.464,65.0,0.1969,-0.1564,0.1221,-0.1794,-0.0571,5,-0.0739,False,False,False,False,measured
17029000702,Coles County,"Charleston-Mattoon, IL",micro,1689,True,0.678,33974,7.504,10.565,28.0,-0.001,-0.2026,0.4673,-0.1373,-0.2003,5,-0.074,True,False,False,False,measured
17031760803,Cook County,"Chicago-Naperville-Elgin, IL-IN",metro,3052,True,1.662,80625,3.233,7.57,72.0,0.0813,-0.017,-0.1116,0.0029,-0.03,5,-0.0743,False,False,False,True,measured
17089854001,Kane County,"Chicago-Naperville-Elgin, IL-IN",metro,1435,False,-3.458,103657,5.101,6.613,82.0,-0.347,0.0746,0.1416,0.0477,0.0088,5,-0.0743,False,False,False,False,measured
17031826100,Cook County,"Chicago-Naperville-Elgin, IL-IN",metro,2119,True,0.266,51316,3.233,6.164,115.0,-0.0354,-0.1336,-0.1116,0.0688,0.1365,5,-0.0754,False,False,False,True,measured
17031839700,Cook County,"Chicago-Naperville-Elgin, IL-IN",metro,1997,False,1.41,85030,3.233,6.874,64.0,0.0602,0.0005,-0.1116,0.0355,-0.0609,5,-0.0763,False,False,False,True,measured
17031190701,Cook County,"Chicago-Naperville-Elgin, IL-IN",metro,898,False,2.884,68810,3.233,4.165,16.0,0.1835,-0.064,-0.1116,0.1624,-0.2468,5,-0.0764,False,False,False,True,measured
17043845507,DuPage County,"Chicago-Naperville-Elgin, IL-IN",metro,1313,False,-0.291,134297,3.131,9.3,83.0,-0.082,0.1965,-0.1254,-0.0781,0.0126,5,-0.0765,False,False,False,False,measured
55005001003,Barron County,"Rice Lake, WI",micro,677,False,0.384,87202,6.002,12.668,57.0,-0.0256,0.0091,0.2637,-0.2359,-0.088,5,-0.0766,True,False,False,False,measured
17031805501,Cook County,"Chicago-Naperville-Elgin, IL-IN",metro,1561,False,0.841,115733,3.233,9.474,76.0,0.0126,0.1226,-0.1116,-0.0862,-0.0145,5,-0.0771,False,False,False,True,measured
55105000300,Rock County,"Janesville-Beloit, WI",metro,1214,True,2.965,49288,3.865,8.303,62.0,0.1903,-0.1417,-0.0259,-0.0314,-0.0687,5,-0.0774,False,False,False,False,measured
17119403300,Madison County,"St. Louis, MO-IL",metro,1255,False,1.103,65286,3.735,6.953,74.0,0.0346,-0.078,-0.0435,0.0318,-0.0222,5,-0.0774,False,False,False,False,measured
55077960300,Marquette County,,rural,1771,False,1.176,65285,3.361,10.795,132.0,0.0407,-0.0781,-0.0942,-0.1481,0.2023,5,-0.0774,False,False,False,False,measured
17031320102,Cook County,"Chicago-Naperville-Elgin, IL-IN",metro,2913,False,2.667,97725,3.233,9.808,59.0,0.1654,0.051,-0.1116,-0.1019,-0.0803,5,-0.0774,True,False,False,True,measured
17097860806,Lake County,"Chicago-Naperville-Elgin, IL-IN",metro,1791,False,-1.361,96735,2.585,5.792,121.0,-0.1715,0.0471,-0.1993,0.0862,0.1597,5,-0.0779,False,False,False,True,measured
17031400800,Cook County,"Chicago-Naperville-Elgin, IL-IN",metro,1314,True,4.93,23059,3.233,3.142,6.0,0.3547,-0.246,-0.1116,0.2103,-0.2855,5,-0.0781,False,True,False,True,measured
17197883808,Will County,"Chicago-Naperville-Elgin, IL-IN",metro,553,False,-1.199,86477,4.616,3.321,27.0,-0.158,0.0062,0.0758,0.2019,-0.2042,5,-0.0782,True,False,False,False,measured
17031220902,Cook County,"Chicago-Naperville-Elgin, IL-IN",metro,1047,True,1.771,82104,3.233,4.423,29.0,0.0905,-0.0111,-0.1116,0.1503,-0.1964,5,-0.0784,False,False,False,True,measured
17183000500,Vermilion County,"Danville, IL",micro,1811,False,4.665,36629,3.315,8.449,59.0,0.3325,-0.192,-0.1005,-0.0382,-0.0803,5,-0.0786,False,False,False,False,measured
17083010401,Jersey County,"St. Louis, MO-IL",metro,2405,False,-0.794,86823,7.132,20.79,141.0,-0.1242,0.0076,0.4169,-0.6162,0.2372,5,-0.0787,False,False,False,False,measured
17097861202,Lake County,"Chicago-Naperville-Elgin, IL-IN",metro,1372,False,0.626,99747,2.585,6.142,79.0,-0.0054,0.059,-0.1993,0.0698,-0.0029,5,-0.0788,False,False,False,True,measured
17031823705,Cook County,"Chicago-Naperville-Elgin, IL-IN",metro,1758,True,1.499,83621,3.233,7.052,65.0,0.0676,-0.0051,-0.1116,0.0272,-0.0571,5,-0.079,False,False,False,True,measured
17097860302,Lake County,"Chicago-Naperville-Elgin, IL-IN",metro,1029,True,2.022,47938,2.585,3.006,64.0,0.1114,-0.1471,-0.1993,0.2167,-0.0609,5,-0.0792,False,False,False,True,measured
17043844001,DuPage County,"Chicago-Naperville-Elgin, IL-IN",metro,1340,False,-0.439,157038,3.131,10.784,80.0,-0.0944,0.2869,-0.1254,-0.1476,0.001,5,-0.0795,False,False,False,False,measured
55131420402,Washington County,"Milwaukee-Waukesha, WI",metro,1165,False,1.659,70875,4.101,9.526,74.0,0.0811,-0.0558,0.0061,-0.0887,-0.0222,5,-0.0796,False,False,False,False,measured
55071000100,Manitowoc County,"Manitowoc, WI",micro,2943,False,2.768,63003,-0.096,4.072,139.0,0.1739,-0.0871,-0.5627,0.1668,0.2294,5,-0.0798,False,False,False,False,measured
17097861508,Lake County,"Chicago-Naperville-Elgin, IL-IN",metro,1680,False,1.681,100862,2.585,6.74,62.0,0.0829,0.0635,-0.1993,0.0418,-0.0687,5,-0.0799,False,False,False,True,measured
17019001204,Champaign County,"Champaign-Urbana, IL",metro,1440,False,1.74,126750,3.725,13.088,71.0,0.0878,0.1664,-0.0448,-0.2555,-0.0338,5,-0.0799,False,False,False,False,measured
17031810501,Cook County,"Chicago-Naperville-Elgin, IL-IN",metro,1927,False,-0.186,90903,3.233,6.75,90.0,-0.0732,0.0239,-0.1116,0.0413,0.0397,5,-0.0799,False,False,False,True,measured
55089660202,Ozaukee County,"Milwaukee-Waukesha, WI",metro,2368,False,1.769,108750,2.924,13.095,117.0,0.0902,0.0948,-0.1535,-0.2559,0.1442,5,-0.08,True,False,False,False,measured
17031803611,Cook County,"Chicago-Naperville-Elgin, IL-IN",metro,2173,True,1.377,63639,3.233,8.55,106.0,0.0575,-0.0846,-0.1116,-0.043,0.1017,5,-0.08,False,False,False,True,measured
17043843700,DuPage County,"Chicago-Naperville-Elgin, IL-IN",metro,1531,False,0.437,144340,3.131,11.54,83.0,-0.0212,0.2364,-0.1254,-0.183,0.0126,5,-0.0806,False,False,False,False,measured
17031824004,Cook County,"Chicago-Naperville-Elgin, IL-IN",metro,1991,False,-0.443,99911,3.233,8.725,110.0,-0.0948,0.0597,-0.1116,-0.0512,0.1171,5,-0.0807,False,False,False,True,measured
17031822102,Cook County,"Chicago-Naperville-Elgin, IL-IN",metro,1937,False,0.847,69261,3.233,6.861,91.0,0.0131,-0.0622,-0.1116,0.0361,0.0436,5,-0.081,False,False,False,True,measured
17031841300,Cook County,"Chicago-Naperville-Elgin, IL-IN",metro,1884,True,3.727,62214,3.233,7.029,38.0,0.254,-0.0903,-0.1116,0.0283,-0.1616,5,-0.0811,False,False,False,True,measured
17043846315,DuPage County,"Chicago-Naperville-Elgin, IL-IN",metro,1489,False,-0.331,118447,3.131,7.902,82.0,-0.0854,0.1334,-0.1254,-0.0126,0.0088,5,-0.0813,False,False,False,False,measured
17031040800,Cook County,"Chicago-Naperville-Elgin, IL-IN",metro,824,False,1.208,114397,3.233,4.989,14.0,0.0433,0.1173,-0.1116,0.1238,-0.2545,5,-0.0817,False,False,False,True,measured
55079004100,Milwaukee County,"Milwaukee-Waukesha, WI",metro,1122,True,2.621,51250,2.576,3.496,53.0,0.1615,-0.1339,-0.2006,0.1937,-0.1035,5,-0.0827,False,False,False,True,measured
17079977400,Jasper County,,rural,1230,False,0.449,62576,7.332,13.845,47.0,-0.0202,-0.0888,0.444,-0.291,-0.1267,5,-0.0827,False,False,False,False,measured
17027900300,Clinton County,"St. Louis, MO-IL",metro,2914,False,-0.46,85533,5.921,20.59,174.0,-0.0962,0.0025,0.2527,-0.6069,0.3649,5,-0.0829,False,False,False,False,measured
17031071400,Cook County,"Chicago-Naperville-Elgin, IL-IN",metro,2830,False,-0.148,113581,3.233,8.806,90.0,-0.0701,0.1141,-0.1116,-0.055,0.0397,5,-0.0829,False,False,False,True,measured
17031031300,Cook County,"Chicago-Naperville-Elgin, IL-IN",metro,4216,False,-0.043,68942,3.233,4.794,85.0,-0.0613,-0.0635,-0.1116,0.1329,0.0204,5,-0.083,False,False,False,True,measured
17031670400,Cook County,"Chicago-Naperville-Elgin, IL-IN",metro,626,True,3.464,44543,3.233,3.776,22.0,0.232,-0.1606,-0.1116,0.1806,-0.2235,5,-0.083,False,False,False,True,measured
17031151100,Cook County,"Chicago-Naperville-Elgin, IL-IN",metro,1920,True,1.79,62717,3.233,4.646,50.0,0.092,-0.0883,-0.1116,0.1399,-0.1151,5,-0.0831,False,False,False,True,measured
17097860812,Lake County,"Chicago-Naperville-Elgin, IL-IN",metro,1139,False,-0.066,157724,2.585,10.757,89.0,-0.0632,0.2897,-0.1993,-0.1463,0.0359,5,-0.0833,True,False,False,True,measured
17031150600,Cook County,"Chicago-Naperville-Elgin, IL-IN",metro,1447,False,0.307,102399,3.233,5.289,49.0,-0.032,0.0696,-0.1116,0.1098,-0.119,5,-0.0833,False,False,False,True,measured
17031500300,Cook County,"Chicago-Naperville-Elgin, IL-IN",metro,894,True,2.298,52500,3.233,3.452,35.0,0.1345,-0.1289,-0.1116,0.1958,-0.1732,5,-0.0834,False,False,False,True,measured
17031150401,Cook County,"Chicago-Naperville-Elgin, IL-IN",metro,1822,False,0.11,86563,3.233,5.912,77.0,-0.0485,0.0066,-0.1116,0.0806,-0.0106,5,-0.0835,False,False,False,True,measured
17031802003,Cook County,"Chicago-Naperville-Elgin, IL-IN",metro,830,False,-0.823,175288,3.233,8.557,38.0,-0.1265,0.3595,-0.1116,-0.0433,-0.1616,5,-0.0835,False,False,False,True,measured
17097864409,Lake County,"Chicago-Naperville-Elgin, IL-IN",metro,1764,False,1.031,115698,2.585,10.061,100.0,0.0285,0.1225,-0.1993,-0.1138,0.0784,5,-0.0837,False,False,False,True,measured
55133202902,Waukesha County,"Milwaukee-Waukesha, WI",metro,1848,True,-0.389,65667,5.429,9.198,72.0,-0.0902,-0.0765,0.1861,-0.0733,-0.03,5,-0.084,False,False,False,False,measured
17031804603,Cook County,"Chicago-Naperville-Elgin, IL-IN",metro,2836,False,0.873,102414,3.233,7.239,60.0,0.0153,0.0696,-0.1116,0.0184,-0.0764,5,-0.0846,False,False,False,True,measured
17031610300,Cook County,"Chicago-Naperville-Elgin, IL-IN",metro,2105,True,4.22,44870,3.233,5.617,27.0,0.2953,-0.1593,-0.1116,0.0944,-0.2042,5,-0.0854,False,False,False,True,measured
55079002700,Milwaukee County,"Milwaukee-Waukesha, WI",metro,841,True,4.342,37231,2.576,3.132,25.0,0.3055,-0.1896,-0.2006,0.2108,-0.2119,5,-0.086,False,False,False,True,measured
17043845602,DuPage County,"Chicago-Naperville-Elgin, IL-IN",metro,2086,False,0.146,105658,3.131,10.168,111.0,-0.0455,0.0825,-0.1254,-0.1188,0.121,5,-0.0862,False,False,False,False,measured
55135100900,Waupaca County,,rural,2883,False,1.045,63393,1.882,7.467,146.0,0.0297,-0.0856,-0.2947,0.0078,0.2565,5,-0.0863,False,False,False,False,measured
17031030900,Cook County,"Chicago-Naperville-Elgin, IL-IN",metro,1519,False,1.201,87485,3.233,5.024,41.0,0.0427,0.0103,-0.1116,0.1221,-0.15,5,-0.0864,False,False,False,True,measured
17031151200,Cook County,"Chicago-Naperville-Elgin, IL-IN",metro,1291,False,1.304,69776,3.233,4.956,56.0,0.0514,-0.0602,-0.1116,0.1253,-0.0919,5,-0.0869,False,False,False,True,measured
55139001804,Winnebago County,"Oshkosh-Neenah, WI",metro,1721,False,-0.618,110296,1.083,5.194,134.0,-0.1094,0.101,-0.4029,0.1142,0.2101,5,-0.0871,False,False,False,False,measured
55079180400,Milwaukee County,"Milwaukee-Waukesha, WI",metro,1331,False,2.231,55639,2.576,4.18,64.0,0.1289,-0.1164,-0.2006,0.1617,-0.0609,5,-0.0874,False,False,False,True,measured
17031300900,Cook County,"Chicago-Naperville-Elgin, IL-IN",metro,1621,True,5.035,32378,3.233,5.313,18.0,0.3634,-0.209,-0.1116,0.1086,-0.239,5,-0.0875,False,False,False,True,measured
17031803604,Cook County,"Chicago-Naperville-Elgin, IL-IN",metro,1855,False,0.163,87422,3.233,7.486,93.0,-0.0441,0.01,-0.1116,0.0068,0.0513,5,-0.0875,False,False,False,True,measured
17197881302,Will County,"Chicago-Naperville-Elgin, IL-IN",metro,278,True,2.418,46875,4.616,4.553,2.0,0.1446,-0.1513,0.0758,0.1442,-0.301,5,-0.0876,True,False,False,False,measured
17043841003,DuPage County,"Chicago-Naperville-Elgin, IL-IN",metro,1450,False,1.102,91304,3.131,7.136,68.0,0.0344,0.0254,-0.1254,0.0232,-0.0454,5,-0.0878,False,False,False,False,measured
17031030101,Cook County,"Chicago-Naperville-Elgin, IL-IN",metro,2270,True,2.21,48929,3.233,4.328,50.0,0.1271,-0.1431,-0.1116,0.1548,-0.1151,5,-0.0879,False,False,False,True,measured
17031650302,Cook County,"Chicago-Naperville-Elgin, IL-IN",metro,1251,True,2.414,65722,3.233,4.796,34.0,0.1442,-0.0763,-0.1116,0.1328,-0.1771,5,-0.0879,False,False,False,True,measured
17031661000,Cook County,"Chicago-Naperville-Elgin, IL-IN",metro,1997,True,0.99,54665,3.233,4.793,76.0,0.0251,-0.1203,-0.1116,0.133,-0.0145,5,-0.0883,False,False,False,True,measured
55083101200,Oconto County,"Green Bay, WI",metro,2129,False,4.256,56068,3.242,14.091,116.0,0.2983,-0.1147,-0.1104,-0.3025,0.1404,5,-0.0889,False,False,False,False,measured
17065973200,Hamilton County,,rural,924,False,-1.13,89500,7.92,12.339,13.0,-0.1522,0.0183,0.5237,-0.2204,-0.2584,5,-0.089,False,False,False,False,measured
17031410100,Cook County,"Chicago-Naperville-Elgin, IL-IN",metro,1403,False,2.32,63931,3.233,2.272,7.0,0.1363,-0.0834,-0.1116,0.2511,-0.2816,5,-0.0892,False,False,False,True,measured
17143003403,Peoria County,"Peoria, IL",metro,1383,False,1.847,87946,4.713,12.461,64.0,0.0968,0.0121,0.089,-0.2262,-0.0609,5,-0.0893,True,False,False,False,measured
17043841403,DuPage County,"Chicago-Naperville-Elgin, IL-IN",metro,1558,False,-0.032,120750,3.131,8.972,84.0,-0.0604,0.1426,-0.1254,-0.0627,0.0165,5,-0.0895,False,False,False,False,measured
17053961600,Ford County,"Champaign-Urbana, IL",metro,795,True,-1.023,59531,4.009,0.0,29.0,-0.1433,-0.1009,-0.0063,0.3574,-0.1964,5,-0.0896,False,False,False,False,measured
17031420700,Cook County,"Chicago-Naperville-Elgin, IL-IN",metro,1187,True,0.34,38076,3.233,2.421,78.0,-0.0292,-0.1863,-0.1116,0.2441,-0.0067,5,-0.0898,False,False,False,True,measured
17197881500,Will County,"Chicago-Naperville-Elgin, IL-IN",metro,1201,False,-0.819,76932,4.616,7.242,73.0,-0.1262,-0.0317,0.0758,0.0183,-0.0261,5,-0.0899,True,False,False,False,measured
17197880113,Will County,"Chicago-Naperville-Elgin, IL-IN",metro,1093,True,-0.055,89607,4.616,9.192,67.0,-0.0623,0.0187,0.0758,-0.0731,-0.0493,5,-0.0901,False,False,False,False,measured
17031300500,Cook County,"Chicago-Naperville-Elgin, IL-IN",metro,943,True,2.098,87721,3.233,4.664,16.0,0.1178,0.0112,-0.1116,0.139,-0.2468,5,-0.0903,False,False,False,True,measured
17043841605,DuPage County,"Chicago-Naperville-Elgin, IL-IN",metro,1195,False,-1.383,114795,3.131,4.175,61.0,-0.1734,0.1189,-0.1254,0.1619,-0.0725,5,-0.0906,False,False,False,False,measured
55105002000,Rock County,"Janesville-Beloit, WI",metro,1308,True,-2.754,58190,3.865,2.519,103.0,-0.2881,-0.1063,-0.0259,0.2395,0.09,5,-0.0907,False,False,False,False,measured
17043842400,DuPage County,"Chicago-Naperville-Elgin, IL-IN",metro,1739,False,0.003,97554,3.131,8.332,99.0,-0.0575,0.0503,-0.1254,-0.0328,0.0746,5,-0.0908,False,False,False,False,measured
55105001900,Rock County,"Janesville-Beloit, WI",metro,1013,True,-0.41,84438,3.865,5.47,61.0,-0.092,-0.0019,-0.0259,0.1013,-0.0725,5,-0.0911,False,False,False,False,measured
55117000500,Sheboygan County,"Sheboygan, WI",metro,1676,True,-0.043,46071,5.146,5.914,53.0,-0.0613,-0.1545,0.1477,0.0805,-0.1035,5,-0.0911,False,False,False,False,measured
17163501602,St. Clair County,"St. Louis, MO-IL",metro,1860,True,-3.433,53280,6.452,9.705,119.0,-0.3449,-0.1258,0.3247,-0.0971,0.152,5,-0.0911,False,False,False,False,measured
17031640600,Cook County,"Chicago-Naperville-Elgin, IL-IN",metro,1768,True,1.318,75461,3.233,6.299,65.0,0.0525,-0.0376,-0.1116,0.0625,-0.0571,5,-0.0913,False,False,False,True,measured
17031660900,Cook County,"Chicago-Naperville-Elgin, IL-IN",metro,1641,True,3.45,43137,3.233,4.637,32.0,0.2309,-0.1662,-0.1116,0.1403,-0.1848,5,-0.0913,False,False,False,True,measured
55079101800,Milwaukee County,"Milwaukee-Waukesha, WI",metro,1356,False,2.187,60250,2.576,6.316,85.0,0.1252,-0.0981,-0.2006,0.0616,0.0204,5,-0.0915,False,False,False,True,measured
17031805106,Cook County,"Chicago-Naperville-Elgin, IL-IN",metro,1307,False,1.538,89009,3.233,8.591,74.0,0.0709,0.0163,-0.1116,-0.0449,-0.0222,5,-0.0915,False,False,False,True,measured
17031814000,Cook County,"Chicago-Naperville-Elgin, IL-IN",metro,1430,True,1.645,62566,3.233,4.139,45.0,0.0799,-0.0889,-0.1116,0.1636,-0.1345,5,-0.0915,False,False,False,True,measured
17031210601,Cook County,"Chicago-Naperville-Elgin, IL-IN",metro,1082,False,1.938,84271,3.233,5.354,31.0,0.1044,-0.0025,-0.1116,0.1067,-0.1887,5,-0.0917,False,False,False,True,measured
17031826301,Cook County,"Chicago-Naperville-Elgin, IL-IN",metro,1431,True,0.339,70274,3.233,4.946,75.0,-0.0294,-0.0582,-0.1116,0.1258,-0.0183,5,-0.0917,False,False,False,True,measured
55081950900,Monroe County,"Sparta, WI",micro,2104,False,0.619,83750,3.787,12.164,123.0,-0.0059,-0.0046,-0.0365,-0.2123,0.1675,5,-0.0918,False,False,False,False,measured
55025000204,Dane County,"Madison, WI",metro,2640,False,1.07,80890,2.659,8.059,106.0,0.0318,-0.016,-0.1893,-0.02,0.1017,5,-0.0919,False,False,False,False,measured
17031081000,Cook County,"Chicago-Naperville-Elgin, IL-IN",metro,5561,False,3.199,79465,3.233,9.277,56.0,0.2098,-0.0216,-0.1116,-0.077,-0.0919,5,-0.0923,False,False,False,True,measured
17031310400,Cook County,"Chicago-Naperville-Elgin, IL-IN",metro,699,False,4.912,83271,3.233,9.517,18.0,0.3531,-0.0065,-0.1116,-0.0883,-0.239,5,-0.0923,False,False,False,True,measured
17031530502,Cook County,"Chicago-Naperville-Elgin, IL-IN",metro,554,True,0.625,76500,3.233,2.362,31.0,-0.0054,-0.0334,-0.1116,0.2468,-0.1887,5,-0.0923,False,False,False,True,measured
17183010600,Vermilion County,"Danville, IL",micro,1915,False,3.725,55877,3.315,9.113,64.0,0.2538,-0.1155,-0.1005,-0.0693,-0.0609,5,-0.0924,False,False,False,False,measured
55141011700,Wood County,"Wisconsin Rapids-Marshfield, WI",micro,1882,False,-0.588,55000,5.185,8.9,90.0,-0.1069,-0.119,0.153,-0.0594,0.0397,5,-0.0925,False,False,False,False,measured
17031611300,Cook County,"Chicago-Naperville-Elgin, IL-IN",metro,1087,True,3.894,48484,3.233,4.42,14.0,0.268,-0.1449,-0.1116,0.1504,-0.2545,5,-0.0925,False,False,False,True,measured
17031802402,Cook County,"Chicago-Naperville-Elgin, IL-IN",metro,2293,False,0.193,78942,3.233,5.775,79.0,-0.0416,-0.0237,-0.1116,0.087,-0.0029,5,-0.0927,False,False,False,True,measured
17031170800,Cook County,"Chicago-Naperville-Elgin, IL-IN",metro,1505,True,1.198,80446,3.233,5.469,52.0,0.0425,-0.0177,-0.1116,0.1013,-0.1074,5,-0.0929,False,False,False,True,measured
17031804508,Cook County,"Chicago-Naperville-Elgin, IL-IN",metro,876,True,3.237,53929,3.233,7.027,54.0,0.2131,-0.1232,-0.1116,0.0283,-0.0996,5,-0.093,False,False,False,True,measured
17115002300,Macon County,"Decatur, IL",metro,1203,False,1.495,95781,3.438,8.313,57.0,0.0673,0.0433,-0.0838,-0.0319,-0.088,5,-0.0931,False,False,False,False,measured
17031063400,Cook County,"Chicago-Naperville-Elgin, IL-IN",metro,1378,False,2.736,86979,3.233,6.462,24.0,0.1712,0.0082,-0.1116,0.0548,-0.2158,5,-0.0931,False,False,False,True,measured
17031020100,Cook County,"Chicago-Naperville-Elgin, IL-IN",metro,1676,True,2.189,64904,3.233,5.348,45.0,0.1254,-0.0796,-0.1116,0.107,-0.1345,5,-0.0932,False,False,False,True,measured
17091011100,Kankakee County,"Kankakee, IL",metro,798,False,1.141,91667,5.833,12.531,36.0,0.0377,0.0269,0.2408,-0.2294,-0.1693,5,-0.0933,False,False,False,False,measured
17031841000,Cook County,"Chicago-Naperville-Elgin, IL-IN",metro,710,False,3.0,113106,3.233,9.572,29.0,0.1933,0.1122,-0.1116,-0.0909,-0.1964,5,-0.0934,True,False,False,True,measured
17167000900,Sangamon County,"Springfield, IL",metro,1107,True,0.335,21358,7.206,7.699,19.0,-0.0297,-0.2528,0.4269,-0.0031,-0.2351,5,-0.0938,False,False,False,False,measured
17097862902,Lake County,"Chicago-Naperville-Elgin, IL-IN",metro,960,True,3.052,67576,2.585,4.683,38.0,0.1976,-0.0689,-0.1993,0.1381,-0.1616,5,-0.0941,False,False,False,True,measured
17121952600,Marion County,"Centralia, IL",micro,904,True,0.497,32679,7.574,9.775,16.0,-0.0161,-0.2078,0.4768,-0.1003,-0.2468,5,-0.0942,False,False,False,False,measured
17031220602,Cook County,"Chicago-Naperville-Elgin, IL-IN",metro,2588,False,1.449,77650,3.233,4.968,43.0,0.0635,-0.0289,-0.1116,0.1248,-0.1422,5,-0.0944,False,False,False,True,measured
17031826303,Cook County,"Chicago-Naperville-Elgin, IL-IN",metro,1254,True,-0.794,85357,3.233,4.676,80.0,-0.1241,0.0018,-0.1116,0.1385,0.001,5,-0.0944,False,False,False,True,measured
17167000202,Sangamon County,"Springfield, IL",metro,1404,True,-2.306,51417,7.206,8.694,57.0,-0.2506,-0.1332,0.4269,-0.0497,-0.088,5,-0.0946,False,False,False,False,measured
17031560300,Cook County,"Chicago-Naperville-Elgin, IL-IN",metro,1094,True,1.977,75473,3.233,5.65,42.0,0.1076,-0.0375,-0.1116,0.0928,-0.1461,5,-0.0947,False,False,False,True,measured
17143000200,Peoria County,"Peoria, IL",metro,769,True,4.707,31284,4.713,8.745,14.0,0.336,-0.2133,0.089,-0.0521,-0.2545,5,-0.0949,False,False,False,False,measured
17037000900,DeKalb County,"Chicago-Naperville-Elgin, IL-IN",metro,2104,False,0.512,89481,2.663,8.444,113.0,-0.0149,0.0182,-0.1889,-0.038,0.1288,5,-0.0949,False,False,False,False,measured
17031810900,Cook County,"Chicago-Naperville-Elgin, IL-IN",metro,2499,False,-0.088,59719,3.233,5.091,96.0,-0.0651,-0.1002,-0.1116,0.119,0.0629,5,-0.0949,False,False,False,True,measured
17031750300,Cook County,"Chicago-Naperville-Elgin, IL-IN",metro,1009,False,0.875,102689,3.233,5.916,41.0,0.0155,0.0707,-0.1116,0.0804,-0.15,5,-0.095,False,False,False,True,measured
55009000500,Brown County,"Green Bay, WI",metro,1284,True,1.635,64222,2.607,7.078,100.0,0.079,-0.0823,-0.1964,0.026,0.0784,5,-0.0952,False,False,False,True,measured
17031160501,Cook County,"Chicago-Naperville-Elgin, IL-IN",metro,1399,True,1.463,80179,3.233,5.313,44.0,0.0647,-0.0188,-0.1116,0.1086,-0.1384,5,-0.0954,False,False,False,True,measured
55141011200,Wood County,"Wisconsin Rapids-Marshfield, WI",micro,1816,True,0.012,42386,5.185,8.058,79.0,-0.0567,-0.1691,0.153,-0.0199,-0.0029,5,-0.0956,False,False,False,False,measured
17031020901,Cook County,"Chicago-Naperville-Elgin, IL-IN",metro,2143,True,1.906,56291,3.233,4.826,53.0,0.1017,-0.1138,-0.1116,0.1314,-0.1035,5,-0.0958,False,False,False,True,measured
17031251400,Cook County,"Chicago-Naperville-Elgin, IL-IN",metro,2063,True,4.069,24160,3.233,3.986,29.0,0.2827,-0.2416,-0.1116,0.1708,-0.1964,5,-0.0962,False,False,False,True,measured
55105001306,Rock County,"Janesville-Beloit, WI",metro,2494,True,1.281,54574,3.865,9.128,98.0,0.0495,-0.1207,-0.0259,-0.0701,0.0707,5,-0.0965,True,False,False,False,measured
17119403603,Madison County,"St. Louis, MO-IL",metro,823,False,2.596,96172,3.735,11.497,60.0,0.1595,0.0448,-0.0435,-0.181,-0.0764,5,-0.0966,False,False,False,False,measured
17031161300,Cook County,"Chicago-Naperville-Elgin, IL-IN",metro,1634,True,1.958,59353,3.233,4.289,42.0,0.1061,-0.1016,-0.1116,0.1566,-0.1461,5,-0.0967,False,False,False,True,measured
55079021300,Milwaukee County,"Milwaukee-Waukesha, WI",metro,963,True,4.995,41635,2.576,4.575,21.0,0.3601,-0.1721,-0.2006,0.1432,-0.2274,5,-0.0969,True,False,False,True,measured
17031030601,Cook County,"Chicago-Naperville-Elgin, IL-IN",metro,1974,True,3.062,52917,3.233,4.488,27.0,0.1984,-0.1272,-0.1116,0.1473,-0.2042,5,-0.0973,False,False,False,True,measured
17031580600,Cook County,"Chicago-Naperville-Elgin, IL-IN",metro,1684,True,2.602,78798,3.233,5.465,22.0,0.16,-0.0243,-0.1116,0.1015,-0.2235,5,-0.0979,False,False,False,True,measured
17031805111,Cook County,"Chicago-Naperville-Elgin, IL-IN",metro,3092,False,2.732,55449,3.233,9.417,91.0,0.1708,-0.1172,-0.1116,-0.0836,0.0436,5,-0.0979,False,False,False,True,measured
17031804610,Cook County,"Chicago-Naperville-Elgin, IL-IN",metro,1274,False,2.537,71750,3.233,9.054,74.0,0.1545,-0.0523,-0.1116,-0.0666,-0.0222,5,-0.0982,False,False,False,True,measured
17031250300,Cook County,"Chicago-Naperville-Elgin, IL-IN",metro,1670,True,1.5,60573,3.233,3.867,45.0,0.0678,-0.0968,-0.1116,0.1763,-0.1345,5,-0.0987,False,False,False,True,measured
17031804108,Cook County,"Chicago-Naperville-Elgin, IL-IN",metro,2175,False,4.337,88773,3.233,8.868,15.0,0.3051,0.0154,-0.1116,-0.0579,-0.2506,5,-0.0996,False,False,False,True,measured
17097860807,Lake County,"Chicago-Naperville-Elgin, IL-IN",metro,1788,False,-1.908,66500,2.585,2.96,124.0,-0.2173,-0.0732,-0.1993,0.2188,0.1713,5,-0.0997,True,False,False,True,measured
55079000303,Milwaukee County,"Milwaukee-Waukesha, WI",metro,696,False,2.379,67500,2.576,4.314,47.0,0.1413,-0.0692,-0.2006,0.1554,-0.1267,5,-0.0999,False,False,False,True,measured
17097861702,Lake County,"Chicago-Naperville-Elgin, IL-IN",metro,1413,True,-0.788,92702,2.585,3.56,80.0,-0.1236,0.031,-0.1993,0.1907,0.001,5,-0.1002,False,False,False,True,measured
55025001102,Dane County,"Madison, WI",metro,81,True,6.533,10114,2.659,3.304,1.0,0.4888,-0.2975,-0.1893,0.2027,-0.3048,5,-0.1002,False,True,False,False,measured
17031806002,Cook County,"Chicago-Naperville-Elgin, IL-IN",metro,2633,True,0.813,64450,3.233,8.295,109.0,0.0103,-0.0814,-0.1116,-0.0311,0.1133,5,-0.1005,False,False,False,True,measured
55087011103,Outagamie County,"Appleton, WI",metro,1527,False,0.545,105750,3.366,9.483,82.0,-0.0121,0.0829,-0.0936,-0.0867,0.0088,5,-0.1007,True,False,False,False,measured
17031190401,Cook County,"Chicago-Naperville-Elgin, IL-IN",metro,1250,True,-0.048,115000,3.233,5.025,36.0,-0.0617,0.1197,-0.1116,0.1221,-0.1693,5,-0.1008,False,False,False,True,measured
17031818402,Cook County,"Chicago-Naperville-Elgin, IL-IN",metro,1586,False,3.164,72112,3.233,9.768,68.0,0.2069,-0.0509,-0.1116,-0.1,-0.0454,5,-0.101,False,False,False,True,measured
17031040402,Cook County,"Chicago-Naperville-Elgin, IL-IN",metro,2507,False,-0.347,99201,3.233,5.06,59.0,-0.0868,0.0569,-0.1116,0.1205,-0.0803,5,-0.1013,False,False,False,True,measured
17053961800,Ford County,"Champaign-Urbana, IL",metro,1861,False,1.494,61159,4.009,11.087,104.0,0.0673,-0.0945,-0.0063,-0.1618,0.0939,5,-0.1014,False,False,False,False,measured
17031720200,Cook County,"Chicago-Naperville-Elgin, IL-IN",metro,1425,False,-2.724,125600,3.233,4.469,76.0,-0.2856,0.1619,-0.1116,0.1482,-0.0145,5,-0.1016,False,False,False,True,measured
17097861803,Lake County,"Chicago-Naperville-Elgin, IL-IN",metro,2501,True,0.088,77894,2.585,3.157,71.0,-0.0503,-0.0279,-0.1993,0.2096,-0.0338,5,-0.1018,False,False,False,True,measured
55025002500,Dane County,"Madison, WI",metro,1077,True,3.665,57639,2.659,4.321,26.0,0.2488,-0.1085,-0.1893,0.1551,-0.208,5,-0.1019,False,False,False,False,measured
17031661100,Cook County,"Chicago-Naperville-Elgin, IL-IN",metro,1936,True,0.076,78587,3.233,4.91,69.0,-0.0514,-0.0251,-0.1116,0.1275,-0.0416,5,-0.1022,False,False,False,True,measured
17031260600,Cook County,"Chicago-Naperville-Elgin, IL-IN",metro,614,True,2.787,50368,3.233,3.641,24.0,0.1754,-0.1374,-0.1116,0.1869,-0.2158,5,-0.1025,False,False,False,True,measured
17043841318,DuPage County,"Chicago-Naperville-Elgin, IL-IN",metro,907,False,-0.946,119866,3.131,6.139,67.0,-0.1368,0.1391,-0.1254,0.0699,-0.0493,5,-0.1026,False,False,False,False,measured
17031814500,Cook County,"Chicago-Naperville-Elgin, IL-IN",metro,1507,False,0.444,92344,3.233,5.519,54.0,-0.0206,0.0296,-0.1116,0.099,-0.0996,5,-0.1033,False,False,False,True,measured
17031231500,Cook County,"Chicago-Naperville-Elgin, IL-IN",metro,2148,True,2.452,30637,3.233,4.694,64.0,0.1474,-0.2159,-0.1116,0.1376,-0.0609,5,-0.1034,False,False,False,True,measured
17031804309,Cook County,"Chicago-Naperville-Elgin, IL-IN",metro,967,False,0.504,91595,3.233,5.567,54.0,-0.0156,0.0266,-0.1116,0.0967,-0.0996,5,-0.1035,False,False,False,True,measured
17037000800,DeKalb County,"Chicago-Naperville-Elgin, IL-IN",metro,2861,True,2.21,51782,2.663,11.769,153.0,0.1271,-0.1318,-0.1889,-0.1938,0.2836,5,-0.1036,False,False,False,False,measured
17119401901,Madison County,"St. Louis, MO-IL",metro,749,False,0.158,80590,3.735,5.809,58.0,-0.0445,-0.0172,-0.0435,0.0854,-0.0842,5,-0.1039,False,False,False,False,measured
17197884006,Will County,"Chicago-Naperville-Elgin, IL-IN",metro,719,False,-4.26,78031,4.616,0.0,55.0,-0.4141,-0.0273,0.0758,0.3574,-0.0958,5,-0.1039,False,False,False,False,measured
17031842500,Cook County,"Chicago-Naperville-Elgin, IL-IN",metro,1033,True,3.542,36925,3.233,2.807,11.0,0.2386,-0.1909,-0.1116,0.226,-0.2661,5,-0.104,False,False,False,True,measured
17031804806,Cook County,"Chicago-Naperville-Elgin, IL-IN",metro,1061,False,0.0,93533,3.233,5.755,65.0,-0.0577,0.0343,-0.1116,0.0879,-0.0571,5,-0.1041,False,False,False,True,measured
17111871202,McHenry County,"Chicago-Naperville-Elgin, IL-IN",metro,1956,False,-1.715,80833,4.254,9.035,119.0,-0.2011,-0.0162,0.0269,-0.0657,0.152,5,-0.1042,False,False,False,False,measured
17197882702,Will County,"Chicago-Naperville-Elgin, IL-IN",metro,1107,False,0.682,61016,4.616,6.319,42.0,-0.0006,-0.095,0.0758,0.0615,-0.1461,5,-0.1044,False,False,False,False,measured
17039971400,De Witt County,,rural,994,False,-1.7,77308,5.222,6.774,61.0,-0.1999,-0.0302,0.1581,0.0402,-0.0725,5,-0.1044,False,False,False,False,measured
55009020502,Brown County,"Green Bay, WI",metro,2691,True,2.082,64464,2.607,8.095,100.0,0.1164,-0.0813,-0.1964,-0.0217,0.0784,5,-0.1045,False,False,False,True,measured
17143003402,Peoria County,"Peoria, IL",metro,1613,False,-2.648,118375,4.713,12.056,121.0,-0.2792,0.1331,0.089,-0.2072,0.1597,5,-0.1046,True,False,False,False,measured
17089853200,Kane County,"Chicago-Naperville-Elgin, IL-IN",metro,1863,True,-1.547,56023,5.101,6.546,81.0,-0.1871,-0.1149,0.1416,0.0509,0.0049,5,-0.1046,False,False,False,False,measured
55079001900,Milwaukee County,"Milwaukee-Waukesha, WI",metro,1232,True,2.879,32302,2.576,2.909,54.0,0.1831,-0.2093,-0.2006,0.2212,-0.0996,5,-0.1052,False,False,False,True,measured
55031021100,Douglas County,"Duluth, MN-WI",metro,1042,True,-2.817,27746,8.741,7.217,18.0,-0.2933,-0.2274,0.635,0.0194,-0.239,5,-0.1053,False,False,False,False,measured
55069960900,Lincoln County,,rural,1249,False,-0.479,52098,5.781,8.802,65.0,-0.0978,-0.1305,0.2338,-0.0548,-0.0571,5,-0.1063,True,False,False,False,measured
17049950500,Effingham County,"Effingham, IL",micro,1661,False,0.587,85524,7.033,15.766,48.0,-0.0086,0.0025,0.4035,-0.3809,-0.1229,5,-0.1065,False,False,False,False,measured
17031822301,Cook County,"Chicago-Naperville-Elgin, IL-IN",metro,1152,False,-0.121,108750,3.233,7.971,78.0,-0.0678,0.0948,-0.1116,-0.0159,-0.0067,5,-0.1072,False,False,False,True,measured
17031828508,Cook County,"Chicago-Naperville-Elgin, IL-IN",metro,1923,True,-0.073,63107,3.233,4.598,83.0,-0.0638,-0.0867,-0.1116,0.1421,0.0126,5,-0.1074,True,False,False,True,measured
17097865400,Lake County,"Chicago-Naperville-Elgin, IL-IN",metro,2143,False,1.958,106929,2.585,10.081,83.0,0.1061,0.0876,-0.1993,-0.1147,0.0126,5,-0.1077,False,False,False,True,measured
17031150502,Cook County,"Chicago-Naperville-Elgin, IL-IN",metro,1539,False,0.758,79659,3.233,5.593,60.0,0.0057,-0.0209,-0.1116,0.0955,-0.0764,5,-0.1077,False,False,False,True,measured
17031260900,Cook County,"Chicago-Naperville-Elgin, IL-IN",metro,465,True,4.23,23495,3.233,3.719,20.0,0.2961,-0.2443,-0.1116,0.1833,-0.2313,5,-0.1077,False,True,False,True,measured
17201001200,Winnebago County,"Rockford, IL",metro,950,True,1.313,29659,5.151,4.504,19.0,0.0522,-0.2198,0.1484,0.1465,-0.2351,5,-0.1078,False,False,False,False,measured
55105000200,Rock County,"Janesville-Beloit, WI",metro,1331,False,1.215,63194,3.865,7.76,71.0,0.0439,-0.0864,-0.0259,-0.006,-0.0338,5,-0.1081,False,False,False,False,measured
17167004200,Sangamon County,"Springfield, IL",metro,694,True,0.349,25556,7.206,8.392,19.0,-0.0285,-0.2361,0.4269,-0.0356,-0.2351,5,-0.1084,False,False,False,False,measured
55105002100,Rock County,"Janesville-Beloit, WI",metro,1392,False,-2.415,63507,3.865,5.036,116.0,-0.2597,-0.0851,-0.0259,0.1216,0.1404,5,-0.1088,False,False,False,False,measured
55079005400,Milwaukee County,"Milwaukee-Waukesha, WI",metro,1550,False,-1.621,67363,2.576,5.449,145.0,-0.1933,-0.0698,-0.2006,0.1023,0.2526,5,-0.1088,False,False,False,True,measured
17097860200,Lake County,"Chicago-Naperville-Elgin, IL-IN",metro,1232,True,0.152,70932,2.585,3.006,73.0,-0.045,-0.0556,-0.1993,0.2167,-0.0261,5,-0.1093,False,False,False,True,measured
17031824129,Cook County,"Chicago-Naperville-Elgin, IL-IN",metro,1653,False,0.164,115625,3.233,11.179,103.0,-0.044,0.1222,-0.1116,-0.1661,0.09,5,-0.1095,True,False,False,True,measured
55133202203,Waukesha County,"Milwaukee-Waukesha, WI",metro,1113,True,0.79,74107,5.429,8.186,19.0,0.0083,-0.043,0.1861,-0.0259,-0.2351,5,-0.1096,True,False,False,False,measured
55087011300,Outagamie County,"Appleton, WI",metro,1231,False,-0.559,69906,3.366,7.725,119.0,-0.1045,-0.0597,-0.0936,-0.0043,0.152,5,-0.1101,False,False,False,False,measured
17031560700,Cook County,"Chicago-Naperville-Elgin, IL-IN",metro,1335,False,1.702,89844,3.233,5.798,31.0,0.0846,0.0196,-0.1116,0.0859,-0.1887,5,-0.1101,False,False,False,True,measured
55009001400,Brown County,"Green Bay, WI",metro,1395,True,-0.779,66851,2.607,4.883,119.0,-0.1228,-0.0718,-0.1964,0.1287,0.152,5,-0.1103,False,False,False,True,measured
17031803902,Cook County,"Chicago-Naperville-Elgin, IL-IN",metro,1206,False,-0.522,113023,3.233,8.923,93.0,-0.1014,0.1118,-0.1116,-0.0605,0.0513,5,-0.1103,False,False,False,True,measured
55105002901,Rock County,"Janesville-Beloit, WI",metro,1674,False,3.499,87500,3.865,17.921,119.0,0.235,0.0103,-0.0259,-0.4819,0.152,5,-0.1104,True,False,False,False,measured
55069960800,Lincoln County,,rural,1634,False,-1.479,57349,5.781,9.039,83.0,-0.1814,-0.1096,0.2338,-0.0659,0.0126,5,-0.1105,True,False,False,False,measured
17031819100,Cook County,"Chicago-Naperville-Elgin, IL-IN",metro,1974,False,2.805,47216,3.233,6.143,55.0,0.1769,-0.1499,-0.1116,0.0698,-0.0958,5,-0.1106,False,False,False,True,measured
17097862700,Lake County,"Chicago-Naperville-Elgin, IL-IN",metro,1239,True,3.425,56955,2.585,4.47,34.0,0.2288,-0.1112,-0.1993,0.1481,-0.1771,5,-0.1107,False,False,False,True,measured
55039040200,Fond du Lac County,"Fond du Lac, WI",metro,1081,True,-1.35,60368,5.907,7.17,50.0,-0.1706,-0.0976,0.2508,0.0217,-0.1151,5,-0.1109,False,False,False,False,measured
17031700302,Cook County,"Chicago-Naperville-Elgin, IL-IN",metro,1791,False,0.191,91693,3.233,6.422,69.0,-0.0417,0.027,-0.1116,0.0567,-0.0416,5,-0.1112,False,False,False,True,measured
17031420600,Cook County,"Chicago-Naperville-Elgin, IL-IN",metro,1031,True,2.149,52989,3.233,3.0,25.0,0.1221,-0.127,-0.1116,0.217,-0.2119,5,-0.1114,False,False,False,True,measured
17003957700,Alexander County,"Cape Girardeau, MO-IL",metro,515,False,-1.198,62639,4.292,0.0,14.0,-0.1579,-0.0886,0.032,0.3574,-0.2545,5,-0.1115,False,False,False,False,measured
17031010300,Cook County,"Chicago-Naperville-Elgin, IL-IN",metro,3243,False,0.954,73105,3.233,5.55,61.0,0.0221,-0.0469,-0.1116,0.0975,-0.0725,5,-0.1115,False,False,False,True,measured
17031140301,Cook County,"Chicago-Naperville-Elgin, IL-IN",metro,917,True,2.462,75616,3.233,5.401,24.0,0.1482,-0.037,-0.1116,0.1045,-0.2158,5,-0.1116,False,False,False,True,measured
17043846522,DuPage County,"Chicago-Naperville-Elgin, IL-IN",metro,1490,False,-1.266,140417,3.131,9.076,86.0,-0.1636,0.2208,-0.1254,-0.0676,0.0242,5,-0.1116,False,False,False,False,measured
17043844602,DuPage County,"Chicago-Naperville-Elgin, IL-IN",metro,2282,False,2.782,106447,3.131,12.928,80.0,0.175,0.0857,-0.1254,-0.248,0.001,5,-0.1118,False,False,False,False,measured
17031140702,Cook County,"Chicago-Naperville-Elgin, IL-IN",metro,2189,True,1.853,76392,3.233,5.217,34.0,0.0973,-0.0339,-0.1116,0.1131,-0.1771,5,-0.1121,False,False,False,True,measured
17183000700,Vermilion County,"Danville, IL",micro,1612,False,1.426,78485,3.315,9.253,87.0,0.0615,-0.0255,-0.1005,-0.0759,0.0281,5,-0.1123,False,False,False,False,measured
55079020600,Milwaukee County,"Milwaukee-Waukesha, WI",metro,1546,False,-1.162,84688,2.576,4.608,106.0,-0.1549,-0.0009,-0.2006,0.1416,0.1017,5,-0.113,False,False,False,True,measured
55027961800,Dodge County,"Beaver Dam, WI",micro,1792,False,-0.037,87400,2.624,7.733,115.0,-0.0608,0.0099,-0.1941,-0.0047,0.1365,5,-0.1132,False,False,False,False,measured
17081051100,Jefferson County,"Mount Vernon, IL",micro,892,True,-1.183,61583,6.481,9.447,52.0,-0.1567,-0.0928,0.3286,-0.085,-0.1074,5,-0.1132,False,False,False,False,measured
55079101700,Milwaukee County,"Milwaukee-Waukesha, WI",metro,1479,False,-0.242,74352,2.576,5.796,111.0,-0.0779,-0.042,-0.2006,0.086,0.121,5,-0.1135,False,False,False,True,measured
17031807900,Cook County,"Chicago-Naperville-Elgin, IL-IN",metro,1326,False,-1.141,109866,3.233,7.205,88.0,-0.1532,0.0993,-0.1116,0.02,0.032,5,-0.1135,False,False,False,True,measured
55107960300,Rusk County,,rural,1015,False,-0.888,57443,5.694,9.255,75.0,-0.132,-0.1092,0.222,-0.076,-0.0183,5,-0.1136,False,False,False,False,measured
55079035100,Milwaukee County,"Milwaukee-Waukesha, WI",metro,729,False,-3.074,220250,2.576,10.078,74.0,-0.3148,0.5384,-0.2006,-0.1145,-0.0222,5,-0.1138,False,False,False,True,measured
55087010501,Outagamie County,"Appleton, WI",metro,966,True,1.116,57955,3.366,6.146,75.0,0.0356,-0.1072,-0.0936,0.0696,-0.0183,5,-0.1139,True,False,False,False,measured
17031380600,Cook County,"Chicago-Naperville-Elgin, IL-IN",metro,2136,True,2.817,49134,3.233,4.332,30.0,0.1779,-0.1423,-0.1116,0.1546,-0.1926,5,-0.1139,False,False,False,True,measured
17031691400,Cook County,"Chicago-Naperville-Elgin, IL-IN",metro,1407,True,1.269,31830,3.233,2.577,60.0,0.0485,-0.2111,-0.1116,0.2367,-0.0764,5,-0.1139,False,False,False,True,measured
17031170500,Cook County,"Chicago-Naperville-Elgin, IL-IN",metro,2018,False,0.159,85250,3.233,7.365,87.0,-0.0444,0.0014,-0.1116,0.0125,0.0281,5,-0.114,False,False,False,True,measured
55079019100,Milwaukee County,"Milwaukee-Waukesha, WI",metro,1651,False,1.705,64489,2.576,5.389,74.0,0.0849,-0.0812,-0.2006,0.1051,-0.0222,5,-0.1141,False,False,False,True,measured
17043843500,DuPage County,"Chicago-Naperville-Elgin, IL-IN",metro,2053,False,-2.275,116056,3.131,9.639,139.0,-0.248,0.1239,-0.1254,-0.094,0.2294,5,-0.1142,False,False,False,False,measured
17031805201,Cook County,"Chicago-Naperville-Elgin, IL-IN",metro,1273,False,0.987,125321,3.233,10.187,62.0,0.0248,0.1608,-0.1116,-0.1197,-0.0687,5,-0.1143,False,False,False,True,measured
17197881604,Will County,"Chicago-Naperville-Elgin, IL-IN",metro,1231,True,1.522,80871,4.616,8.654,29.0,0.0696,-0.0161,0.0758,-0.0479,-0.1964,5,-0.1149,False,False,False,False,measured
17031828702,Cook County,"Chicago-Naperville-Elgin, IL-IN",metro,1522,True,-1.506,90263,3.233,4.092,78.0,-0.1837,0.0213,-0.1116,0.1658,-0.0067,5,-0.1149,False,False,False,True,measured
17099963400,LaSalle County,"Ottawa, IL",micro,1670,False,-0.738,73681,6.809,13.252,64.0,-0.1194,-0.0447,0.3731,-0.2632,-0.0609,5,-0.1151,False,False,False,False,measured
55139003400,Winnebago County,"Oshkosh-Neenah, WI",metro,1819,True,-0.101,61913,1.083,3.436,144.0,-0.0662,-0.0915,-0.4029,0.1965,0.2488,5,-0.1152,False,False,False,False,measured
17031230700,Cook County,"Chicago-Naperville-Elgin, IL-IN",metro,1978,True,2.122,36820,3.233,4.059,54.0,0.1198,-0.1913,-0.1116,0.1674,-0.0996,5,-0.1153,False,False,False,True,measured
55073000800,Marathon County,"Wausau, WI",metro,1332,False,-0.828,72083,6.882,15.911,97.0,-0.127,-0.051,0.383,-0.3877,0.0668,5,-0.1159,False,False,False,False,measured
17021958700,Christian County,"Taylorville, IL",micro,1739,False,4.962,62332,3.227,11.213,53.0,0.3574,-0.0898,-0.1124,-0.1677,-0.1035,5,-0.1161,False,False,False,False,measured
17203030400,Woodford County,"Peoria, IL",metro,2071,False,-1.336,127987,4.202,14.486,127.0,-0.1695,0.1714,0.0198,-0.321,0.183,5,-0.1163,False,False,False,False,measured
17043841113,DuPage County,"Chicago-Naperville-Elgin, IL-IN",metro,1351,False,1.356,94353,3.131,7.718,59.0,0.0557,0.0376,-0.1254,-0.004,-0.0803,5,-0.1164,False,False,False,False,measured
17031210700,Cook County,"Chicago-Naperville-Elgin, IL-IN",metro,1569,False,0.257,89196,3.233,5.371,56.0,-0.0362,0.0171,-0.1116,0.1059,-0.0919,5,-0.1167,False,False,False,True,measured
17097863903,Lake County,"Chicago-Naperville-Elgin, IL-IN",metro,1565,False,-0.263,138447,2.585,11.054,108.0,-0.0797,0.213,-0.1993,-0.1602,0.1094,5,-0.1169,False,False,False,True,measured
55123960400,Vernon County,"La Crosse-Onalaska, WI-MN",metro,2319,True,0.069,68549,5.682,12.937,87.0,-0.052,-0.0651,0.2204,-0.2484,0.0281,5,-0.117,False,False,False,False,measured
55079186500,Milwaukee County,"Milwaukee-Waukesha, WI",metro,1166,True,4.556,52031,2.576,5.352,24.0,0.3234,-0.1308,-0.2006,0.1068,-0.2158,5,-0.117,False,True,False,True,measured
17199020100,Williamson County,"Marion-Herrin, IL",micro,1455,True,0.124,52773,7.567,13.183,39.0,-0.0473,-0.1278,0.4758,-0.2599,-0.1577,5,-0.117,False,False,False,False,measured
55027961000,Dodge County,"Beaver Dam, WI",micro,2060,False,1.992,62083,2.624,9.451,117.0,0.1089,-0.0908,-0.1941,-0.0852,0.1442,5,-0.117,False,False,False,False,measured
17031829301,Cook County,"Chicago-Naperville-Elgin, IL-IN",metro,1425,False,0.198,98777,3.233,8.568,86.0,-0.0412,0.0552,-0.1116,-0.0438,0.0242,5,-0.1171,False,False,False,True,measured
17031842100,Cook County,"Chicago-Naperville-Elgin, IL-IN",metro,2190,True,0.128,63304,3.233,3.533,63.0,-0.047,-0.0859,-0.1116,0.192,-0.0648,5,-0.1173,False,False,False,True,measured
55039041800,Fond du Lac County,"Fond du Lac, WI",metro,1835,False,-1.789,83533,5.907,16.349,145.0,-0.2074,-0.0055,0.2508,-0.4082,0.2526,5,-0.1176,False,False,False,False,measured
17097860907,Lake County,"Chicago-Naperville-Elgin, IL-IN",metro,1325,False,-0.063,98977,2.585,7.085,96.0,-0.0629,0.056,-0.1993,0.0256,0.0629,5,-0.1177,True,False,False,True,measured
17031271400,Cook County,"Chicago-Naperville-Elgin, IL-IN",metro,610,True,4.436,41591,3.233,4.941,9.0,0.3133,-0.1723,-0.1116,0.126,-0.2739,5,-0.1184,False,False,False,True,measured
17031050100,Cook County,"Chicago-Naperville-Elgin, IL-IN",metro,1117,False,-0.319,116438,3.233,5.205,38.0,-0.0844,0.1254,-0.1116,0.1137,-0.1616,5,-0.1185,False,False,False,True,measured
17031840000,Cook County,"Chicago-Naperville-Elgin, IL-IN",metro,1019,False,1.628,99013,3.233,6.626,31.0,0.0784,0.0561,-0.1116,0.0471,-0.1887,5,-0.1186,False,False,False,True,measured
17031491300,Cook County,"Chicago-Naperville-Elgin, IL-IN",metro,691,True,2.424,37745,3.233,3.344,37.0,0.1451,-0.1876,-0.1116,0.2008,-0.1655,5,-0.1187,False,False,False,True,measured
55079005500,Milwaukee County,"Milwaukee-Waukesha, WI",metro,1316,False,-1.626,90000,2.576,6.256,129.0,-0.1937,0.0203,-0.2006,0.0644,0.1907,5,-0.1189,False,False,False,True,measured
55079016100,Milwaukee County,"Milwaukee-Waukesha, WI",metro,1142,True,3.775,53600,2.576,6.035,47.0,0.2581,-0.1245,-0.2006,0.0748,-0.1267,5,-0.119,False,False,False,True,measured
17031061902,Cook County,"Chicago-Naperville-Elgin, IL-IN",metro,2962,False,0.758,95705,3.233,6.206,48.0,0.0057,0.043,-0.1116,0.0668,-0.1229,5,-0.119,False,False,False,True,measured
17043841108,DuPage County,"Chicago-Naperville-Elgin, IL-IN",metro,1447,False,-0.284,96932,3.131,7.459,88.0,-0.0815,0.0478,-0.1254,0.0081,0.032,5,-0.119,True,False,False,False,measured
17143004400,Peoria County,"Peoria, IL",metro,1897,True,-1.613,57909,4.713,7.095,97.0,-0.1926,-0.1074,0.089,0.0252,0.0668,5,-0.1191,False,False,False,False,measured
55071010100,Manitowoc County,"Manitowoc, WI",micro,1943,False,0.929,73375,-0.096,3.503,151.0,0.02,-0.0459,-0.5627,0.1934,0.2759,5,-0.1193,False,False,False,False,measured
17097861507,Lake County,"Chicago-Naperville-Elgin, IL-IN",metro,991,False,-0.244,109821,2.585,4.841,61.0,-0.0781,0.0991,-0.1993,0.1307,-0.0725,5,-0.1202,False,False,False,True,measured
17031842800,Cook County,"Chicago-Naperville-Elgin, IL-IN",metro,2280,True,2.676,67875,3.233,5.565,27.0,0.1661,-0.0677,-0.1116,0.0968,-0.2042,5,-0.1206,False,False,False,True,measured
17031170700,Cook County,"Chicago-Naperville-Elgin, IL-IN",metro,1166,False,0.594,90611,3.233,5.848,52.0,-0.0081,0.0227,-0.1116,0.0836,-0.1074,5,-0.1208,False,False,False,True,measured
55025012100,Dane County,"Madison, WI",metro,921,False,-3.933,108242,2.659,0.0,81.0,-0.3867,0.0928,-0.1893,0.3574,0.0049,5,-0.1209,False,False,False,False,measured
17031760802,Cook County,"Chicago-Naperville-Elgin, IL-IN",metro,1180,False,1.176,92069,3.233,7.429,57.0,0.0407,0.0285,-0.1116,0.0095,-0.088,5,-0.1209,False,False,False,True,measured
55079019400,Milwaukee County,"Milwaukee-Waukesha, WI",metro,1902,True,1.672,66346,2.576,5.971,78.0,0.0821,-0.0738,-0.2006,0.0778,-0.0067,5,-0.1212,False,False,False,True,measured
17031390500,Cook County,"Chicago-Naperville-Elgin, IL-IN",metro,835,True,0.685,83938,3.233,2.891,21.0,-0.0005,-0.0039,-0.1116,0.2221,-0.2274,5,-0.1212,False,False,False,True,measured
17197880427,Will County,"Chicago-Naperville-Elgin, IL-IN",metro,985,False,-0.315,88533,4.616,9.302,67.0,-0.084,0.0144,0.0758,-0.0782,-0.0493,5,-0.1213,True,False,False,False,measured
17031242300,Cook County,"Chicago-Naperville-Elgin, IL-IN",metro,1646,False,-0.109,116094,3.233,8.508,73.0,-0.0668,0.1241,-0.1116,-0.041,-0.0261,5,-0.1215,False,False,False,True,measured
17043846604,DuPage County,"Chicago-Naperville-Elgin, IL-IN",metro,1364,False,0.452,94853,3.131,6.341,60.0,-0.0199,0.0396,-0.1254,0.0605,-0.0764,5,-0.1217,False,False,False,False,measured
17097864412,Lake County,"Chicago-Naperville-Elgin, IL-IN",metro,1300,False,-1.829,162143,2.585,9.88,102.0,-0.2107,0.3072,-0.1993,-0.1053,0.0862,5,-0.1219,True,False,False,True,measured
55035001401,Eau Claire County,"Eau Claire, WI",metro,1595,False,1.199,76354,1.628,4.16,89.0,0.0426,-0.034,-0.3291,0.1626,0.0359,5,-0.1221,True,False,False,False,measured
17197882602,Will County,"Chicago-Naperville-Elgin, IL-IN",metro,891,True,0.294,64043,4.616,5.524,33.0,-0.0331,-0.083,0.0758,0.0987,-0.1809,5,-0.1224,False,False,False,False,measured
17099962500,LaSalle County,"Ottawa, IL",micro,751,False,-3.404,75982,6.809,7.357,46.0,-0.3425,-0.0355,0.3731,0.0129,-0.1306,5,-0.1226,False,False,False,False,measured
17031640700,Cook County,"Chicago-Naperville-Elgin, IL-IN",metro,1063,True,0.909,77691,3.233,5.445,53.0,0.0183,-0.0287,-0.1116,0.1024,-0.1035,5,-0.1231,False,False,False,True,measured
17031802002,Cook County,"Chicago-Naperville-Elgin, IL-IN",metro,1580,False,-1.122,133152,3.233,10.748,104.0,-0.1515,0.1919,-0.1116,-0.1459,0.0939,5,-0.1232,False,False,False,True,measured
17099963000,LaSalle County,"Ottawa, IL",micro,2141,False,0.097,59949,6.809,13.586,62.0,-0.0496,-0.0993,0.3731,-0.2789,-0.0687,5,-0.1233,False,False,False,False,measured
17097861404,Lake County,"Chicago-Naperville-Elgin, IL-IN",metro,1910,True,-0.414,76667,2.585,5.594,107.0,-0.0923,-0.0328,-0.1993,0.0955,0.1055,5,-0.1234,False,False,False,True,measured
55079100500,Milwaukee County,"Milwaukee-Waukesha, WI",metro,1783,False,1.661,66851,2.576,7.121,91.0,0.0813,-0.0718,-0.2006,0.0239,0.0436,5,-0.1236,False,False,False,True,measured
17197881005,Will County,"Chicago-Naperville-Elgin, IL-IN",metro,1134,False,-1.74,114330,4.616,10.571,86.0,-0.2032,0.117,0.0758,-0.1376,0.0242,5,-0.1237,False,False,False,False,measured
17031804509,Cook County,"Chicago-Naperville-Elgin, IL-IN",metro,1597,False,-0.075,86881,3.233,6.797,81.0,-0.064,0.0079,-0.1116,0.0391,0.0049,5,-0.1237,False,False,False,True,measured
17119401101,Madison County,"St. Louis, MO-IL",metro,1105,True,0.257,52566,3.735,3.888,56.0,-0.0362,-0.1286,-0.0435,0.1753,-0.0919,5,-0.1249,True,False,False,False,measured
17031835100,Cook County,"Chicago-Naperville-Elgin, IL-IN",metro,1437,True,2.341,59174,3.233,3.911,22.0,0.1381,-0.1024,-0.1116,0.1743,-0.2235,5,-0.1251,False,False,False,True,measured
17031801608,Cook County,"Chicago-Naperville-Elgin, IL-IN",metro,2584,False,-2.595,145417,3.233,11.762,135.0,-0.2747,0.2407,-0.1116,-0.1934,0.2139,5,-0.1251,False,False,False,True,measured
55079019800,Milwaukee County,"Milwaukee-Waukesha, WI",metro,2081,False,-1.4,60236,2.576,5.587,145.0,-0.1748,-0.0981,-0.2006,0.0958,0.2526,5,-0.1252,False,False,False,True,measured
17141961001,Ogle County,"Rochelle, IL",micro,1195,False,0.225,80250,3.917,7.129,61.0,-0.0389,-0.0185,-0.0189,0.0236,-0.0725,5,-0.1253,True,False,False,False,measured
17031230600,Cook County,"Chicago-Naperville-Elgin, IL-IN",metro,2170,True,1.533,59351,3.233,3.975,40.0,0.0705,-0.1017,-0.1116,0.1713,-0.1538,5,-0.1253,False,False,False,True,measured
17031836700,Cook County,"Chicago-Naperville-Elgin, IL-IN",metro,1042,True,2.566,78081,3.233,6.011,23.0,0.157,-0.0272,-0.1116,0.0759,-0.2197,5,-0.1255,False,False,False,True,measured
17197880416,Will County,"Chicago-Naperville-Elgin, IL-IN",metro,930,False,-2.062,110714,4.616,9.066,78.0,-0.2302,0.1027,0.0758,-0.0672,-0.0067,5,-0.1256,False,False,False,False,measured
17043843302,DuPage County,"Chicago-Naperville-Elgin, IL-IN",metro,1159,False,0.831,117339,3.131,9.343,64.0,0.0118,0.129,-0.1254,-0.0801,-0.0609,5,-0.1256,False,False,False,False,measured
17167000100,Sangamon County,"Springfield, IL",metro,1699,False,-2.05,59112,7.206,10.145,53.0,-0.2292,-0.1026,0.4269,-0.1177,-0.1035,5,-0.1261,True,False,False,False,measured
17031750600,Cook County,"Chicago-Naperville-Elgin, IL-IN",metro,1310,True,0.846,45682,3.233,4.005,69.0,0.013,-0.156,-0.1116,0.1699,-0.0416,5,-0.1263,False,False,False,True,measured
17043841204,DuPage County,"Chicago-Naperville-Elgin, IL-IN",metro,1712,False,-1.613,110164,3.131,6.949,95.0,-0.1926,0.1005,-0.1254,0.032,0.0591,5,-0.1265,False,False,False,False,measured
17031530600,Cook County,"Chicago-Naperville-Elgin, IL-IN",metro,934,True,-0.255,66974,3.233,2.283,50.0,-0.079,-0.0713,-0.1116,0.2505,-0.1151,5,-0.1265,False,False,False,True,measured
55117010502,Sheboygan County,"Sheboygan, WI",metro,1686,False,-0.346,61818,5.146,9.292,75.0,-0.0866,-0.0918,0.1477,-0.0777,-0.0183,5,-0.1268,False,False,False,False,measured
17043846103,DuPage County,"Chicago-Naperville-Elgin, IL-IN",metro,1764,False,-1.338,135000,3.131,9.971,100.0,-0.1696,0.1993,-0.1254,-0.1095,0.0784,5,-0.1269,False,False,False,False,measured
17031809200,Cook County,"Chicago-Naperville-Elgin, IL-IN",metro,1675,True,2.941,53579,3.233,7.279,55.0,0.1883,-0.1246,-0.1116,0.0165,-0.0958,5,-0.1271,False,False,False,True,measured
17161021200,Rock Island County,"Davenport-Moline-Rock Island, IA-IL",metro,1914,False,-2.578,87717,5.221,8.39,83.0,-0.2734,0.0112,0.1578,-0.0355,0.0126,5,-0.1272,False,False,False,False,measured
17031650301,Cook County,"Chicago-Naperville-Elgin, IL-IN",metro,1641,True,1.49,54770,3.233,5.124,59.0,0.067,-0.1199,-0.1116,0.1175,-0.0803,5,-0.1273,False,False,False,True,measured
17031251300,Cook County,"Chicago-Naperville-Elgin, IL-IN",metro,1544,True,1.934,43138,3.233,3.852,46.0,0.104,-0.1661,-0.1116,0.177,-0.1306,5,-0.1273,False,False,False,True,measured
17097861403,Lake County,"Chicago-Naperville-Elgin, IL-IN",metro,838,True,2.323,75606,2.585,4.447,34.0,0.1366,-0.037,-0.1993,0.1492,-0.1771,5,-0.1276,False,False,False,True,measured
17089850302,Kane County,"Chicago-Naperville-Elgin, IL-IN",metro,1544,True,-0.608,63313,5.101,7.514,59.0,-0.1086,-0.0859,0.1416,0.0055,-0.0803,5,-0.1276,False,False,False,False,measured
17201003709,Winnebago County,"Rockford, IL",metro,750,True,1.835,42813,5.151,7.479,25.0,0.0958,-0.1674,0.1484,0.0072,-0.2119,5,-0.128,True,False,False,False,measured
17031491100,Cook County,"Chicago-Naperville-Elgin, IL-IN",metro,1360,True,-0.407,79444,3.233,4.598,68.0,-0.0917,-0.0217,-0.1116,0.1421,-0.0454,5,-0.1284,False,False,False,True,measured
17019005602,Champaign County,"Champaign-Urbana, IL",metro,1328,False,0.0,66667,3.725,4.345,52.0,-0.0577,-0.0726,-0.0448,0.154,-0.1074,5,-0.1285,True,False,False,False,measured
17019000301,Champaign County,"Champaign-Urbana, IL",metro,2974,True,7.868,6482,3.725,9.568,7.0,0.6004,-0.312,-0.0448,-0.0907,-0.2816,5,-0.1286,False,False,False,False,measured
17135957900,Montgomery County,,rural,2072,False,0.396,51061,6.022,10.46,53.0,-0.0246,-0.1346,0.2665,-0.1324,-0.1035,5,-0.1287,False,False,False,False,measured
55027960600,Dodge County,"Beaver Dam, WI",micro,1537,False,0.072,84963,2.624,8.799,124.0,-0.0517,0.0002,-0.1941,-0.0546,0.1713,5,-0.1288,False,False,False,False,measured
17175951500,Stark County,"Peoria, IL",metro,1044,False,-0.621,70132,5.867,9.579,50.0,-0.1096,-0.0588,0.2455,-0.0911,-0.1151,5,-0.1292,False,False,False,False,measured
17031070101,Cook County,"Chicago-Naperville-Elgin, IL-IN",metro,2645,False,1.005,83614,3.233,8.167,76.0,0.0264,-0.0051,-0.1116,-0.025,-0.0145,5,-0.1299,False,False,False,True,measured
17037000401,DeKalb County,"Chicago-Naperville-Elgin, IL-IN",metro,1761,False,1.416,101287,2.663,9.662,87.0,0.0607,0.0652,-0.1889,-0.0951,0.0281,5,-0.1299,True,False,False,False,measured
17031730202,Cook County,"Chicago-Naperville-Elgin, IL-IN",metro,1004,False,-0.664,79824,3.233,3.709,62.0,-0.1132,-0.0202,-0.1116,0.1837,-0.0687,5,-0.13,False,False,False,True,measured
17097861013,Lake County,"Chicago-Naperville-Elgin, IL-IN",metro,1251,False,0.242,108565,2.585,6.476,69.0,-0.0375,0.0941,-0.1993,0.0541,-0.0416,5,-0.1302,False,False,False,True,measured
17145030300,Perry County,,rural,795,False,-1.832,67337,7.989,10.614,17.0,-0.211,-0.0699,0.5331,-0.1396,-0.2429,5,-0.1303,False,False,False,False,measured
17031630800,Cook County,"Chicago-Naperville-Elgin, IL-IN",metro,1825,True,1.263,75699,3.233,4.161,30.0,0.0479,-0.0366,-0.1116,0.1626,-0.1926,5,-0.1303,False,False,False,True,measured
17031811500,Cook County,"Chicago-Naperville-Elgin, IL-IN",metro,1971,False,-0.259,81067,3.233,7.852,102.0,-0.0794,-0.0153,-0.1116,-0.0103,0.0862,5,-0.1303,False,False,False,True,measured
17183001300,Vermilion County,"Danville, IL",micro,1729,False,0.481,95388,3.315,8.977,82.0,-0.0175,0.0417,-0.1005,-0.063,0.0088,5,-0.1305,False,False,False,False,measured
55089650102,Ozaukee County,"Milwaukee-Waukesha, WI",metro,1297,False,1.533,85487,2.924,7.729,68.0,0.0705,0.0023,-0.1535,-0.0045,-0.0454,5,-0.1306,False,False,False,False,measured
17031660301,Cook County,"Chicago-Naperville-Elgin, IL-IN",metro,656,True,4.24,26538,3.233,3.822,12.0,0.297,-0.2322,-0.1116,0.1785,-0.2622,5,-0.1306,False,False,False,True,measured
55095961100,Polk County,,rural,1560,False,-0.191,81029,2.692,7.984,121.0,-0.0737,-0.0154,-0.1848,-0.0165,0.1597,5,-0.1307,False,False,False,False,measured
17143003300,Peoria County,"Peoria, IL",metro,1294,False,0.145,120000,4.713,13.195,66.0,-0.0456,0.1396,0.089,-0.2605,-0.0532,5,-0.1307,False,False,False,False,measured
17185957500,Wabash County,,rural,1230,False,3.568,49250,5.402,11.412,19.0,0.2408,-0.1418,0.1824,-0.177,-0.2351,5,-0.1308,False,False,False,False,measured
17029001200,Coles County,"Charleston-Mattoon, IL",micro,1400,False,-1.172,54818,7.504,12.477,55.0,-0.1557,-0.1197,0.4673,-0.2269,-0.0958,5,-0.1308,False,False,False,False,measured
17043841102,DuPage County,"Chicago-Naperville-Elgin, IL-IN",metro,2156,False,-1.595,94141,3.131,8.035,123.0,-0.1911,0.0367,-0.1254,-0.0189,0.1675,5,-0.1312,False,False,False,False,measured
55095960500,Polk County,,rural,1232,False,1.244,76081,2.692,8.159,97.0,0.0463,-0.0351,-0.1848,-0.0247,0.0668,5,-0.1314,False,False,False,False,measured
17031210502,Cook County,"Chicago-Naperville-Elgin, IL-IN",metro,1509,True,0.552,78881,3.233,4.674,48.0,-0.0115,-0.024,-0.1116,0.1385,-0.1229,5,-0.1314,False,False,False,True,measured
55025010400,Dane County,"Madison, WI",metro,1518,False,-1.377,86981,2.659,3.731,90.0,-0.1729,0.0083,-0.1893,0.1827,0.0397,5,-0.1315,False,False,False,False,measured
55079130100,Milwaukee County,"Milwaukee-Waukesha, WI",metro,1963,False,0.037,84961,2.576,6.507,98.0,-0.0546,0.0002,-0.2006,0.0527,0.0707,5,-0.1316,False,False,False,True,measured
55135100700,Waupaca County,,rural,1524,False,2.168,70750,1.882,7.544,103.0,0.1237,-0.0563,-0.2947,0.0041,0.09,5,-0.1332,False,False,False,False,measured
17031750100,Cook County,"Chicago-Naperville-Elgin, IL-IN",metro,1463,False,0.684,54443,3.233,4.198,64.0,-0.0005,-0.1212,-0.1116,0.1609,-0.0609,5,-0.1333,False,False,False,True,measured
17049950200,Effingham County,"Effingham, IL",micro,1890,False,-0.21,98306,7.033,16.914,59.0,-0.0753,0.0533,0.4035,-0.4347,-0.0803,5,-0.1335,False,False,False,False,measured
17031160602,Cook County,"Chicago-Naperville-Elgin, IL-IN",metro,1570,True,-1.163,99531,3.233,5.148,69.0,-0.155,0.0582,-0.1116,0.1164,-0.0416,5,-0.1336,True,False,False,True,measured
55089610101,Ozaukee County,"Milwaukee-Waukesha, WI",metro,1655,False,-0.57,91518,2.924,6.042,86.0,-0.1054,0.0263,-0.1535,0.0745,0.0242,5,-0.1339,False,False,False,False,measured
55027961600,Dodge County,"Beaver Dam, WI",micro,1662,False,-0.695,86250,2.624,5.83,102.0,-0.1159,0.0053,-0.1941,0.0844,0.0862,5,-0.134,False,False,False,False,measured
55005000601,Barron County,"Rice Lake, WI",micro,1132,False,-0.256,52000,6.002,10.344,64.0,-0.0791,-0.1309,0.2637,-0.127,-0.0609,5,-0.1342,True,False,False,False,measured
55117011301,Sheboygan County,"Sheboygan, WI",metro,1825,False,1.06,85298,5.146,16.438,105.0,0.0309,0.0016,0.1477,-0.4124,0.0978,5,-0.1344,True,False,False,False,measured
17031824601,Cook County,"Chicago-Naperville-Elgin, IL-IN",metro,1661,False,-0.65,84519,3.233,8.118,109.0,-0.112,-0.0015,-0.1116,-0.0227,0.1133,5,-0.1346,False,False,False,True,measured
17031243100,Cook County,"Chicago-Naperville-Elgin, IL-IN",metro,912,False,0.044,125000,3.233,8.085,52.0,-0.054,0.1595,-0.1116,-0.0212,-0.1074,5,-0.1347,False,False,False,True,measured
17119400903,Madison County,"St. Louis, MO-IL",metro,1967,True,-0.819,54350,3.735,5.813,98.0,-0.1262,-0.1215,-0.0435,0.0852,0.0707,5,-0.1353,False,False,False,False,measured
17155954600,Putnam County,"Ottawa, IL",micro,1240,False,0.591,82625,4.742,11.251,69.0,-0.0083,-0.0091,0.093,-0.1695,-0.0416,5,-0.1354,False,False,False,False,measured
17031310800,Cook County,"Chicago-Naperville-Elgin, IL-IN",metro,1824,True,4.581,69435,3.233,9.501,28.0,0.3255,-0.0615,-0.1116,-0.0875,-0.2003,5,-0.1354,False,False,False,True,measured
55079014400,Milwaukee County,"Milwaukee-Waukesha, WI",metro,1628,False,2.47,73365,2.576,4.909,37.0,0.1489,-0.0459,-0.2006,0.1276,-0.1655,5,-0.1355,False,False,False,True,measured
17031838700,Cook County,"Chicago-Naperville-Elgin, IL-IN",metro,1701,True,2.85,34742,3.233,4.127,36.0,0.1807,-0.1995,-0.1116,0.1642,-0.1693,5,-0.1355,False,False,False,True,measured
17031842000,Cook County,"Chicago-Naperville-Elgin, IL-IN",metro,388,False,1.397,136667,3.233,8.792,19.0,0.0591,0.2059,-0.1116,-0.0543,-0.2351,5,-0.136,False,False,False,True,measured
17029001100,Coles County,"Charleston-Mattoon, IL",micro,1619,True,0.732,51558,7.504,13.731,31.0,0.0035,-0.1327,0.4673,-0.2856,-0.1887,5,-0.1361,False,False,False,False,measured
17105960300,Livingston County,"Pontiac, IL",micro,1431,False,1.293,73429,4.182,7.557,38.0,0.0504,-0.0457,0.0171,0.0035,-0.1616,5,-0.1362,False,False,False,False,measured
55025000600,Dane County,"Madison, WI",metro,2291,True,0.353,66474,2.659,4.768,85.0,-0.0282,-0.0733,-0.1893,0.1342,0.0204,5,-0.1363,False,False,False,False,measured
17031809300,Cook County,"Chicago-Naperville-Elgin, IL-IN",metro,2063,False,3.123,46458,3.233,6.702,49.0,0.2035,-0.1529,-0.1116,0.0436,-0.119,5,-0.1364,False,False,False,True,measured
17085020401,Jo Daviess County,,rural,1056,False,0.686,108056,5.248,17.547,99.0,-0.0003,0.0921,0.1616,-0.4644,0.0746,5,-0.1364,False,False,False,False,measured
17197882400,Will County,"Chicago-Naperville-Elgin, IL-IN",metro,1259,True,-1.563,68980,4.616,3.588,41.0,-0.1885,-0.0634,0.0758,0.1894,-0.15,5,-0.1365,True,False,False,False,measured
17031825600,Cook County,"Chicago-Naperville-Elgin, IL-IN",metro,1628,True,-0.365,58919,3.233,6.906,114.0,-0.0882,-0.1034,-0.1116,0.034,0.1326,5,-0.1365,False,False,False,True,measured
17031490500,Cook County,"Chicago-Naperville-Elgin, IL-IN",metro,725,True,0.108,87917,3.233,3.434,32.0,-0.0487,0.012,-0.1116,0.1966,-0.1848,5,-0.1365,False,False,False,True,measured
17061974000,Greene County,,rural,1358,False,0.669,60833,6.244,12.342,50.0,-0.0017,-0.0958,0.2965,-0.2206,-0.1151,5,-0.1367,False,False,False,False,measured
17201003604,Winnebago County,"Rockford, IL",metro,1159,True,-1.374,53914,5.151,5.195,53.0,-0.1726,-0.1233,0.1484,0.1142,-0.1035,5,-0.1368,False,False,False,False,measured
55025002302,Dane County,"Madison, WI",metro,675,False,-0.352,97868,2.659,1.889,33.0,-0.0871,0.0516,-0.1893,0.269,-0.1809,5,-0.1368,False,False,False,False,measured
17029000500,Coles County,"Charleston-Mattoon, IL",micro,2520,True,-2.5,41176,7.504,10.565,73.0,-0.2668,-0.174,0.4673,-0.1373,-0.0261,5,-0.1369,False,False,False,False,measured
17157950800,Randolph County,,rural,2027,False,1.517,76611,5.557,14.29,63.0,0.0692,-0.033,0.2034,-0.3118,-0.0648,5,-0.1371,False,False,False,False,measured
17049950300,Effingham County,"Effingham, IL",micro,1595,False,-1.95,75016,7.033,12.484,66.0,-0.2208,-0.0393,0.4035,-0.2272,-0.0532,5,-0.1371,False,False,False,False,measured
17031830100,Cook County,"Chicago-Naperville-Elgin, IL-IN",metro,969,False,-1.853,103527,3.233,5.899,88.0,-0.2127,0.0741,-0.1116,0.0812,0.032,5,-0.1371,False,False,False,True,measured
55079009200,Milwaukee County,"Milwaukee-Waukesha, WI",metro,708,True,2.591,60593,2.576,3.83,34.0,0.159,-0.0967,-0.2006,0.1781,-0.1771,5,-0.1373,False,False,False,True,measured
17111870603,McHenry County,"Chicago-Naperville-Elgin, IL-IN",metro,1732,True,-1.008,76477,4.254,12.954,147.0,-0.1421,-0.0335,0.0269,-0.2493,0.2604,5,-0.1376,False,False,False,False,measured
17031280900,Cook County,"Chicago-Naperville-Elgin, IL-IN",metro,464,True,5.922,46471,3.233,9.413,21.0,0.4377,-0.1529,-0.1116,-0.0834,-0.2274,5,-0.1376,False,False,False,True,measured
17049950700,Effingham County,"Effingham, IL",micro,1656,False,1.807,61250,7.033,16.221,44.0,0.0934,-0.0941,0.4035,-0.4022,-0.1384,5,-0.1378,False,False,False,False,measured
17031530400,Cook County,"Chicago-Naperville-Elgin, IL-IN",metro,782,False,1.083,63750,3.233,3.484,36.0,0.0329,-0.0842,-0.1116,0.1943,-0.1693,5,-0.1379,False,False,False,True,measured
17031283200,Cook County,"Chicago-Naperville-Elgin, IL-IN",metro,824,False,4.539,66404,3.233,9.225,28.0,0.3219,-0.0736,-0.1116,-0.0746,-0.2003,5,-0.1382,False,False,False,True,measured
17031020302,Cook County,"Chicago-Naperville-Elgin, IL-IN",metro,1807,False,0.921,71250,3.233,5.583,57.0,0.0194,-0.0543,-0.1116,0.096,-0.088,5,-0.1386,False,False,False,True,measured
17031672000,Cook County,"Chicago-Naperville-Elgin, IL-IN",metro,1170,True,1.746,43846,3.233,3.587,43.0,0.0883,-0.1633,-0.1116,0.1895,-0.1422,5,-0.1393,False,False,False,True,measured
17031809402,Cook County,"Chicago-Naperville-Elgin, IL-IN",metro,1536,False,3.971,45208,3.233,5.863,21.0,0.2744,-0.1579,-0.1116,0.0829,-0.2274,5,-0.1396,True,False,False,True,measured
17097860813,Lake County,"Chicago-Naperville-Elgin, IL-IN",metro,1292,False,-0.066,103493,2.585,6.45,78.0,-0.0632,0.0739,-0.1993,0.0554,-0.0067,5,-0.1399,True,False,False,True,measured
55079007900,Milwaukee County,"Milwaukee-Waukesha, WI",metro,1048,True,3.069,65806,2.576,5.513,38.0,0.199,-0.076,-0.2006,0.0992,-0.1616,5,-0.14,False,False,False,True,measured
55079007400,Milwaukee County,"Milwaukee-Waukesha, WI",metro,532,False,1.047,131667,2.576,6.925,31.0,0.0299,0.186,-0.2006,0.0331,-0.1887,5,-0.1403,False,False,False,True,measured
17031230800,Cook County,"Chicago-Naperville-Elgin, IL-IN",metro,386,True,2.691,65648,3.233,4.199,7.0,0.1674,-0.0766,-0.1116,0.1608,-0.2816,5,-0.1416,False,False,False,True,measured
17043846413,DuPage County,"Chicago-Naperville-Elgin, IL-IN",metro,1666,False,2.189,91293,3.131,9.899,64.0,0.1254,0.0254,-0.1254,-0.1062,-0.0609,5,-0.1417,True,False,False,False,measured
17031825801,Cook County,"Chicago-Naperville-Elgin, IL-IN",metro,1561,True,3.147,36981,3.233,5.151,38.0,0.2055,-0.1906,-0.1116,0.1162,-0.1616,5,-0.1421,False,True,False,True,measured
55027961100,Dodge County,"Beaver Dam, WI",micro,1581,False,-0.338,80781,2.624,8.254,127.0,-0.086,-0.0164,-0.1941,-0.0291,0.183,5,-0.1427,False,False,False,False,measured
17177000100,Stephenson County,"Freeport, IL",micro,1821,False,0.423,86178,3.256,9.177,94.0,-0.0224,0.0051,-0.1084,-0.0724,0.0552,5,-0.1428,False,False,False,False,measured
17029000800,Coles County,"Charleston-Mattoon, IL",micro,667,False,-0.37,47994,7.504,9.952,11.0,-0.0887,-0.1468,0.4673,-0.1086,-0.2661,5,-0.143,False,False,False,False,measured
17097865300,Lake County,"Chicago-Naperville-Elgin, IL-IN",metro,1105,False,-1.631,219076,2.585,13.455,77.0,-0.1941,0.5337,-0.1993,-0.2727,-0.0106,5,-0.1431,False,False,False,True,measured
17043846523,DuPage County,"Chicago-Naperville-Elgin, IL-IN",metro,839,False,-2.03,170729,3.131,9.806,72.0,-0.2275,0.3414,-0.1254,-0.1018,-0.03,5,-0.1433,False,False,False,False,measured
17031807400,Cook County,"Chicago-Naperville-Elgin, IL-IN",metro,2313,False,0.961,88558,3.233,8.629,74.0,0.0227,0.0145,-0.1116,-0.0467,-0.0222,5,-0.1433,False,False,False,True,measured
17031110200,Cook County,"Chicago-Naperville-Elgin, IL-IN",metro,1376,False,3.034,76563,3.233,7.188,24.0,0.1961,-0.0332,-0.1116,0.0208,-0.2158,5,-0.1437,False,False,False,True,measured
17031806801,Cook County,"Chicago-Naperville-Elgin, IL-IN",metro,1652,False,3.189,78280,3.233,10.101,54.0,0.2091,-0.0264,-0.1116,-0.1156,-0.0996,5,-0.1441,False,False,False,True,measured
17031821002,Cook County,"Chicago-Naperville-Elgin, IL-IN",metro,1823,True,0.433,73271,3.233,7.321,85.0,-0.0215,-0.0463,-0.1116,0.0146,0.0204,5,-0.1444,False,False,False,True,measured
17031805801,Cook County,"Chicago-Naperville-Elgin, IL-IN",metro,1015,False,0.725,115341,3.233,9.267,59.0,0.0029,0.1211,-0.1116,-0.0766,-0.0803,5,-0.1445,False,False,False,True,measured
55027961400,Dodge County,"Beaver Dam, WI",micro,1590,False,-0.243,98833,2.624,8.015,103.0,-0.078,0.0554,-0.1941,-0.0179,0.09,5,-0.1446,True,False,False,False,measured
17031292200,Cook County,"Chicago-Naperville-Elgin, IL-IN",metro,975,True,2.618,50547,3.233,4.503,27.0,0.1613,-0.1367,-0.1116,0.1465,-0.2042,5,-0.1446,False,False,False,True,measured
17031030102,Cook County,"Chicago-Naperville-Elgin, IL-IN",metro,2028,True,1.701,59826,3.233,4.486,37.0,0.0846,-0.0998,-0.1116,0.1474,-0.1655,5,-0.1449,False,False,False,True,measured
55139000800,Winnebago County,"Oshkosh-Neenah, WI",metro,1526,False,2.527,63382,1.083,5.997,109.0,0.1537,-0.0856,-0.4029,0.0766,0.1133,5,-0.145,False,False,False,False,measured
55079100700,Milwaukee County,"Milwaukee-Waukesha, WI",metro,1213,False,0.77,77764,2.576,7.665,100.0,0.0067,-0.0284,-0.2006,-0.0015,0.0784,5,-0.1454,False,False,False,True,measured
17099962700,LaSalle County,"Ottawa, IL",micro,1097,True,-0.242,55982,6.809,10.388,29.0,-0.0779,-0.1151,0.3731,-0.129,-0.1964,5,-0.1454,False,False,False,False,measured
17167001900,Sangamon County,"Springfield, IL",metro,1488,True,-1.903,52231,7.206,10.156,52.0,-0.2168,-0.13,0.4269,-0.1182,-0.1074,5,-0.1455,False,False,False,False,measured
55027960900,Dodge County,"Beaver Dam, WI",micro,1929,False,1.767,70281,2.624,9.451,106.0,0.0901,-0.0582,-0.1941,-0.0852,0.1017,5,-0.1457,False,False,False,False,measured
17031840300,Cook County,"Chicago-Naperville-Elgin, IL-IN",metro,1304,True,1.592,71205,3.233,6.359,50.0,0.0754,-0.0545,-0.1116,0.0596,-0.1151,5,-0.1462,False,False,False,True,measured
17031250800,Cook County,"Chicago-Naperville-Elgin, IL-IN",metro,840,True,0.805,77414,3.233,3.587,27.0,0.0096,-0.0298,-0.1116,0.1895,-0.2042,5,-0.1465,False,False,False,True,measured
17031803010,Cook County,"Chicago-Naperville-Elgin, IL-IN",metro,1743,False,-2.567,119125,3.233,9.044,123.0,-0.2724,0.1361,-0.1116,-0.0661,0.1675,5,-0.1465,False,False,False,True,measured
17031520300,Cook County,"Chicago-Naperville-Elgin, IL-IN",metro,1957,True,2.214,60639,3.233,5.512,37.0,0.1275,-0.0965,-0.1116,0.0993,-0.1655,5,-0.1467,False,False,False,True,measured
17043842603,DuPage County,"Chicago-Naperville-Elgin, IL-IN",metro,1385,False,1.02,105948,3.131,8.172,52.0,0.0276,0.0837,-0.1254,-0.0253,-0.1074,5,-0.1468,False,False,False,False,measured
55079180300,Milwaukee County,"Milwaukee-Waukesha, WI",metro,1473,True,2.153,58005,2.576,4.356,50.0,0.1223,-0.107,-0.2006,0.1534,-0.1151,5,-0.147,True,False,False,True,measured
17031570500,Cook County,"Chicago-Naperville-Elgin, IL-IN",metro,801,True,2.326,81422,3.233,5.253,10.0,0.1369,-0.0139,-0.1116,0.1114,-0.27,5,-0.1471,False,False,False,True,measured
55131420107,Washington County,"Milwaukee-Waukesha, WI",metro,1486,False,0.691,91786,4.101,12.258,89.0,0.0001,0.0274,0.0061,-0.2166,0.0359,5,-0.1472,True,False,False,False,measured
17143003800,Peoria County,"Peoria, IL",metro,1325,True,2.963,75046,4.713,15.094,70.0,0.1902,-0.0392,0.089,-0.3495,-0.0377,5,-0.1473,False,False,False,False,measured
17097862402,Lake County,"Chicago-Naperville-Elgin, IL-IN",metro,1056,True,2.953,65417,2.585,4.302,24.0,0.1893,-0.0775,-0.1993,0.156,-0.2158,5,-0.1474,False,False,False,True,measured
55079020900,Milwaukee County,"Milwaukee-Waukesha, WI",metro,1111,False,0.163,85885,2.576,4.346,64.0,-0.0441,0.0039,-0.2006,0.1539,-0.0609,5,-0.1478,False,False,False,True,measured
17031430800,Cook County,"Chicago-Naperville-Elgin, IL-IN",metro,796,True,1.83,61750,3.233,3.126,15.0,0.0954,-0.0921,-0.1116,0.2111,-0.2506,5,-0.1479,False,False,False,True,measured
17031829500,Cook County,"Chicago-Naperville-Elgin, IL-IN",metro,1564,True,1.289,58691,3.233,5.455,58.0,0.0501,-0.1043,-0.1116,0.102,-0.0842,5,-0.148,False,False,False,True,measured
17073030600,Henry County,"Davenport-Moline-Rock Island, IA-IL",metro,1386,True,4.556,44052,4.778,13.28,43.0,0.3234,-0.1625,0.0979,-0.2645,-0.1422,5,-0.148,True,False,False,False,measured
17031810301,Cook County,"Chicago-Naperville-Elgin, IL-IN",metro,1455,False,-0.055,96960,3.233,6.306,58.0,-0.0623,0.0479,-0.1116,0.0621,-0.0842,5,-0.148,False,False,False,True,measured
55081950600,Monroe County,"Sparta, WI",micro,1934,True,0.472,47083,3.787,8.337,103.0,-0.0182,-0.1505,-0.0365,-0.033,0.09,5,-0.1481,False,False,False,False,measured
17113001200,McLean County,"Bloomington, IL",metro,1147,False,-1.416,64330,6.799,9.697,37.0,-0.1762,-0.0819,0.3718,-0.0967,-0.1655,5,-0.1484,False,False,False,True,measured
55079018000,Milwaukee County,"Milwaukee-Waukesha, WI",metro,1578,False,1.497,86136,2.576,5.856,53.0,0.0675,0.0049,-0.2006,0.0832,-0.1035,5,-0.1485,False,False,False,True,measured
17055041200,Franklin County,,rural,1525,False,0.847,65856,5.032,9.261,43.0,0.0132,-0.0758,0.1323,-0.0763,-0.1422,5,-0.1488,False,False,False,False,measured
55059002100,Kenosha County,"Kenosha, WI",metro,1755,True,-3.088,69148,4.613,6.01,100.0,-0.316,-0.0627,0.0754,0.076,0.0784,5,-0.1489,False,False,False,False,measured
55131420106,Washington County,"Milwaukee-Waukesha, WI",metro,1339,False,0.317,81648,4.101,10.518,86.0,-0.0312,-0.013,0.0061,-0.1352,0.0242,5,-0.149,False,False,False,False,measured
55009000600,Brown County,"Green Bay, WI",metro,1668,False,-0.297,72500,2.607,8.539,137.0,-0.0826,-0.0494,-0.1964,-0.0424,0.2217,5,-0.149,False,False,False,True,measured
17031431302,Cook County,"Chicago-Naperville-Elgin, IL-IN",metro,1701,True,2.452,32083,3.233,2.979,30.0,0.1474,-0.2101,-0.1116,0.2179,-0.1926,5,-0.149,False,True,False,True,measured
55009001701,Brown County,"Green Bay, WI",metro,1706,True,3.099,39508,2.607,4.198,45.0,0.2015,-0.1806,-0.1964,0.1608,-0.1345,5,-0.1491,False,False,False,True,measured
17031190200,Cook County,"Chicago-Naperville-Elgin, IL-IN",metro,1624,True,0.124,80380,3.233,4.249,46.0,-0.0474,-0.018,-0.1116,0.1585,-0.1306,5,-0.1491,False,False,False,True,measured
55105001000,Rock County,"Janesville-Beloit, WI",metro,1429,True,0.541,49801,3.865,6.296,71.0,-0.0125,-0.1396,-0.0259,0.0626,-0.0338,5,-0.1493,False,False,False,False,measured
55079100200,Milwaukee County,"Milwaukee-Waukesha, WI",metro,2037,True,1.3,67792,2.576,5.451,71.0,0.051,-0.0681,-0.2006,0.1022,-0.0338,5,-0.1493,False,False,False,True,measured
55089630100,Ozaukee County,"Milwaukee-Waukesha, WI",metro,1396,False,1.283,84821,2.924,6.716,57.0,0.0496,-0.0003,-0.1535,0.0429,-0.088,5,-0.1494,False,False,False,False,measured
17031420200,Cook County,"Chicago-Naperville-Elgin, IL-IN",metro,696,True,2.373,44375,3.233,2.404,12.0,0.1408,-0.1612,-0.1116,0.2448,-0.2622,5,-0.1495,False,False,False,True,measured
55027960500,Dodge County,"Beaver Dam, WI",micro,1509,False,4.644,84740,2.624,12.852,69.0,0.3307,-0.0007,-0.1941,-0.2444,-0.0416,5,-0.1501,False,False,False,False,measured
17067954100,Hancock County,,rural,1390,False,1.919,62742,5.518,12.589,46.0,0.1028,-0.0882,0.1981,-0.2322,-0.1306,5,-0.1501,False,False,False,False,measured
55013970900,Burnett County,,rural,1200,False,-1.329,57727,8.543,16.114,58.0,-0.1689,-0.1081,0.6082,-0.3972,-0.0842,5,-0.1502,False,False,False,False,measured
55003950700,Ashland County,,rural,1032,False,1.352,61250,5.723,11.965,45.0,0.0554,-0.0941,0.2259,-0.2029,-0.1345,5,-0.1502,False,False,False,False,measured
17031290900,Cook County,"Chicago-Naperville-Elgin, IL-IN",metro,1286,True,0.715,57753,3.233,3.985,53.0,0.0021,-0.108,-0.1116,0.1708,-0.1035,5,-0.1502,False,False,False,True,measured
17031805302,Cook County,"Chicago-Naperville-Elgin, IL-IN",metro,1365,False,0.281,112352,3.233,9.669,75.0,-0.0342,0.1092,-0.1116,-0.0954,-0.0183,5,-0.1504,False,False,False,True,measured
17031840400,Cook County,"Chicago-Naperville-Elgin, IL-IN",metro,1158,True,0.191,111481,3.233,5.966,33.0,-0.0417,0.1057,-0.1116,0.0781,-0.1809,5,-0.1505,False,False,False,True,measured
17087977600,Johnson County,,rural,1653,False,-0.18,69289,5.404,11.315,73.0,-0.0728,-0.0621,0.1827,-0.1725,-0.0261,5,-0.1508,False,False,False,False,measured
17031824507,Cook County,"Chicago-Naperville-Elgin, IL-IN",metro,1706,True,0.071,90417,3.233,8.271,85.0,-0.0518,0.0219,-0.1116,-0.0299,0.0204,5,-0.151,False,False,False,True,measured
17113005202,McLean County,"Bloomington, IL",metro,1118,False,-0.089,99100,6.799,17.889,71.0,-0.0652,0.0565,0.3718,-0.4804,-0.0338,5,-0.1511,False,False,False,True,measured
17031060200,Cook County,"Chicago-Naperville-Elgin, IL-IN",metro,1187,False,1.296,85417,3.233,5.332,28.0,0.0507,0.002,-0.1116,0.1077,-0.2003,5,-0.1515,False,False,False,True,measured
17031810600,Cook County,"Chicago-Naperville-Elgin, IL-IN",metro,1843,False,0.983,83798,3.233,6.044,45.0,0.0245,-0.0044,-0.1116,0.0744,-0.1345,5,-0.1515,False,False,False,True,measured
55079100100,Milwaukee County,"Milwaukee-Waukesha, WI",metro,1583,True,1.106,56520,2.576,5.516,87.0,0.0348,-0.1129,-0.2006,0.0991,0.0281,5,-0.1516,False,False,False,True,measured
17031808100,Cook County,"Chicago-Naperville-Elgin, IL-IN",metro,1851,True,3.858,48253,3.233,9.161,57.0,0.265,-0.1458,-0.1116,-0.0716,-0.088,5,-0.152,False,False,False,True,measured
55115100800,Shawano County,"Shawano, WI",micro,1825,False,-1.123,63239,6.019,15.224,125.0,-0.1516,-0.0862,0.266,-0.3556,0.1752,5,-0.1522,False,False,False,False,measured
17031803901,Cook County,"Chicago-Naperville-Elgin, IL-IN",metro,1984,False,0.742,66466,3.233,8.288,95.0,0.0044,-0.0734,-0.1116,-0.0307,0.0591,5,-0.1522,False,False,False,True,measured
55079003400,Milwaukee County,"Milwaukee-Waukesha, WI",metro,2341,True,-2.353,62106,2.576,4.79,147.0,-0.2545,-0.0907,-0.2006,0.1331,0.2604,5,-0.1523,False,False,False,True,measured
17043841321,DuPage County,"Chicago-Naperville-Elgin, IL-IN",metro,781,False,-1.84,154813,3.131,6.839,46.0,-0.2116,0.2781,-0.1254,0.0372,-0.1306,5,-0.1524,False,False,False,False,measured
55139002100,Winnebago County,"Oshkosh-Neenah, WI",metro,1457,False,-1.205,84844,1.083,0.0,93.0,-0.1585,-0.0002,-0.4029,0.3574,0.0513,5,-0.1529,False,False,False,False,measured
17145030100,Perry County,,rural,1228,False,-1.209,66419,7.989,12.545,22.0,-0.1588,-0.0735,0.5331,-0.2301,-0.2235,5,-0.1529,False,False,False,False,measured
17031825000,Cook County,"Chicago-Naperville-Elgin, IL-IN",metro,1889,False,-0.623,86067,3.233,7.941,100.0,-0.1099,0.0046,-0.1116,-0.0145,0.0784,5,-0.1529,False,False,False,True,measured
17089854401,Kane County,"Chicago-Naperville-Elgin, IL-IN",metro,720,True,-2.108,62357,5.101,4.066,44.0,-0.2341,-0.0897,0.1416,0.167,-0.1384,5,-0.1535,True,False,False,False,measured
17031231200,Cook County,"Chicago-Naperville-Elgin, IL-IN",metro,2074,True,1.408,40122,3.233,3.964,55.0,0.06,-0.1781,-0.1116,0.1718,-0.0958,5,-0.1536,False,False,False,True,measured
17031814400,Cook County,"Chicago-Naperville-Elgin, IL-IN",metro,2279,True,-0.955,74173,3.233,5.54,90.0,-0.1376,-0.0427,-0.1116,0.098,0.0397,5,-0.1541,False,False,False,True,measured
17031330200,Cook County,"Chicago-Naperville-Elgin, IL-IN",metro,1772,False,-1.071,143558,3.233,9.169,65.0,-0.1473,0.2333,-0.1116,-0.072,-0.0571,5,-0.1546,False,False,False,True,measured
17031160900,Cook County,"Chicago-Naperville-Elgin, IL-IN",metro,995,False,-0.785,109598,3.233,4.731,40.0,-0.1234,0.0982,-0.1116,0.1359,-0.1538,5,-0.1547,False,False,False,True,measured
17031813600,Cook County,"Chicago-Naperville-Elgin, IL-IN",metro,1626,True,2.107,56846,3.233,4.59,30.0,0.1186,-0.1116,-0.1116,0.1425,-0.1926,5,-0.1547,False,False,False,True,measured
17031580501,Cook County,"Chicago-Naperville-Elgin, IL-IN",metro,1650,True,1.965,74667,3.233,5.526,26.0,0.1067,-0.0407,-0.1116,0.0987,-0.208,5,-0.155,False,False,False,True,measured
17091011200,Kankakee County,"Kankakee, IL",metro,697,False,-3.778,93984,5.833,6.254,48.0,-0.3737,0.0361,0.2408,0.0646,-0.1229,5,-0.1551,False,False,False,False,measured
17037000200,DeKalb County,"Chicago-Naperville-Elgin, IL-IN",metro,1859,False,1.566,95925,2.663,10.759,96.0,0.0733,0.0438,-0.1889,-0.1464,0.0629,5,-0.1552,False,False,False,False,measured
17043844309,DuPage County,"Chicago-Naperville-Elgin, IL-IN",metro,887,False,2.312,112240,3.131,11.857,60.0,0.1357,0.1087,-0.1254,-0.1978,-0.0764,5,-0.1553,True,False,False,False,measured
17161022600,Rock Island County,"Davenport-Moline-Rock Island, IA-IL",metro,1006,True,0.92,25439,5.221,4.673,19.0,0.0192,-0.2366,0.1578,0.1386,-0.2351,5,-0.1561,False,False,False,False,measured
17031821101,Cook County,"Chicago-Naperville-Elgin, IL-IN",metro,1444,False,-0.234,103409,3.233,7.205,64.0,-0.0773,0.0736,-0.1116,0.02,-0.0609,5,-0.1561,False,False,False,True,measured
17197883000,Will County,"Chicago-Naperville-Elgin, IL-IN",metro,1033,True,-2.395,61375,4.616,2.87,53.0,-0.258,-0.0936,0.0758,0.223,-0.1035,5,-0.1563,False,False,False,False,measured
55007960200,Bayfield County,,rural,907,False,1.046,73385,5.636,12.163,43.0,0.0298,-0.0458,0.2142,-0.2122,-0.1422,5,-0.1563,False,False,False,False,measured
17037001300,DeKalb County,"Chicago-Naperville-Elgin, IL-IN",metro,2690,False,2.02,49803,2.663,7.513,94.0,0.1113,-0.1396,-0.1889,0.0056,0.0552,5,-0.1564,False,False,False,False,measured
55079002400,Milwaukee County,"Milwaukee-Waukesha, WI",metro,1078,True,4.285,35588,2.576,4.315,24.0,0.3007,-0.1962,-0.2006,0.1554,-0.2158,5,-0.1565,False,False,False,True,measured
17031825803,Cook County,"Chicago-Naperville-Elgin, IL-IN",metro,2413,True,-0.3,66051,3.233,4.756,74.0,-0.0828,-0.075,-0.1116,0.1347,-0.0222,5,-0.1569,False,False,False,True,measured
55089660301,Ozaukee County,"Milwaukee-Waukesha, WI",metro,2150,False,-0.644,161250,2.924,16.628,138.0,-0.1116,0.3037,-0.1535,-0.4213,0.2255,5,-0.1571,False,False,False,False,measured
17031100600,Cook County,"Chicago-Naperville-Elgin, IL-IN",metro,1885,False,0.032,78689,3.233,7.584,88.0,-0.055,-0.0247,-0.1116,0.0023,0.032,5,-0.1571,False,False,False,True,measured
17091010800,Kankakee County,"Kankakee, IL",metro,1316,False,1.627,65563,5.833,15.198,68.0,0.0784,-0.0769,0.2408,-0.3543,-0.0454,5,-0.1575,False,False,False,False,measured
17031820104,Cook County,"Chicago-Naperville-Elgin, IL-IN",metro,1818,False,1.256,84615,3.233,9.045,73.0,0.0474,-0.0012,-0.1116,-0.0662,-0.0261,5,-0.1576,False,False,False,True,measured
17031806900,Cook County,"Chicago-Naperville-Elgin, IL-IN",metro,2350,False,2.236,79674,3.233,10.542,75.0,0.1293,-0.0208,-0.1116,-0.1363,-0.0183,5,-0.1577,False,False,False,True,measured
17031500100,Cook County,"Chicago-Naperville-Elgin, IL-IN",metro,1497,True,-0.257,73780,3.233,3.358,48.0,-0.0792,-0.0443,-0.1116,0.2002,-0.1229,5,-0.1578,False,False,False,True,measured
17097861902,Lake County,"Chicago-Naperville-Elgin, IL-IN",metro,2887,True,2.016,47236,2.585,3.799,54.0,0.1109,-0.1498,-0.1993,0.1795,-0.0996,5,-0.1584,False,False,False,True,measured
17031843600,Cook County,"Chicago-Naperville-Elgin, IL-IN",metro,1394,True,-0.143,84403,3.233,3.486,36.0,-0.0697,-0.002,-0.1116,0.1942,-0.1693,5,-0.1584,False,False,False,True,measured
17031824121,Cook County,"Chicago-Naperville-Elgin, IL-IN",metro,1366,False,2.421,89792,3.233,10.923,65.0,0.1448,0.0194,-0.1116,-0.1541,-0.0571,5,-0.1585,False,False,False,True,measured
17043843400,DuPage County,"Chicago-Naperville-Elgin, IL-IN",metro,1206,False,-0.447,97635,3.131,8.244,90.0,-0.0951,0.0506,-0.1254,-0.0286,0.0397,5,-0.1588,False,False,False,False,measured
17043845704,DuPage County,"Chicago-Naperville-Elgin, IL-IN",metro,2059,False,-0.019,84625,3.131,8.496,97.0,-0.0593,-0.0011,-0.1254,-0.0405,0.0668,5,-0.1595,False,False,False,False,measured
17097861303,Lake County,"Chicago-Naperville-Elgin, IL-IN",metro,1420,True,1.395,66595,2.585,4.033,50.0,0.0589,-0.0728,-0.1993,0.1686,-0.1151,5,-0.1598,False,False,False,True,measured
17031824106,Cook County,"Chicago-Naperville-Elgin, IL-IN",metro,2469,False,-1.158,89107,3.233,11.038,144.0,-0.1545,0.0167,-0.1116,-0.1595,0.2488,5,-0.1601,False,False,False,True,measured
55065970100,Lafayette County,,rural,1367,False,1.988,75160,4.518,14.482,87.0,0.1086,-0.0388,0.0625,-0.3208,0.0281,5,-0.1603,False,False,False,False,measured
17203030502,Woodford County,"Peoria, IL",metro,946,False,-2.687,65556,4.202,1.842,56.0,-0.2825,-0.077,0.0198,0.2712,-0.0919,5,-0.1603,False,False,False,False,measured
17031803012,Cook County,"Chicago-Naperville-Elgin, IL-IN",metro,1017,False,2.497,85865,3.233,8.119,33.0,0.1512,0.0038,-0.1116,-0.0228,-0.1809,5,-0.1603,False,False,False,True,measured
17031063303,Cook County,"Chicago-Naperville-Elgin, IL-IN",metro,938,False,0.719,107639,3.233,6.637,31.0,0.0024,0.0904,-0.1116,0.0466,-0.1887,5,-0.1608,False,False,False,True,measured
55123960300,Vernon County,"La Crosse-Onalaska, WI-MN",metro,1849,False,0.561,71250,5.682,16.225,102.0,-0.0108,-0.0543,0.2204,-0.4024,0.0862,5,-0.161,False,False,False,False,measured
17031252101,Cook County,"Chicago-Naperville-Elgin, IL-IN",metro,751,True,2.924,51250,3.233,4.143,11.0,0.1869,-0.1339,-0.1116,0.1634,-0.2661,5,-0.1613,False,False,False,True,measured
17201000511,Winnebago County,"Rockford, IL",metro,1075,False,-0.86,96841,5.151,9.456,43.0,-0.1297,0.0475,0.1484,-0.0854,-0.1422,5,-0.1614,False,False,False,False,measured
17197881012,Will County,"Chicago-Naperville-Elgin, IL-IN",metro,864,False,-1.962,120521,4.616,8.944,55.0,-0.2218,0.1417,0.0758,-0.0614,-0.0958,5,-0.1615,False,False,False,False,measured
17031822200,Cook County,"Chicago-Naperville-Elgin, IL-IN",metro,1298,False,0.724,88000,3.233,8.226,70.0,0.0029,0.0123,-0.1116,-0.0278,-0.0377,5,-0.1619,False,False,False,True,measured
17031301702,Cook County,"Chicago-Naperville-Elgin, IL-IN",metro,1202,True,2.354,76579,3.233,5.207,10.0,0.1392,-0.0331,-0.1116,0.1136,-0.27,5,-0.1619,False,False,False,True,measured
17031837300,Cook County,"Chicago-Naperville-Elgin, IL-IN",metro,953,True,3.955,27431,3.233,5.547,30.0,0.2731,-0.2286,-0.1116,0.0977,-0.1926,5,-0.162,False,False,False,True,measured
55139002402,Winnebago County,"Oshkosh-Neenah, WI",metro,2499,False,-0.025,102128,1.083,6.752,129.0,-0.0598,0.0685,-0.4029,0.0412,0.1907,5,-0.1623,True,False,False,False,measured
55135100400,Waupaca County,,rural,1927,False,0.442,85430,1.882,9.063,136.0,-0.0208,0.0021,-0.2947,-0.067,0.2178,5,-0.1626,False,False,False,False,measured
17201002100,Winnebago County,"Rockford, IL",metro,664,True,-0.239,32611,5.151,3.324,21.0,-0.0777,-0.208,0.1484,0.2018,-0.2274,5,-0.163,False,False,False,False,measured
55079120102,Milwaukee County,"Milwaukee-Waukesha, WI",metro,1671,False,0.107,92901,2.576,7.502,92.0,-0.0487,0.0318,-0.2006,0.0061,0.0475,5,-0.164,False,False,False,True,measured
17043841705,DuPage County,"Chicago-Naperville-Elgin, IL-IN",metro,2181,False,0.885,94892,3.131,8.689,68.0,0.0163,0.0397,-0.1254,-0.0495,-0.0454,5,-0.1643,True,False,False,False,measured
17043846004,DuPage County,"Chicago-Naperville-Elgin, IL-IN",metro,1556,False,0.331,96842,3.131,7.038,58.0,-0.03,0.0475,-0.1254,0.0279,-0.0842,5,-0.1643,False,False,False,False,measured
17019010701,Champaign County,"Champaign-Urbana, IL",metro,1494,False,0.263,116638,3.725,13.717,99.0,-0.0357,0.1262,-0.0448,-0.285,0.0746,5,-0.1648,True,False,False,False,measured
17031826201,Cook County,"Chicago-Naperville-Elgin, IL-IN",metro,2196,False,3.646,44409,3.233,5.505,18.0,0.2473,-0.1611,-0.1116,0.0996,-0.239,5,-0.1648,False,False,False,True,measured
17031831200,Cook County,"Chicago-Naperville-Elgin, IL-IN",metro,1541,True,1.044,63628,3.233,3.896,35.0,0.0296,-0.0846,-0.1116,0.175,-0.1732,5,-0.1648,False,False,False,True,measured
17097860500,Lake County,"Chicago-Naperville-Elgin, IL-IN",metro,1550,True,-0.806,65069,2.585,2.396,78.0,-0.1251,-0.0789,-0.1993,0.2452,-0.0067,5,-0.1649,False,False,False,True,measured
17031230200,Cook County,"Chicago-Naperville-Elgin, IL-IN",metro,682,True,0.506,96471,3.233,4.576,21.0,-0.0154,0.046,-0.1116,0.1432,-0.2274,5,-0.1652,False,False,False,True,measured
17031803014,Cook County,"Chicago-Naperville-Elgin, IL-IN",metro,1456,False,1.005,83030,3.233,7.054,54.0,0.0263,-0.0075,-0.1116,0.0271,-0.0996,5,-0.1653,False,False,False,True,measured
17157951100,Randolph County,,rural,1576,False,1.836,61989,5.557,12.82,46.0,0.0958,-0.0912,0.2034,-0.2429,-0.1306,5,-0.1655,False,False,False,False,measured
17031811302,Cook County,"Chicago-Naperville-Elgin, IL-IN",metro,1361,True,2.55,62753,3.233,6.278,32.0,0.1556,-0.0881,-0.1116,0.0634,-0.1848,5,-0.1655,False,False,False,True,measured
17031824115,Cook County,"Chicago-Naperville-Elgin, IL-IN",metro,1551,False,2.07,68179,3.233,11.254,97.0,0.1154,-0.0665,-0.1116,-0.1696,0.0668,5,-0.1655,False,False,False,True,measured
55079020500,Milwaukee County,"Milwaukee-Waukesha, WI",metro,1100,True,2.295,56729,2.576,4.573,46.0,0.1343,-0.1121,-0.2006,0.1433,-0.1306,5,-0.1658,False,False,False,True,measured
17029000701,Coles County,"Charleston-Mattoon, IL",micro,1256,False,0.678,69545,7.504,15.715,30.0,-0.001,-0.0611,0.4673,-0.3785,-0.1926,5,-0.1659,True,False,False,False,measured
55035001700,Eau Claire County,"Eau Claire, WI",metro,1266,False,5.602,59132,1.628,7.282,38.0,0.4109,-0.1025,-0.3291,0.0164,-0.1616,5,-0.166,False,False,False,False,measured
17031650200,Cook County,"Chicago-Naperville-Elgin, IL-IN",metro,2065,False,-0.468,80335,3.233,4.465,57.0,-0.0968,-0.0182,-0.1116,0.1483,-0.088,5,-0.1663,False,False,False,True,measured
17089853300,Kane County,"Chicago-Naperville-Elgin, IL-IN",metro,1207,True,-2.054,66031,5.101,5.08,48.0,-0.2295,-0.0751,0.1416,0.1195,-0.1229,5,-0.1664,False,False,False,False,measured
17031822701,Cook County,"Chicago-Naperville-Elgin, IL-IN",metro,1942,False,-0.427,69819,3.233,7.289,101.0,-0.0934,-0.06,-0.1116,0.0161,0.0823,5,-0.1667,False,False,False,True,measured
17031020601,Cook County,"Chicago-Naperville-Elgin, IL-IN",metro,2074,True,1.147,64127,3.233,5.576,52.0,0.0383,-0.0827,-0.1116,0.0963,-0.1074,5,-0.1671,False,False,False,True,measured
17019001201,Champaign County,"Champaign-Urbana, IL",metro,2957,True,0.719,62087,3.725,10.776,109.0,0.0024,-0.0908,-0.0448,-0.1472,0.1133,5,-0.1672,False,False,False,False,measured
55079001700,Milwaukee County,"Milwaukee-Waukesha, WI",metro,1870,True,1.973,41429,2.576,4.226,64.0,0.1073,-0.1729,-0.2006,0.1595,-0.0609,5,-0.1677,False,False,False,True,measured
55059000102,Kenosha County,"Kenosha, WI",metro,1742,True,-0.526,44792,4.613,5.53,59.0,-0.1017,-0.1596,0.0754,0.0985,-0.0803,5,-0.1677,True,False,False,False,measured
17043841322,DuPage County,"Chicago-Naperville-Elgin, IL-IN",metro,1386,False,-1.016,111000,3.131,7.08,72.0,-0.1427,0.1038,-0.1254,0.0259,-0.03,5,-0.1684,True,False,False,False,measured
17043841606,DuPage County,"Chicago-Naperville-Elgin, IL-IN",metro,872,False,2.455,121167,3.131,10.938,33.0,0.1476,0.1442,-0.1254,-0.1548,-0.1809,5,-0.1694,True,False,False,False,measured
17031822500,Cook County,"Chicago-Naperville-Elgin, IL-IN",metro,1647,False,0.568,100417,3.233,8.252,59.0,-0.0102,0.0617,-0.1116,-0.029,-0.0803,5,-0.1694,False,False,False,True,measured
17097862603,Lake County,"Chicago-Naperville-Elgin, IL-IN",metro,2539,True,-0.489,73021,2.585,4.321,85.0,-0.0986,-0.0473,-0.1993,0.1551,0.0204,5,-0.1698,False,False,False,True,measured
55079100400,Milwaukee County,"Milwaukee-Waukesha, WI",metro,1469,True,2.439,53015,2.576,5.594,58.0,0.1463,-0.1269,-0.2006,0.0954,-0.0842,5,-0.1699,False,False,False,True,measured
17031070102,Cook County,"Chicago-Naperville-Elgin, IL-IN",metro,1856,False,-0.799,110577,3.233,7.512,69.0,-0.1246,0.1021,-0.1116,0.0056,-0.0416,5,-0.17,False,False,False,True,measured
55139001803,Winnebago County,"Oshkosh-Neenah, WI",metro,3190,False,2.044,63000,1.083,6.054,114.0,0.1133,-0.0871,-0.4029,0.0739,0.1326,5,-0.1702,False,False,False,False,measured
17019001203,Champaign County,"Champaign-Urbana, IL",metro,1947,False,0.01,90483,3.725,10.433,90.0,-0.0568,0.0222,-0.0448,-0.1312,0.0397,5,-0.171,False,False,False,False,measured
17031804715,Cook County,"Chicago-Naperville-Elgin, IL-IN",metro,1196,True,2.228,73864,3.233,7.425,40.0,0.1287,-0.0439,-0.1116,0.0097,-0.1538,5,-0.171,False,False,False,True,measured
17031110502,Cook County,"Chicago-Naperville-Elgin, IL-IN",metro,1545,False,0.3,71992,3.233,5.906,65.0,-0.0326,-0.0514,-0.1116,0.0809,-0.0571,5,-0.1717,False,False,False,True,measured
17031020801,Cook County,"Chicago-Naperville-Elgin, IL-IN",metro,2211,True,-0.018,74931,3.233,4.927,57.0,-0.0592,-0.0397,-0.1116,0.1267,-0.088,5,-0.1718,False,False,False,True,measured
55079016200,Milwaukee County,"Milwaukee-Waukesha, WI",metro,1254,True,4.136,51591,2.576,6.067,28.0,0.2882,-0.1325,-0.2006,0.0733,-0.2003,5,-0.1719,False,False,False,True,measured
17031160800,Cook County,"Chicago-Naperville-Elgin, IL-IN",metro,1799,True,-0.298,87676,3.233,5.43,56.0,-0.0826,0.011,-0.1116,0.1032,-0.0919,5,-0.1719,False,False,False,True,measured
17031030703,Cook County,"Chicago-Naperville-Elgin, IL-IN",metro,1858,True,0.547,74702,3.233,4.432,39.0,-0.0119,-0.0406,-0.1116,0.1499,-0.1577,5,-0.172,False,False,False,True,measured
17031690500,Cook County,"Chicago-Naperville-Elgin, IL-IN",metro,322,True,0.893,60104,3.233,2.343,21.0,0.017,-0.0987,-0.1116,0.2477,-0.2274,5,-0.173,False,True,False,True,measured
17031730700,Cook County,"Chicago-Naperville-Elgin, IL-IN",metro,804,True,1.346,54167,3.233,4.388,42.0,0.0549,-0.1223,-0.1116,0.1519,-0.1461,5,-0.1731,False,False,False,True,measured
17031242500,Cook County,"Chicago-Naperville-Elgin, IL-IN",metro,1569,False,0.426,97438,3.233,8.491,67.0,-0.0221,0.0498,-0.1116,-0.0402,-0.0493,5,-0.1734,False,False,False,True,measured
55001950502,Adams County,,rural,1135,True,-1.497,55542,4.348,8.038,107.0,-0.1829,-0.1168,0.0395,-0.019,0.1055,5,-0.1737,False,False,False,False,measured
17031580700,Cook County,"Chicago-Naperville-Elgin, IL-IN",metro,1683,True,1.739,61616,3.233,5.159,35.0,0.0878,-0.0926,-0.1116,0.1158,-0.1732,5,-0.1739,False,False,False,True,measured
17031813802,Cook County,"Chicago-Naperville-Elgin, IL-IN",metro,1410,True,0.74,76250,3.233,4.539,34.0,0.0041,-0.0344,-0.1116,0.1449,-0.1771,5,-0.174,False,False,False,True,measured
17031310200,Cook County,"Chicago-Naperville-Elgin, IL-IN",metro,798,False,2.451,104167,3.233,9.393,27.0,0.1473,0.0766,-0.1116,-0.0825,-0.2042,5,-0.1743,False,False,False,True,measured
17031292500,Cook County,"Chicago-Naperville-Elgin, IL-IN",metro,1435,True,1.259,56283,3.233,4.448,42.0,0.0476,-0.1139,-0.1116,0.1491,-0.1461,5,-0.1748,False,False,False,True,measured
17119401300,Madison County,"St. Louis, MO-IL",metro,2173,True,-1.031,48299,3.735,5.021,89.0,-0.1439,-0.1456,-0.0435,0.1223,0.0359,5,-0.1749,False,False,False,False,measured
17031140400,Cook County,"Chicago-Naperville-Elgin, IL-IN",metro,2085,False,-1.986,110306,3.233,5.562,70.0,-0.2238,0.101,-0.1116,0.097,-0.0377,5,-0.1751,False,False,False,True,measured
17031805110,Cook County,"Chicago-Naperville-Elgin, IL-IN",metro,1969,False,0.112,107253,3.233,9.301,73.0,-0.0483,0.0889,-0.1116,-0.0782,-0.0261,5,-0.1753,False,False,False,True,measured
55025000506,Dane County,"Madison, WI",metro,1602,True,1.057,62558,2.659,5.289,70.0,0.0307,-0.0889,-0.1893,0.1098,-0.0377,5,-0.1755,True,False,False,False,measured
17031050800,Cook County,"Chicago-Naperville-Elgin, IL-IN",metro,481,False,-3.97,190469,3.233,5.207,26.0,-0.3898,0.4199,-0.1116,0.1136,-0.208,5,-0.1759,False,False,False,True,measured
17143002702,Peoria County,"Peoria, IL",metro,1696,False,-0.363,42692,4.713,7.271,73.0,-0.0881,-0.1679,0.089,0.0169,-0.0261,5,-0.1762,False,False,False,False,measured
17195000600,Whiteside County,"Sterling, IL",micro,1654,False,0.302,78273,4.957,12.28,74.0,-0.0324,-0.0264,0.1221,-0.2177,-0.0222,5,-0.1767,False,False,False,False,measured
17089854100,Kane County,"Chicago-Naperville-Elgin, IL-IN",metro,1198,True,-2.389,71474,5.101,5.755,55.0,-0.2576,-0.0534,0.1416,0.0879,-0.0958,5,-0.1772,False,False,False,False,measured
17113005601,McLean County,"Bloomington, IL",metro,696,True,-0.115,74907,6.799,14.368,47.0,-0.0673,-0.0398,0.3718,-0.3155,-0.1267,5,-0.1775,False,False,False,True,measured
17081050500,Jefferson County,"Mount Vernon, IL",micro,1744,True,-1.119,55841,6.481,10.122,48.0,-0.1513,-0.1156,0.3286,-0.1166,-0.1229,5,-0.1778,False,False,False,False,measured
17039971700,De Witt County,,rural,1434,False,-0.643,62431,5.222,8.473,55.0,-0.1115,-0.0894,0.1581,-0.0394,-0.0958,5,-0.178,False,False,False,False,measured
17031827802,Cook County,"Chicago-Naperville-Elgin, IL-IN",metro,1016,False,-0.956,86042,3.233,4.992,65.0,-0.1377,0.0045,-0.1116,0.1236,-0.0571,5,-0.1782,False,False,False,True,measured
17031252201,Cook County,"Chicago-Naperville-Elgin, IL-IN",metro,1072,True,2.381,49100,3.233,4.015,19.0,0.1415,-0.1424,-0.1116,0.1694,-0.2351,5,-0.1783,False,False,False,True,measured
17157950600,Randolph County,,rural,1976,False,1.197,53750,5.557,11.759,52.0,0.0424,-0.1239,0.2034,-0.1933,-0.1074,5,-0.1788,False,False,False,False,measured
55059001800,Kenosha County,"Kenosha, WI",metro,920,True,-0.427,56930,4.613,6.488,53.0,-0.0934,-0.1113,0.0754,0.0536,-0.1035,5,-0.1792,False,False,False,False,measured
17031670900,Cook County,"Chicago-Naperville-Elgin, IL-IN",metro,542,True,2.848,30962,3.233,3.162,17.0,0.1805,-0.2146,-0.1116,0.2094,-0.2429,5,-0.1792,False,False,False,True,measured
17043845402,DuPage County,"Chicago-Naperville-Elgin, IL-IN",metro,1175,False,0.023,154638,3.131,11.224,52.0,-0.0558,0.2774,-0.1254,-0.1682,-0.1074,5,-0.1794,True,False,False,False,measured
55079170300,Milwaukee County,"Milwaukee-Waukesha, WI",metro,1015,True,-0.176,90954,2.576,4.938,65.0,-0.0725,0.0241,-0.2006,0.1262,-0.0571,5,-0.1799,False,False,False,True,measured
55079185900,Milwaukee County,"Milwaukee-Waukesha, WI",metro,336,True,3.493,61304,2.576,4.848,15.0,0.2345,-0.0939,-0.2006,0.1304,-0.2506,5,-0.1803,False,True,False,True,measured
55131420108,Washington County,"Milwaukee-Waukesha, WI",metro,1202,False,0.691,120000,4.101,12.882,59.0,0.0001,0.1396,0.0061,-0.2459,-0.0803,5,-0.1803,True,False,False,False,measured
55079020800,Milwaukee County,"Milwaukee-Waukesha, WI",metro,1416,False,-1.627,93750,2.576,4.085,83.0,-0.1938,0.0352,-0.2006,0.1661,0.0126,5,-0.1804,False,False,False,True,measured
17031710300,Cook County,"Chicago-Naperville-Elgin, IL-IN",metro,558,True,1.696,55536,3.233,3.304,18.0,0.0841,-0.1168,-0.1116,0.2027,-0.239,5,-0.1806,False,False,False,True,measured
17001000600,Adams County,"Quincy, IL-MO",micro,1866,False,1.989,72907,4.451,11.972,56.0,0.1087,-0.0477,0.0535,-0.2033,-0.0919,5,-0.1807,False,False,False,False,measured
17031630900,Cook County,"Chicago-Naperville-Elgin, IL-IN",metro,1469,True,2.147,52873,3.233,4.468,25.0,0.1218,-0.1274,-0.1116,0.1482,-0.2119,5,-0.1809,False,False,False,True,measured
55101002002,Racine County,"Racine-Mount Pleasant, WI",metro,2010,False,1.249,93804,-1.776,3.105,161.0,0.0468,0.0354,-0.7904,0.212,0.3146,5,-0.1816,False,False,False,True,measured
55025001606,Dane County,"Madison, WI",metro,2211,True,4.315,30683,2.659,3.741,12.0,0.3032,-0.2157,-0.1893,0.1823,-0.2622,5,-0.1817,False,False,False,False,measured
17031817900,Cook County,"Chicago-Naperville-Elgin, IL-IN",metro,2370,False,0.893,61250,3.233,6.846,72.0,0.017,-0.0941,-0.1116,0.0368,-0.03,5,-0.1819,False,False,False,True,measured
17161024300,Rock Island County,"Davenport-Moline-Rock Island, IA-IL",metro,1376,False,-1.219,47328,5.221,6.661,60.0,-0.1596,-0.1495,0.1578,0.0455,-0.0764,5,-0.1822,False,False,False,False,measured
55101001900,Racine County,"Racine-Mount Pleasant, WI",metro,1702,False,1.301,109464,-1.776,0.0,106.0,0.0511,0.0977,-0.7904,0.3574,0.1017,5,-0.1825,False,False,False,True,measured
55001950203,Adams County,,rural,510,True,2.628,59444,4.348,9.726,32.0,0.1621,-0.1013,0.0395,-0.098,-0.1848,5,-0.1826,True,False,False,False,measured
55025002601,Dane County,"Madison, WI",metro,968,True,1.786,54815,2.659,4.187,47.0,0.0917,-0.1197,-0.1893,0.1614,-0.1267,5,-0.1827,False,False,False,False,measured
17043841111,DuPage County,"Chicago-Naperville-Elgin, IL-IN",metro,1550,False,-0.154,96207,3.131,6.679,60.0,-0.0706,0.045,-0.1254,0.0446,-0.0764,5,-0.1829,False,False,False,False,measured
17043841109,DuPage County,"Chicago-Naperville-Elgin, IL-IN",metro,1504,True,0.609,62443,3.131,7.083,83.0,-0.0067,-0.0894,-0.1254,0.0257,0.0126,5,-0.1832,False,False,False,False,measured
17189950400,Washington County,,rural,1714,False,-0.055,84020,5.825,12.307,44.0,-0.0623,-0.0035,0.2397,-0.2189,-0.1384,5,-0.1834,False,False,False,False,measured
17031630300,Cook County,"Chicago-Naperville-Elgin, IL-IN",metro,1433,True,1.718,63835,3.233,4.689,25.0,0.086,-0.0838,-0.1116,0.1379,-0.2119,5,-0.1835,False,False,False,True,measured
55025011505,Dane County,"Madison, WI",metro,1791,False,-0.666,71016,2.659,6.174,107.0,-0.1134,-0.0553,-0.1893,0.0683,0.1055,5,-0.1841,False,False,False,False,measured
17031510200,Cook County,"Chicago-Naperville-Elgin, IL-IN",metro,1174,True,0.449,68056,3.233,3.538,34.0,-0.0202,-0.067,-0.1116,0.1918,-0.1771,5,-0.1841,False,False,False,True,measured
17119400101,Madison County,"St. Louis, MO-IL",metro,1148,False,-2.037,66528,3.735,4.413,82.0,-0.2281,-0.0731,-0.0435,0.1508,0.0088,5,-0.1852,False,False,False,False,measured
55087011901,Outagamie County,"Appleton, WI",metro,1207,True,-2.385,92173,3.366,3.179,61.0,-0.2572,0.0289,-0.0936,0.2086,-0.0725,5,-0.1858,True,False,False,False,measured
17031040300,Cook County,"Chicago-Naperville-Elgin, IL-IN",metro,1126,False,0.819,78879,3.233,5.155,34.0,0.0108,-0.024,-0.1116,0.116,-0.1771,5,-0.1858,False,False,False,True,measured
17031691500,Cook County,"Chicago-Naperville-Elgin, IL-IN",metro,893,True,2.875,22846,3.233,3.08,22.0,0.1828,-0.2469,-0.1116,0.2132,-0.2235,5,-0.186,False,False,False,True,measured
17097861201,Lake County,"Chicago-Naperville-Elgin, IL-IN",metro,1873,False,-0.639,75938,2.585,5.227,92.0,-0.1112,-0.0357,-0.1993,0.1126,0.0475,5,-0.1861,False,False,False,True,measured
17031823805,Cook County,"Chicago-Naperville-Elgin, IL-IN",metro,1450,True,0.907,62647,3.233,9.321,99.0,0.0182,-0.0885,-0.1116,-0.0791,0.0746,5,-0.1865,False,False,False,True,measured
17031630400,Cook County,"Chicago-Naperville-Elgin, IL-IN",metro,1830,True,0.887,64736,3.233,4.671,41.0,0.0164,-0.0802,-0.1116,0.1387,-0.15,5,-0.1867,False,False,False,True,measured
55101001601,Racine County,"Racine-Mount Pleasant, WI",metro,2556,False,-0.147,83768,-1.776,5.248,226.0,-0.07,-0.0045,-0.7904,0.1117,0.5662,5,-0.187,False,False,False,True,measured
55079004600,Milwaukee County,"Milwaukee-Waukesha, WI",metro,1164,True,2.899,30525,2.576,4.626,55.0,0.1848,-0.2163,-0.2006,0.1408,-0.0958,5,-0.1871,False,False,False,True,measured
17197883522,Will County,"Chicago-Naperville-Elgin, IL-IN",metro,1119,False,-2.4,135781,4.616,12.489,85.0,-0.2585,0.2024,0.0758,-0.2275,0.0204,5,-0.1873,True,False,False,False,measured
17031808302,Cook County,"Chicago-Naperville-Elgin, IL-IN",metro,1715,False,2.579,78502,3.233,10.613,62.0,0.158,-0.0255,-0.1116,-0.1396,-0.0687,5,-0.1873,False,False,False,True,measured
17105960400,Livingston County,"Pontiac, IL",micro,1345,False,1.138,89010,4.182,12.763,75.0,0.0375,0.0163,0.0171,-0.2403,-0.0183,5,-0.1878,False,False,False,False,measured
17199021100,Williamson County,"Marion-Herrin, IL",micro,1351,True,-1.199,41825,7.567,13.062,59.0,-0.158,-0.1714,0.4758,-0.2543,-0.0803,5,-0.1881,False,False,False,False,measured
17031061800,Cook County,"Chicago-Naperville-Elgin, IL-IN",metro,773,False,1.83,85139,3.233,5.652,11.0,0.0954,0.0009,-0.1116,0.0927,-0.2661,5,-0.1887,False,False,False,True,measured
17031803200,Cook County,"Chicago-Naperville-Elgin, IL-IN",metro,2088,False,-1.04,100422,3.233,8.945,97.0,-0.1447,0.0617,-0.1116,-0.0615,0.0668,5,-0.1892,False,False,False,True,measured
17031822400,Cook County,"Chicago-Naperville-Elgin, IL-IN",metro,2018,True,0.275,60086,3.233,7.866,97.0,-0.0347,-0.0987,-0.1116,-0.011,0.0668,5,-0.1892,False,False,False,True,measured
17041952100,Douglas County,,rural,1652,False,0.095,79623,4.655,11.586,76.0,-0.0498,-0.021,0.0811,-0.1852,-0.0145,5,-0.1893,False,False,False,False,measured
55079170100,Milwaukee County,"Milwaukee-Waukesha, WI",metro,1126,False,0.468,70385,2.576,4.05,59.0,-0.0185,-0.0578,-0.2006,0.1678,-0.0803,5,-0.1894,False,False,False,True,measured
55141010900,Wood County,"Wisconsin Rapids-Marshfield, WI",micro,1546,False,-1.863,78167,5.185,7.686,54.0,-0.2135,-0.0268,0.153,-0.0025,-0.0996,5,-0.1895,False,False,False,False,measured
17031823703,Cook County,"Chicago-Naperville-Elgin, IL-IN",metro,3086,True,-0.007,63005,3.233,7.041,90.0,-0.0583,-0.0871,-0.1116,0.0277,0.0397,5,-0.1895,False,False,False,True,measured
55059001600,Kenosha County,"Kenosha, WI",metro,1103,True,-0.71,62702,4.613,6.694,53.0,-0.1171,-0.0883,0.0754,0.0439,-0.1035,5,-0.1896,False,False,False,False,measured
17031620200,Cook County,"Chicago-Naperville-Elgin, IL-IN",metro,758,True,1.663,63750,3.233,4.715,25.0,0.0814,-0.0842,-0.1116,0.1366,-0.2119,5,-0.1896,False,False,False,True,measured
55023960100,Crawford County,,rural,1159,False,0.428,58438,6.349,14.066,61.0,-0.0219,-0.1053,0.3108,-0.3013,-0.0725,5,-0.1903,False,False,False,False,measured
55073000601,Marathon County,"Wausau, WI",metro,933,True,0.491,66051,6.882,16.367,61.0,-0.0167,-0.075,0.383,-0.4091,-0.0725,5,-0.1903,False,False,False,False,measured
17143004300,Peoria County,"Peoria, IL",metro,1057,True,-0.376,53454,4.713,7.805,65.0,-0.0891,-0.1251,0.089,-0.0081,-0.0571,5,-0.1904,False,False,False,False,measured
17031460301,Cook County,"Chicago-Naperville-Elgin, IL-IN",metro,1234,True,1.35,44464,3.233,2.7,27.0,0.0552,-0.1609,-0.1116,0.231,-0.2042,5,-0.1904,False,False,False,True,measured
17031400300,Cook County,"Chicago-Naperville-Elgin, IL-IN",metro,613,True,0.0,90716,3.233,2.813,10.0,-0.0577,0.0231,-0.1116,0.2257,-0.27,5,-0.1905,False,False,False,True,measured
17197880112,Will County,"Chicago-Naperville-Elgin, IL-IN",metro,584,False,-1.854,90208,4.616,5.793,38.0,-0.2128,0.0211,0.0758,0.0862,-0.1616,5,-0.1913,False,False,False,False,measured
55139002700,Winnebago County,"Oshkosh-Neenah, WI",metro,1232,True,2.956,75132,1.083,5.613,71.0,0.1896,-0.0389,-0.4029,0.0946,-0.0338,5,-0.1915,False,False,False,False,measured
17147954800,Piatt County,"Champaign-Urbana, IL",metro,994,False,-2.532,87159,5.997,10.06,59.0,-0.2695,0.009,0.2631,-0.1137,-0.0803,5,-0.1915,False,False,False,False,measured
17031160300,Cook County,"Chicago-Naperville-Elgin, IL-IN",metro,1895,False,0.46,68887,3.233,5.029,49.0,-0.0192,-0.0637,-0.1116,0.1219,-0.119,5,-0.1916,False,False,False,True,measured
55139003000,Winnebago County,"Oshkosh-Neenah, WI",metro,832,False,3.041,78611,1.083,5.239,61.0,0.1967,-0.025,-0.4029,0.1121,-0.0725,5,-0.1917,False,False,False,False,measured
17097861510,Lake County,"Chicago-Naperville-Elgin, IL-IN",metro,1774,False,-0.177,81538,2.585,4.76,69.0,-0.0725,-0.0134,-0.1993,0.1345,-0.0416,5,-0.1923,False,False,False,True,measured
17089853005,Kane County,"Chicago-Naperville-Elgin, IL-IN",metro,2133,True,-1.894,59120,5.101,7.73,77.0,-0.2161,-0.1026,0.1416,-0.0046,-0.0106,5,-0.1923,False,False,False,False,measured
17031681200,Cook County,"Chicago-Naperville-Elgin, IL-IN",metro,911,True,2.658,25703,3.233,2.99,21.0,0.1647,-0.2355,-0.1116,0.2174,-0.2274,5,-0.1924,False,False,False,True,measured
17031440600,Cook County,"Chicago-Naperville-Elgin, IL-IN",metro,746,True,0.243,68102,3.233,3.366,34.0,-0.0374,-0.0668,-0.1116,0.1998,-0.1771,5,-0.1931,False,False,False,True,measured
17091011900,Kankakee County,"Kankakee, IL",metro,623,True,1.902,62401,5.833,12.543,24.0,0.1014,-0.0895,0.2408,-0.23,-0.2158,5,-0.1931,False,False,False,False,measured
55079021600,Milwaukee County,"Milwaukee-Waukesha, WI",metro,1489,True,-1.041,80324,2.576,5.254,95.0,-0.1448,-0.0182,-0.2006,0.1114,0.0591,5,-0.1932,False,False,False,True,measured
17143002000,Peoria County,"Peoria, IL",metro,467,False,-0.685,89688,4.713,6.67,20.0,-0.115,0.019,0.089,0.0451,-0.2313,5,-0.1932,False,False,False,False,measured
17043843200,DuPage County,"Chicago-Naperville-Elgin, IL-IN",metro,2038,False,1.479,88214,3.131,11.303,86.0,0.066,0.0132,-0.1254,-0.1719,0.0242,5,-0.1939,False,False,False,False,measured
55101000600,Racine County,"Racine-Mount Pleasant, WI",metro,2488,True,4.547,59735,-1.776,4.733,141.0,0.3227,-0.1001,-0.7904,0.1358,0.2372,5,-0.1949,False,False,False,True,measured
17043842708,DuPage County,"Chicago-Naperville-Elgin, IL-IN",metro,866,False,-0.945,174583,3.131,11.194,48.0,-0.1367,0.3567,-0.1254,-0.1668,-0.1229,5,-0.1951,False,False,False,False,measured
17031580300,Cook County,"Chicago-Naperville-Elgin, IL-IN",metro,762,True,1.567,82240,3.233,5.491,16.0,0.0734,-0.0106,-0.1116,0.1003,-0.2468,5,-0.1953,False,False,False,True,measured
17043846106,DuPage County,"Chicago-Naperville-Elgin, IL-IN",metro,1553,False,-0.326,137139,3.131,9.621,54.0,-0.085,0.2078,-0.1254,-0.0931,-0.0996,5,-0.1954,False,False,False,False,measured
55079018200,Milwaukee County,"Milwaukee-Waukesha, WI",metro,753,False,-1.047,112336,2.576,4.795,56.0,-0.1453,0.1091,-0.2006,0.1329,-0.0919,5,-0.1958,False,False,False,True,measured
17089853008,Kane County,"Chicago-Naperville-Elgin, IL-IN",metro,1179,True,-3.515,98250,5.101,6.83,60.0,-0.3517,0.0531,0.1416,0.0376,-0.0764,5,-0.1959,False,False,False,False,measured
17011965500,Bureau County,"Ottawa, IL",micro,1462,False,0.816,84875,4.366,10.976,56.0,0.0106,-0.0001,0.0419,-0.1566,-0.0919,5,-0.1961,False,False,False,False,measured
17197883214,Will County,"Chicago-Naperville-Elgin, IL-IN",metro,915,False,-1.026,119350,4.616,11.587,59.0,-0.1435,0.137,0.0758,-0.1852,-0.0803,5,-0.1962,False,False,False,False,measured
55079005600,Milwaukee County,"Milwaukee-Waukesha, WI",metro,863,False,-1.636,116375,2.576,6.743,88.0,-0.1946,0.1252,-0.2006,0.0416,0.032,5,-0.1964,False,False,False,True,measured
55079005000,Milwaukee County,"Milwaukee-Waukesha, WI",metro,1978,True,-1.525,53819,2.576,3.534,111.0,-0.1853,-0.1237,-0.2006,0.1919,0.121,5,-0.1966,False,False,False,True,measured
55071000400,Manitowoc County,"Manitowoc, WI",micro,1788,False,1.363,66582,-0.096,3.704,131.0,0.0563,-0.0729,-0.5627,0.184,0.1984,5,-0.1969,False,False,False,False,measured
17097862604,Lake County,"Chicago-Naperville-Elgin, IL-IN",metro,1551,True,1.896,76078,2.585,4.376,24.0,0.1009,-0.0351,-0.1993,0.1525,-0.2158,5,-0.1969,False,False,False,True,measured
17031813301,Cook County,"Chicago-Naperville-Elgin, IL-IN",metro,959,True,2.418,52422,3.233,4.268,13.0,0.1446,-0.1292,-0.1116,0.1576,-0.2584,5,-0.197,False,False,False,True,measured
55079120300,Milwaukee County,"Milwaukee-Waukesha, WI",metro,853,False,0.15,72208,2.576,5.128,75.0,-0.0451,-0.0505,-0.2006,0.1173,-0.0183,5,-0.1973,False,False,False,True,measured
17055040500,Franklin County,,rural,1372,False,0.983,61006,5.032,10.459,47.0,0.0245,-0.0951,0.1323,-0.1324,-0.1267,5,-0.1974,False,False,False,False,measured
17031806300,Cook County,"Chicago-Naperville-Elgin, IL-IN",metro,1644,False,-1.219,96415,3.233,7.385,84.0,-0.1597,0.0458,-0.1116,0.0116,0.0165,5,-0.1974,False,False,False,True,measured
55079080100,Milwaukee County,"Milwaukee-Waukesha, WI",metro,1184,False,-0.184,90870,2.576,4.302,53.0,-0.0731,0.0237,-0.2006,0.156,-0.1035,5,-0.1975,False,False,False,True,measured
17031410200,Cook County,"Chicago-Naperville-Elgin, IL-IN",metro,720,False,1.15,56848,3.233,2.39,13.0,0.0385,-0.1116,-0.1116,0.2455,-0.2584,5,-0.1976,False,False,False,True,measured
17031816700,Cook County,"Chicago-Naperville-Elgin, IL-IN",metro,974,True,3.078,68177,3.233,8.292,31.0,0.1998,-0.0665,-0.1116,-0.0309,-0.1887,5,-0.1979,False,False,False,True,measured
17001000100,Adams County,"Quincy, IL-MO",micro,2321,False,0.978,69851,4.451,11.431,70.0,0.0241,-0.0599,0.0535,-0.1779,-0.0377,5,-0.1979,False,False,False,False,measured
17031600700,Cook County,"Chicago-Naperville-Elgin, IL-IN",metro,1278,True,3.348,71382,3.233,9.049,31.0,0.2223,-0.0538,-0.1116,-0.0663,-0.1887,5,-0.1981,False,True,False,True,measured
17031804405,Cook County,"Chicago-Naperville-Elgin, IL-IN",metro,1078,True,-0.092,76906,3.233,3.045,27.0,-0.0654,-0.0318,-0.1116,0.2149,-0.2042,5,-0.1981,False,False,False,True,measured
17031400400,Cook County,"Chicago-Naperville-Elgin, IL-IN",metro,883,True,2.199,32235,3.233,3.096,24.0,0.1262,-0.2095,-0.1116,0.2125,-0.2158,5,-0.1982,False,False,False,True,measured
17031805301,Cook County,"Chicago-Naperville-Elgin, IL-IN",metro,1081,False,-1.38,137614,3.233,9.374,69.0,-0.1732,0.2097,-0.1116,-0.0816,-0.0416,5,-0.1982,False,False,False,True,measured
55019950600,Clark County,,rural,1763,False,0.671,67736,3.127,7.54,78.0,-0.0016,-0.0683,-0.126,0.0043,-0.0067,5,-0.1983,False,False,False,False,measured
17067954200,Hancock County,,rural,1021,False,1.176,72375,5.518,11.128,22.0,0.0406,-0.0498,0.1981,-0.1637,-0.2235,5,-0.1984,False,False,False,False,measured
17031823001,Cook County,"Chicago-Naperville-Elgin, IL-IN",metro,2698,True,1.446,64963,3.233,9.907,89.0,0.0632,-0.0793,-0.1116,-0.1065,0.0359,5,-0.1984,False,False,False,True,measured
55001950400,Adams County,,rural,2097,True,-0.287,50504,4.348,10.557,110.0,-0.0817,-0.1368,0.0395,-0.137,0.1171,5,-0.1988,False,False,False,False,measured
55139003200,Winnebago County,"Oshkosh-Neenah, WI",metro,911,False,0.31,100323,1.083,4.012,81.0,-0.0318,0.0613,-0.4029,0.1695,0.0049,5,-0.1989,False,False,False,False,measured
17097862501,Lake County,"Chicago-Naperville-Elgin, IL-IN",metro,1222,True,2.07,66447,2.585,4.328,29.0,0.1155,-0.0734,-0.1993,0.1548,-0.1964,5,-0.199,False,False,False,True,measured
17203030700,Woodford County,"Peoria, IL",metro,1779,False,2.195,78438,4.202,16.863,109.0,0.1259,-0.0257,0.0198,-0.4323,0.1133,5,-0.1991,False,False,False,False,measured
17031820400,Cook County,"Chicago-Naperville-Elgin, IL-IN",metro,1846,True,2.432,53580,3.233,7.331,48.0,0.1457,-0.1246,-0.1116,0.0141,-0.1229,5,-0.1992,False,False,False,True,measured
17031816900,Cook County,"Chicago-Naperville-Elgin, IL-IN",metro,1664,False,-1.071,103816,3.233,8.163,82.0,-0.1473,0.0752,-0.1116,-0.0248,0.0088,5,-0.1997,False,False,False,True,measured
55079080400,Milwaukee County,"Milwaukee-Waukesha, WI",metro,1990,False,2.986,47157,2.576,6.138,51.0,0.192,-0.1502,-0.2006,0.07,-0.1113,5,-0.2,False,False,False,True,measured
17163502500,St. Clair County,"St. Louis, MO-IL",metro,325,True,-2.674,29276,6.452,1.606,1.0,-0.2814,-0.2213,0.3247,0.2822,-0.3048,5,-0.2006,False,False,False,False,measured
17031670600,Cook County,"Chicago-Naperville-Elgin, IL-IN",metro,375,True,2.221,53472,3.233,3.674,8.0,0.128,-0.125,-0.1116,0.1854,-0.2777,5,-0.2009,False,False,False,True,measured
17031819500,Cook County,"Chicago-Naperville-Elgin, IL-IN",metro,1493,False,1.652,93224,3.233,9.92,55.0,0.0805,0.0331,-0.1116,-0.1071,-0.0958,5,-0.2009,False,False,False,True,measured
17161021900,Rock Island County,"Davenport-Moline-Rock Island, IA-IL",metro,827,True,2.069,34221,5.221,9.842,36.0,0.1153,-0.2016,0.1578,-0.1035,-0.1693,5,-0.2013,False,False,False,False,measured
17031381400,Cook County,"Chicago-Naperville-Elgin, IL-IN",metro,756,True,1.873,47931,3.233,3.75,22.0,0.099,-0.1471,-0.1116,0.1818,-0.2235,5,-0.2014,False,False,False,True,measured
17031804315,Cook County,"Chicago-Naperville-Elgin, IL-IN",metro,891,False,-0.527,101806,3.233,5.857,44.0,-0.1018,0.0672,-0.1116,0.0831,-0.1384,5,-0.2014,True,False,False,True,measured
17161023300,Rock Island County,"Davenport-Moline-Rock Island, IA-IL",metro,1228,False,-2.165,54967,5.221,5.287,51.0,-0.2388,-0.1191,0.1578,0.1098,-0.1113,5,-0.2015,False,False,False,False,measured
17143003200,Peoria County,"Peoria, IL",metro,2320,False,1.418,64417,4.713,12.847,73.0,0.0609,-0.0815,0.089,-0.2442,-0.0261,5,-0.2019,False,False,False,False,measured
17031844700,Cook County,"Chicago-Naperville-Elgin, IL-IN",metro,746,True,1.864,60250,3.233,4.791,22.0,0.0982,-0.0981,-0.1116,0.1331,-0.2235,5,-0.2019,True,False,False,True,measured
17031351500,Cook County,"Chicago-Naperville-Elgin, IL-IN",metro,380,True,2.011,77206,3.233,5.09,5.0,0.1105,-0.0306,-0.1116,0.1191,-0.2893,5,-0.202,False,False,False,True,measured
17031830001,Cook County,"Chicago-Naperville-Elgin, IL-IN",metro,1236,True,2.697,46071,3.233,5.493,27.0,0.1679,-0.1545,-0.1116,0.1002,-0.2042,5,-0.2021,False,False,False,True,measured
55049950300,Iowa County,"Madison, WI",metro,1224,True,-1.424,76875,5.595,8.17,34.0,-0.1768,-0.0319,0.2085,-0.0252,-0.1771,5,-0.2025,False,False,False,False,measured
17031700200,Cook County,"Chicago-Naperville-Elgin, IL-IN",metro,1850,False,-0.647,82451,3.233,6.503,74.0,-0.1118,-0.0098,-0.1116,0.0529,-0.0222,5,-0.2025,False,False,False,True,measured
17031804314,Cook County,"Chicago-Naperville-Elgin, IL-IN",metro,611,False,-0.527,101635,3.233,5.538,40.0,-0.1018,0.0665,-0.1116,0.0981,-0.1538,5,-0.2026,True,False,False,True,measured
17031242700,Cook County,"Chicago-Naperville-Elgin, IL-IN",metro,801,False,1.352,82351,3.233,6.349,29.0,0.0553,-0.0102,-0.1116,0.0601,-0.1964,5,-0.2027,False,False,False,True,measured
55079003500,Milwaukee County,"Milwaukee-Waukesha, WI",metro,1293,True,-0.771,72589,2.576,3.467,73.0,-0.1222,-0.049,-0.2006,0.1951,-0.0261,5,-0.2028,False,False,False,True,measured
17031031501,Cook County,"Chicago-Naperville-Elgin, IL-IN",metro,2094,True,1.793,52250,3.233,5.004,34.0,0.0922,-0.1299,-0.1116,0.1231,-0.1771,5,-0.2032,False,False,False,True,measured
17031806202,Cook County,"Chicago-Naperville-Elgin, IL-IN",metro,2547,False,0.024,77544,3.233,9.222,97.0,-0.0557,-0.0293,-0.1116,-0.0744,0.0668,5,-0.2042,False,False,False,True,measured
17031803701,Cook County,"Chicago-Naperville-Elgin, IL-IN",metro,1409,False,0.33,85433,3.233,6.883,54.0,-0.0301,0.0021,-0.1116,0.0351,-0.0996,5,-0.2042,False,False,False,True,measured
17031252102,Cook County,"Chicago-Naperville-Elgin, IL-IN",metro,2244,True,0.49,52049,3.233,4.007,50.0,-0.0167,-0.1307,-0.1116,0.1698,-0.1151,5,-0.2043,False,False,False,True,measured
17031200100,Cook County,"Chicago-Naperville-Elgin, IL-IN",metro,1310,False,-0.091,81131,3.233,3.869,31.0,-0.0654,-0.015,-0.1116,0.1762,-0.1887,5,-0.2044,False,False,False,True,measured
17097861901,Lake County,"Chicago-Naperville-Elgin, IL-IN",metro,1093,True,-1.637,89183,2.585,3.062,69.0,-0.1946,0.017,-0.1993,0.214,-0.0416,5,-0.2045,False,False,False,True,measured
55079000502,Milwaukee County,"Milwaukee-Waukesha, WI",metro,1711,True,1.593,48914,2.576,4.316,56.0,0.0755,-0.1432,-0.2006,0.1553,-0.0919,5,-0.2048,False,False,False,True,measured
17031840800,Cook County,"Chicago-Naperville-Elgin, IL-IN",metro,996,True,3.515,48750,3.233,5.836,10.0,0.2363,-0.1438,-0.1116,0.0841,-0.27,5,-0.2049,False,False,False,True,measured
55095960100,Polk County,,rural,1582,False,0.254,68833,2.692,8.42,110.0,-0.0365,-0.0639,-0.1848,-0.0369,0.1171,5,-0.205,False,False,False,False,measured
17161021400,Rock Island County,"Davenport-Moline-Rock Island, IA-IL",metro,525,True,0.23,56458,5.221,7.544,24.0,-0.0385,-0.1132,0.1578,0.0042,-0.2158,5,-0.2054,False,False,False,False,measured
17197881601,Will County,"Chicago-Naperville-Elgin, IL-IN",metro,917,False,0.759,70469,4.616,8.758,34.0,0.0057,-0.0574,0.0758,-0.0527,-0.1771,5,-0.2056,False,False,False,False,measured
55003950400,Ashland County,,rural,1128,False,2.38,39500,5.723,13.22,46.0,0.1414,-0.1806,0.2259,-0.2617,-0.1306,5,-0.2056,False,False,False,False,measured
17167001600,Sangamon County,"Springfield, IL",metro,1292,True,-0.738,22063,7.206,8.398,21.0,-0.1195,-0.25,0.4269,-0.0358,-0.2274,5,-0.2058,False,False,False,False,measured
17043844304,DuPage County,"Chicago-Naperville-Elgin, IL-IN",metro,1756,False,0.629,93160,3.131,10.541,87.0,-0.0051,0.0328,-0.1254,-0.1362,0.0281,5,-0.2058,False,False,False,False,measured
17031822101,Cook County,"Chicago-Naperville-Elgin, IL-IN",metro,1551,False,-0.395,88906,3.233,7.572,74.0,-0.0907,0.0159,-0.1116,0.0028,-0.0222,5,-0.2058,False,False,False,True,measured
17179021202,Tazewell County,"Peoria, IL",metro,1281,False,-2.964,102917,4.884,8.21,65.0,-0.3057,0.0716,0.1122,-0.0271,-0.0571,5,-0.206,False,False,False,False,measured
17031430300,Cook County,"Chicago-Naperville-Elgin, IL-IN",metro,1050,True,1.766,38542,3.233,2.782,21.0,0.09,-0.1844,-0.1116,0.2272,-0.2274,5,-0.2062,False,False,False,True,measured
17031691100,Cook County,"Chicago-Naperville-Elgin, IL-IN",metro,1119,True,1.281,25614,3.233,2.637,43.0,0.0494,-0.2359,-0.1116,0.2339,-0.1422,5,-0.2063,False,False,False,True,measured
17113000200,McLean County,"Bloomington, IL",metro,268,True,1.044,20756,6.799,8.655,1.0,0.0297,-0.2552,0.3718,-0.0479,-0.3048,5,-0.2064,False,True,False,True,measured
17031491200,Cook County,"Chicago-Naperville-Elgin, IL-IN",metro,664,True,0.273,57407,3.233,3.457,42.0,-0.0348,-0.1094,-0.1116,0.1955,-0.1461,5,-0.2064,False,False,False,True,measured
55079005800,Milwaukee County,"Milwaukee-Waukesha, WI",metro,1469,False,-1.841,84904,2.576,4.004,89.0,-0.2117,-0.0,-0.2006,0.1699,0.0359,5,-0.2065,False,False,False,True,measured
17031251000,Cook County,"Chicago-Naperville-Elgin, IL-IN",metro,407,True,2.772,40625,3.233,3.522,6.0,0.1741,-0.1761,-0.1116,0.1925,-0.2855,5,-0.2066,False,False,False,True,measured
55049950600,Iowa County,"Madison, WI",metro,1490,False,-0.593,83178,5.595,13.423,72.0,-0.1073,-0.0069,0.2085,-0.2712,-0.03,5,-0.2069,False,False,False,False,measured
17025972100,Clay County,,rural,2064,False,-1.196,45391,6.562,11.361,65.0,-0.1578,-0.1572,0.3396,-0.1746,-0.0571,5,-0.207,False,False,False,False,measured
55097960701,Portage County,"Stevens Point-Plover, WI",micro,2188,False,2.273,101902,-1.641,6.64,162.0,0.1324,0.0676,-0.7721,0.0465,0.3185,5,-0.2072,False,False,False,False,measured
17031420400,Cook County,"Chicago-Naperville-Elgin, IL-IN",metro,768,True,1.988,37946,3.233,2.416,12.0,0.1086,-0.1868,-0.1116,0.2443,-0.2622,5,-0.2077,False,False,False,True,measured
17111870606,McHenry County,"Chicago-Naperville-Elgin, IL-IN",metro,1797,False,0.349,65417,4.254,11.228,90.0,-0.0285,-0.0775,0.0269,-0.1684,0.0397,5,-0.2079,False,False,False,False,measured
17031804711,Cook County,"Chicago-Naperville-Elgin, IL-IN",metro,2605,False,-2.464,85376,3.233,6.95,114.0,-0.2638,0.0019,-0.1116,0.032,0.1326,5,-0.2089,False,False,False,True,measured
17031823806,Cook County,"Chicago-Naperville-Elgin, IL-IN",metro,1770,True,2.015,65431,3.233,8.628,58.0,0.1108,-0.0775,-0.1116,-0.0466,-0.0842,5,-0.209,False,False,False,True,measured
17043846410,DuPage County,"Chicago-Naperville-Elgin, IL-IN",metro,2283,False,1.377,71564,3.131,7.968,61.0,0.0575,-0.0531,-0.1254,-0.0157,-0.0725,5,-0.2093,False,False,False,False,measured
55101001501,Racine County,"Racine-Mount Pleasant, WI",metro,1511,False,1.875,92587,-1.776,2.727,137.0,0.0991,0.0306,-0.7904,0.2297,0.2217,5,-0.2094,False,False,False,True,measured
17043842710,DuPage County,"Chicago-Naperville-Elgin, IL-IN",metro,1759,False,0.345,75764,3.131,8.722,88.0,-0.0289,-0.0364,-0.1254,-0.051,0.032,5,-0.2097,False,False,False,False,measured
55135100300,Waupaca County,,rural,1752,False,1.141,68640,1.882,9.482,131.0,0.0378,-0.0647,-0.2947,-0.0866,0.1984,5,-0.2098,False,False,False,False,measured
17031081401,Cook County,"Chicago-Naperville-Elgin, IL-IN",metro,1609,False,2.287,83292,3.233,10.089,51.0,0.1336,-0.0064,-0.1116,-0.1151,-0.1113,5,-0.2107,False,False,False,True,measured
17031823200,Cook County,"Chicago-Naperville-Elgin, IL-IN",metro,1792,False,-0.451,95585,3.233,8.558,79.0,-0.0955,0.0425,-0.1116,-0.0433,-0.0029,5,-0.2108,False,False,False,True,measured
17031806802,Cook County,"Chicago-Naperville-Elgin, IL-IN",metro,1145,False,1.176,121202,3.233,9.178,25.0,0.0406,0.1444,-0.1116,-0.0724,-0.2119,5,-0.2109,False,False,False,True,measured
17031823400,Cook County,"Chicago-Naperville-Elgin, IL-IN",metro,1797,True,-0.144,62515,3.233,4.239,54.0,-0.0698,-0.0891,-0.1116,0.1589,-0.0996,5,-0.2111,False,False,False,True,measured
55009002002,Brown County,"Green Bay, WI",metro,1933,False,-1.723,65882,2.607,4.444,109.0,-0.2019,-0.0757,-0.1964,0.1493,0.1133,5,-0.2113,False,False,False,True,measured
17031040202,Cook County,"Chicago-Naperville-Elgin, IL-IN",metro,2839,True,-0.851,67832,3.233,5.169,75.0,-0.1289,-0.0679,-0.1116,0.1154,-0.0183,5,-0.2114,False,False,False,True,measured
17031813302,Cook County,"Chicago-Naperville-Elgin, IL-IN",metro,952,True,1.421,61250,3.233,3.964,18.0,0.0612,-0.0941,-0.1116,0.1718,-0.239,5,-0.2117,False,False,False,True,measured
17031681000,Cook County,"Chicago-Naperville-Elgin, IL-IN",metro,1134,True,1.707,30556,3.233,2.861,30.0,0.085,-0.2162,-0.1116,0.2234,-0.1926,5,-0.2118,False,False,False,True,measured
17049950100,Effingham County,"Effingham, IL",micro,1539,False,0.194,103482,7.033,16.938,25.0,-0.0414,0.0739,0.4035,-0.4358,-0.2119,5,-0.2118,False,False,False,False,measured
55121100800,Trempealeau County,,rural,1756,False,0.884,87625,2.472,9.411,95.0,0.0162,0.0108,-0.2147,-0.0833,0.0591,5,-0.2119,False,False,False,False,measured
17031292400,Cook County,"Chicago-Naperville-Elgin, IL-IN",metro,722,True,2.928,41733,3.233,4.512,12.0,0.1872,-0.1717,-0.1116,0.1461,-0.2622,5,-0.2123,False,False,False,True,measured
55025003002,Dane County,"Madison, WI",metro,1557,True,0.482,71941,2.659,4.208,50.0,-0.0174,-0.0516,-0.1893,0.1604,-0.1151,5,-0.213,False,False,False,False,measured
17031660600,Cook County,"Chicago-Naperville-Elgin, IL-IN",metro,2155,True,0.711,45738,3.233,3.902,48.0,0.0018,-0.1558,-0.1116,0.1747,-0.1229,5,-0.2138,False,False,False,True,measured
17051950600,Fayette County,,rural,937,False,0.066,63750,6.622,12.116,24.0,-0.0522,-0.0842,0.3478,-0.21,-0.2158,5,-0.2143,False,False,False,False,measured
55025000902,Dane County,"Madison, WI",metro,2782,False,0.874,41620,2.659,3.696,66.0,0.0154,-0.1722,-0.1893,0.1843,-0.0532,5,-0.215,False,False,False,False,measured
17201004200,Winnebago County,"Rockford, IL",metro,2289,False,-0.852,97791,5.151,17.475,125.0,-0.129,0.0513,0.1484,-0.461,0.1752,5,-0.215,False,False,False,False,measured
55135100500,Waupaca County,,rural,1364,False,5.373,66688,1.882,9.549,41.0,0.3917,-0.0725,-0.2947,-0.0898,-0.15,5,-0.2153,False,False,False,False,measured
55045960700,Green County,"Madison, WI",metro,1388,True,-2.038,77368,4.862,7.176,57.0,-0.2282,-0.03,0.1093,0.0214,-0.088,5,-0.2156,False,False,False,False,measured
17031670500,Cook County,"Chicago-Naperville-Elgin, IL-IN",metro,399,True,2.655,35188,3.233,3.627,13.0,0.1644,-0.1978,-0.1116,0.1876,-0.2584,5,-0.2157,False,False,False,True,measured
17031806201,Cook County,"Chicago-Naperville-Elgin, IL-IN",metro,2265,True,-0.658,70343,3.233,8.465,107.0,-0.1127,-0.0579,-0.1116,-0.039,0.1055,5,-0.2157,False,False,False,True,measured
17031800800,Cook County,"Chicago-Naperville-Elgin, IL-IN",metro,1036,False,1.339,121111,3.233,12.211,57.0,0.0543,0.144,-0.1116,-0.2144,-0.088,5,-0.2157,False,False,False,True,measured
17081050900,Jefferson County,"Mount Vernon, IL",micro,1089,True,0.007,43850,6.481,9.447,18.0,-0.0572,-0.1633,0.3286,-0.085,-0.239,5,-0.2159,False,False,False,False,measured
55005001001,Barron County,"Rice Lake, WI",micro,744,False,1.996,71111,6.002,17.489,61.0,0.1092,-0.0549,0.2637,-0.4616,-0.0725,5,-0.2161,False,False,False,False,measured
55071005200,Manitowoc County,"Manitowoc, WI",micro,2096,False,0.975,71810,-0.096,3.701,129.0,0.0238,-0.0521,-0.5627,0.1841,0.1907,5,-0.2162,False,False,False,False,measured
17031827805,Cook County,"Chicago-Naperville-Elgin, IL-IN",metro,946,False,-1.697,97500,3.233,6.115,73.0,-0.1997,0.0501,-0.1116,0.0711,-0.0261,5,-0.2162,False,False,False,True,measured
17031820202,Cook County,"Chicago-Naperville-Elgin, IL-IN",metro,1310,True,0.996,78182,3.233,6.396,38.0,0.0256,-0.0267,-0.1116,0.0579,-0.1616,5,-0.2164,False,False,False,True,measured
17119403403,Madison County,"St. Louis, MO-IL",metro,1371,True,0.884,68525,3.735,8.32,56.0,0.0163,-0.0652,-0.0435,-0.0322,-0.0919,5,-0.2165,True,False,False,False,measured
17099963200,LaSalle County,"Ottawa, IL",micro,1227,False,0.065,66513,6.809,14.178,39.0,-0.0522,-0.0732,0.3731,-0.3066,-0.1577,5,-0.2166,False,False,False,False,measured
55087011200,Outagamie County,"Appleton, WI",metro,1092,False,-1.15,84545,3.366,7.795,90.0,-0.1539,-0.0014,-0.0936,-0.0076,0.0397,5,-0.2168,False,False,False,False,measured
17031770700,Cook County,"Chicago-Naperville-Elgin, IL-IN",metro,1143,False,1.905,77821,3.233,7.517,32.0,0.1016,-0.0282,-0.1116,0.0054,-0.1848,5,-0.2176,False,False,False,True,measured
17031570300,Cook County,"Chicago-Naperville-Elgin, IL-IN",metro,1821,True,1.942,57303,3.233,5.762,31.0,0.1048,-0.1098,-0.1116,0.0876,-0.1887,5,-0.2177,False,False,False,True,measured
17097865000,Lake County,"Chicago-Naperville-Elgin, IL-IN",metro,392,False,-0.209,242000,2.585,16.067,35.0,-0.0752,0.6249,-0.1993,-0.395,-0.1732,5,-0.2178,False,False,False,True,measured
55079000102,Milwaukee County,"Milwaukee-Waukesha, WI",metro,1712,True,1.249,47844,2.576,3.887,56.0,0.0467,-0.1474,-0.2006,0.1754,-0.0919,5,-0.2178,False,False,False,True,measured
17201002900,Winnebago County,"Rockford, IL",metro,990,True,1.32,21016,5.151,4.73,2.0,0.0527,-0.2541,0.1484,0.1359,-0.301,5,-0.2181,True,False,False,False,measured
17031430101,Cook County,"Chicago-Naperville-Elgin, IL-IN",metro,1837,True,1.755,31875,3.233,2.88,26.0,0.0891,-0.211,-0.1116,0.2226,-0.208,5,-0.219,False,False,False,True,measured
17201002500,Winnebago County,"Rockford, IL",metro,836,True,-2.99,40400,5.151,3.249,57.0,-0.3078,-0.177,0.1484,0.2053,-0.088,5,-0.2192,False,False,False,False,measured
17031825304,Cook County,"Chicago-Naperville-Elgin, IL-IN",metro,1621,False,-0.233,101089,3.233,9.519,78.0,-0.0772,0.0644,-0.1116,-0.0884,-0.0067,5,-0.2195,False,False,False,True,measured
55079019600,Milwaukee County,"Milwaukee-Waukesha, WI",metro,1726,False,-0.648,69783,2.576,6.784,109.0,-0.1119,-0.0602,-0.2006,0.0398,0.1133,5,-0.2196,False,False,False,True,measured
17043842702,DuPage County,"Chicago-Naperville-Elgin, IL-IN",metro,1961,False,0.236,102798,3.131,10.885,86.0,-0.038,0.0712,-0.1254,-0.1523,0.0242,5,-0.2203,False,False,False,False,measured
17019001100,Champaign County,"Champaign-Urbana, IL",metro,1629,False,-0.544,97330,3.725,10.668,85.0,-0.1032,0.0494,-0.0448,-0.1422,0.0204,5,-0.2204,False,False,False,False,measured
17117957200,Macoupin County,"St. Louis, MO-IL",metro,1940,True,-1.902,55781,6.611,15.464,114.0,-0.2168,-0.1159,0.3463,-0.3668,0.1326,5,-0.2205,False,False,False,False,measured
17031711300,Cook County,"Chicago-Naperville-Elgin, IL-IN",metro,629,True,0.648,67478,3.233,3.797,24.0,-0.0035,-0.0693,-0.1116,0.1796,-0.2158,5,-0.2206,False,False,False,True,measured
55079021400,Milwaukee County,"Milwaukee-Waukesha, WI",metro,1682,True,4.309,32268,2.576,5.282,22.0,0.3027,-0.2094,-0.2006,0.1101,-0.2235,5,-0.2207,False,True,False,True,measured
17201000515,Winnebago County,"Rockford, IL",metro,1141,False,-1.543,74430,5.151,8.179,50.0,-0.1868,-0.0417,0.1484,-0.0256,-0.1151,5,-0.2208,True,False,False,False,measured
17189950100,Washington County,,rural,1320,False,-0.657,80147,5.825,12.212,50.0,-0.1126,-0.0189,0.2397,-0.2145,-0.1151,5,-0.2214,True,False,False,False,measured
17143001200,Peoria County,"Peoria, IL",metro,757,True,2.788,25529,4.713,7.042,8.0,0.1755,-0.2362,0.089,0.0276,-0.2777,5,-0.2218,True,False,False,False,measured
17031020500,Cook County,"Chicago-Naperville-Elgin, IL-IN",metro,2313,True,2.009,37819,3.233,5.142,41.0,0.1104,-0.1873,-0.1116,0.1166,-0.15,5,-0.2219,False,False,False,True,measured
55043960200,Grant County,"Platteville, WI",micro,1810,False,1.344,59519,4.697,11.691,61.0,0.0547,-0.101,0.0868,-0.1901,-0.0725,5,-0.2221,False,False,False,False,measured
17141961600,Ogle County,"Rochelle, IL",micro,1315,False,1.214,64574,3.917,9.221,56.0,0.0438,-0.0809,-0.0189,-0.0744,-0.0919,5,-0.2223,False,False,False,False,measured
17031700100,Cook County,"Chicago-Naperville-Elgin, IL-IN",metro,997,False,-0.08,81091,3.233,4.765,37.0,-0.0644,-0.0152,-0.1116,0.1343,-0.1655,5,-0.2223,False,False,False,True,measured
17031811402,Cook County,"Chicago-Naperville-Elgin, IL-IN",metro,1347,False,-1.354,87250,3.233,5.989,73.0,-0.171,0.0093,-0.1116,0.0769,-0.0261,5,-0.2224,False,False,False,True,measured
55139001500,Winnebago County,"Oshkosh-Neenah, WI",metro,1469,False,1.074,77792,1.083,6.863,116.0,0.0321,-0.0283,-0.4029,0.036,0.1404,5,-0.2227,False,False,False,False,measured
55079101300,Milwaukee County,"Milwaukee-Waukesha, WI",metro,1305,False,0.077,81144,2.576,6.636,79.0,-0.0513,-0.015,-0.2006,0.0466,-0.0029,5,-0.2231,False,False,False,True,measured
17031824127,Cook County,"Chicago-Naperville-Elgin, IL-IN",metro,1472,False,0.626,100313,3.233,12.475,95.0,-0.0054,0.0613,-0.1116,-0.2268,0.0591,5,-0.2234,True,False,False,True,measured
17183001200,Vermilion County,"Danville, IL",micro,1588,False,1.976,54016,3.315,8.549,63.0,0.1076,-0.1229,-0.1005,-0.0429,-0.0648,5,-0.2235,False,False,False,False,measured
17157951300,Randolph County,,rural,1285,False,-0.015,77589,5.557,11.582,40.0,-0.0589,-0.0291,0.2034,-0.185,-0.1538,5,-0.2235,False,False,False,False,measured
17081050700,Jefferson County,"Mount Vernon, IL",micro,1405,False,-3.767,66536,6.481,8.684,65.0,-0.3728,-0.0731,0.3286,-0.0493,-0.0571,5,-0.2236,False,False,False,False,measured
17143002100,Peoria County,"Peoria, IL",metro,1758,True,-0.648,43629,4.713,6.864,61.0,-0.1119,-0.1642,0.089,0.036,-0.0725,5,-0.2237,False,False,False,False,measured
55079004300,Milwaukee County,"Milwaukee-Waukesha, WI",metro,2095,True,-0.636,47623,2.576,3.695,93.0,-0.1109,-0.1483,-0.2006,0.1844,0.0513,5,-0.2241,False,False,False,True,measured
17043841708,DuPage County,"Chicago-Naperville-Elgin, IL-IN",metro,1819,True,2.939,61286,3.131,8.136,36.0,0.1881,-0.094,-0.1254,-0.0236,-0.1693,5,-0.2242,True,False,False,False,measured
17031251500,Cook County,"Chicago-Naperville-Elgin, IL-IN",metro,1453,True,0.717,54938,3.233,3.678,33.0,0.0023,-0.1192,-0.1116,0.1852,-0.1809,5,-0.2243,False,False,False,True,measured
17031681100,Cook County,"Chicago-Naperville-Elgin, IL-IN",metro,926,True,1.419,28827,3.233,2.965,36.0,0.061,-0.2231,-0.1116,0.2186,-0.1693,5,-0.2244,False,False,False,True,measured
55079170400,Milwaukee County,"Milwaukee-Waukesha, WI",metro,1101,False,-1.967,97094,2.576,5.204,89.0,-0.2223,0.0485,-0.2006,0.1137,0.0359,5,-0.2248,False,False,False,True,measured
55079019200,Milwaukee County,"Milwaukee-Waukesha, WI",metro,1358,False,-0.632,61520,2.576,5.731,103.0,-0.1106,-0.093,-0.2006,0.089,0.09,5,-0.2252,False,False,False,True,measured
17031830202,Cook County,"Chicago-Naperville-Elgin, IL-IN",metro,1024,False,-1.759,91886,3.233,6.303,80.0,-0.2048,0.0278,-0.1116,0.0622,0.001,5,-0.2254,False,False,False,True,measured
17043841503,DuPage County,"Chicago-Naperville-Elgin, IL-IN",metro,928,False,1.183,99340,3.131,8.016,33.0,0.0413,0.0574,-0.1254,-0.018,-0.1809,5,-0.2257,False,False,False,False,measured
55079000900,Milwaukee County,"Milwaukee-Waukesha, WI",metro,1615,True,3.345,44193,2.576,6.919,49.0,0.2221,-0.162,-0.2006,0.0334,-0.119,5,-0.226,False,False,False,True,measured
17031820501,Cook County,"Chicago-Naperville-Elgin, IL-IN",metro,1965,False,-0.649,74614,3.233,8.159,96.0,-0.112,-0.0409,-0.1116,-0.0247,0.0629,5,-0.2262,False,False,False,True,measured
55139003300,Winnebago County,"Oshkosh-Neenah, WI",metro,1341,False,1.628,61793,1.083,3.85,83.0,0.0784,-0.0919,-0.4029,0.1772,0.0126,5,-0.2266,False,False,False,False,measured
17031310900,Cook County,"Chicago-Naperville-Elgin, IL-IN",metro,1926,True,2.673,84571,3.233,9.416,29.0,0.1659,-0.0013,-0.1116,-0.0835,-0.1964,5,-0.227,False,False,False,True,measured
55139002201,Winnebago County,"Oshkosh-Neenah, WI",metro,2097,False,-1.125,95958,1.083,9.537,176.0,-0.1518,0.044,-0.4029,-0.0892,0.3727,5,-0.2273,False,False,False,False,measured
17057953300,Fulton County,"Canton, IL",micro,1472,False,0.04,75179,4.795,11.094,61.0,-0.0544,-0.0387,0.1001,-0.1621,-0.0725,5,-0.2276,False,False,False,False,measured
17019005701,Champaign County,"Champaign-Urbana, IL",metro,2367,False,0.068,67066,3.725,10.348,97.0,-0.052,-0.071,-0.0448,-0.1272,0.0668,5,-0.2282,False,False,False,False,measured
17139977000,Moultrie County,,rural,1093,False,0.389,62450,5.742,11.576,39.0,-0.0252,-0.0893,0.2285,-0.1847,-0.1577,5,-0.2284,False,False,False,False,measured
17019000800,Champaign County,"Champaign-Urbana, IL",metro,2920,False,0.617,69265,3.725,9.216,69.0,-0.0061,-0.0622,-0.0448,-0.0742,-0.0416,5,-0.2289,False,False,False,False,measured
17043846404,DuPage County,"Chicago-Naperville-Elgin, IL-IN",metro,2730,False,-0.23,95682,3.131,11.285,106.0,-0.077,0.0429,-0.1254,-0.1711,0.1017,5,-0.229,False,False,False,False,measured
17159978300,Richland County,,rural,1338,False,0.352,78264,6.638,13.726,18.0,-0.0282,-0.0264,0.3499,-0.2854,-0.239,5,-0.2292,False,False,False,False,measured
55079011200,Milwaukee County,"Milwaukee-Waukesha, WI",metro,1604,False,1.746,62016,2.576,5.819,51.0,0.0884,-0.0911,-0.2006,0.0849,-0.1113,5,-0.2297,False,False,False,True,measured
17031620400,Cook County,"Chicago-Naperville-Elgin, IL-IN",metro,1320,True,1.275,56798,3.233,4.787,31.0,0.0489,-0.1118,-0.1116,0.1333,-0.1887,5,-0.2299,False,False,False,True,measured
55119960500,Taylor County,,rural,1391,False,1.74,67255,4.619,13.08,62.0,0.0878,-0.0702,0.0762,-0.2551,-0.0687,5,-0.23,False,False,False,False,measured
17057953200,Fulton County,"Canton, IL",micro,1093,False,1.194,65542,4.795,11.086,45.0,0.0422,-0.077,0.1001,-0.1617,-0.1345,5,-0.231,False,False,False,False,measured
17043845902,DuPage County,"Chicago-Naperville-Elgin, IL-IN",metro,1278,False,-1.464,116694,3.131,7.441,64.0,-0.1802,0.1264,-0.1254,0.0089,-0.0609,5,-0.2312,True,False,False,False,measured
17043842704,DuPage County,"Chicago-Naperville-Elgin, IL-IN",metro,2107,False,-1.445,105495,3.131,9.667,102.0,-0.1785,0.0819,-0.1254,-0.0953,0.0862,5,-0.2312,False,False,False,False,measured
17031803016,Cook County,"Chicago-Naperville-Elgin, IL-IN",metro,937,False,0.215,133150,3.233,8.997,26.0,-0.0397,0.1919,-0.1116,-0.0639,-0.208,5,-0.2314,False,False,False,True,measured
55025000100,Dane County,"Madison, WI",metro,1351,False,0.18,99954,2.659,8.678,77.0,-0.0427,0.0599,-0.1893,-0.049,-0.0106,5,-0.2317,False,False,False,False,measured
17157950900,Randolph County,,rural,1384,False,0.293,65703,5.557,11.96,48.0,-0.0332,-0.0764,0.2034,-0.2027,-0.1229,5,-0.2318,False,False,False,False,measured
55035001101,Eau Claire County,"Eau Claire, WI",metro,1178,False,6.17,50441,1.628,6.735,11.0,0.4584,-0.1371,-0.3291,0.042,-0.2661,5,-0.2319,False,False,False,False,measured
17041952200,Douglas County,,rural,2056,False,-0.008,72581,4.655,13.62,99.0,-0.0584,-0.049,0.0811,-0.2804,0.0746,5,-0.2322,False,False,False,False,measured
55079170600,Milwaukee County,"Milwaukee-Waukesha, WI",metro,1523,True,-0.131,61164,2.576,4.519,76.0,-0.0686,-0.0944,-0.2006,0.1458,-0.0145,5,-0.2324,False,False,False,True,measured
17031803615,Cook County,"Chicago-Naperville-Elgin, IL-IN",metro,1138,False,0.937,107941,3.233,9.16,38.0,0.0207,0.0916,-0.1116,-0.0715,-0.1616,5,-0.2324,True,False,False,True,measured
17031806001,Cook County,"Chicago-Naperville-Elgin, IL-IN",metro,2520,True,1.355,66165,3.233,9.417,75.0,0.0556,-0.0746,-0.1116,-0.0836,-0.0183,5,-0.2324,False,False,False,True,measured
17179020800,Tazewell County,"Peoria, IL",metro,1227,True,-2.124,54886,4.884,4.132,40.0,-0.2354,-0.1194,0.1122,0.1639,-0.1538,5,-0.2325,False,False,False,False,measured
17031824701,Cook County,"Chicago-Naperville-Elgin, IL-IN",metro,1356,False,-0.576,56726,3.233,4.839,71.0,-0.1059,-0.1121,-0.1116,0.1308,-0.0338,5,-0.2326,False,False,False,True,measured
17029000100,Coles County,"Charleston-Mattoon, IL",micro,1104,False,-1.853,63354,7.504,12.594,36.0,-0.2127,-0.0857,0.4673,-0.2324,-0.1693,5,-0.2329,False,False,False,False,measured
17139976900,Moultrie County,,rural,1748,False,-1.355,96747,5.742,13.549,64.0,-0.1711,0.0471,0.2285,-0.2771,-0.0609,5,-0.2335,True,False,False,False,measured
55105002300,Rock County,"Janesville-Beloit, WI",metro,867,True,0.781,40169,3.865,4.817,36.0,0.0076,-0.178,-0.0259,0.1319,-0.1693,5,-0.2337,False,False,False,False,measured
17031822702,Cook County,"Chicago-Naperville-Elgin, IL-IN",metro,1445,False,-0.055,74801,3.233,6.997,67.0,-0.0623,-0.0402,-0.1116,0.0297,-0.0493,5,-0.2337,False,False,False,True,measured
17031720700,Cook County,"Chicago-Naperville-Elgin, IL-IN",metro,1231,False,-0.886,87188,3.233,5.247,51.0,-0.1318,0.0091,-0.1116,0.1117,-0.1113,5,-0.2338,False,False,False,True,measured
17031030702,Cook County,"Chicago-Naperville-Elgin, IL-IN",metro,1482,False,-0.466,60603,3.233,4.483,60.0,-0.0967,-0.0967,-0.1116,0.1475,-0.0764,5,-0.2339,True,False,False,True,measured
17031825501,Cook County,"Chicago-Naperville-Elgin, IL-IN",metro,1798,True,-2.058,62300,3.233,6.661,119.0,-0.2298,-0.0899,-0.1116,0.0455,0.152,5,-0.2339,False,False,False,True,measured
17119403401,Madison County,"St. Louis, MO-IL",metro,1669,False,0.191,73569,3.735,9.95,81.0,-0.0418,-0.0451,-0.0435,-0.1086,0.0049,5,-0.234,False,False,False,False,measured
17043843602,DuPage County,"Chicago-Naperville-Elgin, IL-IN",metro,1125,False,-1.233,128813,3.131,11.022,89.0,-0.1608,0.1747,-0.1254,-0.1587,0.0359,5,-0.2345,False,False,False,False,measured
55095960702,Polk County,,rural,934,False,0.655,68750,2.692,5.304,56.0,-0.0029,-0.0643,-0.1848,0.1091,-0.0919,5,-0.2349,True,False,False,False,measured
17165955600,Saline County,,rural,985,False,0.37,77396,5.421,11.194,29.0,-0.0268,-0.0299,0.185,-0.1668,-0.1964,5,-0.2349,False,False,False,False,measured
17163502900,St. Clair County,"St. Louis, MO-IL",metro,623,True,-3.796,40469,6.452,1.373,2.0,-0.3752,-0.1768,0.3247,0.2931,-0.301,5,-0.2351,False,False,False,False,measured
17097865801,Lake County,"Chicago-Naperville-Elgin, IL-IN",metro,1274,False,-0.265,153458,2.585,13.451,91.0,-0.0799,0.2727,-0.1993,-0.2725,0.0436,5,-0.2354,False,False,False,True,measured
17031843800,Cook County,"Chicago-Naperville-Elgin, IL-IN",metro,710,True,0.778,58846,3.233,3.535,23.0,0.0074,-0.1037,-0.1116,0.1919,-0.2197,5,-0.2356,False,False,False,True,measured
17143001600,Peoria County,"Peoria, IL",metro,1656,True,2.323,27409,4.713,8.324,28.0,0.1366,-0.2287,0.089,-0.0324,-0.2003,5,-0.2358,True,False,False,False,measured
55105001500,Rock County,"Janesville-Beloit, WI",metro,680,False,1.642,46250,3.865,4.935,12.0,0.0796,-0.1538,-0.0259,0.1263,-0.2622,5,-0.236,False,False,False,False,measured
17121952700,Marion County,"Centralia, IL",micro,1315,True,-2.257,43229,7.574,9.775,28.0,-0.2465,-0.1658,0.4768,-0.1003,-0.2003,5,-0.2361,False,False,False,False,measured
17069971000,Hardin County,,rural,853,False,5.328,55536,4.903,15.155,10.0,0.3879,-0.1168,0.1147,-0.3523,-0.27,5,-0.2365,False,False,False,False,measured
55079009500,Milwaukee County,"Milwaukee-Waukesha, WI",metro,936,False,0.81,66429,2.576,4.596,50.0,0.01,-0.0735,-0.2006,0.1422,-0.1151,5,-0.237,False,False,False,True,measured
17031691300,Cook County,"Chicago-Naperville-Elgin, IL-IN",metro,1048,True,-0.415,64940,3.233,2.695,32.0,-0.0924,-0.0794,-0.1116,0.2312,-0.1848,5,-0.237,False,False,False,True,measured
17031140200,Cook County,"Chicago-Naperville-Elgin, IL-IN",metro,1962,True,0.836,75067,3.233,5.215,25.0,0.0122,-0.0391,-0.1116,0.1132,-0.2119,5,-0.2372,False,False,False,True,measured
17031823303,Cook County,"Chicago-Naperville-Elgin, IL-IN",metro,1656,False,-0.166,70732,3.233,7.275,76.0,-0.0716,-0.0564,-0.1116,0.0167,-0.0145,5,-0.2373,False,False,False,True,measured
17031810701,Cook County,"Chicago-Naperville-Elgin, IL-IN",metro,1845,True,0.351,64410,3.233,5.679,52.0,-0.0284,-0.0815,-0.1116,0.0915,-0.1074,5,-0.2374,False,False,False,True,measured
55079000501,Milwaukee County,"Milwaukee-Waukesha, WI",metro,1405,True,0.401,67054,2.576,5.006,63.0,-0.0242,-0.071,-0.2006,0.123,-0.0648,5,-0.2377,False,False,False,True,measured
17055040400,Franklin County,,rural,1678,False,1.957,56494,5.032,11.519,33.0,0.106,-0.113,0.1323,-0.182,-0.1809,5,-0.2377,False,False,False,False,measured
17031807700,Cook County,"Chicago-Naperville-Elgin, IL-IN",metro,2337,False,1.978,60671,3.233,9.681,69.0,0.1077,-0.0964,-0.1116,-0.0959,-0.0416,5,-0.2378,False,False,False,True,measured
17031381900,Cook County,"Chicago-Naperville-Elgin, IL-IN",metro,526,True,0.153,73750,3.233,3.071,15.0,-0.0449,-0.0444,-0.1116,0.2136,-0.2506,5,-0.2379,False,False,False,True,measured
17195000300,Whiteside County,"Sterling, IL",micro,1274,False,-0.571,72875,4.957,10.013,55.0,-0.1055,-0.0479,0.1221,-0.1115,-0.0958,5,-0.2385,False,False,False,False,measured
17031804706,Cook County,"Chicago-Naperville-Elgin, IL-IN",metro,713,False,-1.469,125956,3.233,7.025,44.0,-0.1806,0.1633,-0.1116,0.0284,-0.1384,5,-0.2388,True,False,False,True,measured
17001000202,Adams County,"Quincy, IL-MO",micro,1072,False,2.02,75117,4.451,11.972,38.0,0.1112,-0.0389,0.0535,-0.2033,-0.1616,5,-0.2391,False,False,False,False,measured
17197883401,Will County,"Chicago-Naperville-Elgin, IL-IN",metro,1665,False,0.916,59506,4.616,12.131,74.0,0.0189,-0.101,0.0758,-0.2107,-0.0222,5,-0.2392,False,False,False,False,measured
17031812802,Cook County,"Chicago-Naperville-Elgin, IL-IN",metro,1204,False,-1.643,101106,3.233,4.695,45.0,-0.1952,0.0644,-0.1116,0.1375,-0.1345,5,-0.2393,False,False,False,True,measured
17031200200,Cook County,"Chicago-Naperville-Elgin, IL-IN",metro,1665,True,0.389,69335,3.233,4.148,27.0,-0.0252,-0.0619,-0.1116,0.1632,-0.2042,5,-0.2397,False,False,False,True,measured
17031824300,Cook County,"Chicago-Naperville-Elgin, IL-IN",metro,1501,True,-0.241,49632,3.233,4.002,59.0,-0.0778,-0.1403,-0.1116,0.17,-0.0803,5,-0.24,False,False,False,True,measured
17031820901,Cook County,"Chicago-Naperville-Elgin, IL-IN",metro,1783,True,-0.948,74233,3.233,6.898,84.0,-0.137,-0.0425,-0.1116,0.0344,0.0165,5,-0.2402,False,False,False,True,measured
17031836800,Cook County,"Chicago-Naperville-Elgin, IL-IN",metro,1002,True,2.842,30914,3.233,5.03,24.0,0.18,-0.2148,-0.1116,0.1219,-0.2158,5,-0.2402,False,True,False,True,measured
55079120101,Milwaukee County,"Milwaukee-Waukesha, WI",metro,1943,False,1.155,68125,2.576,8.163,83.0,0.0389,-0.0668,-0.2006,-0.0249,0.0126,5,-0.2408,False,False,False,True,measured
17031671600,Cook County,"Chicago-Naperville-Elgin, IL-IN",metro,706,True,1.143,45286,3.233,3.311,25.0,0.0379,-0.1576,-0.1116,0.2024,-0.2119,5,-0.2408,False,False,False,True,measured
55079000700,Milwaukee County,"Milwaukee-Waukesha, WI",metro,1393,True,-0.509,55813,2.576,2.914,68.0,-0.1003,-0.1157,-0.2006,0.221,-0.0454,5,-0.2411,False,False,False,True,measured
17097861304,Lake County,"Chicago-Naperville-Elgin, IL-IN",metro,927,True,0.219,85560,2.585,4.378,39.0,-0.0394,0.0026,-0.1993,0.1524,-0.1577,5,-0.2414,False,False,False,True,measured
17031805202,Cook County,"Chicago-Naperville-Elgin, IL-IN",metro,1583,False,-0.741,101953,3.233,10.069,89.0,-0.1197,0.0678,-0.1116,-0.1141,0.0359,5,-0.2418,False,False,False,True,measured
17119404100,Madison County,"St. Louis, MO-IL",metro,1393,True,2.112,51797,3.735,9.966,60.0,0.119,-0.1317,-0.0435,-0.1093,-0.0764,5,-0.2419,False,False,False,False,measured
17031711500,Cook County,"Chicago-Naperville-Elgin, IL-IN",metro,823,True,0.344,56677,3.233,3.704,35.0,-0.029,-0.1123,-0.1116,0.184,-0.1732,5,-0.242,False,False,False,True,measured
17011965400,Bureau County,"Ottawa, IL",micro,1701,False,0.427,68042,4.366,10.412,63.0,-0.022,-0.0671,0.0419,-0.1302,-0.0648,5,-0.2421,False,False,False,False,measured
17031814100,Cook County,"Chicago-Naperville-Elgin, IL-IN",metro,1333,True,1.441,61867,3.233,4.616,17.0,0.0628,-0.0916,-0.1116,0.1412,-0.2429,5,-0.2421,False,False,False,True,measured
17031830500,Cook County,"Chicago-Naperville-Elgin, IL-IN",metro,1125,True,0.708,78347,3.233,4.875,19.0,0.0015,-0.0261,-0.1116,0.1291,-0.2351,5,-0.2422,False,False,False,True,measured
17123961500,Marshall County,"Peoria, IL",metro,831,False,0.316,69875,5.252,12.034,52.0,-0.0313,-0.0598,0.1621,-0.2061,-0.1074,5,-0.2425,False,False,False,False,measured
17179020900,Tazewell County,"Peoria, IL",metro,753,True,-1.423,49432,4.884,4.971,38.0,-0.1767,-0.1411,0.1122,0.1246,-0.1616,5,-0.2426,False,False,False,False,measured
55079003000,Milwaukee County,"Milwaukee-Waukesha, WI",metro,1242,True,-2.156,71250,2.576,2.559,83.0,-0.2381,-0.0543,-0.2006,0.2376,0.0126,5,-0.2428,False,False,False,True,measured
17063000300,Grundy County,"Chicago-Naperville-Elgin, IL-IN",metro,1562,True,2.096,82214,6.278,21.137,75.0,0.1176,-0.0107,0.3011,-0.6325,-0.0183,5,-0.2429,False,False,False,False,measured
55071010400,Manitowoc County,"Manitowoc, WI",micro,2678,False,1.631,77339,-0.096,7.652,150.0,0.0787,-0.0301,-0.5627,-0.0009,0.272,5,-0.2431,False,False,False,False,measured
17031251600,Cook County,"Chicago-Naperville-Elgin, IL-IN",metro,1169,True,0.539,46869,3.233,3.582,39.0,-0.0126,-0.1513,-0.1116,0.1897,-0.1577,5,-0.2435,False,False,False,True,measured
55079003700,Milwaukee County,"Milwaukee-Waukesha, WI",metro,905,False,-0.565,55938,2.576,2.552,64.0,-0.105,-0.1152,-0.2006,0.2379,-0.0609,5,-0.2438,False,False,False,True,measured
55139001300,Winnebago County,"Oshkosh-Neenah, WI",metro,1340,False,2.147,77265,1.083,6.129,79.0,0.1218,-0.0304,-0.4029,0.0704,-0.0029,5,-0.2439,False,False,False,False,measured
17031818401,Cook County,"Chicago-Naperville-Elgin, IL-IN",metro,1305,False,0.439,86827,3.233,10.358,82.0,-0.021,0.0076,-0.1116,-0.1277,0.0088,5,-0.2439,False,False,False,True,measured
17031020400,Cook County,"Chicago-Naperville-Elgin, IL-IN",metro,1658,False,-0.204,73790,3.233,5.461,50.0,-0.0748,-0.0442,-0.1116,0.1017,-0.1151,5,-0.244,False,False,False,True,measured
17031805402,Cook County,"Chicago-Naperville-Elgin, IL-IN",metro,1722,False,-1.036,99184,3.233,9.686,93.0,-0.1443,0.0568,-0.1116,-0.0962,0.0513,5,-0.244,False,False,False,True,measured
17031190402,Cook County,"Chicago-Naperville-Elgin, IL-IN",metro,1726,True,0.222,63140,3.233,4.661,42.0,-0.0392,-0.0866,-0.1116,0.1391,-0.1461,5,-0.2443,False,False,False,True,measured
17031822601,Cook County,"Chicago-Naperville-Elgin, IL-IN",metro,1506,False,-2.256,96471,3.233,8.857,112.0,-0.2464,0.046,-0.1116,-0.0574,0.1249,5,-0.2444,False,False,False,True,measured
55079160102,Milwaukee County,"Milwaukee-Waukesha, WI",metro,1262,False,3.357,50667,2.576,5.985,26.0,0.2231,-0.1362,-0.2006,0.0771,-0.208,5,-0.2446,True,False,False,True,measured
17031612100,Cook County,"Chicago-Naperville-Elgin, IL-IN",metro,398,True,2.545,26250,3.233,3.452,15.0,0.1552,-0.2333,-0.1116,0.1958,-0.2506,5,-0.2446,False,False,False,True,measured
55079001500,Milwaukee County,"Milwaukee-Waukesha, WI",metro,1135,True,1.111,46884,2.576,3.392,47.0,0.0352,-0.1512,-0.2006,0.1986,-0.1267,5,-0.2448,False,False,False,True,measured
17163501501,St. Clair County,"St. Louis, MO-IL",metro,623,False,-5.812,80990,6.452,4.648,41.0,-0.5439,-0.0156,0.3247,0.1398,-0.15,5,-0.245,True,False,False,False,measured
17031520400,Cook County,"Chicago-Naperville-Elgin, IL-IN",metro,1396,True,1.416,50751,3.233,5.261,36.0,0.0608,-0.1359,-0.1116,0.111,-0.1693,5,-0.245,False,False,False,True,measured
55119960100,Taylor County,,rural,1658,False,-0.766,65739,4.619,9.626,72.0,-0.1218,-0.0762,0.0762,-0.0934,-0.03,5,-0.2452,False,False,False,False,measured
17167001800,Sangamon County,"Springfield, IL",metro,869,True,-2.946,50893,7.206,10.315,52.0,-0.3041,-0.1353,0.4269,-0.1256,-0.1074,5,-0.2455,False,False,False,False,measured
17043840102,DuPage County,"Chicago-Naperville-Elgin, IL-IN",metro,1773,False,1.684,91824,3.131,10.599,56.0,0.0832,0.0275,-0.1254,-0.1389,-0.0919,5,-0.2456,False,False,False,False,measured
17043846702,DuPage County,"Chicago-Naperville-Elgin, IL-IN",metro,1227,False,-0.475,101576,3.131,8.156,63.0,-0.0974,0.0663,-0.1254,-0.0245,-0.0648,5,-0.2459,False,False,False,False,measured
55101001602,Racine County,"Racine-Mount Pleasant, WI",metro,1255,False,2.256,116612,-1.776,4.252,113.0,0.131,0.1261,-0.7904,0.1583,0.1288,5,-0.2462,False,False,False,True,measured
17089853601,Kane County,"Chicago-Naperville-Elgin, IL-IN",metro,815,True,-3.504,83281,5.101,4.255,31.0,-0.3508,-0.0065,0.1416,0.1582,-0.1887,5,-0.2462,True,False,False,False,measured
17141961400,Ogle County,"Rochelle, IL",micro,1946,False,0.08,71000,3.917,9.087,66.0,-0.051,-0.0553,-0.0189,-0.0681,-0.0532,5,-0.2466,False,False,False,False,measured
17097866100,Lake County,"Chicago-Naperville-Elgin, IL-IN",metro,1193,True,2.392,48372,2.585,3.665,20.0,0.1424,-0.1453,-0.1993,0.1858,-0.2313,5,-0.2477,False,False,False,True,measured
17031824113,Cook County,"Chicago-Naperville-Elgin, IL-IN",metro,2289,False,-0.499,131023,3.233,16.822,134.0,-0.0995,0.1834,-0.1116,-0.4304,0.2101,5,-0.2479,False,False,False,True,measured
17031770202,Cook County,"Chicago-Naperville-Elgin, IL-IN",metro,2003,False,-1.46,90096,3.233,9.487,108.0,-0.1798,0.0206,-0.1116,-0.0869,0.1094,5,-0.2482,False,False,False,True,measured
17031010502,Cook County,"Chicago-Naperville-Elgin, IL-IN",metro,1606,True,0.429,63125,3.233,5.035,41.0,-0.0218,-0.0866,-0.1116,0.1216,-0.15,5,-0.2484,False,False,False,True,measured
17031010400,Cook County,"Chicago-Naperville-Elgin, IL-IN",metro,2099,False,1.093,54083,3.233,4.878,34.0,0.0337,-0.1226,-0.1116,0.129,-0.1771,5,-0.2486,False,False,False,True,measured
17037000700,DeKalb County,"Chicago-Naperville-Elgin, IL-IN",metro,1607,False,1.388,87917,2.663,12.333,103.0,0.0584,0.012,-0.1889,-0.2201,0.09,5,-0.2486,False,False,False,False,measured
55135100600,Waupaca County,,rural,2128,False,-0.762,82733,1.882,8.611,137.0,-0.1215,-0.0086,-0.2947,-0.0458,0.2217,5,-0.249,False,False,False,False,measured
17031151001,Cook County,"Chicago-Naperville-Elgin, IL-IN",metro,869,False,-0.94,94435,3.233,4.534,32.0,-0.1363,0.0379,-0.1116,0.1451,-0.1848,5,-0.2497,False,False,False,True,measured
17031828504,Cook County,"Chicago-Naperville-Elgin, IL-IN",metro,1534,True,-4.068,71154,3.233,4.575,124.0,-0.398,-0.0547,-0.1116,0.1432,0.1713,5,-0.2497,False,False,False,True,measured
55009940003,Brown County,"Green Bay, WI",metro,1448,False,0.951,76912,2.607,7.921,72.0,0.0218,-0.0318,-0.1964,-0.0135,-0.03,5,-0.2498,False,False,False,True,measured
17043844305,DuPage County,"Chicago-Naperville-Elgin, IL-IN",metro,1953,False,1.183,88294,3.131,8.935,49.0,0.0412,0.0135,-0.1254,-0.061,-0.119,5,-0.2508,False,False,False,False,measured
17161024000,Rock Island County,"Davenport-Moline-Rock Island, IA-IL",metro,1605,False,-2.78,96250,5.221,13.548,109.0,-0.2903,0.0451,0.1578,-0.277,0.1133,5,-0.2511,False,False,False,False,measured
17031520500,Cook County,"Chicago-Naperville-Elgin, IL-IN",metro,1510,True,-0.877,90651,3.233,6.757,61.0,-0.1311,0.0229,-0.1116,0.041,-0.0725,5,-0.2514,False,False,False,True,measured
17031830006,Cook County,"Chicago-Naperville-Elgin, IL-IN",metro,1185,True,-0.268,67417,3.233,5.227,53.0,-0.0801,-0.0696,-0.1116,0.1126,-0.1035,5,-0.2521,False,False,False,True,measured
55079101000,Milwaukee County,"Milwaukee-Waukesha, WI",metro,2375,False,0.401,80431,2.576,8.19,84.0,-0.0242,-0.0178,-0.2006,-0.0261,0.0165,5,-0.2523,False,False,False,True,measured
17031834600,Cook County,"Chicago-Naperville-Elgin, IL-IN",metro,901,True,1.631,26587,3.233,2.923,26.0,0.0787,-0.232,-0.1116,0.2206,-0.208,5,-0.2524,False,False,False,True,measured
17031821001,Cook County,"Chicago-Naperville-Elgin, IL-IN",metro,1665,True,0.218,51685,3.233,6.829,78.0,-0.0395,-0.1322,-0.1116,0.0376,-0.0067,5,-0.2524,False,False,False,True,measured
55043961100,Grant County,"Platteville, WI",micro,1717,False,-1.619,73528,4.697,13.779,128.0,-0.1931,-0.0453,0.0868,-0.2879,0.1868,5,-0.2526,False,False,False,False,measured
17031301600,Cook County,"Chicago-Naperville-Elgin, IL-IN",metro,1478,True,2.568,43077,3.233,5.507,20.0,0.1571,-0.1664,-0.1116,0.0995,-0.2313,5,-0.2526,False,False,False,True,measured
17089851500,Kane County,"Chicago-Naperville-Elgin, IL-IN",metro,382,False,-1.524,72083,5.101,4.665,3.0,-0.1852,-0.051,0.1416,0.139,-0.2971,5,-0.2528,True,False,False,False,measured
17043840706,DuPage County,"Chicago-Naperville-Elgin, IL-IN",metro,1149,False,-0.085,98849,3.131,8.446,59.0,-0.0648,0.0555,-0.1254,-0.0381,-0.0803,5,-0.2532,False,False,False,False,measured
55079014100,Milwaukee County,"Milwaukee-Waukesha, WI",metro,938,True,4.575,35000,2.576,4.956,1.0,0.325,-0.1985,-0.2006,0.1253,-0.3048,5,-0.2536,False,False,False,True,measured
17043841207,DuPage County,"Chicago-Naperville-Elgin, IL-IN",metro,843,False,-0.923,109327,3.131,7.272,52.0,-0.1349,0.0971,-0.1254,0.0169,-0.1074,5,-0.2537,False,False,False,False,measured
55117011302,Sheboygan County,"Sheboygan, WI",metro,1194,False,1.06,88125,5.146,16.75,75.0,0.0309,0.0128,0.1477,-0.427,-0.0183,5,-0.2539,True,False,False,False,measured
55087011502,Outagamie County,"Appleton, WI",metro,1906,False,-3.317,75978,3.366,6.801,124.0,-0.3351,-0.0355,-0.0936,0.039,0.1713,5,-0.2539,True,False,False,False,measured
17031271800,Cook County,"Chicago-Naperville-Elgin, IL-IN",metro,253,True,1.748,90331,3.233,6.854,5.0,0.0885,0.0216,-0.1116,0.0365,-0.2893,5,-0.2544,False,False,False,True,measured
17001010600,Adams County,"Quincy, IL-MO",micro,2306,False,1.27,82832,4.451,12.28,46.0,0.0485,-0.0083,0.0535,-0.2177,-0.1306,5,-0.2546,False,False,False,False,measured
17031817600,Cook County,"Chicago-Naperville-Elgin, IL-IN",metro,1270,True,0.127,52317,3.233,6.36,73.0,-0.0471,-0.1296,-0.1116,0.0596,-0.0261,5,-0.2548,False,False,False,True,measured
55009001702,Brown County,"Green Bay, WI",metro,1860,True,2.462,66176,2.607,5.611,21.0,0.1482,-0.0745,-0.1964,0.0946,-0.2274,5,-0.2554,False,False,False,True,measured
17031823500,Cook County,"Chicago-Naperville-Elgin, IL-IN",metro,1467,True,-1.361,72945,3.233,4.227,58.0,-0.1715,-0.0476,-0.1116,0.1595,-0.0842,5,-0.2554,False,False,False,True,measured
55039041500,Fond du Lac County,"Fond du Lac, WI",metro,1418,False,-0.691,54216,5.907,12.984,75.0,-0.1155,-0.1221,0.2508,-0.2506,-0.0183,5,-0.2558,False,False,False,False,measured
17031680500,Cook County,"Chicago-Naperville-Elgin, IL-IN",metro,495,True,1.61,46250,3.233,3.888,17.0,0.077,-0.1538,-0.1116,0.1753,-0.2429,5,-0.2559,False,True,False,True,measured
17031222600,Cook County,"Chicago-Naperville-Elgin, IL-IN",metro,708,False,-0.391,97632,3.233,5.094,22.0,-0.0904,0.0506,-0.1116,0.1189,-0.2235,5,-0.256,False,False,False,True,measured
55077960200,Marquette County,,rural,1169,False,0.883,68125,3.361,10.692,88.0,0.0162,-0.0668,-0.0942,-0.1433,0.032,5,-0.2561,False,False,False,False,measured
55079004900,Milwaukee County,"Milwaukee-Waukesha, WI",metro,1584,True,-0.813,52781,2.576,3.26,78.0,-0.1257,-0.1278,-0.2006,0.2048,-0.0067,5,-0.2561,False,False,False,True,measured
17031460200,Cook County,"Chicago-Naperville-Elgin, IL-IN",metro,934,True,1.975,29022,3.233,3.168,18.0,0.1075,-0.2223,-0.1116,0.2091,-0.239,5,-0.2563,False,True,False,True,measured
55101000903,Racine County,"Racine-Mount Pleasant, WI",metro,1943,False,2.54,96335,-1.776,5.158,136.0,0.1547,0.0455,-0.7904,0.1159,0.2178,5,-0.2565,False,False,False,True,measured
17201000507,Winnebago County,"Rockford, IL",metro,1462,False,-1.758,62083,5.151,8.01,56.0,-0.2047,-0.0908,0.1484,-0.0177,-0.0919,5,-0.2567,False,False,False,False,measured
17141960700,Ogle County,"Rochelle, IL",micro,1543,False,-1.25,97399,3.917,10.749,85.0,-0.1623,0.0497,-0.0189,-0.146,0.0204,5,-0.2571,False,False,False,False,measured
17197881900,Will County,"Chicago-Naperville-Elgin, IL-IN",metro,1579,True,0.844,14865,4.616,5.13,32.0,0.0129,-0.2786,0.0758,0.1172,-0.1848,5,-0.2575,False,False,False,False,measured
17023060300,Clark County,,rural,2206,False,-1.28,59808,6.604,12.23,48.0,-0.1648,-0.0998,0.3453,-0.2153,-0.1229,5,-0.2575,False,False,False,False,measured
17097861804,Lake County,"Chicago-Naperville-Elgin, IL-IN",metro,1216,True,0.913,70722,2.585,4.209,33.0,0.0186,-0.0564,-0.1993,0.1603,-0.1809,5,-0.2577,False,False,False,True,measured
17097864106,Lake County,"Chicago-Naperville-Elgin, IL-IN",metro,1350,False,-1.422,129853,2.585,10.606,100.0,-0.1767,0.1788,-0.1993,-0.1392,0.0784,5,-0.258,False,False,False,True,measured
17031819300,Cook County,"Chicago-Naperville-Elgin, IL-IN",metro,1003,False,-0.488,106917,3.233,8.396,54.0,-0.0985,0.0876,-0.1116,-0.0358,-0.0996,5,-0.258,False,False,False,True,measured
55079120502,Milwaukee County,"Milwaukee-Waukesha, WI",metro,2634,False,-1.459,78037,2.576,6.777,108.0,-0.1797,-0.0273,-0.2006,0.0401,0.1094,5,-0.2582,False,False,False,True,measured
17115001500,Macon County,"Decatur, IL",metro,1768,False,-0.892,67831,3.438,7.845,89.0,-0.1323,-0.0679,-0.0838,-0.01,0.0359,5,-0.2582,False,False,False,False,measured
17195001101,Whiteside County,"Sterling, IL",micro,1206,False,1.659,83553,4.957,14.085,40.0,0.0811,-0.0054,0.1221,-0.3022,-0.1538,5,-0.2583,True,False,False,False,measured
17083010402,Jersey County,"St. Louis, MO-IL",metro,727,False,-1.679,71838,7.132,13.755,44.0,-0.1981,-0.052,0.4169,-0.2868,-0.1384,5,-0.2583,False,False,False,False,measured
17091012200,Kankakee County,"Kankakee, IL",metro,1313,False,1.282,67772,5.833,17.666,77.0,0.0495,-0.0682,0.2408,-0.4699,-0.0106,5,-0.2584,False,False,False,False,measured
17031612000,Cook County,"Chicago-Naperville-Elgin, IL-IN",metro,462,True,0.662,56667,3.233,3.631,23.0,-0.0023,-0.1123,-0.1116,0.1874,-0.2197,5,-0.2585,False,False,False,True,measured
17031710800,Cook County,"Chicago-Naperville-Elgin, IL-IN",metro,1887,True,-0.604,40191,3.233,3.362,64.0,-0.1082,-0.1779,-0.1116,0.2,-0.0609,5,-0.2586,False,False,False,True,measured
17031190100,Cook County,"Chicago-Naperville-Elgin, IL-IN",metro,862,False,1.327,56713,3.233,3.916,12.0,0.0533,-0.1121,-0.1116,0.174,-0.2622,5,-0.2586,False,False,False,True,measured
17097861509,Lake County,"Chicago-Naperville-Elgin, IL-IN",metro,1366,False,-0.17,99381,2.585,6.639,56.0,-0.072,0.0576,-0.1993,0.0465,-0.0919,5,-0.2591,False,False,False,True,measured
17113001302,McLean County,"Bloomington, IL",metro,466,True,-2.094,53214,6.799,8.258,17.0,-0.2328,-0.1261,0.3718,-0.0293,-0.2429,5,-0.2593,False,False,False,True,measured
17031510300,Cook County,"Chicago-Naperville-Elgin, IL-IN",metro,1890,True,-1.131,36232,3.233,3.174,77.0,-0.1523,-0.1936,-0.1116,0.2088,-0.0106,5,-0.2593,False,False,False,True,measured
55023960300,Crawford County,,rural,1037,False,0.669,68719,6.349,15.196,41.0,-0.0017,-0.0644,0.3108,-0.3542,-0.15,5,-0.2596,False,False,False,False,measured
55079011400,Milwaukee County,"Milwaukee-Waukesha, WI",metro,920,False,1.405,78548,2.576,5.111,25.0,0.0598,-0.0253,-0.2006,0.1181,-0.2119,5,-0.2599,False,False,False,True,measured
55079001000,Milwaukee County,"Milwaukee-Waukesha, WI",metro,1430,True,0.472,53214,2.576,3.939,57.0,-0.0182,-0.1261,-0.2006,0.173,-0.088,5,-0.26,False,False,False,True,measured
17031824125,Cook County,"Chicago-Naperville-Elgin, IL-IN",metro,1463,False,0.171,121991,3.233,13.131,81.0,-0.0434,0.1475,-0.1116,-0.2575,0.0049,5,-0.2602,True,False,False,True,measured
17031671800,Cook County,"Chicago-Naperville-Elgin, IL-IN",metro,403,True,1.023,52535,3.233,2.888,10.0,0.0279,-0.1288,-0.1116,0.2222,-0.27,5,-0.2602,False,False,False,True,measured
55115100700,Shawano County,"Shawano, WI",micro,1314,False,-0.091,61250,6.019,14.499,68.0,-0.0653,-0.0941,0.266,-0.3216,-0.0454,5,-0.2605,False,False,False,False,measured
17031250200,Cook County,"Chicago-Naperville-Elgin, IL-IN",metro,871,True,1.14,45956,3.233,3.619,23.0,0.0377,-0.1549,-0.1116,0.188,-0.2197,5,-0.2605,False,False,False,True,measured
55101001705,Racine County,"Racine-Mount Pleasant, WI",metro,2266,False,0.579,102054,-1.776,7.286,197.0,-0.0093,0.0682,-0.7904,0.0162,0.454,5,-0.2612,False,False,False,True,measured
17031804701,Cook County,"Chicago-Naperville-Elgin, IL-IN",metro,2395,False,-0.692,72232,3.233,8.137,90.0,-0.1156,-0.0504,-0.1116,-0.0236,0.0397,5,-0.2615,False,False,False,True,measured
17031570100,Cook County,"Chicago-Naperville-Elgin, IL-IN",metro,431,True,1.252,76490,3.233,5.524,12.0,0.047,-0.0335,-0.1116,0.0987,-0.2622,5,-0.2615,False,False,False,True,measured
17031222700,Cook County,"Chicago-Naperville-Elgin, IL-IN",metro,830,True,-0.731,88158,3.233,4.795,34.0,-0.1188,0.0129,-0.1116,0.1329,-0.1771,5,-0.2617,False,False,False,True,measured
55079003100,Milwaukee County,"Milwaukee-Waukesha, WI",metro,1269,True,-0.679,44958,2.576,2.462,72.0,-0.1145,-0.1589,-0.2006,0.2421,-0.03,5,-0.2619,False,False,False,True,measured
17031230100,Cook County,"Chicago-Naperville-Elgin, IL-IN",metro,645,True,0.0,84453,3.233,5.211,27.0,-0.0577,-0.0018,-0.1116,0.1134,-0.2042,5,-0.2619,False,False,False,True,measured
17031825200,Cook County,"Chicago-Naperville-Elgin, IL-IN",metro,732,False,0.669,74946,3.233,6.263,35.0,-0.0017,-0.0396,-0.1116,0.0641,-0.1732,5,-0.262,False,False,False,True,measured
17031802506,Cook County,"Chicago-Naperville-Elgin, IL-IN",metro,776,False,0.468,83056,3.233,5.683,24.0,-0.0185,-0.0074,-0.1116,0.0913,-0.2158,5,-0.262,False,False,False,True,measured
17031817000,Cook County,"Chicago-Naperville-Elgin, IL-IN",metro,1618,True,-0.999,78549,3.233,7.062,77.0,-0.1413,-0.0253,-0.1116,0.0267,-0.0106,5,-0.262,False,False,False,True,measured
17043840101,DuPage County,"Chicago-Naperville-Elgin, IL-IN",metro,1779,False,-0.298,92664,3.131,9.135,76.0,-0.0827,0.0309,-0.1254,-0.0704,-0.0145,5,-0.2621,False,False,False,False,measured
55087010300,Outagamie County,"Appleton, WI",metro,1158,True,1.764,46802,3.366,7.546,51.0,0.0898,-0.1516,-0.0936,0.0041,-0.1113,5,-0.2625,False,False,False,False,measured
17197883210,Will County,"Chicago-Naperville-Elgin, IL-IN",metro,1361,False,0.447,59821,4.616,11.899,75.0,-0.0203,-0.0998,0.0758,-0.1998,-0.0183,5,-0.2625,False,False,False,False,measured
17157950500,Randolph County,,rural,838,False,1.185,67917,5.557,12.667,27.0,0.0414,-0.0676,0.2034,-0.2358,-0.2042,5,-0.2628,False,False,False,False,measured
17177001200,Stephenson County,"Freeport, IL",micro,1750,True,3.068,53789,3.256,10.175,51.0,0.1989,-0.1238,-0.1084,-0.1191,-0.1113,5,-0.2637,False,False,False,False,measured
17031230500,Cook County,"Chicago-Naperville-Elgin, IL-IN",metro,1268,True,1.711,48371,3.233,4.093,13.0,0.0854,-0.1453,-0.1116,0.1658,-0.2584,5,-0.2641,False,False,False,True,measured
17043842605,DuPage County,"Chicago-Naperville-Elgin, IL-IN",metro,1490,False,-1.792,104375,3.131,9.575,101.0,-0.2076,0.0774,-0.1254,-0.091,0.0823,5,-0.2643,False,False,False,False,measured
55077960100,Marquette County,,rural,1297,False,0.677,61063,3.361,8.915,76.0,-0.0011,-0.0948,-0.0942,-0.0601,-0.0145,5,-0.2647,False,False,False,False,measured
17031430600,Cook County,"Chicago-Naperville-Elgin, IL-IN",metro,792,False,1.096,43479,3.233,3.095,19.0,0.0339,-0.1648,-0.1116,0.2125,-0.2351,5,-0.2651,False,False,False,True,measured
55079016300,Milwaukee County,"Milwaukee-Waukesha, WI",metro,1465,True,3.056,45329,2.576,5.708,29.0,0.1979,-0.1574,-0.2006,0.0901,-0.1964,5,-0.2665,False,False,False,True,measured
17031824128,Cook County,"Chicago-Naperville-Elgin, IL-IN",metro,1784,False,0.164,99744,3.233,11.695,85.0,-0.044,0.059,-0.1116,-0.1903,0.0204,5,-0.2665,True,False,False,True,measured
55079020100,Milwaukee County,"Milwaukee-Waukesha, WI",metro,1580,True,1.662,44271,2.576,4.878,50.0,0.0813,-0.1616,-0.2006,0.129,-0.1151,5,-0.2671,False,False,False,True,measured
17031681300,Cook County,"Chicago-Naperville-Elgin, IL-IN",metro,830,True,1.629,24113,3.233,2.541,20.0,0.0785,-0.2418,-0.1116,0.2384,-0.2313,5,-0.2677,False,False,False,True,measured
17019010500,Champaign County,"Champaign-Urbana, IL",metro,1559,False,-1.542,106458,3.725,12.829,111.0,-0.1867,0.0857,-0.0448,-0.2434,0.121,5,-0.2682,False,False,False,False,measured
17043840705,DuPage County,"Chicago-Naperville-Elgin, IL-IN",metro,1188,False,-1.236,126000,3.131,8.449,52.0,-0.1611,0.1635,-0.1254,-0.0383,-0.1074,5,-0.2687,False,False,False,False,measured
17043841313,DuPage County,"Chicago-Naperville-Elgin, IL-IN",metro,1170,False,1.26,86331,3.131,10.037,58.0,0.0477,0.0057,-0.1254,-0.1126,-0.0842,5,-0.2689,False,False,False,False,measured
17097864206,Lake County,"Chicago-Naperville-Elgin, IL-IN",metro,1453,True,-0.54,68185,2.585,4.783,71.0,-0.1029,-0.0665,-0.1993,0.1335,-0.0338,5,-0.2691,False,False,False,True,measured
17043845802,DuPage County,"Chicago-Naperville-Elgin, IL-IN",metro,1505,False,-1.199,94700,3.131,7.938,77.0,-0.158,0.039,-0.1254,-0.0143,-0.0106,5,-0.2694,False,False,False,False,measured
17031063301,Cook County,"Chicago-Naperville-Elgin, IL-IN",metro,2045,False,1.86,66901,3.233,6.463,18.0,0.0979,-0.0716,-0.1116,0.0548,-0.239,5,-0.2696,False,False,False,True,measured
55009021301,Brown County,"Green Bay, WI",metro,1423,False,0.813,79837,2.607,9.588,87.0,0.0103,-0.0202,-0.1964,-0.0916,0.0281,5,-0.2697,False,False,False,True,measured
55009001300,Brown County,"Green Bay, WI",metro,1138,True,-0.689,64891,2.607,5.396,84.0,-0.1153,-0.0796,-0.1964,0.1048,0.0165,5,-0.27,False,False,False,True,measured
17135957500,Montgomery County,,rural,1228,False,-1.194,83654,6.022,13.248,51.0,-0.1576,-0.005,0.2665,-0.263,-0.1113,5,-0.2704,False,False,False,False,measured
55131420401,Washington County,"Milwaukee-Waukesha, WI",metro,1105,False,0.018,66146,4.101,9.526,65.0,-0.0562,-0.0746,0.0061,-0.0887,-0.0571,5,-0.2705,False,False,False,False,measured
55009020800,Brown County,"Green Bay, WI",metro,1140,False,0.595,57188,2.607,6.309,75.0,-0.0079,-0.1103,-0.1964,0.062,-0.0183,5,-0.2709,False,False,False,True,measured
55033970801,Dunn County,"Menomonie, WI",micro,399,True,2.944,25966,4.562,8.223,11.0,0.1886,-0.2345,0.0686,-0.0276,-0.2661,5,-0.271,True,True,False,False,measured
17189950300,Washington County,,rural,1301,False,0.554,63207,5.825,14.499,56.0,-0.0114,-0.0863,0.2397,-0.3216,-0.0919,5,-0.2714,False,False,False,False,measured
17031824900,Cook County,"Chicago-Naperville-Elgin, IL-IN",metro,1025,True,-2.394,87393,3.233,4.79,68.0,-0.2579,0.0099,-0.1116,0.1331,-0.0454,5,-0.2719,False,False,False,True,measured
17135957300,Montgomery County,,rural,1305,False,-0.895,62390,6.022,11.622,46.0,-0.1326,-0.0896,0.2665,-0.1868,-0.1306,5,-0.2731,False,False,False,False,measured
17031823901,Cook County,"Chicago-Naperville-Elgin, IL-IN",metro,1593,False,-0.2,113558,3.233,11.865,79.0,-0.0744,0.114,-0.1116,-0.1982,-0.0029,5,-0.2731,False,False,False,True,measured
17097862800,Lake County,"Chicago-Naperville-Elgin, IL-IN",metro,732,True,4.404,22981,2.585,4.739,9.0,0.3107,-0.2463,-0.1993,0.1355,-0.2739,5,-0.2733,False,False,False,True,measured
17121951800,Marion County,"Centralia, IL",micro,840,True,-2.937,53167,7.574,9.373,18.0,-0.3034,-0.1263,0.4768,-0.0815,-0.239,5,-0.2734,False,False,False,False,measured
17141961301,Ogle County,"Rochelle, IL",micro,929,False,-0.441,104375,3.917,11.738,68.0,-0.0946,0.0774,-0.0189,-0.1923,-0.0454,5,-0.2738,True,False,False,False,measured
17031550200,Cook County,"Chicago-Naperville-Elgin, IL-IN",metro,958,False,-1.799,78357,3.233,3.658,50.0,-0.2081,-0.0261,-0.1116,0.1861,-0.1151,5,-0.2748,False,False,False,True,measured
17031301801,Cook County,"Chicago-Naperville-Elgin, IL-IN",metro,1209,True,1.908,51235,3.233,4.772,11.0,0.1019,-0.1339,-0.1116,0.134,-0.2661,5,-0.2758,False,False,False,True,measured
17043845505,DuPage County,"Chicago-Naperville-Elgin, IL-IN",metro,1465,False,-1.413,111250,3.131,7.944,63.0,-0.1759,0.1048,-0.1254,-0.0146,-0.0648,5,-0.2759,False,False,False,False,measured
55079000600,Milwaukee County,"Milwaukee-Waukesha, WI",metro,1924,True,-2.592,56541,2.576,3.48,110.0,-0.2745,-0.1128,-0.2006,0.1944,0.1171,5,-0.2764,False,False,False,True,measured
55089660303,Ozaukee County,"Milwaukee-Waukesha, WI",metro,1831,False,-3.516,165690,2.924,13.102,122.0,-0.3518,0.3213,-0.1535,-0.2562,0.1636,5,-0.2765,False,False,False,False,measured
17031835000,Cook County,"Chicago-Naperville-Elgin, IL-IN",metro,1950,True,-0.405,56279,3.233,3.814,44.0,-0.0916,-0.1139,-0.1116,0.1788,-0.1384,5,-0.2766,False,False,False,True,measured
17031826304,Cook County,"Chicago-Naperville-Elgin, IL-IN",metro,1307,True,1.131,44750,3.233,5.251,40.0,0.0369,-0.1597,-0.1116,0.1115,-0.1538,5,-0.2767,False,False,False,True,measured
55027960700,Dodge County,"Beaver Dam, WI",micro,2342,False,0.659,61667,2.624,10.869,122.0,-0.0026,-0.0924,-0.1941,-0.1516,0.1636,5,-0.2771,False,False,False,False,measured
17031191200,Cook County,"Chicago-Naperville-Elgin, IL-IN",metro,1083,True,1.166,51449,3.233,3.993,17.0,0.0398,-0.1331,-0.1116,0.1705,-0.2429,5,-0.2773,False,False,False,True,measured
17165955900,Saline County,,rural,1107,False,2.083,39816,5.421,11.061,18.0,0.1166,-0.1794,0.185,-0.1606,-0.239,5,-0.2774,False,False,False,False,measured
55107960200,Rusk County,,rural,816,False,-2.049,75409,5.694,10.724,57.0,-0.2291,-0.0378,0.222,-0.1448,-0.088,5,-0.2777,False,False,False,False,measured
17031825700,Cook County,"Chicago-Naperville-Elgin, IL-IN",metro,1449,True,-0.014,57790,3.233,5.741,57.0,-0.0589,-0.1079,-0.1116,0.0886,-0.088,5,-0.2778,False,False,False,True,measured
17097861012,Lake County,"Chicago-Naperville-Elgin, IL-IN",metro,1906,False,-1.724,98051,2.585,8.707,111.0,-0.2019,0.0523,-0.1993,-0.0503,0.121,5,-0.2782,False,False,False,True,measured
17031770201,Cook County,"Chicago-Naperville-Elgin, IL-IN",metro,2818,False,-0.302,90726,3.233,11.267,96.0,-0.083,0.0231,-0.1116,-0.1702,0.0629,5,-0.2787,False,False,False,True,measured
17117956000,Macoupin County,"St. Louis, MO-IL",metro,1146,False,-2.713,82969,6.611,12.859,57.0,-0.2847,-0.0077,0.3463,-0.2448,-0.088,5,-0.2789,False,False,False,False,measured
17031540102,Cook County,"Chicago-Naperville-Elgin, IL-IN",metro,1249,True,2.041,21107,3.233,2.684,13.0,0.113,-0.2538,-0.1116,0.2318,-0.2584,5,-0.279,False,True,False,True,measured
17043841320,DuPage County,"Chicago-Naperville-Elgin, IL-IN",metro,809,False,-1.241,100508,3.131,7.075,59.0,-0.1615,0.0621,-0.1254,0.0261,-0.0803,5,-0.2791,False,False,False,False,measured
17143002800,Peoria County,"Peoria, IL",metro,1530,False,-1.242,54886,4.713,7.613,57.0,-0.1616,-0.1194,0.089,0.0009,-0.088,5,-0.2792,False,False,False,False,measured
17019001301,Champaign County,"Champaign-Urbana, IL",metro,2657,False,-0.957,80461,3.725,11.076,101.0,-0.1378,-0.0177,-0.0448,-0.1613,0.0823,5,-0.2793,False,False,False,False,measured
17089854302,Kane County,"Chicago-Naperville-Elgin, IL-IN",metro,1257,True,-3.955,72516,5.101,4.821,50.0,-0.3885,-0.0493,0.1416,0.1317,-0.1151,5,-0.2797,False,False,False,False,measured
17091011600,Kankakee County,"Kankakee, IL",metro,535,True,2.802,43107,5.833,13.95,19.0,0.1766,-0.1663,0.2408,-0.2959,-0.2351,5,-0.2798,False,False,False,False,measured
55101000800,Racine County,"Racine-Mount Pleasant, WI",metro,2003,False,3.792,75112,-1.776,4.937,122.0,0.2594,-0.039,-0.7904,0.1262,0.1636,5,-0.2801,False,False,False,True,measured
17019001302,Champaign County,"Champaign-Urbana, IL",metro,2028,False,-0.333,103864,3.725,13.535,93.0,-0.0855,0.0754,-0.0448,-0.2764,0.0513,5,-0.2801,False,False,False,False,measured
17201002700,Winnebago County,"Rockford, IL",metro,968,True,-2.433,43879,5.151,3.281,26.0,-0.2612,-0.1632,0.1484,0.2038,-0.208,5,-0.2802,False,False,False,False,measured
17043845810,DuPage County,"Chicago-Naperville-Elgin, IL-IN",metro,1814,False,0.259,77645,3.131,8.168,63.0,-0.0361,-0.0289,-0.1254,-0.0251,-0.0648,5,-0.2803,False,False,False,False,measured
17141961500,Ogle County,"Rochelle, IL",micro,2011,False,2.05,68872,3.917,13.485,70.0,0.1138,-0.0638,-0.0189,-0.2741,-0.0377,5,-0.2807,False,False,False,False,measured
17167000800,Sangamon County,"Springfield, IL",metro,639,True,-2.851,35927,7.206,7.157,18.0,-0.2961,-0.1948,0.4269,0.0223,-0.239,5,-0.2808,False,False,False,False,measured
17197880114,Will County,"Chicago-Naperville-Elgin, IL-IN",metro,1074,True,1.176,60365,4.616,8.682,15.0,0.0407,-0.0976,0.0758,-0.0492,-0.2506,5,-0.2809,False,False,False,False,measured
55035000501,Eau Claire County,"Eau Claire, WI",metro,1692,False,-3.28,91923,1.628,5.507,145.0,-0.332,0.0279,-0.3291,0.0995,0.2526,5,-0.2811,False,False,False,False,measured
17031191301,Cook County,"Chicago-Naperville-Elgin, IL-IN",metro,1505,False,0.0,69783,3.233,4.71,31.0,-0.0577,-0.0602,-0.1116,0.1369,-0.1887,5,-0.2813,False,False,False,True,measured
17031730201,Cook County,"Chicago-Naperville-Elgin, IL-IN",metro,2133,True,-1.133,39734,3.233,3.87,76.0,-0.1524,-0.1797,-0.1116,0.1762,-0.0145,5,-0.282,False,False,False,True,measured
55079001400,Milwaukee County,"Milwaukee-Waukesha, WI",metro,969,True,1.969,47457,2.576,4.036,26.0,0.107,-0.149,-0.2006,0.1685,-0.208,5,-0.2822,False,False,False,True,measured
17031170600,Cook County,"Chicago-Naperville-Elgin, IL-IN",metro,953,False,-0.291,81004,3.233,6.651,49.0,-0.0821,-0.0155,-0.1116,0.046,-0.119,5,-0.2822,False,False,False,True,measured
55079000400,Milwaukee County,"Milwaukee-Waukesha, WI",metro,1303,True,2.763,51543,2.576,5.972,28.0,0.1734,-0.1327,-0.2006,0.0778,-0.2003,5,-0.2825,False,False,False,True,measured
17055040300,Franklin County,,rural,1446,True,2.317,48794,5.032,12.8,37.0,0.1361,-0.1437,0.1323,-0.242,-0.1655,5,-0.2827,False,False,False,False,measured
55087013100,Outagamie County,"Appleton, WI",metro,2224,False,-1.553,85069,3.366,13.489,150.0,-0.1876,0.0006,-0.0936,-0.2743,0.272,5,-0.2828,False,False,False,False,measured
55079005900,Milwaukee County,"Milwaukee-Waukesha, WI",metro,1479,True,-0.572,49290,2.576,3.883,77.0,-0.1055,-0.1417,-0.2006,0.1756,-0.0106,5,-0.2828,False,False,False,True,measured
55079020200,Milwaukee County,"Milwaukee-Waukesha, WI",metro,1172,True,-0.587,58026,2.576,5.265,85.0,-0.1068,-0.1069,-0.2006,0.1109,0.0204,5,-0.2831,False,False,False,True,measured
55043960700,Grant County,"Platteville, WI",micro,1716,False,1.575,85000,4.697,18.719,99.0,0.0741,0.0004,0.0868,-0.5192,0.0746,5,-0.2834,False,False,False,False,measured
17091012300,Kankakee County,"Kankakee, IL",metro,1435,True,0.903,44063,5.833,13.95,58.0,0.0179,-0.1625,0.2408,-0.2959,-0.0842,5,-0.2838,False,False,False,False,measured
55079005700,Milwaukee County,"Milwaukee-Waukesha, WI",metro,961,False,-3.068,90451,2.576,4.683,98.0,-0.3143,0.0221,-0.2006,0.1381,0.0707,5,-0.284,False,False,False,True,measured
17067954300,Hancock County,,rural,1552,False,2.123,66288,5.518,14.462,26.0,0.1199,-0.0741,0.1981,-0.3199,-0.208,5,-0.284,False,False,False,False,measured
17173959400,Shelby County,,rural,1338,False,-0.444,81204,5.569,12.452,40.0,-0.0949,-0.0147,0.205,-0.2257,-0.1538,5,-0.2842,False,False,False,False,measured
17031140701,Cook County,"Chicago-Naperville-Elgin, IL-IN",metro,1050,True,-0.432,97500,3.233,5.201,17.0,-0.0939,0.0501,-0.1116,0.1139,-0.2429,5,-0.2844,False,False,False,True,measured
17031190702,Cook County,"Chicago-Naperville-Elgin, IL-IN",metro,1482,True,0.149,62813,3.233,4.376,30.0,-0.0452,-0.0879,-0.1116,0.1525,-0.1926,5,-0.2848,False,False,False,True,measured
55139002401,Winnebago County,"Oshkosh-Neenah, WI",metro,2275,False,-0.025,81929,1.083,5.672,105.0,-0.0598,-0.0118,-0.4029,0.0918,0.0978,5,-0.2849,True,False,False,False,measured
55079120202,Milwaukee County,"Milwaukee-Waukesha, WI",metro,1565,False,0.456,67253,2.576,6.462,67.0,-0.0196,-0.0702,-0.2006,0.0548,-0.0493,5,-0.2849,False,False,False,True,measured
17031611400,Cook County,"Chicago-Naperville-Elgin, IL-IN",metro,1026,True,2.542,36724,3.233,4.71,9.0,0.1549,-0.1917,-0.1116,0.1368,-0.2739,5,-0.2854,False,False,False,True,measured
17031340500,Cook County,"Chicago-Naperville-Elgin, IL-IN",metro,999,True,3.259,62288,3.233,8.583,14.0,0.2149,-0.09,-0.1116,-0.0445,-0.2545,5,-0.2857,False,False,False,True,measured
17173959100,Shelby County,,rural,1464,False,-0.524,67217,5.569,10.917,37.0,-0.1016,-0.0704,0.205,-0.1538,-0.1655,5,-0.2862,False,False,False,False,measured
17031700402,Cook County,"Chicago-Naperville-Elgin, IL-IN",metro,1163,True,-2.036,87232,3.233,5.744,68.0,-0.228,0.0093,-0.1116,0.0885,-0.0454,5,-0.2874,False,False,False,True,measured
17031670100,Cook County,"Chicago-Naperville-Elgin, IL-IN",metro,439,True,1.98,22697,3.233,3.806,24.0,0.1079,-0.2475,-0.1116,0.1792,-0.2158,5,-0.2877,False,True,False,True,measured
17031031502,Cook County,"Chicago-Naperville-Elgin, IL-IN",metro,2533,True,1.297,49684,3.233,5.143,27.0,0.0507,-0.1401,-0.1116,0.1166,-0.2042,5,-0.2885,False,False,False,True,measured
17031828900,Cook County,"Chicago-Naperville-Elgin, IL-IN",metro,1273,True,2.196,46979,3.233,7.435,38.0,0.126,-0.1509,-0.1116,0.0093,-0.1616,5,-0.2888,False,False,False,True,measured
17031490600,Cook County,"Chicago-Naperville-Elgin, IL-IN",metro,517,True,-1.122,71498,3.233,3.593,38.0,-0.1515,-0.0533,-0.1116,0.1892,-0.1616,5,-0.2889,False,False,False,True,measured
55009940004,Brown County,"Green Bay, WI",metro,1156,False,1.671,75125,2.607,8.573,56.0,0.082,-0.0389,-0.1964,-0.0441,-0.0919,5,-0.2892,True,False,False,True,measured
17031580800,Cook County,"Chicago-Naperville-Elgin, IL-IN",metro,602,True,1.241,62273,3.233,5.136,15.0,0.0461,-0.09,-0.1116,0.1169,-0.2506,5,-0.2892,False,False,False,True,measured
55089660100,Ozaukee County,"Milwaukee-Waukesha, WI",metro,1505,False,0.951,95685,2.924,13.095,94.0,0.0218,0.0429,-0.1535,-0.2559,0.0552,5,-0.2895,False,False,False,False,measured
17031811301,Cook County,"Chicago-Naperville-Elgin, IL-IN",metro,1457,False,-0.057,70866,3.233,7.279,60.0,-0.0625,-0.0559,-0.1116,0.0165,-0.0764,5,-0.2898,False,False,False,True,measured
17031816300,Cook County,"Chicago-Naperville-Elgin, IL-IN",metro,1577,True,-0.319,66331,3.233,6.592,62.0,-0.0844,-0.0739,-0.1116,0.0487,-0.0687,5,-0.2899,False,False,False,True,measured
55077960500,Marquette County,,rural,1486,False,-0.036,68167,3.361,12.096,116.0,-0.0608,-0.0666,-0.0942,-0.209,0.1404,5,-0.2902,False,False,False,False,measured
17143002500,Peoria County,"Peoria, IL",metro,1273,True,-0.327,52016,4.713,7.508,36.0,-0.085,-0.1308,0.089,0.0058,-0.1693,5,-0.2904,False,False,False,False,measured
55079001100,Milwaukee County,"Milwaukee-Waukesha, WI",metro,1152,True,1.949,35221,2.576,4.293,40.0,0.1053,-0.1976,-0.2006,0.1564,-0.1538,5,-0.2904,False,False,False,True,measured
17031842900,Cook County,"Chicago-Naperville-Elgin, IL-IN",metro,1497,True,4.856,29363,3.233,9.159,19.0,0.3485,-0.2209,-0.1116,-0.0715,-0.2351,5,-0.2906,False,False,False,True,measured
17031420500,Cook County,"Chicago-Naperville-Elgin, IL-IN",metro,879,True,1.523,22309,3.233,2.776,21.0,0.0697,-0.249,-0.1116,0.2274,-0.2274,5,-0.2908,False,False,False,True,measured
17031826901,Cook County,"Chicago-Naperville-Elgin, IL-IN",metro,699,True,1.716,24665,3.233,2.99,17.0,0.0858,-0.2396,-0.1116,0.2174,-0.2429,5,-0.2909,False,False,False,True,measured
17041952300,Douglas County,,rural,1829,False,1.832,72284,4.655,14.171,51.0,0.0956,-0.0502,0.0811,-0.3062,-0.1113,5,-0.291,False,False,False,False,measured
55071000700,Manitowoc County,"Manitowoc, WI",micro,2489,True,1.859,59014,-0.096,4.395,112.0,0.0978,-0.103,-0.5627,0.1516,0.1249,5,-0.2914,False,False,False,False,measured
17145030600,Perry County,,rural,1525,True,-4.562,56831,7.989,10.765,47.0,-0.4393,-0.1117,0.5331,-0.1467,-0.1267,5,-0.2914,False,False,False,False,measured
17043840801,DuPage County,"Chicago-Naperville-Elgin, IL-IN",metro,961,True,1.887,83174,3.131,8.81,27.0,0.1002,-0.0069,-0.1254,-0.0551,-0.2042,5,-0.2915,True,False,False,False,measured
17031010501,Cook County,"Chicago-Naperville-Elgin, IL-IN",metro,2458,True,0.698,48833,3.233,5.311,42.0,0.0007,-0.1435,-0.1116,0.1087,-0.1461,5,-0.2918,False,False,False,True,measured
17105960600,Livingston County,"Pontiac, IL",micro,1912,False,1.475,57344,4.182,13.315,80.0,0.0657,-0.1096,0.0171,-0.2661,0.001,5,-0.292,False,False,False,False,measured
17031829200,Cook County,"Chicago-Naperville-Elgin, IL-IN",metro,1783,True,-1.274,54787,3.233,5.862,85.0,-0.1642,-0.1198,-0.1116,0.0829,0.0204,5,-0.2923,False,False,False,True,measured
55079018400,Milwaukee County,"Milwaukee-Waukesha, WI",metro,625,False,0.226,100625,2.576,7.071,43.0,-0.0388,0.0625,-0.2006,0.0263,-0.1422,5,-0.2929,False,False,False,True,measured
17031827200,Cook County,"Chicago-Naperville-Elgin, IL-IN",metro,1320,False,-0.828,56964,3.233,4.459,56.0,-0.1269,-0.1112,-0.1116,0.1486,-0.0919,5,-0.2929,False,False,False,True,measured
17105960800,Livingston County,"Pontiac, IL",micro,2211,False,0.08,83493,4.182,15.984,115.0,-0.051,-0.0056,0.0171,-0.3912,0.1365,5,-0.2942,False,False,False,False,measured
17031140601,Cook County,"Chicago-Naperville-Elgin, IL-IN",metro,864,False,-0.389,85375,3.233,5.245,26.0,-0.0902,0.0019,-0.1116,0.1118,-0.208,5,-0.2962,False,False,False,True,measured
17165956200,Saline County,,rural,1300,False,-0.803,72226,5.421,11.296,45.0,-0.1249,-0.0504,0.185,-0.1716,-0.1345,5,-0.2963,False,False,False,False,measured
17111871209,McHenry County,"Chicago-Naperville-Elgin, IL-IN",metro,1561,True,-0.23,63750,4.254,10.453,72.0,-0.077,-0.0842,0.0269,-0.1321,-0.03,5,-0.2964,False,False,False,False,measured
17031031800,Cook County,"Chicago-Naperville-Elgin, IL-IN",metro,951,False,-0.558,82313,3.233,4.934,29.0,-0.1044,-0.0103,-0.1116,0.1264,-0.1964,5,-0.2964,False,False,False,True,measured
17097861608,Lake County,"Chicago-Naperville-Elgin, IL-IN",metro,1328,False,0.03,119100,2.585,11.46,80.0,-0.0552,0.136,-0.1993,-0.1793,0.001,5,-0.2968,False,False,False,True,measured
17043841323,DuPage County,"Chicago-Naperville-Elgin, IL-IN",metro,958,False,-2.053,122794,3.131,7.731,57.0,-0.2294,0.1507,-0.1254,-0.0046,-0.088,5,-0.2968,False,False,False,False,measured
55009021000,Brown County,"Green Bay, WI",metro,1178,False,-0.687,89191,2.607,8.119,85.0,-0.1152,0.017,-0.1964,-0.0228,0.0204,5,-0.2969,False,False,False,True,measured
17019001000,Champaign County,"Champaign-Urbana, IL",metro,1865,False,-0.642,76359,3.725,10.103,82.0,-0.1114,-0.034,-0.0448,-0.1157,0.0088,5,-0.2972,False,False,False,False,measured
17037001500,DeKalb County,"Chicago-Naperville-Elgin, IL-IN",metro,1572,True,0.94,57122,2.663,7.563,74.0,0.0209,-0.1105,-0.1889,0.0032,-0.0222,5,-0.2975,False,False,False,False,measured
17031804713,Cook County,"Chicago-Naperville-Elgin, IL-IN",metro,2151,False,0.829,75625,3.233,7.62,38.0,0.0117,-0.0369,-0.1116,0.0006,-0.1616,5,-0.2979,False,False,False,True,measured
17141961700,Ogle County,"Rochelle, IL",micro,1847,False,-0.667,81625,3.917,12.565,100.0,-0.1135,-0.0131,-0.0189,-0.231,0.0784,5,-0.298,False,False,False,False,measured
17031838100,Cook County,"Chicago-Naperville-Elgin, IL-IN",metro,1241,False,2.873,49458,3.233,8.721,34.0,0.1826,-0.141,-0.1116,-0.051,-0.1771,5,-0.2981,False,False,False,True,measured
55079030100,Milwaukee County,"Milwaukee-Waukesha, WI",metro,1673,False,-1.704,156528,2.576,16.841,144.0,-0.2003,0.2849,-0.2006,-0.4313,0.2488,5,-0.2985,False,False,False,True,measured
17163504359,St. Clair County,"St. Louis, MO-IL",metro,1465,False,-0.255,90329,6.452,20.478,89.0,-0.079,0.0216,0.3247,-0.6016,0.0359,5,-0.2986,True,False,False,False,measured
55079120201,Milwaukee County,"Milwaukee-Waukesha, WI",metro,1793,True,-0.538,55503,2.576,5.889,90.0,-0.1027,-0.117,-0.2006,0.0816,0.0397,5,-0.2989,False,False,False,True,measured
55009000303,Brown County,"Green Bay, WI",metro,1261,False,1.931,55467,2.607,7.25,52.0,0.1038,-0.1171,-0.1964,0.0179,-0.1074,5,-0.2991,False,False,False,True,measured
55035000801,Eau Claire County,"Eau Claire, WI",metro,1451,False,-0.301,100045,1.628,8.686,106.0,-0.0828,0.0602,-0.3291,-0.0493,0.1017,5,-0.2995,False,False,False,False,measured
17043845811,DuPage County,"Chicago-Naperville-Elgin, IL-IN",metro,1371,False,-1.768,97731,3.131,7.905,78.0,-0.2056,0.051,-0.1254,-0.0128,-0.0067,5,-0.2995,False,False,False,False,measured
17031808200,Cook County,"Chicago-Naperville-Elgin, IL-IN",metro,1841,False,0.575,83885,3.233,10.3,67.0,-0.0096,-0.0041,-0.1116,-0.1249,-0.0493,5,-0.2995,False,False,False,True,measured
55019950800,Clark County,,rural,1418,False,1.712,63309,3.127,12.195,90.0,0.0855,-0.0859,-0.126,-0.2137,0.0397,5,-0.3004,False,False,False,False,measured
17031832900,Cook County,"Chicago-Naperville-Elgin, IL-IN",metro,903,False,2.081,83149,3.233,8.813,17.0,0.1164,-0.007,-0.1116,-0.0553,-0.2429,5,-0.3004,False,False,False,True,measured
17031282800,Cook County,"Chicago-Naperville-Elgin, IL-IN",metro,666,False,0.334,110313,3.233,8.838,27.0,-0.0298,0.1011,-0.1116,-0.0564,-0.2042,5,-0.3009,False,True,False,True,measured
17161021700,Rock Island County,"Davenport-Moline-Rock Island, IA-IL",metro,1460,True,-2.31,53514,5.221,8.682,71.0,-0.251,-0.1249,0.1578,-0.0492,-0.0338,5,-0.301,False,False,False,False,measured
17031825505,Cook County,"Chicago-Naperville-Elgin, IL-IN",metro,1650,True,-2.094,90357,3.233,10.085,115.0,-0.2328,0.0217,-0.1116,-0.1149,0.1365,5,-0.3011,False,False,False,True,measured
17031630500,Cook County,"Chicago-Naperville-Elgin, IL-IN",metro,1661,True,1.069,54846,3.233,4.785,19.0,0.0317,-0.1196,-0.1116,0.1333,-0.2351,5,-0.3012,False,False,False,True,measured
17087977800,Johnson County,,rural,1398,True,-0.968,52237,5.404,9.543,47.0,-0.1387,-0.13,0.1827,-0.0895,-0.1267,5,-0.3021,False,False,False,False,measured
17031802004,Cook County,"Chicago-Naperville-Elgin, IL-IN",metro,2198,True,0.536,47134,3.233,7.828,75.0,-0.0128,-0.1503,-0.1116,-0.0092,-0.0183,5,-0.3022,False,False,False,True,measured
17031480100,Cook County,"Chicago-Naperville-Elgin, IL-IN",metro,861,False,-1.766,72625,3.233,3.072,41.0,-0.2054,-0.0489,-0.1116,0.2136,-0.15,5,-0.3023,False,False,False,True,measured
17031809800,Cook County,"Chicago-Naperville-Elgin, IL-IN",metro,1045,False,0.446,80995,3.233,6.754,29.0,-0.0204,-0.0156,-0.1116,0.0411,-0.1964,5,-0.3028,False,False,False,True,measured
17043845508,DuPage County,"Chicago-Naperville-Elgin, IL-IN",metro,1668,False,-0.56,97585,3.131,10.129,78.0,-0.1046,0.0504,-0.1254,-0.1169,-0.0067,5,-0.3032,False,False,False,False,measured
55087010502,Outagamie County,"Appleton, WI",metro,461,False,1.116,74375,3.366,6.543,14.0,0.0356,-0.0419,-0.0936,0.051,-0.2545,5,-0.3034,True,False,False,False,measured
17031805107,Cook County,"Chicago-Naperville-Elgin, IL-IN",metro,3047,False,1.529,76313,3.233,10.7,58.0,0.0702,-0.0342,-0.1116,-0.1437,-0.0842,5,-0.3034,False,False,False,True,measured
17089853500,Kane County,"Chicago-Naperville-Elgin, IL-IN",metro,1300,True,-4.863,79821,5.101,3.852,44.0,-0.4645,-0.0202,0.1416,0.177,-0.1384,5,-0.3044,False,False,False,False,measured
55035001200,Eau Claire County,"Eau Claire, WI",metro,2393,False,3.254,38071,1.628,6.493,65.0,0.2145,-0.1863,-0.3291,0.0533,-0.0571,5,-0.3047,False,False,False,False,measured
17031816500,Cook County,"Chicago-Naperville-Elgin, IL-IN",metro,1460,True,2.412,63328,3.233,7.481,13.0,0.144,-0.0858,-0.1116,0.0071,-0.2584,5,-0.3047,False,False,False,True,measured
17043841208,DuPage County,"Chicago-Naperville-Elgin, IL-IN",metro,1803,True,-1.738,84322,3.131,6.847,77.0,-0.2031,-0.0023,-0.1254,0.0368,-0.0106,5,-0.3047,False,False,False,False,measured
55079050103,Milwaukee County,"Milwaukee-Waukesha, WI",metro,1771,False,1.796,72219,2.576,10.695,79.0,0.0925,-0.0505,-0.2006,-0.1434,-0.0029,5,-0.3049,True,False,False,True,measured
17031805002,Cook County,"Chicago-Naperville-Elgin, IL-IN",metro,2931,True,-0.702,75246,3.233,9.641,94.0,-0.1164,-0.0384,-0.1116,-0.0941,0.0552,5,-0.3053,False,False,False,True,measured
17031806104,Cook County,"Chicago-Naperville-Elgin, IL-IN",metro,1911,True,2.204,49435,3.233,8.175,40.0,0.1267,-0.1411,-0.1116,-0.0254,-0.1538,5,-0.3053,False,False,False,True,measured
17115002800,Macon County,"Decatur, IL",metro,1540,False,-2.38,85909,3.438,6.494,74.0,-0.2568,0.004,-0.0838,0.0533,-0.0222,5,-0.3055,False,False,False,False,measured
17031140602,Cook County,"Chicago-Naperville-Elgin, IL-IN",metro,1684,True,0.095,62033,3.233,5.656,42.0,-0.0497,-0.091,-0.1116,0.0926,-0.1461,5,-0.3058,False,False,False,True,measured
17043843100,DuPage County,"Chicago-Naperville-Elgin, IL-IN",metro,1655,False,1.991,73384,3.131,10.952,57.0,0.1088,-0.0458,-0.1254,-0.1555,-0.088,5,-0.306,False,False,False,False,measured
55107960100,Rusk County,,rural,1523,False,-1.684,61827,5.694,11.163,61.0,-0.1986,-0.0918,0.222,-0.1653,-0.0725,5,-0.3063,False,False,False,False,measured
17197883209,Will County,"Chicago-Naperville-Elgin, IL-IN",metro,946,False,-2.379,91563,4.616,10.404,74.0,-0.2567,0.0265,0.0758,-0.1298,-0.0222,5,-0.3064,False,False,False,False,measured
17043841210,DuPage County,"Chicago-Naperville-Elgin, IL-IN",metro,1663,False,-1.049,84440,3.131,6.5,57.0,-0.1454,-0.0019,-0.1254,0.053,-0.088,5,-0.3077,False,False,False,False,measured
17043845703,DuPage County,"Chicago-Naperville-Elgin, IL-IN",metro,1822,False,-1.818,105455,3.131,6.754,55.0,-0.2097,0.0817,-0.1254,0.0411,-0.0958,5,-0.3081,False,False,False,False,measured
17031811600,Cook County,"Chicago-Naperville-Elgin, IL-IN",metro,2269,True,-0.792,64617,3.233,7.813,84.0,-0.1239,-0.0807,-0.1116,-0.0084,0.0165,5,-0.3082,False,False,False,True,measured
55009001600,Brown County,"Green Bay, WI",metro,2418,True,-0.528,45186,2.607,5.653,94.0,-0.1019,-0.158,-0.1964,0.0927,0.0552,5,-0.3084,True,False,False,True,measured
55089640101,Ozaukee County,"Milwaukee-Waukesha, WI",metro,1894,False,1.577,53681,2.924,8.252,60.0,0.0742,-0.1242,-0.1535,-0.029,-0.0764,5,-0.3089,True,False,False,False,measured
17043841501,DuPage County,"Chicago-Naperville-Elgin, IL-IN",metro,1521,True,-1.394,82188,3.131,8.031,85.0,-0.1743,-0.0108,-0.1254,-0.0187,0.0204,5,-0.3089,False,False,False,False,measured
17077010900,Jackson County,"Carbondale, IL",micro,977,True,2.257,69830,4.146,11.568,26.0,0.1311,-0.06,0.0121,-0.1843,-0.208,5,-0.3092,False,False,False,False,measured
17187870300,Warren County,,rural,1158,False,1.593,65000,4.092,10.334,32.0,0.0756,-0.0792,0.0048,-0.1265,-0.1848,5,-0.3101,False,False,False,False,measured
17031804803,Cook County,"Chicago-Naperville-Elgin, IL-IN",metro,1846,False,-2.838,104844,3.233,7.872,87.0,-0.2951,0.0793,-0.1116,-0.0112,0.0281,5,-0.3105,False,False,False,True,measured
55065970500,Lafayette County,,rural,1365,False,1.009,81920,4.518,12.632,40.0,0.0267,-0.0119,0.0625,-0.2341,-0.1538,5,-0.3106,False,False,False,False,measured
17031823101,Cook County,"Chicago-Naperville-Elgin, IL-IN",metro,1743,True,1.35,56274,3.233,9.083,61.0,0.0552,-0.1139,-0.1116,-0.0679,-0.0725,5,-0.3108,False,False,False,True,measured
55019950500,Clark County,,rural,1781,False,-0.278,74844,3.127,10.425,97.0,-0.081,-0.04,-0.126,-0.1308,0.0668,5,-0.311,False,False,False,False,measured
17031030104,Cook County,"Chicago-Naperville-Elgin, IL-IN",metro,1101,False,0.953,41823,3.233,4.589,30.0,0.022,-0.1714,-0.1116,0.1425,-0.1926,5,-0.311,False,False,False,True,measured
17119404000,Madison County,"St. Louis, MO-IL",metro,1077,True,-0.079,58413,3.735,4.952,22.0,-0.0643,-0.1054,-0.0435,0.1255,-0.2235,5,-0.3112,True,False,False,False,measured
17031841200,Cook County,"Chicago-Naperville-Elgin, IL-IN",metro,1842,True,2.4,71250,3.233,9.516,28.0,0.1431,-0.0543,-0.1116,-0.0882,-0.2003,5,-0.3114,False,False,False,True,measured
17031822801,Cook County,"Chicago-Naperville-Elgin, IL-IN",metro,1418,False,-1.144,89531,3.233,8.386,72.0,-0.1534,0.0184,-0.1116,-0.0353,-0.03,5,-0.3119,False,False,False,True,measured
17185957200,Wabash County,,rural,1450,False,-0.49,73839,5.402,10.549,24.0,-0.0987,-0.044,0.1824,-0.1366,-0.2158,5,-0.3127,True,False,False,False,measured
17089853402,Kane County,"Chicago-Naperville-Elgin, IL-IN",metro,1190,True,-3.977,81053,5.101,5.073,36.0,-0.3903,-0.0153,0.1416,0.1199,-0.1693,5,-0.3135,True,False,False,False,measured
17031827902,Cook County,"Chicago-Naperville-Elgin, IL-IN",metro,1641,True,-0.896,64507,3.233,6.082,64.0,-0.1326,-0.0811,-0.1116,0.0726,-0.0609,5,-0.3137,False,False,False,True,measured
55079110100,Milwaukee County,"Milwaukee-Waukesha, WI",metro,1934,True,0.548,49128,2.576,4.803,56.0,-0.0119,-0.1423,-0.2006,0.1325,-0.0919,5,-0.3142,False,False,False,True,measured
17031650500,Cook County,"Chicago-Naperville-Elgin, IL-IN",metro,1502,False,-0.159,65833,3.233,6.2,48.0,-0.071,-0.0759,-0.1116,0.0671,-0.1229,5,-0.3142,False,False,False,True,measured
55079012400,Milwaukee County,"Milwaukee-Waukesha, WI",metro,1188,True,-0.267,60278,2.576,4.715,61.0,-0.0801,-0.098,-0.2006,0.1366,-0.0725,5,-0.3146,False,False,False,True,measured
55079090300,Milwaukee County,"Milwaukee-Waukesha, WI",metro,1536,False,0.386,81833,2.576,7.882,63.0,-0.0254,-0.0122,-0.2006,-0.0117,-0.0648,5,-0.3147,False,False,False,True,measured
17031283800,Cook County,"Chicago-Naperville-Elgin, IL-IN",metro,1621,False,-0.245,85972,3.233,9.104,64.0,-0.0782,0.0042,-0.1116,-0.0689,-0.0609,5,-0.3154,False,False,False,True,measured
17203030601,Woodford County,"Peoria, IL",metro,2541,False,1.451,61278,4.202,15.742,99.0,0.0637,-0.094,0.0198,-0.3798,0.0746,5,-0.3157,False,False,False,False,measured
17031630600,Cook County,"Chicago-Naperville-Elgin, IL-IN",metro,880,True,0.75,61611,3.233,4.603,13.0,0.005,-0.0927,-0.1116,0.1419,-0.2584,5,-0.3157,True,False,False,True,measured
55135101200,Waupaca County,,rural,1494,False,-1.201,87391,1.882,7.335,109.0,-0.1581,0.0099,-0.2947,0.0139,0.1133,5,-0.3158,False,False,False,False,measured
17021959000,Christian County,"Taylorville, IL",micro,1886,False,-0.529,83852,3.227,10.889,94.0,-0.1019,-0.0042,-0.1124,-0.1525,0.0552,5,-0.3159,True,False,False,False,measured
17031351000,Cook County,"Chicago-Naperville-Elgin, IL-IN",metro,2503,True,2.475,61736,3.233,6.898,3.0,0.1493,-0.0922,-0.1116,0.0344,-0.2971,5,-0.3171,False,False,False,True,measured
17031010100,Cook County,"Chicago-Naperville-Elgin, IL-IN",metro,2284,False,-0.665,74145,3.233,5.166,37.0,-0.1134,-0.0428,-0.1116,0.1155,-0.1655,5,-0.3177,False,False,False,True,measured
17135958000,Montgomery County,,rural,1541,False,-1.215,65865,6.022,12.147,44.0,-0.1593,-0.0757,0.2665,-0.2114,-0.1384,5,-0.3184,False,False,False,False,measured
55009021304,Brown County,"Green Bay, WI",metro,1240,False,2.088,58750,2.607,5.822,23.0,0.1169,-0.104,-0.1964,0.0848,-0.2197,5,-0.3184,True,False,False,True,measured
17139977200,Moultrie County,,rural,1797,False,-0.676,62587,5.742,13.292,59.0,-0.1143,-0.0888,0.2285,-0.2651,-0.0803,5,-0.32,True,False,False,False,measured
17089853602,Kane County,"Chicago-Naperville-Elgin, IL-IN",metro,1167,True,-3.504,61509,5.101,3.986,31.0,-0.3508,-0.0931,0.1416,0.1708,-0.1887,5,-0.3202,True,False,False,False,measured
17031081100,Cook County,"Chicago-Naperville-Elgin, IL-IN",metro,2902,False,0.848,79561,3.233,9.293,48.0,0.0132,-0.0213,-0.1116,-0.0778,-0.1229,5,-0.3203,False,False,False,True,measured
17165955100,Saline County,,rural,1114,True,2.029,37917,5.421,12.136,23.0,0.112,-0.1869,0.185,-0.2109,-0.2197,5,-0.3205,False,False,False,False,measured
17031030706,Cook County,"Chicago-Naperville-Elgin, IL-IN",metro,1936,True,0.135,52167,3.233,4.47,33.0,-0.0464,-0.1302,-0.1116,0.1481,-0.1809,5,-0.3211,False,False,False,True,measured
55119960200,Taylor County,,rural,813,False,-2.253,68068,4.619,6.56,45.0,-0.2462,-0.067,0.0762,0.0502,-0.1345,5,-0.3212,False,False,False,False,measured
17063000800,Grundy County,"Chicago-Naperville-Elgin, IL-IN",metro,1970,False,0.121,84697,6.278,25.381,146.0,-0.0476,-0.0008,0.3011,-0.8312,0.2565,5,-0.322,False,False,False,False,measured
55079011300,Milwaukee County,"Milwaukee-Waukesha, WI",metro,1627,False,0.652,79628,2.576,5.194,25.0,-0.0032,-0.021,-0.2006,0.1142,-0.2119,5,-0.3225,False,False,False,True,measured
17195001800,Whiteside County,"Sterling, IL",micro,826,False,-0.207,103654,4.957,11.866,16.0,-0.075,0.0746,0.1221,-0.1983,-0.2468,5,-0.3234,False,False,False,False,measured
55027960800,Dodge County,"Beaver Dam, WI",micro,1475,False,0.425,73750,2.624,11.814,114.0,-0.0222,-0.0444,-0.1941,-0.1959,0.1326,5,-0.3239,False,False,False,False,measured
17097862401,Lake County,"Chicago-Naperville-Elgin, IL-IN",metro,1318,True,0.229,62174,2.585,4.176,39.0,-0.0385,-0.0904,-0.1993,0.1619,-0.1577,5,-0.3242,False,False,False,True,measured
55079014300,Milwaukee County,"Milwaukee-Waukesha, WI",metro,1780,False,1.814,70577,2.576,5.297,10.0,0.094,-0.057,-0.2006,0.1094,-0.27,5,-0.3242,False,False,False,True,measured
17031817102,Cook County,"Chicago-Naperville-Elgin, IL-IN",metro,1019,False,-0.407,71621,3.233,6.886,53.0,-0.0918,-0.0528,-0.1116,0.035,-0.1035,5,-0.3247,False,False,False,True,measured
17031711200,Cook County,"Chicago-Naperville-Elgin, IL-IN",metro,1667,False,-2.897,62872,3.233,3.845,79.0,-0.3001,-0.0876,-0.1116,0.1774,-0.0029,5,-0.3248,False,False,False,True,measured
17043845506,DuPage County,"Chicago-Naperville-Elgin, IL-IN",metro,1873,False,1.374,76607,3.131,10.444,56.0,0.0572,-0.033,-0.1254,-0.1317,-0.0919,5,-0.3248,False,False,False,False,measured
17031824800,Cook County,"Chicago-Naperville-Elgin, IL-IN",metro,2082,True,-3.151,73125,3.233,3.449,69.0,-0.3213,-0.0469,-0.1116,0.1959,-0.0416,5,-0.3254,False,False,False,True,measured
55043961000,Grant County,"Platteville, WI",micro,2422,False,-0.066,56171,4.697,17.957,144.0,-0.0632,-0.1143,0.0868,-0.4835,0.2488,5,-0.3255,False,False,False,False,measured
17031301802,Cook County,"Chicago-Naperville-Elgin, IL-IN",metro,977,True,1.998,32165,3.233,4.876,17.0,0.1094,-0.2098,-0.1116,0.1291,-0.2429,5,-0.3258,False,True,False,True,measured
55079000301,Milwaukee County,"Milwaukee-Waukesha, WI",metro,619,False,-1.862,86094,2.576,5.716,78.0,-0.2135,0.0047,-0.2006,0.0897,-0.0067,5,-0.3264,False,False,False,True,measured
55079150304,Milwaukee County,"Milwaukee-Waukesha, WI",metro,1815,False,-2.211,96477,2.576,6.97,90.0,-0.2427,0.046,-0.2006,0.031,0.0397,5,-0.3265,False,False,False,True,measured
17043844310,DuPage County,"Chicago-Naperville-Elgin, IL-IN",metro,1307,False,2.312,69911,3.131,11.09,50.0,0.1357,-0.0596,-0.1254,-0.1619,-0.1151,5,-0.3265,True,False,False,False,measured
17097861014,Lake County,"Chicago-Naperville-Elgin, IL-IN",metro,1089,False,-3.056,104911,2.585,6.459,93.0,-0.3134,0.0796,-0.1993,0.0549,0.0513,5,-0.3268,False,False,False,True,measured
17031835200,Cook County,"Chicago-Naperville-Elgin, IL-IN",metro,674,False,0.239,72931,3.233,5.717,23.0,-0.0377,-0.0476,-0.1116,0.0897,-0.2197,5,-0.3269,False,False,False,True,measured
17043840704,DuPage County,"Chicago-Naperville-Elgin, IL-IN",metro,1249,False,1.75,68616,3.131,8.995,38.0,0.0887,-0.0648,-0.1254,-0.0638,-0.1616,5,-0.327,False,False,False,False,measured
55079007700,Milwaukee County,"Milwaukee-Waukesha, WI",metro,2179,False,1.924,46903,2.576,5.857,38.0,0.1032,-0.1512,-0.2006,0.0831,-0.1616,5,-0.3271,False,False,False,True,measured
17031836100,Cook County,"Chicago-Naperville-Elgin, IL-IN",metro,833,True,1.117,24141,3.233,3.07,22.0,0.0357,-0.2417,-0.1116,0.2137,-0.2235,5,-0.3274,False,True,False,True,measured
55139000100,Winnebago County,"Oshkosh-Neenah, WI",metro,1133,True,0.72,68675,1.083,6.292,99.0,0.0025,-0.0646,-0.4029,0.0628,0.0746,5,-0.3277,False,False,False,False,measured
55027960200,Dodge County,"Beaver Dam, WI",micro,1300,False,0.942,88227,2.624,11.0,77.0,0.0211,0.0132,-0.1941,-0.1577,-0.0106,5,-0.3281,True,False,False,False,measured
17001010500,Adams County,"Quincy, IL-MO",micro,1283,False,0.206,80182,4.451,11.559,44.0,-0.0405,-0.0188,0.0535,-0.1839,-0.1384,5,-0.3281,False,False,False,False,measured
17091012000,Kankakee County,"Kankakee, IL",metro,1579,False,-0.828,58919,5.833,12.162,47.0,-0.1269,-0.1034,0.2408,-0.2121,-0.1267,5,-0.3284,False,False,False,False,measured
17195000200,Whiteside County,"Sterling, IL",micro,1176,False,-1.986,86094,4.957,9.046,37.0,-0.2238,0.0047,0.1221,-0.0662,-0.1655,5,-0.3287,False,False,False,False,measured
55079002000,Milwaukee County,"Milwaukee-Waukesha, WI",metro,925,True,0.24,41850,2.576,3.78,54.0,-0.0377,-0.1713,-0.2006,0.1804,-0.0996,5,-0.3288,False,False,False,True,measured
17043846308,DuPage County,"Chicago-Naperville-Elgin, IL-IN",metro,1447,False,-1.212,77454,3.131,6.985,68.0,-0.1591,-0.0296,-0.1254,0.0303,-0.0454,5,-0.3293,False,False,False,False,measured
17031530200,Cook County,"Chicago-Naperville-Elgin, IL-IN",metro,1254,True,-1.783,43800,3.233,2.828,61.0,-0.2068,-0.1635,-0.1116,0.225,-0.0725,5,-0.3294,False,False,False,True,measured
17031827500,Cook County,"Chicago-Naperville-Elgin, IL-IN",metro,1536,True,-1.011,73043,3.233,5.12,42.0,-0.1423,-0.0472,-0.1116,0.1176,-0.1461,5,-0.3295,False,False,False,True,measured
55087011104,Outagamie County,"Appleton, WI",metro,1531,False,0.545,61491,3.366,8.98,62.0,-0.0121,-0.0931,-0.0936,-0.0631,-0.0687,5,-0.3306,True,False,False,False,measured
17031640800,Cook County,"Chicago-Naperville-Elgin, IL-IN",metro,580,True,0.849,51833,3.233,5.092,23.0,0.0133,-0.1316,-0.1116,0.119,-0.2197,5,-0.3306,False,False,False,True,measured
17031410800,Cook County,"Chicago-Naperville-Elgin, IL-IN",metro,1601,False,-1.549,71989,3.233,2.203,19.0,-0.1873,-0.0514,-0.1116,0.2543,-0.2351,5,-0.3312,False,False,False,True,measured
17031817101,Cook County,"Chicago-Naperville-Elgin, IL-IN",metro,1647,True,-0.91,71134,3.233,7.738,73.0,-0.1338,-0.0548,-0.1116,-0.0049,-0.0261,5,-0.3312,False,False,False,True,measured
17031811401,Cook County,"Chicago-Naperville-Elgin, IL-IN",metro,1529,False,-0.941,84261,3.233,7.478,57.0,-0.1364,-0.0026,-0.1116,0.0072,-0.088,5,-0.3313,False,False,False,True,measured
17031191100,Cook County,"Chicago-Naperville-Elgin, IL-IN",metro,1931,True,-0.858,51958,3.233,3.673,42.0,-0.1295,-0.1311,-0.1116,0.1854,-0.1461,5,-0.3328,False,False,False,True,measured
17105960500,Livingston County,"Pontiac, IL",micro,1337,True,0.986,64556,4.182,11.202,47.0,0.0248,-0.081,0.0171,-0.1672,-0.1267,5,-0.333,False,False,False,False,measured
17001010100,Adams County,"Quincy, IL-MO",micro,1919,False,2.926,71984,4.451,16.405,51.0,0.1871,-0.0514,0.0535,-0.4109,-0.1113,5,-0.333,False,False,False,False,measured
55079003300,Milwaukee County,"Milwaukee-Waukesha, WI",metro,1826,True,-1.497,56888,2.576,4.776,87.0,-0.1829,-0.1115,-0.2006,0.1338,0.0281,5,-0.3331,False,False,False,True,measured
17031834800,Cook County,"Chicago-Naperville-Elgin, IL-IN",metro,766,True,1.416,24207,3.233,3.319,17.0,0.0607,-0.2415,-0.1116,0.202,-0.2429,5,-0.3332,False,False,False,True,measured
17031824508,Cook County,"Chicago-Naperville-Elgin, IL-IN",metro,1722,False,0.501,75833,3.233,12.273,92.0,-0.0158,-0.0361,-0.1116,-0.2173,0.0475,5,-0.3333,True,False,False,True,measured
17031190800,Cook County,"Chicago-Naperville-Elgin, IL-IN",metro,1841,True,-0.95,52880,3.233,3.846,45.0,-0.1372,-0.1274,-0.1116,0.1773,-0.1345,5,-0.3333,False,False,False,True,measured
55105003300,Rock County,"Janesville-Beloit, WI",metro,1400,False,0.718,79167,3.865,14.286,86.0,0.0024,-0.0228,-0.0259,-0.3116,0.0242,5,-0.3337,False,False,False,False,measured
55071010600,Manitowoc County,"Manitowoc, WI",micro,2031,False,-0.356,90810,-0.096,4.208,114.0,-0.0875,0.0235,-0.5627,0.1604,0.1326,5,-0.3337,False,False,False,False,measured
17097864002,Lake County,"Chicago-Naperville-Elgin, IL-IN",metro,1738,True,-0.556,81250,2.585,8.514,86.0,-0.1042,-0.0145,-0.1993,-0.0413,0.0242,5,-0.3351,False,False,False,True,measured
17031580400,Cook County,"Chicago-Naperville-Elgin, IL-IN",metro,1580,True,0.553,58889,3.233,5.428,25.0,-0.0114,-0.1035,-0.1116,0.1032,-0.2119,5,-0.3352,False,False,False,True,measured
55079007800,Milwaukee County,"Milwaukee-Waukesha, WI",metro,1347,False,1.121,57552,2.576,6.166,46.0,0.036,-0.1088,-0.2006,0.0687,-0.1306,5,-0.3354,False,False,False,True,measured
17111871205,McHenry County,"Chicago-Naperville-Elgin, IL-IN",metro,1447,False,-3.308,94271,4.254,10.202,94.0,-0.3344,0.0373,0.0269,-0.1203,0.0552,5,-0.3354,False,False,False,False,measured
17031805108,Cook County,"Chicago-Naperville-Elgin, IL-IN",metro,2496,False,0.145,79481,3.233,9.263,59.0,-0.0456,-0.0216,-0.1116,-0.0764,-0.0803,5,-0.3354,False,False,False,True,measured
17089854200,Kane County,"Chicago-Naperville-Elgin, IL-IN",metro,1331,True,-4.089,58548,5.101,5.911,66.0,-0.3998,-0.1049,0.1416,0.0806,-0.0532,5,-0.3356,False,False,False,False,measured
55009000402,Brown County,"Green Bay, WI",metro,914,False,-0.686,87097,2.607,7.618,71.0,-0.1151,0.0087,-0.1964,0.0007,-0.0338,5,-0.3359,False,False,False,True,measured
17195001000,Whiteside County,"Sterling, IL",micro,1136,True,1.783,43641,4.957,12.824,43.0,0.0914,-0.1641,0.1221,-0.2431,-0.1422,5,-0.3361,False,False,False,False,measured
17077010400,Jackson County,"Carbondale, IL",micro,1946,False,-0.822,78190,4.146,9.255,49.0,-0.1265,-0.0267,0.0121,-0.076,-0.119,5,-0.3361,False,False,False,False,measured
55019950300,Clark County,,rural,1558,False,0.522,61447,3.127,10.767,91.0,-0.0141,-0.0933,-0.126,-0.1468,0.0436,5,-0.3366,False,False,False,False,measured
17131040200,Mercer County,"Davenport-Moline-Rock Island, IA-IL",metro,1518,False,0.81,63696,4.568,13.175,61.0,0.01,-0.0844,0.0694,-0.2596,-0.0725,5,-0.3371,False,False,False,False,measured
55027961700,Dodge County,"Beaver Dam, WI",micro,1236,False,-0.557,74255,2.624,6.749,70.0,-0.1043,-0.0424,-0.1941,0.0414,-0.0377,5,-0.3371,True,False,False,False,measured
55025001603,Dane County,"Madison, WI",metro,2232,True,3.826,12577,2.659,3.741,1.0,0.2623,-0.2877,-0.1893,0.1823,-0.3048,5,-0.3373,False,True,False,False,measured
17031843200,Cook County,"Chicago-Naperville-Elgin, IL-IN",metro,1039,True,2.374,74764,3.233,9.33,16.0,0.1409,-0.0403,-0.1116,-0.0795,-0.2468,5,-0.3373,False,False,False,True,measured
17097864306,Lake County,"Chicago-Naperville-Elgin, IL-IN",metro,721,False,-1.876,183068,2.585,13.368,68.0,-0.2146,0.3905,-0.1993,-0.2686,-0.0454,5,-0.3376,False,False,False,True,measured
17031823002,Cook County,"Chicago-Naperville-Elgin, IL-IN",metro,1927,True,-2.712,95852,3.233,9.153,102.0,-0.2846,0.0435,-0.1116,-0.0712,0.0862,5,-0.3377,False,False,False,True,measured
17031030300,Cook County,"Chicago-Naperville-Elgin, IL-IN",metro,1441,True,-0.97,68933,3.233,4.703,38.0,-0.1389,-0.0635,-0.1116,0.1372,-0.1616,5,-0.3384,False,False,False,True,measured
17031821402,Cook County,"Chicago-Naperville-Elgin, IL-IN",metro,1225,False,-3.382,71058,3.233,2.648,63.0,-0.3406,-0.0551,-0.1116,0.2334,-0.0648,5,-0.3386,False,False,False,True,measured
55025000301,Dane County,"Madison, WI",metro,2389,True,2.226,51418,2.659,6.033,23.0,0.1285,-0.1332,-0.1893,0.0749,-0.2197,5,-0.3387,True,True,False,False,measured
17031660400,Cook County,"Chicago-Naperville-Elgin, IL-IN",metro,1465,True,-0.217,47804,3.233,4.182,37.0,-0.0759,-0.1476,-0.1116,0.1616,-0.1655,5,-0.3389,False,False,False,True,measured
17201003100,Winnebago County,"Rockford, IL",metro,1343,True,-3.243,32228,5.151,4.33,53.0,-0.329,-0.2095,0.1484,0.1547,-0.1035,5,-0.339,False,False,False,False,measured
17019005902,Champaign County,"Champaign-Urbana, IL",metro,809,True,4.999,17159,3.725,9.677,5.0,0.3605,-0.2695,-0.0448,-0.0957,-0.2893,5,-0.339,True,False,False,False,measured
17081050300,Jefferson County,"Mount Vernon, IL",micro,1654,False,-1.204,74194,6.481,14.904,47.0,-0.1584,-0.0426,0.3286,-0.3406,-0.1267,5,-0.3398,False,False,False,False,measured
55079100300,Milwaukee County,"Milwaukee-Waukesha, WI",metro,1261,True,0.272,41359,2.576,4.783,63.0,-0.035,-0.1732,-0.2006,0.1334,-0.0648,5,-0.3402,False,False,False,True,measured
55071010500,Manitowoc County,"Manitowoc, WI",micro,1382,False,-0.455,93333,-0.096,4.469,115.0,-0.0958,0.0335,-0.5627,0.1482,0.1365,5,-0.3403,True,False,False,False,measured
17019000700,Champaign County,"Champaign-Urbana, IL",metro,1481,True,2.007,44012,3.725,9.88,44.0,0.1102,-0.1627,-0.0448,-0.1053,-0.1384,5,-0.341,True,False,False,False,measured
17043840901,DuPage County,"Chicago-Naperville-Elgin, IL-IN",metro,1510,False,-0.528,114513,3.131,9.539,43.0,-0.1019,0.1178,-0.1254,-0.0893,-0.1422,5,-0.3411,True,False,False,False,measured
17031490800,Cook County,"Chicago-Naperville-Elgin, IL-IN",metro,1223,True,-3.386,65929,3.233,3.773,81.0,-0.341,-0.0755,-0.1116,0.1807,0.0049,5,-0.3424,False,False,False,True,measured
17043843601,DuPage County,"Chicago-Naperville-Elgin, IL-IN",metro,1301,False,1.002,105859,3.131,12.489,54.0,0.0261,0.0833,-0.1254,-0.2275,-0.0996,5,-0.3431,False,False,False,False,measured
17031806600,Cook County,"Chicago-Naperville-Elgin, IL-IN",metro,1157,False,-1.768,122801,3.233,9.378,55.0,-0.2056,0.1507,-0.1116,-0.0818,-0.0958,5,-0.3439,False,False,False,True,measured
17195001400,Whiteside County,"Sterling, IL",micro,898,False,0.257,88417,4.957,13.658,38.0,-0.0362,0.014,0.1221,-0.2822,-0.1616,5,-0.344,False,False,False,False,measured
17019001206,Champaign County,"Champaign-Urbana, IL",metro,873,False,-0.25,110375,3.725,10.982,37.0,-0.0786,0.1013,-0.0448,-0.1569,-0.1655,5,-0.3445,False,False,False,False,measured
17031190601,Cook County,"Chicago-Naperville-Elgin, IL-IN",metro,1075,True,-1.254,77316,3.233,4.628,33.0,-0.1626,-0.0302,-0.1116,0.1407,-0.1809,5,-0.3446,False,False,False,True,measured
55009000900,Brown County,"Green Bay, WI",metro,1482,True,-0.215,45364,2.607,4.619,65.0,-0.0757,-0.1573,-0.1964,0.1411,-0.0571,5,-0.3453,False,False,False,True,measured
17089853401,Kane County,"Chicago-Naperville-Elgin, IL-IN",metro,655,True,-3.977,77790,5.101,4.399,23.0,-0.3903,-0.0283,0.1416,0.1514,-0.2197,5,-0.3453,True,False,False,False,measured
55139002601,Winnebago County,"Oshkosh-Neenah, WI",metro,1707,False,-0.576,68216,1.083,4.897,106.0,-0.1059,-0.0664,-0.4029,0.1281,0.1017,5,-0.3454,False,False,False,False,measured
17197883803,Will County,"Chicago-Naperville-Elgin, IL-IN",metro,1226,True,-2.039,60094,4.616,4.211,14.0,-0.2283,-0.0987,0.0758,0.1602,-0.2545,5,-0.3454,False,False,False,False,measured
17025972000,Clay County,,rural,1181,False,-0.083,54417,6.562,12.857,14.0,-0.0647,-0.1213,0.3396,-0.2447,-0.2545,5,-0.3455,False,False,False,False,measured
17031440202,Cook County,"Chicago-Naperville-Elgin, IL-IN",metro,1580,True,-0.214,34651,3.233,2.969,34.0,-0.0756,-0.1999,-0.1116,0.2184,-0.1771,5,-0.3457,False,False,False,True,measured
17031260100,Cook County,"Chicago-Naperville-Elgin, IL-IN",metro,661,True,2.756,15817,3.233,4.208,4.0,0.1728,-0.2748,-0.1116,0.1604,-0.2932,5,-0.3465,False,False,False,True,measured
17031380100,Cook County,"Chicago-Naperville-Elgin, IL-IN",metro,988,False,-1.6,80216,3.233,4.379,34.0,-0.1916,-0.0187,-0.1116,0.1524,-0.1771,5,-0.3465,False,False,False,True,measured
55071010300,Manitowoc County,"Manitowoc, WI",micro,1790,False,1.002,84722,-0.096,5.238,100.0,0.0261,-0.0007,-0.5627,0.1121,0.0784,5,-0.3469,False,False,False,False,measured
17115000400,Macon County,"Decatur, IL",metro,474,False,2.893,51939,3.438,9.369,19.0,0.1843,-0.1311,-0.0838,-0.0813,-0.2351,5,-0.3471,False,True,False,False,measured
17115001900,Macon County,"Decatur, IL",metro,1185,True,3.146,33045,3.438,8.391,21.0,0.2054,-0.2063,-0.0838,-0.0355,-0.2274,5,-0.3476,False,False,False,False,measured
55079015800,Milwaukee County,"Milwaukee-Waukesha, WI",metro,985,True,2.095,43185,2.576,5.388,27.0,0.1175,-0.166,-0.2006,0.1051,-0.2042,5,-0.3481,False,False,False,True,measured
17031806400,Cook County,"Chicago-Naperville-Elgin, IL-IN",metro,784,False,-2.417,126250,3.233,8.687,56.0,-0.2598,0.1645,-0.1116,-0.0494,-0.0919,5,-0.3483,False,False,False,True,measured
55079101200,Milwaukee County,"Milwaukee-Waukesha, WI",metro,1266,False,-2.475,79000,2.576,6.57,103.0,-0.2647,-0.0235,-0.2006,0.0498,0.09,5,-0.349,False,False,False,True,measured
17115001200,Macon County,"Decatur, IL",metro,1183,False,1.389,53631,3.438,9.262,48.0,0.0584,-0.1244,-0.0838,-0.0763,-0.1229,5,-0.349,False,False,False,False,measured
55043960900,Grant County,"Platteville, WI",micro,2067,False,-0.11,39842,4.697,13.967,107.0,-0.0669,-0.1793,0.0868,-0.2967,0.1055,5,-0.3505,False,False,False,False,measured
55079006100,Milwaukee County,"Milwaukee-Waukesha, WI",metro,697,True,-0.369,63117,2.576,3.723,39.0,-0.0886,-0.0867,-0.2006,0.1831,-0.1577,5,-0.3505,False,False,False,True,measured
55119960300,Taylor County,,rural,1082,False,-2.308,72500,4.619,8.293,55.0,-0.2507,-0.0494,0.0762,-0.0309,-0.0958,5,-0.3506,False,False,False,False,measured
55087011800,Outagamie County,"Appleton, WI",metro,790,True,-2.385,62455,3.366,4.919,70.0,-0.2572,-0.0893,-0.0936,0.1271,-0.0377,5,-0.3507,True,False,False,False,measured
17161024400,Rock Island County,"Davenport-Moline-Rock Island, IA-IL",metro,998,True,0.101,14563,5.221,7.02,26.0,-0.0493,-0.2798,0.1578,0.0287,-0.208,5,-0.3507,False,False,False,False,measured
17099964100,LaSalle County,"Ottawa, IL",micro,1427,False,-3.211,76313,6.809,12.769,48.0,-0.3263,-0.0342,0.3731,-0.2406,-0.1229,5,-0.3509,False,False,False,False,measured
55079004000,Milwaukee County,"Milwaukee-Waukesha, WI",metro,1005,True,0.526,37745,2.576,3.011,37.0,-0.0137,-0.1876,-0.2006,0.2164,-0.1655,5,-0.351,False,False,False,True,measured
17031310700,Cook County,"Chicago-Naperville-Elgin, IL-IN",metro,620,True,2.02,76111,3.233,9.362,19.0,0.1113,-0.035,-0.1116,-0.081,-0.2351,5,-0.3515,False,False,False,True,measured
55101002600,Racine County,"Racine-Mount Pleasant, WI",metro,2573,False,2.385,102440,-1.776,13.731,212.0,0.1418,0.0697,-0.7904,-0.2856,0.512,5,-0.3525,False,False,False,True,measured
17187870500,Warren County,,rural,1779,False,-0.112,63345,4.092,9.545,50.0,-0.067,-0.0858,0.0048,-0.0896,-0.1151,5,-0.3527,False,False,False,False,measured
17031806502,Cook County,"Chicago-Naperville-Elgin, IL-IN",metro,1405,False,-1.379,87449,3.233,8.332,68.0,-0.173,0.0101,-0.1116,-0.0328,-0.0454,5,-0.3527,False,False,False,True,measured
55079100900,Milwaukee County,"Milwaukee-Waukesha, WI",metro,1944,True,0.406,62071,2.576,7.797,72.0,-0.0237,-0.0908,-0.2006,-0.0077,-0.03,5,-0.3529,False,False,False,True,measured
55087011001,Outagamie County,"Appleton, WI",metro,1436,True,-0.277,67677,3.366,7.109,45.0,-0.0809,-0.0685,-0.0936,0.0245,-0.1345,5,-0.353,True,False,False,False,measured
17031660700,Cook County,"Chicago-Naperville-Elgin, IL-IN",metro,633,True,0.743,29577,3.233,3.913,28.0,0.0044,-0.2201,-0.1116,0.1742,-0.2003,5,-0.3534,False,False,False,True,measured
17143003103,Peoria County,"Peoria, IL",metro,1521,False,0.918,66454,4.713,13.625,52.0,0.019,-0.0734,0.089,-0.2807,-0.1074,5,-0.3535,True,False,False,False,measured
17031360200,Cook County,"Chicago-Naperville-Elgin, IL-IN",metro,797,True,2.484,26143,3.233,4.588,2.0,0.15,-0.2338,-0.1116,0.1426,-0.301,5,-0.3537,False,False,False,True,measured
17191955300,Wayne County,,rural,1188,False,0.505,57333,4.066,7.936,24.0,-0.0155,-0.1097,0.0014,-0.0142,-0.2158,5,-0.3538,False,False,False,False,measured
17097864904,Lake County,"Chicago-Naperville-Elgin, IL-IN",metro,1178,False,0.341,133611,2.585,12.237,53.0,-0.0292,0.1937,-0.1993,-0.2157,-0.1035,5,-0.354,True,False,False,True,measured
17019010100,Champaign County,"Champaign-Urbana, IL",metro,2124,True,0.183,48503,3.725,9.266,68.0,-0.0424,-0.1448,-0.0448,-0.0765,-0.0454,5,-0.354,False,False,False,False,measured
55079185800,Milwaukee County,"Milwaukee-Waukesha, WI",metro,491,True,1.094,50847,2.576,4.71,31.0,0.0338,-0.1355,-0.2006,0.1369,-0.1887,5,-0.3541,False,False,False,True,measured
17031600900,Cook County,"Chicago-Naperville-Elgin, IL-IN",metro,1599,True,2.174,54107,3.233,8.406,26.0,0.1241,-0.1225,-0.1116,-0.0362,-0.208,5,-0.3543,False,False,False,True,measured
17001000400,Adams County,"Quincy, IL-MO",micro,1522,True,3.028,42219,4.451,11.972,20.0,0.1956,-0.1698,0.0535,-0.2033,-0.2313,5,-0.3553,False,False,False,False,measured
17031804510,Cook County,"Chicago-Naperville-Elgin, IL-IN",metro,1311,True,-1.668,75515,3.233,6.115,59.0,-0.1972,-0.0374,-0.1116,0.0711,-0.0803,5,-0.3553,False,False,False,True,measured
17031804308,Cook County,"Chicago-Naperville-Elgin, IL-IN",metro,1906,True,-5.781,84244,3.233,5.468,131.0,-0.5413,-0.0026,-0.1116,0.1014,0.1984,5,-0.3557,False,False,False,True,measured
55133200600,Waukesha County,"Milwaukee-Waukesha, WI",metro,798,False,-2.682,60000,5.429,8.532,49.0,-0.282,-0.0991,0.1861,-0.0421,-0.119,5,-0.3561,False,False,False,False,measured
17031827300,Cook County,"Chicago-Naperville-Elgin, IL-IN",metro,963,True,1.499,29966,3.233,3.294,3.0,0.0677,-0.2185,-0.1116,0.2032,-0.2971,5,-0.3564,False,True,False,True,measured
17031170900,Cook County,"Chicago-Naperville-Elgin, IL-IN",metro,646,False,-0.154,64202,3.233,5.734,33.0,-0.0706,-0.0824,-0.1116,0.0889,-0.1809,5,-0.3566,False,False,False,True,measured
17077010300,Jackson County,"Carbondale, IL",micro,1109,False,1.08,61801,4.146,9.551,23.0,0.0326,-0.0919,0.0121,-0.0899,-0.2197,5,-0.3567,False,False,False,False,measured
55079019300,Milwaukee County,"Milwaukee-Waukesha, WI",metro,1033,False,-2.567,77305,2.576,5.766,95.0,-0.2724,-0.0302,-0.2006,0.0874,0.0591,5,-0.3568,False,False,False,True,measured
17031825504,Cook County,"Chicago-Naperville-Elgin, IL-IN",metro,1212,False,-2.117,77679,3.233,6.19,67.0,-0.2348,-0.0287,-0.1116,0.0675,-0.0493,5,-0.3569,False,False,False,True,measured
17031802702,Cook County,"Chicago-Naperville-Elgin, IL-IN",metro,1567,False,-3.077,94656,3.233,6.34,72.0,-0.3151,0.0388,-0.1116,0.0605,-0.03,5,-0.3573,False,False,False,True,measured
17089850703,Kane County,"Chicago-Naperville-Elgin, IL-IN",metro,736,False,-2.586,119559,5.101,13.587,58.0,-0.274,0.1378,0.1416,-0.2789,-0.0842,5,-0.3576,False,False,False,False,measured
17031820605,Cook County,"Chicago-Naperville-Elgin, IL-IN",metro,1926,True,0.867,63137,3.233,6.843,25.0,0.0148,-0.0866,-0.1116,0.037,-0.2119,5,-0.3583,False,False,False,True,measured
17031560400,Cook County,"Chicago-Naperville-Elgin, IL-IN",metro,473,True,0.472,69148,3.233,5.744,14.0,-0.0183,-0.0627,-0.1116,0.0884,-0.2545,5,-0.3586,False,False,False,True,measured
17117956400,Macoupin County,"St. Louis, MO-IL",metro,2035,True,-0.33,59637,6.611,19.656,91.0,-0.0853,-0.1005,0.3463,-0.5631,0.0436,5,-0.3591,False,False,False,False,measured
17043844402,DuPage County,"Chicago-Naperville-Elgin, IL-IN",metro,1791,False,-1.106,114271,3.131,12.922,92.0,-0.1502,0.1168,-0.1254,-0.2477,0.0475,5,-0.3591,False,False,False,False,measured
17019005800,Champaign County,"Champaign-Urbana, IL",metro,1574,False,-0.307,71525,3.725,9.219,53.0,-0.0834,-0.0532,-0.0448,-0.0743,-0.1035,5,-0.3593,False,False,False,False,measured
17181950400,Union County,,rural,2083,False,3.647,35610,2.803,10.071,47.0,0.2473,-0.1961,-0.1698,-0.1142,-0.1267,5,-0.3595,False,True,False,False,measured
55079020000,Milwaukee County,"Milwaukee-Waukesha, WI",metro,1571,True,0.548,51946,2.576,5.269,47.0,-0.0118,-0.1311,-0.2006,0.1107,-0.1267,5,-0.3596,False,False,False,True,measured
17003957800,Alexander County,"Cape Girardeau, MO-IL",metro,404,True,-2.82,44932,4.292,0.0,3.0,-0.2936,-0.159,0.032,0.3574,-0.2971,5,-0.3602,False,False,False,False,measured
55079008100,Milwaukee County,"Milwaukee-Waukesha, WI",metro,528,True,2.442,33169,2.576,5.012,22.0,0.1466,-0.2058,-0.2006,0.1227,-0.2235,5,-0.3607,False,True,False,True,measured
17097864308,Lake County,"Chicago-Naperville-Elgin, IL-IN",metro,1668,False,-1.772,156250,2.585,15.915,118.0,-0.206,0.2838,-0.1993,-0.3879,0.1481,5,-0.3613,False,False,False,True,measured
17033880200,Crawford County,,rural,1571,False,2.399,66403,4.648,13.698,21.0,0.143,-0.0736,0.0802,-0.2841,-0.2274,5,-0.3619,False,False,False,False,measured
17031030604,Cook County,"Chicago-Naperville-Elgin, IL-IN",metro,2234,False,-1.136,51688,3.233,4.527,51.0,-0.1527,-0.1321,-0.1116,0.1454,-0.1113,5,-0.3623,False,False,False,True,measured
17031270500,Cook County,"Chicago-Naperville-Elgin, IL-IN",metro,605,True,2.224,24181,3.233,4.402,5.0,0.1283,-0.2416,-0.1116,0.1513,-0.2893,5,-0.3629,False,False,False,True,measured
17031650400,Cook County,"Chicago-Naperville-Elgin, IL-IN",metro,1602,True,-1.901,76500,3.233,5.282,51.0,-0.2167,-0.0334,-0.1116,0.1101,-0.1113,5,-0.3629,False,False,False,True,measured
55079001200,Milwaukee County,"Milwaukee-Waukesha, WI",metro,1010,True,0.421,34083,2.576,2.604,35.0,-0.0225,-0.2022,-0.2006,0.2355,-0.1732,5,-0.363,False,False,False,True,measured
17063000400,Grundy County,"Chicago-Naperville-Elgin, IL-IN",metro,2696,False,0.022,74167,6.278,21.137,97.0,-0.0558,-0.0427,0.3011,-0.6325,0.0668,5,-0.3631,False,False,False,False,measured
55025001101,Dane County,"Madison, WI",metro,1820,True,3.465,16755,2.659,4.091,2.0,0.2321,-0.2711,-0.1893,0.1658,-0.301,5,-0.3634,False,True,False,False,measured
17143003104,Peoria County,"Peoria, IL",metro,1436,False,0.918,66721,4.713,15.349,70.0,0.019,-0.0723,0.089,-0.3614,-0.0377,5,-0.3634,True,False,False,False,measured
17115002902,Macon County,"Decatur, IL",metro,1926,False,-1.883,61515,3.438,8.861,102.0,-0.2152,-0.093,-0.0838,-0.0575,0.0862,5,-0.3634,False,False,False,False,measured
17057953800,Fulton County,"Canton, IL",micro,1037,False,-1.173,63191,4.795,10.812,61.0,-0.1558,-0.0864,0.1001,-0.1489,-0.0725,5,-0.3636,False,False,False,False,measured
17161024500,Rock Island County,"Davenport-Moline-Rock Island, IA-IL",metro,749,True,-2.103,36979,5.221,5.525,29.0,-0.2336,-0.1906,0.1578,0.0987,-0.1964,5,-0.3642,False,False,False,False,measured
17031829100,Cook County,"Chicago-Naperville-Elgin, IL-IN",metro,1220,True,0.444,33958,3.233,4.314,32.0,-0.0206,-0.2027,-0.1116,0.1554,-0.1848,5,-0.3643,False,False,False,True,measured
17031191000,Cook County,"Chicago-Naperville-Elgin, IL-IN",metro,722,False,-0.11,58182,3.233,3.816,13.0,-0.0669,-0.1063,-0.1116,0.1787,-0.2584,5,-0.3645,False,False,False,True,measured
17143001500,Peoria County,"Peoria, IL",metro,652,True,0.221,34219,4.713,7.191,19.0,-0.0393,-0.2016,0.089,0.0207,-0.2351,5,-0.3664,False,False,False,False,measured
17051951000,Fayette County,,rural,734,True,-1.08,63542,6.622,13.386,25.0,-0.148,-0.085,0.3478,-0.2695,-0.2119,5,-0.3666,False,False,False,False,measured
17195001500,Whiteside County,"Sterling, IL",micro,1494,True,1.998,48963,4.957,13.658,35.0,0.1095,-0.143,0.1221,-0.2822,-0.1732,5,-0.3669,False,False,False,False,measured
55079130200,Milwaukee County,"Milwaukee-Waukesha, WI",metro,1209,False,-0.347,93203,2.576,8.489,61.0,-0.0867,0.033,-0.2006,-0.0401,-0.0725,5,-0.367,False,False,False,True,measured
55035000803,Eau Claire County,"Eau Claire, WI",metro,2991,True,0.85,59781,1.628,8.856,107.0,0.0134,-0.0999,-0.3291,-0.0573,0.1055,5,-0.3674,False,False,False,False,measured
55079186900,Milwaukee County,"Milwaukee-Waukesha, WI",metro,1586,False,0.076,86711,2.576,6.389,33.0,-0.0514,0.0072,-0.2006,0.0583,-0.1809,5,-0.3675,False,False,False,True,measured
17031020802,Cook County,"Chicago-Naperville-Elgin, IL-IN",metro,2086,True,-2.062,68725,3.233,4.935,57.0,-0.2302,-0.0644,-0.1116,0.1263,-0.088,5,-0.3678,False,False,False,True,measured
17031530503,Cook County,"Chicago-Naperville-Elgin, IL-IN",metro,1390,True,-4.891,52857,3.233,2.518,105.0,-0.4669,-0.1275,-0.1116,0.2395,0.0978,5,-0.3686,False,False,False,True,measured
55101001506,Racine County,"Racine-Mount Pleasant, WI",metro,1664,False,0.599,96286,-1.776,4.829,145.0,-0.0076,0.0453,-0.7904,0.1313,0.2526,5,-0.3688,True,False,False,True,measured
17041952400,Douglas County,,rural,1208,False,-0.871,87923,4.655,13.159,61.0,-0.1305,0.012,0.0811,-0.2588,-0.0725,5,-0.3688,False,False,False,False,measured
17031710500,Cook County,"Chicago-Naperville-Elgin, IL-IN",metro,1563,True,-0.304,38456,3.233,4.202,41.0,-0.0832,-0.1848,-0.1116,0.1606,-0.15,5,-0.3689,False,True,False,True,measured
17043840303,DuPage County,"Chicago-Naperville-Elgin, IL-IN",metro,1416,True,-1.537,62958,3.131,6.435,73.0,-0.1862,-0.0873,-0.1254,0.0561,-0.0261,5,-0.369,False,False,False,False,measured
17195000900,Whiteside County,"Sterling, IL",micro,1546,False,0.476,72232,4.957,12.971,35.0,-0.0179,-0.0504,0.1221,-0.25,-0.1732,5,-0.3695,False,False,False,False,measured
55135101000,Waupaca County,,rural,2585,False,-2.287,60509,1.882,7.172,144.0,-0.249,-0.097,-0.2947,0.0215,0.2488,5,-0.3705,False,False,False,False,measured
17145030400,Perry County,,rural,906,False,-3.47,50144,7.989,11.439,18.0,-0.348,-0.1383,0.5331,-0.1783,-0.239,5,-0.3705,False,False,False,False,measured
55133203703,Waukesha County,"Milwaukee-Waukesha, WI",metro,1250,False,0.74,149189,5.429,29.244,130.0,0.0042,0.2557,0.1861,-1.0122,0.1946,5,-0.3716,False,False,False,False,measured
55081950800,Monroe County,"Sparta, WI",micro,1481,False,-0.752,74698,3.787,10.056,64.0,-0.1206,-0.0406,-0.0365,-0.1135,-0.0609,5,-0.3722,False,False,False,False,measured
55079012700,Milwaukee County,"Milwaukee-Waukesha, WI",metro,512,False,0.168,63529,2.576,6.089,50.0,-0.0436,-0.085,-0.2006,0.0723,-0.1151,5,-0.3722,False,False,False,True,measured
17073030302,Henry County,"Davenport-Moline-Rock Island, IA-IL",metro,1585,False,1.952,63162,4.778,18.927,90.0,0.1055,-0.0865,0.0979,-0.529,0.0397,5,-0.3724,True,False,False,False,measured
17019005901,Champaign County,"Champaign-Urbana, IL",metro,445,False,4.999,10208,3.725,10.141,9.0,0.3605,-0.2971,-0.0448,-0.1175,-0.2739,5,-0.3729,True,True,False,False,measured
55075960900,Marinette County,"Marinette, WI-MI",micro,1165,False,-0.289,75708,6.165,16.63,49.0,-0.0819,-0.0366,0.2858,-0.4214,-0.119,5,-0.373,False,False,False,False,measured
17057953500,Fulton County,"Canton, IL",micro,1134,True,1.885,53542,4.795,14.667,49.0,0.1,-0.1248,0.1001,-0.3295,-0.119,5,-0.3731,False,False,False,False,measured
17031580502,Cook County,"Chicago-Naperville-Elgin, IL-IN",metro,1520,True,0.212,62552,3.233,5.526,20.0,-0.04,-0.0889,-0.1116,0.0986,-0.2313,5,-0.3731,False,False,False,True,measured
55095960301,Polk County,,rural,753,False,0.358,88373,2.692,9.066,52.0,-0.0278,0.0138,-0.1848,-0.0671,-0.1074,5,-0.3733,True,False,False,False,measured
17097864521,Lake County,"Chicago-Naperville-Elgin, IL-IN",metro,1303,False,-1.857,146397,2.585,7.583,26.0,-0.213,0.2446,-0.1993,0.0023,-0.208,5,-0.3735,False,False,False,True,measured
17011965600,Bureau County,"Ottawa, IL",micro,1229,False,0.444,69135,4.366,12.265,50.0,-0.0206,-0.0627,0.0419,-0.217,-0.1151,5,-0.3735,False,False,False,False,measured
55079009300,Milwaukee County,"Milwaukee-Waukesha, WI",metro,987,False,-2.038,92607,2.576,4.077,43.0,-0.2281,0.0306,-0.2006,0.1665,-0.1422,5,-0.3738,False,False,False,True,measured
17167002802,Sangamon County,"Springfield, IL",metro,1578,True,-2.011,51375,7.206,11.794,16.0,-0.2259,-0.1334,0.4269,-0.1949,-0.2468,5,-0.374,False,False,False,False,measured
17043846310,DuPage County,"Chicago-Naperville-Elgin, IL-IN",metro,1714,True,-0.775,65880,3.131,6.504,53.0,-0.1225,-0.0757,-0.1254,0.0528,-0.1035,5,-0.3744,False,False,False,False,measured
17031817200,Cook County,"Chicago-Naperville-Elgin, IL-IN",metro,1483,True,-0.709,63067,3.233,6.774,54.0,-0.117,-0.0869,-0.1116,0.0402,-0.0996,5,-0.3749,False,False,False,True,measured
17043840911,DuPage County,"Chicago-Naperville-Elgin, IL-IN",metro,839,False,-1.157,112798,3.131,7.76,28.0,-0.1545,0.1109,-0.1254,-0.006,-0.2003,5,-0.3753,False,False,False,False,measured
17023060400,Clark County,,rural,730,False,-1.799,75132,6.604,12.23,13.0,-0.2082,-0.0389,0.3453,-0.2153,-0.2584,5,-0.3754,True,False,False,False,measured
55079160205,Milwaukee County,"Milwaukee-Waukesha, WI",metro,1613,False,0.031,80281,2.576,5.949,33.0,-0.0551,-0.0184,-0.2006,0.0788,-0.1809,5,-0.3763,True,False,False,True,measured
17143002600,Peoria County,"Peoria, IL",metro,717,False,-2.37,61964,4.713,7.53,48.0,-0.2559,-0.0913,0.089,0.0048,-0.1229,5,-0.3763,True,False,False,False,measured
17031431400,Cook County,"Chicago-Naperville-Elgin, IL-IN",metro,3244,True,-1.022,48529,3.233,2.78,27.0,-0.1432,-0.1447,-0.1116,0.2273,-0.2042,5,-0.3764,False,False,False,True,measured
17031826800,Cook County,"Chicago-Naperville-Elgin, IL-IN",metro,1531,True,-1.576,61062,3.233,3.528,35.0,-0.1895,-0.0948,-0.1116,0.1922,-0.1732,5,-0.3769,False,False,False,True,measured
55079170200,Milwaukee County,"Milwaukee-Waukesha, WI",metro,1534,True,-1.673,74211,2.576,5.643,72.0,-0.1976,-0.0425,-0.2006,0.0932,-0.03,5,-0.3776,False,False,False,True,measured
55009020506,Brown County,"Green Bay, WI",metro,997,False,0.13,77165,2.607,9.051,70.0,-0.0469,-0.0308,-0.1964,-0.0664,-0.0377,5,-0.3782,True,False,False,True,measured
17045070400,Edgar County,,rural,2523,False,0.127,57730,4.339,13.41,82.0,-0.0471,-0.1081,0.0383,-0.2706,0.0088,5,-0.3787,False,False,False,False,measured
55009001100,Brown County,"Green Bay, WI",metro,757,True,0.375,60865,2.607,4.814,30.0,-0.0264,-0.0956,-0.1964,0.132,-0.1926,5,-0.379,False,False,False,True,measured
17115000502,Macon County,"Decatur, IL",metro,1052,True,1.869,40723,3.438,7.442,21.0,0.0986,-0.1758,-0.0838,0.0089,-0.2274,5,-0.3794,True,False,False,False,measured
55079007200,Milwaukee County,"Milwaukee-Waukesha, WI",metro,1436,False,-0.426,74655,2.576,6.213,51.0,-0.0934,-0.0408,-0.2006,0.0665,-0.1113,5,-0.3795,False,False,False,True,measured
17077010601,Jackson County,"Carbondale, IL",micro,836,True,-0.324,80417,4.146,9.112,23.0,-0.0848,-0.0179,0.0121,-0.0693,-0.2197,5,-0.3795,True,False,False,False,measured
17133600103,Monroe County,"St. Louis, MO-IL",metro,1494,False,1.169,77500,4.722,17.503,75.0,0.0401,-0.0295,0.0902,-0.4623,-0.0183,5,-0.3798,True,False,False,False,measured
17031010702,Cook County,"Chicago-Naperville-Elgin, IL-IN",metro,1948,True,-1.331,61724,3.233,5.242,49.0,-0.1691,-0.0922,-0.1116,0.1119,-0.119,5,-0.3799,False,False,False,True,measured
17141960900,Ogle County,"Rochelle, IL",micro,2089,False,-0.203,63701,3.917,11.31,72.0,-0.0747,-0.0844,-0.0189,-0.1722,-0.03,5,-0.3801,False,False,False,False,measured
17201002000,Winnebago County,"Rockford, IL",metro,787,True,-2.99,42601,5.151,5.052,35.0,-0.3078,-0.1683,0.1484,0.1209,-0.1732,5,-0.3801,False,False,False,False,measured
55079006700,Milwaukee County,"Milwaukee-Waukesha, WI",metro,458,True,3.127,26806,2.576,5.532,15.0,0.2038,-0.2311,-0.2006,0.0983,-0.2506,5,-0.3802,False,False,False,True,measured
17031843100,Cook County,"Chicago-Naperville-Elgin, IL-IN",metro,493,True,1.176,51023,3.233,5.761,12.0,0.0407,-0.1348,-0.1116,0.0876,-0.2622,5,-0.3803,False,False,False,True,measured
55095960303,Polk County,,rural,542,False,0.358,92143,2.692,7.801,31.0,-0.0278,0.0288,-0.1848,-0.0079,-0.1887,5,-0.3804,True,False,False,False,measured
17031130100,Cook County,"Chicago-Naperville-Elgin, IL-IN",metro,1874,False,-0.494,34565,3.233,5.519,62.0,-0.099,-0.2003,-0.1116,0.099,-0.0687,5,-0.3806,False,False,False,True,measured
17165955500,Saline County,,rural,1050,True,1.693,52664,5.421,13.337,14.0,0.0839,-0.1283,0.185,-0.2672,-0.2545,5,-0.381,False,False,False,False,measured
17031671300,Cook County,"Chicago-Naperville-Elgin, IL-IN",metro,660,True,-0.151,38980,3.233,3.396,24.0,-0.0703,-0.1827,-0.1116,0.1984,-0.2158,5,-0.382,False,False,False,True,measured
17031420300,Cook County,"Chicago-Naperville-Elgin, IL-IN",metro,695,True,-0.621,42973,3.233,2.401,18.0,-0.1097,-0.1668,-0.1116,0.245,-0.239,5,-0.3821,False,False,False,True,measured
17031828802,Cook County,"Chicago-Naperville-Elgin, IL-IN",metro,1105,True,-1.288,70565,3.233,7.771,69.0,-0.1655,-0.057,-0.1116,-0.0065,-0.0416,5,-0.3821,False,False,False,True,measured
17043843800,DuPage County,"Chicago-Naperville-Elgin, IL-IN",metro,1440,False,-0.76,118143,3.131,12.136,65.0,-0.1213,0.1322,-0.1254,-0.2109,-0.0571,5,-0.3825,False,False,False,False,measured
17159978000,Richland County,,rural,865,True,0.209,46875,6.638,13.253,8.0,-0.0402,-0.1513,0.3499,-0.2633,-0.2777,5,-0.3826,False,False,False,False,measured
55079008000,Milwaukee County,"Milwaukee-Waukesha, WI",metro,901,True,0.404,52137,2.576,5.282,44.0,-0.0239,-0.1304,-0.2006,0.1101,-0.1384,5,-0.3832,False,False,False,True,measured
55001950501,Adams County,,rural,791,True,0.449,43510,4.348,11.99,71.0,-0.0202,-0.1647,0.0395,-0.2041,-0.0338,5,-0.3833,False,False,False,False,measured
55079009900,Milwaukee County,"Milwaukee-Waukesha, WI",metro,389,True,1.846,38589,2.576,4.562,18.0,0.0967,-0.1842,-0.2006,0.1438,-0.239,5,-0.3834,False,False,False,True,measured
17031837100,Cook County,"Chicago-Naperville-Elgin, IL-IN",metro,756,True,1.844,49667,3.233,7.242,16.0,0.0965,-0.1402,-0.1116,0.0183,-0.2468,5,-0.3837,False,False,False,True,measured
17031710200,Cook County,"Chicago-Naperville-Elgin, IL-IN",metro,1659,True,-1.088,37587,3.233,3.058,41.0,-0.1487,-0.1882,-0.1116,0.2142,-0.15,5,-0.3843,False,False,False,True,measured
17111870104,McHenry County,"Chicago-Naperville-Elgin, IL-IN",metro,2145,False,1.426,74868,4.254,19.544,112.0,0.0616,-0.0399,0.0269,-0.5579,0.1249,5,-0.3845,True,False,False,False,measured
55009000401,Brown County,"Green Bay, WI",metro,2185,True,-1.445,56635,2.607,7.445,104.0,-0.1786,-0.1125,-0.1964,0.0088,0.0939,5,-0.3847,False,False,False,True,measured
17091010100,Kankakee County,"Kankakee, IL",metro,813,False,-2.882,82723,5.833,12.3,54.0,-0.2988,-0.0087,0.2408,-0.2186,-0.0996,5,-0.3849,False,False,False,False,measured
17163504358,St. Clair County,"St. Louis, MO-IL",metro,1491,False,-0.255,81856,6.452,20.121,71.0,-0.079,-0.0121,0.3247,-0.5849,-0.0338,5,-0.3852,True,False,False,False,measured
55079006000,Milwaukee County,"Milwaukee-Waukesha, WI",metro,861,True,-0.254,41970,2.576,3.629,48.0,-0.0789,-0.1708,-0.2006,0.1875,-0.1229,5,-0.3857,False,False,False,True,measured
17077010602,Jackson County,"Carbondale, IL",micro,1427,True,-0.324,53487,4.146,9.112,49.0,-0.0848,-0.125,0.0121,-0.0693,-0.119,5,-0.3859,True,False,False,False,measured
17173959200,Shelby County,,rural,1218,False,-0.374,78963,5.569,13.499,27.0,-0.089,-0.0236,0.205,-0.2748,-0.2042,5,-0.3866,False,False,False,False,measured
55079002600,Milwaukee County,"Milwaukee-Waukesha, WI",metro,968,True,0.25,31418,2.576,3.243,43.0,-0.0368,-0.2128,-0.2006,0.2056,-0.1422,5,-0.3869,False,False,False,True,measured
17031829600,Cook County,"Chicago-Naperville-Elgin, IL-IN",metro,1087,False,-2.137,68472,3.233,5.518,61.0,-0.2365,-0.0654,-0.1116,0.099,-0.0725,5,-0.387,False,False,False,True,measured
17163501300,St. Clair County,"St. Louis, MO-IL",metro,972,True,-6.068,54250,6.452,2.152,7.0,-0.5652,-0.1219,0.3247,0.2567,-0.2816,5,-0.3875,False,False,False,False,measured
55139000900,Winnebago County,"Oshkosh-Neenah, WI",metro,1462,False,0.468,67034,1.083,5.498,81.0,-0.0186,-0.0711,-0.4029,0.1,0.0049,5,-0.3877,False,False,False,False,measured
55019950400,Clark County,,rural,1530,False,1.304,68917,3.127,12.824,78.0,0.0514,-0.0636,-0.126,-0.2432,-0.0067,5,-0.3881,False,False,False,False,measured
55079012600,Milwaukee County,"Milwaukee-Waukesha, WI",metro,1028,True,-1.584,66346,2.576,4.613,63.0,-0.1902,-0.0738,-0.2006,0.1414,-0.0648,5,-0.3881,False,False,False,True,measured
55079002900,Milwaukee County,"Milwaukee-Waukesha, WI",metro,720,True,-0.547,45865,2.576,2.747,39.0,-0.1034,-0.1553,-0.2006,0.2288,-0.1577,5,-0.3882,False,False,False,True,measured
17031440800,Cook County,"Chicago-Naperville-Elgin, IL-IN",metro,744,True,0.217,26890,3.233,2.912,21.0,-0.0396,-0.2308,-0.1116,0.2211,-0.2274,5,-0.3883,False,False,False,True,measured
17055040600,Franklin County,,rural,1167,False,0.179,57875,5.032,12.837,47.0,-0.0428,-0.1075,0.1323,-0.2438,-0.1267,5,-0.3885,False,False,False,False,measured
17159978200,Richland County,,rural,1155,False,1.365,59583,6.638,17.857,24.0,0.0564,-0.1007,0.3499,-0.4789,-0.2158,5,-0.3891,False,False,False,False,measured
55089650103,Ozaukee County,"Milwaukee-Waukesha, WI",metro,1052,False,1.241,71818,2.924,9.837,47.0,0.0461,-0.0521,-0.1535,-0.1033,-0.1267,5,-0.3894,True,False,False,False,measured
17031803612,Cook County,"Chicago-Naperville-Elgin, IL-IN",metro,1356,True,1.47,72603,3.233,9.802,30.0,0.0652,-0.0489,-0.1116,-0.1016,-0.1926,5,-0.3895,False,False,False,True,measured
55079016700,Milwaukee County,"Milwaukee-Waukesha, WI",metro,1162,True,2.165,36850,2.576,5.777,26.0,0.1234,-0.1912,-0.2006,0.0869,-0.208,5,-0.3896,False,False,False,True,measured
17031530100,Cook County,"Chicago-Naperville-Elgin, IL-IN",metro,756,True,0.16,30283,3.233,2.466,13.0,-0.0444,-0.2173,-0.1116,0.242,-0.2584,5,-0.3896,False,False,False,True,measured
55035000401,Eau Claire County,"Eau Claire, WI",metro,1071,False,1.599,88783,1.628,9.257,60.0,0.076,0.0154,-0.3291,-0.0761,-0.0764,5,-0.3902,True,False,False,False,measured
17031671500,Cook County,"Chicago-Naperville-Elgin, IL-IN",metro,806,True,-1.539,63125,3.233,3.64,30.0,-0.1865,-0.0866,-0.1116,0.187,-0.1926,5,-0.3903,False,False,False,True,measured
17031807000,Cook County,"Chicago-Naperville-Elgin, IL-IN",metro,2101,True,1.535,49007,3.233,10.01,55.0,0.0707,-0.1428,-0.1116,-0.1114,-0.0958,5,-0.3909,False,False,False,True,measured
17195000100,Whiteside County,"Sterling, IL",micro,1333,False,-1.443,95546,4.957,13.057,48.0,-0.1784,0.0423,0.1221,-0.2541,-0.1229,5,-0.391,False,False,False,False,measured
17097860908,Lake County,"Chicago-Naperville-Elgin, IL-IN",metro,909,False,-0.063,61719,2.585,6.875,61.0,-0.0629,-0.0922,-0.1993,0.0355,-0.0725,5,-0.3916,True,False,False,True,measured
17195001200,Whiteside County,"Sterling, IL",micro,1600,False,-0.255,63919,4.957,14.085,67.0,-0.079,-0.0835,0.1221,-0.3022,-0.0493,5,-0.3919,False,False,False,False,measured
17049950800,Effingham County,"Effingham, IL",micro,1748,False,-1.36,62214,7.033,16.486,49.0,-0.1715,-0.0903,0.4035,-0.4147,-0.119,5,-0.392,False,False,False,False,measured
17031770500,Cook County,"Chicago-Naperville-Elgin, IL-IN",metro,1171,True,2.136,75096,3.233,8.943,2.0,0.1209,-0.039,-0.1116,-0.0614,-0.301,5,-0.392,False,False,False,True,measured
17055040800,Franklin County,,rural,1412,False,-1.265,87222,5.032,11.762,34.0,-0.1635,0.0092,0.1323,-0.1934,-0.1771,5,-0.3925,False,False,False,False,measured
17031806501,Cook County,"Chicago-Naperville-Elgin, IL-IN",metro,744,True,0.519,89881,3.233,9.477,28.0,-0.0143,0.0198,-0.1116,-0.0864,-0.2003,5,-0.3928,False,False,False,True,measured
17031770400,Cook County,"Chicago-Naperville-Elgin, IL-IN",metro,1738,False,-0.469,85745,3.233,9.76,57.0,-0.097,0.0033,-0.1116,-0.0996,-0.088,5,-0.3929,True,False,False,True,measured
17031817500,Cook County,"Chicago-Naperville-Elgin, IL-IN",metro,1277,False,-0.433,49985,3.233,6.136,49.0,-0.0939,-0.1389,-0.1116,0.0701,-0.119,5,-0.3933,False,False,False,True,measured
17031827700,Cook County,"Chicago-Naperville-Elgin, IL-IN",metro,878,True,-1.08,56038,3.233,7.653,75.0,-0.1481,-0.1148,-0.1116,-0.001,-0.0183,5,-0.3938,False,False,False,True,measured
17031816800,Cook County,"Chicago-Naperville-Elgin, IL-IN",metro,1818,True,-1.307,85521,3.233,11.083,91.0,-0.167,0.0024,-0.1116,-0.1616,0.0436,5,-0.3942,False,False,False,True,measured
17133600401,Monroe County,"St. Louis, MO-IL",metro,3132,False,2.085,100845,4.722,31.929,202.0,0.1167,0.0634,0.0902,-1.1379,0.4733,5,-0.3943,False,False,False,False,measured
17089854301,Kane County,"Chicago-Naperville-Elgin, IL-IN",metro,1370,True,-7.082,82679,5.101,5.359,84.0,-0.6501,-0.0089,0.1416,0.1065,0.0165,5,-0.3944,False,False,False,False,measured
17165955700,Saline County,,rural,1032,False,0.341,61310,5.421,13.85,37.0,-0.0292,-0.0939,0.185,-0.2912,-0.1655,5,-0.3947,False,False,False,False,measured
17135957800,Montgomery County,,rural,1594,False,-0.676,35686,6.022,11.047,30.0,-0.1143,-0.1958,0.2665,-0.1599,-0.1926,5,-0.3961,False,False,False,False,measured
55027962000,Dodge County,"Beaver Dam, WI",micro,998,True,-0.552,60722,2.624,5.715,56.0,-0.1039,-0.0962,-0.1941,0.0898,-0.0919,5,-0.3963,False,False,False,False,measured
17197882801,Will County,"Chicago-Naperville-Elgin, IL-IN",metro,995,True,-3.789,74764,4.616,7.227,60.0,-0.3747,-0.0403,0.0758,0.019,-0.0764,5,-0.3966,False,False,False,False,measured
17031660302,Cook County,"Chicago-Naperville-Elgin, IL-IN",metro,1431,True,-0.792,55430,3.233,3.962,24.0,-0.1239,-0.1173,-0.1116,0.1719,-0.2158,5,-0.3966,False,False,False,True,measured
17115001100,Macon County,"Decatur, IL",metro,1759,True,2.286,53566,3.438,12.459,55.0,0.1335,-0.1247,-0.0838,-0.2261,-0.0958,5,-0.3968,False,False,False,False,measured
17031824116,Cook County,"Chicago-Naperville-Elgin, IL-IN",metro,2275,False,0.654,79613,3.233,14.228,92.0,-0.003,-0.0211,-0.1116,-0.3089,0.0475,5,-0.3971,False,False,False,True,measured
17091012100,Kankakee County,"Kankakee, IL",metro,1470,False,0.929,46053,5.833,17.837,73.0,0.02,-0.1546,0.2408,-0.4779,-0.0261,5,-0.3978,False,False,False,False,measured
55043960800,Grant County,"Platteville, WI",micro,1178,False,0.386,78542,4.697,14.938,56.0,-0.0255,-0.0253,0.0868,-0.3421,-0.0919,5,-0.398,False,False,False,False,measured
17019000302,Champaign County,"Champaign-Urbana, IL",metro,1906,False,4.493,10698,3.725,9.568,6.0,0.3181,-0.2952,-0.0448,-0.0907,-0.2855,5,-0.3981,False,True,False,False,measured
17043845502,DuPage County,"Chicago-Naperville-Elgin, IL-IN",metro,2663,False,0.959,71625,3.131,11.767,67.0,0.0225,-0.0528,-0.1254,-0.1937,-0.0493,5,-0.3988,False,False,False,False,measured
17143001300,Peoria County,"Peoria, IL",metro,726,True,1.354,26857,4.713,8.377,8.0,0.0555,-0.2309,0.089,-0.0349,-0.2777,5,-0.399,False,False,False,False,measured
17183010701,Vermilion County,"Danville, IL",micro,1284,False,0.749,55913,3.315,9.113,49.0,0.0049,-0.1153,-0.1005,-0.0693,-0.119,5,-0.3992,False,False,False,False,measured
17143000600,Peoria County,"Peoria, IL",metro,1198,True,0.134,23958,4.713,7.286,24.0,-0.0465,-0.2424,0.089,0.0162,-0.2158,5,-0.3995,False,False,False,False,measured
55009001000,Brown County,"Green Bay, WI",metro,749,False,1.566,53160,2.607,6.069,22.0,0.0733,-0.1263,-0.1964,0.0732,-0.2235,5,-0.3997,False,False,False,True,measured
55073000602,Marathon County,"Wausau, WI",metro,1492,True,-1.499,60283,6.882,17.79,73.0,-0.1831,-0.0979,0.383,-0.4757,-0.0261,5,-0.3998,False,False,False,False,measured
17009970500,Brown County,,rural,1022,False,0.562,61806,8.071,20.338,16.0,-0.0107,-0.0919,0.5442,-0.5951,-0.2468,5,-0.4002,False,False,False,False,measured
17073030800,Henry County,"Davenport-Moline-Rock Island, IA-IL",metro,1394,True,2.149,43903,4.778,13.28,30.0,0.122,-0.1631,0.0979,-0.2645,-0.1926,5,-0.4003,False,False,False,False,measured
17031802403,Cook County,"Chicago-Naperville-Elgin, IL-IN",metro,799,False,-0.687,87525,3.233,7.785,34.0,-0.1151,0.0104,-0.1116,-0.0071,-0.1771,5,-0.4005,False,False,False,True,measured
17031251800,Cook County,"Chicago-Naperville-Elgin, IL-IN",metro,1622,True,-0.923,34220,3.233,3.746,45.0,-0.1349,-0.2016,-0.1116,0.182,-0.1345,5,-0.4006,False,False,False,True,measured
17091011500,Kankakee County,"Kankakee, IL",metro,767,True,0.449,34417,5.833,12.595,31.0,-0.0201,-0.2008,0.2408,-0.2324,-0.1887,5,-0.4013,False,False,False,False,measured
17133600102,Monroe County,"St. Louis, MO-IL",metro,1742,False,-1.793,112838,4.722,17.503,97.0,-0.2077,0.1111,0.0902,-0.4623,0.0668,5,-0.4018,False,False,False,False,measured
17097862200,Lake County,"Chicago-Naperville-Elgin, IL-IN",metro,1345,True,-0.071,62125,2.585,4.063,24.0,-0.0637,-0.0906,-0.1993,0.1672,-0.2158,5,-0.4022,False,False,False,True,measured
17031590700,Cook County,"Chicago-Naperville-Elgin, IL-IN",metro,978,False,-0.444,72355,3.233,5.56,17.0,-0.0948,-0.0499,-0.1116,0.097,-0.2429,5,-0.4022,False,False,False,True,measured
55135100100,Waupaca County,,rural,1474,False,-0.924,72368,1.882,7.414,97.0,-0.135,-0.0499,-0.2947,0.0102,0.0668,5,-0.4025,False,False,False,False,measured
17031460800,Cook County,"Chicago-Naperville-Elgin, IL-IN",metro,1297,True,-0.26,36812,3.233,2.879,17.0,-0.0795,-0.1913,-0.1116,0.2226,-0.2429,5,-0.4026,False,False,False,True,measured
17115002904,Macon County,"Decatur, IL",metro,2444,False,0.534,58716,3.438,12.706,89.0,-0.013,-0.1042,-0.0838,-0.2376,0.0359,5,-0.4027,False,False,False,False,measured
17183010400,Vermilion County,"Danville, IL",micro,843,False,0.506,78640,3.315,9.528,35.0,-0.0154,-0.0249,-0.1005,-0.0888,-0.1732,5,-0.4028,False,False,False,False,measured
17097862502,Lake County,"Chicago-Naperville-Elgin, IL-IN",metro,574,True,-0.139,83088,2.585,4.75,12.0,-0.0693,-0.0072,-0.1993,0.135,-0.2622,5,-0.4031,False,False,False,True,measured
55127000501,Walworth County,"Whitewater-Elkhorn, WI",micro,1075,False,-4.096,27644,6.687,4.772,11.0,-0.4003,-0.2278,0.3566,0.134,-0.2661,5,-0.4036,False,False,False,False,measured
17111871313,McHenry County,"Chicago-Naperville-Elgin, IL-IN",metro,845,True,0.773,63378,4.254,10.707,26.0,0.0069,-0.0856,0.0269,-0.144,-0.208,5,-0.4039,True,False,False,False,measured
17031200401,Cook County,"Chicago-Naperville-Elgin, IL-IN",metro,931,True,-1.596,69046,3.233,3.763,23.0,-0.1912,-0.0631,-0.1116,0.1812,-0.2197,5,-0.4044,False,False,False,True,measured
17165956000,Saline County,,rural,1165,True,-1.256,37591,5.421,9.364,39.0,-0.1628,-0.1882,0.185,-0.0811,-0.1577,5,-0.4048,False,False,False,False,measured
55079187000,Milwaukee County,"Milwaukee-Waukesha, WI",metro,2348,False,0.801,65900,2.576,6.219,27.0,0.0093,-0.0756,-0.2006,0.0662,-0.2042,5,-0.4049,False,True,False,True,measured
55079013000,Milwaukee County,"Milwaukee-Waukesha, WI",metro,786,True,0.129,57059,2.576,4.766,33.0,-0.0469,-0.1108,-0.2006,0.1343,-0.1809,5,-0.405,True,False,False,True,measured
17023060100,Clark County,,rural,1663,False,-2.82,84007,6.604,15.605,59.0,-0.2936,-0.0036,0.3453,-0.3734,-0.0803,5,-0.4055,True,False,False,False,measured
17031760801,Cook County,"Chicago-Naperville-Elgin, IL-IN",metro,2287,False,0.788,78618,3.233,8.71,21.0,0.0082,-0.025,-0.1116,-0.0505,-0.2274,5,-0.4063,False,False,False,True,measured
17031838200,Cook County,"Chicago-Naperville-Elgin, IL-IN",metro,415,False,0.798,83911,3.233,8.853,17.0,0.0091,-0.004,-0.1116,-0.0572,-0.2429,5,-0.4065,False,False,False,True,measured
17031836400,Cook County,"Chicago-Naperville-Elgin, IL-IN",metro,1769,True,-0.369,25867,3.233,3.823,41.0,-0.0886,-0.2349,-0.1116,0.1784,-0.15,5,-0.4066,False,False,False,True,measured
17183010300,Vermilion County,"Danville, IL",micro,1668,False,-1.976,89500,3.315,9.666,78.0,-0.223,0.0183,-0.1005,-0.0952,-0.0067,5,-0.4072,False,False,False,False,measured
17031060500,Cook County,"Chicago-Naperville-Elgin, IL-IN",metro,738,False,0.0,52143,3.233,5.508,26.0,-0.0577,-0.1303,-0.1116,0.0995,-0.208,5,-0.4082,False,False,False,True,measured
17119400801,Madison County,"St. Louis, MO-IL",metro,677,False,-5.324,88942,3.735,4.067,68.0,-0.503,0.0161,-0.0435,0.167,-0.0454,5,-0.409,False,False,False,False,measured
17031670200,Cook County,"Chicago-Naperville-Elgin, IL-IN",metro,395,True,-0.694,56563,3.233,4.084,19.0,-0.1158,-0.1127,-0.1116,0.1662,-0.2351,5,-0.409,False,False,False,True,measured
17031440201,Cook County,"Chicago-Naperville-Elgin, IL-IN",metro,2253,True,-1.534,39897,3.233,2.832,39.0,-0.186,-0.179,-0.1116,0.2248,-0.1577,5,-0.4095,False,True,False,True,measured
17077011600,Jackson County,"Carbondale, IL",micro,1455,False,-0.528,87917,4.146,11.851,45.0,-0.1018,0.012,0.0121,-0.1976,-0.1345,5,-0.4098,False,False,False,False,measured
55071000800,Manitowoc County,"Manitowoc, WI",micro,1685,False,-0.537,82545,-0.096,4.41,109.0,-0.1026,-0.0094,-0.5627,0.1509,0.1133,5,-0.4106,False,False,False,False,measured
17187870100,Warren County,,rural,949,False,1.611,83902,4.092,12.548,13.0,0.077,-0.004,0.0048,-0.2302,-0.2584,5,-0.4107,False,False,False,False,measured
55009021303,Brown County,"Green Bay, WI",metro,2283,True,1.242,41887,2.607,8.576,68.0,0.0462,-0.1711,-0.1964,-0.0442,-0.0454,5,-0.4109,True,False,False,True,measured
17031170100,Cook County,"Chicago-Naperville-Elgin, IL-IN",metro,1112,True,0.792,51944,3.233,6.392,19.0,0.0085,-0.1311,-0.1116,0.0581,-0.2351,5,-0.4112,False,False,False,True,measured
17031010202,Cook County,"Chicago-Naperville-Elgin, IL-IN",metro,1139,True,0.082,53220,3.233,5.649,24.0,-0.0509,-0.126,-0.1116,0.0929,-0.2158,5,-0.4114,False,False,False,True,measured
55111000603,Sauk County,"Baraboo, WI",micro,1393,False,-7.446,101090,6.347,8.845,67.0,-0.6806,0.0644,0.3105,-0.0568,-0.0493,5,-0.4119,True,False,False,False,measured
17031834000,Cook County,"Chicago-Naperville-Elgin, IL-IN",metro,1190,True,0.732,29728,3.233,3.595,9.0,0.0035,-0.2195,-0.1116,0.1891,-0.2739,5,-0.4123,False,False,False,True,measured
17051951100,Fayette County,,rural,1019,False,-2.595,65023,6.622,11.79,25.0,-0.2748,-0.0791,0.3478,-0.1947,-0.2119,5,-0.4127,False,False,False,False,measured
17089852907,Kane County,"Chicago-Naperville-Elgin, IL-IN",metro,1579,True,-6.24,85196,5.101,4.263,45.0,-0.5797,0.0012,0.1416,0.1578,-0.1345,5,-0.4136,False,False,False,False,measured
17031806006,Cook County,"Chicago-Naperville-Elgin, IL-IN",metro,1675,False,-1.128,61658,3.233,9.129,83.0,-0.1521,-0.0925,-0.1116,-0.0701,0.0126,5,-0.4136,True,False,False,True,measured
17031351100,Cook County,"Chicago-Naperville-Elgin, IL-IN",metro,1056,True,2.355,15921,3.233,4.688,1.0,0.1392,-0.2744,-0.1116,0.1379,-0.3048,5,-0.4137,False,False,False,True,measured
55071000200,Manitowoc County,"Manitowoc, WI",micro,1098,False,1.366,51823,-0.096,3.704,90.0,0.0565,-0.1316,-0.5627,0.184,0.0397,5,-0.4141,False,False,False,False,measured
17043846701,DuPage County,"Chicago-Naperville-Elgin, IL-IN",metro,1475,False,-0.881,90425,3.131,9.834,60.0,-0.1314,0.022,-0.1254,-0.1031,-0.0764,5,-0.4144,False,False,False,False,measured
17041952000,Douglas County,,rural,1020,False,0.824,76679,4.655,14.636,42.0,0.0112,-0.0327,0.0811,-0.328,-0.1461,5,-0.4145,False,False,False,False,measured
17031730600,Cook County,"Chicago-Naperville-Elgin, IL-IN",metro,1043,True,-2.504,72583,3.233,4.232,42.0,-0.2672,-0.049,-0.1116,0.1593,-0.1461,5,-0.4146,False,False,False,True,measured
17097865200,Lake County,"Chicago-Naperville-Elgin, IL-IN",metro,2128,False,1.191,105637,2.585,12.527,51.0,0.0419,0.0825,-0.1993,-0.2292,-0.1113,5,-0.4154,False,False,False,True,measured
17031805112,Cook County,"Chicago-Naperville-Elgin, IL-IN",metro,1109,False,-2.023,104188,3.233,7.975,44.0,-0.2269,0.0767,-0.1116,-0.0161,-0.1384,5,-0.4162,False,False,False,True,measured
17197882802,Will County,"Chicago-Naperville-Elgin, IL-IN",metro,1051,True,-1.682,45553,4.616,8.518,55.0,-0.1984,-0.1565,0.0758,-0.0415,-0.0958,5,-0.4163,False,False,False,False,measured
17051950800,Fayette County,,rural,1393,True,-0.976,50245,6.622,16.4,60.0,-0.1393,-0.1379,0.3478,-0.4106,-0.0764,5,-0.4165,False,False,False,False,measured
17043841902,DuPage County,"Chicago-Naperville-Elgin, IL-IN",metro,726,False,-1.2,102885,3.131,9.222,46.0,-0.1581,0.0715,-0.1254,-0.0744,-0.1306,5,-0.4171,False,False,False,False,measured
17021958400,Christian County,"Taylorville, IL",micro,1546,False,0.717,58769,3.227,10.428,61.0,0.0023,-0.104,-0.1124,-0.1309,-0.0725,5,-0.4176,True,False,False,False,measured
55043961200,Grant County,"Platteville, WI",micro,1603,False,-0.756,81339,4.697,17.281,101.0,-0.121,-0.0142,0.0868,-0.4519,0.0823,5,-0.4179,False,False,False,False,measured
17043844202,DuPage County,"Chicago-Naperville-Elgin, IL-IN",metro,836,False,-1.693,128587,3.131,11.952,63.0,-0.1993,0.1738,-0.1254,-0.2023,-0.0648,5,-0.4181,False,False,False,False,measured
55079100600,Milwaukee County,"Milwaukee-Waukesha, WI",metro,853,False,-1.258,74954,2.576,6.488,62.0,-0.1629,-0.0396,-0.2006,0.0536,-0.0687,5,-0.4182,False,False,False,True,measured
55065970300,Lafayette County,,rural,1293,False,-0.608,87853,4.518,13.787,55.0,-0.1085,0.0117,0.0625,-0.2882,-0.0958,5,-0.4183,False,False,False,False,measured
17035972400,Cumberland County,"Effingham, IL",micro,1312,False,0.978,57027,5.696,15.205,28.0,0.0241,-0.1109,0.2223,-0.3546,-0.2003,5,-0.4194,False,False,False,False,measured
55079004700,Milwaukee County,"Milwaukee-Waukesha, WI",metro,1362,False,-0.163,23425,2.576,4.022,61.0,-0.0713,-0.2446,-0.2006,0.1691,-0.0725,5,-0.42,False,True,False,True,measured
17031710900,Cook County,"Chicago-Naperville-Elgin, IL-IN",metro,685,True,-2.082,54125,3.233,3.456,41.0,-0.2319,-0.1224,-0.1116,0.1956,-0.15,5,-0.4203,False,False,False,True,measured
17031670300,Cook County,"Chicago-Naperville-Elgin, IL-IN",metro,420,True,0.144,30000,3.233,3.735,21.0,-0.0457,-0.2184,-0.1116,0.1825,-0.2274,5,-0.4206,False,False,False,True,measured
17191955100,Wayne County,,rural,1293,False,-0.245,48194,4.066,8.079,34.0,-0.0782,-0.146,0.0014,-0.0209,-0.1771,5,-0.4209,False,False,False,False,measured
55079005300,Milwaukee County,"Milwaukee-Waukesha, WI",metro,821,True,-1.711,60966,2.576,4.885,66.0,-0.2008,-0.0952,-0.2006,0.1287,-0.0532,5,-0.4212,False,False,False,True,measured
17031804511,Cook County,"Chicago-Naperville-Elgin, IL-IN",metro,670,True,-1.538,86964,3.233,5.836,24.0,-0.1864,0.0082,-0.1116,0.0841,-0.2158,5,-0.4214,False,False,False,True,measured
17031828300,Cook County,"Chicago-Naperville-Elgin, IL-IN",metro,1350,False,-1.579,53400,3.233,7.462,79.0,-0.1898,-0.1253,-0.1116,0.008,-0.0029,5,-0.4216,True,False,False,True,measured
17115001000,Macon County,"Decatur, IL",metro,589,True,4.343,54926,3.438,13.893,20.0,0.3056,-0.1193,-0.0838,-0.2932,-0.2313,5,-0.4219,False,False,False,False,measured
17017960200,Cass County,,rural,1075,False,0.511,67650,4.635,13.014,37.0,-0.0149,-0.0686,0.0784,-0.2521,-0.1655,5,-0.4226,False,False,False,False,measured
17021958200,Christian County,"Taylorville, IL",micro,1552,False,-0.078,68214,3.227,9.504,56.0,-0.0642,-0.0664,-0.1124,-0.0877,-0.0919,5,-0.4226,False,False,False,False,measured
17043842709,DuPage County,"Chicago-Naperville-Elgin, IL-IN",metro,1127,False,-1.646,121434,3.131,10.536,51.0,-0.1954,0.1453,-0.1254,-0.136,-0.1113,5,-0.4228,False,False,False,False,measured
17031836500,Cook County,"Chicago-Naperville-Elgin, IL-IN",metro,728,True,0.055,53750,3.233,4.242,4.0,-0.0531,-0.1239,-0.1116,0.1588,-0.2932,5,-0.4231,False,False,False,True,measured
17135957400,Montgomery County,,rural,925,False,-2.268,65521,6.022,10.341,18.0,-0.2474,-0.0771,0.2665,-0.1269,-0.239,5,-0.424,False,False,False,False,measured
17001001100,Adams County,"Quincy, IL-MO",micro,3257,False,-2.059,72411,4.451,12.793,91.0,-0.2299,-0.0497,0.0535,-0.2417,0.0436,5,-0.4242,False,False,False,False,measured
17031820800,Cook County,"Chicago-Naperville-Elgin, IL-IN",metro,1023,False,-2.492,87025,3.233,6.026,46.0,-0.2662,0.0084,-0.1116,0.0753,-0.1306,5,-0.4247,False,False,False,True,measured
17031813701,Cook County,"Chicago-Naperville-Elgin, IL-IN",metro,968,True,-0.469,55250,3.233,4.565,17.0,-0.0969,-0.118,-0.1116,0.1437,-0.2429,5,-0.4257,False,False,False,True,measured
17031030701,Cook County,"Chicago-Naperville-Elgin, IL-IN",metro,917,True,0.242,44948,3.233,4.386,10.0,-0.0375,-0.1589,-0.1116,0.1521,-0.27,5,-0.426,False,False,False,True,measured
17053961700,Ford County,"Champaign-Urbana, IL",metro,845,True,-0.625,85375,4.009,11.087,41.0,-0.11,0.0019,-0.0063,-0.1618,-0.15,5,-0.4262,False,False,False,False,measured
17031580100,Cook County,"Chicago-Naperville-Elgin, IL-IN",metro,902,True,0.958,40929,3.233,6.158,20.0,0.0224,-0.1749,-0.1116,0.0691,-0.2313,5,-0.4263,False,False,False,True,measured
17181950300,Union County,,rural,870,False,2.287,58929,2.803,8.656,18.0,0.1336,-0.1033,-0.1698,-0.0479,-0.239,5,-0.4265,False,False,False,False,measured
17043845510,DuPage County,"Chicago-Naperville-Elgin, IL-IN",metro,1595,False,1.048,77457,3.131,10.211,33.0,0.0299,-0.0296,-0.1254,-0.1208,-0.1809,5,-0.4269,False,False,False,False,measured
17037000300,DeKalb County,"Chicago-Naperville-Elgin, IL-IN",metro,969,False,-0.687,92212,2.663,10.32,73.0,-0.1152,0.0291,-0.1889,-0.1259,-0.0261,5,-0.427,False,False,False,False,measured
17043841706,DuPage County,"Chicago-Naperville-Elgin, IL-IN",metro,1456,False,-1.17,83107,3.131,7.399,41.0,-0.1556,-0.0072,-0.1254,0.0109,-0.15,5,-0.4272,False,False,False,False,measured
17031831300,Cook County,"Chicago-Naperville-Elgin, IL-IN",metro,369,True,-0.586,50134,3.233,3.804,15.0,-0.1067,-0.1383,-0.1116,0.1793,-0.2506,5,-0.428,False,False,False,True,measured
55079016000,Milwaukee County,"Milwaukee-Waukesha, WI",metro,980,True,1.426,44323,2.576,6.266,30.0,0.0616,-0.1614,-0.2006,0.064,-0.1926,5,-0.429,False,False,False,True,measured
17055041100,Franklin County,,rural,1322,True,-0.814,52353,5.032,12.312,57.0,-0.1258,-0.1295,0.1323,-0.2192,-0.088,5,-0.4302,False,False,False,False,measured
17177000800,Stephenson County,"Freeport, IL",micro,1539,True,3.462,36979,3.256,11.854,37.0,0.2319,-0.1906,-0.1084,-0.1977,-0.1655,5,-0.4303,False,False,False,False,measured
55095960200,Polk County,,rural,1620,False,-1.201,75000,2.692,11.85,118.0,-0.1582,-0.0394,-0.1848,-0.1975,0.1481,5,-0.4318,False,False,False,False,measured
17073030301,Henry County,"Davenport-Moline-Rock Island, IA-IL",metro,1585,False,1.952,74432,4.778,18.927,63.0,0.1055,-0.0417,0.0979,-0.529,-0.0648,5,-0.4321,True,False,False,False,measured
17031841500,Cook County,"Chicago-Naperville-Elgin, IL-IN",metro,889,True,0.479,27029,3.233,4.919,28.0,-0.0176,-0.2302,-0.1116,0.1271,-0.2003,5,-0.4326,False,False,False,True,measured
17037001700,DeKalb County,"Chicago-Naperville-Elgin, IL-IN",metro,1337,False,0.907,105057,2.663,14.959,80.0,0.0181,0.0802,-0.1889,-0.3431,0.001,5,-0.4327,False,False,False,False,measured
17031390400,Cook County,"Chicago-Naperville-Elgin, IL-IN",metro,1477,True,-0.947,38507,3.233,3.274,27.0,-0.137,-0.1846,-0.1116,0.2041,-0.2042,5,-0.4332,False,False,False,True,measured
55101001402,Racine County,"Racine-Mount Pleasant, WI",metro,1695,True,2.162,61779,-1.776,3.852,118.0,0.1232,-0.092,-0.7904,0.177,0.1481,5,-0.4341,True,False,False,True,measured
55105002500,Rock County,"Janesville-Beloit, WI",metro,979,True,-4.133,74464,3.865,5.967,69.0,-0.4034,-0.0415,-0.0259,0.078,-0.0416,5,-0.4344,False,False,False,False,measured
55095960302,Polk County,,rural,1089,True,0.358,54745,2.692,9.504,76.0,-0.0278,-0.12,-0.1848,-0.0877,-0.0145,5,-0.4347,True,False,False,False,measured
17031280800,Cook County,"Chicago-Naperville-Elgin, IL-IN",metro,425,True,3.607,30231,3.233,9.088,7.0,0.244,-0.2175,-0.1116,-0.0682,-0.2816,5,-0.4349,False,False,False,True,measured
17031770602,Cook County,"Chicago-Naperville-Elgin, IL-IN",metro,1496,False,-1.224,85089,3.233,7.852,40.0,-0.1601,0.0007,-0.1116,-0.0103,-0.1538,5,-0.4351,False,False,False,True,measured
17017960300,Cass County,,rural,1213,False,3.031,74335,4.635,17.604,28.0,0.1958,-0.0421,0.0784,-0.467,-0.2003,5,-0.4351,False,False,False,False,measured
17031710700,Cook County,"Chicago-Naperville-Elgin, IL-IN",metro,1250,True,-1.278,35946,3.233,3.275,36.0,-0.1646,-0.1948,-0.1116,0.204,-0.1693,5,-0.4362,False,False,False,True,measured
17031839500,Cook County,"Chicago-Naperville-Elgin, IL-IN",metro,801,False,2.042,49769,3.233,8.576,14.0,0.1131,-0.1398,-0.1116,-0.0442,-0.2545,5,-0.437,False,False,False,True,measured
55035000802,Eau Claire County,"Eau Claire, WI",metro,1699,False,1.082,83620,1.628,9.399,66.0,0.0328,-0.0051,-0.3291,-0.0828,-0.0532,5,-0.4374,False,False,False,False,measured
17031490901,Cook County,"Chicago-Naperville-Elgin, IL-IN",metro,1276,True,-1.238,33398,3.233,3.583,41.0,-0.1613,-0.2049,-0.1116,0.1896,-0.15,5,-0.4381,False,False,False,True,measured
17085020101,Jo Daviess County,,rural,919,False,0.134,81458,5.248,15.701,38.0,-0.0465,-0.0137,0.1616,-0.3779,-0.1616,5,-0.4381,True,False,False,False,measured
55079020400,Milwaukee County,"Milwaukee-Waukesha, WI",metro,962,True,-1.395,71068,2.576,4.618,41.0,-0.1744,-0.055,-0.2006,0.1412,-0.15,5,-0.4389,False,False,False,True,measured
17099962000,LaSalle County,"Ottawa, IL",micro,1345,False,-0.411,53050,6.809,18.255,55.0,-0.0921,-0.1267,0.3731,-0.4975,-0.0958,5,-0.439,False,False,False,False,measured
55009001200,Brown County,"Green Bay, WI",metro,932,True,1.168,46198,2.607,6.358,31.0,0.04,-0.154,-0.1964,0.0597,-0.1887,5,-0.4394,False,False,False,True,measured
55079018500,Milwaukee County,"Milwaukee-Waukesha, WI",metro,643,False,-1.824,68162,2.576,4.707,54.0,-0.2103,-0.0666,-0.2006,0.137,-0.0996,5,-0.4402,False,False,False,True,measured
55065970400,Lafayette County,,rural,1261,False,-0.5,70313,4.518,14.963,79.0,-0.0995,-0.0581,0.0625,-0.3433,-0.0029,5,-0.4412,False,False,False,False,measured
17031520600,Cook County,"Chicago-Naperville-Elgin, IL-IN",metro,809,False,-0.391,75417,3.233,6.582,15.0,-0.0904,-0.0377,-0.1116,0.0492,-0.2506,5,-0.4412,False,False,False,True,measured
55079016600,Milwaukee County,"Milwaukee-Waukesha, WI",metro,696,True,2.045,34245,2.576,5.967,20.0,0.1134,-0.2015,-0.2006,0.078,-0.2313,5,-0.4421,False,False,False,True,measured
17195001102,Whiteside County,"Sterling, IL",micro,883,False,1.659,55768,4.957,14.085,21.0,0.0811,-0.1159,0.1221,-0.3022,-0.2274,5,-0.4424,True,False,False,False,measured
17031480300,Cook County,"Chicago-Naperville-Elgin, IL-IN",metro,507,True,-1.793,55772,3.233,2.855,20.0,-0.2077,-0.1159,-0.1116,0.2238,-0.2313,5,-0.4427,False,False,False,True,measured
55059002801,Kenosha County,"Kenosha, WI",metro,1242,False,-1.536,91118,4.613,16.103,90.0,-0.1862,0.0247,0.0754,-0.3967,0.0397,5,-0.443,True,False,False,False,measured
17089852300,Kane County,"Chicago-Naperville-Elgin, IL-IN",metro,1090,False,0.866,77727,5.101,16.221,36.0,0.0147,-0.0286,0.1416,-0.4023,-0.1693,5,-0.4438,False,False,False,False,measured
55139002602,Winnebago County,"Oshkosh-Neenah, WI",metro,2094,False,-0.701,58298,1.083,5.524,101.0,-0.1164,-0.1058,-0.4029,0.0988,0.0823,5,-0.4441,False,False,False,False,measured
17019010300,Champaign County,"Champaign-Urbana, IL",metro,1208,True,1.779,41909,3.725,9.266,17.0,0.0911,-0.171,-0.0448,-0.0765,-0.2429,5,-0.4442,False,False,False,False,measured
17031843300,Cook County,"Chicago-Naperville-Elgin, IL-IN",metro,432,True,0.613,83393,3.233,8.544,8.0,-0.0064,-0.006,-0.1116,-0.0427,-0.2777,5,-0.4445,False,False,False,True,measured
17001010400,Adams County,"Quincy, IL-MO",micro,1281,False,-0.767,102764,4.451,13.008,29.0,-0.1219,0.071,0.0535,-0.2517,-0.1964,5,-0.4455,False,False,False,False,measured
17031680900,Cook County,"Chicago-Naperville-Elgin, IL-IN",metro,1814,True,0.211,22865,3.233,3.04,12.0,-0.0401,-0.2468,-0.1116,0.2151,-0.2622,5,-0.4456,False,False,False,True,measured
17031490700,Cook County,"Chicago-Naperville-Elgin, IL-IN",metro,836,True,-2.13,41667,3.233,3.686,51.0,-0.2358,-0.172,-0.1116,0.1848,-0.1113,5,-0.4459,False,False,False,True,measured
17043841312,DuPage County,"Chicago-Naperville-Elgin, IL-IN",metro,1239,True,0.376,77621,3.131,9.596,35.0,-0.0263,-0.029,-0.1254,-0.092,-0.1732,5,-0.4459,False,False,False,False,measured
55139001000,Winnebago County,"Oshkosh-Neenah, WI",metro,1289,False,1.495,55810,1.083,5.485,55.0,0.0674,-0.1157,-0.4029,0.1006,-0.0958,5,-0.4465,False,False,False,False,measured
17075950200,Iroquois County,,rural,1424,False,-0.525,92813,3.453,12.136,58.0,-0.1016,0.0315,-0.0817,-0.2109,-0.0842,5,-0.447,False,False,False,False,measured
55101001504,Racine County,"Racine-Mount Pleasant, WI",metro,1087,False,1.541,95625,-1.776,4.572,102.0,0.0712,0.0426,-0.7904,0.1433,0.0862,5,-0.4471,False,False,False,True,measured
17077010200,Jackson County,"Carbondale, IL",micro,1607,True,0.004,54240,4.146,10.747,45.0,-0.0574,-0.122,0.0121,-0.1459,-0.1345,5,-0.4476,False,False,False,False,measured
17173959500,Shelby County,,rural,1473,False,-0.886,71960,5.569,13.136,25.0,-0.1318,-0.0515,0.205,-0.2578,-0.2119,5,-0.448,False,False,False,False,measured
17031271500,Cook County,"Chicago-Naperville-Elgin, IL-IN",metro,493,True,-0.242,52390,3.233,4.89,13.0,-0.0779,-0.1293,-0.1116,0.1284,-0.2584,5,-0.4488,False,False,False,True,measured
17031190900,Cook County,"Chicago-Naperville-Elgin, IL-IN",metro,618,False,-2.123,77778,3.233,3.937,16.0,-0.2353,-0.0284,-0.1116,0.1731,-0.2468,5,-0.4489,False,False,False,True,measured
55079000201,Milwaukee County,"Milwaukee-Waukesha, WI",metro,1935,True,-0.378,43241,2.576,4.788,47.0,-0.0893,-0.1657,-0.2006,0.1332,-0.1267,5,-0.4493,False,False,False,True,measured
17031252000,Cook County,"Chicago-Naperville-Elgin, IL-IN",metro,2313,True,-0.561,36645,3.233,3.903,24.0,-0.1046,-0.192,-0.1116,0.1747,-0.2158,5,-0.4493,False,False,False,True,measured
17043840703,DuPage County,"Chicago-Naperville-Elgin, IL-IN",metro,1704,False,-0.035,77927,3.131,8.646,31.0,-0.0607,-0.0278,-0.1254,-0.0475,-0.1887,5,-0.45,False,False,False,False,measured
17031580200,Cook County,"Chicago-Naperville-Elgin, IL-IN",metro,901,True,0.269,38896,3.233,5.529,23.0,-0.0352,-0.183,-0.1116,0.0985,-0.2197,5,-0.451,False,False,False,True,measured
17031840200,Cook County,"Chicago-Naperville-Elgin, IL-IN",metro,896,True,1.518,56944,3.233,9.13,21.0,0.0692,-0.1112,-0.1116,-0.0702,-0.2274,5,-0.4511,False,False,False,True,measured
17001001001,Adams County,"Quincy, IL-MO",micro,1436,False,-0.521,67813,4.451,13.002,58.0,-0.1013,-0.068,0.0535,-0.2515,-0.0842,5,-0.4515,False,False,False,False,measured
17019000901,Champaign County,"Champaign-Urbana, IL",metro,1938,True,-0.205,40443,3.725,9.888,67.0,-0.0749,-0.1769,-0.0448,-0.1056,-0.0493,5,-0.4515,False,False,False,False,measured
17009970400,Brown County,,rural,1019,False,-0.809,75524,8.071,20.338,18.0,-0.1254,-0.0373,0.5442,-0.5951,-0.239,5,-0.4526,False,False,False,False,measured
17097862300,Lake County,"Chicago-Naperville-Elgin, IL-IN",metro,1043,True,-0.119,45610,2.585,4.244,31.0,-0.0676,-0.1563,-0.1993,0.1587,-0.1887,5,-0.4533,False,False,False,True,measured
17197883603,Will County,"Chicago-Naperville-Elgin, IL-IN",metro,1023,False,-5.715,60625,4.616,4.377,67.0,-0.5358,-0.0966,0.0758,0.1525,-0.0493,5,-0.4534,False,False,False,False,measured
17119402900,Madison County,"St. Louis, MO-IL",metro,2404,False,3.891,72039,3.735,24.668,124.0,0.2677,-0.0512,-0.0435,-0.7978,0.1713,5,-0.4534,False,False,False,False,measured
17183010800,Vermilion County,"Danville, IL",micro,1354,False,0.802,57188,3.315,12.297,71.0,0.0094,-0.1103,-0.1005,-0.2185,-0.0338,5,-0.4537,False,False,False,False,measured
17173959300,Shelby County,,rural,2189,False,0.0,58941,5.569,15.505,46.0,-0.0577,-0.1033,0.205,-0.3687,-0.1306,5,-0.4553,False,False,False,False,measured
17031837400,Cook County,"Chicago-Naperville-Elgin, IL-IN",metro,784,True,1.438,41279,3.233,8.331,28.0,0.0625,-0.1735,-0.1116,-0.0327,-0.2003,5,-0.4556,False,False,False,True,measured
17031540101,Cook County,"Chicago-Naperville-Elgin, IL-IN",metro,1596,True,1.087,13585,3.233,3.296,3.0,0.0332,-0.2837,-0.1116,0.2031,-0.2971,5,-0.456,False,True,False,True,measured
17163500500,St. Clair County,"St. Louis, MO-IL",metro,650,True,-6.155,50556,6.452,2.736,2.0,-0.5725,-0.1366,0.3247,0.2293,-0.301,5,-0.4562,False,False,False,False,measured
17193958300,White County,,rural,1084,False,0.579,59091,3.618,9.363,27.0,-0.0092,-0.1027,-0.0594,-0.0811,-0.2042,5,-0.4566,False,False,False,False,measured
17179021604,Tazewell County,"Peoria, IL",metro,829,False,-4.043,81058,4.884,7.548,38.0,-0.3959,-0.0153,0.1122,0.0039,-0.1616,5,-0.4567,False,False,False,False,measured
17011964800,Bureau County,"Ottawa, IL",micro,1334,False,1.719,69000,4.366,15.49,40.0,0.0861,-0.0633,0.0419,-0.368,-0.1538,5,-0.4571,False,False,False,False,measured
17031260700,Cook County,"Chicago-Naperville-Elgin, IL-IN",metro,463,True,-2.22,67986,3.233,3.775,24.0,-0.2434,-0.0673,-0.1116,0.1807,-0.2158,5,-0.4574,False,False,False,True,measured
17157950700,Randolph County,,rural,982,False,-0.758,56273,5.557,11.542,17.0,-0.1211,-0.1139,0.2034,-0.1831,-0.2429,5,-0.4576,False,False,False,False,measured
17031730300,Cook County,"Chicago-Naperville-Elgin, IL-IN",metro,372,True,-1.441,63333,3.233,4.456,20.0,-0.1782,-0.0858,-0.1116,0.1488,-0.2313,5,-0.4581,False,False,False,True,measured
55079012200,Milwaukee County,"Milwaukee-Waukesha, WI",metro,641,False,0.157,44191,2.576,4.958,34.0,-0.0446,-0.162,-0.2006,0.1253,-0.1771,5,-0.459,False,False,False,True,measured
17043846102,DuPage County,"Chicago-Naperville-Elgin, IL-IN",metro,1937,False,-0.674,78963,3.131,9.11,47.0,-0.114,-0.0236,-0.1254,-0.0692,-0.1267,5,-0.4591,False,False,False,False,measured
17189950200,Washington County,,rural,1460,False,-2.67,91000,5.825,14.127,44.0,-0.281,0.0242,0.2397,-0.3042,-0.1384,5,-0.4596,False,False,False,False,measured
55099970100,Price County,,rural,1245,False,-0.02,66458,1.866,7.554,71.0,-0.0594,-0.0734,-0.2969,0.0037,-0.0338,5,-0.4598,False,False,False,False,measured
17161020700,Rock Island County,"Davenport-Moline-Rock Island, IA-IL",metro,594,True,-2.611,36894,5.221,7.568,40.0,-0.2761,-0.191,0.1578,0.003,-0.1538,5,-0.4601,False,False,False,False,measured
55009010201,Brown County,"Green Bay, WI",metro,1277,False,-0.891,60172,2.607,8.61,83.0,-0.1322,-0.0984,-0.1964,-0.0458,0.0126,5,-0.4602,False,False,False,True,measured
17061973900,Greene County,,rural,807,True,-3.492,55054,6.244,10.252,37.0,-0.3498,-0.1187,0.2965,-0.1227,-0.1655,5,-0.4602,True,False,False,False,measured
17195000400,Whiteside County,"Sterling, IL",micro,1159,False,-2.069,93750,4.957,14.011,57.0,-0.2308,0.0352,0.1221,-0.2987,-0.088,5,-0.4603,False,False,False,False,measured
55139003100,Winnebago County,"Oshkosh-Neenah, WI",metro,871,False,-0.492,75069,1.083,4.366,61.0,-0.0989,-0.0391,-0.4029,0.153,-0.0725,5,-0.4605,False,False,False,False,measured
17031611500,Cook County,"Chicago-Naperville-Elgin, IL-IN",metro,933,True,-0.886,55647,3.233,4.777,19.0,-0.1318,-0.1164,-0.1116,0.1337,-0.2351,5,-0.4612,True,False,False,True,measured
55101001802,Racine County,"Racine-Mount Pleasant, WI",metro,1137,False,0.562,124099,-1.776,2.989,71.0,-0.0107,0.1559,-0.7904,0.2175,-0.0338,5,-0.4616,False,False,False,True,measured
17031841700,Cook County,"Chicago-Naperville-Elgin, IL-IN",metro,635,True,-0.435,67560,3.233,5.364,4.0,-0.0941,-0.069,-0.1116,0.1062,-0.2932,5,-0.4617,False,False,False,True,measured
17119403534,Madison County,"St. Louis, MO-IL",metro,1745,False,-1.259,91250,3.735,14.488,90.0,-0.163,0.0252,-0.0435,-0.3211,0.0397,5,-0.4626,False,False,False,False,measured
17139977100,Moultrie County,,rural,1179,False,-3.244,77431,5.742,13.346,63.0,-0.329,-0.0297,0.2285,-0.2676,-0.0648,5,-0.4627,True,False,False,False,measured
55079013400,Milwaukee County,"Milwaukee-Waukesha, WI",metro,969,True,0.857,34750,2.576,5.169,30.0,0.014,-0.1995,-0.2006,0.1154,-0.1926,5,-0.4633,False,False,False,True,measured
17031839800,Cook County,"Chicago-Naperville-Elgin, IL-IN",metro,1163,False,0.069,82361,3.233,8.893,20.0,-0.0519,-0.0101,-0.1116,-0.059,-0.2313,5,-0.464,False,False,False,True,measured
55101000700,Racine County,"Racine-Mount Pleasant, WI",metro,2232,True,-0.081,56940,-1.776,5.119,179.0,-0.0645,-0.1112,-0.7904,0.1177,0.3843,5,-0.4641,False,False,False,True,measured
55079002300,Milwaukee County,"Milwaukee-Waukesha, WI",metro,1555,True,-1.976,41321,2.576,3.658,66.0,-0.223,-0.1734,-0.2006,0.1861,-0.0532,5,-0.4641,False,False,False,True,measured
17115002905,Macon County,"Decatur, IL",metro,539,False,1.521,55750,3.438,8.83,8.0,0.0695,-0.116,-0.0838,-0.0561,-0.2777,5,-0.4641,True,False,False,False,measured
55119960400,Taylor County,,rural,1955,False,-1.776,71518,4.619,13.08,73.0,-0.2063,-0.0533,0.0762,-0.2551,-0.0261,5,-0.4645,False,False,False,False,measured
17031833900,Cook County,"Chicago-Naperville-Elgin, IL-IN",metro,795,True,-0.576,35583,3.233,3.2,13.0,-0.1059,-0.1962,-0.1116,0.2076,-0.2584,5,-0.4645,False,False,False,True,measured
17031840100,Cook County,"Chicago-Naperville-Elgin, IL-IN",metro,1181,True,1.102,77465,3.233,10.106,17.0,0.0345,-0.0296,-0.1116,-0.1158,-0.2429,5,-0.4654,False,False,False,True,measured
55079018700,Milwaukee County,"Milwaukee-Waukesha, WI",metro,1070,True,0.824,50202,2.576,6.556,31.0,0.0112,-0.138,-0.2006,0.0504,-0.1887,5,-0.4657,False,False,False,True,measured
17195001700,Whiteside County,"Sterling, IL",micro,1389,True,0.887,38523,4.957,12.897,35.0,0.0165,-0.1845,0.1221,-0.2466,-0.1732,5,-0.4657,False,False,False,False,measured
17043841315,DuPage County,"Chicago-Naperville-Elgin, IL-IN",metro,1011,False,-3.192,88633,3.131,7.56,71.0,-0.3247,0.0148,-0.1254,0.0034,-0.0338,5,-0.4657,False,False,False,False,measured
55079015700,Milwaukee County,"Milwaukee-Waukesha, WI",metro,1068,True,1.508,35472,2.576,5.221,15.0,0.0684,-0.1966,-0.2006,0.1129,-0.2506,5,-0.4665,False,False,False,True,measured
17043844307,DuPage County,"Chicago-Naperville-Elgin, IL-IN",metro,1423,False,0.398,76181,3.131,10.869,46.0,-0.0244,-0.0347,-0.1254,-0.1516,-0.1306,5,-0.4667,False,False,False,False,measured
17031830300,Cook County,"Chicago-Naperville-Elgin, IL-IN",metro,2176,True,-1.222,42500,3.233,5.836,51.0,-0.16,-0.1687,-0.1116,0.0841,-0.1113,5,-0.4674,False,False,False,True,measured
17119401500,Madison County,"St. Louis, MO-IL",metro,1037,False,-3.889,63385,3.735,5.218,62.0,-0.383,-0.0856,-0.0435,0.1131,-0.0687,5,-0.4677,False,False,False,False,measured
17141960800,Ogle County,"Rochelle, IL",micro,1350,False,-2.111,78854,3.917,9.332,51.0,-0.2343,-0.0241,-0.0189,-0.0796,-0.1113,5,-0.4682,False,False,False,False,measured
17019001400,Champaign County,"Champaign-Urbana, IL",metro,1608,False,-0.406,86176,3.725,11.231,36.0,-0.0917,0.0051,-0.0448,-0.1685,-0.1693,5,-0.4693,False,False,False,False,measured
17165955800,Saline County,,rural,1244,True,-2.237,52391,5.421,10.427,41.0,-0.2448,-0.1293,0.185,-0.1309,-0.15,5,-0.47,False,False,False,False,measured
17183010702,Vermilion County,"Danville, IL",micro,1148,False,-2.591,81000,3.315,9.291,79.0,-0.2744,-0.0155,-0.1005,-0.0777,-0.0029,5,-0.471,False,False,False,False,measured
17119402722,Madison County,"St. Louis, MO-IL",metro,1122,False,-3.051,105821,3.735,12.214,84.0,-0.3129,0.0832,-0.0435,-0.2146,0.0165,5,-0.4713,False,False,False,False,measured
55059001100,Kenosha County,"Kenosha, WI",metro,994,True,-2.195,39833,4.613,6.384,32.0,-0.2413,-0.1793,0.0754,0.0585,-0.1848,5,-0.4715,False,False,False,False,measured
17031841800,Cook County,"Chicago-Naperville-Elgin, IL-IN",metro,801,True,-3.1,60179,3.233,2.667,34.0,-0.317,-0.0984,-0.1116,0.2325,-0.1771,5,-0.4715,False,True,False,True,measured
55139001400,Winnebago County,"Oshkosh-Neenah, WI",metro,1718,False,-1.215,56514,1.083,6.452,118.0,-0.1594,-0.1129,-0.4029,0.0553,0.1481,5,-0.4718,False,False,False,False,measured
55079002800,Milwaukee County,"Milwaukee-Waukesha, WI",metro,808,True,-1.032,40625,2.576,3.309,40.0,-0.144,-0.1761,-0.2006,0.2025,-0.1538,5,-0.4721,False,False,False,True,measured
17115002100,Macon County,"Decatur, IL",metro,694,True,4.437,32500,3.438,12.57,12.0,0.3134,-0.2085,-0.0838,-0.2312,-0.2622,5,-0.4723,False,False,False,False,measured
17031824400,Cook County,"Chicago-Naperville-Elgin, IL-IN",metro,721,True,-0.975,46336,3.233,4.973,30.0,-0.1392,-0.1534,-0.1116,0.1245,-0.1926,5,-0.4723,False,False,False,True,measured
17105960100,Livingston County,"Pontiac, IL",micro,1642,False,-0.64,71020,4.182,14.82,83.0,-0.1112,-0.0552,0.0171,-0.3366,0.0126,5,-0.4734,False,False,False,False,measured
17031829402,Cook County,"Chicago-Naperville-Elgin, IL-IN",metro,1362,True,-1.688,57560,3.233,4.615,29.0,-0.1989,-0.1088,-0.1116,0.1413,-0.1964,5,-0.4744,False,False,False,True,measured
17013951200,Calhoun County,"St. Louis, MO-IL",metro,536,False,-8.659,85645,5.221,0.0,25.0,-0.782,0.0029,0.1578,0.3574,-0.2119,5,-0.4757,False,False,False,False,measured
17015960400,Carroll County,,rural,914,False,1.849,54483,4.446,13.406,19.0,0.0969,-0.121,0.0528,-0.2704,-0.2351,5,-0.4769,False,False,False,False,measured
55003950300,Ashland County,,rural,1097,True,-1.37,50114,5.723,13.22,46.0,-0.1723,-0.1384,0.2259,-0.2617,-0.1306,5,-0.477,False,False,False,False,measured
17159977900,Richland County,,rural,1493,False,0.122,54857,6.638,16.544,17.0,-0.0475,-0.1195,0.3499,-0.4174,-0.2429,5,-0.4774,False,False,False,False,measured
55079018300,Milwaukee County,"Milwaukee-Waukesha, WI",metro,1001,False,-2.576,84097,2.576,6.264,63.0,-0.2732,-0.0032,-0.2006,0.0641,-0.0648,5,-0.4778,False,False,False,True,measured
55019950200,Clark County,,rural,1586,False,1.015,70234,3.127,13.177,64.0,0.0272,-0.0584,-0.126,-0.2597,-0.0609,5,-0.4778,False,False,False,False,measured
17001000900,Adams County,"Quincy, IL-MO",micro,1228,False,0.886,43618,4.451,12.554,40.0,0.0164,-0.1642,0.0535,-0.2305,-0.1538,5,-0.4787,False,False,False,False,measured
55079017300,Milwaukee County,"Milwaukee-Waukesha, WI",metro,1061,True,0.095,55478,2.576,6.562,38.0,-0.0498,-0.1171,-0.2006,0.0501,-0.1616,5,-0.4789,False,False,False,True,measured
17031310300,Cook County,"Chicago-Naperville-Elgin, IL-IN",metro,791,True,0.697,78906,3.233,9.546,14.0,0.0006,-0.0239,-0.1116,-0.0896,-0.2545,5,-0.479,False,False,False,True,measured
17197883517,Will County,"Chicago-Naperville-Elgin, IL-IN",metro,1293,False,-1.019,93958,4.616,16.896,76.0,-0.1429,0.036,0.0758,-0.4339,-0.0145,5,-0.4794,False,False,False,False,measured
17077011002,Jackson County,"Carbondale, IL",micro,1821,False,-3.311,74406,4.146,9.374,71.0,-0.3347,-0.0418,0.0121,-0.0816,-0.0338,5,-0.4797,True,False,False,False,measured
55079017500,Milwaukee County,"Milwaukee-Waukesha, WI",metro,1240,True,0.508,38846,2.576,6.074,40.0,-0.0152,-0.1832,-0.2006,0.073,-0.1538,5,-0.48,False,False,False,True,measured
55121100500,Trempealeau County,,rural,1247,False,0.958,69152,2.472,10.07,51.0,0.0224,-0.0627,-0.2147,-0.1142,-0.1113,5,-0.4804,False,False,False,False,measured
17031817300,Cook County,"Chicago-Naperville-Elgin, IL-IN",metro,779,True,-0.875,66875,3.233,7.005,29.0,-0.1309,-0.0717,-0.1116,0.0294,-0.1964,5,-0.4813,False,False,False,True,measured
55019950700,Clark County,,rural,1435,False,-2.104,66607,3.127,8.337,75.0,-0.2337,-0.0728,-0.126,-0.033,-0.0183,5,-0.4839,False,False,False,False,measured
17031827100,Cook County,"Chicago-Naperville-Elgin, IL-IN",metro,956,True,-0.697,25404,3.233,3.37,23.0,-0.116,-0.2367,-0.1116,0.1996,-0.2197,5,-0.4843,False,False,False,True,measured
17177001000,Stephenson County,"Freeport, IL",micro,1963,False,-0.041,64338,3.256,12.223,75.0,-0.0611,-0.0818,-0.1084,-0.215,-0.0183,5,-0.4847,False,False,False,False,measured
17091012500,Kankakee County,"Kankakee, IL",metro,594,True,-3.667,67708,5.833,10.025,33.0,-0.3645,-0.0684,0.2408,-0.112,-0.1809,5,-0.485,False,False,False,False,measured
55101002001,Racine County,"Racine-Mount Pleasant, WI",metro,1211,False,0.76,104638,-1.776,3.105,82.0,0.0059,0.0785,-0.7904,0.212,0.0088,5,-0.4852,False,False,False,True,measured
17177000900,Stephenson County,"Freeport, IL",micro,2282,False,-0.069,52523,3.256,11.925,84.0,-0.0635,-0.1288,-0.1084,-0.201,0.0165,5,-0.4852,False,False,False,False,measured
17011965200,Bureau County,"Ottawa, IL",micro,1483,False,0.081,69375,4.366,15.016,62.0,-0.0509,-0.0618,0.0419,-0.3458,-0.0687,5,-0.4852,False,False,False,False,measured
17197883903,Will County,"Chicago-Naperville-Elgin, IL-IN",metro,643,False,-0.641,112433,4.616,15.552,31.0,-0.1113,0.1095,0.0758,-0.3709,-0.1887,5,-0.4856,False,False,False,False,measured
55139003701,Winnebago County,"Oshkosh-Neenah, WI",metro,1523,False,-1.031,61205,1.083,4.61,83.0,-0.1439,-0.0943,-0.4029,0.1416,0.0126,5,-0.487,False,False,False,False,measured
55139000502,Winnebago County,"Oshkosh-Neenah, WI",metro,1422,False,0.586,53462,1.083,7.916,95.0,-0.0087,-0.1251,-0.4029,-0.0133,0.0591,5,-0.4909,True,False,False,False,measured
17109010402,McDonough County,"Macomb, IL",micro,1909,False,7.149,31476,1.297,14.339,46.0,0.5403,-0.2125,-0.374,-0.3141,-0.1306,5,-0.4909,True,False,False,False,measured
55079160206,Milwaukee County,"Milwaukee-Waukesha, WI",metro,988,False,0.031,91324,2.576,7.522,11.0,-0.0551,0.0255,-0.2006,0.0052,-0.2661,5,-0.4912,True,False,False,True,measured
17031841100,Cook County,"Chicago-Naperville-Elgin, IL-IN",metro,2875,True,1.07,44083,3.233,9.457,37.0,0.0318,-0.1624,-0.1116,-0.0855,-0.1655,5,-0.4931,False,False,False,True,measured
17043844502,DuPage County,"Chicago-Naperville-Elgin, IL-IN",metro,1539,False,-0.387,115099,3.131,13.422,47.0,-0.0901,0.1201,-0.1254,-0.2711,-0.1267,5,-0.4933,False,False,False,False,measured
55079018600,Milwaukee County,"Milwaukee-Waukesha, WI",metro,795,True,0.279,60488,2.576,6.568,25.0,-0.0344,-0.0971,-0.2006,0.0499,-0.2119,5,-0.4942,False,False,False,True,measured
17031611900,Cook County,"Chicago-Naperville-Elgin, IL-IN",metro,537,True,-1.324,47724,3.233,3.945,18.0,-0.1684,-0.1479,-0.1116,0.1727,-0.239,5,-0.4943,False,False,False,True,measured
55117011000,Sheboygan County,"Sheboygan, WI",metro,1067,False,-1.072,89081,5.146,18.744,82.0,-0.1474,0.0166,0.1477,-0.5204,0.0088,5,-0.4947,False,False,False,False,measured
55079012900,Milwaukee County,"Milwaukee-Waukesha, WI",metro,1139,True,-3.661,66550,2.576,5.187,87.0,-0.3639,-0.073,-0.2006,0.1145,0.0281,5,-0.4949,True,False,False,True,measured
17031430700,Cook County,"Chicago-Naperville-Elgin, IL-IN",metro,1210,True,-0.521,32786,3.233,3.223,7.0,-0.1013,-0.2073,-0.1116,0.2065,-0.2816,5,-0.4953,False,False,False,True,measured
55079186800,Milwaukee County,"Milwaukee-Waukesha, WI",metro,841,True,1.664,31830,2.576,5.322,9.0,0.0815,-0.2111,-0.2006,0.1082,-0.2739,5,-0.4959,True,False,False,True,measured
17043843301,DuPage County,"Chicago-Naperville-Elgin, IL-IN",metro,1113,False,-4.154,104875,3.131,8.365,77.0,-0.4052,0.0794,-0.1254,-0.0343,-0.0106,5,-0.4961,False,False,False,False,measured
17043844308,DuPage County,"Chicago-Naperville-Elgin, IL-IN",metro,1538,False,2.312,63636,3.131,14.181,50.0,0.1357,-0.0846,-0.1254,-0.3067,-0.1151,5,-0.4962,True,False,False,False,measured
17105960200,Livingston County,"Pontiac, IL",micro,1289,False,-0.898,84191,4.182,15.65,79.0,-0.1328,-0.0028,0.0171,-0.3755,-0.0029,5,-0.497,False,False,False,False,measured
17115002401,Macon County,"Decatur, IL",metro,981,False,-3.338,90078,3.438,10.3,87.0,-0.337,0.0206,-0.0838,-0.1249,0.0281,5,-0.497,False,False,False,False,measured
17019005401,Champaign County,"Champaign-Urbana, IL",metro,2205,True,-0.78,36615,3.725,7.027,37.0,-0.1229,-0.1921,-0.0448,0.0283,-0.1655,5,-0.497,False,False,False,False,measured
17001000500,Adams County,"Quincy, IL-MO",micro,848,True,0.847,41417,4.451,11.972,31.0,0.0131,-0.173,0.0535,-0.2033,-0.1887,5,-0.4984,False,False,False,False,measured
17087977700,Johnson County,,rural,1045,False,-2.144,66250,5.404,12.424,42.0,-0.2371,-0.0742,0.1827,-0.2244,-0.1461,5,-0.4991,False,False,False,False,measured
17191954900,Wayne County,,rural,1340,False,-0.687,64250,4.066,9.251,21.0,-0.1152,-0.0822,0.0014,-0.0758,-0.2274,5,-0.4992,False,False,False,False,measured
17031520100,Cook County,"Chicago-Naperville-Elgin, IL-IN",metro,492,True,-1.017,46786,3.233,3.782,9.0,-0.1428,-0.1516,-0.1116,0.1803,-0.2739,5,-0.4995,False,False,False,True,measured
55139001100,Winnebago County,"Oshkosh-Neenah, WI",metro,1918,False,-0.734,57091,1.083,5.726,91.0,-0.1191,-0.1106,-0.4029,0.0893,0.0436,5,-0.4998,False,False,False,False,measured
55101001101,Racine County,"Racine-Mount Pleasant, WI",metro,1724,False,2.262,64157,-1.776,5.67,118.0,0.1315,-0.0825,-0.7904,0.0919,0.1481,5,-0.5014,True,False,False,True,measured
55079004200,Milwaukee County,"Milwaukee-Waukesha, WI",metro,1186,True,-1.156,42833,2.576,3.665,37.0,-0.1544,-0.1674,-0.2006,0.1858,-0.1655,5,-0.5021,False,False,False,True,measured
17031827901,Cook County,"Chicago-Naperville-Elgin, IL-IN",metro,684,False,-4.103,96696,3.233,5.711,47.0,-0.4009,0.0469,-0.1116,0.09,-0.1267,5,-0.5024,False,False,False,True,measured
17165956100,Saline County,,rural,1027,True,-0.085,54044,5.421,13.973,27.0,-0.0648,-0.1228,0.185,-0.297,-0.2042,5,-0.5037,False,False,False,False,measured
55079000302,Milwaukee County,"Milwaukee-Waukesha, WI",metro,979,True,-0.759,40651,2.576,4.666,42.0,-0.1212,-0.176,-0.2006,0.1389,-0.1461,5,-0.505,False,False,False,True,measured
17031690300,Cook County,"Chicago-Naperville-Elgin, IL-IN",metro,738,True,-1.082,33986,3.233,2.785,10.0,-0.1482,-0.2026,-0.1116,0.227,-0.27,5,-0.5053,False,False,False,True,measured
17031839200,Cook County,"Chicago-Naperville-Elgin, IL-IN",metro,1530,True,1.432,39924,3.233,10.931,48.0,0.0621,-0.1789,-0.1116,-0.1545,-0.1229,5,-0.5058,False,False,False,True,measured
17031380200,Cook County,"Chicago-Naperville-Elgin, IL-IN",metro,1161,True,0.208,17138,3.233,4.256,17.0,-0.0403,-0.2696,-0.1116,0.1581,-0.2429,5,-0.5062,False,True,False,True,measured
17031824124,Cook County,"Chicago-Naperville-Elgin, IL-IN",metro,1249,False,0.171,92098,3.233,13.204,49.0,-0.0434,0.0286,-0.1116,-0.2609,-0.119,5,-0.5064,True,False,False,True,measured
17031461000,Cook County,"Chicago-Naperville-Elgin, IL-IN",metro,734,True,0.414,14601,3.233,3.258,3.0,-0.0231,-0.2797,-0.1116,0.2049,-0.2971,5,-0.5065,False,True,False,True,measured
17173959600,Shelby County,,rural,1236,False,-1.718,87300,5.569,14.131,24.0,-0.2014,0.0095,0.205,-0.3044,-0.2158,5,-0.5071,False,False,False,False,measured
17031828401,Cook County,"Chicago-Naperville-Elgin, IL-IN",metro,1271,False,-3.259,70054,3.233,9.439,100.0,-0.3303,-0.0591,-0.1116,-0.0846,0.0784,5,-0.5072,False,False,False,True,measured
17097863201,Lake County,"Chicago-Naperville-Elgin, IL-IN",metro,941,True,-2.044,79018,2.585,4.797,31.0,-0.2287,-0.0234,-0.1993,0.1328,-0.1887,5,-0.5074,False,False,False,True,measured
17031823603,Cook County,"Chicago-Naperville-Elgin, IL-IN",metro,530,True,-1.232,54677,3.233,4.656,14.0,-0.1608,-0.1202,-0.1116,0.1394,-0.2545,5,-0.5077,False,False,False,True,measured
17195001300,Whiteside County,"Sterling, IL",micro,1155,False,-0.377,57358,4.957,12.578,28.0,-0.0892,-0.1096,0.1221,-0.2316,-0.2003,5,-0.5087,False,False,False,False,measured
17113005501,McLean County,"Bloomington, IL",metro,940,False,-0.586,74868,6.799,21.277,55.0,-0.1067,-0.0399,0.3718,-0.639,-0.0958,5,-0.5096,False,False,False,True,measured
55025000410,Dane County,"Madison, WI",metro,1282,True,1.053,61017,2.659,7.579,13.0,0.0303,-0.095,-0.1893,0.0025,-0.2584,5,-0.5099,True,False,False,False,measured
55079016800,Milwaukee County,"Milwaukee-Waukesha, WI",metro,985,True,0.811,43652,2.576,6.01,20.0,0.0102,-0.1641,-0.2006,0.076,-0.2313,5,-0.5099,False,False,False,True,measured
17045070500,Edgar County,,rural,1432,False,-2.204,73066,4.339,10.873,52.0,-0.242,-0.0471,0.0383,-0.1518,-0.1074,5,-0.51,False,False,False,False,measured
55079005200,Milwaukee County,"Milwaukee-Waukesha, WI",metro,609,False,-2.551,73870,2.576,5.055,50.0,-0.2711,-0.0439,-0.2006,0.1207,-0.1151,5,-0.5101,False,False,False,True,measured
17031600600,Cook County,"Chicago-Naperville-Elgin, IL-IN",metro,1145,True,0.86,65759,3.233,9.641,17.0,0.0142,-0.0762,-0.1116,-0.0941,-0.2429,5,-0.5105,False,False,False,True,measured
17201003200,Winnebago County,"Rockford, IL",metro,912,True,-5.545,40714,5.151,3.721,42.0,-0.5215,-0.1758,0.1484,0.1832,-0.1461,5,-0.5118,False,False,False,False,measured
17057952900,Fulton County,"Canton, IL",micro,1198,False,-1.298,72500,4.795,13.987,54.0,-0.1663,-0.0494,0.1001,-0.2976,-0.0996,5,-0.5128,False,False,False,False,measured
55121100600,Trempealeau County,,rural,1700,False,2.779,75893,2.472,12.444,25.0,0.1748,-0.0359,-0.2147,-0.2254,-0.2119,5,-0.5131,False,False,False,False,measured
17137952300,Morgan County,"Jacksonville, IL",micro,1283,False,-0.263,70038,3.571,11.189,43.0,-0.0797,-0.0591,-0.0658,-0.1666,-0.1422,5,-0.5134,False,False,False,False,measured
17067953700,Hancock County,,rural,930,False,0.748,57574,5.518,15.845,22.0,0.0048,-0.1087,0.1981,-0.3846,-0.2235,5,-0.514,False,False,False,False,measured
17143000900,Peoria County,"Peoria, IL",metro,1324,True,-0.947,22406,4.713,6.214,6.0,-0.1369,-0.2486,0.089,0.0664,-0.2855,5,-0.5156,False,False,False,False,measured
17025971900,Clay County,,rural,951,False,-0.447,75231,6.562,17.612,14.0,-0.0951,-0.0385,0.3396,-0.4674,-0.2545,5,-0.5159,False,False,False,False,measured
17031491400,Cook County,"Chicago-Naperville-Elgin, IL-IN",metro,1072,True,-1.066,27381,3.233,3.966,28.0,-0.1469,-0.2288,-0.1116,0.1717,-0.2003,5,-0.5159,False,False,False,True,measured
55021970401,Columbia County,"Madison, WI",metro,1009,True,-0.564,70355,6.307,18.581,42.0,-0.1049,-0.0579,0.3051,-0.5127,-0.1461,5,-0.5165,True,False,False,False,measured
55011960500,Buffalo County,,rural,1368,False,-0.668,75000,4.546,15.44,63.0,-0.1136,-0.0394,0.0665,-0.3657,-0.0648,5,-0.517,False,False,False,False,measured
17177001300,Stephenson County,"Freeport, IL",micro,1656,True,1.174,55407,3.256,11.629,42.0,0.0405,-0.1173,-0.1084,-0.1872,-0.1461,5,-0.5185,False,False,False,False,measured
17137951900,Morgan County,"Jacksonville, IL",micro,1952,False,-1.148,93218,3.571,14.422,76.0,-0.1538,0.0331,-0.0658,-0.318,-0.0145,5,-0.519,False,False,False,False,measured
17039971500,De Witt County,,rural,917,False,-5.061,76607,5.222,8.089,43.0,-0.4811,-0.033,0.1581,-0.0214,-0.1422,5,-0.5196,False,False,False,False,measured
55025003200,Dane County,"Madison, WI",metro,1168,True,-0.183,41875,2.659,3.14,3.0,-0.073,-0.1712,-0.1893,0.2104,-0.2971,5,-0.5202,False,False,False,False,measured
55101002100,Racine County,"Racine-Mount Pleasant, WI",metro,1216,False,-1.818,99797,-1.776,0.0,96.0,-0.2098,0.0592,-0.7904,0.3574,0.0629,5,-0.5205,False,False,False,True,measured
17045070300,Edgar County,,rural,1839,True,3.372,52199,4.339,19.952,60.0,0.2244,-0.1301,0.0383,-0.577,-0.0764,5,-0.5208,False,False,False,False,measured
17031020902,Cook County,"Chicago-Naperville-Elgin, IL-IN",metro,1481,True,-2.126,45547,3.233,4.717,40.0,-0.2356,-0.1566,-0.1116,0.1365,-0.1538,5,-0.521,False,False,False,True,measured
55079009700,Milwaukee County,"Milwaukee-Waukesha, WI",metro,387,True,0.156,46458,2.576,4.739,13.0,-0.0447,-0.1529,-0.2006,0.1355,-0.2584,5,-0.5211,False,False,False,True,measured
17031826700,Cook County,"Chicago-Naperville-Elgin, IL-IN",metro,1722,True,-3.689,39726,3.233,3.272,62.0,-0.3663,-0.1797,-0.1116,0.2042,-0.0687,5,-0.522,False,False,False,True,measured
17011964900,Bureau County,"Ottawa, IL",micro,1196,False,1.394,57600,4.366,14.502,30.0,0.0589,-0.1086,0.0419,-0.3217,-0.1926,5,-0.5221,False,False,False,False,measured
17021958100,Christian County,"Taylorville, IL",micro,1180,False,-0.529,81000,3.227,12.088,58.0,-0.1019,-0.0155,-0.1124,-0.2087,-0.0842,5,-0.5227,False,False,False,False,measured
17031301100,Cook County,"Chicago-Naperville-Elgin, IL-IN",metro,762,True,-0.501,52881,3.233,6.128,14.0,-0.0996,-0.1274,-0.1116,0.0704,-0.2545,5,-0.5227,False,False,False,True,measured
55101001401,Racine County,"Racine-Mount Pleasant, WI",metro,1637,True,2.162,75208,-1.776,4.349,87.0,0.1232,-0.0386,-0.7904,0.1538,0.0281,5,-0.5239,True,False,False,True,measured
17031300800,Cook County,"Chicago-Naperville-Elgin, IL-IN",metro,1121,True,-0.388,36349,3.233,5.451,20.0,-0.0902,-0.1932,-0.1116,0.1022,-0.2313,5,-0.524,False,False,False,True,measured
17037002200,DeKalb County,"Chicago-Naperville-Elgin, IL-IN",metro,397,True,2.319,34450,2.663,6.993,2.0,0.1363,-0.2007,-0.1889,0.03,-0.301,5,-0.5243,False,False,False,False,measured
17001000201,Adams County,"Quincy, IL-MO",micro,887,False,-0.045,57417,4.451,11.972,27.0,-0.0615,-0.1093,0.0535,-0.2033,-0.2042,5,-0.5248,False,False,False,False,measured
55081950700,Monroe County,"Sparta, WI",micro,1569,False,-1.903,72313,3.787,12.967,87.0,-0.2169,-0.0501,-0.0365,-0.2499,0.0281,5,-0.5252,False,False,False,False,measured
55011960100,Buffalo County,,rural,959,False,-0.746,84904,4.546,14.746,44.0,-0.1201,-0.0,0.0665,-0.3332,-0.1384,5,-0.5252,False,False,False,False,measured
55101001703,Racine County,"Racine-Mount Pleasant, WI",metro,1787,False,0.754,105144,-1.776,8.244,133.0,0.0054,0.0805,-0.7904,-0.0286,0.2062,5,-0.527,False,False,False,True,measured
17177000200,Stephenson County,"Freeport, IL",micro,1259,False,-1.002,75642,3.256,9.561,41.0,-0.1415,-0.0369,-0.1084,-0.0903,-0.15,5,-0.5271,False,False,False,False,measured
55079011100,Milwaukee County,"Milwaukee-Waukesha, WI",metro,915,False,-0.474,72337,2.576,5.699,10.0,-0.0974,-0.05,-0.2006,0.0906,-0.27,5,-0.5274,False,False,False,True,measured
17031803614,Cook County,"Chicago-Naperville-Elgin, IL-IN",metro,1579,True,-0.988,63448,3.233,8.081,36.0,-0.1404,-0.0854,-0.1116,-0.021,-0.1693,5,-0.5276,True,False,False,True,measured
17037000500,DeKalb County,"Chicago-Naperville-Elgin, IL-IN",metro,1590,True,-1.662,67250,2.663,10.098,91.0,-0.1967,-0.0702,-0.1889,-0.1155,0.0436,5,-0.5277,False,False,False,False,measured
55079016500,Milwaukee County,"Milwaukee-Waukesha, WI",metro,867,True,0.59,43102,2.576,6.301,24.0,-0.0083,-0.1663,-0.2006,0.0623,-0.2158,5,-0.5287,False,False,False,True,measured
17051950500,Fayette County,,rural,1018,False,0.198,52273,6.622,17.527,17.0,-0.0412,-0.1298,0.3478,-0.4634,-0.2429,5,-0.5295,False,False,False,False,measured
17191955000,Wayne County,,rural,1717,False,-0.047,62617,4.066,11.483,28.0,-0.0616,-0.0887,0.0014,-0.1804,-0.2003,5,-0.5296,False,False,False,False,measured
55079007100,Milwaukee County,"Milwaukee-Waukesha, WI",metro,915,True,-0.894,54561,2.576,5.982,40.0,-0.1325,-0.1207,-0.2006,0.0773,-0.1538,5,-0.5304,False,False,False,True,measured
17031838600,Cook County,"Chicago-Naperville-Elgin, IL-IN",metro,645,True,0.892,20725,3.233,6.225,16.0,0.0169,-0.2553,-0.1116,0.0659,-0.2468,5,-0.5309,False,False,False,True,measured
17187870200,Warren County,,rural,1035,False,-0.036,70568,4.092,12.364,29.0,-0.0607,-0.057,0.0048,-0.2216,-0.1964,5,-0.531,False,False,False,False,measured
17031280400,Cook County,"Chicago-Naperville-Elgin, IL-IN",metro,613,True,1.572,40699,3.233,8.499,8.0,0.0738,-0.1759,-0.1116,-0.0406,-0.2777,5,-0.5319,False,False,False,True,measured
17019011100,Champaign County,"Champaign-Urbana, IL",metro,1169,True,1.792,29544,3.725,9.222,6.0,0.0922,-0.2202,-0.0448,-0.0745,-0.2855,5,-0.5328,False,False,False,False,measured
17031825900,Cook County,"Chicago-Naperville-Elgin, IL-IN",metro,1023,True,-2.279,46705,3.233,4.796,40.0,-0.2484,-0.152,-0.1116,0.1328,-0.1538,5,-0.5329,False,False,False,True,measured
17197884003,Will County,"Chicago-Naperville-Elgin, IL-IN",metro,1597,False,-1.125,99948,4.616,24.146,146.0,-0.1518,0.0598,0.0758,-0.7734,0.2565,5,-0.533,False,False,False,False,measured
17177000600,Stephenson County,"Freeport, IL",micro,1224,False,-2.765,91583,3.256,9.309,58.0,-0.289,0.0266,-0.1084,-0.0785,-0.0842,5,-0.5335,False,False,False,False,measured
55007960100,Bayfield County,,rural,1329,False,-1.036,65069,5.636,16.302,49.0,-0.1443,-0.0789,0.2142,-0.406,-0.119,5,-0.5341,False,False,False,False,measured
17119402000,Madison County,"St. Louis, MO-IL",metro,1847,True,-2.018,55104,3.735,11.596,90.0,-0.2265,-0.1186,-0.0435,-0.1857,0.0397,5,-0.5344,False,False,False,False,measured
55079014600,Milwaukee County,"Milwaukee-Waukesha, WI",metro,954,True,1.79,12331,2.576,4.795,10.0,0.0921,-0.2887,-0.2006,0.1329,-0.27,5,-0.5344,False,True,False,True,measured
17097865502,Lake County,"Chicago-Naperville-Elgin, IL-IN",metro,827,False,-2.961,161488,2.585,12.817,56.0,-0.3054,0.3046,-0.1993,-0.2428,-0.0919,5,-0.5348,False,False,False,True,measured
17115001400,Macon County,"Decatur, IL",metro,1055,True,-2.965,66530,3.438,6.814,51.0,-0.3057,-0.0731,-0.0838,0.0383,-0.1113,5,-0.5355,False,False,False,False,measured
17077011701,Jackson County,"Carbondale, IL",micro,814,True,0.857,49306,4.146,11.085,13.0,0.0139,-0.1416,0.0121,-0.1617,-0.2584,5,-0.5356,True,False,False,False,measured
17077010700,Jackson County,"Carbondale, IL",micro,1427,True,0.53,25839,4.146,9.261,22.0,-0.0133,-0.235,0.0121,-0.0763,-0.2235,5,-0.536,False,False,False,False,measured
55121100200,Trempealeau County,,rural,1359,False,-0.075,75563,2.472,10.709,60.0,-0.064,-0.0372,-0.2147,-0.1441,-0.0764,5,-0.5364,False,False,False,False,measured
17043840904,DuPage County,"Chicago-Naperville-Elgin, IL-IN",metro,1553,True,-2.323,63531,3.131,5.513,35.0,-0.252,-0.085,-0.1254,0.0992,-0.1732,5,-0.5364,False,False,False,False,measured
55043960300,Grant County,"Platteville, WI",micro,1770,False,2.335,61909,4.697,20.79,66.0,0.1376,-0.0915,0.0868,-0.6162,-0.0532,5,-0.5365,False,False,False,False,measured
55079012800,Milwaukee County,"Milwaukee-Waukesha, WI",metro,1087,False,-0.912,54515,2.576,7.571,58.0,-0.134,-0.1209,-0.2006,0.0029,-0.0842,5,-0.5368,True,False,False,True,measured
55079005100,Milwaukee County,"Milwaukee-Waukesha, WI",metro,1405,True,-2.071,41990,2.576,3.708,49.0,-0.231,-0.1707,-0.2006,0.1838,-0.119,5,-0.5375,False,False,False,True,measured
17125956300,Mason County,,rural,1130,False,0.124,70775,2.681,10.975,56.0,-0.0473,-0.0562,-0.1864,-0.1565,-0.0919,5,-0.5383,False,False,False,False,measured
17091011400,Kankakee County,"Kankakee, IL",metro,659,True,-2.914,34226,5.833,8.535,19.0,-0.3014,-0.2016,0.2408,-0.0423,-0.2351,5,-0.5396,False,False,False,False,measured
55099970600,Price County,,rural,1073,False,0.828,63912,1.866,8.08,41.0,0.0115,-0.0835,-0.2969,-0.021,-0.15,5,-0.5398,False,False,False,False,measured
17197882000,Will County,"Chicago-Naperville-Elgin, IL-IN",metro,788,True,-2.307,23219,4.616,5.166,19.0,-0.2507,-0.2454,0.0758,0.1155,-0.2351,5,-0.5399,False,False,False,False,measured
17115002700,Macon County,"Decatur, IL",metro,913,False,0.11,72589,3.438,10.953,27.0,-0.0485,-0.049,-0.0838,-0.1555,-0.2042,5,-0.541,False,False,False,False,measured
55079013700,Milwaukee County,"Milwaukee-Waukesha, WI",metro,776,True,1.119,23946,2.576,4.742,10.0,0.0359,-0.2425,-0.2006,0.1353,-0.27,5,-0.5419,False,False,False,True,measured
55079101100,Milwaukee County,"Milwaukee-Waukesha, WI",metro,898,True,-0.396,51591,2.576,7.948,53.0,-0.0908,-0.1325,-0.2006,-0.0148,-0.1035,5,-0.5423,False,False,False,True,measured
17015960500,Carroll County,,rural,1097,False,-0.145,69784,4.446,13.877,35.0,-0.0699,-0.0602,0.0528,-0.2925,-0.1732,5,-0.5429,False,False,False,False,measured
55101001102,Racine County,"Racine-Mount Pleasant, WI",metro,988,False,2.262,103500,-1.776,5.776,68.0,0.1315,0.074,-0.7904,0.0869,-0.0454,5,-0.5434,True,False,False,True,measured
55139003500,Winnebago County,"Oshkosh-Neenah, WI",metro,1387,True,0.793,47454,1.083,5.268,51.0,0.0086,-0.149,-0.4029,0.1107,-0.1113,5,-0.5438,False,False,False,False,measured
17185957400,Wabash County,,rural,782,False,-1.606,65000,5.402,12.745,24.0,-0.1921,-0.0792,0.1824,-0.2394,-0.2158,5,-0.544,True,False,False,False,measured
55023960600,Crawford County,,rural,1384,False,0.499,53103,6.349,20.386,50.0,-0.016,-0.1265,0.3108,-0.5973,-0.1151,5,-0.5442,False,False,False,False,measured
17031827000,Cook County,"Chicago-Naperville-Elgin, IL-IN",metro,1132,True,-3.94,53750,3.233,3.005,44.0,-0.3873,-0.1239,-0.1116,0.2167,-0.1384,5,-0.5444,False,False,False,True,measured
17031600400,Cook County,"Chicago-Naperville-Elgin, IL-IN",metro,1628,False,0.185,66964,3.233,10.01,26.0,-0.0422,-0.0714,-0.1116,-0.1114,-0.208,5,-0.5446,False,False,False,True,measured
17031271200,Cook County,"Chicago-Naperville-Elgin, IL-IN",metro,402,True,0.454,32905,3.233,6.114,8.0,-0.0197,-0.2069,-0.1116,0.0711,-0.2777,5,-0.5448,False,False,False,True,measured
17031230300,Cook County,"Chicago-Naperville-Elgin, IL-IN",metro,253,True,-2.285,68229,3.233,4.389,10.0,-0.2489,-0.0663,-0.1116,0.1519,-0.27,5,-0.5449,False,False,False,True,measured
17055040200,Franklin County,,rural,1209,False,-1.644,62109,5.032,12.13,33.0,-0.1952,-0.0907,0.1323,-0.2106,-0.1809,5,-0.5452,False,False,False,False,measured
55099970500,Price County,,rural,964,False,-0.81,53667,1.866,6.007,60.0,-0.1255,-0.1243,-0.2969,0.0761,-0.0764,5,-0.5469,False,False,False,False,measured
55117011200,Sheboygan County,"Sheboygan, WI",metro,1405,False,-1.274,95260,5.146,21.352,98.0,-0.1642,0.0412,0.1477,-0.6426,0.0707,5,-0.5472,False,False,False,False,measured
17031835500,Cook County,"Chicago-Naperville-Elgin, IL-IN",metro,673,True,-0.715,22639,3.233,3.869,16.0,-0.1175,-0.2477,-0.1116,0.1762,-0.2468,5,-0.5473,False,False,False,True,measured
55119960600,Taylor County,,rural,1147,False,-3.202,74563,4.619,11.581,61.0,-0.3255,-0.0411,0.0762,-0.1849,-0.0725,5,-0.5479,False,False,False,False,measured
55079013300,Milwaukee County,"Milwaukee-Waukesha, WI",metro,455,True,-0.519,55344,2.576,5.464,20.0,-0.1011,-0.1176,-0.2006,0.1016,-0.2313,5,-0.5491,False,False,False,True,measured
17045070100,Edgar County,,rural,981,False,-1.369,68967,4.339,11.542,36.0,-0.1722,-0.0634,0.0383,-0.1831,-0.1693,5,-0.5498,False,False,False,False,measured
17031640100,Cook County,"Chicago-Naperville-Elgin, IL-IN",metro,451,True,-1.805,57411,3.233,4.931,16.0,-0.2087,-0.1094,-0.1116,0.1265,-0.2468,5,-0.5499,False,False,False,True,measured
17081051000,Jefferson County,"Mount Vernon, IL",micro,474,True,-2.885,35294,6.481,9.447,3.0,-0.2991,-0.1974,0.3286,-0.085,-0.2971,5,-0.5499,False,True,False,False,measured
17157951000,Randolph County,,rural,906,False,-3.054,85000,5.557,13.7,39.0,-0.3132,0.0004,0.2034,-0.2842,-0.1577,5,-0.5513,False,False,False,False,measured
17167000700,Sangamon County,"Springfield, IL",metro,690,True,-7.603,49097,7.206,7.136,37.0,-0.6937,-0.1424,0.4269,0.0233,-0.1655,5,-0.5514,False,False,False,False,measured
55101001003,Racine County,"Racine-Mount Pleasant, WI",metro,1665,True,1.507,70750,-1.776,4.881,105.0,0.0684,-0.0563,-0.7904,0.1289,0.0978,5,-0.5517,False,False,False,True,measured
17167001300,Sangamon County,"Springfield, IL",metro,740,True,-5.64,41962,7.206,9.735,33.0,-0.5295,-0.1708,0.4269,-0.0985,-0.1809,5,-0.5528,False,False,False,False,measured
55139000400,Winnebago County,"Oshkosh-Neenah, WI",metro,1314,True,-1.567,56127,1.083,6.965,111.0,-0.1888,-0.1145,-0.4029,0.0313,0.121,5,-0.5539,False,False,False,False,measured
17005951300,Bond County,"St. Louis, MO-IL",metro,2140,True,1.539,64697,6.136,28.037,113.0,0.071,-0.0804,0.2819,-0.9557,0.1288,5,-0.5543,False,False,False,False,measured
55139001700,Winnebago County,"Oshkosh-Neenah, WI",metro,1154,False,-1.298,92500,1.083,6.991,68.0,-0.1663,0.0302,-0.4029,0.03,-0.0454,5,-0.5544,False,False,False,False,measured
17011965300,Bureau County,"Ottawa, IL",micro,1372,False,-0.188,62462,4.366,15.625,64.0,-0.0735,-0.0893,0.0419,-0.3743,-0.0609,5,-0.5561,False,False,False,False,measured
55079021100,Milwaukee County,"Milwaukee-Waukesha, WI",metro,517,False,-3.159,70781,2.576,4.467,47.0,-0.3219,-0.0562,-0.2006,0.1483,-0.1267,5,-0.5572,False,False,False,True,measured
17025972200,Clay County,,rural,1115,False,-3.689,75029,6.562,14.353,34.0,-0.3663,-0.0393,0.3396,-0.3148,-0.1771,5,-0.5578,False,False,False,False,measured
55079021200,Milwaukee County,"Milwaukee-Waukesha, WI",metro,954,True,-1.464,43780,2.576,4.739,41.0,-0.1802,-0.1636,-0.2006,0.1355,-0.15,5,-0.5589,False,False,False,True,measured
17051950900,Fayette County,,rural,735,False,-1.003,41795,6.622,16.4,32.0,-0.1416,-0.1715,0.3478,-0.4106,-0.1848,5,-0.5608,False,False,False,False,measured
17115001801,Macon County,"Decatur, IL",metro,883,False,-2.861,82944,3.438,10.594,71.0,-0.297,-0.0078,-0.0838,-0.1387,-0.0338,5,-0.5612,False,False,False,False,measured
17031301803,Cook County,"Chicago-Naperville-Elgin, IL-IN",metro,1206,True,-2.231,62102,3.233,4.654,14.0,-0.2443,-0.0907,-0.1116,0.1395,-0.2545,5,-0.5616,False,False,False,True,measured
55079008500,Milwaukee County,"Milwaukee-Waukesha, WI",metro,415,True,0.739,33839,2.576,4.84,4.0,0.0041,-0.2031,-0.2006,0.1308,-0.2932,5,-0.5621,False,True,False,True,measured
17119402600,Madison County,"St. Louis, MO-IL",metro,1044,True,0.448,37063,3.735,10.684,37.0,-0.0203,-0.1903,-0.0435,-0.1429,-0.1655,5,-0.5624,False,False,False,False,measured
55025000408,Dane County,"Madison, WI",metro,1358,True,1.206,44276,2.659,6.675,2.0,0.0432,-0.1616,-0.1893,0.0448,-0.301,5,-0.5639,False,True,False,False,measured
55139002900,Winnebago County,"Oshkosh-Neenah, WI",metro,1060,True,0.517,43287,1.083,4.691,49.0,-0.0144,-0.1656,-0.4029,0.1377,-0.119,5,-0.5641,False,False,False,False,measured
55079017000,Milwaukee County,"Milwaukee-Waukesha, WI",metro,1605,True,-1.397,45712,2.576,6.151,53.0,-0.1746,-0.1559,-0.2006,0.0694,-0.1035,5,-0.5653,False,False,False,True,measured
55079001600,Milwaukee County,"Milwaukee-Waukesha, WI",metro,949,True,-1.89,39481,2.576,3.677,40.0,-0.2158,-0.1807,-0.2006,0.1853,-0.1538,5,-0.5657,False,False,False,True,measured
17031820604,Cook County,"Chicago-Naperville-Elgin, IL-IN",metro,1370,True,-0.997,51224,3.233,7.409,30.0,-0.1411,-0.134,-0.1116,0.0105,-0.1926,5,-0.5688,False,False,False,True,measured
17057952800,Fulton County,"Canton, IL",micro,939,False,-2.135,68480,4.795,12.278,41.0,-0.2363,-0.0653,0.1001,-0.2176,-0.15,5,-0.5691,False,False,False,False,measured
55079014800,Milwaukee County,"Milwaukee-Waukesha, WI",metro,856,True,0.33,35337,2.576,4.722,8.0,-0.0301,-0.1972,-0.2006,0.1363,-0.2777,5,-0.5693,False,False,False,True,measured
17097862605,Lake County,"Chicago-Naperville-Elgin, IL-IN",metro,1682,True,0.026,38542,2.585,5.315,18.0,-0.0555,-0.1844,-0.1993,0.1085,-0.239,5,-0.5698,False,False,False,True,measured
17031070103,Cook County,"Chicago-Naperville-Elgin, IL-IN",metro,1160,True,-1.165,73581,3.233,8.217,20.0,-0.1552,-0.0451,-0.1116,-0.0274,-0.2313,5,-0.5704,False,False,False,True,measured
17031710100,Cook County,"Chicago-Naperville-Elgin, IL-IN",metro,496,True,-1.429,30795,3.233,2.956,6.0,-0.1772,-0.2152,-0.1116,0.219,-0.2855,5,-0.5705,False,False,False,True,measured
55101002402,Racine County,"Racine-Mount Pleasant, WI",metro,2525,False,2.333,75352,-1.776,7.086,104.0,0.1374,-0.038,-0.7904,0.0256,0.0939,5,-0.5714,False,False,False,True,measured
17115002602,Macon County,"Decatur, IL",metro,767,False,-0.284,90781,3.438,13.038,34.0,-0.0815,0.0234,-0.0838,-0.2532,-0.1771,5,-0.5722,False,False,False,False,measured
17085020500,Jo Daviess County,,rural,1383,False,-0.201,58036,5.248,14.741,23.0,-0.0745,-0.1069,0.1616,-0.3329,-0.2197,5,-0.5724,False,False,False,False,measured
55079002100,Milwaukee County,"Milwaukee-Waukesha, WI",metro,857,True,-1.193,31431,2.576,3.997,35.0,-0.1575,-0.2127,-0.2006,0.1703,-0.1732,5,-0.5738,False,True,False,True,measured
17015960600,Carroll County,,rural,562,False,-1.267,68281,4.446,11.34,22.0,-0.1637,-0.0661,0.0528,-0.1736,-0.2235,5,-0.5742,False,False,False,False,measured
17031826401,Cook County,"Chicago-Naperville-Elgin, IL-IN",metro,1173,True,-4.085,49580,3.233,4.544,62.0,-0.3994,-0.1405,-0.1116,0.1446,-0.0687,5,-0.5756,False,False,False,True,measured
17035972500,Cumberland County,"Effingham, IL",micro,1282,False,-1.293,76563,5.696,16.609,33.0,-0.1659,-0.0332,0.2223,-0.4204,-0.1809,5,-0.5781,False,False,False,False,measured
55079021800,Milwaukee County,"Milwaukee-Waukesha, WI",metro,797,True,-1.514,59135,2.576,7.375,53.0,-0.1844,-0.1025,-0.2006,0.0121,-0.1035,5,-0.579,False,False,False,True,measured
55009000302,Brown County,"Green Bay, WI",metro,1906,True,-2.235,52875,2.607,9.623,101.0,-0.2446,-0.1274,-0.1964,-0.0932,0.0823,5,-0.5793,False,False,False,True,measured
17201001100,Winnebago County,"Rockford, IL",metro,730,True,-3.111,19203,5.151,4.98,9.0,-0.318,-0.2614,0.1484,0.1242,-0.2739,5,-0.5806,False,False,False,False,measured
55111000601,Sauk County,"Baraboo, WI",micro,601,False,-7.446,108750,6.347,10.732,38.0,-0.6806,0.0948,0.3105,-0.1452,-0.1616,5,-0.582,True,False,False,False,measured
55079016400,Milwaukee County,"Milwaukee-Waukesha, WI",metro,1071,True,-0.4,38576,2.576,5.29,24.0,-0.0912,-0.1843,-0.2006,0.1097,-0.2158,5,-0.5822,False,False,False,True,measured
55079017200,Milwaukee County,"Milwaukee-Waukesha, WI",metro,773,True,-0.981,59625,2.576,5.546,18.0,-0.1398,-0.1006,-0.2006,0.0977,-0.239,5,-0.5823,True,False,False,True,measured
17195000800,Whiteside County,"Sterling, IL",micro,760,False,-2.302,80000,4.957,12.968,32.0,-0.2503,-0.0195,0.1221,-0.2499,-0.1848,5,-0.5824,True,False,False,False,measured
17031691200,Cook County,"Chicago-Naperville-Elgin, IL-IN",metro,869,True,-3.492,30054,3.233,2.798,46.0,-0.3498,-0.2182,-0.1116,0.2264,-0.1306,5,-0.5838,False,False,False,True,measured
17031610400,Cook County,"Chicago-Naperville-Elgin, IL-IN",metro,556,True,-1.314,50313,3.233,5.123,6.0,-0.1676,-0.1376,-0.1116,0.1175,-0.2855,5,-0.5847,False,False,False,True,measured
17177000500,Stephenson County,"Freeport, IL",micro,1244,False,-1.608,95870,3.256,13.168,62.0,-0.1922,0.0436,-0.1084,-0.2592,-0.0687,5,-0.5849,False,False,False,False,measured
17031838800,Cook County,"Chicago-Naperville-Elgin, IL-IN",metro,1041,True,-1.593,21576,3.233,3.929,27.0,-0.1909,-0.2519,-0.1116,0.1734,-0.2042,5,-0.5851,False,False,False,True,measured
55079003900,Milwaukee County,"Milwaukee-Waukesha, WI",metro,1051,True,-2.005,31996,2.576,3.213,39.0,-0.2254,-0.2105,-0.2006,0.207,-0.1577,5,-0.5872,False,False,False,True,measured
55101000904,Racine County,"Racine-Mount Pleasant, WI",metro,1985,False,-0.05,78449,-1.776,5.604,130.0,-0.0619,-0.0257,-0.7904,0.095,0.1946,5,-0.5884,False,False,False,True,measured
17137952200,Morgan County,"Jacksonville, IL",micro,1192,False,-1.797,85845,3.571,10.684,34.0,-0.208,0.0037,-0.0658,-0.1429,-0.1771,5,-0.5901,True,False,False,False,measured
55079015900,Milwaukee County,"Milwaukee-Waukesha, WI",metro,1222,True,-0.97,44960,2.576,5.745,33.0,-0.1388,-0.1589,-0.2006,0.0884,-0.1809,5,-0.5909,False,False,False,True,measured
17031843400,Cook County,"Chicago-Naperville-Elgin, IL-IN",metro,477,True,-1.406,42813,3.233,4.376,5.0,-0.1753,-0.1674,-0.1116,0.1525,-0.2893,5,-0.5912,False,False,False,True,measured
17031271300,Cook County,"Chicago-Naperville-Elgin, IL-IN",metro,343,True,-1.29,45488,3.233,5.062,8.0,-0.1656,-0.1568,-0.1116,0.1204,-0.2777,5,-0.5913,False,False,False,True,measured
17001001002,Adams County,"Quincy, IL-MO",micro,1199,False,-1.635,62975,4.451,11.94,38.0,-0.1945,-0.0872,0.0535,-0.2017,-0.1616,5,-0.5916,False,False,False,False,measured
55071000600,Manitowoc County,"Manitowoc, WI",micro,2365,False,-2.114,59611,-0.096,4.098,116.0,-0.2345,-0.1006,-0.5627,0.1655,0.1404,5,-0.592,False,False,False,False,measured
17101881100,Lawrence County,,rural,1308,True,1.389,45833,2.533,10.189,36.0,0.0585,-0.1554,-0.2064,-0.1197,-0.1693,5,-0.5924,True,False,False,False,measured
17055040100,Franklin County,,rural,1064,False,-2.834,58357,5.032,10.867,35.0,-0.2948,-0.1056,0.1323,-0.1515,-0.1732,5,-0.5928,False,False,False,False,measured
55079013600,Milwaukee County,"Milwaukee-Waukesha, WI",metro,1128,True,-0.229,32946,2.576,4.943,19.0,-0.0769,-0.2067,-0.2006,0.1259,-0.2351,5,-0.5934,False,False,False,True,measured
55135100200,Waupaca County,,rural,1085,False,-0.376,81776,1.882,10.302,61.0,-0.0892,-0.0125,-0.2947,-0.125,-0.0725,5,-0.5939,False,False,False,False,measured
17111871003,McHenry County,"Chicago-Naperville-Elgin, IL-IN",metro,1558,False,-3.032,102826,4.254,19.256,122.0,-0.3113,0.0713,0.0269,-0.5444,0.1636,5,-0.5939,False,False,False,False,measured
17031803613,Cook County,"Chicago-Naperville-Elgin, IL-IN",metro,1093,True,-0.988,64055,3.233,8.691,25.0,-0.1404,-0.0829,-0.1116,-0.0496,-0.2119,5,-0.5964,True,False,False,True,measured
55019950100,Clark County,,rural,1768,False,-1.635,62976,3.127,13.687,104.0,-0.1945,-0.0872,-0.126,-0.2835,0.0939,5,-0.5973,False,False,False,False,measured
17043844601,DuPage County,"Chicago-Naperville-Elgin, IL-IN",metro,1607,False,-2.863,124583,3.131,14.757,80.0,-0.2972,0.1578,-0.1254,-0.3337,0.001,5,-0.5975,False,False,False,False,measured
55079006400,Milwaukee County,"Milwaukee-Waukesha, WI",metro,575,True,-1.873,60563,2.576,5.201,28.0,-0.2143,-0.0968,-0.2006,0.1139,-0.2003,5,-0.5982,False,False,False,True,measured
17191955200,Wayne County,,rural,1328,False,-2.085,41688,4.066,7.037,22.0,-0.2321,-0.1719,0.0014,0.0279,-0.2235,5,-0.5983,False,False,False,False,measured
17031801603,Cook County,"Chicago-Naperville-Elgin, IL-IN",metro,1368,True,-2.637,79200,3.233,7.658,32.0,-0.2782,-0.0227,-0.1116,-0.0012,-0.1848,5,-0.5986,False,False,False,True,measured
55079017600,Milwaukee County,"Milwaukee-Waukesha, WI",metro,826,True,0.097,40250,2.576,6.52,22.0,-0.0496,-0.1776,-0.2006,0.0521,-0.2235,5,-0.5993,False,False,False,True,measured
17031560100,Cook County,"Chicago-Naperville-Elgin, IL-IN",metro,312,False,-2.604,74318,3.233,5.666,12.0,-0.2755,-0.0421,-0.1116,0.0921,-0.2622,5,-0.5994,False,False,False,True,measured
17185957300,Wabash County,,rural,1278,False,-2.489,42107,5.402,10.924,30.0,-0.2659,-0.1703,0.1824,-0.1542,-0.1926,5,-0.6004,False,False,False,False,measured
17137951800,Morgan County,"Jacksonville, IL",micro,1437,False,-0.319,77083,3.571,13.567,43.0,-0.0844,-0.0311,-0.0658,-0.278,-0.1422,5,-0.6015,False,False,False,False,measured
17019011002,Champaign County,"Champaign-Urbana, IL",metro,1152,False,-1.436,63750,3.725,10.206,34.0,-0.1778,-0.0842,-0.0448,-0.1205,-0.1771,5,-0.6044,True,False,False,False,measured
17143005100,Peoria County,"Peoria, IL",metro,986,True,-1.64,28333,4.713,7.958,13.0,-0.1949,-0.225,0.089,-0.0152,-0.2584,5,-0.6046,False,False,False,False,measured
17119402400,Madison County,"St. Louis, MO-IL",metro,801,True,-1.685,39531,3.735,7.085,26.0,-0.1986,-0.1805,-0.0435,0.0256,-0.208,5,-0.605,True,False,False,False,measured
17141961100,Ogle County,"Rochelle, IL",micro,1554,False,-5.614,64559,3.917,6.52,72.0,-0.5273,-0.0809,-0.0189,0.0521,-0.03,5,-0.605,False,False,False,False,measured
17047957000,Edwards County,,rural,920,False,0.353,59167,3.732,11.316,13.0,-0.0282,-0.1024,-0.0439,-0.1725,-0.2584,5,-0.6053,False,False,False,False,measured
17001010302,Adams County,"Quincy, IL-MO",micro,1147,False,1.053,72560,4.451,16.298,19.0,0.0304,-0.0491,0.0535,-0.4058,-0.2351,5,-0.6063,True,False,False,False,measured
55043960100,Grant County,"Platteville, WI",micro,1438,False,-0.439,73125,4.697,17.626,58.0,-0.0944,-0.0469,0.0868,-0.468,-0.0842,5,-0.6067,False,False,False,False,measured
55101001706,Racine County,"Racine-Mount Pleasant, WI",metro,1743,False,0.068,81080,-1.776,6.692,133.0,-0.052,-0.0152,-0.7904,0.044,0.2062,5,-0.6074,False,False,False,True,measured
17187870400,Warren County,,rural,1866,False,-2.242,61225,4.092,11.189,52.0,-0.2453,-0.0942,0.0048,-0.1666,-0.1074,5,-0.6086,False,False,False,False,measured
17057953400,Fulton County,"Canton, IL",micro,815,False,1.272,46250,4.795,15.584,20.0,0.0487,-0.1538,0.1001,-0.3724,-0.2313,5,-0.6087,False,False,False,False,measured
55079007600,Milwaukee County,"Milwaukee-Waukesha, WI",metro,1666,False,-1.101,50909,2.576,6.158,30.0,-0.1498,-0.1352,-0.2006,0.069,-0.1926,5,-0.6092,False,False,False,True,measured
17111870302,McHenry County,"Chicago-Naperville-Elgin, IL-IN",metro,1402,True,-0.916,72353,4.254,19.139,102.0,-0.1343,-0.0499,0.0269,-0.5389,0.0862,5,-0.6101,False,False,False,False,measured
17011965000,Bureau County,"Ottawa, IL",micro,1430,False,0.397,69643,4.366,15.388,27.0,-0.0245,-0.0607,0.0419,-0.3632,-0.2042,5,-0.6107,False,False,False,False,measured
17031817400,Cook County,"Chicago-Naperville-Elgin, IL-IN",metro,968,True,-4.115,99018,3.233,6.738,29.0,-0.4019,0.0561,-0.1116,0.0419,-0.1964,5,-0.6119,False,False,False,True,measured
55121100100,Trempealeau County,,rural,1412,False,0.185,69000,2.472,13.809,79.0,-0.0422,-0.0633,-0.2147,-0.2893,-0.0029,5,-0.6123,False,False,False,False,measured
17119401701,Madison County,"St. Louis, MO-IL",metro,867,True,-3.735,45843,3.735,5.795,46.0,-0.3701,-0.1554,-0.0435,0.086,-0.1306,5,-0.6136,False,False,False,False,measured
17089852904,Kane County,"Chicago-Naperville-Elgin, IL-IN",metro,550,True,-5.225,49327,5.101,4.339,9.0,-0.4947,-0.1415,0.1416,0.1542,-0.2739,5,-0.6143,False,False,False,False,measured
55139002500,Winnebago County,"Oshkosh-Neenah, WI",metro,2312,True,-0.86,51852,1.083,6.115,74.0,-0.1296,-0.1315,-0.4029,0.071,-0.0222,5,-0.6152,False,False,False,False,measured
17031816600,Cook County,"Chicago-Naperville-Elgin, IL-IN",metro,1117,True,-1.925,66120,3.233,7.206,20.0,-0.2187,-0.0747,-0.1116,0.02,-0.2313,5,-0.6163,False,False,False,True,measured
17107953500,Logan County,"Lincoln, IL",micro,1125,False,2.201,100363,1.376,15.352,59.0,0.1264,0.0615,-0.3633,-0.3615,-0.0803,5,-0.6172,False,False,False,False,measured
17117956200,Macoupin County,"St. Louis, MO-IL",metro,1031,True,-1.144,62378,6.611,19.399,36.0,-0.1534,-0.0896,0.3463,-0.5511,-0.1693,5,-0.6172,False,False,False,False,measured
17061973700,Greene County,,rural,621,True,-1.799,52604,6.244,14.524,14.0,-0.2082,-0.1285,0.2965,-0.3227,-0.2545,5,-0.6175,False,False,False,False,measured
17105960700,Livingston County,"Pontiac, IL",micro,1584,False,0.67,71343,4.182,20.265,83.0,-0.0017,-0.054,0.0171,-0.5916,0.0126,5,-0.6176,False,False,False,False,measured
55101001702,Racine County,"Racine-Mount Pleasant, WI",metro,1985,False,0.385,96250,-1.776,11.842,170.0,-0.0255,0.0451,-0.7904,-0.1972,0.3494,5,-0.6186,False,False,False,True,measured
55079186200,Milwaukee County,"Milwaukee-Waukesha, WI",metro,470,True,-0.127,21250,2.576,4.46,16.0,-0.0683,-0.2532,-0.2006,0.1486,-0.2468,5,-0.6204,False,False,False,True,measured
17163504501,St. Clair County,"St. Louis, MO-IL",metro,1021,True,-6.726,21942,6.452,2.993,4.0,-0.6203,-0.2505,0.3247,0.2173,-0.2932,5,-0.622,True,False,False,False,measured
17031828402,Cook County,"Chicago-Naperville-Elgin, IL-IN",metro,1416,True,-3.748,59534,3.233,8.484,80.0,-0.3712,-0.1009,-0.1116,-0.0399,0.001,5,-0.6226,False,False,False,True,measured
17031670800,Cook County,"Chicago-Naperville-Elgin, IL-IN",metro,435,True,-3.507,55850,3.233,3.645,20.0,-0.351,-0.1156,-0.1116,0.1867,-0.2313,5,-0.6227,False,False,False,True,measured
17077011200,Jackson County,"Carbondale, IL",micro,2530,True,1.951,30639,4.146,13.653,17.0,0.1055,-0.2159,0.0121,-0.282,-0.2429,5,-0.6231,False,False,False,False,measured
17115001600,Macon County,"Decatur, IL",metro,653,False,-1.239,45938,3.438,9.063,39.0,-0.1613,-0.155,-0.0838,-0.067,-0.1577,5,-0.6249,False,False,False,False,measured
17085020102,Jo Daviess County,,rural,1027,False,0.134,71198,5.248,17.582,23.0,-0.0465,-0.0545,0.1616,-0.466,-0.2197,5,-0.6251,True,False,False,False,measured
17019000500,Champaign County,"Champaign-Urbana, IL",metro,1776,False,-2.289,60392,3.725,10.502,54.0,-0.2492,-0.0975,-0.0448,-0.1344,-0.0996,5,-0.6256,False,False,False,False,measured
55079002500,Milwaukee County,"Milwaukee-Waukesha, WI",metro,695,True,-2.206,35483,2.576,3.523,33.0,-0.2422,-0.1966,-0.2006,0.1925,-0.1809,5,-0.6279,False,False,False,True,measured
17043846603,DuPage County,"Chicago-Naperville-Elgin, IL-IN",metro,1209,True,-1.978,71005,3.131,9.163,40.0,-0.2232,-0.0553,-0.1254,-0.0717,-0.1538,5,-0.6294,False,False,False,False,measured
17067953800,Hancock County,,rural,1123,False,0.054,77306,5.518,20.487,42.0,-0.0532,-0.0302,0.1981,-0.602,-0.1461,5,-0.6335,False,False,False,False,measured
17143000300,Peoria County,"Peoria, IL",metro,558,True,-2.054,28958,4.713,7.436,7.0,-0.2295,-0.2226,0.089,0.0092,-0.2816,5,-0.6355,False,False,False,False,measured
17193958100,White County,,rural,1440,False,-1.339,58083,3.618,12.161,57.0,-0.1697,-0.1067,-0.0594,-0.2121,-0.088,5,-0.6359,True,False,False,False,measured
55079004400,Milwaukee County,"Milwaukee-Waukesha, WI",metro,1319,True,-1.518,34588,2.576,4.848,33.0,-0.1846,-0.2002,-0.2006,0.1304,-0.1809,5,-0.636,False,True,False,True,measured
17019000200,Champaign County,"Champaign-Urbana, IL",metro,878,True,-0.04,34958,3.725,9.522,17.0,-0.0611,-0.1987,-0.0448,-0.0885,-0.2429,5,-0.636,True,False,False,False,measured
17017960400,Cass County,,rural,1030,True,-0.308,61473,4.635,14.624,25.0,-0.0835,-0.0932,0.0784,-0.3274,-0.2119,5,-0.6376,False,False,False,False,measured
55011960400,Buffalo County,,rural,1095,False,0.538,77250,4.546,18.897,45.0,-0.0127,-0.0305,0.0665,-0.5276,-0.1345,5,-0.6388,False,False,False,False,measured
17163502700,St. Clair County,"St. Louis, MO-IL",metro,282,True,-8.084,57563,6.452,3.704,1.0,-0.7339,-0.1088,0.3247,0.184,-0.3048,5,-0.6389,False,True,False,False,measured
17031030603,Cook County,"Chicago-Naperville-Elgin, IL-IN",metro,1302,True,-2.398,49674,3.233,4.537,9.0,-0.2583,-0.1401,-0.1116,0.145,-0.2739,5,-0.6389,False,False,False,True,measured
17031826600,Cook County,"Chicago-Naperville-Elgin, IL-IN",metro,1521,True,-6.131,43675,3.233,2.981,77.0,-0.5706,-0.164,-0.1116,0.2179,-0.0106,5,-0.6389,False,False,False,True,measured
17047956900,Edwards County,,rural,854,False,-0.418,65625,3.732,11.478,16.0,-0.0927,-0.0767,-0.0439,-0.1801,-0.2468,5,-0.6402,False,False,False,False,measured
55043960600,Grant County,"Platteville, WI",micro,1347,False,1.538,78472,4.697,21.764,51.0,0.071,-0.0256,0.0868,-0.6618,-0.1113,5,-0.6409,False,False,False,False,measured
55079170500,Milwaukee County,"Milwaukee-Waukesha, WI",metro,837,True,-3.165,65450,2.576,5.881,48.0,-0.3224,-0.0774,-0.2006,0.082,-0.1229,5,-0.6413,False,False,False,True,measured
17077011702,Jackson County,"Carbondale, IL",micro,647,False,0.857,32240,4.146,11.231,5.0,0.0139,-0.2095,0.0121,-0.1686,-0.2893,5,-0.6413,True,False,False,False,measured
55121100400,Trempealeau County,,rural,1526,False,-0.504,71250,2.472,12.235,65.0,-0.0998,-0.0543,-0.2147,-0.2156,-0.0571,5,-0.6415,False,False,False,False,measured
17105960900,Livingston County,"Pontiac, IL",micro,908,False,-0.391,83333,4.182,17.346,52.0,-0.0904,-0.0063,0.0171,-0.4549,-0.1074,5,-0.642,False,False,False,False,measured
17201001000,Winnebago County,"Rockford, IL",metro,970,True,-5.217,26583,5.151,4.433,24.0,-0.4941,-0.232,0.1484,0.1499,-0.2158,5,-0.6437,False,True,False,False,measured
55079006500,Milwaukee County,"Milwaukee-Waukesha, WI",metro,717,True,-1.08,28720,2.576,4.909,28.0,-0.148,-0.2235,-0.2006,0.1275,-0.2003,5,-0.6449,False,False,False,True,measured
17067954000,Hancock County,,rural,857,False,-0.596,52750,5.518,15.763,21.0,-0.1076,-0.1279,0.1981,-0.3808,-0.2274,5,-0.6456,False,False,False,False,measured
55071005300,Manitowoc County,"Manitowoc, WI",micro,921,False,0.065,55927,-0.096,3.701,54.0,-0.0522,-0.1153,-0.5627,0.1841,-0.0996,5,-0.6458,False,False,False,False,measured
17119400200,Madison County,"St. Louis, MO-IL",metro,1386,True,-4.058,43314,3.735,5.867,48.0,-0.3971,-0.1654,-0.0435,0.0827,-0.1229,5,-0.6463,False,False,False,False,measured
17031816401,Cook County,"Chicago-Naperville-Elgin, IL-IN",metro,1134,True,-3.739,92537,3.233,7.264,25.0,-0.3704,0.0304,-0.1116,0.0172,-0.2119,5,-0.6464,False,False,False,True,measured
17045070200,Edgar County,,rural,792,False,-0.819,64018,4.339,12.765,19.0,-0.1262,-0.0831,0.0383,-0.2404,-0.2351,5,-0.6466,False,False,False,False,measured
17119402200,Madison County,"St. Louis, MO-IL",metro,1345,True,-0.912,63730,3.735,14.64,65.0,-0.134,-0.0842,-0.0435,-0.3282,-0.0571,5,-0.6469,False,False,False,False,measured
55097960600,Portage County,"Stevens Point-Plover, WI",micro,2301,False,1.671,78831,-1.641,8.287,105.0,0.0821,-0.0242,-0.7721,-0.0306,0.0978,5,-0.6471,False,False,False,False,measured
17037002100,DeKalb County,"Chicago-Naperville-Elgin, IL-IN",metro,1015,True,1.783,69441,2.663,14.942,42.0,0.0914,-0.0615,-0.1889,-0.3423,-0.1461,5,-0.6474,False,False,False,False,measured
55079008900,Milwaukee County,"Milwaukee-Waukesha, WI",metro,383,True,-0.104,19950,2.576,4.67,12.0,-0.0664,-0.2584,-0.2006,0.1387,-0.2622,5,-0.6489,False,True,False,True,measured
17037001900,DeKalb County,"Chicago-Naperville-Elgin, IL-IN",metro,874,False,-1.694,99844,2.663,11.623,45.0,-0.1994,0.0594,-0.1889,-0.1869,-0.1345,5,-0.6503,False,False,False,False,measured
17183011200,Vermilion County,"Danville, IL",micro,1527,True,-0.179,46288,3.315,9.229,15.0,-0.0727,-0.1536,-0.1005,-0.0748,-0.2506,5,-0.6522,False,False,False,False,measured
55079018800,Milwaukee County,"Milwaukee-Waukesha, WI",metro,543,True,-0.826,48563,2.576,6.74,22.0,-0.1268,-0.1446,-0.2006,0.0418,-0.2235,5,-0.6538,False,True,False,True,measured
17103000100,Lee County,"Dixon, IL",micro,1102,False,-0.341,86111,2.163,11.255,42.0,-0.0863,0.0048,-0.2566,-0.1697,-0.1461,5,-0.6539,False,False,False,False,measured
17197882500,Will County,"Chicago-Naperville-Elgin, IL-IN",metro,622,True,-4.493,46389,4.616,5.509,17.0,-0.4336,-0.1532,0.0758,0.0995,-0.2429,5,-0.6544,True,False,False,False,measured
17183010900,Vermilion County,"Danville, IL",micro,1131,False,-0.607,67589,3.315,12.884,46.0,-0.1085,-0.0689,-0.1005,-0.246,-0.1306,5,-0.6545,False,False,False,False,measured
17119402300,Madison County,"St. Louis, MO-IL",metro,773,True,-0.734,76479,3.735,14.64,46.0,-0.1191,-0.0335,-0.0435,-0.3282,-0.1306,5,-0.6549,False,False,False,False,measured
17119400600,Madison County,"St. Louis, MO-IL",metro,919,True,-4.944,54659,3.735,3.616,26.0,-0.4712,-0.1203,-0.0435,0.1881,-0.208,5,-0.655,False,False,False,False,measured
55079009100,Milwaukee County,"Milwaukee-Waukesha, WI",metro,684,True,-2.742,45250,2.576,4.737,42.0,-0.287,-0.1577,-0.2006,0.1356,-0.1461,5,-0.6559,False,False,False,True,measured
17037001002,DeKalb County,"Chicago-Naperville-Elgin, IL-IN",metro,2997,True,1.973,14743,2.663,7.77,5.0,0.1073,-0.2791,-0.1889,-0.0065,-0.2893,5,-0.6564,False,False,False,False,measured
17107953400,Logan County,"Lincoln, IL",micro,1628,False,1.109,67316,1.376,15.09,103.0,0.0351,-0.07,-0.3633,-0.3493,0.09,5,-0.6574,False,False,False,False,measured
55027960300,Dodge County,"Beaver Dam, WI",micro,2136,False,-5.798,61307,2.624,11.902,176.0,-0.5427,-0.0939,-0.1941,-0.2,0.3727,5,-0.658,False,False,False,False,measured
55097961300,Portage County,"Stevens Point-Plover, WI",micro,2169,False,1.676,82853,-1.641,8.548,101.0,0.0825,-0.0082,-0.7721,-0.0429,0.0823,5,-0.6584,False,False,False,False,measured
17077010100,Jackson County,"Carbondale, IL",micro,1129,False,-1.527,78250,4.146,13.414,31.0,-0.1855,-0.0265,0.0121,-0.2708,-0.1887,5,-0.6593,False,False,False,False,measured
55011960300,Buffalo County,,rural,980,False,-0.715,70500,4.546,15.819,36.0,-0.1175,-0.0573,0.0665,-0.3834,-0.1693,5,-0.6612,False,False,False,False,measured
17137952100,Morgan County,"Jacksonville, IL",micro,1756,False,-1.223,52321,3.571,13.687,74.0,-0.16,-0.1296,-0.0658,-0.2836,-0.0222,5,-0.6612,True,False,False,False,measured
55139000700,Winnebago County,"Oshkosh-Neenah, WI",metro,806,True,1.182,36944,1.083,6.287,35.0,0.0412,-0.1908,-0.4029,0.063,-0.1732,5,-0.6627,False,False,False,False,measured
55079186100,Milwaukee County,"Milwaukee-Waukesha, WI",metro,734,True,-0.324,18670,2.576,4.717,15.0,-0.0848,-0.2635,-0.2006,0.1365,-0.2506,5,-0.663,False,False,False,True,measured
17019011001,Champaign County,"Champaign-Urbana, IL",metro,1222,True,-1.436,51818,3.725,10.196,31.0,-0.1778,-0.1316,-0.0448,-0.1201,-0.1887,5,-0.663,True,False,False,False,measured
17057953700,Fulton County,"Canton, IL",micro,994,False,-1.829,74792,4.795,14.665,32.0,-0.2107,-0.0402,0.1001,-0.3294,-0.1848,5,-0.665,False,False,False,False,measured
17031340300,Cook County,"Chicago-Naperville-Elgin, IL-IN",metro,718,True,-0.003,53030,3.233,9.937,12.0,-0.0579,-0.1268,-0.1116,-0.1079,-0.2622,5,-0.6665,False,False,False,True,measured
17103000500,Lee County,"Dixon, IL",micro,1961,False,-0.65,81179,2.163,12.712,68.0,-0.1121,-0.0148,-0.2566,-0.2379,-0.0454,5,-0.6669,False,False,False,False,measured
17157951201,Randolph County,,rural,730,False,-3.889,73438,5.557,12.258,21.0,-0.383,-0.0456,0.2034,-0.2166,-0.2274,5,-0.6693,True,False,False,False,measured
17061973800,Greene County,,rural,680,False,-2.754,73750,6.244,16.646,25.0,-0.2881,-0.0444,0.2965,-0.4221,-0.2119,5,-0.67,True,False,False,False,measured
17017960100,Cass County,,rural,834,False,-2.586,64333,4.635,11.832,29.0,-0.274,-0.0818,0.0784,-0.1967,-0.1964,5,-0.6706,False,False,False,False,measured
17107953100,Logan County,"Lincoln, IL",micro,1534,False,1.494,62647,1.376,14.202,85.0,0.0672,-0.0885,-0.3633,-0.3077,0.0204,5,-0.6719,False,False,False,False,measured
17107952900,Logan County,"Lincoln, IL",micro,1396,False,-0.619,81667,1.376,11.059,73.0,-0.1095,-0.0129,-0.3633,-0.1605,-0.0261,5,-0.6722,False,False,False,False,measured
17109010401,McDonough County,"Macomb, IL",micro,557,False,7.149,22567,1.297,14.339,8.0,0.5403,-0.248,-0.374,-0.3141,-0.2777,5,-0.6735,True,True,False,False,measured
17183010100,Vermilion County,"Danville, IL",micro,1164,False,-1.65,68095,3.315,12.387,57.0,-0.1957,-0.0669,-0.1005,-0.2227,-0.088,5,-0.6738,False,False,False,False,measured
55043960400,Grant County,"Platteville, WI",micro,1424,False,1.017,68793,4.697,20.566,49.0,0.0274,-0.0641,0.0868,-0.6058,-0.119,5,-0.6747,False,False,False,False,measured
55097960500,Portage County,"Stevens Point-Plover, WI",micro,3003,False,-1.619,104044,-1.641,8.041,140.0,-0.1932,0.0761,-0.7721,-0.0192,0.2333,5,-0.675,False,False,False,False,measured
17161023500,Rock Island County,"Davenport-Moline-Rock Island, IA-IL",metro,582,True,-5.761,43690,5.221,5.715,23.0,-0.5396,-0.164,0.1578,0.0898,-0.2197,5,-0.6756,False,False,False,False,measured
55025001604,Dane County,"Madison, WI",metro,2183,True,-0.883,23505,2.659,3.901,6.0,-0.1316,-0.2442,-0.1893,0.1747,-0.2855,5,-0.6759,False,False,False,False,measured
17123961200,Marshall County,"Peoria, IL",metro,1051,False,-0.063,64632,5.252,19.03,38.0,-0.063,-0.0806,0.1621,-0.5338,-0.1616,5,-0.6769,False,False,False,False,measured
17031500200,Cook County,"Chicago-Naperville-Elgin, IL-IN",metro,691,True,-3.646,49028,3.233,3.734,17.0,-0.3627,-0.1427,-0.1116,0.1826,-0.2429,5,-0.6773,False,False,False,True,measured
17031834900,Cook County,"Chicago-Naperville-Elgin, IL-IN",metro,582,True,-2.99,16250,3.233,2.816,25.0,-0.3078,-0.2731,-0.1116,0.2256,-0.2119,5,-0.6789,False,False,False,True,measured
17195000700,Whiteside County,"Sterling, IL",micro,1028,False,-1.612,75000,4.957,17.253,49.0,-0.1925,-0.0394,0.1221,-0.4506,-0.119,5,-0.6795,False,False,False,False,measured
55099970400,Price County,,rural,894,False,-0.658,61944,1.866,7.915,37.0,-0.1127,-0.0913,-0.2969,-0.0132,-0.1655,5,-0.6797,False,False,False,False,measured
17021958800,Christian County,"Taylorville, IL",micro,1017,False,-1.065,53023,3.227,10.56,39.0,-0.1468,-0.1268,-0.1124,-0.1371,-0.1577,5,-0.6809,False,False,False,False,measured
17031811701,Cook County,"Chicago-Naperville-Elgin, IL-IN",metro,1039,True,-2.744,75361,3.233,8.737,30.0,-0.2873,-0.038,-0.1116,-0.0517,-0.1926,5,-0.6811,False,False,False,True,measured
17183010200,Vermilion County,"Danville, IL",micro,2012,True,-1.446,60500,3.315,14.553,84.0,-0.1787,-0.0971,-0.1005,-0.3241,0.0165,5,-0.6838,False,False,False,False,measured
17011964700,Bureau County,"Ottawa, IL",micro,1159,False,-0.053,68398,4.366,16.626,34.0,-0.0622,-0.0657,0.0419,-0.4212,-0.1771,5,-0.6842,False,False,False,False,measured
17107953000,Logan County,"Lincoln, IL",micro,1019,False,1.591,80694,1.376,12.981,46.0,0.0754,-0.0168,-0.3633,-0.2505,-0.1306,5,-0.6858,True,False,False,False,measured
17017960500,Cass County,,rural,976,True,0.478,60932,4.635,16.696,21.0,-0.0177,-0.0954,0.0784,-0.4245,-0.2274,5,-0.6865,False,False,False,False,measured
55101001301,Racine County,"Racine-Mount Pleasant, WI",metro,1587,False,-0.05,67679,-1.776,4.566,103.0,-0.0619,-0.0685,-0.7904,0.1436,0.09,5,-0.6872,False,False,False,True,measured
17155954500,Putnam County,"Ottawa, IL",micro,1225,False,0.263,70439,4.742,18.535,34.0,-0.0357,-0.0575,0.093,-0.5106,-0.1771,5,-0.6879,False,False,False,False,measured
55105000100,Rock County,"Janesville-Beloit, WI",metro,540,True,-0.505,22204,3.865,8.303,7.0,-0.0999,-0.2494,-0.0259,-0.0314,-0.2816,5,-0.6883,False,False,False,False,measured
17011965100,Bureau County,"Ottawa, IL",micro,1662,False,0.025,73786,4.366,17.91,41.0,-0.0556,-0.0442,0.0419,-0.4814,-0.15,5,-0.6893,False,False,False,False,measured
17057953000,Fulton County,"Canton, IL",micro,848,False,-1.788,58977,4.795,13.685,29.0,-0.2073,-0.1031,0.1001,-0.2835,-0.1964,5,-0.6902,False,False,False,False,measured
55079017100,Milwaukee County,"Milwaukee-Waukesha, WI",metro,791,True,-2.705,63084,2.576,6.072,30.0,-0.284,-0.0868,-0.2006,0.0731,-0.1926,5,-0.6909,True,False,False,True,measured
17031340400,Cook County,"Chicago-Naperville-Elgin, IL-IN",metro,705,True,0.548,40583,3.233,10.057,8.0,-0.0119,-0.1763,-0.1116,-0.1136,-0.2777,5,-0.6911,False,False,False,True,measured
55073002102,Marathon County,"Wausau, WI",metro,1079,False,-0.014,92219,6.882,27.804,54.0,-0.0589,0.0291,0.383,-0.9447,-0.0996,5,-0.6912,True,False,False,False,measured
17159978100,Richland County,,rural,1592,False,-1.512,67083,6.638,20.089,27.0,-0.1842,-0.0709,0.3499,-0.5834,-0.2042,5,-0.6928,False,False,False,False,measured
55139002001,Winnebago County,"Oshkosh-Neenah, WI",metro,1193,False,1.747,88281,1.083,16.765,89.0,0.0884,0.0134,-0.4029,-0.4277,0.0359,5,-0.6929,True,False,False,False,measured
17115002906,Macon County,"Decatur, IL",metro,1524,True,1.521,32833,3.438,12.684,19.0,0.0695,-0.2071,-0.0838,-0.2366,-0.2351,5,-0.6931,True,False,False,False,measured
17031460100,Cook County,"Chicago-Naperville-Elgin, IL-IN",metro,977,True,-4.885,42434,3.233,2.957,37.0,-0.4663,-0.1689,-0.1116,0.219,-0.1655,5,-0.6933,False,False,False,True,measured
17111870103,McHenry County,"Chicago-Naperville-Elgin, IL-IN",metro,898,False,1.426,96000,4.254,22.272,42.0,0.0616,0.0441,0.0269,-0.6856,-0.1461,5,-0.6992,True,False,False,False,measured
55079186000,Milwaukee County,"Milwaukee-Waukesha, WI",metro,828,True,-0.096,19559,2.576,4.988,3.0,-0.0658,-0.2599,-0.2006,0.1239,-0.2971,5,-0.6996,False,False,False,True,measured
17097862901,Lake County,"Chicago-Naperville-Elgin, IL-IN",metro,1033,True,-3.162,58125,2.585,4.757,26.0,-0.3222,-0.1065,-0.1993,0.1347,-0.208,5,-0.7014,False,False,False,True,measured
17033880600,Crawford County,,rural,1262,False,-0.469,60926,4.648,16.199,31.0,-0.0969,-0.0954,0.0802,-0.4012,-0.1887,5,-0.702,False,False,False,False,measured
55099970200,Price County,,rural,1262,True,-1.383,56750,1.866,9.222,68.0,-0.1734,-0.112,-0.2969,-0.0745,-0.0454,5,-0.7022,False,False,False,False,measured
55101001701,Racine County,"Racine-Mount Pleasant, WI",metro,1763,True,1.411,64698,-1.776,7.081,101.0,0.0603,-0.0804,-0.7904,0.0258,0.0823,5,-0.7023,False,False,False,True,measured
17027900403,Clinton County,"St. Louis, MO-IL",metro,1572,False,-0.194,79625,5.921,25.445,73.0,-0.0739,-0.021,0.2527,-0.8343,-0.0261,5,-0.7025,True,False,False,False,measured
55079017900,Milwaukee County,"Milwaukee-Waukesha, WI",metro,1257,False,-4.331,81199,2.576,7.381,59.0,-0.42,-0.0147,-0.2006,0.0118,-0.0803,5,-0.7039,False,False,False,True,measured
55139001200,Winnebago County,"Oshkosh-Neenah, WI",metro,863,True,-1.807,48622,1.083,6.129,75.0,-0.2089,-0.1443,-0.4029,0.0704,-0.0183,5,-0.704,False,False,False,False,measured
17129010300,Menard County,"Springfield, IL",metro,917,False,-1.698,90638,6.309,21.81,36.0,-0.1998,0.0228,0.3054,-0.664,-0.1693,5,-0.705,False,False,False,False,measured
17031611800,Cook County,"Chicago-Naperville-Elgin, IL-IN",metro,551,True,-3.835,51875,3.233,3.906,13.0,-0.3785,-0.1314,-0.1116,0.1745,-0.2584,5,-0.7053,False,False,False,True,measured
55079006800,Milwaukee County,"Milwaukee-Waukesha, WI",metro,820,True,-1.162,25897,2.576,5.4,23.0,-0.1549,-0.2347,-0.2006,0.1045,-0.2197,5,-0.7054,True,False,False,True,measured
55079009000,Milwaukee County,"Milwaukee-Waukesha, WI",metro,634,True,-1.905,31000,2.576,4.792,26.0,-0.2171,-0.2144,-0.2006,0.133,-0.208,5,-0.7072,False,False,False,True,measured
17163501100,St. Clair County,"St. Louis, MO-IL",metro,363,True,-9.284,43298,6.452,1.811,1.0,-0.8343,-0.1655,0.3247,0.2726,-0.3048,5,-0.7073,False,True,False,False,measured
55101001202,Racine County,"Racine-Mount Pleasant, WI",metro,2391,False,-0.568,56985,-1.776,6.478,143.0,-0.1052,-0.1111,-0.7904,0.0541,0.2449,5,-0.7077,False,False,False,True,measured
17053962000,Ford County,"Champaign-Urbana, IL",metro,1633,False,-0.06,49570,4.009,18.371,81.0,-0.0627,-0.1406,-0.0063,-0.5029,0.0049,5,-0.7077,True,False,False,False,measured
55073002301,Marathon County,"Wausau, WI",metro,1170,False,-0.938,72803,6.882,25.641,63.0,-0.1361,-0.0481,0.383,-0.8434,-0.0648,5,-0.7095,True,False,False,False,measured
55065970200,Lafayette County,,rural,1477,False,-1.075,65268,4.518,19.164,78.0,-0.1476,-0.0781,0.0625,-0.5401,-0.0067,5,-0.71,False,False,False,False,measured
17097863100,Lake County,"Chicago-Naperville-Elgin, IL-IN",metro,801,True,-3.855,55729,2.585,4.499,38.0,-0.3802,-0.1161,-0.1993,0.1468,-0.1616,5,-0.7104,False,False,False,True,measured
17031560200,Cook County,"Chicago-Naperville-Elgin, IL-IN",metro,508,True,-3.688,58158,3.233,5.991,27.0,-0.3662,-0.1064,-0.1116,0.0769,-0.2042,5,-0.7115,False,False,False,True,measured
17031611600,Cook County,"Chicago-Naperville-Elgin, IL-IN",metro,438,True,-4.929,81288,3.233,4.071,6.0,-0.47,-0.0144,-0.1116,0.1668,-0.2855,5,-0.7147,True,False,False,True,measured
17031191302,Cook County,"Chicago-Naperville-Elgin, IL-IN",metro,1065,True,-5.023,62146,3.233,4.209,29.0,-0.4778,-0.0905,-0.1116,0.1603,-0.1964,5,-0.7161,False,False,False,True,measured
55101002701,Racine County,"Racine-Mount Pleasant, WI",metro,1548,False,-1.299,81500,-1.776,5.866,124.0,-0.1663,-0.0136,-0.7904,0.0827,0.1713,5,-0.7162,False,False,False,True,measured
17047957100,Edwards County,,rural,892,False,-2.202,59306,3.732,9.39,16.0,-0.2419,-0.1018,-0.0439,-0.0823,-0.2468,5,-0.7167,False,False,False,False,measured
17001000800,Adams County,"Quincy, IL-MO",micro,1080,True,-0.6,35417,4.451,12.554,19.0,-0.1079,-0.1969,0.0535,-0.2305,-0.2351,5,-0.7169,False,False,False,False,measured
55101000200,Racine County,"Racine-Mount Pleasant, WI",metro,2122,True,-0.009,51453,-1.776,3.333,96.0,-0.0585,-0.1331,-0.7904,0.2014,0.0629,5,-0.7177,False,False,False,True,measured
17181950100,Union County,,rural,1795,False,0.34,56509,2.803,13.189,42.0,-0.0293,-0.113,-0.1698,-0.2602,-0.1461,5,-0.7184,False,False,False,False,measured
17075950100,Iroquois County,,rural,1103,False,-0.999,70099,3.453,13.092,33.0,-0.1412,-0.0589,-0.0817,-0.2557,-0.1809,5,-0.7185,False,False,False,False,measured
55079017400,Milwaukee County,"Milwaukee-Waukesha, WI",metro,760,True,-2.374,54375,2.576,6.268,27.0,-0.2563,-0.1214,-0.2006,0.0639,-0.2042,5,-0.7186,False,False,False,True,measured
17091011700,Kankakee County,"Kankakee, IL",metro,1152,True,-3.591,36974,5.833,13.95,50.0,-0.3581,-0.1907,0.2408,-0.2959,-0.1151,5,-0.7189,False,False,False,False,measured
55101001302,Racine County,"Racine-Mount Pleasant, WI",metro,1666,True,0.711,53790,-1.776,4.309,89.0,0.0018,-0.1238,-0.7904,0.1556,0.0359,5,-0.7209,False,False,False,True,measured
17177001100,Stephenson County,"Freeport, IL",micro,1444,True,-2.37,58451,3.256,10.66,51.0,-0.256,-0.1052,-0.1084,-0.1418,-0.1113,5,-0.7227,False,False,False,False,measured
17117956100,Macoupin County,"St. Louis, MO-IL",metro,1187,True,-2.728,67625,6.611,21.432,62.0,-0.2859,-0.0687,0.3463,-0.6463,-0.0687,5,-0.7233,False,False,False,False,measured
17157951202,Randolph County,,rural,241,False,-3.889,111397,5.557,15.906,12.0,-0.383,0.1054,0.2034,-0.3875,-0.2622,5,-0.724,True,False,False,False,measured
17181950500,Union County,,rural,1286,False,-1.253,73906,2.803,10.873,29.0,-0.1625,-0.0438,-0.1698,-0.1518,-0.1964,5,-0.7242,False,False,False,False,measured
17085020402,Jo Daviess County,,rural,1349,False,-1.703,65903,5.248,17.219,38.0,-0.2002,-0.0756,0.1616,-0.449,-0.1616,5,-0.7247,False,False,False,False,measured
17115001802,Macon County,"Decatur, IL",metro,864,False,-2.813,62866,3.438,10.932,52.0,-0.293,-0.0877,-0.0838,-0.1546,-0.1074,5,-0.7264,False,False,False,False,measured
17031829401,Cook County,"Chicago-Naperville-Elgin, IL-IN",metro,312,True,-4.217,57386,3.233,5.217,26.0,-0.4104,-0.1095,-0.1116,0.1131,-0.208,5,-0.7264,False,False,False,True,measured
17163501200,St. Clair County,"St. Louis, MO-IL",metro,680,True,-10.446,72815,6.452,3.414,10.0,-0.9314,-0.0481,0.3247,0.1976,-0.27,5,-0.7273,False,False,False,False,measured
17021958300,Christian County,"Taylorville, IL",micro,1756,True,-4.366,60391,3.227,10.428,89.0,-0.4229,-0.0975,-0.1124,-0.1309,0.0359,5,-0.7279,False,False,False,False,measured
17111870200,McHenry County,"Chicago-Naperville-Elgin, IL-IN",metro,2182,False,0.465,95294,4.254,27.498,119.0,-0.0188,0.0413,0.0269,-0.9304,0.152,5,-0.729,False,False,False,False,measured
55101001507,Racine County,"Racine-Mount Pleasant, WI",metro,1227,False,0.599,69227,-1.776,4.602,77.0,-0.0076,-0.0624,-0.7904,0.1419,-0.0106,5,-0.7291,True,False,False,True,measured
55079008600,Milwaukee County,"Milwaukee-Waukesha, WI",metro,328,True,-1.177,21149,2.576,4.585,12.0,-0.1561,-0.2536,-0.2006,0.1427,-0.2622,5,-0.7299,False,False,False,True,measured
55099970700,Price County,,rural,1101,False,-0.519,58098,1.866,10.32,54.0,-0.1011,-0.1066,-0.2969,-0.1259,-0.0996,5,-0.7301,False,False,False,False,measured
17183000900,Vermilion County,"Danville, IL",micro,875,False,-1.652,36458,3.315,8.176,24.0,-0.1959,-0.1927,-0.1005,-0.0255,-0.2158,5,-0.7304,False,False,False,False,measured
17031681400,Cook County,"Chicago-Naperville-Elgin, IL-IN",metro,617,True,-5.897,50170,3.233,3.132,43.0,-0.551,-0.1382,-0.1116,0.2108,-0.1422,5,-0.7322,False,False,False,True,measured
17151971300,Pope County,,rural,660,True,-3.629,57024,3.811,8.952,37.0,-0.3613,-0.1109,-0.0332,-0.0618,-0.1655,5,-0.7326,False,False,False,False,measured
55079003600,Milwaukee County,"Milwaukee-Waukesha, WI",metro,595,True,-4.852,62721,2.576,2.542,23.0,-0.4636,-0.0883,-0.2006,0.2384,-0.2197,5,-0.7337,False,False,False,True,measured
55079010800,Milwaukee County,"Milwaukee-Waukesha, WI",metro,1309,True,-3.059,62875,2.576,5.906,24.0,-0.3136,-0.0876,-0.2006,0.0808,-0.2158,5,-0.7368,False,False,False,True,measured
17181950200,Union County,,rural,834,False,-3.586,77353,2.803,7.764,35.0,-0.3577,-0.03,-0.1698,-0.0062,-0.1732,5,-0.7368,False,False,False,False,measured
17059972700,Gallatin County,,rural,1049,False,-0.159,62238,4.021,15.221,24.0,-0.071,-0.0902,-0.0047,-0.3554,-0.2158,5,-0.737,False,False,False,False,measured
55097960400,Portage County,"Stevens Point-Plover, WI",micro,2165,False,4.3,42466,-1.641,8.041,59.0,0.302,-0.1688,-0.7721,-0.0192,-0.0803,5,-0.7385,False,False,False,False,measured
17107953200,Logan County,"Lincoln, IL",micro,1659,False,1.187,55589,1.376,14.202,81.0,0.0416,-0.1166,-0.3633,-0.3077,0.0049,5,-0.7411,False,False,False,False,measured
17119402500,Madison County,"St. Louis, MO-IL",metro,647,True,-2.252,68750,3.735,12.43,37.0,-0.246,-0.0643,-0.0435,-0.2247,-0.1655,5,-0.7439,False,False,False,False,measured
17075950600,Iroquois County,,rural,1328,False,1.879,74489,3.453,19.76,40.0,0.0994,-0.0414,-0.0817,-0.568,-0.1538,5,-0.7456,False,False,False,False,measured
17031827600,Cook County,"Chicago-Naperville-Elgin, IL-IN",metro,922,True,-4.879,50038,3.233,7.626,72.0,-0.4658,-0.1387,-0.1116,0.0003,-0.03,5,-0.7458,False,False,False,True,measured
17021958900,Christian County,"Taylorville, IL",micro,1061,True,-1.41,40223,3.227,9.24,26.0,-0.1756,-0.1777,-0.1124,-0.0753,-0.208,5,-0.7491,False,False,False,False,measured
17001000700,Adams County,"Quincy, IL-MO",micro,718,True,0.423,18784,4.451,13.002,11.0,-0.0223,-0.263,0.0535,-0.2515,-0.2661,5,-0.7495,False,True,False,False,measured
55139000501,Winnebago County,"Oshkosh-Neenah, WI",metro,1498,True,0.586,50632,1.083,7.916,31.0,-0.0087,-0.1363,-0.4029,-0.0133,-0.1887,5,-0.75,True,False,False,False,measured
55071005400,Manitowoc County,"Manitowoc, WI",micro,1228,False,-1.931,49643,-0.096,3.701,76.0,-0.2192,-0.1403,-0.5627,0.1841,-0.0145,5,-0.7526,False,False,False,False,measured
17033880100,Crawford County,,rural,1025,False,-3.464,80917,4.648,12.8,21.0,-0.3475,-0.0159,0.0802,-0.242,-0.2274,5,-0.7526,False,False,False,False,measured
17193958000,White County,,rural,895,True,-1.339,35069,3.618,9.975,24.0,-0.1697,-0.1982,-0.0594,-0.1097,-0.2158,5,-0.7528,True,False,False,False,measured
55079000101,Milwaukee County,"Milwaukee-Waukesha, WI",metro,2014,True,-2.915,28487,2.576,6.407,58.0,-0.3015,-0.2244,-0.2006,0.0574,-0.0842,5,-0.7533,False,False,False,True,measured
17043840000,DuPage County,"Chicago-Naperville-Elgin, IL-IN",metro,955,False,-3.487,90795,3.131,10.152,32.0,-0.3493,0.0234,-0.1254,-0.118,-0.1848,5,-0.7542,True,False,False,False,measured
17137951600,Morgan County,"Jacksonville, IL",micro,1215,True,-1.03,59330,3.571,12.236,21.0,-0.1439,-0.1017,-0.0658,-0.2156,-0.2274,5,-0.7545,False,False,False,False,measured
17137951400,Morgan County,"Jacksonville, IL",micro,1015,False,0.216,60042,3.571,15.149,28.0,-0.0396,-0.0989,-0.0658,-0.352,-0.2003,5,-0.7567,False,False,False,False,measured
55101001505,Racine County,"Racine-Mount Pleasant, WI",metro,1738,False,-1.239,87756,-1.776,4.656,91.0,-0.1613,0.0113,-0.7904,0.1394,0.0436,5,-0.7574,False,False,False,True,measured
55079007300,Milwaukee County,"Milwaukee-Waukesha, WI",metro,885,False,-2.438,47284,2.576,6.549,29.0,-0.2616,-0.1497,-0.2006,0.0507,-0.1964,5,-0.7576,False,False,False,True,measured
17021958600,Christian County,"Taylorville, IL",micro,922,False,0.914,73617,3.227,18.462,50.0,0.0187,-0.0449,-0.1124,-0.5072,-0.1151,5,-0.7609,False,False,False,False,measured
17077011001,Jackson County,"Carbondale, IL",micro,775,False,-3.311,78295,4.146,10.763,11.0,-0.3347,-0.0263,0.0121,-0.1466,-0.2661,5,-0.7616,True,False,False,False,measured
55079016900,Milwaukee County,"Milwaukee-Waukesha, WI",metro,1123,True,-2.183,37031,2.576,6.065,27.0,-0.2403,-0.1904,-0.2006,0.0734,-0.2042,5,-0.7621,False,False,False,True,measured
17033880400,Crawford County,,rural,1177,True,-0.398,70035,4.648,18.093,27.0,-0.091,-0.0592,0.0802,-0.4899,-0.2042,5,-0.7641,False,False,False,False,measured
17037001003,DeKalb County,"Chicago-Naperville-Elgin, IL-IN",metro,1666,True,1.181,16916,2.663,8.683,3.0,0.0411,-0.2705,-0.1889,-0.0492,-0.2971,5,-0.7646,True,False,False,False,measured
17019005300,Champaign County,"Champaign-Urbana, IL",metro,2088,True,-3.458,26250,3.725,8.285,51.0,-0.347,-0.2333,-0.0448,-0.0306,-0.1113,5,-0.767,True,False,False,False,measured
55023960400,Crawford County,,rural,1209,False,-1.351,73487,6.349,23.509,49.0,-0.1707,-0.0454,0.3108,-0.7436,-0.119,5,-0.7679,False,False,False,False,measured
17183011100,Vermilion County,"Danville, IL",micro,921,False,-2.296,64450,3.315,11.07,34.0,-0.2498,-0.0814,-0.1005,-0.161,-0.1771,5,-0.7698,False,False,False,False,measured
17169970300,Schuyler County,,rural,720,False,0.703,68068,4.786,20.102,23.0,0.0011,-0.067,0.0989,-0.584,-0.2197,5,-0.7707,False,False,False,False,measured
55079006900,Milwaukee County,"Milwaukee-Waukesha, WI",metro,717,True,-2.814,39034,2.576,5.837,33.0,-0.2931,-0.1825,-0.2006,0.0841,-0.1809,5,-0.7731,False,False,False,True,measured
17183000100,Vermilion County,"Danville, IL",micro,690,True,-0.598,19545,3.315,8.535,11.0,-0.1077,-0.26,-0.1005,-0.0423,-0.2661,5,-0.7766,False,False,False,False,measured
17031260800,Cook County,"Chicago-Naperville-Elgin, IL-IN",metro,693,True,-3.957,35462,3.233,3.985,15.0,-0.3887,-0.1967,-0.1116,0.1708,-0.2506,5,-0.7767,False,False,False,True,measured
17031826902,Cook County,"Chicago-Naperville-Elgin, IL-IN",metro,443,True,-4.095,35711,3.233,4.429,23.0,-0.4002,-0.1957,-0.1116,0.15,-0.2197,5,-0.7772,False,False,False,True,measured
55139000200,Winnebago County,"Oshkosh-Neenah, WI",metro,1190,True,-1.51,42188,1.083,6.776,64.0,-0.184,-0.1699,-0.4029,0.0401,-0.0609,5,-0.7777,False,False,False,False,measured
17127970200,Massac County,"Paducah, KY-IL",metro,1402,False,-1.492,53582,3.43,16.468,87.0,-0.1825,-0.1246,-0.0849,-0.4138,0.0281,5,-0.7777,True,False,False,False,measured
17103000400,Lee County,"Dixon, IL",micro,2256,False,-0.018,71205,2.163,16.117,77.0,-0.0592,-0.0545,-0.2566,-0.3974,-0.0106,5,-0.7783,False,False,False,False,measured
55097960100,Portage County,"Stevens Point-Plover, WI",micro,1788,False,-0.1,87698,-1.641,7.822,94.0,-0.0661,0.0111,-0.7721,-0.0089,0.0552,5,-0.7808,False,False,False,False,measured
17015960200,Carroll County,,rural,870,False,-1.243,64013,4.446,15.358,21.0,-0.1617,-0.0831,0.0528,-0.3618,-0.2274,5,-0.7813,True,False,False,False,measured
17177000300,Stephenson County,"Freeport, IL",micro,1643,False,-0.206,79053,3.256,16.888,43.0,-0.0749,-0.0233,-0.1084,-0.4335,-0.1422,5,-0.7823,False,False,False,False,measured
55071010700,Manitowoc County,"Manitowoc, WI",micro,1672,False,-0.501,76055,-0.096,10.069,87.0,-0.0997,-0.0352,-0.5627,-0.1141,0.0281,5,-0.7836,False,False,False,False,measured
55097961101,Portage County,"Stevens Point-Plover, WI",micro,1657,False,1.764,89417,-1.641,8.719,62.0,0.0898,0.0179,-0.7721,-0.0509,-0.0687,5,-0.784,True,False,False,False,measured
55079006200,Milwaukee County,"Milwaukee-Waukesha, WI",metro,711,True,-3.845,36555,2.576,4.7,41.0,-0.3794,-0.1923,-0.2006,0.1373,-0.15,5,-0.785,False,False,False,True,measured
55053960100,Jackson County,,rural,1407,False,2.501,60196,-1.94,7.713,74.0,0.1515,-0.0983,-0.8126,-0.0038,-0.0222,5,-0.7854,False,False,False,False,measured
17055041000,Franklin County,,rural,1041,True,-3.747,47285,5.032,12.169,32.0,-0.3711,-0.1497,0.1323,-0.2125,-0.1848,5,-0.7857,False,False,False,False,measured
55101000901,Racine County,"Racine-Mount Pleasant, WI",metro,1490,False,-0.319,60726,-1.776,5.807,105.0,-0.0844,-0.0962,-0.7904,0.0855,0.0978,5,-0.7877,False,False,False,True,measured
17035972600,Cumberland County,"Effingham, IL",micro,1583,False,-1.187,90085,5.696,22.67,36.0,-0.157,0.0206,0.2223,-0.7043,-0.1693,5,-0.7877,False,False,False,False,measured
55079185400,Milwaukee County,"Milwaukee-Waukesha, WI",metro,393,True,-2.802,37321,2.576,4.875,19.0,-0.2921,-0.1893,-0.2006,0.1291,-0.2351,5,-0.788,False,False,False,True,measured
17115001700,Macon County,"Decatur, IL",metro,826,False,-2.133,56731,3.438,12.047,41.0,-0.2361,-0.1121,-0.0838,-0.2068,-0.15,5,-0.7887,False,False,False,False,measured
55071005100,Manitowoc County,"Manitowoc, WI",micro,994,False,-2.719,50811,-0.096,3.331,78.0,-0.2852,-0.1356,-0.5627,0.2014,-0.0067,5,-0.7888,False,False,False,False,measured
17195001600,Whiteside County,"Sterling, IL",micro,939,False,-2.168,49846,4.957,15.25,34.0,-0.239,-0.1395,0.1221,-0.3567,-0.1771,5,-0.7903,False,False,False,False,measured
17061973600,Greene County,,rural,986,False,-5.408,69297,6.244,15.805,45.0,-0.5101,-0.0621,0.2965,-0.3828,-0.1345,5,-0.7929,True,False,False,False,measured
55097960200,Portage County,"Stevens Point-Plover, WI",micro,1951,False,0.3,92063,-1.641,9.841,102.0,-0.0326,0.0285,-0.7721,-0.1035,0.0862,5,-0.7936,False,False,False,False,measured
17107953600,Logan County,"Lincoln, IL",micro,1341,False,-0.002,72717,1.376,14.436,78.0,-0.0578,-0.0485,-0.3633,-0.3186,-0.0067,5,-0.795,False,False,False,False,measured
55121100300,Trempealeau County,,rural,1047,False,0.408,71076,2.472,14.474,32.0,-0.0236,-0.055,-0.2147,-0.3204,-0.1848,5,-0.7985,False,False,False,False,measured
55097961102,Portage County,"Stevens Point-Plover, WI",micro,1463,False,1.764,67582,-1.641,6.517,53.0,0.0898,-0.0689,-0.7721,0.0522,-0.1035,5,-0.8026,True,False,False,False,measured
17077011400,Jackson County,"Carbondale, IL",micro,1622,False,-0.688,21291,4.146,11.44,10.0,-0.1153,-0.2531,0.0121,-0.1783,-0.27,5,-0.8045,False,False,False,False,measured
17077010800,Jackson County,"Carbondale, IL",micro,1463,True,-3.783,49365,4.146,11.098,43.0,-0.3742,-0.1414,0.0121,-0.1623,-0.1422,5,-0.808,False,False,False,False,measured
55079006600,Milwaukee County,"Milwaukee-Waukesha, WI",metro,702,True,-3.012,34667,2.576,5.211,25.0,-0.3097,-0.1998,-0.2006,0.1134,-0.2119,5,-0.8086,False,False,False,True,measured
17163502800,St. Clair County,"St. Louis, MO-IL",metro,740,True,-9.203,25981,6.452,2.785,2.0,-0.8275,-0.2344,0.3247,0.227,-0.301,5,-0.8112,False,False,False,False,measured
17125956800,Mason County,,rural,1067,False,-0.426,67165,2.681,13.967,36.0,-0.0933,-0.0706,-0.1864,-0.2967,-0.1693,5,-0.8163,False,False,False,False,measured
17115000300,Macon County,"Decatur, IL",metro,1188,True,-3.546,45243,3.438,7.926,26.0,-0.3543,-0.1578,-0.0838,-0.0138,-0.208,5,-0.8177,False,False,False,False,measured
17031829700,Cook County,"Chicago-Naperville-Elgin, IL-IN",metro,1067,True,-6.869,60680,3.233,4.596,48.0,-0.6323,-0.0964,-0.1116,0.1422,-0.1229,5,-0.8209,False,False,False,True,measured
55097960300,Portage County,"Stevens Point-Plover, WI",micro,2073,True,1.464,47158,-1.641,6.935,80.0,0.0648,-0.1502,-0.7721,0.0327,0.001,5,-0.8239,True,False,False,False,measured
55053960500,Jackson County,,rural,2202,False,0.941,68625,-1.94,8.619,100.0,0.021,-0.0648,-0.8126,-0.0462,0.0784,5,-0.8241,False,False,False,False,measured
17103000200,Lee County,"Dixon, IL",micro,1279,False,-0.415,79811,2.163,13.683,35.0,-0.0924,-0.0203,-0.2566,-0.2834,-0.1732,5,-0.8259,False,False,False,False,measured
17137951700,Morgan County,"Jacksonville, IL",micro,916,True,-1.123,40375,3.571,13.567,40.0,-0.1516,-0.1771,-0.0658,-0.278,-0.1538,5,-0.8264,False,False,False,False,measured
17031829302,Cook County,"Chicago-Naperville-Elgin, IL-IN",metro,951,True,-5.974,51363,3.233,5.869,52.0,-0.5574,-0.1334,-0.1116,0.0826,-0.1074,5,-0.8272,False,False,False,True,measured
17115002002,Macon County,"Decatur, IL",metro,864,True,-4.233,45323,3.438,7.655,35.0,-0.4118,-0.1575,-0.0838,-0.0011,-0.1732,5,-0.8273,True,False,False,False,measured
17161023600,Rock Island County,"Davenport-Moline-Rock Island, IA-IL",metro,498,True,-6.287,34403,5.221,5.841,6.0,-0.5836,-0.2009,0.1578,0.0839,-0.2855,5,-0.8282,False,False,False,False,measured
17031827400,Cook County,"Chicago-Naperville-Elgin, IL-IN",metro,1163,True,-4.706,32485,3.233,5.317,37.0,-0.4514,-0.2085,-0.1116,0.1084,-0.1655,5,-0.8285,False,True,False,True,measured
55079009800,Milwaukee County,"Milwaukee-Waukesha, WI",metro,405,True,-3.341,34792,2.576,4.667,20.0,-0.3372,-0.1993,-0.2006,0.1389,-0.2313,5,-0.8295,False,False,False,True,measured
17125956500,Mason County,,rural,1424,False,-0.919,41184,2.681,13.279,61.0,-0.1346,-0.1739,-0.1864,-0.2644,-0.0725,5,-0.8319,True,False,False,False,measured
17119400700,Madison County,"St. Louis, MO-IL",metro,667,True,-4.914,32066,3.735,3.757,4.0,-0.4687,-0.2102,-0.0435,0.1815,-0.2932,5,-0.8341,False,False,False,False,measured
17183000300,Vermilion County,"Danville, IL",micro,757,True,-2.113,33688,3.315,8.535,14.0,-0.2345,-0.2037,-0.1005,-0.0423,-0.2545,5,-0.8355,False,False,False,False,measured
17193958400,White County,,rural,1132,False,-2.578,61250,3.618,12.666,35.0,-0.2734,-0.0941,-0.0594,-0.2357,-0.1732,5,-0.8358,False,False,False,False,measured
17037001800,DeKalb County,"Chicago-Naperville-Elgin, IL-IN",metro,1326,False,-3.843,96250,2.663,15.083,89.0,-0.3791,0.0451,-0.1889,-0.3489,0.0359,5,-0.836,False,False,False,False,measured
55079007000,Milwaukee County,"Milwaukee-Waukesha, WI",metro,927,True,-4.484,42721,2.576,5.71,47.0,-0.4328,-0.1678,-0.2006,0.09,-0.1267,5,-0.838,False,False,False,True,measured
17043844501,DuPage County,"Chicago-Naperville-Elgin, IL-IN",metro,1244,False,-3.525,86190,3.131,13.942,61.0,-0.3525,0.0051,-0.1254,-0.2955,-0.0725,5,-0.8409,False,False,False,False,measured
17019000402,Champaign County,"Champaign-Urbana, IL",metro,1339,True,0.15,6831,3.725,10.631,2.0,-0.0452,-0.3106,-0.0448,-0.1404,-0.301,5,-0.842,False,False,False,False,measured
55009000800,Brown County,"Green Bay, WI",metro,721,True,-3.316,57281,2.607,7.75,29.0,-0.3351,-0.1099,-0.1964,-0.0055,-0.1964,5,-0.8433,True,False,False,True,measured
55079004800,Milwaukee County,"Milwaukee-Waukesha, WI",metro,1056,True,-6.171,35974,2.576,3.002,56.0,-0.5739,-0.1946,-0.2006,0.2169,-0.0919,5,-0.8442,False,False,False,True,measured
17037002000,DeKalb County,"Chicago-Naperville-Elgin, IL-IN",metro,1707,True,-0.323,83064,2.663,22.247,111.0,-0.0847,-0.0073,-0.1889,-0.6845,0.121,5,-0.8444,False,False,False,False,measured
55079008800,Milwaukee County,"Milwaukee-Waukesha, WI",metro,550,True,-2.864,22933,2.576,4.686,18.0,-0.2973,-0.2465,-0.2006,0.138,-0.239,5,-0.8454,False,True,False,True,measured
55071000500,Manitowoc County,"Manitowoc, WI",micro,1209,True,-1.949,47917,-0.096,4.041,58.0,-0.2207,-0.1471,-0.5627,0.1682,-0.0842,5,-0.8466,False,False,False,False,measured
55103970400,Richland County,,rural,1715,False,1.77,48284,0.288,10.432,41.0,0.0903,-0.1457,-0.5107,-0.1311,-0.15,5,-0.8472,False,False,False,False,measured
17103000300,Lee County,"Dixon, IL",micro,1790,False,0.476,64857,2.163,15.842,51.0,-0.0179,-0.0798,-0.2566,-0.3845,-0.1113,5,-0.85,False,False,False,False,measured
55079013500,Milwaukee County,"Milwaukee-Waukesha, WI",metro,868,True,-3.062,31742,2.576,4.749,11.0,-0.3138,-0.2115,-0.2006,0.135,-0.2661,5,-0.857,False,False,False,True,measured
17015960300,Carroll County,,rural,1562,True,-1.12,49821,4.446,18.293,48.0,-0.1514,-0.1396,0.0528,-0.4993,-0.1229,5,-0.8603,True,False,False,False,measured
17031835600,Cook County,"Chicago-Naperville-Elgin, IL-IN",metro,351,True,-3.979,14184,3.233,3.351,8.0,-0.3905,-0.2813,-0.1116,0.2005,-0.2777,5,-0.8606,False,False,False,True,measured
17177000400,Stephenson County,"Freeport, IL",micro,1016,False,-2.317,69762,3.256,11.936,18.0,-0.2515,-0.0602,-0.1084,-0.2016,-0.239,5,-0.8608,False,False,False,False,measured
17163501400,St. Clair County,"St. Louis, MO-IL",metro,672,True,-10.797,35833,6.452,2.437,9.0,-0.9609,-0.1952,0.3247,0.2433,-0.2739,5,-0.8619,False,False,False,False,measured
17075950300,Iroquois County,,rural,1236,False,-1.247,67121,3.453,16.081,40.0,-0.162,-0.0707,-0.0817,-0.3957,-0.1538,5,-0.864,False,False,False,False,measured
17183000200,Vermilion County,"Danville, IL",micro,552,True,-2.17,36416,3.315,8.535,5.0,-0.2392,-0.1929,-0.1005,-0.0423,-0.2893,5,-0.8642,False,True,False,False,measured
17055040900,Franklin County,,rural,928,True,-3.964,43778,5.032,12.671,26.0,-0.3893,-0.1636,0.1323,-0.236,-0.208,5,-0.8646,False,False,False,False,measured
55097961200,Portage County,"Stevens Point-Plover, WI",micro,2638,False,0.776,73068,-1.641,9.64,90.0,0.0072,-0.0471,-0.7721,-0.094,0.0397,5,-0.8664,False,False,False,False,measured
17075950700,Iroquois County,,rural,1188,False,-0.532,82222,3.453,19.948,55.0,-0.1022,-0.0107,-0.0817,-0.5768,-0.0958,5,-0.8672,False,False,False,False,measured
55079014900,Milwaukee County,"Milwaukee-Waukesha, WI",metro,597,True,-2.938,30268,2.576,4.734,7.0,-0.3035,-0.2173,-0.2006,0.1357,-0.2816,5,-0.8673,False,False,False,True,measured
17031671200,Cook County,"Chicago-Naperville-Elgin, IL-IN",metro,242,True,-5.375,39815,3.233,3.359,10.0,-0.5073,-0.1794,-0.1116,0.2002,-0.27,5,-0.8681,False,False,False,True,measured
17183000600,Vermilion County,"Danville, IL",micro,844,True,-2.828,38186,3.315,8.851,20.0,-0.2942,-0.1858,-0.1005,-0.0571,-0.2313,5,-0.8689,False,False,False,False,measured
55101000500,Racine County,"Racine-Mount Pleasant, WI",metro,1904,True,0.907,48333,-1.776,5.713,69.0,0.0181,-0.1455,-0.7904,0.0899,-0.0416,5,-0.8694,False,False,False,True,measured
17103000600,Lee County,"Dixon, IL",micro,1542,False,0.156,53235,2.163,14.212,45.0,-0.0446,-0.126,-0.2566,-0.3082,-0.1345,5,-0.8699,False,False,False,False,measured
55079185500,Milwaukee County,"Milwaukee-Waukesha, WI",metro,509,True,-3.838,38438,2.576,4.882,19.0,-0.3787,-0.1848,-0.2006,0.1288,-0.2351,5,-0.8705,False,False,False,True,measured
17183000400,Vermilion County,"Danville, IL",micro,1092,True,-2.458,31971,3.315,8.935,19.0,-0.2633,-0.2106,-0.1005,-0.061,-0.2351,5,-0.8706,True,False,False,False,measured
17183011000,Vermilion County,"Danville, IL",micro,1462,False,-3.193,58571,3.315,12.167,45.0,-0.3248,-0.1048,-0.1005,-0.2124,-0.1345,5,-0.8769,False,False,False,False,measured
17169970100,Schuyler County,,rural,670,False,-1.075,77500,4.786,19.052,11.0,-0.1476,-0.0295,0.0989,-0.5348,-0.2661,5,-0.8791,False,False,False,False,measured
55079018900,Milwaukee County,"Milwaukee-Waukesha, WI",metro,447,True,-4.476,51250,2.576,4.971,18.0,-0.4321,-0.1339,-0.2006,0.1247,-0.239,5,-0.881,False,False,False,True,measured
17169970200,Schuyler County,,rural,1344,True,-0.42,58833,4.786,21.778,48.0,-0.0928,-0.1037,0.0989,-0.6625,-0.1229,5,-0.883,False,False,False,False,measured
17031821500,Cook County,"Chicago-Naperville-Elgin, IL-IN",metro,517,True,-6.141,35361,3.233,2.296,14.0,-0.5714,-0.1971,-0.1116,0.2499,-0.2545,5,-0.8847,False,False,False,True,measured
55083100700,Oconto County,"Green Bay, WI",metro,1129,True,-1.157,57196,3.242,17.715,70.0,-0.1545,-0.1102,-0.1104,-0.4722,-0.0377,5,-0.885,False,False,False,False,measured
55097960800,Portage County,"Stevens Point-Plover, WI",micro,2107,False,-2.233,80262,-1.641,6.689,107.0,-0.2445,-0.0185,-0.7721,0.0442,0.1055,5,-0.8854,True,False,False,False,measured
17107953300,Logan County,"Lincoln, IL",micro,1564,False,0.357,55426,1.376,15.09,72.0,-0.0278,-0.1173,-0.3633,-0.3493,-0.03,5,-0.8876,False,False,False,False,measured
17151971200,Pope County,,rural,725,False,-4.233,63516,3.811,11.178,30.0,-0.4118,-0.0851,-0.0332,-0.1661,-0.1926,5,-0.8887,False,False,False,False,measured
17067953900,Hancock County,,rural,740,False,-3.537,65972,5.518,16.174,13.0,-0.3536,-0.0753,0.1981,-0.4,-0.2584,5,-0.8892,False,False,False,False,measured
17109010100,McDonough County,"Macomb, IL",micro,1472,False,1.806,67808,1.297,14.612,24.0,0.0933,-0.068,-0.374,-0.3269,-0.2158,5,-0.8914,False,False,False,False,measured
17033880300,Crawford County,,rural,1414,False,-0.685,76029,4.648,21.311,33.0,-0.115,-0.0353,0.0802,-0.6406,-0.1809,5,-0.8917,True,False,False,False,measured
17031821401,Cook County,"Chicago-Naperville-Elgin, IL-IN",metro,982,True,-7.864,50946,3.233,2.853,40.0,-0.7155,-0.1351,-0.1116,0.2238,-0.1538,5,-0.8921,False,False,False,True,measured
55079008400,Milwaukee County,"Milwaukee-Waukesha, WI",metro,284,True,-3.133,25481,2.576,4.842,10.0,-0.3198,-0.2364,-0.2006,0.1307,-0.27,5,-0.8961,False,False,False,True,measured
55101001002,Racine County,"Racine-Mount Pleasant, WI",metro,1146,True,-0.431,70500,-1.776,5.908,70.0,-0.0937,-0.0573,-0.7904,0.0807,-0.0377,5,-0.8984,False,False,False,True,measured
55079006300,Milwaukee County,"Milwaukee-Waukesha, WI",metro,554,True,-4.679,29591,2.576,4.241,31.0,-0.4491,-0.22,-0.2006,0.1588,-0.1887,5,-0.8996,False,False,False,True,measured
17137951500,Morgan County,"Jacksonville, IL",micro,1003,False,-3.221,82188,3.571,14.342,31.0,-0.3271,-0.0108,-0.0658,-0.3143,-0.1887,5,-0.9067,True,False,False,False,measured
17125956700,Mason County,,rural,720,False,-1.71,61333,2.681,12.348,26.0,-0.2008,-0.0938,-0.1864,-0.2208,-0.208,5,-0.9098,False,False,False,False,measured
55101002401,Racine County,"Racine-Mount Pleasant, WI",metro,1923,False,-3.408,100050,-1.776,9.581,145.0,-0.3428,0.0602,-0.7904,-0.0913,0.2526,5,-0.9116,False,False,False,True,measured
17183000800,Vermilion County,"Danville, IL",micro,895,False,-3.921,48281,3.315,8.851,21.0,-0.3857,-0.1457,-0.1005,-0.0571,-0.2274,5,-0.9163,True,False,False,False,measured
17033880500,Crawford County,,rural,1043,False,-1.708,70114,4.648,18.114,16.0,-0.2005,-0.0588,0.0802,-0.4909,-0.2468,5,-0.9168,True,False,False,False,measured
17125956600,Mason County,,rural,726,False,-0.396,59615,2.681,14.29,20.0,-0.0909,-0.1006,-0.1864,-0.3118,-0.2313,5,-0.921,False,False,False,False,measured
17075950900,Iroquois County,,rural,947,False,-1.162,59561,3.453,15.743,27.0,-0.1549,-0.1008,-0.0817,-0.3799,-0.2042,5,-0.9215,False,False,False,False,measured
55079004500,Milwaukee County,"Milwaukee-Waukesha, WI",metro,607,True,-4.916,43295,2.576,5.646,33.0,-0.4689,-0.1655,-0.2006,0.093,-0.1809,5,-0.923,False,True,False,True,measured
17193958200,White County,,rural,1121,False,-3.015,56597,3.618,12.026,18.0,-0.3099,-0.1126,-0.0594,-0.2058,-0.239,5,-0.9267,True,False,False,False,measured
17109010300,McDonough County,"Macomb, IL",micro,897,False,-0.111,101719,1.297,16.371,42.0,-0.067,0.0669,-0.374,-0.4093,-0.1461,5,-0.9295,False,False,False,False,measured
55103970200,Richland County,,rural,1715,False,-2.586,74583,0.288,10.65,88.0,-0.274,-0.0411,-0.5107,-0.1413,0.032,5,-0.9352,False,False,False,False,measured
17115000200,Macon County,"Decatur, IL",metro,818,True,-3.372,50238,3.438,10.043,12.0,-0.3398,-0.1379,-0.0838,-0.1129,-0.2622,5,-0.9366,False,False,False,False,measured
55101001201,Racine County,"Racine-Mount Pleasant, WI",metro,1499,False,-0.68,56213,-1.776,5.488,75.0,-0.1146,-0.1141,-0.7904,0.1004,-0.0183,5,-0.937,False,False,False,True,measured
17203030300,Woodford County,"Peoria, IL",metro,939,False,-2.723,92159,4.202,21.299,64.0,-0.2855,0.0288,0.0198,-0.6401,-0.0609,5,-0.9379,False,False,False,False,measured
55023960500,Crawford County,,rural,836,False,-2.358,60114,6.349,22.952,33.0,-0.2549,-0.0986,0.3108,-0.7175,-0.1809,5,-0.9412,False,False,False,False,measured
55097961000,Portage County,"Stevens Point-Plover, WI",micro,1185,True,1.764,42218,-1.641,6.353,41.0,0.0898,-0.1698,-0.7721,0.0599,-0.15,5,-0.9422,True,False,False,False,measured
17073031100,Henry County,"Davenport-Moline-Rock Island, IA-IL",metro,1071,False,-2.762,53750,4.778,18.674,49.0,-0.2888,-0.1239,0.0979,-0.5171,-0.119,5,-0.951,False,False,False,False,measured
55097960702,Portage County,"Stevens Point-Plover, WI",micro,1544,False,0.102,79833,-1.641,7.27,47.0,-0.0492,-0.0202,-0.7721,0.017,-0.1267,5,-0.9513,False,False,False,False,measured
17103000900,Lee County,"Dixon, IL",micro,1289,False,-2.313,69125,2.163,15.16,72.0,-0.2512,-0.0628,-0.2566,-0.3526,-0.03,5,-0.9531,False,False,False,False,measured
55075960100,Marinette County,"Marinette, WI-MI",micro,1330,False,0.121,63255,6.165,30.075,65.0,-0.0476,-0.0861,0.2858,-1.0511,-0.0571,5,-0.9561,False,False,False,False,measured
55079014700,Milwaukee County,"Milwaukee-Waukesha, WI",metro,724,True,-3.696,21846,2.576,4.321,4.0,-0.3669,-0.2508,-0.2006,0.1551,-0.2932,5,-0.9564,False,True,False,True,measured
17075950800,Iroquois County,,rural,966,False,-0.267,77000,3.453,19.597,27.0,-0.08,-0.0315,-0.0817,-0.5604,-0.2042,5,-0.9577,False,False,False,False,measured
17069970900,Hardin County,,rural,692,False,-0.37,52917,4.903,20.363,12.0,-0.0887,-0.1272,0.1147,-0.5962,-0.2622,5,-0.9597,False,False,False,False,measured
55079010600,Milwaukee County,"Milwaukee-Waukesha, WI",metro,389,True,-5.927,61832,2.576,5.189,20.0,-0.5535,-0.0918,-0.2006,0.1145,-0.2313,5,-0.9628,False,False,False,True,measured
55097960900,Portage County,"Stevens Point-Plover, WI",micro,1447,False,-0.978,60509,-1.641,6.353,76.0,-0.1395,-0.097,-0.7721,0.0599,-0.0145,5,-0.9633,True,False,False,False,measured
17101880800,Lawrence County,,rural,1357,False,-2.192,74676,2.533,13.891,32.0,-0.241,-0.0407,-0.2064,-0.2931,-0.1848,5,-0.966,False,False,False,False,measured
17021958500,Christian County,"Taylorville, IL",micro,927,False,-2.488,39940,3.227,12.166,27.0,-0.2658,-0.1789,-0.1124,-0.2123,-0.2042,5,-0.9736,True,False,False,False,measured
17109010600,McDonough County,"Macomb, IL",micro,981,True,0.463,61104,1.297,14.339,35.0,-0.019,-0.0947,-0.374,-0.3141,-0.1732,5,-0.975,False,False,False,False,measured
17183010500,Vermilion County,"Danville, IL",micro,1210,False,-6.108,60750,3.315,9.229,44.0,-0.5686,-0.0961,-0.1005,-0.0748,-0.1384,5,-0.9783,False,False,False,False,measured
55101002900,Racine County,"Racine-Mount Pleasant, WI",metro,2018,True,0.32,40318,-1.776,4.927,51.0,-0.0309,-0.1774,-0.7904,0.1267,-0.1113,5,-0.9833,False,False,False,True,measured
55079009600,Milwaukee County,"Milwaukee-Waukesha, WI",metro,498,True,-5.246,34697,2.576,5.408,30.0,-0.4965,-0.1997,-0.2006,0.1042,-0.1926,5,-0.9853,False,False,False,True,measured
17119403101,Madison County,"St. Louis, MO-IL",metro,1652,False,0.433,76731,3.735,24.227,51.0,-0.0215,-0.0325,-0.0435,-0.7772,-0.1113,5,-0.986,True,False,False,False,measured
17019010400,Champaign County,"Champaign-Urbana, IL",metro,1725,False,-2.035,81587,3.725,23.188,86.0,-0.2279,-0.0132,-0.0448,-0.7286,0.0242,5,-0.9903,True,False,False,False,measured
17125956400,Mason County,,rural,714,False,-4.903,79392,2.681,10.974,37.0,-0.4678,-0.0219,-0.1864,-0.1565,-0.1655,5,-0.9981,True,False,False,False,measured
17031843500,Cook County,"Chicago-Naperville-Elgin, IL-IN",metro,204,True,-6.64,70625,3.233,6.2,6.0,-0.6131,-0.0568,-0.1116,0.0671,-0.2855,5,-0.9999,False,False,False,True,measured
17075950500,Iroquois County,,rural,1696,False,0.539,63667,3.453,21.212,31.0,-0.0126,-0.0845,-0.0817,-0.636,-0.1887,5,-1.0035,False,False,False,False,measured
17103000800,Lee County,"Dixon, IL",micro,1402,False,-1.551,68774,2.163,14.273,32.0,-0.1875,-0.0642,-0.2566,-0.311,-0.1848,5,-1.0041,False,False,False,False,measured
55103970500,Richland County,,rural,1643,False,-1.743,69427,0.288,12.31,75.0,-0.2035,-0.0616,-0.5107,-0.2191,-0.0183,5,-1.0133,False,False,False,False,measured
17153971000,Pulaski County,,rural,948,False,-2.185,52632,2.595,12.239,20.0,-0.2404,-0.1284,-0.198,-0.2158,-0.2313,5,-1.0138,False,False,False,False,measured
17077011100,Jackson County,"Carbondale, IL",micro,1370,True,-4.144,22596,4.146,10.391,16.0,-0.4044,-0.2479,0.0121,-0.1292,-0.2468,5,-1.0161,False,True,False,False,measured
17153971100,Pulaski County,,rural,992,True,-0.864,40694,2.595,12.657,7.0,-0.13,-0.1759,-0.198,-0.2353,-0.2816,5,-1.0208,False,False,False,False,measured
17127970400,Massac County,"Paducah, KY-IL",metro,1027,True,-1.492,47846,3.43,16.468,28.0,-0.1825,-0.1474,-0.0849,-0.4138,-0.2003,5,-1.0289,True,False,False,False,measured
55053960400,Jackson County,,rural,1662,False,-0.76,73889,-1.94,9.893,93.0,-0.1213,-0.0438,-0.8126,-0.1059,0.0513,5,-1.0322,False,False,False,False,measured
17057953100,Fulton County,"Canton, IL",micro,909,False,-2.918,65268,4.795,19.429,27.0,-0.3018,-0.0781,0.1001,-0.5525,-0.2042,5,-1.0364,False,False,False,False,measured
17075950400,Iroquois County,,rural,1555,True,-2.223,39538,3.453,15.358,36.0,-0.2437,-0.1805,-0.0817,-0.3618,-0.1693,5,-1.037,False,False,False,False,measured
17057953900,Fulton County,"Canton, IL",micro,1129,True,-0.66,55956,4.795,22.967,30.0,-0.1129,-0.1152,0.1001,-0.7182,-0.1926,5,-1.0387,False,False,False,False,measured
17115000600,Macon County,"Decatur, IL",metro,621,True,-4.21,21516,3.438,7.817,5.0,-0.4099,-0.2522,-0.0838,-0.0086,-0.2893,5,-1.0438,False,False,False,False,measured
55103970100,Richland County,,rural,1190,False,-0.05,66591,0.288,13.284,45.0,-0.0619,-0.0729,-0.5107,-0.2647,-0.1345,5,-1.0447,False,False,False,False,measured
55101000400,Racine County,"Racine-Mount Pleasant, WI",metro,1236,True,-0.336,39231,-1.776,4.954,50.0,-0.0858,-0.1817,-0.7904,0.1254,-0.1151,5,-1.0476,False,False,False,True,measured
55043960500,Grant County,"Platteville, WI",micro,1468,False,0.081,73226,4.697,28.212,60.0,-0.0509,-0.0465,0.0868,-0.9638,-0.0764,5,-1.0508,False,False,False,False,measured
17109010200,McDonough County,"Macomb, IL",micro,855,False,1.238,67563,1.297,16.186,14.0,0.0458,-0.069,-0.374,-0.4006,-0.2545,5,-1.0523,False,False,False,False,measured
55103970300,Richland County,,rural,987,False,-0.752,71758,0.288,12.069,38.0,-0.1206,-0.0523,-0.5107,-0.2078,-0.1616,5,-1.053,False,False,False,False,measured
17059972800,Gallatin County,,rural,1049,True,-3.222,52375,4.021,14.914,15.0,-0.3272,-0.1294,-0.0047,-0.341,-0.2506,5,-1.053,False,False,False,False,measured
17115000900,Macon County,"Decatur, IL",metro,576,True,-4.248,30878,3.438,8.996,7.0,-0.413,-0.2149,-0.0838,-0.0639,-0.2816,5,-1.0572,False,False,False,False,measured
17073031000,Henry County,"Davenport-Moline-Rock Island, IA-IL",metro,1343,False,-3.174,61075,4.778,22.338,66.0,-0.3232,-0.0948,0.0979,-0.6887,-0.0532,5,-1.062,False,False,False,False,measured
17149952500,Pike County,,rural,979,False,-3.107,66607,3.098,14.388,20.0,-0.3176,-0.0728,-0.1299,-0.3164,-0.2313,5,-1.0679,True,False,False,False,measured
17115002001,Macon County,"Decatur, IL",metro,648,True,-4.233,30584,3.438,9.007,4.0,-0.4118,-0.2161,-0.0838,-0.0644,-0.2932,5,-1.0692,True,False,False,False,measured
17071973400,Henderson County,"Burlington, IA-IL",micro,729,False,-1.792,80625,3.396,18.491,13.0,-0.2076,-0.017,-0.0895,-0.5086,-0.2584,5,-1.081,False,False,False,False,measured
55037190200,Florence County,"Iron Mountain, MI-WI",micro,871,False,0.716,74148,-1.965,9.103,34.0,0.0021,-0.0428,-0.8161,-0.0689,-0.1771,5,-1.1027,True,False,False,False,measured
55053960200,Jackson County,,rural,1395,False,-0.516,68155,-1.94,11.855,99.0,-0.1008,-0.0666,-0.8126,-0.1978,0.0746,5,-1.1032,False,False,False,False,measured
17031670700,Cook County,"Chicago-Naperville-Elgin, IL-IN",metro,239,True,-8.32,43160,3.233,3.841,12.0,-0.7537,-0.1661,-0.1116,0.1775,-0.2622,5,-1.116,False,True,False,True,measured
17109010700,McDonough County,"Macomb, IL",micro,1770,False,-3.325,68111,1.297,14.339,70.0,-0.3358,-0.0668,-0.374,-0.3141,-0.0377,5,-1.1284,False,False,False,False,measured
17149952700,Pike County,,rural,2067,False,3.426,57067,3.098,28.441,42.0,0.2288,-0.1107,-0.1299,-0.9746,-0.1461,5,-1.1325,False,False,False,False,measured
17071973300,Henderson County,"Burlington, IA-IL",micro,932,False,-3.066,60705,3.396,17.873,37.0,-0.3141,-0.0963,-0.0895,-0.4796,-0.1655,5,-1.145,False,False,False,False,measured
55053960300,Jackson County,,rural,1608,False,-1.07,69750,-1.94,11.493,93.0,-0.1472,-0.0603,-0.8126,-0.1808,0.0513,5,-1.1496,False,False,False,False,measured
17131040300,Mercer County,"Davenport-Moline-Rock Island, IA-IL",metro,1595,False,0.0,68625,4.568,31.348,83.0,-0.0577,-0.0648,0.0694,-1.1107,0.0126,5,-1.1511,True,False,False,False,measured
17119402100,Madison County,"St. Louis, MO-IL",metro,947,True,-5.239,38688,3.735,14.149,40.0,-0.496,-0.1839,-0.0435,-0.3052,-0.1538,5,-1.1823,False,False,False,False,measured
17109011100,McDonough County,"Macomb, IL",micro,1173,False,-1.117,61861,1.297,16.374,35.0,-0.1512,-0.0917,-0.374,-0.4094,-0.1732,5,-1.1995,False,False,False,False,measured
17137952000,Morgan County,"Jacksonville, IL",micro,1307,True,-6.034,51232,3.571,12.437,24.0,-0.5624,-0.134,-0.0658,-0.225,-0.2158,5,-1.203,True,False,False,False,measured
17103000700,Lee County,"Dixon, IL",micro,716,False,-2.982,84000,2.163,16.543,23.0,-0.3071,-0.0036,-0.2566,-0.4173,-0.2197,5,-1.2043,False,False,False,False,measured
17101880900,Lawrence County,,rural,914,False,-3.336,52833,2.533,15.674,32.0,-0.3368,-0.1276,-0.2064,-0.3766,-0.1848,5,-1.2322,False,False,False,False,measured
17109010900,McDonough County,"Macomb, IL",micro,1233,False,-0.48,43585,1.297,16.371,31.0,-0.0978,-0.1644,-0.374,-0.4093,-0.1887,5,-1.2342,False,False,False,False,measured
17101881000,Lawrence County,,rural,725,False,-2.893,50804,2.533,16.231,28.0,-0.2997,-0.1357,-0.2064,-0.4027,-0.2003,5,-1.2447,True,False,False,False,measured
17001010301,Adams County,"Quincy, IL-MO",micro,1009,False,1.053,91378,4.451,32.468,24.0,0.0304,0.0257,0.0535,-1.1631,-0.2158,5,-1.2693,True,False,False,False,measured
55037190101,Florence County,"Iron Mountain, MI-WI",micro,564,True,2.435,57083,-1.965,13.937,29.0,0.146,-0.1107,-0.8161,-0.2953,-0.1964,5,-1.2725,True,False,False,False,measured
17109011000,McDonough County,"Macomb, IL",micro,979,False,-0.99,60972,1.297,17.696,27.0,-0.1405,-0.0952,-0.374,-0.4713,-0.2042,5,-1.2852,False,False,False,False,measured
55101001001,Racine County,"Racine-Mount Pleasant, WI",metro,1069,True,-2.023,37554,-1.776,6.36,33.0,-0.2269,-0.1884,-0.7904,0.0596,-0.1809,5,-1.327,False,False,False,True,measured
17163502200,St. Clair County,"St. Louis, MO-IL",metro,339,True,-16.582,31797,6.452,1.947,1.0,-1.4447,-0.2113,0.3247,0.2663,-0.3048,5,-1.3699,False,False,False,False,measured
17115003100,Macon County,"Decatur, IL",metro,454,True,-8.374,26786,3.438,7.71,1.0,-0.7581,-0.2312,-0.0838,-0.0037,-0.3048,5,-1.3816,False,False,False,False,measured
17019010702,Champaign County,"Champaign-Urbana, IL",metro,1422,False,-12.822,109906,3.725,13.717,69.0,-1.1303,0.0994,-0.0448,-0.285,-0.0416,5,-1.4022,False,False,False,False,measured
17071973500,Henderson County,"Burlington, IA-IL",micro,1043,False,-0.878,54784,3.396,25.907,20.0,-0.1312,-0.1198,-0.0895,-0.8559,-0.2313,5,-1.4276,False,False,False,False,measured
17149952800,Pike County,,rural,692,False,-4.366,52143,3.098,18.603,9.0,-0.4229,-0.1303,-0.1299,-0.5138,-0.2739,5,-1.4707,False,False,False,False,measured
17101880700,Lawrence County,,rural,1168,False,-6.751,65761,2.533,14.98,21.0,-0.6224,-0.0762,-0.2064,-0.3441,-0.2274,5,-1.4765,True,False,False,False,measured
17149952600,Pike County,,rural,997,False,-3.351,72708,3.098,23.47,18.0,-0.338,-0.0485,-0.1299,-0.7418,-0.239,5,-1.4972,True,False,False,False,measured
55117010100,Sheboygan County,"Sheboygan, WI",metro,567,False,-1.354,79896,5.146,35.273,31.0,-0.171,-0.0199,0.1477,-1.2945,-0.1887,5,-1.5264,False,False,False,False,measured
17177000700,Stephenson County,"Freeport, IL",micro,517,True,-8.857,37426,3.256,11.825,19.0,-0.7986,-0.1889,-0.1084,-0.1964,-0.2351,5,-1.5273,False,False,False,False,measured
17149952400,Pike County,,rural,1230,False,-2.115,53409,3.098,24.803,10.0,-0.2346,-0.1253,-0.1299,-0.8041,-0.27,5,-1.5639,False,False,False,False,measured
17053961900,Ford County,"Champaign-Urbana, IL",metro,694,False,-3.822,78750,4.009,28.818,35.0,-0.3774,-0.0245,-0.0063,-0.9922,-0.1732,5,-1.5737,True,False,False,False,measured
17001010200,Adams County,"Quincy, IL-MO",micro,1536,False,2.275,66007,4.451,45.573,39.0,0.1326,-0.0752,0.0535,-1.7769,-0.1577,5,-1.8237,False,False,False,False,measured
55037190102,Florence County,"Iron Mountain, MI-WI",micro,762,False,2.435,58846,-1.965,30.619,39.0,0.146,-0.1037,-0.8161,-1.0765,-0.1577,5,-2.008,True,False,False,False,measured
17105961000,Livingston County,"Pontiac, IL",micro,956,False,0.341,90625,4.182,50.821,67.0,-0.0292,0.0227,0.0171,-2.0227,-0.0493,5,-2.0614,False,False,False,False,measured
17037001004,DeKalb County,"Chicago-Naperville-Elgin, IL-IN",metro,667,False,-20.671,76250,2.663,10.734,43.0,-1.7868,-0.0344,-0.1889,-0.1453,-0.1422,5,-2.2976,False,False,False,False,measured
55093960600,Pierce County,"Minneapolis-St. Paul-Bloomington, MN-WI",metro,1838,False,,103500,5.579,0.0,94.0,,0.074,0.2063,0.3574,0.0552,4,,True,False,False,False,measured
55071990000,Manitowoc County,"Manitowoc, WI",micro,0,,,,-0.096,10.06,,,,-0.5627,-0.1137,,2,,True,True,True,False,measured
17031340600,Cook County,"Chicago-Naperville-Elgin, IL-IN",metro,486,True,1.509,21279,3.233,5.181,,0.0685,-0.2531,-0.1116,0.1148,,4,,True,False,False,True,measured
17031350100,Cook County,"Chicago-Naperville-Elgin, IL-IN",metro,1491,True,-0.45,58295,3.233,10.42,,-0.0953,-0.1059,-0.1116,-0.1305,,4,,False,False,False,True,measured
17031350400,Cook County,"Chicago-Naperville-Elgin, IL-IN",metro,632,,-1.22,20515,3.233,9.867,,-0.1597,-0.2561,-0.1116,-0.1046,,4,,False,True,True,True,measured
17031381700,Cook County,"Chicago-Naperville-Elgin, IL-IN",metro,0,,,,3.233,3.856,,,,-0.1116,0.1769,,2,,True,True,True,True,measured
17031980000,Cook County,"Chicago-Naperville-Elgin, IL-IN",metro,0,,,,3.233,5.051,,,,-0.1116,0.1209,,2,,True,True,True,True,measured
17031980100,Cook County,"Chicago-Naperville-Elgin, IL-IN",metro,0,,,,3.233,4.69,,,,-0.1116,0.1378,,2,,True,True,True,True,measured
17031990000,Cook County,"Chicago-Naperville-Elgin, IL-IN",metro,0,,,,3.233,,,,,-0.1116,,,1,,True,True,True,True,measured
17097863003,Lake County,"Chicago-Naperville-Elgin, IL-IN",metro,21,,-10.219,,2.585,5.131,,-0.9125,,-0.1993,0.1172,,3,,False,True,True,True,measured
55111000602,Sauk County,"Baraboo, WI",micro,785,False,,93942,6.347,7.003,63.0,,0.0359,0.3105,0.0295,-0.0648,4,,True,False,False,False,measured
17097863006,Lake County,"Chicago-Naperville-Elgin, IL-IN",metro,0,,,,2.585,6.834,,,,-0.1993,0.0374,,2,,True,True,True,True,measured
17097990000,Lake County,"Chicago-Naperville-Elgin, IL-IN",metro,0,,,,2.585,,,,,-0.1993,,,1,,True,True,True,True,measured
17109980000,McDonough County,"Macomb, IL",micro,30,,,10625,1.297,14.339,,,-0.2955,-0.374,-0.3141,,3,,True,True,True,False,measured
17163503800,St. Clair County,"St. Louis, MO-IL",metro,428,False,7.499,168700,6.452,2.522,,0.5696,0.3333,0.3247,0.2393,,4,,False,False,False,False,measured
17197980000,Will County,"Chicago-Naperville-Elgin, IL-IN",metro,0,,,,4.616,,,,,0.0758,,,1,,True,True,True,False,measured
17197980100,Will County,"Chicago-Naperville-Elgin, IL-IN",metro,8,,,,4.616,4.472,,,,0.0758,0.148,,2,,True,True,True,False,measured
17201980000,Winnebago County,"Rockford, IL",metro,5,,,,5.151,3.776,,,,0.1484,0.1806,,2,,True,True,True,False,measured
55003990000,Ashland County,,rural,0,,,,5.723,0.0,,,,0.2259,0.3574,,2,,True,True,True,False,measured
55007990000,Bayfield County,,rural,0,,,,5.636,4.472,,,,0.2142,0.148,,2,,True,True,True,False,measured
55009980000,Brown County,"Green Bay, WI",metro,0,,,,2.607,9.041,,,,-0.1964,-0.066,,2,,True,True,True,True,measured
55025991702,Dane County,"Madison, WI",metro,0,,,,2.659,3.386,,,,-0.1893,0.1989,,2,,True,True,True,False,measured
55025991703,Dane County,"Madison, WI",metro,0,,,,2.659,3.153,,,,-0.1893,0.2098,,2,,True,True,True,False,measured
55029990000,Door County,,rural,0,,,,7.5,,,,,0.4667,,,1,,True,True,True,False,measured
55031990000,Douglas County,"Duluth, MN-WI",metro,0,,,,8.741,,,,,0.635,,,1,,True,True,True,False,measured
55051990000,Iron County,,rural,0,,,,6.411,8.958,,,,0.3192,-0.0621,,2,,True,True,True,False,measured
55059990000,Kenosha County,"Kenosha, WI",metro,0,,,,4.613,,,,,0.0754,,,1,,True,True,True,False,measured
55061990000,Kewaunee County,"Green Bay, WI",metro,0,,,,6.208,,,,,0.2917,,,1,,True,True,True,False,measured
55117990000,Sheboygan County,"Sheboygan, WI",metro,0,,,,5.146,,,,,0.1477,,,1,,True,True,True,False,measured
55079186400,Milwaukee County,"Milwaukee-Waukesha, WI",metro,240,,-3.596,12130,2.576,4.638,,-0.3585,-0.2895,-0.2006,0.1403,,4,,False,True,True,True,measured
55079980000,Milwaukee County,"Milwaukee-Waukesha, WI",metro,0,,,,2.576,6.88,,,,-0.2006,0.0352,,2,,True,True,True,True,measured
55079990000,Milwaukee County,"Milwaukee-Waukesha, WI",metro,0,,,,2.576,,,,,-0.2006,,,1,,True,True,True,True,measured
55083990000,Oconto County,"Green Bay, WI",metro,0,,,,3.242,,,,,-0.1104,,,1,,True,True,True,False,measured
55089990000,Ozaukee County,"Milwaukee-Waukesha, WI",metro,0,,,,2.924,,,,,-0.1535,,,1,,True,True,True,False,measured
55101980000,Racine County,"Racine-Mount Pleasant, WI",metro,11,False,,110781,-1.776,5.821,,,0.1029,-0.7904,0.0848,,3,,True,True,False,True,measured
55101990000,Racine County,"Racine-Mount Pleasant, WI",metro,0,,,,-1.776,,,,,-0.7904,,,1,,True,True,True,True,measured
17097863005,Lake County,"Chicago-Naperville-Elgin, IL-IN",metro,0,,,,2.585,5.324,,,,-0.1993,0.1081,,2,,True,True,True,True,measured
17097863004,Lake County,"Chicago-Naperville-Elgin, IL-IN",metro,1741,True,-0.056,51513,2.585,5.06,,-0.0624,-0.1328,-0.1993,0.1205,,4,,False,False,False,True,measured
17113000106,McLean County,"Bloomington, IL",metro,1464,False,1.687,,6.799,8.106,31.0,0.0834,,0.3718,-0.0222,-0.1887,4,,True,False,False,True,measured
17115000501,Macon County,"Decatur, IL",metro,441,True,1.869,,3.438,8.811,10.0,0.0986,,-0.0838,-0.0552,-0.27,4,,True,True,False,False,measured
17161021300,Rock Island County,"Davenport-Moline-Rock Island, IA-IL",metro,2223,False,-0.034,,5.221,8.241,81.0,-0.0605,,0.1578,-0.0285,0.0049,4,,False,False,False,False,measured
17163500400,St. Clair County,"St. Louis, MO-IL",metro,641,True,-11.14,24008,6.452,2.915,,-0.9896,-0.2422,0.3247,0.2209,,4,,False,False,False,False,measured
17163500900,St. Clair County,"St. Louis, MO-IL",metro,1188,True,-6.449,,6.452,3.252,7.0,-0.5972,,0.3247,0.2052,-0.2816,4,,False,True,False,False,measured
17163502401,St. Clair County,"St. Louis, MO-IL",metro,134,True,-26.786,43553,6.452,3.714,,-2.2983,-0.1645,0.3247,0.1835,,4,,False,True,False,False,measured
17163504502,St. Clair County,"St. Louis, MO-IL",metro,477,True,-6.726,16487,6.452,4.916,,-0.6203,-0.2722,0.3247,0.1272,,4,,True,True,False,False,measured
17163504600,St. Clair County,"St. Louis, MO-IL",metro,650,True,-5.602,26857,6.452,3.338,,-0.5263,-0.2309,0.3247,0.2011,,4,,False,False,False,False,measured
55075990000,Marinette County,"Marinette, WI-MI",micro,0,True,,,6.165,6.672,1.0,,,0.2858,0.045,-0.3048,3,,True,True,False,False,measured
55078940101,Menominee County,"Shawano, WI",micro,405,True,-0.328,48920,,6.072,,-0.0851,-0.1431,,0.0731,,3,,False,False,False,False,no_2019_retail_base
55078940103,Menominee County,"Shawano, WI",micro,400,True,-15.942,61050,,14.235,10.0,-1.3912,-0.0949,,-0.3092,-0.27,4,,False,False,False,False,no_2019_retail_base
55078940104,Menominee County,"Shawano, WI",micro,600,False,0.1,75962,,8.477,60.0,-0.0493,-0.0356,,-0.0395,-0.0764,4,,True,False,False,False,no_2019_retail_base
55079008700,Milwaukee County,"Milwaukee-Waukesha, WI",metro,323,True,-4.09,,2.576,4.657,16.0,-0.3998,,-0.2006,0.1393,-0.2468,4,,False,False,False,True,measured
55079012300,Milwaukee County,"Milwaukee-Waukesha, WI",metro,441,True,-2.751,,2.576,5.326,9.0,-0.2878,,-0.2006,0.108,-0.2739,4,,False,False,False,True,measured
17003957900,Alexander County,"Cape Girardeau, MO-IL",metro,305,True,-7.644,27021,4.292,65.574,,-0.6971,-0.2303,0.032,-2.7136,,4,,False,False,False,False,measured
17019006000,Champaign County,"Champaign-Urbana, IL",metro,608,True,-4.565,30163,3.725,10.821,,-0.4395,-0.2178,-0.0448,-0.1494,,4,,True,False,False,False,measured
17031250600,Cook County,"Chicago-Naperville-Elgin, IL-IN",metro,1326,True,0.335,,3.233,3.772,44.0,-0.0297,,-0.1116,0.1808,-0.1384,4,,False,False,False,True,measured
17031260300,Cook County,"Chicago-Naperville-Elgin, IL-IN",metro,518,True,-1.757,,3.233,3.808,8.0,-0.2047,,-0.1116,0.1791,-0.2777,4,,False,False,False,True,measured
17031260400,Cook County,"Chicago-Naperville-Elgin, IL-IN",metro,526,True,5.264,,3.233,3.645,5.0,0.3826,,-0.1116,0.1867,-0.2893,4,,False,True,False,True,measured
17031283100,Cook County,"Chicago-Naperville-Elgin, IL-IN",metro,1471,True,5.521,,3.233,9.012,13.0,0.4041,,-0.1116,-0.0646,-0.2584,4,,False,True,False,True,measured
17031291200,Cook County,"Chicago-Naperville-Elgin, IL-IN",metro,728,True,-0.935,,3.233,4.688,24.0,-0.1359,,-0.1116,0.1379,-0.2158,4,,False,False,False,True,measured
17031351400,Cook County,"Chicago-Naperville-Elgin, IL-IN",metro,749,True,-0.985,,3.233,4.863,10.0,-0.1401,,-0.1116,0.1297,-0.27,4,,False,False,False,True,measured
17031390300,Cook County,"Chicago-Naperville-Elgin, IL-IN",metro,1440,True,-1.334,,3.233,4.015,32.0,-0.1693,,-0.1116,0.1694,-0.1848,4,,False,False,False,True,measured
17031420100,Cook County,"Chicago-Naperville-Elgin, IL-IN",metro,786,True,0.386,,3.233,1.951,6.0,-0.0254,,-0.1116,0.2661,-0.2855,4,,False,False,False,True,measured
17031570200,Cook County,"Chicago-Naperville-Elgin, IL-IN",metro,824,False,5.684,,3.233,5.742,21.0,0.4177,,-0.1116,0.0885,-0.2274,4,,False,False,False,True,measured
17031611200,Cook County,"Chicago-Naperville-Elgin, IL-IN",metro,795,True,0.433,,3.233,4.254,17.0,-0.0215,,-0.1116,0.1582,-0.2429,4,,False,False,False,True,measured
17031611700,Cook County,"Chicago-Naperville-Elgin, IL-IN",metro,800,True,5.997,,3.233,4.008,17.0,0.444,,-0.1116,0.1697,-0.2429,4,,False,False,False,True,measured
17031671400,Cook County,"Chicago-Naperville-Elgin, IL-IN",metro,529,True,2.22,,3.233,3.497,19.0,0.128,,-0.1116,0.1937,-0.2351,4,,False,True,False,True,measured
17031806005,Cook County,"Chicago-Naperville-Elgin, IL-IN",metro,981,False,-1.128,,3.233,9.096,18.0,-0.1521,,-0.1116,-0.0686,-0.239,4,,True,True,False,True,measured
17031829000,Cook County,"Chicago-Naperville-Elgin, IL-IN",metro,343,True,-4.047,,3.233,5.135,7.0,-0.3963,,-0.1116,0.117,-0.2816,4,,False,False,False,True,measured
17031831400,Cook County,"Chicago-Naperville-Elgin, IL-IN",metro,1138,True,2.254,,3.233,4.318,30.0,0.1308,,-0.1116,0.1552,-0.1926,4,,False,False,False,True,measured
17031834500,Cook County,"Chicago-Naperville-Elgin, IL-IN",metro,549,True,3.2,,3.233,2.851,15.0,0.21,,-0.1116,0.2239,-0.2506,4,,False,False,False,True,measured
17031836900,Cook County,"Chicago-Naperville-Elgin, IL-IN",metro,625,True,4.522,,3.233,5.209,15.0,0.3206,,-0.1116,0.1135,-0.2506,4,,False,False,False,True,measured
17031838000,Cook County,"Chicago-Naperville-Elgin, IL-IN",metro,1531,True,4.94,,3.233,8.989,75.0,0.3555,,-0.1116,-0.0635,-0.0183,4,,False,False,False,True,measured
17087980000,Johnson County,,rural,5,True,,,5.404,8.874,3.0,,,0.1827,-0.0581,-0.2971,3,,True,True,False,False,measured
17093890701,Kendall County,"Chicago-Naperville-Elgin, IL-IN",metro,1634,False,,119844,10.204,4.724,102.0,,0.139,0.8332,0.1362,0.0862,4,,True,False,False,False,measured
