tract_geoid,county_name,state,tier,households,median_family_income,lmi_flag,lmi_basis,all_applications,all_originations,subject_originations,unmet_originations,all_origination_amt,capture_rate_pct,outside_footprint,basis_absolute,basis_per_household,basis_per_application,basis_uncaptured_apps,opportunity_type,lmi_undetermined,tract_partly_unmeasured
55025013202,Dane County,WI,metro,3198,142273,False,ffiec_ratio,589.0,453.0,7.0,446.0,163095000.0,1.545,True,446.0,0.13946,0.75722,579.9,siting - outside the footprint,False,False
17093890402,Kendall County,IL,metro,3738,149013,False,ffiec_ratio,635.0,412.0,0.0,412.0,116210000.0,0.0,True,412.0,0.11022,0.64882,635.0,siting - outside the footprint,False,False
17089850707,Kane County,IL,metro,3571,136769,False,ffiec_ratio,607.0,403.0,0.0,403.0,117105000.0,0.0,False,403.0,0.11285,0.66392,607.0,"conversion - present, capturing none",False,False
17093890105,Kendall County,IL,metro,2700,133125,False,ffiec_ratio,622.0,392.0,1.0,391.0,132040000.0,0.255,True,391.0,0.14481,0.62862,620.41,siting - outside the footprint,False,False
17197880314,Will County,IL,metro,2075,180855,False,ffiec_ratio,593.0,366.0,0.0,366.0,141670000.0,0.0,True,366.0,0.17639,0.6172,593.0,siting - outside the footprint,False,False
55087013300,Outagamie County,WI,metro,3889,120795,False,ffiec_ratio,497.0,381.0,16.0,365.0,139305000.0,4.199,False,365.0,0.09385,0.73441,476.13,"conversion - present, under-capturing",False,False
17089850706,Kane County,IL,metro,898,132438,True,ffiec_ratio,491.0,350.0,0.0,350.0,107540000.0,0.0,True,350.0,0.38976,0.71283,491.0,siting - outside the footprint,False,False
17111871502,McHenry County,IL,metro,2829,137679,False,ffiec_ratio,538.0,351.0,1.0,350.0,101285000.0,0.285,True,350.0,0.12372,0.65056,536.47,siting - outside the footprint,False,False
55133203406,Waukesha County,WI,metro,2558,147932,False,ffiec_ratio,487.0,362.0,13.0,349.0,134370000.0,3.591,False,349.0,0.13643,0.71663,469.51,"conversion - present, under-capturing",False,False
55025010702,Dane County,WI,metro,5169,160787,False,ffiec_ratio,434.0,335.0,5.0,330.0,166525000.0,1.493,False,330.0,0.06384,0.76037,427.52,"conversion - present, under-capturing",False,False
17163503404,St. Clair County,IL,metro,2855,174113,False,ffiec_ratio,518.0,333.0,4.0,329.0,115275000.0,1.201,False,329.0,0.11524,0.63514,511.78,"conversion - present, under-capturing",False,False
17119403533,Madison County,IL,metro,4518,130188,False,ffiec_ratio,462.0,318.0,1.0,317.0,78820000.0,0.314,False,317.0,0.07016,0.68615,460.55,"conversion - present, under-capturing",False,False
55133200300,Waukesha County,WI,metro,2442,149922,False,ffiec_ratio,481.0,329.0,14.0,315.0,131055000.0,4.255,False,315.0,0.12899,0.65489,460.53,"conversion - present, under-capturing",False,False
55025011301,Dane County,WI,metro,2982,134485,False,ffiec_ratio,415.0,314.0,2.0,312.0,93800000.0,0.637,False,312.0,0.10463,0.75181,412.36,"conversion - present, under-capturing",False,False
55025012501,Dane County,WI,metro,3014,113644,False,ffiec_ratio,410.0,312.0,3.0,309.0,80170000.0,0.962,True,309.0,0.10252,0.75366,406.06,siting - outside the footprint,False,False
17197880317,Will County,IL,metro,2146,210089,False,ffiec_ratio,526.0,306.0,0.0,306.0,139800000.0,0.0,True,306.0,0.14259,0.58175,526.0,siting - outside the footprint,False,False
17197880318,Will County,IL,metro,1212,213365,False,ffiec_ratio,528.0,306.0,0.0,306.0,192180000.0,0.0,True,306.0,0.25248,0.57955,528.0,siting - outside the footprint,False,False
17097860906,Lake County,IL,metro,3864,145287,False,ffiec_ratio,494.0,301.0,1.0,300.0,67595000.0,0.332,True,300.0,0.07764,0.60729,492.36,siting - outside the footprint,False,False
17031081800,Cook County,IL,metro,8462,196216,False,ffiec_ratio,498.0,300.0,0.0,300.0,127500000.0,0.0,False,300.0,0.03545,0.60241,498.0,"conversion - present, capturing none",False,False
17089851907,Kane County,IL,metro,3191,135652,False,ffiec_ratio,446.0,298.0,4.0,294.0,75750000.0,1.342,False,294.0,0.09213,0.65919,440.01,"conversion - present, under-capturing",False,False
55133204301,Waukesha County,WI,metro,2911,146667,False,ffiec_ratio,393.0,292.0,5.0,287.0,91500000.0,1.712,False,287.0,0.09859,0.73028,386.27,"conversion - present, under-capturing",False,False
55025011900,Dane County,WI,metro,2672,110037,False,ffiec_ratio,393.0,282.0,1.0,281.0,64070000.0,0.355,True,281.0,0.10516,0.71501,391.6,siting - outside the footprint,False,False
55009020504,Brown County,WI,metro,2745,149769,False,ffiec_ratio,388.0,292.0,12.0,280.0,81810000.0,4.11,False,280.0,0.102,0.72165,372.05,"conversion - present, under-capturing",False,False
17093890107,Kendall County,IL,metro,1580,139583,False,ffiec_ratio,443.0,281.0,2.0,279.0,134065000.0,0.712,True,279.0,0.17658,0.6298,439.85,siting - outside the footprint,False,False
55025010600,Dane County,WI,metro,2548,142526,False,ffiec_ratio,367.0,275.0,7.0,268.0,87825000.0,2.545,True,268.0,0.10518,0.73025,357.66,siting - outside the footprint,False,False
55105003002,Rock County,WI,metro,2296,113589,False,ffiec_ratio,362.0,272.0,5.0,267.0,57580000.0,1.838,True,267.0,0.11629,0.73757,355.35,siting - outside the footprint,False,False
17089850705,Kane County,IL,metro,3150,98125,False,ffiec_ratio,404.0,271.0,4.0,267.0,66835000.0,1.476,True,267.0,0.08476,0.66089,398.04,siting - outside the footprint,False,False
55109120401,St. Croix County,WI,metro,2918,130165,False,ffiec_ratio,384.0,272.0,6.0,266.0,96810000.0,2.206,True,266.0,0.09116,0.69271,375.53,siting - outside the footprint,False,False
17111870809,McHenry County,IL,metro,2843,133311,False,ffiec_ratio,425.0,267.0,1.0,266.0,115915000.0,0.375,True,266.0,0.09356,0.62588,423.41,siting - outside the footprint,False,False
17093890404,Kendall County,IL,metro,3220,115152,False,ffiec_ratio,443.0,266.0,0.0,266.0,53850000.0,0.0,True,266.0,0.08261,0.60045,443.0,siting - outside the footprint,False,False
55063010202,La Crosse County,WI,metro,3362,126316,False,ffiec_ratio,348.0,279.0,14.0,265.0,78845000.0,5.018,False,265.0,0.07882,0.76149,330.54,"conversion - present, under-capturing",False,False
17197883505,Will County,IL,metro,2820,168248,False,ffiec_ratio,452.0,267.0,2.0,265.0,91165000.0,0.749,True,265.0,0.09397,0.58628,448.61,siting - outside the footprint,False,False
17197883510,Will County,IL,metro,2453,170517,False,ffiec_ratio,416.0,266.0,1.0,265.0,76020000.0,0.376,True,265.0,0.10803,0.63702,414.44,siting - outside the footprint,False,False
55025012800,Dane County,WI,metro,3107,124912,False,ffiec_ratio,322.0,268.0,3.0,265.0,69950000.0,1.119,True,265.0,0.08529,0.82298,318.4,siting - outside the footprint,False,False
17111870501,McHenry County,IL,metro,1628,111146,False,ffiec_ratio,401.0,265.0,1.0,264.0,69665000.0,0.377,True,264.0,0.16216,0.65835,399.49,siting - outside the footprint,False,False
55025012502,Dane County,WI,metro,2288,151960,False,ffiec_ratio,343.0,269.0,5.0,264.0,82815000.0,1.859,True,264.0,0.11538,0.76968,336.62,siting - outside the footprint,False,False
17093890702,Kendall County,IL,metro,1710,146987,False,ffiec_ratio,416.0,264.0,0.0,264.0,130230000.0,0.0,True,264.0,0.15439,0.63462,416.0,siting - outside the footprint,False,False
17197880320,Will County,IL,metro,1004,156090,False,ffiec_ratio,395.0,263.0,0.0,263.0,117555000.0,0.0,True,263.0,0.26195,0.66582,395.0,siting - outside the footprint,False,False
55139002300,Winnebago County,WI,metro,2507,130213,False,ffiec_ratio,343.0,275.0,13.0,262.0,110045000.0,4.727,False,262.0,0.10451,0.76385,326.79,"conversion - present, under-capturing",False,False
17063000103,Grundy County,IL,metro,2666,125469,False,ffiec_ratio,389.0,259.0,0.0,259.0,63635000.0,0.0,True,259.0,0.09715,0.66581,389.0,siting - outside the footprint,False,False
17197880421,Will County,IL,metro,2082,148814,False,ffiec_ratio,440.0,258.0,1.0,257.0,87700000.0,0.388,True,257.0,0.12344,0.58409,438.29,siting - outside the footprint,False,False
17031833100,Cook County,IL,metro,5528,233731,False,ffiec_ratio,427.0,257.0,0.0,257.0,155985000.0,0.0,False,257.0,0.04649,0.60187,427.0,"conversion - present, capturing none",False,False
55025012003,Dane County,WI,metro,2896,154274,False,ffiec_ratio,348.0,263.0,6.0,257.0,66145000.0,2.281,True,257.0,0.08874,0.73851,340.06,siting - outside the footprint,False,False
55025010905,Dane County,WI,metro,3583,154079,False,ffiec_ratio,331.0,263.0,6.0,257.0,90405000.0,2.281,False,257.0,0.07173,0.77644,323.45,"conversion - present, under-capturing",False,False
17089854800,Kane County,IL,metro,2697,206081,False,ffiec_ratio,396.0,257.0,1.0,256.0,104445000.0,0.389,True,256.0,0.09492,0.64646,394.46,siting - outside the footprint,False,False
17197880424,Will County,IL,metro,1309,174896,False,ffiec_ratio,399.0,252.0,0.0,252.0,84830000.0,0.0,True,252.0,0.19251,0.63158,399.0,siting - outside the footprint,False,False
55025011404,Dane County,WI,metro,3006,142543,False,ffiec_ratio,345.0,254.0,3.0,251.0,67710000.0,1.181,False,251.0,0.0835,0.72754,340.93,"conversion - present, under-capturing",False,False
55025011600,Dane County,WI,metro,3136,112449,False,ffiec_ratio,369.0,258.0,7.0,251.0,56450000.0,2.713,True,251.0,0.08004,0.68022,358.99,siting - outside the footprint,False,False
55117010700,Sheboygan County,WI,metro,3701,119712,False,ffiec_ratio,342.0,258.0,7.0,251.0,123300000.0,2.713,False,251.0,0.06782,0.73392,332.72,"conversion - present, under-capturing",False,False
55109121000,St. Croix County,WI,metro,2968,122500,False,ffiec_ratio,396.0,265.0,14.0,251.0,70875000.0,5.283,True,251.0,0.08457,0.63384,375.08,siting - outside the footprint,False,False
17119403121,Madison County,IL,metro,3971,137833,False,ffiec_ratio,362.0,250.0,2.0,248.0,56860000.0,0.8,False,248.0,0.06245,0.68508,359.1,"conversion - present, under-capturing",False,False
17093890703,Kendall County,IL,metro,2766,121976,False,ffiec_ratio,401.0,246.0,0.0,246.0,61980000.0,0.0,True,246.0,0.08894,0.61347,401.0,siting - outside the footprint,False,False
55015020306,Calumet County,WI,metro,2834,114375,False,ffiec_ratio,348.0,260.0,15.0,245.0,63500000.0,5.769,True,245.0,0.08645,0.70402,327.92,siting - outside the footprint,False,False
55025013700,Dane County,WI,metro,3739,156047,False,ffiec_ratio,304.0,243.0,1.0,242.0,76695000.0,0.412,True,242.0,0.06472,0.79605,302.75,siting - outside the footprint,False,False
55109120502,St. Croix County,WI,metro,2705,114635,False,ffiec_ratio,343.0,240.0,2.0,238.0,59710000.0,0.833,True,238.0,0.08799,0.69388,340.14,siting - outside the footprint,False,False
55025012300,Dane County,WI,metro,2133,107024,False,ffiec_ratio,311.0,241.0,3.0,238.0,56535000.0,1.245,False,238.0,0.11158,0.76527,307.13,"conversion - present, under-capturing",False,False
17119403531,Madison County,IL,metro,3134,131773,False,ffiec_ratio,344.0,237.0,0.0,237.0,52185000.0,0.0,True,237.0,0.07562,0.68895,344.0,siting - outside the footprint,False,False
55131460101,Washington County,WI,metro,2249,186225,False,ffiec_ratio,336.0,240.0,4.0,236.0,77160000.0,1.667,True,236.0,0.10494,0.70238,330.4,siting - outside the footprint,False,False
55133200400,Waukesha County,WI,metro,2571,161750,False,ffiec_ratio,349.0,243.0,7.0,236.0,74675000.0,2.881,False,236.0,0.09179,0.67622,338.95,"conversion - present, under-capturing",False,False
55025011506,Dane County,WI,metro,3396,91354,True,ffiec_ratio,327.0,238.0,3.0,235.0,77260000.0,1.261,False,235.0,0.0692,0.71865,322.88,"conversion - present, under-capturing",False,False
55025011507,Dane County,WI,metro,2241,131705,False,ffiec_ratio,309.0,237.0,2.0,235.0,71055000.0,0.844,False,235.0,0.10486,0.76052,306.39,"conversion - present, under-capturing",False,False
55133201900,Waukesha County,WI,metro,2374,161250,False,ffiec_ratio,325.0,240.0,6.0,234.0,76540000.0,2.5,False,234.0,0.09857,0.72,316.88,"conversion - present, under-capturing",False,False
55087012800,Outagamie County,WI,metro,3100,99330,False,ffiec_ratio,338.0,241.0,9.0,232.0,54755000.0,3.734,False,232.0,0.07484,0.68639,325.38,"conversion - present, under-capturing",False,False
17143003900,Peoria County,IL,metro,3208,170811,False,ffiec_ratio,331.0,232.0,0.0,232.0,66010000.0,0.0,True,232.0,0.07232,0.70091,331.0,siting - outside the footprint,False,False
55105002902,Rock County,WI,metro,2288,104063,False,ffiec_ratio,305.0,232.0,4.0,228.0,42730000.0,1.724,True,228.0,0.09965,0.74754,299.74,siting - outside the footprint,False,False
17111871107,McHenry County,IL,metro,1777,170714,False,ffiec_ratio,359.0,229.0,1.0,228.0,78445000.0,0.437,True,228.0,0.12831,0.6351,357.43,siting - outside the footprint,False,False
55035000302,Eau Claire County,WI,metro,3871,123153,False,ffiec_ratio,315.0,234.0,6.0,228.0,123390000.0,2.564,True,228.0,0.0589,0.72381,306.92,siting - outside the footprint,False,False
55025011202,Dane County,WI,metro,2465,153462,False,ffiec_ratio,312.0,235.0,7.0,228.0,110095000.0,2.979,False,228.0,0.09249,0.73077,302.71,"conversion - present, under-capturing",False,False
17097864110,Lake County,IL,metro,3101,116875,True,ffiec_ratio,401.0,228.0,0.0,228.0,76910000.0,0.0,True,228.0,0.07352,0.56858,401.0,siting - outside the footprint,False,False
55009020702,Brown County,WI,metro,2635,139609,False,ffiec_ratio,326.0,252.0,25.0,227.0,93600000.0,9.921,True,227.0,0.08615,0.69632,293.66,siting - outside the footprint,False,False
17031330102,Cook County,IL,metro,6904,188080,False,ffiec_ratio,363.0,227.0,0.0,227.0,77345000.0,0.0,False,227.0,0.03288,0.62534,363.0,"conversion - present, capturing none",False,False
17089854504,Kane County,IL,metro,3126,155769,False,ffiec_ratio,320.0,229.0,2.0,227.0,62345000.0,0.873,True,227.0,0.07262,0.70938,317.21,siting - outside the footprint,False,False
55101001601,Racine County,WI,metro,2556,94708,False,ffiec_ratio,355.0,227.0,1.0,226.0,51765000.0,0.441,True,226.0,0.08842,0.63662,353.43,siting - outside the footprint,False,False
55025010503,Dane County,WI,metro,2027,134848,False,ffiec_ratio,283.0,229.0,3.0,226.0,59145000.0,1.31,True,226.0,0.11149,0.79859,279.29,siting - outside the footprint,False,False
17197881113,Will County,IL,metro,1906,161552,False,ffiec_ratio,299.0,224.0,0.0,224.0,66320000.0,0.0,True,224.0,0.11752,0.74916,299.0,siting - outside the footprint,False,False
55025012400,Dane County,WI,metro,1859,140568,False,ffiec_ratio,303.0,226.0,2.0,224.0,64140000.0,0.885,True,224.0,0.12049,0.73927,300.32,siting - outside the footprint,False,False
17089852808,Kane County,IL,metro,2572,150577,False,ffiec_ratio,311.0,223.0,0.0,223.0,65235000.0,0.0,True,223.0,0.0867,0.71704,311.0,siting - outside the footprint,False,False
55133204100,Waukesha County,WI,metro,2274,154980,False,ffiec_ratio,314.0,234.0,11.0,223.0,93500000.0,4.701,False,223.0,0.09807,0.71019,299.24,"conversion - present, under-capturing",False,False
17097861009,Lake County,IL,metro,1948,154808,False,ffiec_ratio,341.0,223.0,0.0,223.0,57665000.0,0.0,True,223.0,0.11448,0.65396,341.0,siting - outside the footprint,False,False
17093890501,Kendall County,IL,metro,3358,85232,False,ffiec_ratio,379.0,222.0,0.0,222.0,45270000.0,0.0,True,222.0,0.06611,0.58575,379.0,siting - outside the footprint,False,False
55087011600,Outagamie County,WI,metro,3294,92344,False,ffiec_ratio,291.0,226.0,4.0,222.0,46360000.0,1.77,False,222.0,0.0674,0.76289,285.85,"conversion - present, under-capturing",False,False
17111870702,McHenry County,IL,metro,3171,129694,False,ffiec_ratio,354.0,222.0,0.0,222.0,59660000.0,0.0,True,222.0,0.07001,0.62712,354.0,siting - outside the footprint,False,False
17089851801,Kane County,IL,metro,3263,127771,False,ffiec_ratio,386.0,223.0,2.0,221.0,52745000.0,0.897,False,221.0,0.06773,0.57254,382.54,"conversion - present, under-capturing",False,False
17093890602,Kendall County,IL,metro,2055,128523,False,ffiec_ratio,340.0,221.0,1.0,220.0,70175000.0,0.452,True,220.0,0.10706,0.64706,338.46,siting - outside the footprint,False,False
55025010701,Dane County,WI,metro,2967,200489,False,ffiec_ratio,291.0,225.0,6.0,219.0,64175000.0,2.667,False,219.0,0.07381,0.75258,283.24,"conversion - present, under-capturing",False,False
17119403002,Madison County,IL,metro,2794,146825,False,ffiec_ratio,332.0,220.0,1.0,219.0,47390000.0,0.455,True,219.0,0.07838,0.65964,330.49,siting - outside the footprint,False,False
55045960100,Green County,WI,metro,2690,116853,False,ffiec_ratio,305.0,222.0,3.0,219.0,47150000.0,1.351,True,219.0,0.08141,0.71803,300.88,siting - outside the footprint,False,False
55021970600,Columbia County,WI,metro,2012,111875,False,ffiec_ratio,319.0,228.0,9.0,219.0,40330000.0,3.947,False,219.0,0.10885,0.68652,306.41,"conversion - present, under-capturing",False,False
55025010907,Dane County,WI,metro,2262,250001,False,ffiec_ratio,294.0,223.0,5.0,218.0,122335000.0,2.242,True,218.0,0.09637,0.7415,287.41,siting - outside the footprint,False,False
17093890401,Kendall County,IL,metro,2630,109378,False,ffiec_ratio,317.0,218.0,0.0,218.0,50420000.0,0.0,True,218.0,0.08289,0.6877,317.0,siting - outside the footprint,False,False
17089850711,Kane County,IL,metro,1594,180776,False,ffiec_ratio,389.0,218.0,1.0,217.0,80410000.0,0.459,True,217.0,0.13614,0.55784,387.21,siting - outside the footprint,False,False
55087012700,Outagamie County,WI,metro,2630,94813,False,ffiec_ratio,308.0,229.0,12.0,217.0,47445000.0,5.24,False,217.0,0.08251,0.70455,291.86,"conversion - present, under-capturing",False,False
55009020203,Brown County,WI,metro,2525,121488,False,ffiec_ratio,304.0,228.0,12.0,216.0,58000000.0,5.263,False,216.0,0.08554,0.71053,288.0,"conversion - present, under-capturing",False,False
17031824006,Cook County,IL,metro,2048,182295,False,ffiec_ratio,361.0,216.0,1.0,215.0,96280000.0,0.463,True,215.0,0.10498,0.59557,359.33,siting - outside the footprint,False,False
17031804202,Cook County,IL,metro,2774,196835,False,ffiec_ratio,354.0,215.0,0.0,215.0,101425000.0,0.0,True,215.0,0.07751,0.60734,354.0,siting - outside the footprint,False,False
55105003001,Rock County,WI,metro,2149,94068,False,ffiec_ratio,323.0,219.0,5.0,214.0,44325000.0,2.283,True,214.0,0.09958,0.66254,315.63,siting - outside the footprint,False,False
17097864109,Lake County,IL,metro,1980,169407,False,ffiec_ratio,346.0,214.0,0.0,214.0,78150000.0,0.0,True,214.0,0.10808,0.6185,346.0,siting - outside the footprint,False,False
55079150301,Milwaukee County,WI,metro,2386,144115,False,ffiec_ratio,331.0,221.0,8.0,213.0,59155000.0,3.62,False,213.0,0.08927,0.6435,319.02,"conversion - present, under-capturing",False,False
17197881009,Will County,IL,metro,2678,136647,False,ffiec_ratio,360.0,213.0,0.0,213.0,85735000.0,0.0,True,213.0,0.07954,0.59167,360.0,siting - outside the footprint,False,False
55055100500,Jefferson County,WI,micro,2924,116622,False,ffiec_ratio,311.0,213.0,1.0,212.0,49675000.0,0.469,False,212.0,0.0725,0.68167,309.54,"conversion - present, under-capturing",False,False
55101002600,Racine County,WI,metro,2573,140089,False,ffiec_ratio,314.0,217.0,5.0,212.0,52265000.0,2.304,False,212.0,0.08239,0.67516,306.77,"conversion - present, under-capturing",False,False
55025012202,Dane County,WI,metro,2563,105450,False,ffiec_ratio,289.0,217.0,5.0,212.0,49225000.0,2.304,False,212.0,0.08272,0.73356,282.34,"conversion - present, under-capturing",False,False
55105001400,Rock County,WI,metro,2283,90789,False,ffiec_ratio,385.0,214.0,3.0,211.0,33920000.0,1.402,True,211.0,0.09242,0.54805,379.6,siting - outside the footprint,False,False
55045960200,Green County,WI,metro,2298,123203,False,ffiec_ratio,286.0,214.0,3.0,211.0,55250000.0,1.402,True,211.0,0.09182,0.73776,281.99,siting - outside the footprint,False,False
55009020703,Brown County,WI,metro,3161,94839,False,ffiec_ratio,291.0,233.0,23.0,210.0,53015000.0,9.871,False,210.0,0.06643,0.72165,262.28,"conversion - present, under-capturing",False,False
17031820101,Cook County,IL,metro,3219,190917,False,ffiec_ratio,345.0,210.0,0.0,210.0,109630000.0,0.0,True,210.0,0.06524,0.6087,345.0,siting - outside the footprint,False,False
55009021400,Brown County,WI,metro,3336,118459,False,ffiec_ratio,293.0,224.0,14.0,210.0,54500000.0,6.25,True,210.0,0.06295,0.71672,274.69,siting - outside the footprint,False,False
17197880322,Will County,IL,metro,2110,250001,False,ffiec_ratio,356.0,211.0,1.0,210.0,105485000.0,0.474,True,210.0,0.09953,0.58989,354.31,siting - outside the footprint,False,False
55087012000,Outagamie County,WI,metro,2756,121228,False,ffiec_ratio,258.0,214.0,4.0,210.0,41740000.0,1.869,False,210.0,0.0762,0.81395,253.18,"conversion - present, under-capturing",False,False
55009002001,Brown County,WI,metro,3655,96991,False,ffiec_ratio,309.0,224.0,15.0,209.0,45890000.0,6.696,False,209.0,0.05718,0.67638,288.31,"conversion - present, under-capturing",False,False
55021970200,Columbia County,WI,metro,2110,99543,True,ffiec_ratio,301.0,213.0,5.0,208.0,43095000.0,2.347,True,208.0,0.09858,0.69103,293.94,siting - outside the footprint,False,False
17089850106,Kane County,IL,metro,2427,143977,False,ffiec_ratio,312.0,209.0,2.0,207.0,48665000.0,0.957,False,207.0,0.08529,0.66346,309.01,"conversion - present, under-capturing",False,False
17089852101,Kane County,IL,metro,2375,194986,False,ffiec_ratio,326.0,209.0,2.0,207.0,85035000.0,0.957,True,207.0,0.08716,0.63497,322.88,siting - outside the footprint,False,False
55101002800,Racine County,WI,metro,2413,136667,False,ffiec_ratio,296.0,215.0,8.0,207.0,58115000.0,3.721,False,207.0,0.08579,0.69932,284.99,"conversion - present, under-capturing",False,False
17113005401,McLean County,IL,metro,2503,161919,False,ffiec_ratio,281.0,207.0,0.0,207.0,55925000.0,0.0,True,207.0,0.0827,0.73665,281.0,siting - outside the footprint,False,False
55027960100,Dodge County,WI,micro,2655,102328,False,ffiec_ratio,293.0,212.0,6.0,206.0,53480000.0,2.83,True,206.0,0.07759,0.70307,284.71,siting - outside the footprint,False,False
17203030501,Woodford County,IL,metro,2871,146994,False,ffiec_ratio,346.0,206.0,0.0,206.0,44020000.0,0.0,True,206.0,0.07175,0.59538,346.0,siting - outside the footprint,False,False
55025012600,Dane County,WI,metro,1771,109338,False,ffiec_ratio,271.0,205.0,0.0,205.0,50485000.0,0.0,True,205.0,0.11575,0.75646,271.0,siting - outside the footprint,False,False
55025000504,Dane County,WI,metro,3164,123454,False,ffiec_ratio,292.0,209.0,4.0,205.0,84995000.0,1.914,False,205.0,0.06479,0.70205,286.41,"conversion - present, under-capturing",False,False
55105001303,Rock County,WI,metro,1667,130592,False,ffiec_ratio,282.0,211.0,7.0,204.0,54045000.0,3.318,False,204.0,0.12238,0.7234,272.64,"conversion - present, under-capturing",False,False
17089854509,Kane County,IL,metro,2447,154848,False,ffiec_ratio,313.0,204.0,0.0,204.0,50930000.0,0.0,True,204.0,0.08337,0.65176,313.0,siting - outside the footprint,False,False
55093960500,Pierce County,WI,metro,3582,119762,False,ffiec_ratio,293.0,212.0,9.0,203.0,60490000.0,4.245,True,203.0,0.05667,0.69283,280.56,siting - outside the footprint,False,False
55105001201,Rock County,WI,metro,2718,93353,False,ffiec_ratio,267.0,208.0,5.0,203.0,35720000.0,2.404,True,203.0,0.07469,0.7603,260.58,siting - outside the footprint,False,False
17119403701,Madison County,IL,metro,2303,150680,False,ffiec_ratio,305.0,204.0,1.0,203.0,58610000.0,0.49,True,203.0,0.08815,0.66557,303.51,siting - outside the footprint,False,False
17167003100,Sangamon County,IL,metro,3347,149375,False,ffiec_ratio,272.0,203.0,0.0,203.0,49965000.0,0.0,True,203.0,0.06065,0.74632,272.0,siting - outside the footprint,False,False
17037000600,DeKalb County,IL,metro,2379,105921,False,ffiec_ratio,306.0,203.0,0.0,203.0,46745000.0,0.0,True,203.0,0.08533,0.6634,306.0,siting - outside the footprint,False,False
55079150100,Milwaukee County,WI,metro,3676,119548,False,ffiec_ratio,324.0,210.0,8.0,202.0,58240000.0,3.81,False,202.0,0.05495,0.62346,311.66,"conversion - present, under-capturing",False,False
17133600401,Monroe County,IL,metro,3132,130931,False,ffiec_ratio,290.0,204.0,2.0,202.0,50440000.0,0.98,True,202.0,0.0645,0.69655,287.16,siting - outside the footprint,False,False
17163503322,St. Clair County,IL,metro,2708,102787,False,ffiec_ratio,355.0,206.0,4.0,202.0,43070000.0,1.942,False,202.0,0.07459,0.56901,348.11,"conversion - present, under-capturing",False,False
55021970900,Columbia County,WI,metro,2079,139671,False,ffiec_ratio,279.0,212.0,10.0,202.0,57130000.0,4.717,True,202.0,0.09716,0.72401,265.84,siting - outside the footprint,False,False
17089852103,Kane County,IL,metro,2228,210875,False,ffiec_ratio,297.0,202.0,1.0,201.0,84460000.0,0.495,False,201.0,0.09022,0.67677,295.53,"conversion - present, under-capturing",False,False
55117000300,Sheboygan County,WI,metro,2782,79549,False,ffiec_ratio,272.0,210.0,10.0,200.0,33440000.0,4.762,False,200.0,0.07189,0.73529,259.05,"conversion - present, under-capturing",False,False
55109120501,St. Croix County,WI,metro,2560,96563,True,ffiec_ratio,283.0,206.0,6.0,200.0,48030000.0,2.913,True,200.0,0.07813,0.70671,274.76,siting - outside the footprint,False,False
17093890106,Kendall County,IL,metro,1686,131205,False,ffiec_ratio,306.0,200.0,0.0,200.0,76610000.0,0.0,True,200.0,0.11862,0.65359,306.0,siting - outside the footprint,False,False
55025011406,Dane County,WI,metro,2167,135565,False,ffiec_ratio,269.0,201.0,2.0,199.0,62275000.0,0.995,False,199.0,0.09183,0.73978,266.32,"conversion - present, under-capturing",False,False
55017010700,Chippewa County,WI,metro,3753,111399,False,ffiec_ratio,311.0,201.0,3.0,198.0,55155000.0,1.493,True,198.0,0.05276,0.63666,306.36,siting - outside the footprint,False,False
55095960800,Polk County,WI,rural,3039,95034,False,ffiec_ratio,291.0,201.0,3.0,198.0,49745000.0,1.493,True,198.0,0.06515,0.68041,286.66,siting - outside the footprint,False,False
17119402721,Madison County,IL,metro,3310,118119,False,ffiec_ratio,299.0,198.0,1.0,197.0,33240000.0,0.505,True,197.0,0.05952,0.65886,297.49,siting - outside the footprint,False,False
17097864207,Lake County,IL,metro,2552,162798,False,ffiec_ratio,323.0,200.0,3.0,197.0,47120000.0,1.5,True,197.0,0.07719,0.60991,318.15,siting - outside the footprint,False,False
55101001705,Racine County,WI,metro,2266,131080,False,ffiec_ratio,283.0,200.0,3.0,197.0,40200000.0,1.5,False,197.0,0.08694,0.69611,278.76,"conversion - present, under-capturing",False,False
55073001300,Marathon County,WI,metro,2977,109141,False,ffiec_ratio,275.0,201.0,4.0,197.0,43005000.0,1.99,False,197.0,0.06617,0.71636,269.53,"conversion - present, under-capturing",False,False
55079187300,Milwaukee County,WI,metro,2327,147888,False,ffiec_ratio,277.0,200.0,5.0,195.0,47390000.0,2.5,False,195.0,0.0838,0.70397,270.08,"conversion - present, under-capturing",False,False
55025013000,Dane County,WI,metro,1861,131887,False,ffiec_ratio,253.0,195.0,0.0,195.0,48825000.0,0.0,True,195.0,0.10478,0.77075,253.0,siting - outside the footprint,False,False
55083101301,Oconto County,WI,metro,1917,122167,False,ffiec_ratio,258.0,203.0,9.0,194.0,49035000.0,4.433,True,194.0,0.1012,0.75194,246.56,siting - outside the footprint,False,False
55013970400,Burnett County,WI,rural,2119,80263,False,ffiec_ratio,303.0,195.0,1.0,194.0,46465000.0,0.513,True,194.0,0.09155,0.64026,301.45,siting - outside the footprint,False,False
55025003100,Dane County,WI,metro,2498,113958,False,ffiec_ratio,264.0,196.0,2.0,194.0,41930000.0,1.02,False,194.0,0.07766,0.73485,261.31,"conversion - present, under-capturing",False,False
55009010100,Brown County,WI,metro,2709,120302,False,ffiec_ratio,267.0,218.0,24.0,194.0,70370000.0,11.009,False,194.0,0.07161,0.72659,237.61,"conversion - present, under-capturing",False,False
55089640202,Ozaukee County,WI,metro,2668,131013,False,ffiec_ratio,306.0,210.0,16.0,194.0,58760000.0,7.619,False,194.0,0.07271,0.63399,282.69,"conversion - present, under-capturing",False,False
55017010200,Chippewa County,WI,metro,3168,103125,False,ffiec_ratio,286.0,197.0,4.0,193.0,35355000.0,2.03,False,193.0,0.06092,0.67483,280.19,"conversion - present, under-capturing",False,False
17097861106,Lake County,IL,metro,2900,135663,False,ffiec_ratio,313.0,193.0,0.0,193.0,53715000.0,0.0,True,193.0,0.06655,0.61661,313.0,siting - outside the footprint,False,False
17097864407,Lake County,IL,metro,2050,233355,False,ffiec_ratio,325.0,196.0,4.0,192.0,95170000.0,2.041,True,192.0,0.09366,0.59077,318.37,siting - outside the footprint,False,False
55133204202,Waukesha County,WI,metro,1466,144911,False,ffiec_ratio,247.0,197.0,5.0,192.0,56945000.0,2.538,False,192.0,0.13097,0.77733,240.73,"conversion - present, under-capturing",False,False
17031839000,Cook County,IL,metro,6828,170407,False,ffiec_ratio,325.0,192.0,0.0,192.0,142560000.0,0.0,False,192.0,0.02812,0.59077,325.0,"conversion - present, capturing none",False,False
17111871201,McHenry County,IL,metro,2716,126829,False,ffiec_ratio,285.0,193.0,1.0,192.0,76715000.0,0.518,False,192.0,0.07069,0.67368,283.52,"conversion - present, under-capturing",False,False
17031824123,Cook County,IL,metro,2788,106242,False,ffiec_ratio,324.0,192.0,0.0,192.0,39240000.0,0.0,True,192.0,0.06887,0.59259,324.0,siting - outside the footprint,False,False
17119403604,Madison County,IL,metro,3101,101607,False,ffiec_ratio,270.0,192.0,0.0,192.0,33570000.0,0.0,True,192.0,0.06192,0.71111,270.0,siting - outside the footprint,False,False
55025010802,Dane County,WI,metro,2163,170800,False,ffiec_ratio,245.0,192.0,1.0,191.0,80940000.0,0.521,False,191.0,0.0883,0.77959,243.72,"conversion - present, under-capturing",False,False
55105001202,Rock County,WI,metro,2429,115000,False,ffiec_ratio,260.0,195.0,4.0,191.0,49205000.0,2.051,True,191.0,0.07863,0.73462,254.67,siting - outside the footprint,False,False
55101002702,Racine County,WI,metro,2858,120286,False,ffiec_ratio,287.0,200.0,10.0,190.0,45370000.0,5.0,False,190.0,0.06648,0.66202,272.65,"conversion - present, under-capturing",False,False
17163503412,St. Clair County,IL,metro,2343,97273,False,ffiec_ratio,306.0,191.0,1.0,190.0,38745000.0,0.524,False,190.0,0.08109,0.62092,304.4,"conversion - present, under-capturing",False,False
17037001400,DeKalb County,IL,metro,2349,106105,False,ffiec_ratio,304.0,190.0,0.0,190.0,42470000.0,0.0,True,190.0,0.08089,0.625,304.0,siting - outside the footprint,False,False
17089850600,Kane County,IL,metro,3243,130357,False,ffiec_ratio,275.0,190.0,0.0,190.0,51730000.0,0.0,False,190.0,0.05859,0.69091,275.0,"conversion - present, capturing none",False,False
55073001106,Marathon County,WI,metro,2479,110455,False,ffiec_ratio,257.0,195.0,6.0,189.0,41535000.0,3.077,False,189.0,0.07624,0.73541,249.09,"conversion - present, under-capturing",False,False
55025013100,Dane County,WI,metro,1991,105417,False,ffiec_ratio,260.0,191.0,2.0,189.0,43215000.0,1.047,True,189.0,0.09493,0.72692,257.28,siting - outside the footprint,False,False
55025000407,Dane County,WI,metro,1919,93149,True,ffiec_ratio,253.0,189.0,0.0,189.0,44145000.0,0.0,False,189.0,0.09849,0.74704,253.0,"conversion - present, capturing none",False,False
55105001302,Rock County,WI,metro,2564,101382,False,ffiec_ratio,259.0,190.0,2.0,188.0,34630000.0,1.053,True,188.0,0.07332,0.72587,256.27,siting - outside the footprint,False,False
17019000902,Champaign County,IL,metro,2909,95455,False,ffiec_ratio,293.0,188.0,0.0,188.0,60980000.0,0.0,True,188.0,0.06463,0.64164,293.0,siting - outside the footprint,False,False
17119402805,Madison County,IL,metro,2157,103750,False,ffiec_ratio,273.0,196.0,8.0,188.0,38950000.0,4.082,True,188.0,0.08716,0.68864,261.86,siting - outside the footprint,False,False
55025011405,Dane County,WI,metro,2741,102188,False,ffiec_ratio,265.0,190.0,2.0,188.0,88530000.0,1.053,False,188.0,0.06859,0.70943,262.21,"conversion - present, under-capturing",False,False
55015020308,Calumet County,WI,metro,2104,142500,False,ffiec_ratio,246.0,191.0,4.0,187.0,61965000.0,2.094,False,187.0,0.08888,0.76016,240.85,"conversion - present, under-capturing",False,False
17031320101,Cook County,IL,metro,5606,209783,False,ffiec_ratio,301.0,188.0,1.0,187.0,111430000.0,0.532,False,187.0,0.03336,0.62126,299.4,"conversion - present, under-capturing",False,False
55039041300,Fond du Lac County,WI,metro,2661,91536,True,ffiec_ratio,327.0,194.0,7.0,187.0,30730000.0,3.608,False,187.0,0.07027,0.57187,315.2,"conversion - present, under-capturing",False,False
55025003001,Dane County,WI,metro,1886,119643,False,ffiec_ratio,253.0,190.0,3.0,187.0,32620000.0,1.579,False,187.0,0.09915,0.73913,249.01,"conversion - present, under-capturing",False,False
55117001000,Sheboygan County,WI,metro,2774,90750,False,ffiec_ratio,259.0,193.0,7.0,186.0,32175000.0,3.627,False,186.0,0.06705,0.71815,249.61,"conversion - present, under-capturing",False,False
17201004002,Winnebago County,IL,metro,2356,101859,False,ffiec_ratio,266.0,186.0,0.0,186.0,31960000.0,0.0,True,186.0,0.07895,0.69925,266.0,siting - outside the footprint,False,False
55025011800,Dane County,WI,metro,2331,100625,False,ffiec_ratio,266.0,187.0,1.0,186.0,35125000.0,0.535,True,186.0,0.07979,0.69925,264.58,siting - outside the footprint,False,False
17089852500,Kane County,IL,metro,2681,127854,False,ffiec_ratio,289.0,187.0,1.0,186.0,40965000.0,0.535,True,186.0,0.06938,0.6436,287.45,siting - outside the footprint,False,False
17031824503,Cook County,IL,metro,2842,131250,False,ffiec_ratio,301.0,186.0,0.0,186.0,34100000.0,0.0,True,186.0,0.06545,0.61794,301.0,siting - outside the footprint,False,False
17167003603,Sangamon County,IL,metro,2331,175946,False,ffiec_ratio,234.0,186.0,0.0,186.0,51030000.0,0.0,True,186.0,0.07979,0.79487,234.0,siting - outside the footprint,False,False
17201003801,Winnebago County,IL,metro,2448,99375,False,ffiec_ratio,281.0,190.0,5.0,185.0,44140000.0,2.632,False,185.0,0.07557,0.65836,273.6,"conversion - present, under-capturing",False,False
55133204002,Waukesha County,WI,metro,2237,130565,False,ffiec_ratio,282.0,187.0,2.0,185.0,49165000.0,1.07,True,185.0,0.0827,0.65603,278.98,siting - outside the footprint,False,False
55133202001,Waukesha County,WI,metro,2143,132279,False,ffiec_ratio,259.0,190.0,5.0,185.0,49370000.0,2.632,True,185.0,0.08633,0.71429,252.18,siting - outside the footprint,False,False
55131440104,Washington County,WI,metro,2731,113149,False,ffiec_ratio,272.0,185.0,0.0,185.0,41475000.0,0.0,False,185.0,0.06774,0.68015,272.0,"conversion - present, capturing none",False,False
55009940008,Brown County,WI,metro,3333,112083,False,ffiec_ratio,233.0,200.0,16.0,184.0,118740000.0,8.0,False,184.0,0.05521,0.7897,214.36,"conversion - present, under-capturing",False,False
55015020800,Calumet County,WI,metro,2391,133048,False,ffiec_ratio,258.0,189.0,5.0,184.0,45195000.0,2.646,False,184.0,0.07696,0.71318,251.17,"conversion - present, under-capturing",False,False
55131470202,Washington County,WI,metro,2415,131522,False,ffiec_ratio,252.0,191.0,7.0,184.0,46725000.0,3.665,False,184.0,0.07619,0.73016,242.76,"conversion - present, under-capturing",False,False
17197883212,Will County,IL,metro,2241,172857,False,ffiec_ratio,306.0,184.0,0.0,184.0,55680000.0,0.0,True,184.0,0.08211,0.60131,306.0,siting - outside the footprint,False,False
17031081300,Cook County,IL,metro,3838,219531,False,ffiec_ratio,352.0,184.0,1.0,183.0,76830000.0,0.543,False,183.0,0.04768,0.51989,350.09,"conversion - present, under-capturing",False,False
17097864402,Lake County,IL,metro,2857,213750,False,ffiec_ratio,319.0,185.0,2.0,183.0,74915000.0,1.081,False,183.0,0.06405,0.57367,315.55,"conversion - present, under-capturing",False,False
55025013302,Dane County,WI,metro,2416,110913,False,ffiec_ratio,245.0,184.0,1.0,183.0,50940000.0,0.543,True,183.0,0.07575,0.74694,243.67,siting - outside the footprint,False,False
17031829800,Cook County,IL,metro,2339,162614,False,ffiec_ratio,356.0,182.0,0.0,182.0,47400000.0,0.0,True,182.0,0.07781,0.51124,356.0,siting - outside the footprint,False,False
17111870605,McHenry County,IL,metro,2839,134478,False,ffiec_ratio,283.0,184.0,2.0,182.0,33640000.0,1.087,True,182.0,0.06411,0.64311,279.92,siting - outside the footprint,False,False
55025011104,Dane County,WI,metro,1587,214640,False,ffiec_ratio,242.0,183.0,1.0,182.0,78145000.0,0.546,False,182.0,0.11468,0.75207,240.68,"conversion - present, under-capturing",False,False
17043846514,DuPage County,IL,metro,1406,155365,False,ffiec_ratio,283.0,182.0,0.0,182.0,63110000.0,0.0,True,182.0,0.12945,0.64311,283.0,siting - outside the footprint,False,False
55133200801,Waukesha County,WI,metro,1985,137917,False,ffiec_ratio,249.0,183.0,1.0,182.0,63155000.0,0.546,False,182.0,0.09169,0.73092,247.64,"conversion - present, under-capturing",False,False
55101001801,Racine County,WI,metro,2209,108683,False,ffiec_ratio,245.0,182.0,1.0,181.0,43450000.0,0.549,True,181.0,0.08194,0.73878,243.65,siting - outside the footprint,False,False
17163503907,St. Clair County,IL,metro,2110,123438,False,ffiec_ratio,313.0,181.0,0.0,181.0,45655000.0,0.0,True,181.0,0.08578,0.57827,313.0,siting - outside the footprint,False,False
55135101100,Waupaca County,WI,rural,2344,78269,True,ffiec_ratio,281.0,185.0,4.0,181.0,25765000.0,2.162,False,181.0,0.07722,0.64413,274.92,"conversion - present, under-capturing",False,False
17197883516,Will County,IL,metro,2397,164900,False,ffiec_ratio,290.0,181.0,0.0,181.0,70185000.0,0.0,True,181.0,0.07551,0.62414,290.0,siting - outside the footprint,False,False
55009010300,Brown County,WI,metro,3429,113225,False,ffiec_ratio,251.0,195.0,15.0,180.0,38575000.0,7.692,False,180.0,0.05249,0.71713,231.69,"conversion - present, under-capturing",False,False
55073001600,Marathon County,WI,metro,2273,100000,False,ffiec_ratio,255.0,184.0,4.0,180.0,32850000.0,2.174,False,180.0,0.07919,0.70588,249.46,"conversion - present, under-capturing",False,False
17119402701,Madison County,IL,metro,2983,100107,False,ffiec_ratio,269.0,181.0,1.0,180.0,25425000.0,0.552,False,180.0,0.06034,0.66914,267.52,"conversion - present, under-capturing",False,False
55021971200,Columbia County,WI,metro,2527,93659,False,ffiec_ratio,267.0,194.0,14.0,180.0,41420000.0,7.216,False,180.0,0.07123,0.67416,247.73,"conversion - present, under-capturing",False,False
17031830003,Cook County,IL,metro,2673,113353,False,ffiec_ratio,432.0,180.0,0.0,180.0,37430000.0,0.0,True,180.0,0.06734,0.41667,432.0,siting - outside the footprint,False,False
17197880323,Will County,IL,metro,2815,219083,False,ffiec_ratio,312.0,180.0,0.0,180.0,71400000.0,0.0,True,180.0,0.06394,0.57692,312.0,siting - outside the footprint,False,False
17113000109,McLean County,IL,metro,1956,127400,False,ffiec_ratio,254.0,180.0,0.0,180.0,50970000.0,0.0,True,180.0,0.09202,0.70866,254.0,siting - outside the footprint,False,False
17113005102,McLean County,IL,metro,2838,128490,False,ffiec_ratio,257.0,180.0,0.0,180.0,37210000.0,0.0,True,180.0,0.06342,0.70039,257.0,siting - outside the footprint,False,False
55101000700,Racine County,WI,metro,2232,58872,True,ffiec_ratio,288.0,182.0,3.0,179.0,25470000.0,1.648,False,179.0,0.0802,0.62153,283.25,"conversion - present, under-capturing",False,False
55009021600,Brown County,WI,metro,2441,101919,False,ffiec_ratio,267.0,193.0,14.0,179.0,38815000.0,7.254,True,179.0,0.07333,0.67041,247.63,siting - outside the footprint,False,False
55021970700,Columbia County,WI,metro,1904,115819,False,ffiec_ratio,268.0,184.0,5.0,179.0,44500000.0,2.717,True,179.0,0.09401,0.66791,260.72,siting - outside the footprint,False,False
17031800200,Cook County,IL,metro,2147,250001,False,ffiec_ratio,284.0,182.0,3.0,179.0,150510000.0,1.648,True,179.0,0.08337,0.63028,279.32,siting - outside the footprint,False,False
17099961701,LaSalle County,IL,micro,2632,138359,False,ffiec_ratio,290.0,180.0,1.0,179.0,42250000.0,0.556,True,179.0,0.06801,0.61724,288.39,siting - outside the footprint,False,False
55001950100,Adams County,WI,rural,1766,95290,False,ffiec_ratio,247.0,182.0,3.0,179.0,51060000.0,1.648,True,179.0,0.10136,0.7247,242.93,siting - outside the footprint,False,False
55105003102,Rock County,WI,metro,2107,96204,False,ffiec_ratio,249.0,179.0,1.0,178.0,48415000.0,0.559,False,178.0,0.08448,0.71486,247.61,"conversion - present, under-capturing",False,False
55071000300,Manitowoc County,WI,micro,2395,99118,False,ffiec_ratio,259.0,193.0,15.0,178.0,34895000.0,7.772,False,178.0,0.07432,0.68726,238.87,"conversion - present, under-capturing",False,False
17179021500,Tazewell County,IL,metro,2690,111454,False,ffiec_ratio,315.0,178.0,0.0,178.0,29570000.0,0.0,True,178.0,0.06617,0.56508,315.0,siting - outside the footprint,False,False
17063000102,Grundy County,IL,metro,2807,120159,False,ffiec_ratio,291.0,178.0,0.0,178.0,43310000.0,0.0,True,178.0,0.06341,0.61168,291.0,siting - outside the footprint,False,False
17197883211,Will County,IL,metro,2087,112325,False,ffiec_ratio,330.0,178.0,0.0,178.0,62790000.0,0.0,True,178.0,0.08529,0.53939,330.0,siting - outside the footprint,False,False
55133203802,Waukesha County,WI,metro,1999,154881,False,ffiec_ratio,255.0,186.0,9.0,177.0,50880000.0,4.839,False,177.0,0.08854,0.69412,242.66,"conversion - present, under-capturing",False,False
17089850710,Kane County,IL,metro,1945,148750,False,ffiec_ratio,320.0,179.0,2.0,177.0,38105000.0,1.117,True,177.0,0.091,0.55313,316.43,siting - outside the footprint,False,False
55009000700,Brown County,WI,metro,2117,76357,True,ffiec_ratio,274.0,195.0,18.0,177.0,28965000.0,9.231,False,177.0,0.08361,0.64599,248.71,"conversion - present, under-capturing",False,False
17089851911,Kane County,IL,metro,1482,185202,False,ffiec_ratio,299.0,177.0,0.0,177.0,56355000.0,0.0,False,177.0,0.11943,0.59197,299.0,"conversion - present, capturing none",False,False
17163504356,St. Clair County,IL,metro,1550,134500,False,ffiec_ratio,255.0,178.0,1.0,177.0,49660000.0,0.562,True,177.0,0.11419,0.69412,253.57,siting - outside the footprint,False,False
17163503304,St. Clair County,IL,metro,2672,76565,False,ffiec_ratio,306.0,179.0,2.0,177.0,32475000.0,1.117,True,177.0,0.06624,0.57843,302.58,siting - outside the footprint,False,False
55139002201,Winnebago County,WI,metro,2097,114151,False,ffiec_ratio,233.0,181.0,5.0,176.0,43745000.0,2.762,False,176.0,0.08393,0.75536,226.56,"conversion - present, under-capturing",False,False
55039042200,Fond du Lac County,WI,metro,2384,114091,False,ffiec_ratio,255.0,185.0,9.0,176.0,40395000.0,4.865,True,176.0,0.07383,0.6902,242.59,siting - outside the footprint,False,False
55027960300,Dodge County,WI,micro,2136,60814,False,ffiec_ratio,254.0,177.0,1.0,176.0,24065000.0,0.565,False,176.0,0.0824,0.69291,252.56,"conversion - present, under-capturing",False,False
55055101702,Jefferson County,WI,micro,2258,107768,False,ffiec_ratio,262.0,183.0,7.0,176.0,49115000.0,3.825,False,176.0,0.07795,0.67176,251.98,"conversion - present, under-capturing",False,False
55133203403,Waukesha County,WI,metro,2127,165611,False,ffiec_ratio,269.0,189.0,13.0,176.0,57375000.0,6.878,False,176.0,0.08275,0.65428,250.5,"conversion - present, under-capturing",False,False
55035001600,Eau Claire County,WI,metro,2357,135526,False,ffiec_ratio,287.0,181.0,6.0,175.0,49695000.0,3.315,True,175.0,0.07425,0.60976,277.49,siting - outside the footprint,False,False
55009020204,Brown County,WI,metro,2201,142882,False,ffiec_ratio,250.0,199.0,24.0,175.0,58095000.0,12.06,False,175.0,0.07951,0.7,219.85,"conversion - present, under-capturing",False,False
17089852806,Kane County,IL,metro,2419,164708,False,ffiec_ratio,278.0,175.0,0.0,175.0,54745000.0,0.0,True,175.0,0.07234,0.6295,278.0,siting - outside the footprint,False,False
55081950500,Monroe County,WI,micro,2856,112365,False,ffiec_ratio,265.0,175.0,1.0,174.0,38605000.0,0.571,True,174.0,0.06092,0.6566,263.49,siting - outside the footprint,False,False
55109120602,St. Croix County,WI,metro,2140,107174,False,ffiec_ratio,232.0,176.0,2.0,174.0,40290000.0,1.136,True,174.0,0.08131,0.75,229.36,siting - outside the footprint,False,False
55087012604,Outagamie County,WI,metro,1933,135559,False,ffiec_ratio,220.0,179.0,5.0,174.0,47965000.0,2.793,False,174.0,0.09002,0.79091,213.86,"conversion - present, under-capturing",False,False
55131450106,Washington County,WI,metro,2730,108750,False,ffiec_ratio,253.0,185.0,11.0,174.0,49535000.0,5.946,True,174.0,0.06374,0.68775,237.96,siting - outside the footprint,False,False
17019010603,Champaign County,IL,metro,2845,120947,False,ffiec_ratio,277.0,174.0,0.0,174.0,70370000.0,0.0,True,174.0,0.06116,0.62816,277.0,siting - outside the footprint,False,False
17027900300,Clinton County,IL,metro,2914,121667,False,ffiec_ratio,227.0,174.0,0.0,174.0,29670000.0,0.0,True,174.0,0.05971,0.76652,227.0,siting - outside the footprint,False,False
55063010205,La Crosse County,WI,metro,2092,148231,False,ffiec_ratio,231.0,180.0,7.0,173.0,58400000.0,3.889,True,173.0,0.0827,0.74892,222.02,siting - outside the footprint,False,False
55063010101,La Crosse County,WI,metro,2041,102450,False,ffiec_ratio,237.0,179.0,6.0,173.0,37365000.0,3.352,True,173.0,0.08476,0.72996,229.06,siting - outside the footprint,False,False
55139003703,Winnebago County,WI,metro,2283,135434,False,ffiec_ratio,249.0,179.0,6.0,173.0,37275000.0,3.352,False,173.0,0.07578,0.69478,240.65,"conversion - present, under-capturing",False,False
17119403702,Madison County,IL,metro,2195,158824,False,ffiec_ratio,256.0,174.0,1.0,173.0,41970000.0,0.575,True,173.0,0.07882,0.67578,254.53,siting - outside the footprint,False,False
55079160202,Milwaukee County,WI,metro,3057,129318,False,ffiec_ratio,274.0,182.0,9.0,173.0,115210000.0,4.945,False,173.0,0.05659,0.63139,260.45,"conversion - present, under-capturing",False,False
55105001100,Rock County,WI,metro,2054,86289,False,ffiec_ratio,261.0,184.0,11.0,173.0,27930000.0,5.978,True,173.0,0.08423,0.66284,245.4,siting - outside the footprint,False,False
17197881105,Will County,IL,metro,2248,154779,False,ffiec_ratio,264.0,173.0,0.0,173.0,64285000.0,0.0,True,173.0,0.07696,0.6553,264.0,siting - outside the footprint,False,False
55133203305,Waukesha County,WI,metro,1775,132945,False,ffiec_ratio,254.0,175.0,2.0,173.0,43635000.0,1.143,False,173.0,0.09746,0.6811,251.1,"conversion - present, under-capturing",False,False
17133600501,Monroe County,IL,metro,2605,122635,False,ffiec_ratio,262.0,173.0,0.0,173.0,40815000.0,0.0,True,173.0,0.06641,0.66031,262.0,siting - outside the footprint,False,False
55025002602,Dane County,WI,metro,2581,91860,True,ffiec_ratio,229.0,173.0,0.0,173.0,119795000.0,0.0,False,173.0,0.06703,0.75546,229.0,"conversion - present, capturing none",False,False
55133201600,Waukesha County,WI,metro,2057,133607,False,ffiec_ratio,257.0,179.0,7.0,172.0,46345000.0,3.911,False,172.0,0.08362,0.66926,246.95,"conversion - present, under-capturing",False,False
55087012603,Outagamie County,WI,metro,1936,121343,False,ffiec_ratio,230.0,179.0,7.0,172.0,45175000.0,3.911,False,172.0,0.08884,0.74783,221.0,"conversion - present, under-capturing",False,False
55009000200,Brown County,WI,metro,2832,96302,True,ffiec_ratio,278.0,187.0,15.0,172.0,29235000.0,8.021,False,172.0,0.06073,0.61871,255.7,"conversion - present, under-capturing",False,False
17089852700,Kane County,IL,metro,3020,147153,False,ffiec_ratio,259.0,172.0,0.0,172.0,42230000.0,0.0,True,172.0,0.05695,0.66409,259.0,siting - outside the footprint,False,False
55071010200,Manitowoc County,WI,micro,2481,97745,False,ffiec_ratio,244.0,175.0,4.0,171.0,34285000.0,2.286,False,171.0,0.06892,0.70082,238.42,"conversion - present, under-capturing",False,False
55009021302,Brown County,WI,metro,2556,108717,False,ffiec_ratio,252.0,182.0,11.0,171.0,35850000.0,6.044,False,171.0,0.0669,0.67857,236.77,"conversion - present, under-capturing",False,False
17111871402,McHenry County,IL,metro,2112,149457,False,ffiec_ratio,291.0,173.0,2.0,171.0,49445000.0,1.156,True,171.0,0.08097,0.58763,287.64,siting - outside the footprint,False,False
17111871004,McHenry County,IL,metro,2342,136670,False,ffiec_ratio,264.0,172.0,1.0,171.0,77260000.0,0.581,True,171.0,0.07301,0.64773,262.47,siting - outside the footprint,False,False
55025000501,Dane County,WI,metro,1988,103654,False,ffiec_ratio,222.0,171.0,0.0,171.0,40475000.0,0.0,False,171.0,0.08602,0.77027,222.0,"conversion - present, capturing none",False,False
17167003203,Sangamon County,IL,metro,2339,144388,False,ffiec_ratio,226.0,171.0,0.0,171.0,38995000.0,0.0,True,171.0,0.07311,0.75664,226.0,siting - outside the footprint,False,False
17163503324,St. Clair County,IL,metro,2530,114715,False,ffiec_ratio,292.0,171.0,0.0,171.0,51405000.0,0.0,True,171.0,0.06759,0.58562,292.0,siting - outside the footprint,False,False
17063000200,Grundy County,IL,metro,2804,120721,False,ffiec_ratio,240.0,171.0,0.0,171.0,37945000.0,0.0,True,171.0,0.06098,0.7125,240.0,siting - outside the footprint,False,False
55025012002,Dane County,WI,metro,2169,112978,False,ffiec_ratio,213.0,172.0,2.0,170.0,54320000.0,1.163,True,170.0,0.07838,0.79812,210.52,siting - outside the footprint,False,False
17031081500,Cook County,IL,metro,3608,250001,False,ffiec_ratio,299.0,172.0,2.0,170.0,78380000.0,1.163,False,170.0,0.04712,0.56856,295.52,"conversion - present, under-capturing",False,False
17111871206,McHenry County,IL,metro,2569,170769,False,ffiec_ratio,273.0,171.0,1.0,170.0,43615000.0,0.585,False,170.0,0.06617,0.62271,271.4,"conversion - present, under-capturing",False,False
55101001702,Racine County,WI,metro,1985,123789,False,ffiec_ratio,243.0,175.0,5.0,170.0,33295000.0,2.857,False,170.0,0.08564,0.69959,236.06,"conversion - present, under-capturing",False,False
55079050101,Milwaukee County,WI,metro,2623,118210,False,ffiec_ratio,302.0,178.0,8.0,170.0,35330000.0,4.494,False,170.0,0.06481,0.56291,288.43,"conversion - present, under-capturing",False,False
17111871114,McHenry County,IL,metro,1365,136122,False,ffiec_ratio,265.0,170.0,0.0,170.0,50300000.0,0.0,True,170.0,0.12454,0.64151,265.0,siting - outside the footprint,False,False
55025010906,Dane County,WI,metro,2148,194817,False,ffiec_ratio,245.0,173.0,3.0,170.0,80115000.0,1.734,False,170.0,0.07914,0.69388,240.75,"conversion - present, under-capturing",False,False
17043846517,DuPage County,IL,metro,2101,158810,False,ffiec_ratio,238.0,170.0,0.0,170.0,45290000.0,0.0,True,170.0,0.08091,0.71429,238.0,siting - outside the footprint,False,False
17037001600,DeKalb County,IL,metro,1546,111417,False,ffiec_ratio,258.0,170.0,0.0,170.0,37660000.0,0.0,True,170.0,0.10996,0.65891,258.0,siting - outside the footprint,False,False
55009020100,Brown County,WI,metro,2371,112679,False,ffiec_ratio,244.0,187.0,17.0,170.0,48255000.0,9.091,True,170.0,0.0717,0.69672,221.82,siting - outside the footprint,False,False
55133200803,Waukesha County,WI,metro,1620,159808,False,ffiec_ratio,232.0,172.0,3.0,169.0,63740000.0,1.744,False,169.0,0.10432,0.72845,227.95,"conversion - present, under-capturing",False,False
55131400104,Washington County,WI,metro,2392,110690,False,ffiec_ratio,251.0,176.0,7.0,169.0,41320000.0,3.977,True,169.0,0.07065,0.67331,241.02,siting - outside the footprint,False,False
55087010200,Outagamie County,WI,metro,1942,88135,False,ffiec_ratio,216.0,170.0,1.0,169.0,24900000.0,0.588,False,169.0,0.08702,0.78241,214.73,"conversion - present, under-capturing",False,False
55133203901,Waukesha County,WI,metro,2035,125048,False,ffiec_ratio,258.0,177.0,9.0,168.0,46925000.0,5.085,False,168.0,0.08256,0.65116,244.88,"conversion - present, under-capturing",False,False
17163503203,St. Clair County,IL,metro,2736,119136,False,ffiec_ratio,283.0,171.0,3.0,168.0,41975000.0,1.754,True,168.0,0.0614,0.59364,278.04,siting - outside the footprint,False,False
17031825302,Cook County,IL,metro,2093,150875,False,ffiec_ratio,277.0,168.0,0.0,168.0,45380000.0,0.0,True,168.0,0.08027,0.6065,277.0,siting - outside the footprint,False,False
55033970400,Dunn County,WI,micro,2433,101875,False,ffiec_ratio,261.0,170.0,2.0,168.0,41050000.0,1.176,True,168.0,0.06905,0.64368,257.93,siting - outside the footprint,False,False
17201003903,Winnebago County,IL,metro,2173,126414,False,ffiec_ratio,248.0,169.0,1.0,168.0,41745000.0,0.592,True,168.0,0.07731,0.67742,246.53,siting - outside the footprint,False,False
17031802608,Cook County,IL,metro,2848,154389,False,ffiec_ratio,248.0,168.0,0.0,168.0,46990000.0,0.0,True,168.0,0.05899,0.67742,248.0,siting - outside the footprint,False,False
55083100300,Oconto County,WI,metro,1433,96471,False,ffiec_ratio,230.0,174.0,7.0,167.0,37320000.0,4.023,True,167.0,0.11654,0.72609,220.75,siting - outside the footprint,False,False
17097861603,Lake County,IL,metro,2709,141531,False,ffiec_ratio,289.0,167.0,0.0,167.0,42545000.0,0.0,False,167.0,0.06165,0.57785,289.0,"conversion - present, capturing none",False,False
17097861402,Lake County,IL,metro,3340,114306,True,ffiec_ratio,291.0,167.0,0.0,167.0,34325000.0,0.0,True,167.0,0.05,0.57388,291.0,siting - outside the footprint,False,False
17031330103,Cook County,IL,metro,5003,211849,False,ffiec_ratio,281.0,167.0,0.0,167.0,103505000.0,0.0,False,167.0,0.03338,0.59431,281.0,"conversion - present, capturing none",False,False
17201003706,Winnebago County,IL,metro,2250,101840,False,ffiec_ratio,279.0,171.0,5.0,166.0,25215000.0,2.924,False,166.0,0.07378,0.59498,270.84,"conversion - present, under-capturing",False,False
55025013301,Dane County,WI,metro,2099,121488,False,ffiec_ratio,230.0,168.0,2.0,166.0,37570000.0,1.19,True,166.0,0.07909,0.72174,227.26,siting - outside the footprint,False,False
55027961300,Dodge County,WI,micro,2475,89132,False,ffiec_ratio,260.0,171.0,5.0,166.0,26515000.0,2.924,True,166.0,0.06707,0.63846,252.4,siting - outside the footprint,False,False
55009020600,Brown County,WI,metro,2041,118536,False,ffiec_ratio,226.0,172.0,6.0,166.0,37310000.0,3.488,True,166.0,0.08133,0.73451,218.12,siting - outside the footprint,False,False
55021970800,Columbia County,WI,metro,2610,129750,False,ffiec_ratio,248.0,174.0,8.0,166.0,40590000.0,4.598,False,166.0,0.0636,0.66935,236.6,"conversion - present, under-capturing",False,False
55133203200,Waukesha County,WI,metro,1927,214879,False,ffiec_ratio,241.0,172.0,7.0,165.0,69600000.0,4.07,False,165.0,0.08563,0.68465,231.19,"conversion - present, under-capturing",False,False
55133203107,Waukesha County,WI,metro,1510,133750,False,ffiec_ratio,221.0,166.0,1.0,165.0,39970000.0,0.602,False,165.0,0.10927,0.74661,219.67,"conversion - present, under-capturing",False,False
17089854507,Kane County,IL,metro,2359,164021,False,ffiec_ratio,297.0,165.0,0.0,165.0,48775000.0,0.0,True,165.0,0.06994,0.55556,297.0,siting - outside the footprint,False,False
55079021700,Milwaukee County,WI,metro,2164,85208,False,ffiec_ratio,273.0,171.0,6.0,165.0,30055000.0,3.509,False,165.0,0.07625,0.6044,263.42,"conversion - present, under-capturing",False,False
17115002500,Macon County,IL,metro,2778,113723,False,ffiec_ratio,244.0,165.0,0.0,165.0,32205000.0,0.0,True,165.0,0.0594,0.67623,244.0,siting - outside the footprint,False,False
17031803400,Cook County,IL,metro,2183,135735,False,ffiec_ratio,234.0,165.0,0.0,165.0,73805000.0,0.0,True,165.0,0.07558,0.70513,234.0,siting - outside the footprint,False,False
17043845100,DuPage County,IL,metro,1887,228462,False,ffiec_ratio,244.0,166.0,2.0,164.0,97160000.0,1.205,True,164.0,0.08691,0.67213,241.06,siting - outside the footprint,False,False
55133204302,Waukesha County,WI,metro,1781,123021,False,ffiec_ratio,231.0,169.0,5.0,164.0,70865000.0,2.959,False,164.0,0.09208,0.70996,224.16,"conversion - present, under-capturing",False,False
17031090200,Cook County,IL,metro,2689,171500,False,ffiec_ratio,237.0,165.0,1.0,164.0,55145000.0,0.606,False,164.0,0.06099,0.69198,235.56,"conversion - present, under-capturing",False,False
17031804611,Cook County,IL,metro,1871,101250,False,ffiec_ratio,243.0,164.0,0.0,164.0,67090000.0,0.0,False,164.0,0.08765,0.6749,243.0,"conversion - present, capturing none",False,False
17031824122,Cook County,IL,metro,2309,156267,False,ffiec_ratio,231.0,164.0,1.0,163.0,38550000.0,0.61,True,163.0,0.07059,0.70563,229.59,siting - outside the footprint,False,False
55025010501,Dane County,WI,metro,1662,141955,False,ffiec_ratio,220.0,166.0,3.0,163.0,48740000.0,1.807,False,163.0,0.09807,0.74091,216.02,"conversion - present, under-capturing",False,False
55131440103,Washington County,WI,metro,2058,119684,False,ffiec_ratio,229.0,169.0,6.0,163.0,32345000.0,3.55,False,163.0,0.0792,0.71179,220.87,"conversion - present, under-capturing",False,False
17007010604,Boone County,IL,metro,1802,71816,False,ffiec_ratio,277.0,163.0,1.0,162.0,26075000.0,0.613,True,162.0,0.0899,0.58484,275.3,siting - outside the footprint,False,False
55027961900,Dodge County,WI,micro,2174,88495,False,ffiec_ratio,231.0,169.0,7.0,162.0,33195000.0,4.142,False,162.0,0.07452,0.7013,221.43,"conversion - present, under-capturing",False,False
55097960701,Portage County,WI,micro,2188,109209,False,ffiec_ratio,236.0,171.0,9.0,162.0,38475000.0,5.263,False,162.0,0.07404,0.68644,223.58,"conversion - present, under-capturing",False,False
55059002904,Kenosha County,WI,metro,2152,120554,False,ffiec_ratio,277.0,166.0,4.0,162.0,31840000.0,2.41,True,162.0,0.07528,0.58484,270.32,siting - outside the footprint,False,False
55025011201,Dane County,WI,metro,1652,155791,False,ffiec_ratio,231.0,164.0,2.0,162.0,37670000.0,1.22,True,162.0,0.09806,0.7013,228.18,siting - outside the footprint,False,False
55133200500,Waukesha County,WI,metro,2419,167473,False,ffiec_ratio,240.0,172.0,10.0,162.0,44920000.0,5.814,False,162.0,0.06697,0.675,226.05,"conversion - present, under-capturing",False,False
17163504354,St. Clair County,IL,metro,2872,87863,False,ffiec_ratio,262.0,163.0,1.0,162.0,29585000.0,0.613,True,162.0,0.05641,0.61832,260.39,siting - outside the footprint,False,False
55109120201,St. Croix County,WI,metro,2704,118727,False,ffiec_ratio,259.0,186.0,24.0,162.0,50750000.0,12.903,False,162.0,0.05991,0.62548,225.58,"conversion - present, under-capturing",False,False
17111871501,McHenry County,IL,metro,3530,118958,False,ffiec_ratio,269.0,164.0,2.0,162.0,47710000.0,1.22,True,162.0,0.04589,0.60223,265.72,siting - outside the footprint,False,False
17147954600,Piatt County,IL,metro,2852,114375,False,ffiec_ratio,202.0,162.0,0.0,162.0,36980000.0,0.0,True,162.0,0.0568,0.80198,202.0,siting - outside the footprint,False,False
55127001501,Walworth County,WI,micro,1549,106218,False,ffiec_ratio,254.0,169.0,8.0,161.0,46295000.0,4.734,False,161.0,0.10394,0.63386,241.98,"conversion - present, under-capturing",False,False
55101002002,Racine County,WI,metro,2010,113571,False,ffiec_ratio,239.0,165.0,4.0,161.0,50965000.0,2.424,True,161.0,0.0801,0.67364,233.21,siting - outside the footprint,False,False
17031823602,Cook County,IL,metro,2896,100432,False,ffiec_ratio,283.0,161.0,0.0,161.0,28445000.0,0.0,True,161.0,0.05559,0.5689,283.0,siting - outside the footprint,False,False
17089854505,Kane County,IL,metro,2416,190643,False,ffiec_ratio,242.0,161.0,0.0,161.0,50835000.0,0.0,True,161.0,0.06664,0.66529,242.0,siting - outside the footprint,False,False
17197881108,Will County,IL,metro,2441,158056,False,ffiec_ratio,260.0,161.0,0.0,161.0,39925000.0,0.0,True,161.0,0.06596,0.61923,260.0,siting - outside the footprint,False,False
17119403532,Madison County,IL,metro,1906,145833,False,ffiec_ratio,247.0,162.0,2.0,160.0,40540000.0,1.235,True,160.0,0.08395,0.64777,243.95,siting - outside the footprint,False,False
55025010801,Dane County,WI,metro,3165,138794,False,ffiec_ratio,214.0,163.0,3.0,160.0,36795000.0,1.84,False,160.0,0.05055,0.74766,210.06,"conversion - present, under-capturing",False,False
17031803603,Cook County,IL,metro,2317,200313,False,ffiec_ratio,260.0,162.0,2.0,160.0,64940000.0,1.235,True,160.0,0.06905,0.61538,256.79,siting - outside the footprint,False,False
55073001203,Marathon County,WI,metro,2011,134519,False,ffiec_ratio,235.0,163.0,3.0,160.0,29925000.0,1.84,True,160.0,0.07956,0.68085,230.68,siting - outside the footprint,False,False
17111871312,McHenry County,IL,metro,2200,137589,False,ffiec_ratio,238.0,160.0,0.0,160.0,36210000.0,0.0,False,160.0,0.07273,0.67227,238.0,"conversion - present, capturing none",False,False
17097866000,Lake County,IL,metro,2421,130473,False,ffiec_ratio,271.0,162.0,2.0,160.0,45720000.0,1.235,True,160.0,0.06609,0.59041,267.65,siting - outside the footprint,False,False
55079120400,Milwaukee County,WI,metro,3219,84514,False,ffiec_ratio,244.0,168.0,8.0,160.0,36230000.0,4.762,False,160.0,0.0497,0.65574,232.38,"conversion - present, under-capturing",False,False
17093890302,Kendall County,IL,metro,1997,107227,False,ffiec_ratio,280.0,160.0,0.0,160.0,35140000.0,0.0,True,160.0,0.08012,0.57143,280.0,siting - outside the footprint,False,False
55079060200,Milwaukee County,WI,metro,2702,96898,False,ffiec_ratio,246.0,161.0,2.0,159.0,33775000.0,1.242,False,159.0,0.05885,0.64634,242.94,"conversion - present, under-capturing",False,False
55105000800,Rock County,WI,metro,1884,92364,False,ffiec_ratio,220.0,162.0,3.0,159.0,24490000.0,1.852,False,159.0,0.08439,0.72273,215.93,"conversion - present, under-capturing",False,False
55059002606,Kenosha County,WI,metro,1773,140882,False,ffiec_ratio,253.0,159.0,0.0,159.0,41305000.0,0.0,True,159.0,0.08968,0.62846,253.0,siting - outside the footprint,False,False
55133203405,Waukesha County,WI,metro,1297,177981,False,ffiec_ratio,222.0,170.0,11.0,159.0,68160000.0,6.471,True,159.0,0.12259,0.71622,207.63,siting - outside the footprint,False,False
17037000100,DeKalb County,IL,metro,2635,122393,False,ffiec_ratio,250.0,159.0,0.0,159.0,31315000.0,0.0,True,159.0,0.06034,0.636,250.0,siting - outside the footprint,False,False
17197881010,Will County,IL,metro,1432,128214,False,ffiec_ratio,243.0,159.0,0.0,159.0,46635000.0,0.0,True,159.0,0.11103,0.65432,243.0,siting - outside the footprint,False,False
55111000200,Sauk County,WI,micro,2110,100938,False,ffiec_ratio,239.0,163.0,5.0,158.0,39485000.0,3.067,False,158.0,0.07488,0.66109,231.67,"conversion - present, under-capturing",False,False
55089660201,Ozaukee County,WI,metro,1980,156250,False,ffiec_ratio,244.0,170.0,12.0,158.0,70950000.0,7.059,True,158.0,0.0798,0.64754,226.78,siting - outside the footprint,False,False
55017010300,Chippewa County,WI,metro,2533,88583,False,ffiec_ratio,234.0,159.0,1.0,158.0,31355000.0,0.629,False,158.0,0.06238,0.67521,232.53,"conversion - present, under-capturing",False,False
55033970300,Dunn County,WI,micro,2379,108259,False,ffiec_ratio,249.0,160.0,2.0,158.0,29780000.0,1.25,True,158.0,0.06641,0.63454,245.89,siting - outside the footprint,False,False
55059003001,Kenosha County,WI,metro,2210,105485,False,ffiec_ratio,277.0,174.0,16.0,158.0,47080000.0,9.195,False,158.0,0.07149,0.5704,251.53,"conversion - present, under-capturing",False,False
55079160301,Milwaukee County,WI,metro,1844,135913,False,ffiec_ratio,223.0,162.0,4.0,158.0,37390000.0,2.469,True,158.0,0.08568,0.70852,217.49,siting - outside the footprint,False,False
17027900100,Clinton County,IL,metro,2549,125990,False,ffiec_ratio,236.0,158.0,0.0,158.0,31090000.0,0.0,True,158.0,0.06199,0.66949,236.0,siting - outside the footprint,False,False
55131410100,Washington County,WI,metro,2242,109894,False,ffiec_ratio,234.0,165.0,8.0,157.0,36955000.0,4.848,True,157.0,0.07003,0.67094,222.66,siting - outside the footprint,False,False
17031829904,Cook County,IL,metro,2276,111683,False,ffiec_ratio,286.0,157.0,0.0,157.0,32765000.0,0.0,True,157.0,0.06898,0.54895,286.0,siting - outside the footprint,False,False
17031804805,Cook County,IL,metro,2526,120885,False,ffiec_ratio,254.0,157.0,0.0,157.0,37165000.0,0.0,False,157.0,0.06215,0.61811,254.0,"conversion - present, capturing none",False,False
55009021200,Brown County,WI,metro,2236,100466,False,ffiec_ratio,235.0,172.0,15.0,157.0,34030000.0,8.721,False,157.0,0.07021,0.66809,214.51,"conversion - present, under-capturing",False,False
55105002601,Rock County,WI,metro,2259,89213,False,ffiec_ratio,250.0,162.0,5.0,157.0,36500000.0,3.086,False,157.0,0.0695,0.628,242.29,"conversion - present, under-capturing",False,False
17043842100,DuPage County,IL,metro,2239,185446,False,ffiec_ratio,232.0,157.0,0.0,157.0,72245000.0,0.0,True,157.0,0.07012,0.67672,232.0,siting - outside the footprint,False,False
17163504355,St. Clair County,IL,metro,1862,154500,False,ffiec_ratio,228.0,157.0,1.0,156.0,48965000.0,0.637,True,156.0,0.08378,0.68421,226.55,siting - outside the footprint,False,False
55025002100,Dane County,WI,metro,2587,73661,False,ffiec_ratio,236.0,157.0,1.0,156.0,50645000.0,0.637,False,156.0,0.0603,0.66102,234.5,"conversion - present, under-capturing",False,False
55029100800,Door County,WI,rural,3064,99722,False,ffiec_ratio,224.0,160.0,4.0,156.0,53470000.0,2.5,False,156.0,0.05091,0.69643,218.4,"conversion - present, under-capturing",False,False
55131460102,Washington County,WI,metro,2251,154211,False,ffiec_ratio,226.0,161.0,5.0,156.0,47745000.0,3.106,True,156.0,0.0693,0.69027,218.98,siting - outside the footprint,False,False
55073001202,Marathon County,WI,metro,2456,103977,False,ffiec_ratio,222.0,161.0,5.0,156.0,27135000.0,3.106,True,156.0,0.06352,0.7027,215.1,siting - outside the footprint,False,False
55079187200,Milwaukee County,WI,metro,1783,144844,False,ffiec_ratio,245.0,164.0,8.0,156.0,93090000.0,4.878,True,156.0,0.08749,0.63673,233.05,siting - outside the footprint,False,False
55079090600,Milwaukee County,WI,metro,2045,118024,False,ffiec_ratio,215.0,159.0,3.0,156.0,35525000.0,1.887,False,156.0,0.07628,0.72558,210.94,"conversion - present, under-capturing",False,False
55073000300,Marathon County,WI,metro,2315,99526,False,ffiec_ratio,230.0,162.0,6.0,156.0,28190000.0,3.704,False,156.0,0.06739,0.67826,221.48,"conversion - present, under-capturing",False,False
17111871111,McHenry County,IL,metro,1646,186339,False,ffiec_ratio,237.0,156.0,0.0,156.0,41340000.0,0.0,True,156.0,0.09478,0.65823,237.0,siting - outside the footprint,False,False
17197881001,Will County,IL,metro,1835,154167,False,ffiec_ratio,217.0,156.0,0.0,156.0,48480000.0,0.0,True,156.0,0.08501,0.71889,217.0,siting - outside the footprint,False,False
55079101600,Milwaukee County,WI,metro,2040,81548,True,ffiec_ratio,233.0,162.0,6.0,156.0,30250000.0,3.704,False,156.0,0.07647,0.66953,224.37,"conversion - present, under-capturing",False,False
55059002300,Kenosha County,WI,metro,2407,102587,False,ffiec_ratio,241.0,159.0,4.0,155.0,29565000.0,2.516,False,155.0,0.0644,0.64315,234.94,"conversion - present, under-capturing",False,False
55105000500,Rock County,WI,metro,1869,73723,False,ffiec_ratio,230.0,161.0,6.0,155.0,22265000.0,3.727,False,155.0,0.08293,0.67391,221.43,"conversion - present, under-capturing",False,False
17031812000,Cook County,IL,metro,2536,237813,False,ffiec_ratio,252.0,157.0,2.0,155.0,72295000.0,1.274,True,155.0,0.06112,0.61508,248.79,siting - outside the footprint,False,False
55025002401,Dane County,WI,metro,1424,105625,False,ffiec_ratio,216.0,156.0,1.0,155.0,25050000.0,0.641,True,155.0,0.10885,0.71759,214.62,siting - outside the footprint,False,False
55059003002,Kenosha County,WI,metro,2268,132679,False,ffiec_ratio,264.0,169.0,14.0,155.0,46615000.0,8.284,False,155.0,0.06834,0.58712,242.13,"conversion - present, under-capturing",False,False
55055100700,Jefferson County,WI,micro,1771,114356,False,ffiec_ratio,245.0,159.0,4.0,155.0,33555000.0,2.516,False,155.0,0.08752,0.63265,238.84,"conversion - present, under-capturing",False,False
17031804102,Cook County,IL,metro,2443,184333,False,ffiec_ratio,240.0,156.0,1.0,155.0,66050000.0,0.641,True,155.0,0.06345,0.64583,238.46,siting - outside the footprint,False,False
55105002800,Rock County,WI,metro,2140,99688,False,ffiec_ratio,246.0,156.0,1.0,155.0,29280000.0,0.641,True,155.0,0.07243,0.63008,244.42,siting - outside the footprint,False,False
17089850105,Kane County,IL,metro,2635,135227,False,ffiec_ratio,254.0,155.0,0.0,155.0,39685000.0,0.0,False,155.0,0.05882,0.61024,254.0,"conversion - present, capturing none",False,False
17089850103,Kane County,IL,metro,2079,118571,False,ffiec_ratio,251.0,155.0,0.0,155.0,39025000.0,0.0,False,155.0,0.07456,0.61753,251.0,"conversion - present, capturing none",False,False
55059002400,Kenosha County,WI,metro,2004,99629,False,ffiec_ratio,228.0,157.0,3.0,154.0,33035000.0,1.911,False,154.0,0.07685,0.67544,223.64,"conversion - present, under-capturing",False,False
55009940007,Brown County,WI,metro,1382,127209,False,ffiec_ratio,204.0,166.0,12.0,154.0,62880000.0,7.229,True,154.0,0.11143,0.7549,189.25,siting - outside the footprint,False,False
17097861108,Lake County,IL,metro,2161,161389,False,ffiec_ratio,248.0,155.0,1.0,154.0,32505000.0,0.645,True,154.0,0.07126,0.62097,246.4,siting - outside the footprint,False,False
55133203304,Waukesha County,WI,metro,2130,149509,False,ffiec_ratio,219.0,165.0,11.0,154.0,55725000.0,6.667,False,154.0,0.0723,0.7032,204.4,"conversion - present, under-capturing",False,False
17163503334,St. Clair County,IL,metro,2617,96420,False,ffiec_ratio,328.0,156.0,2.0,154.0,28220000.0,1.282,True,154.0,0.05885,0.46951,323.8,siting - outside the footprint,False,False
55027961500,Dodge County,WI,micro,1959,107048,False,ffiec_ratio,229.0,157.0,3.0,154.0,36765000.0,1.911,True,154.0,0.07861,0.67249,224.62,siting - outside the footprint,False,False
17201003810,Winnebago County,IL,metro,2789,106131,False,ffiec_ratio,242.0,157.0,3.0,154.0,29545000.0,1.911,False,154.0,0.05522,0.63636,237.38,"conversion - present, under-capturing",False,False
17089852408,Kane County,IL,metro,1645,197500,False,ffiec_ratio,217.0,155.0,1.0,154.0,46035000.0,0.645,True,154.0,0.09362,0.70968,215.6,siting - outside the footprint,False,False
55025002603,Dane County,WI,metro,2418,138527,False,ffiec_ratio,208.0,154.0,1.0,153.0,54420000.0,0.649,False,153.0,0.06328,0.73558,206.65,"conversion - present, under-capturing",False,False
55127001701,Walworth County,WI,micro,2203,95765,False,ffiec_ratio,276.0,166.0,13.0,153.0,48530000.0,7.831,False,153.0,0.06945,0.55435,254.39,"conversion - present, under-capturing",False,False
17031801500,Cook County,IL,metro,2513,233942,False,ffiec_ratio,292.0,154.0,1.0,153.0,79300000.0,0.649,True,153.0,0.06088,0.52397,290.1,siting - outside the footprint,False,False
55009010202,Brown County,WI,metro,2059,91654,False,ffiec_ratio,198.0,163.0,10.0,153.0,36105000.0,6.135,False,153.0,0.07431,0.77273,185.85,"conversion - present, under-capturing",False,False
17197881007,Will County,IL,metro,1916,159903,False,ffiec_ratio,254.0,153.0,0.0,153.0,57875000.0,0.0,True,153.0,0.07985,0.60236,254.0,siting - outside the footprint,False,False
55093960200,Pierce County,WI,metro,2213,115441,False,ffiec_ratio,240.0,163.0,10.0,153.0,41325000.0,6.135,True,153.0,0.06914,0.6375,225.28,siting - outside the footprint,False,False
55133203805,Waukesha County,WI,metro,1733,142143,False,ffiec_ratio,219.0,159.0,6.0,153.0,50995000.0,3.774,True,153.0,0.08829,0.69863,210.73,siting - outside the footprint,False,False
55133201703,Waukesha County,WI,metro,2437,134539,False,ffiec_ratio,213.0,157.0,4.0,153.0,42485000.0,2.548,False,153.0,0.06278,0.71831,207.57,"conversion - present, under-capturing",False,False
17037000800,DeKalb County,IL,metro,2861,64361,True,ffiec_ratio,218.0,154.0,1.0,153.0,26450000.0,0.649,True,153.0,0.05348,0.70183,216.59,siting - outside the footprint,False,False
55039042002,Fond du Lac County,WI,metro,2374,102802,False,ffiec_ratio,207.0,162.0,9.0,153.0,41260000.0,5.556,True,153.0,0.06445,0.73913,195.5,siting - outside the footprint,False,False
17031804305,Cook County,IL,metro,2707,118250,False,ffiec_ratio,241.0,153.0,0.0,153.0,33115000.0,0.0,False,153.0,0.05652,0.63485,241.0,"conversion - present, capturing none",False,False
55075960700,Marinette County,WI,micro,1658,63802,True,ffiec_ratio,264.0,169.0,16.0,153.0,38455000.0,9.467,False,153.0,0.09228,0.57955,239.01,"conversion - present, under-capturing",False,False
55139001801,Winnebago County,WI,metro,2337,113397,False,ffiec_ratio,202.0,155.0,3.0,152.0,38605000.0,1.935,False,152.0,0.06504,0.75248,198.09,"conversion - present, under-capturing",False,False
55133201701,Waukesha County,WI,metro,2104,126593,False,ffiec_ratio,237.0,156.0,4.0,152.0,42800000.0,2.564,False,152.0,0.07224,0.64135,230.92,"conversion - present, under-capturing",False,False
55025010908,Dane County,WI,metro,2293,153733,False,ffiec_ratio,213.0,158.0,6.0,152.0,50380000.0,3.797,True,152.0,0.06629,0.71362,204.91,siting - outside the footprint,False,False
55079150303,Milwaukee County,WI,metro,2151,148438,False,ffiec_ratio,212.0,156.0,4.0,152.0,31920000.0,2.564,False,152.0,0.07066,0.71698,206.56,"conversion - present, under-capturing",False,False
17097860903,Lake County,IL,metro,2835,84125,True,ffiec_ratio,264.0,152.0,0.0,152.0,28630000.0,0.0,True,152.0,0.05362,0.57576,264.0,siting - outside the footprint,False,False
17031818500,Cook County,IL,metro,2326,115737,False,ffiec_ratio,272.0,152.0,0.0,152.0,40670000.0,0.0,True,152.0,0.06535,0.55882,272.0,siting - outside the footprint,False,False
17007010603,Boone County,IL,metro,2086,139638,False,ffiec_ratio,269.0,157.0,5.0,152.0,35585000.0,3.185,True,152.0,0.07287,0.56506,260.43,siting - outside the footprint,False,False
55133203704,Waukesha County,WI,metro,1899,155568,False,ffiec_ratio,226.0,154.0,3.0,151.0,68880000.0,1.948,True,151.0,0.07952,0.66814,221.6,siting - outside the footprint,False,False
17111871305,McHenry County,IL,metro,1863,186316,False,ffiec_ratio,237.0,153.0,2.0,151.0,40845000.0,1.307,True,151.0,0.08105,0.63713,233.9,siting - outside the footprint,False,False
55059002000,Kenosha County,WI,metro,2122,119554,False,ffiec_ratio,235.0,152.0,1.0,151.0,35450000.0,0.658,True,151.0,0.07116,0.64255,233.45,siting - outside the footprint,False,False
55071010100,Manitowoc County,WI,micro,1943,83702,False,ffiec_ratio,220.0,153.0,2.0,151.0,25585000.0,1.307,False,151.0,0.07771,0.68636,217.12,"conversion - present, under-capturing",False,False
55133203602,Waukesha County,WI,metro,2321,118167,False,ffiec_ratio,231.0,151.0,0.0,151.0,37375000.0,0.0,True,151.0,0.06506,0.65368,231.0,siting - outside the footprint,False,False
17091010601,Kankakee County,IL,metro,1881,121500,False,ffiec_ratio,230.0,151.0,0.0,151.0,32935000.0,0.0,True,151.0,0.08028,0.65652,230.0,siting - outside the footprint,False,False
17163503323,St. Clair County,IL,metro,2582,171950,False,ffiec_ratio,238.0,151.0,0.0,151.0,37435000.0,0.0,False,151.0,0.05848,0.63445,238.0,"conversion - present, capturing none",False,False
17093890104,Kendall County,IL,metro,2234,139754,False,ffiec_ratio,244.0,151.0,0.0,151.0,42105000.0,0.0,True,151.0,0.06759,0.61885,244.0,siting - outside the footprint,False,False
17097861011,Lake County,IL,metro,2424,122361,False,ffiec_ratio,265.0,151.0,0.0,151.0,32415000.0,0.0,True,151.0,0.06229,0.56981,265.0,siting - outside the footprint,False,False
17197883902,Will County,IL,metro,2281,113700,False,ffiec_ratio,256.0,151.0,0.0,151.0,33845000.0,0.0,True,151.0,0.0662,0.58984,256.0,siting - outside the footprint,False,False
17089852002,Kane County,IL,metro,2876,129728,False,ffiec_ratio,235.0,151.0,0.0,151.0,39885000.0,0.0,True,151.0,0.0525,0.64255,235.0,siting - outside the footprint,False,False
17111870604,McHenry County,IL,metro,2508,102966,False,ffiec_ratio,230.0,151.0,0.0,151.0,71145000.0,0.0,True,151.0,0.06021,0.65652,230.0,siting - outside the footprint,False,False
17143002300,Peoria County,IL,metro,2141,71786,False,ffiec_ratio,215.0,151.0,1.0,150.0,20735000.0,0.662,True,150.0,0.07006,0.69767,213.58,siting - outside the footprint,False,False
55009020505,Brown County,WI,metro,2406,104315,False,ffiec_ratio,206.0,161.0,11.0,150.0,35355000.0,6.832,False,150.0,0.06234,0.72816,191.93,"conversion - present, under-capturing",False,False
55089650300,Ozaukee County,WI,metro,2239,147457,False,ffiec_ratio,226.0,158.0,8.0,150.0,49350000.0,5.063,True,150.0,0.06699,0.66372,214.56,siting - outside the footprint,False,False
55133202102,Waukesha County,WI,metro,2029,152120,False,ffiec_ratio,217.0,152.0,2.0,150.0,42120000.0,1.316,False,150.0,0.07393,0.69124,214.14,"conversion - present, under-capturing",False,False
55071010400,Manitowoc County,WI,micro,2678,94494,False,ffiec_ratio,213.0,156.0,6.0,150.0,30840000.0,3.846,False,150.0,0.05601,0.70423,204.81,"conversion - present, under-capturing",False,False
55087013100,Outagamie County,WI,metro,2224,94151,False,ffiec_ratio,194.0,162.0,12.0,150.0,29970000.0,7.407,True,150.0,0.06745,0.7732,179.63,siting - outside the footprint,False,False
55089620100,Ozaukee County,WI,metro,2549,99231,False,ffiec_ratio,222.0,163.0,13.0,150.0,42555000.0,7.975,True,150.0,0.05885,0.67568,204.3,siting - outside the footprint,False,False
55033970500,Dunn County,WI,micro,2807,100972,False,ffiec_ratio,230.0,153.0,3.0,150.0,36725000.0,1.961,True,150.0,0.05344,0.65217,225.49,siting - outside the footprint,False,False
55061960500,Kewaunee County,WI,metro,2546,104766,False,ffiec_ratio,213.0,154.0,4.0,150.0,24960000.0,2.597,True,150.0,0.05892,0.70423,207.47,siting - outside the footprint,False,False
17111870703,McHenry County,IL,metro,2300,137292,False,ffiec_ratio,221.0,152.0,2.0,150.0,45520000.0,1.316,True,150.0,0.06522,0.67873,218.09,siting - outside the footprint,False,False
55031030200,Douglas County,WI,metro,2051,115888,False,ffiec_ratio,250.0,150.0,0.0,150.0,27970000.0,0.0,True,150.0,0.07314,0.6,250.0,siting - outside the footprint,False,False
17119403122,Madison County,IL,metro,2394,154043,False,ffiec_ratio,227.0,150.0,0.0,150.0,43010000.0,0.0,False,150.0,0.06266,0.66079,227.0,"conversion - present, capturing none",False,False
55133201300,Waukesha County,WI,metro,2140,111958,False,ffiec_ratio,208.0,152.0,2.0,150.0,34600000.0,1.316,False,150.0,0.07009,0.72115,205.26,"conversion - present, under-capturing",False,False
17111871112,McHenry County,IL,metro,1854,186136,False,ffiec_ratio,234.0,153.0,3.0,150.0,46225000.0,1.961,False,150.0,0.08091,0.64103,229.41,"conversion - present, under-capturing",False,False
17197880901,Will County,IL,metro,2763,105106,True,ffiec_ratio,244.0,150.0,0.0,150.0,27650000.0,0.0,True,150.0,0.05429,0.61475,244.0,siting - outside the footprint,False,False
55059002905,Kenosha County,WI,metro,1563,118902,False,ffiec_ratio,221.0,149.0,0.0,149.0,30785000.0,0.0,True,149.0,0.09533,0.67421,221.0,siting - outside the footprint,False,False
55039041400,Fond du Lac County,WI,metro,2455,111096,False,ffiec_ratio,201.0,162.0,13.0,149.0,34140000.0,8.025,True,149.0,0.06069,0.74129,184.87,siting - outside the footprint,False,False
55027960400,Dodge County,WI,micro,1824,101424,False,ffiec_ratio,194.0,151.0,2.0,149.0,37395000.0,1.325,False,149.0,0.08169,0.76804,191.43,"conversion - present, under-capturing",False,False
55035000402,Eau Claire County,WI,metro,2497,96520,False,ffiec_ratio,272.0,159.0,10.0,149.0,32265000.0,6.289,False,149.0,0.05967,0.54779,254.89,"conversion - present, under-capturing",False,False
55055101300,Jefferson County,WI,micro,2609,94618,False,ffiec_ratio,220.0,153.0,4.0,149.0,41265000.0,2.614,False,149.0,0.05711,0.67727,214.25,"conversion - present, under-capturing",False,False
17097860811,Lake County,IL,metro,1897,141571,False,ffiec_ratio,226.0,149.0,0.0,149.0,39865000.0,0.0,True,149.0,0.07855,0.65929,226.0,siting - outside the footprint,False,False
17119403502,Madison County,IL,metro,2315,103414,False,ffiec_ratio,230.0,149.0,1.0,148.0,27575000.0,0.671,False,148.0,0.06393,0.64348,228.46,"conversion - present, under-capturing",False,False
55127000901,Walworth County,WI,micro,2302,98160,False,ffiec_ratio,245.0,152.0,4.0,148.0,28680000.0,2.632,False,148.0,0.06429,0.60408,238.55,"conversion - present, under-capturing",False,False
17031802802,Cook County,IL,metro,2274,143519,False,ffiec_ratio,249.0,148.0,0.0,148.0,42240000.0,0.0,True,148.0,0.06508,0.59438,249.0,siting - outside the footprint,False,False
55111000401,Sauk County,WI,micro,2424,111709,False,ffiec_ratio,219.0,149.0,1.0,148.0,29325000.0,0.671,True,148.0,0.06106,0.6758,217.53,siting - outside the footprint,False,False
17163504357,St. Clair County,IL,metro,1662,122321,False,ffiec_ratio,225.0,148.0,0.0,148.0,32090000.0,0.0,True,148.0,0.08905,0.65778,225.0,siting - outside the footprint,False,False
55009940005,Brown County,WI,metro,2880,139492,False,ffiec_ratio,221.0,156.0,9.0,147.0,70860000.0,5.769,True,147.0,0.05104,0.66516,208.25,siting - outside the footprint,False,False
55079090100,Milwaukee County,WI,metro,1771,109536,False,ffiec_ratio,228.0,149.0,2.0,147.0,33065000.0,1.342,False,147.0,0.083,0.64474,224.94,"conversion - present, under-capturing",False,False
55083101100,Oconto County,WI,metro,1893,103143,False,ffiec_ratio,208.0,155.0,8.0,147.0,30855000.0,5.161,True,147.0,0.07765,0.70673,197.27,siting - outside the footprint,False,False
55133201506,Waukesha County,WI,metro,2455,109946,False,ffiec_ratio,212.0,153.0,6.0,147.0,46465000.0,3.922,False,147.0,0.05988,0.6934,203.69,"conversion - present, under-capturing",False,False
55079003400,Milwaukee County,WI,metro,2341,70799,True,ffiec_ratio,278.0,149.0,2.0,147.0,27685000.0,1.342,False,147.0,0.06279,0.52878,274.27,"conversion - present, under-capturing",False,False
17111870603,McHenry County,IL,metro,1732,91074,True,ffiec_ratio,222.0,147.0,0.0,147.0,26405000.0,0.0,True,147.0,0.08487,0.66216,222.0,siting - outside the footprint,False,False
17167003400,Sangamon County,IL,metro,2258,117656,False,ffiec_ratio,195.0,147.0,0.0,147.0,17845000.0,0.0,True,147.0,0.0651,0.75385,195.0,siting - outside the footprint,False,False
55063000100,La Crosse County,WI,metro,2085,72541,False,ffiec_ratio,205.0,153.0,6.0,147.0,35315000.0,3.922,False,147.0,0.0705,0.71707,196.96,"conversion - present, under-capturing",False,False
55087011400,Outagamie County,WI,metro,2141,103235,False,ffiec_ratio,195.0,149.0,2.0,147.0,30015000.0,1.342,False,147.0,0.06866,0.75385,192.38,"conversion - present, under-capturing",False,False
55135100900,Waupaca County,WI,rural,2883,89333,False,ffiec_ratio,211.0,150.0,4.0,146.0,27850000.0,2.667,False,146.0,0.05064,0.69194,205.37,"conversion - present, under-capturing",False,False
55117010601,Sheboygan County,WI,metro,2540,103306,False,ffiec_ratio,218.0,149.0,3.0,146.0,27995000.0,2.013,True,146.0,0.05748,0.66972,213.61,siting - outside the footprint,False,False
17163503202,St. Clair County,IL,metro,2182,91690,False,ffiec_ratio,255.0,149.0,3.0,146.0,30235000.0,2.013,True,146.0,0.06691,0.57255,249.87,siting - outside the footprint,False,False
17031804901,Cook County,IL,metro,2664,153000,False,ffiec_ratio,229.0,147.0,1.0,146.0,55445000.0,0.68,True,146.0,0.0548,0.63755,227.44,siting - outside the footprint,False,False
55109120300,St. Croix County,WI,metro,2193,142434,False,ffiec_ratio,237.0,160.0,14.0,146.0,41830000.0,8.75,False,146.0,0.06658,0.61603,216.26,"conversion - present, under-capturing",False,False
55087012602,Outagamie County,WI,metro,1974,138281,False,ffiec_ratio,200.0,150.0,4.0,146.0,35810000.0,2.667,False,146.0,0.07396,0.73,194.67,"conversion - present, under-capturing",False,False
17043846207,DuPage County,IL,metro,1859,195417,False,ffiec_ratio,236.0,146.0,0.0,146.0,45380000.0,0.0,True,146.0,0.07854,0.61864,236.0,siting - outside the footprint,False,False
17063000800,Grundy County,IL,metro,1970,102587,False,ffiec_ratio,221.0,146.0,0.0,146.0,31780000.0,0.0,True,146.0,0.07411,0.66063,221.0,siting - outside the footprint,False,False
55055100400,Jefferson County,WI,micro,2538,96771,False,ffiec_ratio,207.0,149.0,3.0,146.0,34585000.0,2.013,False,146.0,0.05753,0.70531,202.83,"conversion - present, under-capturing",False,False
17091010602,Kankakee County,IL,metro,2363,78454,False,ffiec_ratio,261.0,146.0,0.0,146.0,20540000.0,0.0,True,146.0,0.06179,0.55939,261.0,siting - outside the footprint,False,False
17197884003,Will County,IL,metro,1597,111795,False,ffiec_ratio,238.0,146.0,0.0,146.0,26840000.0,0.0,True,146.0,0.09142,0.61345,238.0,siting - outside the footprint,False,False
55039041800,Fond du Lac County,WI,metro,1835,102825,False,ffiec_ratio,220.0,149.0,4.0,145.0,22915000.0,2.685,True,145.0,0.07902,0.65909,214.09,siting - outside the footprint,False,False
55081950300,Monroe County,WI,micro,2863,86953,False,ffiec_ratio,205.0,148.0,3.0,145.0,38320000.0,2.027,True,145.0,0.05065,0.70732,200.84,siting - outside the footprint,False,False
17119401721,Madison County,IL,metro,2218,91196,False,ffiec_ratio,224.0,148.0,3.0,145.0,22010000.0,2.027,False,145.0,0.06537,0.64732,219.46,"conversion - present, under-capturing",False,False
55079019800,Milwaukee County,WI,metro,2081,78409,False,ffiec_ratio,237.0,148.0,3.0,145.0,23720000.0,2.027,False,145.0,0.06968,0.61181,232.2,"conversion - present, under-capturing",False,False
55079005400,Milwaukee County,WI,metro,1550,90517,False,ffiec_ratio,234.0,147.0,2.0,145.0,24085000.0,1.361,False,145.0,0.09355,0.61966,230.82,"conversion - present, under-capturing",False,False
55101001506,Racine County,WI,metro,1664,120759,False,ffiec_ratio,209.0,145.0,0.0,145.0,27035000.0,0.0,True,145.0,0.08714,0.69378,209.0,siting - outside the footprint,False,False
55101002401,Racine County,WI,metro,1923,117750,False,ffiec_ratio,228.0,149.0,4.0,145.0,28745000.0,2.685,False,145.0,0.0754,0.63596,221.88,"conversion - present, under-capturing",False,False
17031801605,Cook County,IL,metro,2106,187010,False,ffiec_ratio,213.0,145.0,0.0,145.0,73555000.0,0.0,True,145.0,0.06885,0.68075,213.0,siting - outside the footprint,False,False
17031120300,Cook County,IL,metro,2589,182146,False,ffiec_ratio,243.0,146.0,1.0,145.0,62220000.0,0.685,False,145.0,0.05601,0.59671,241.34,"conversion - present, under-capturing",False,False
17093890301,Kendall County,IL,metro,2342,128417,False,ffiec_ratio,212.0,145.0,0.0,145.0,32655000.0,0.0,True,145.0,0.06191,0.68396,212.0,siting - outside the footprint,False,False
17143004101,Peoria County,IL,metro,2935,156766,False,ffiec_ratio,209.0,145.0,0.0,145.0,34365000.0,0.0,True,145.0,0.0494,0.69378,209.0,siting - outside the footprint,False,False
17197880105,Will County,IL,metro,2003,137892,False,ffiec_ratio,279.0,145.0,0.0,145.0,33245000.0,0.0,True,145.0,0.07239,0.51971,279.0,siting - outside the footprint,False,False
55035000501,Eau Claire County,WI,metro,1692,106471,False,ffiec_ratio,215.0,154.0,9.0,145.0,25640000.0,5.844,False,145.0,0.0857,0.67442,202.44,"conversion - present, under-capturing",False,False
17031804000,Cook County,IL,metro,1933,103792,False,ffiec_ratio,231.0,145.0,0.0,145.0,32225000.0,0.0,True,145.0,0.07501,0.62771,231.0,siting - outside the footprint,False,False
17097864105,Lake County,IL,metro,2356,162000,False,ffiec_ratio,229.0,145.0,0.0,145.0,37305000.0,0.0,True,145.0,0.06154,0.63319,229.0,siting - outside the footprint,False,False
55105001305,Rock County,WI,metro,1349,109014,False,ffiec_ratio,190.0,147.0,2.0,145.0,28685000.0,1.361,False,145.0,0.10749,0.76316,187.41,"conversion - present, under-capturing",False,False
55127000802,Walworth County,WI,micro,1041,134732,False,ffiec_ratio,252.0,148.0,4.0,144.0,56720000.0,2.703,False,144.0,0.13833,0.57143,245.19,"conversion - present, under-capturing",False,False
55093960400,Pierce County,WI,metro,2552,116364,False,ffiec_ratio,198.0,149.0,5.0,144.0,48315000.0,3.356,True,144.0,0.05643,0.72727,191.36,siting - outside the footprint,False,False
17097865700,Lake County,IL,metro,2299,250001,False,ffiec_ratio,250.0,146.0,2.0,144.0,73890000.0,1.37,True,144.0,0.06264,0.576,246.58,siting - outside the footprint,False,False
55079030100,Milwaukee County,WI,metro,1673,195000,False,ffiec_ratio,207.0,147.0,3.0,144.0,89285000.0,2.041,False,144.0,0.08607,0.69565,202.78,"conversion - present, under-capturing",False,False
55133200902,Waukesha County,WI,metro,1367,164141,False,ffiec_ratio,220.0,152.0,8.0,144.0,42020000.0,5.263,False,144.0,0.10534,0.65455,208.42,"conversion - present, under-capturing",False,False
17031803608,Cook County,IL,metro,3305,158650,False,ffiec_ratio,258.0,145.0,1.0,144.0,48595000.0,0.69,True,144.0,0.04357,0.55814,256.22,siting - outside the footprint,False,False
55073001800,Marathon County,WI,metro,2183,103935,False,ffiec_ratio,200.0,154.0,10.0,144.0,30120000.0,6.494,True,144.0,0.06596,0.72,187.01,siting - outside the footprint,False,False
55025002000,Dane County,WI,metro,3151,111367,False,ffiec_ratio,199.0,145.0,1.0,144.0,30155000.0,0.69,False,144.0,0.0457,0.72362,197.63,"conversion - present, under-capturing",False,False
55135101000,Waupaca County,WI,rural,2585,88424,False,ffiec_ratio,229.0,145.0,1.0,144.0,27635000.0,0.69,False,144.0,0.05571,0.62882,227.42,"conversion - present, under-capturing",False,False
55043961000,Grant County,WI,micro,2422,104512,False,ffiec_ratio,189.0,144.0,0.0,144.0,28930000.0,0.0,True,144.0,0.05945,0.7619,189.0,siting - outside the footprint,False,False
55133203103,Waukesha County,WI,metro,2040,101250,False,ffiec_ratio,204.0,148.0,4.0,144.0,29310000.0,2.703,False,144.0,0.07059,0.70588,198.49,"conversion - present, under-capturing",False,False
55121100700,Trempealeau County,WI,rural,2486,101442,False,ffiec_ratio,197.0,147.0,3.0,144.0,33125000.0,2.041,True,144.0,0.05792,0.73096,192.98,siting - outside the footprint,False,False
17043846305,DuPage County,IL,metro,2205,121200,False,ffiec_ratio,236.0,144.0,0.0,144.0,31280000.0,0.0,True,144.0,0.06531,0.61017,236.0,siting - outside the footprint,False,False
55063010401,La Crosse County,WI,metro,2276,125959,False,ffiec_ratio,191.0,151.0,7.0,144.0,52205000.0,4.636,False,144.0,0.06327,0.75393,182.15,"conversion - present, under-capturing",False,False
55115100300,Shawano County,WI,micro,1582,91250,False,ffiec_ratio,212.0,150.0,6.0,144.0,22990000.0,4.0,False,144.0,0.09102,0.67925,203.52,"conversion - present, under-capturing",False,False
55073001900,Marathon County,WI,metro,2506,102888,False,ffiec_ratio,197.0,145.0,1.0,144.0,24725000.0,0.69,True,144.0,0.05746,0.73096,195.64,siting - outside the footprint,False,False
17031824106,Cook County,IL,metro,2469,117101,False,ffiec_ratio,217.0,144.0,0.0,144.0,37740000.0,0.0,True,144.0,0.05832,0.66359,217.0,siting - outside the footprint,False,False
17115002402,Macon County,IL,metro,2311,116076,False,ffiec_ratio,196.0,144.0,0.0,144.0,23940000.0,0.0,True,144.0,0.06231,0.73469,196.0,siting - outside the footprint,False,False
55139003400,Winnebago County,WI,metro,1819,73327,True,ffiec_ratio,212.0,146.0,2.0,144.0,21810000.0,1.37,False,144.0,0.07916,0.67925,209.1,"conversion - present, under-capturing",False,False
55025011508,Dane County,WI,metro,1748,153826,False,ffiec_ratio,191.0,147.0,3.0,144.0,62095000.0,2.041,False,144.0,0.08238,0.75393,187.1,"conversion - present, under-capturing",False,False
17201003805,Winnebago County,IL,metro,2843,79385,False,ffiec_ratio,269.0,149.0,6.0,143.0,23735000.0,4.027,False,143.0,0.0503,0.5316,258.17,"conversion - present, under-capturing",False,False
17031802900,Cook County,IL,metro,2088,220705,False,ffiec_ratio,216.0,146.0,3.0,143.0,62440000.0,2.055,True,143.0,0.06849,0.66204,211.56,siting - outside the footprint,False,False
17031801800,Cook County,IL,metro,2527,250001,False,ffiec_ratio,246.0,144.0,1.0,143.0,87060000.0,0.694,False,143.0,0.05659,0.5813,244.29,"conversion - present, under-capturing",False,False
55025002700,Dane County,WI,metro,1871,112697,True,ffiec_ratio,188.0,145.0,2.0,143.0,61455000.0,1.379,False,143.0,0.07643,0.76064,185.41,"conversion - present, under-capturing",False,False
55039040100,Fond du Lac County,WI,metro,1971,83629,False,ffiec_ratio,211.0,155.0,12.0,143.0,24395000.0,7.742,False,143.0,0.07255,0.67773,194.66,"conversion - present, under-capturing",False,False
17031080201,Cook County,IL,metro,2396,198594,False,ffiec_ratio,218.0,143.0,0.0,143.0,47085000.0,0.0,False,143.0,0.05968,0.65596,218.0,"conversion - present, capturing none",False,False
55009940006,Brown County,WI,metro,1581,147212,False,ffiec_ratio,193.0,154.0,11.0,143.0,41210000.0,7.143,True,143.0,0.09045,0.74093,179.21,siting - outside the footprint,False,False
17043841325,DuPage County,IL,metro,1845,141071,False,ffiec_ratio,228.0,143.0,0.0,143.0,33625000.0,0.0,True,143.0,0.07751,0.62719,228.0,siting - outside the footprint,False,False
17143003000,Peoria County,IL,metro,1992,104500,False,ffiec_ratio,217.0,143.0,0.0,143.0,23825000.0,0.0,True,143.0,0.07179,0.65899,217.0,siting - outside the footprint,False,False
17091010702,Kankakee County,IL,metro,2778,59556,True,ffiec_ratio,232.0,143.0,0.0,143.0,25245000.0,0.0,True,143.0,0.05148,0.61638,232.0,siting - outside the footprint,False,False
55101001202,Racine County,WI,metro,2391,67016,False,ffiec_ratio,245.0,144.0,1.0,143.0,29140000.0,0.694,False,143.0,0.05981,0.58367,243.3,"conversion - present, under-capturing",False,False
17197881112,Will County,IL,metro,1722,152438,False,ffiec_ratio,220.0,143.0,0.0,143.0,41015000.0,0.0,True,143.0,0.08304,0.65,220.0,siting - outside the footprint,False,False
55127000303,Walworth County,WI,micro,1665,108846,False,ffiec_ratio,241.0,151.0,9.0,142.0,50225000.0,5.96,False,142.0,0.08529,0.58921,226.64,"conversion - present, under-capturing",False,False
55005000800,Barron County,WI,micro,2294,95833,False,ffiec_ratio,220.0,146.0,4.0,142.0,27770000.0,2.74,False,142.0,0.0619,0.64545,213.97,"conversion - present, under-capturing",False,False
17043841314,DuPage County,IL,metro,2023,124091,False,ffiec_ratio,239.0,142.0,0.0,142.0,35930000.0,0.0,False,142.0,0.07019,0.59414,239.0,"conversion - present, capturing none",False,False
17097864518,Lake County,IL,metro,1798,209333,False,ffiec_ratio,230.0,142.0,0.0,142.0,47650000.0,0.0,True,142.0,0.07898,0.61739,230.0,siting - outside the footprint,False,False
17031804106,Cook County,IL,metro,2624,154467,False,ffiec_ratio,240.0,142.0,0.0,142.0,43820000.0,0.0,True,142.0,0.05412,0.59167,240.0,siting - outside the footprint,False,False
17019010901,Champaign County,IL,metro,2552,128906,False,ffiec_ratio,190.0,142.0,0.0,142.0,37420000.0,0.0,True,142.0,0.05564,0.74737,190.0,siting - outside the footprint,False,False
55059002906,Kenosha County,WI,metro,1977,136042,False,ffiec_ratio,236.0,145.0,4.0,141.0,39625000.0,2.759,True,141.0,0.07132,0.59746,229.49,siting - outside the footprint,False,False
55101000600,Racine County,WI,metro,2488,72643,True,ffiec_ratio,237.0,141.0,0.0,141.0,29795000.0,0.0,False,141.0,0.05667,0.59494,237.0,"conversion - present, capturing none",False,False
55133204004,Waukesha County,WI,metro,1570,130444,False,ffiec_ratio,199.0,143.0,2.0,141.0,45375000.0,1.399,True,141.0,0.08981,0.70854,196.22,siting - outside the footprint,False,False
17197880429,Will County,IL,metro,1450,165208,False,ffiec_ratio,229.0,142.0,1.0,141.0,31870000.0,0.704,True,141.0,0.09724,0.61572,227.39,siting - outside the footprint,False,False
55139002800,Winnebago County,WI,metro,2003,87923,False,ffiec_ratio,196.0,143.0,2.0,141.0,33685000.0,1.399,False,141.0,0.07039,0.71939,193.26,"conversion - present, under-capturing",False,False
17111870813,McHenry County,IL,metro,2136,117148,False,ffiec_ratio,224.0,143.0,2.0,141.0,32515000.0,1.399,True,141.0,0.06601,0.62946,220.87,siting - outside the footprint,False,False
55039040800,Fond du Lac County,WI,metro,1805,86146,False,ffiec_ratio,199.0,149.0,8.0,141.0,20655000.0,5.369,False,141.0,0.07812,0.70854,188.32,"conversion - present, under-capturing",False,False
17167003602,Sangamon County,IL,metro,1929,140511,False,ffiec_ratio,205.0,141.0,0.0,141.0,29295000.0,0.0,True,141.0,0.07309,0.6878,205.0,siting - outside the footprint,False,False
17083010401,Jersey County,IL,metro,2405,106705,False,ffiec_ratio,203.0,141.0,0.0,141.0,20145000.0,0.0,True,141.0,0.05863,0.69458,203.0,siting - outside the footprint,False,False
17019010601,Champaign County,IL,metro,2095,130278,False,ffiec_ratio,197.0,141.0,0.0,141.0,40595000.0,0.0,True,141.0,0.0673,0.71574,197.0,siting - outside the footprint,False,False
55035000200,Eau Claire County,WI,metro,1804,110544,False,ffiec_ratio,203.0,143.0,2.0,141.0,34925000.0,1.399,True,141.0,0.07816,0.69458,200.16,siting - outside the footprint,False,False
17031800700,Cook County,IL,metro,1709,250001,False,ffiec_ratio,213.0,141.0,0.0,141.0,113665000.0,0.0,False,141.0,0.0825,0.66197,213.0,"conversion - present, capturing none",False,False
17097861010,Lake County,IL,metro,1847,122875,False,ffiec_ratio,225.0,140.0,0.0,140.0,32630000.0,0.0,True,140.0,0.0758,0.62222,225.0,siting - outside the footprint,False,False
55061960401,Kewaunee County,WI,metro,2002,98259,False,ffiec_ratio,196.0,144.0,4.0,140.0,31470000.0,2.778,True,140.0,0.06993,0.71429,190.56,siting - outside the footprint,False,False
17031824005,Cook County,IL,metro,2038,167500,False,ffiec_ratio,219.0,140.0,0.0,140.0,44720000.0,0.0,True,140.0,0.06869,0.63927,219.0,siting - outside the footprint,False,False
17031815702,Cook County,IL,metro,2019,184911,False,ffiec_ratio,224.0,140.0,0.0,140.0,54240000.0,0.0,True,140.0,0.06934,0.625,224.0,siting - outside the footprint,False,False
17111870812,McHenry County,IL,metro,1691,104559,False,ffiec_ratio,239.0,140.0,0.0,140.0,27160000.0,0.0,True,140.0,0.08279,0.58577,239.0,siting - outside the footprint,False,False
17119400802,Madison County,IL,metro,2580,72440,False,ffiec_ratio,209.0,141.0,1.0,140.0,14885000.0,0.709,True,140.0,0.05426,0.66986,207.52,siting - outside the footprint,False,False
17043846002,DuPage County,IL,metro,2579,124571,False,ffiec_ratio,221.0,140.0,0.0,140.0,35200000.0,0.0,True,140.0,0.05428,0.63348,221.0,siting - outside the footprint,False,False
55097960500,Portage County,WI,micro,3003,115766,False,ffiec_ratio,228.0,150.0,10.0,140.0,32970000.0,6.667,False,140.0,0.04662,0.61404,212.8,"conversion - present, under-capturing",False,False
55079101400,Milwaukee County,WI,metro,1821,109083,False,ffiec_ratio,211.0,143.0,3.0,140.0,21515000.0,2.098,False,140.0,0.07688,0.66351,206.57,"conversion - present, under-capturing",False,False
17119401800,Madison County,IL,metro,2626,89342,False,ffiec_ratio,213.0,140.0,0.0,140.0,17550000.0,0.0,False,140.0,0.05331,0.65728,213.0,"conversion - present, capturing none",False,False
17031824107,Cook County,IL,metro,2762,120833,False,ffiec_ratio,235.0,140.0,0.0,140.0,38040000.0,0.0,True,140.0,0.05069,0.59574,235.0,siting - outside the footprint,False,False
17093890108,Kendall County,IL,metro,1830,160625,False,ffiec_ratio,220.0,140.0,0.0,140.0,42300000.0,0.0,True,140.0,0.0765,0.63636,220.0,siting - outside the footprint,False,False
17031803605,Cook County,IL,metro,2582,164039,False,ffiec_ratio,221.0,140.0,0.0,140.0,36230000.0,0.0,True,140.0,0.05422,0.63348,221.0,siting - outside the footprint,False,False
17031031400,Cook County,IL,metro,3128,150379,False,ffiec_ratio,219.0,140.0,0.0,140.0,28910000.0,0.0,True,140.0,0.04476,0.63927,219.0,siting - outside the footprint,False,False
17031070300,Cook County,IL,metro,1683,201250,False,ffiec_ratio,205.0,140.0,0.0,140.0,113570000.0,0.0,False,140.0,0.08318,0.68293,205.0,"conversion - present, capturing none",False,False
17197883504,Will County,IL,metro,2192,146292,False,ffiec_ratio,237.0,140.0,0.0,140.0,55270000.0,0.0,True,140.0,0.06387,0.59072,237.0,siting - outside the footprint,False,False
55133201504,Waukesha County,WI,metro,2614,119750,False,ffiec_ratio,196.0,145.0,6.0,139.0,36125000.0,4.138,False,139.0,0.05318,0.70918,187.89,"conversion - present, under-capturing",False,False
17097864511,Lake County,IL,metro,2574,136979,False,ffiec_ratio,231.0,139.0,0.0,139.0,57645000.0,0.0,False,139.0,0.054,0.60173,231.0,"conversion - present, capturing none",False,False
55009001802,Brown County,WI,metro,1884,109530,False,ffiec_ratio,207.0,153.0,14.0,139.0,35835000.0,9.15,False,139.0,0.07378,0.6715,188.06,"conversion - present, under-capturing",False,False
55071000100,Manitowoc County,WI,micro,2943,91708,False,ffiec_ratio,192.0,148.0,9.0,139.0,33920000.0,6.081,False,139.0,0.04723,0.72396,180.32,"conversion - present, under-capturing",False,False
55131450103,Washington County,WI,metro,2572,98776,False,ffiec_ratio,202.0,144.0,5.0,139.0,32400000.0,3.472,True,139.0,0.05404,0.68812,194.99,siting - outside the footprint,False,False
17043842000,DuPage County,IL,metro,1441,245000,False,ffiec_ratio,211.0,140.0,1.0,139.0,67330000.0,0.714,True,139.0,0.09646,0.65877,209.49,siting - outside the footprint,False,False
17031770300,Cook County,IL,metro,2938,97601,False,ffiec_ratio,246.0,140.0,1.0,139.0,33180000.0,0.714,True,139.0,0.04731,0.56504,244.24,siting - outside the footprint,False,False
17031824003,Cook County,IL,metro,2140,146935,False,ffiec_ratio,206.0,140.0,1.0,139.0,43570000.0,0.714,True,139.0,0.06495,0.67476,204.53,siting - outside the footprint,False,False
17043843500,DuPage County,IL,metro,2053,142543,False,ffiec_ratio,220.0,141.0,2.0,139.0,39005000.0,1.418,True,139.0,0.06771,0.63182,216.88,siting - outside the footprint,False,False
55021971000,Columbia County,WI,metro,1716,103472,False,ffiec_ratio,207.0,145.0,6.0,139.0,27375000.0,4.138,True,139.0,0.081,0.6715,198.43,siting - outside the footprint,False,False
17111870811,McHenry County,IL,metro,1848,114848,False,ffiec_ratio,251.0,139.0,0.0,139.0,29505000.0,0.0,True,139.0,0.07522,0.55378,251.0,siting - outside the footprint,False,False
17031803702,Cook County,IL,metro,2527,158723,False,ffiec_ratio,213.0,139.0,0.0,139.0,39395000.0,0.0,True,139.0,0.05501,0.65258,213.0,siting - outside the footprint,False,False
55131400102,Washington County,WI,metro,1475,106551,False,ffiec_ratio,190.0,139.0,1.0,138.0,28575000.0,0.719,True,138.0,0.09356,0.72632,188.63,siting - outside the footprint,False,False
55029100100,Door County,WI,rural,1364,94300,False,ffiec_ratio,202.0,146.0,8.0,138.0,54530000.0,5.479,False,138.0,0.10117,0.68317,190.93,"conversion - present, under-capturing",False,False
55133203702,Waukesha County,WI,metro,2048,152833,False,ffiec_ratio,217.0,142.0,4.0,138.0,52140000.0,2.817,True,138.0,0.06738,0.63594,210.89,siting - outside the footprint,False,False
17197883514,Will County,IL,metro,2560,185938,False,ffiec_ratio,242.0,139.0,1.0,138.0,39005000.0,0.719,True,138.0,0.05391,0.57025,240.26,siting - outside the footprint,False,False
17063000700,Grundy County,IL,metro,2482,104408,False,ffiec_ratio,232.0,138.0,0.0,138.0,33600000.0,0.0,True,138.0,0.0556,0.59483,232.0,siting - outside the footprint,False,False
55079020700,Milwaukee County,WI,metro,1937,104500,False,ffiec_ratio,211.0,144.0,6.0,138.0,24920000.0,4.167,False,138.0,0.07124,0.65403,202.21,"conversion - present, under-capturing",False,False
55109120802,St. Croix County,WI,metro,1990,92079,True,ffiec_ratio,222.0,143.0,5.0,138.0,30685000.0,3.497,True,138.0,0.06935,0.62162,214.24,siting - outside the footprint,False,False
17119403801,Madison County,IL,metro,1881,120750,False,ffiec_ratio,227.0,147.0,9.0,138.0,32535000.0,6.122,True,138.0,0.07337,0.60793,213.1,siting - outside the footprint,False,False
17031828505,Cook County,IL,metro,2527,122563,False,ffiec_ratio,337.0,140.0,2.0,138.0,34410000.0,1.429,True,138.0,0.05461,0.4095,332.18,siting - outside the footprint,False,False
55089660301,Ozaukee County,WI,metro,2150,184297,False,ffiec_ratio,220.0,149.0,11.0,138.0,50435000.0,7.383,False,138.0,0.06419,0.62727,203.76,"conversion - present, under-capturing",False,False
17111871105,McHenry County,IL,metro,1842,143011,False,ffiec_ratio,211.0,142.0,4.0,138.0,39020000.0,2.817,False,138.0,0.07492,0.65403,205.06,"conversion - present, under-capturing",False,False
17031804810,Cook County,IL,metro,2784,131153,False,ffiec_ratio,231.0,138.0,0.0,138.0,55200000.0,0.0,False,138.0,0.04957,0.5974,231.0,"conversion - present, capturing none",False,False
17073030100,Henry County,IL,metro,2210,82363,False,ffiec_ratio,211.0,138.0,0.0,138.0,19910000.0,0.0,True,138.0,0.06244,0.65403,211.0,siting - outside the footprint,False,False
17097864520,Lake County,IL,metro,1781,153000,False,ffiec_ratio,223.0,139.0,1.0,138.0,55415000.0,0.719,True,138.0,0.07748,0.61883,221.4,siting - outside the footprint,False,False
55079070200,Milwaukee County,WI,metro,1734,241625,False,ffiec_ratio,212.0,151.0,14.0,137.0,74735000.0,9.272,False,137.0,0.07901,0.64623,192.34,"conversion - present, under-capturing",False,False
55101001501,Racine County,WI,metro,1511,104750,False,ffiec_ratio,206.0,138.0,1.0,137.0,26110000.0,0.725,True,137.0,0.09067,0.66505,204.51,siting - outside the footprint,False,False
55063010500,La Crosse County,WI,metro,2833,105577,False,ffiec_ratio,190.0,139.0,2.0,137.0,26755000.0,1.439,False,137.0,0.04836,0.72105,187.27,"conversion - present, under-capturing",False,False
55079035200,Milwaukee County,WI,metro,1942,165459,False,ffiec_ratio,211.0,144.0,7.0,137.0,40480000.0,4.861,False,137.0,0.07055,0.64929,200.74,"conversion - present, under-capturing",False,False
55135100600,Waupaca County,WI,rural,2128,95717,False,ffiec_ratio,223.0,141.0,4.0,137.0,27275000.0,2.837,False,137.0,0.06438,0.61435,216.67,"conversion - present, under-capturing",False,False
55017010400,Chippewa County,WI,metro,2096,109423,False,ffiec_ratio,208.0,138.0,1.0,137.0,47020000.0,0.725,True,137.0,0.06536,0.65865,206.49,siting - outside the footprint,False,False
17097860905,Lake County,IL,metro,2011,93025,False,ffiec_ratio,240.0,139.0,2.0,137.0,26105000.0,1.439,True,137.0,0.06813,0.57083,236.55,siting - outside the footprint,False,False
17031804204,Cook County,IL,metro,1857,177054,False,ffiec_ratio,224.0,140.0,3.0,137.0,79200000.0,2.143,True,137.0,0.07377,0.61161,219.2,siting - outside the footprint,False,False
55059002700,Kenosha County,WI,metro,2848,151773,False,ffiec_ratio,222.0,139.0,2.0,137.0,42565000.0,1.439,True,137.0,0.0481,0.61712,218.81,siting - outside the footprint,False,False
17129010100,Menard County,IL,metro,2425,99886,False,ffiec_ratio,202.0,137.0,0.0,137.0,19505000.0,0.0,True,137.0,0.05649,0.67822,202.0,siting - outside the footprint,False,False
55035000700,Eau Claire County,WI,metro,2621,103083,False,ffiec_ratio,183.0,140.0,3.0,137.0,28340000.0,2.143,False,137.0,0.05227,0.74863,179.08,"conversion - present, under-capturing",False,False
55009000600,Brown County,WI,metro,1668,87448,False,ffiec_ratio,222.0,147.0,10.0,137.0,26445000.0,6.803,False,137.0,0.08213,0.61712,206.9,"conversion - present, under-capturing",False,False
17031242100,Cook County,IL,metro,2131,223026,False,ffiec_ratio,209.0,137.0,0.0,137.0,94455000.0,0.0,False,137.0,0.06429,0.6555,209.0,"conversion - present, capturing none",False,False
17179022300,Tazewell County,IL,metro,2040,133882,False,ffiec_ratio,176.0,137.0,0.0,137.0,26335000.0,0.0,True,137.0,0.06716,0.77841,176.0,siting - outside the footprint,False,False
55067960700,Langlade County,WI,rural,2096,54643,False,ffiec_ratio,182.0,137.0,0.0,137.0,16375000.0,0.0,False,137.0,0.06536,0.75275,182.0,"conversion - present, capturing none",False,False
55101000903,Racine County,WI,metro,1943,135781,False,ffiec_ratio,211.0,138.0,2.0,136.0,30270000.0,1.449,False,136.0,0.06999,0.64455,207.94,"conversion - present, under-capturing",False,False
55029100300,Door County,WI,rural,1386,100568,False,ffiec_ratio,194.0,149.0,13.0,136.0,60755000.0,8.725,False,136.0,0.09812,0.70103,177.07,"conversion - present, under-capturing",False,False
17089851904,Kane County,IL,metro,2544,128071,False,ffiec_ratio,223.0,136.0,0.0,136.0,31360000.0,0.0,False,136.0,0.05346,0.60987,223.0,"conversion - present, capturing none",False,False
55063010700,La Crosse County,WI,metro,2323,122813,False,ffiec_ratio,176.0,140.0,4.0,136.0,32250000.0,2.857,False,136.0,0.05854,0.77273,170.97,"conversion - present, under-capturing",False,False
55109120901,St. Croix County,WI,metro,2232,102580,False,ffiec_ratio,194.0,152.0,16.0,136.0,66620000.0,10.526,True,136.0,0.06093,0.70103,173.58,siting - outside the footprint,False,False
55133202101,Waukesha County,WI,metro,1534,147111,False,ffiec_ratio,192.0,140.0,4.0,136.0,38020000.0,2.857,False,136.0,0.08866,0.70833,186.51,"conversion - present, under-capturing",False,False
55049950500,Iowa County,WI,metro,1995,116750,False,ffiec_ratio,201.0,138.0,2.0,136.0,37400000.0,1.449,True,136.0,0.06817,0.67662,198.09,siting - outside the footprint,False,False
55139001900,Winnebago County,WI,metro,2331,111818,False,ffiec_ratio,196.0,145.0,9.0,136.0,31785000.0,6.207,True,136.0,0.05834,0.69388,183.83,siting - outside the footprint,False,False
55095961000,Polk County,WI,rural,2197,91219,False,ffiec_ratio,235.0,138.0,2.0,136.0,32910000.0,1.449,True,136.0,0.0619,0.57872,231.59,siting - outside the footprint,False,False
55135100400,Waupaca County,WI,rural,1927,93962,False,ffiec_ratio,195.0,137.0,1.0,136.0,21635000.0,0.73,False,136.0,0.07058,0.69744,193.58,"conversion - present, under-capturing",False,False
17031804513,Cook County,IL,metro,1448,122773,False,ffiec_ratio,240.0,136.0,0.0,136.0,38950000.0,0.0,False,136.0,0.09392,0.56667,240.0,"conversion - present, capturing none",False,False
17043841802,DuPage County,IL,metro,1935,160750,False,ffiec_ratio,212.0,136.0,0.0,136.0,44290000.0,0.0,True,136.0,0.07028,0.64151,212.0,siting - outside the footprint,False,False
17089850101,Kane County,IL,metro,2362,91981,False,ffiec_ratio,196.0,138.0,2.0,136.0,26630000.0,1.449,True,136.0,0.05758,0.69388,193.16,siting - outside the footprint,False,False
17167003604,Sangamon County,IL,metro,2611,151417,False,ffiec_ratio,195.0,136.0,0.0,136.0,31560000.0,0.0,True,136.0,0.05209,0.69744,195.0,siting - outside the footprint,False,False
55133201704,Waukesha County,WI,metro,2176,131450,False,ffiec_ratio,201.0,141.0,6.0,135.0,34645000.0,4.255,False,135.0,0.06204,0.67164,192.45,"conversion - present, under-capturing",False,False
55135100800,Waupaca County,WI,rural,2011,106696,False,ffiec_ratio,196.0,140.0,5.0,135.0,31550000.0,3.571,False,135.0,0.06713,0.68878,189.0,"conversion - present, under-capturing",False,False
17197883513,Will County,IL,metro,2012,147000,False,ffiec_ratio,223.0,135.0,0.0,135.0,33105000.0,0.0,True,135.0,0.0671,0.60538,223.0,siting - outside the footprint,False,False
55067960600,Langlade County,WI,rural,2236,62216,True,ffiec_ratio,206.0,136.0,1.0,135.0,15170000.0,0.735,False,135.0,0.06038,0.65534,204.49,"conversion - present, under-capturing",False,False
55131420300,Washington County,WI,metro,2407,93333,False,ffiec_ratio,190.0,138.0,3.0,135.0,24700000.0,2.174,False,135.0,0.05609,0.71053,185.87,"conversion - present, under-capturing",False,False
17201004100,Winnebago County,IL,metro,2171,109010,False,ffiec_ratio,204.0,137.0,2.0,135.0,25965000.0,1.46,True,135.0,0.06218,0.66176,201.02,siting - outside the footprint,False,False
55073001104,Marathon County,WI,metro,3003,96520,False,ffiec_ratio,231.0,139.0,4.0,135.0,27255000.0,2.878,False,135.0,0.04496,0.58442,224.35,"conversion - present, under-capturing",False,False
55015020100,Calumet County,WI,metro,2020,90104,False,ffiec_ratio,198.0,140.0,5.0,135.0,23160000.0,3.571,True,135.0,0.06683,0.68182,190.93,siting - outside the footprint,False,False
55131420200,Washington County,WI,metro,2746,116719,False,ffiec_ratio,209.0,142.0,7.0,135.0,29020000.0,4.93,False,135.0,0.04916,0.64593,198.7,"conversion - present, under-capturing",False,False
55131470204,Washington County,WI,metro,1430,149337,False,ffiec_ratio,193.0,139.0,4.0,135.0,36925000.0,2.878,False,135.0,0.09441,0.69948,187.45,"conversion - present, under-capturing",False,False
55117000800,Sheboygan County,WI,metro,2269,62199,True,ffiec_ratio,214.0,138.0,3.0,135.0,18560000.0,2.174,False,135.0,0.0595,0.63084,209.35,"conversion - present, under-capturing",False,False
17097864305,Lake County,IL,metro,1792,167204,False,ffiec_ratio,189.0,135.0,0.0,135.0,52715000.0,0.0,True,135.0,0.07533,0.71429,189.0,siting - outside the footprint,False,False
17031060900,Cook County,IL,metro,5076,163269,False,ffiec_ratio,235.0,135.0,0.0,135.0,46925000.0,0.0,True,135.0,0.0266,0.57447,235.0,siting - outside the footprint,False,False
17031804514,Cook County,IL,metro,1683,154309,False,ffiec_ratio,228.0,135.0,0.0,135.0,41085000.0,0.0,False,135.0,0.08021,0.59211,228.0,"conversion - present, capturing none",False,False
17031804607,Cook County,IL,metro,2444,122679,False,ffiec_ratio,236.0,136.0,1.0,135.0,37190000.0,0.735,False,135.0,0.05524,0.57203,234.27,"conversion - present, under-capturing",False,False
17179021102,Tazewell County,IL,metro,2229,97744,False,ffiec_ratio,220.0,135.0,0.0,135.0,17605000.0,0.0,True,135.0,0.06057,0.61364,220.0,siting - outside the footprint,False,False
17097864510,Lake County,IL,metro,2130,87219,False,ffiec_ratio,198.0,135.0,0.0,135.0,34415000.0,0.0,False,135.0,0.06338,0.68182,198.0,"conversion - present, capturing none",False,False
17167003202,Sangamon County,IL,metro,2295,123835,False,ffiec_ratio,171.0,135.0,0.0,135.0,29685000.0,0.0,True,135.0,0.05882,0.78947,171.0,siting - outside the footprint,False,False
17031801608,Cook County,IL,metro,2584,194722,False,ffiec_ratio,219.0,135.0,0.0,135.0,52575000.0,0.0,False,135.0,0.05224,0.61644,219.0,"conversion - present, capturing none",False,False
55089650104,Ozaukee County,WI,metro,1656,121761,False,ffiec_ratio,189.0,139.0,5.0,134.0,37645000.0,3.597,False,134.0,0.08092,0.70899,182.2,"conversion - present, under-capturing",False,False
55131420104,Washington County,WI,metro,2131,120110,False,ffiec_ratio,191.0,137.0,3.0,134.0,29855000.0,2.19,True,134.0,0.06288,0.70157,186.82,siting - outside the footprint,False,False
55089640102,Ozaukee County,WI,metro,1042,103472,False,ffiec_ratio,191.0,138.0,4.0,134.0,45390000.0,2.899,False,134.0,0.1286,0.70157,185.46,"conversion - present, under-capturing",False,False
55139002002,Winnebago County,WI,metro,1954,96970,False,ffiec_ratio,182.0,138.0,4.0,134.0,23080000.0,2.899,True,134.0,0.06858,0.73626,176.72,siting - outside the footprint,False,False
55001950700,Adams County,WI,rural,1503,96167,False,ffiec_ratio,213.0,137.0,3.0,134.0,26375000.0,2.19,True,134.0,0.08916,0.62911,208.34,siting - outside the footprint,False,False
55087010700,Outagamie County,WI,metro,1942,97654,True,ffiec_ratio,181.0,139.0,5.0,134.0,24795000.0,3.597,False,134.0,0.069,0.74033,174.49,"conversion - present, under-capturing",False,False
55115100400,Shawano County,WI,micro,2069,68816,True,ffiec_ratio,183.0,138.0,4.0,134.0,20740000.0,2.899,False,134.0,0.06477,0.73224,177.69,"conversion - present, under-capturing",False,False
55139001804,Winnebago County,WI,metro,1721,116167,False,ffiec_ratio,173.0,139.0,5.0,134.0,36835000.0,3.597,False,134.0,0.07786,0.77457,166.78,"conversion - present, under-capturing",False,False
17031800500,Cook County,IL,metro,1787,250001,False,ffiec_ratio,220.0,138.0,4.0,134.0,114260000.0,2.899,False,134.0,0.07499,0.60909,213.62,"conversion - present, under-capturing",False,False
55133202400,Waukesha County,WI,metro,1802,110469,False,ffiec_ratio,194.0,139.0,5.0,134.0,28145000.0,3.597,False,134.0,0.07436,0.69072,187.02,"conversion - present, under-capturing",False,False
17197880431,Will County,IL,metro,1898,131944,False,ffiec_ratio,212.0,135.0,1.0,134.0,27705000.0,0.741,True,134.0,0.0706,0.63208,210.43,siting - outside the footprint,False,False
17031250500,Cook County,IL,metro,2890,144444,False,ffiec_ratio,257.0,134.0,0.0,134.0,35510000.0,0.0,True,134.0,0.04637,0.5214,257.0,siting - outside the footprint,False,False
17031824113,Cook County,IL,metro,2289,139097,False,ffiec_ratio,231.0,134.0,0.0,134.0,41630000.0,0.0,True,134.0,0.05854,0.58009,231.0,siting - outside the footprint,False,False
17043846409,DuPage County,IL,metro,1655,216406,False,ffiec_ratio,213.0,134.0,0.0,134.0,45580000.0,0.0,True,134.0,0.08097,0.62911,213.0,siting - outside the footprint,False,False
55029100400,Door County,WI,rural,1747,97250,False,ffiec_ratio,207.0,147.0,14.0,133.0,62845000.0,9.524,False,133.0,0.07613,0.64251,187.29,"conversion - present, under-capturing",False,False
55125950700,Vilas County,WI,rural,2044,87708,False,ffiec_ratio,223.0,143.0,10.0,133.0,35285000.0,6.993,False,133.0,0.06507,0.59641,207.41,"conversion - present, under-capturing",False,False
17031804313,Cook County,IL,metro,2129,140026,False,ffiec_ratio,235.0,136.0,3.0,133.0,35320000.0,2.206,False,133.0,0.06247,0.56596,229.82,"conversion - present, under-capturing",False,False
17031815500,Cook County,IL,metro,2174,86810,False,ffiec_ratio,256.0,134.0,1.0,133.0,32530000.0,0.746,True,133.0,0.06118,0.51953,254.09,siting - outside the footprint,False,False
55101001703,Racine County,WI,metro,1787,129310,False,ffiec_ratio,201.0,136.0,3.0,133.0,30720000.0,2.206,True,133.0,0.07443,0.66169,196.57,siting - outside the footprint,False,False
55131450107,Washington County,WI,metro,1605,104688,False,ffiec_ratio,193.0,138.0,5.0,133.0,33920000.0,3.623,True,133.0,0.08287,0.68912,186.01,siting - outside the footprint,False,False
55025011103,Dane County,WI,metro,2682,132805,False,ffiec_ratio,189.0,136.0,3.0,133.0,71670000.0,2.206,False,133.0,0.04959,0.7037,184.83,"conversion - present, under-capturing",False,False
55101001706,Racine County,WI,metro,1743,103520,False,ffiec_ratio,198.0,134.0,1.0,133.0,25020000.0,0.746,False,133.0,0.07631,0.67172,196.52,"conversion - present, under-capturing",False,False
17031826202,Cook County,IL,metro,1947,68795,True,ffiec_ratio,290.0,133.0,0.0,133.0,26505000.0,0.0,True,133.0,0.06831,0.45862,290.0,siting - outside the footprint,False,False
55079091000,Milwaukee County,WI,metro,2102,127857,False,ffiec_ratio,193.0,136.0,3.0,133.0,34620000.0,2.206,False,133.0,0.06327,0.68912,188.74,"conversion - present, under-capturing",False,False
55045960800,Green County,WI,metro,1874,85625,True,ffiec_ratio,192.0,133.0,0.0,133.0,23995000.0,0.0,True,133.0,0.07097,0.69271,192.0,siting - outside the footprint,False,False
17197880122,Will County,IL,metro,2196,136786,False,ffiec_ratio,241.0,133.0,0.0,133.0,101945000.0,0.0,True,133.0,0.06056,0.55187,241.0,siting - outside the footprint,False,False
17031802701,Cook County,IL,metro,2086,176579,False,ffiec_ratio,234.0,133.0,0.0,133.0,37065000.0,0.0,True,133.0,0.06376,0.56838,234.0,siting - outside the footprint,False,False
17031060800,Cook County,IL,metro,3634,103763,False,ffiec_ratio,234.0,133.0,0.0,133.0,39175000.0,0.0,True,133.0,0.0366,0.56838,234.0,siting - outside the footprint,False,False
17167003701,Sangamon County,IL,metro,1571,144900,False,ffiec_ratio,178.0,133.0,0.0,133.0,29135000.0,0.0,True,133.0,0.08466,0.74719,178.0,siting - outside the footprint,False,False
17089850800,Kane County,IL,metro,2279,84663,True,ffiec_ratio,214.0,138.0,5.0,133.0,26330000.0,3.623,False,133.0,0.05836,0.6215,206.25,"conversion - present, under-capturing",False,False
17031830004,Cook County,IL,metro,2580,118098,False,ffiec_ratio,330.0,133.0,0.0,133.0,30205000.0,0.0,True,133.0,0.05155,0.40303,330.0,siting - outside the footprint,False,False
17031824114,Cook County,IL,metro,1960,159427,False,ffiec_ratio,243.0,133.0,0.0,133.0,46305000.0,0.0,True,133.0,0.06786,0.54733,243.0,siting - outside the footprint,False,False
17201001500,Winnebago County,IL,metro,2320,76792,False,ffiec_ratio,213.0,137.0,5.0,132.0,16565000.0,3.65,False,132.0,0.0569,0.61972,205.23,"conversion - present, under-capturing",False,False
17031825503,Cook County,IL,metro,2687,91771,True,ffiec_ratio,329.0,133.0,1.0,132.0,22945000.0,0.752,True,132.0,0.04913,0.40122,326.53,siting - outside the footprint,False,False
55077960300,Marquette County,WI,rural,1771,85000,False,ffiec_ratio,222.0,133.0,1.0,132.0,21285000.0,0.752,True,132.0,0.07453,0.59459,220.33,siting - outside the footprint,False,False
17201004004,Winnebago County,IL,metro,2799,106414,False,ffiec_ratio,234.0,136.0,4.0,132.0,19240000.0,2.941,False,132.0,0.04716,0.5641,227.12,"conversion - present, under-capturing",False,False
17201003705,Winnebago County,IL,metro,1973,100959,False,ffiec_ratio,203.0,134.0,2.0,132.0,23830000.0,1.493,True,132.0,0.0669,0.65025,199.97,siting - outside the footprint,False,False
17031801000,Cook County,IL,metro,2069,198060,False,ffiec_ratio,221.0,133.0,1.0,132.0,77235000.0,0.752,False,132.0,0.0638,0.59729,219.34,"conversion - present, under-capturing",False,False
17197883602,Will County,IL,metro,2457,144083,False,ffiec_ratio,282.0,132.0,0.0,132.0,35150000.0,0.0,True,132.0,0.05372,0.46809,282.0,siting - outside the footprint,False,False
17097864522,Lake County,IL,metro,1539,222279,False,ffiec_ratio,237.0,132.0,0.0,132.0,67040000.0,0.0,True,132.0,0.08577,0.55696,237.0,siting - outside the footprint,False,False
17031820606,Cook County,IL,metro,1664,107873,False,ffiec_ratio,227.0,132.0,0.0,132.0,32810000.0,0.0,True,132.0,0.07933,0.5815,227.0,siting - outside the footprint,False,False
55021971100,Columbia County,WI,metro,1358,105662,False,ffiec_ratio,197.0,136.0,4.0,132.0,26130000.0,2.941,True,132.0,0.0972,0.67005,191.21,siting - outside the footprint,False,False
17201003901,Winnebago County,IL,metro,1729,131346,False,ffiec_ratio,181.0,137.0,5.0,132.0,30485000.0,3.65,True,132.0,0.07634,0.72928,174.39,siting - outside the footprint,False,False
17031808301,Cook County,IL,metro,2722,130694,False,ffiec_ratio,239.0,132.0,0.0,132.0,40000000.0,0.0,False,132.0,0.04849,0.5523,239.0,"conversion - present, capturing none",False,False
17031819801,Cook County,IL,metro,1637,250001,False,ffiec_ratio,193.0,133.0,1.0,132.0,87525000.0,0.752,True,132.0,0.08064,0.68394,191.55,siting - outside the footprint,False,False
55075960200,Marinette County,WI,micro,1702,59519,True,ffiec_ratio,208.0,138.0,6.0,132.0,20370000.0,4.348,True,132.0,0.07756,0.63462,198.96,siting - outside the footprint,False,False
17031081402,Cook County,IL,metro,3950,250001,False,ffiec_ratio,219.0,132.0,0.0,132.0,128150000.0,0.0,False,132.0,0.03342,0.60274,219.0,"conversion - present, capturing none",False,False
17043840103,DuPage County,IL,metro,2265,136731,False,ffiec_ratio,219.0,132.0,0.0,132.0,40010000.0,0.0,True,132.0,0.05828,0.60274,219.0,siting - outside the footprint,False,False
17097861604,Lake County,IL,metro,2034,157168,False,ffiec_ratio,227.0,132.0,1.0,131.0,36290000.0,0.758,True,131.0,0.06441,0.57709,225.28,siting - outside the footprint,False,False
55073000400,Marathon County,WI,metro,2796,85750,True,ffiec_ratio,193.0,138.0,7.0,131.0,18390000.0,5.072,False,131.0,0.04685,0.67876,183.21,"conversion - present, under-capturing",False,False
55135100300,Waupaca County,WI,rural,1752,77863,False,ffiec_ratio,197.0,132.0,1.0,131.0,19730000.0,0.758,True,131.0,0.07477,0.66497,195.51,siting - outside the footprint,False,False
17097860105,Lake County,IL,metro,1822,100464,False,ffiec_ratio,237.0,132.0,1.0,131.0,33120000.0,0.758,True,131.0,0.0719,0.55274,235.2,siting - outside the footprint,False,False
17097861506,Lake County,IL,metro,2441,123625,True,ffiec_ratio,248.0,131.0,0.0,131.0,29705000.0,0.0,False,131.0,0.05367,0.52823,248.0,"conversion - present, capturing none",False,False
55133200102,Waukesha County,WI,metro,2697,106795,False,ffiec_ratio,187.0,133.0,2.0,131.0,27095000.0,1.504,False,131.0,0.04857,0.70053,184.19,"conversion - present, under-capturing",False,False
55079019000,Milwaukee County,WI,metro,1936,56488,False,ffiec_ratio,219.0,134.0,3.0,131.0,23410000.0,2.239,False,131.0,0.06767,0.59817,214.1,"conversion - present, under-capturing",False,False
55071000400,Manitowoc County,WI,micro,1788,74990,False,ffiec_ratio,212.0,137.0,6.0,131.0,19945000.0,4.38,False,131.0,0.07327,0.61792,202.71,"conversion - present, under-capturing",False,False
55127000701,Walworth County,WI,micro,1850,105146,False,ffiec_ratio,203.0,135.0,4.0,131.0,26845000.0,2.963,False,131.0,0.07081,0.64532,196.99,"conversion - present, under-capturing",False,False
55133201101,Waukesha County,WI,metro,2344,153636,False,ffiec_ratio,188.0,134.0,3.0,131.0,37590000.0,2.239,False,131.0,0.05589,0.69681,183.79,"conversion - present, under-capturing",False,False
17133600402,Monroe County,IL,metro,1798,120481,False,ffiec_ratio,193.0,135.0,4.0,131.0,31135000.0,2.963,True,131.0,0.07286,0.67876,187.28,siting - outside the footprint,False,False
17179021603,Tazewell County,IL,metro,2201,133125,False,ffiec_ratio,202.0,132.0,1.0,131.0,28280000.0,0.758,True,131.0,0.05952,0.64851,200.47,siting - outside the footprint,False,False
17091010500,Kankakee County,IL,metro,2352,124898,False,ffiec_ratio,200.0,131.0,0.0,131.0,30885000.0,0.0,True,131.0,0.0557,0.655,200.0,siting - outside the footprint,False,False
17179021201,Tazewell County,IL,metro,1710,129750,False,ffiec_ratio,177.0,131.0,0.0,131.0,30865000.0,0.0,True,131.0,0.07661,0.74011,177.0,siting - outside the footprint,False,False
17167003802,Sangamon County,IL,metro,2789,110865,False,ffiec_ratio,178.0,131.0,0.0,131.0,19625000.0,0.0,True,131.0,0.04697,0.73596,178.0,siting - outside the footprint,False,False
17031804308,Cook County,IL,metro,1906,95833,True,ffiec_ratio,215.0,131.0,0.0,131.0,27115000.0,0.0,False,131.0,0.06873,0.6093,215.0,"conversion - present, capturing none",False,False
55101000904,Racine County,WI,metro,1985,88472,False,ffiec_ratio,203.0,132.0,2.0,130.0,27340000.0,1.515,False,130.0,0.06549,0.64039,199.92,"conversion - present, under-capturing",False,False
55021970402,Columbia County,WI,metro,1589,83313,True,ffiec_ratio,215.0,135.0,5.0,130.0,21145000.0,3.704,False,130.0,0.08181,0.60465,207.04,"conversion - present, under-capturing",False,False
55035001300,Eau Claire County,WI,metro,2196,91824,False,ffiec_ratio,184.0,131.0,1.0,130.0,36405000.0,0.763,False,130.0,0.0592,0.70652,182.6,"conversion - present, under-capturing",False,False
17031830400,Cook County,IL,metro,1618,87422,True,ffiec_ratio,293.0,131.0,1.0,130.0,15465000.0,0.763,True,130.0,0.08035,0.44369,290.76,siting - outside the footprint,False,False
55081950400,Monroe County,WI,micro,1914,76827,False,ffiec_ratio,218.0,130.0,0.0,130.0,20680000.0,0.0,True,130.0,0.06792,0.59633,218.0,siting - outside the footprint,False,False
55015020600,Calumet County,WI,metro,2224,93250,False,ffiec_ratio,185.0,137.0,7.0,130.0,19295000.0,5.109,False,130.0,0.05845,0.7027,175.55,"conversion - present, under-capturing",False,False
17031804403,Cook County,IL,metro,2792,97589,False,ffiec_ratio,249.0,132.0,2.0,130.0,81200000.0,1.515,False,130.0,0.04656,0.52209,245.23,"conversion - present, under-capturing",False,False
55133203703,Waukesha County,WI,metro,1250,187042,False,ffiec_ratio,174.0,135.0,5.0,130.0,56135000.0,3.704,False,130.0,0.104,0.74713,167.56,"conversion - present, under-capturing",False,False
55025011302,Dane County,WI,metro,1477,107457,False,ffiec_ratio,178.0,131.0,1.0,130.0,38725000.0,0.763,False,130.0,0.08802,0.73034,176.64,"conversion - present, under-capturing",False,False
55055100301,Jefferson County,WI,micro,1487,106250,False,ffiec_ratio,197.0,141.0,11.0,130.0,37895000.0,7.801,False,130.0,0.08742,0.6599,181.63,"conversion - present, under-capturing",False,False
55059002200,Kenosha County,WI,metro,1357,104575,False,ffiec_ratio,198.0,133.0,3.0,130.0,22045000.0,2.256,False,130.0,0.0958,0.65657,193.53,"conversion - present, under-capturing",False,False
17141961200,Ogle County,IL,micro,2696,96908,False,ffiec_ratio,182.0,130.0,0.0,130.0,19760000.0,0.0,True,130.0,0.04822,0.71429,182.0,siting - outside the footprint,False,False
17031070600,Cook County,IL,metro,1377,250001,False,ffiec_ratio,204.0,130.0,0.0,130.0,84970000.0,0.0,True,130.0,0.09441,0.63725,204.0,siting - outside the footprint,False,False
17197880305,Will County,IL,metro,1690,230133,False,ffiec_ratio,189.0,130.0,0.0,130.0,52250000.0,0.0,True,130.0,0.07692,0.68783,189.0,siting - outside the footprint,False,False
55015020500,Calumet County,WI,metro,2362,90231,False,ffiec_ratio,178.0,135.0,5.0,130.0,43605000.0,3.704,False,130.0,0.05504,0.73034,171.41,"conversion - present, under-capturing",False,False
17111871311,McHenry County,IL,metro,1842,110885,False,ffiec_ratio,206.0,130.0,0.0,130.0,26730000.0,0.0,False,130.0,0.07058,0.63107,206.0,"conversion - present, capturing none",False,False
17111870502,McHenry County,IL,metro,1863,97054,False,ffiec_ratio,252.0,130.0,0.0,130.0,26890000.0,0.0,True,130.0,0.06978,0.51587,252.0,siting - outside the footprint,False,False
55139002402,Winnebago County,WI,metro,2499,134075,False,ffiec_ratio,194.0,139.0,10.0,129.0,45845000.0,7.194,False,129.0,0.05162,0.66495,180.04,"conversion - present, under-capturing",False,False
17097864203,Lake County,IL,metro,1580,114891,False,ffiec_ratio,202.0,130.0,1.0,129.0,29310000.0,0.769,True,129.0,0.08165,0.63861,200.45,siting - outside the footprint,False,False
17163503906,St. Clair County,IL,metro,1984,131210,False,ffiec_ratio,196.0,132.0,3.0,129.0,25940000.0,2.273,True,129.0,0.06502,0.65816,191.54,siting - outside the footprint,False,False
55087012505,Outagamie County,WI,metro,2432,124951,False,ffiec_ratio,183.0,138.0,9.0,129.0,47210000.0,6.522,False,129.0,0.05304,0.70492,171.06,"conversion - present, under-capturing",False,False
55131440105,Washington County,WI,metro,1456,112346,False,ffiec_ratio,210.0,135.0,6.0,129.0,36495000.0,4.444,False,129.0,0.0886,0.61429,200.67,"conversion - present, under-capturing",False,False
55025011700,Dane County,WI,metro,1468,156563,False,ffiec_ratio,185.0,130.0,1.0,129.0,37790000.0,0.769,True,129.0,0.08787,0.6973,183.58,siting - outside the footprint,False,False
55025010903,Dane County,WI,metro,1950,179079,False,ffiec_ratio,168.0,133.0,4.0,129.0,46315000.0,3.008,False,129.0,0.06615,0.76786,162.95,"conversion - present, under-capturing",False,False
55131430100,Washington County,WI,metro,2076,120842,False,ffiec_ratio,189.0,134.0,5.0,129.0,33610000.0,3.731,True,129.0,0.06214,0.68254,181.95,siting - outside the footprint,False,False
17163503413,St. Clair County,IL,metro,2551,93586,False,ffiec_ratio,214.0,129.0,0.0,129.0,21165000.0,0.0,False,129.0,0.05057,0.6028,214.0,"conversion - present, capturing none",False,False
17089851913,Kane County,IL,metro,2189,150994,False,ffiec_ratio,184.0,130.0,1.0,129.0,36640000.0,0.769,False,129.0,0.05893,0.70109,182.59,"conversion - present, under-capturing",False,False
55071005200,Manitowoc County,WI,micro,2096,87232,False,ffiec_ratio,199.0,131.0,2.0,129.0,19365000.0,1.527,False,129.0,0.06155,0.64824,195.96,"conversion - present, under-capturing",False,False
55109120402,St. Croix County,WI,metro,1805,150250,False,ffiec_ratio,233.0,148.0,19.0,129.0,57300000.0,12.838,True,129.0,0.07147,0.55365,203.09,siting - outside the footprint,False,False
17019001205,Champaign County,IL,metro,3378,140044,False,ffiec_ratio,191.0,129.0,0.0,129.0,46105000.0,0.0,True,129.0,0.03819,0.67539,191.0,siting - outside the footprint,False,False
17197880422,Will County,IL,metro,1596,146105,False,ffiec_ratio,218.0,129.0,0.0,129.0,40035000.0,0.0,True,129.0,0.08083,0.59174,218.0,siting - outside the footprint,False,False
55079005500,Milwaukee County,WI,metro,1316,109519,False,ffiec_ratio,203.0,132.0,3.0,129.0,30200000.0,2.273,False,129.0,0.09802,0.63547,198.39,"conversion - present, under-capturing",False,False
55087012902,Outagamie County,WI,metro,1616,128581,False,ffiec_ratio,164.0,134.0,5.0,129.0,34160000.0,3.731,False,129.0,0.07983,0.78659,157.88,"conversion - present, under-capturing",False,False
17089854002,Kane County,IL,metro,2082,70727,False,ffiec_ratio,221.0,129.0,0.0,129.0,25575000.0,0.0,False,129.0,0.06196,0.58371,221.0,"conversion - present, capturing none",False,False
55133202201,Waukesha County,WI,metro,1450,135972,False,ffiec_ratio,185.0,133.0,4.0,129.0,31975000.0,3.008,False,129.0,0.08897,0.6973,179.44,"conversion - present, under-capturing",False,False
17097864303,Lake County,IL,metro,1543,183393,False,ffiec_ratio,195.0,129.0,0.0,129.0,44275000.0,0.0,True,129.0,0.0836,0.66154,195.0,siting - outside the footprint,False,False
17027900602,Clinton County,IL,metro,2704,103445,False,ffiec_ratio,175.0,129.0,0.0,129.0,23695000.0,0.0,True,129.0,0.04771,0.73714,175.0,siting - outside the footprint,False,False
17089852805,Kane County,IL,metro,2047,143409,False,ffiec_ratio,211.0,129.0,0.0,129.0,31535000.0,0.0,True,129.0,0.06302,0.61137,211.0,siting - outside the footprint,False,False
17197880309,Will County,IL,metro,1755,211806,False,ffiec_ratio,218.0,129.0,0.0,129.0,55265000.0,0.0,True,129.0,0.0735,0.59174,218.0,siting - outside the footprint,False,False
55133202301,Waukesha County,WI,metro,1682,123508,False,ffiec_ratio,198.0,135.0,7.0,128.0,30765000.0,5.185,False,128.0,0.0761,0.64646,187.73,"conversion - present, under-capturing",False,False
17097864410,Lake County,IL,metro,1683,176339,False,ffiec_ratio,223.0,129.0,1.0,128.0,52765000.0,0.775,True,128.0,0.07605,0.57399,221.27,siting - outside the footprint,False,False
55105002602,Rock County,WI,metro,1890,108705,False,ffiec_ratio,208.0,132.0,4.0,128.0,27590000.0,3.03,True,128.0,0.06772,0.61538,201.7,siting - outside the footprint,False,False
17197880432,Will County,IL,metro,1248,117601,False,ffiec_ratio,233.0,128.0,0.0,128.0,37990000.0,0.0,True,128.0,0.10256,0.54936,233.0,siting - outside the footprint,False,False
55039041600,Fond du Lac County,WI,metro,2433,102389,False,ffiec_ratio,205.0,131.0,3.0,128.0,21935000.0,2.29,True,128.0,0.05261,0.62439,200.31,siting - outside the footprint,False,False
55025010300,Dane County,WI,metro,1809,136125,False,ffiec_ratio,179.0,129.0,1.0,128.0,47215000.0,0.775,False,128.0,0.07076,0.71508,177.61,"conversion - present, under-capturing",False,False
17097863902,Lake County,IL,metro,3002,121205,True,ffiec_ratio,193.0,128.0,0.0,128.0,89650000.0,0.0,False,128.0,0.04264,0.66321,193.0,"conversion - present, capturing none",False,False
17179021701,Tazewell County,IL,metro,2280,120949,False,ffiec_ratio,192.0,128.0,0.0,128.0,20450000.0,0.0,True,128.0,0.05614,0.66667,192.0,siting - outside the footprint,False,False
17019005601,Champaign County,IL,metro,2688,82929,True,ffiec_ratio,189.0,128.0,0.0,128.0,21530000.0,0.0,True,128.0,0.04762,0.67725,189.0,siting - outside the footprint,False,False
17093890601,Kendall County,IL,metro,1463,132321,False,ffiec_ratio,200.0,128.0,0.0,128.0,36900000.0,0.0,True,128.0,0.08749,0.64,200.0,siting - outside the footprint,False,False
17043846504,DuPage County,IL,metro,2325,156875,False,ffiec_ratio,207.0,128.0,0.0,128.0,67900000.0,0.0,True,128.0,0.05505,0.61836,207.0,siting - outside the footprint,False,False
17089850709,Kane County,IL,metro,1566,186500,False,ffiec_ratio,214.0,128.0,0.0,128.0,42200000.0,0.0,True,128.0,0.08174,0.59813,214.0,siting - outside the footprint,False,False
17097864403,Lake County,IL,metro,2138,250001,False,ffiec_ratio,206.0,128.0,0.0,128.0,108760000.0,0.0,True,128.0,0.05987,0.62136,206.0,siting - outside the footprint,False,False
17201000512,Winnebago County,IL,metro,2324,96579,False,ffiec_ratio,189.0,129.0,1.0,128.0,25645000.0,0.775,False,128.0,0.05508,0.67725,187.54,"conversion - present, under-capturing",False,False
55043961100,Grant County,WI,micro,1717,94792,False,ffiec_ratio,164.0,128.0,0.0,128.0,21770000.0,0.0,True,128.0,0.07455,0.78049,164.0,siting - outside the footprint,False,False
55125950501,Vilas County,WI,rural,1535,84000,False,ffiec_ratio,196.0,131.0,4.0,127.0,32105000.0,3.053,False,127.0,0.08274,0.64796,190.02,"conversion - present, under-capturing",False,False
17031842300,Cook County,IL,metro,1816,222295,False,ffiec_ratio,203.0,128.0,1.0,127.0,68090000.0,0.781,False,127.0,0.06993,0.62562,201.41,"conversion - present, under-capturing",False,False
55025011504,Dane County,WI,metro,2418,149894,False,ffiec_ratio,185.0,128.0,1.0,127.0,28640000.0,0.781,False,127.0,0.05252,0.68649,183.56,"conversion - present, under-capturing",False,False
17111871600,McHenry County,IL,metro,2132,126490,False,ffiec_ratio,187.0,128.0,1.0,127.0,31240000.0,0.781,True,127.0,0.05957,0.67914,185.54,siting - outside the footprint,False,False
55017011200,Chippewa County,WI,metro,2622,87917,False,ffiec_ratio,190.0,130.0,3.0,127.0,26830000.0,2.308,False,127.0,0.04844,0.66842,185.61,"conversion - present, under-capturing",False,False
55055100100,Jefferson County,WI,micro,2121,83947,False,ffiec_ratio,195.0,133.0,6.0,127.0,24565000.0,4.511,False,127.0,0.05988,0.65128,186.2,"conversion - present, under-capturing",False,False
17031824105,Cook County,IL,metro,2770,120313,False,ffiec_ratio,219.0,127.0,0.0,127.0,36985000.0,0.0,True,127.0,0.04585,0.57991,219.0,siting - outside the footprint,False,False
17111871404,McHenry County,IL,metro,1621,122234,False,ffiec_ratio,214.0,127.0,0.0,127.0,30025000.0,0.0,True,127.0,0.07835,0.59346,214.0,siting - outside the footprint,False,False
17203030400,Woodford County,IL,metro,2071,140761,False,ffiec_ratio,163.0,127.0,0.0,127.0,25465000.0,0.0,True,127.0,0.06132,0.77914,163.0,siting - outside the footprint,False,False
17043845807,DuPage County,IL,metro,2451,160739,False,ffiec_ratio,208.0,128.0,1.0,127.0,45930000.0,0.781,True,127.0,0.05182,0.61058,206.38,siting - outside the footprint,False,False
17197883307,Will County,IL,metro,1541,124306,False,ffiec_ratio,201.0,127.0,0.0,127.0,31145000.0,0.0,True,127.0,0.08241,0.63184,201.0,siting - outside the footprint,False,False
17097863202,Lake County,IL,metro,2019,193036,False,ffiec_ratio,215.0,127.0,0.0,127.0,48565000.0,0.0,True,127.0,0.0629,0.5907,215.0,siting - outside the footprint,False,False
55027961100,Dodge County,WI,micro,1581,104321,False,ffiec_ratio,186.0,127.0,0.0,127.0,25895000.0,0.0,False,127.0,0.08033,0.6828,186.0,"conversion - present, capturing none",False,False
17043841401,DuPage County,IL,metro,2208,124022,False,ffiec_ratio,220.0,127.0,0.0,127.0,28885000.0,0.0,True,127.0,0.05752,0.57727,220.0,siting - outside the footprint,False,False
55133201402,Waukesha County,WI,metro,2123,111645,False,ffiec_ratio,188.0,129.0,3.0,126.0,25995000.0,2.326,False,126.0,0.05935,0.67021,183.63,"conversion - present, under-capturing",False,False
55089630201,Ozaukee County,WI,metro,2088,102000,False,ffiec_ratio,197.0,139.0,13.0,126.0,30765000.0,9.353,False,126.0,0.06034,0.63959,178.57,"conversion - present, under-capturing",False,False
17031803500,Cook County,IL,metro,2164,177386,False,ffiec_ratio,169.0,127.0,1.0,126.0,44465000.0,0.787,True,126.0,0.05823,0.74556,167.67,siting - outside the footprint,False,False
17031819700,Cook County,IL,metro,1817,250001,False,ffiec_ratio,198.0,127.0,1.0,126.0,64685000.0,0.787,True,126.0,0.06935,0.63636,196.44,siting - outside the footprint,False,False
55089630202,Ozaukee County,WI,metro,2472,110592,False,ffiec_ratio,201.0,138.0,12.0,126.0,45110000.0,8.696,False,126.0,0.05097,0.62687,183.52,"conversion - present, under-capturing",False,False
17031824602,Cook County,IL,metro,2503,92007,False,ffiec_ratio,231.0,127.0,1.0,126.0,24205000.0,0.787,True,126.0,0.05034,0.54545,229.18,siting - outside the footprint,False,False
17031080300,Cook County,IL,metro,3479,212448,False,ffiec_ratio,199.0,127.0,1.0,126.0,75745000.0,0.787,False,126.0,0.03622,0.63317,197.43,"conversion - present, under-capturing",False,False
55131470203,Washington County,WI,metro,2639,79238,False,ffiec_ratio,213.0,136.0,10.0,126.0,41340000.0,7.353,False,126.0,0.04775,0.59155,197.34,"conversion - present, under-capturing",False,False
17031031700,Cook County,IL,metro,3341,171616,False,ffiec_ratio,192.0,126.0,0.0,126.0,67620000.0,0.0,True,126.0,0.03771,0.65625,192.0,siting - outside the footprint,False,False
17119403200,Madison County,IL,metro,2243,72730,True,ffiec_ratio,184.0,126.0,0.0,126.0,17350000.0,0.0,True,126.0,0.05617,0.68478,184.0,siting - outside the footprint,False,False
55079000202,Milwaukee County,WI,metro,2489,100724,False,ffiec_ratio,251.0,133.0,7.0,126.0,43835000.0,5.263,False,126.0,0.05062,0.50199,237.79,"conversion - present, under-capturing",False,False
17197880304,Will County,IL,metro,1588,215227,False,ffiec_ratio,188.0,127.0,1.0,126.0,50415000.0,0.787,True,126.0,0.07935,0.67021,186.52,siting - outside the footprint,False,False
17161020800,Rock Island County,IL,metro,1964,100375,False,ffiec_ratio,186.0,126.0,0.0,126.0,14000000.0,0.0,True,126.0,0.06415,0.67742,186.0,siting - outside the footprint,False,False
55063010102,La Crosse County,WI,metro,1953,109063,False,ffiec_ratio,168.0,128.0,3.0,125.0,30480000.0,2.344,True,125.0,0.064,0.74405,164.06,siting - outside the footprint,False,False
55073001204,Marathon County,WI,metro,1908,107823,False,ffiec_ratio,189.0,126.0,1.0,125.0,29420000.0,0.794,True,125.0,0.06551,0.66138,187.5,siting - outside the footprint,False,False
55079091100,Milwaukee County,WI,metro,1635,177643,False,ffiec_ratio,166.0,131.0,6.0,125.0,45575000.0,4.58,False,125.0,0.07645,0.75301,158.4,"conversion - present, under-capturing",False,False
55083101000,Oconto County,WI,metro,1931,88750,True,ffiec_ratio,195.0,133.0,8.0,125.0,23755000.0,6.015,False,125.0,0.06473,0.64103,183.27,"conversion - present, under-capturing",False,False
55105002400,Rock County,WI,metro,1429,107313,False,ffiec_ratio,175.0,132.0,7.0,125.0,28540000.0,5.303,False,125.0,0.08747,0.71429,165.72,"conversion - present, under-capturing",False,False
55133203402,Waukesha County,WI,metro,1653,127431,False,ffiec_ratio,192.0,129.0,4.0,125.0,37015000.0,3.101,False,125.0,0.07562,0.65104,186.05,"conversion - present, under-capturing",False,False
55063010403,La Crosse County,WI,metro,2916,105368,False,ffiec_ratio,170.0,127.0,2.0,125.0,32055000.0,1.575,False,125.0,0.04287,0.73529,167.32,"conversion - present, under-capturing",False,False
55115100800,Shawano County,WI,micro,1825,85859,False,ffiec_ratio,179.0,131.0,6.0,125.0,25365000.0,4.58,False,125.0,0.06849,0.69832,170.8,"conversion - present, under-capturing",False,False
55021970300,Columbia County,WI,metro,1902,91014,True,ffiec_ratio,199.0,127.0,2.0,125.0,45305000.0,1.575,True,125.0,0.06572,0.62814,195.87,siting - outside the footprint,False,False
55127000600,Walworth County,WI,micro,2007,93676,False,ffiec_ratio,210.0,127.0,2.0,125.0,25415000.0,1.575,False,125.0,0.06228,0.59524,206.69,"conversion - present, under-capturing",False,False
55095960701,Polk County,WI,rural,1681,79205,False,ffiec_ratio,184.0,127.0,2.0,125.0,25765000.0,1.575,True,125.0,0.07436,0.67935,181.1,siting - outside the footprint,False,False
55079160203,Milwaukee County,WI,metro,3114,111434,False,ffiec_ratio,191.0,128.0,3.0,125.0,39920000.0,2.344,False,125.0,0.04014,0.65445,186.52,"conversion - present, under-capturing",False,False
55017010900,Chippewa County,WI,metro,2371,73200,True,ffiec_ratio,176.0,126.0,1.0,125.0,22280000.0,0.794,True,125.0,0.05272,0.71023,174.6,siting - outside the footprint,False,False
55045960300,Green County,WI,metro,1945,106875,False,ffiec_ratio,184.0,127.0,2.0,125.0,28835000.0,1.575,True,125.0,0.06427,0.67935,181.1,siting - outside the footprint,False,False
55015020303,Calumet County,WI,metro,1579,87538,False,ffiec_ratio,170.0,128.0,3.0,125.0,23050000.0,2.344,False,125.0,0.07916,0.73529,166.02,"conversion - present, under-capturing",False,False
55133200700,Waukesha County,WI,metro,1662,134375,False,ffiec_ratio,195.0,128.0,3.0,125.0,34360000.0,2.344,False,125.0,0.07521,0.64103,190.43,"conversion - present, under-capturing",False,False
55035001402,Eau Claire County,WI,metro,1828,73646,True,ffiec_ratio,177.0,130.0,5.0,125.0,42340000.0,3.846,False,125.0,0.06838,0.70621,170.19,"conversion - present, under-capturing",False,False
17043846304,DuPage County,IL,metro,1966,203850,False,ffiec_ratio,191.0,126.0,1.0,125.0,79040000.0,0.794,True,125.0,0.06358,0.65445,189.48,siting - outside the footprint,False,False
17201004200,Winnebago County,IL,metro,2289,102257,False,ffiec_ratio,183.0,126.0,1.0,125.0,22210000.0,0.794,True,125.0,0.05461,0.68306,181.55,siting - outside the footprint,False,False
17031063200,Cook County,IL,metro,4821,148505,False,ffiec_ratio,194.0,125.0,0.0,125.0,49145000.0,0.0,True,125.0,0.02593,0.64433,194.0,siting - outside the footprint,False,False
17113005700,McLean County,IL,metro,1964,115625,False,ffiec_ratio,182.0,125.0,0.0,125.0,19355000.0,0.0,True,125.0,0.06365,0.68681,182.0,siting - outside the footprint,False,False
17031080100,Cook County,IL,metro,4496,243819,False,ffiec_ratio,220.0,125.0,0.0,125.0,78685000.0,0.0,False,125.0,0.0278,0.56818,220.0,"conversion - present, capturing none",False,False
17143003404,Peoria County,IL,metro,3523,185833,False,ffiec_ratio,178.0,125.0,0.0,125.0,54715000.0,0.0,True,125.0,0.03548,0.70225,178.0,siting - outside the footprint,False,False
17097864408,Lake County,IL,metro,2754,137977,False,ffiec_ratio,196.0,125.0,0.0,125.0,47835000.0,0.0,True,125.0,0.04539,0.63776,196.0,siting - outside the footprint,False,False
17043840201,DuPage County,IL,metro,2572,117412,False,ffiec_ratio,205.0,125.0,1.0,124.0,37555000.0,0.8,False,124.0,0.04821,0.60488,203.36,"conversion - present, under-capturing",False,False
55079185200,Milwaukee County,WI,metro,2351,124006,False,ffiec_ratio,201.0,126.0,2.0,124.0,22070000.0,1.587,False,124.0,0.05274,0.61692,197.81,"conversion - present, under-capturing",False,False
17097863801,Lake County,IL,metro,1997,229412,False,ffiec_ratio,189.0,125.0,1.0,124.0,45575000.0,0.8,False,124.0,0.06209,0.65608,187.49,"conversion - present, under-capturing",False,False
55101002701,Racine County,WI,metro,1548,106667,False,ffiec_ratio,198.0,131.0,7.0,124.0,31905000.0,5.344,False,124.0,0.0801,0.62626,187.42,"conversion - present, under-capturing",False,False
55111000402,Sauk County,WI,micro,1690,95000,False,ffiec_ratio,173.0,125.0,1.0,124.0,30155000.0,0.8,True,124.0,0.07337,0.71676,171.62,siting - outside the footprint,False,False
55087011501,Outagamie County,WI,metro,1368,98850,True,ffiec_ratio,160.0,125.0,1.0,124.0,25975000.0,0.8,False,124.0,0.09064,0.775,158.72,"conversion - present, under-capturing",False,False
55083101302,Oconto County,WI,metro,1796,113571,False,ffiec_ratio,177.0,135.0,11.0,124.0,25855000.0,8.148,True,124.0,0.06904,0.70056,162.58,siting - outside the footprint,False,False
17031833000,Cook County,IL,metro,3527,244784,False,ffiec_ratio,202.0,126.0,2.0,124.0,182460000.0,1.587,False,124.0,0.03516,0.61386,198.79,"conversion - present, under-capturing",False,False
17031828504,Cook County,IL,metro,1534,71641,True,ffiec_ratio,214.0,125.0,1.0,124.0,17585000.0,0.8,True,124.0,0.08083,0.57944,212.29,siting - outside the footprint,False,False
17111871307,McHenry County,IL,metro,1900,141821,False,ffiec_ratio,180.0,124.0,0.0,124.0,29530000.0,0.0,True,124.0,0.06526,0.68889,180.0,siting - outside the footprint,False,False
55027960600,Dodge County,WI,micro,1537,102443,False,ffiec_ratio,200.0,126.0,2.0,124.0,26410000.0,1.587,False,124.0,0.08068,0.62,196.83,"conversion - present, under-capturing",False,False
17089852004,Kane County,IL,metro,994,159273,False,ffiec_ratio,186.0,125.0,1.0,124.0,67795000.0,0.8,True,124.0,0.12475,0.66667,184.51,siting - outside the footprint,False,False
55087011902,Outagamie County,WI,metro,1843,105724,False,ffiec_ratio,159.0,124.0,0.0,124.0,24740000.0,0.0,False,124.0,0.06728,0.77987,159.0,"conversion - present, capturing none",False,False
17179021606,Tazewell County,IL,metro,2468,108380,False,ffiec_ratio,172.0,124.0,0.0,124.0,65950000.0,0.0,True,124.0,0.05024,0.72093,172.0,siting - outside the footprint,False,False
17031823803,Cook County,IL,metro,2652,115729,False,ffiec_ratio,212.0,124.0,0.0,124.0,30430000.0,0.0,True,124.0,0.04676,0.58491,212.0,siting - outside the footprint,False,False
17161024102,Rock Island County,IL,metro,2140,99792,False,ffiec_ratio,180.0,124.0,0.0,124.0,25280000.0,0.0,True,124.0,0.05794,0.68889,180.0,siting - outside the footprint,False,False
17167003300,Sangamon County,IL,metro,2185,93307,False,ffiec_ratio,164.0,124.0,0.0,124.0,16160000.0,0.0,True,124.0,0.05675,0.7561,164.0,siting - outside the footprint,False,False
17031825400,Cook County,IL,metro,2533,120505,False,ffiec_ratio,197.0,124.0,0.0,124.0,25730000.0,0.0,True,124.0,0.04895,0.62944,197.0,siting - outside the footprint,False,False
17119402900,Madison County,IL,metro,2404,105175,False,ffiec_ratio,178.0,124.0,0.0,124.0,48180000.0,0.0,True,124.0,0.05158,0.69663,178.0,siting - outside the footprint,False,False
17197880109,Will County,IL,metro,1855,131167,False,ffiec_ratio,226.0,124.0,0.0,124.0,29100000.0,0.0,True,124.0,0.06685,0.54867,226.0,siting - outside the footprint,False,False
55087011502,Outagamie County,WI,metro,1906,115125,False,ffiec_ratio,186.0,127.0,3.0,124.0,40665000.0,2.362,False,124.0,0.06506,0.66667,181.61,"conversion - present, under-capturing",False,False
17085020200,Jo Daviess County,IL,rural,2058,92588,False,ffiec_ratio,171.0,124.0,0.0,124.0,18370000.0,0.0,True,124.0,0.06025,0.72515,171.0,siting - outside the footprint,False,False
17143004902,Peoria County,IL,metro,2193,98704,False,ffiec_ratio,192.0,124.0,0.0,124.0,19110000.0,0.0,True,124.0,0.05654,0.64583,192.0,siting - outside the footprint,False,False
17097860807,Lake County,IL,metro,1788,103229,False,ffiec_ratio,203.0,124.0,0.0,124.0,25340000.0,0.0,True,124.0,0.06935,0.61084,203.0,siting - outside the footprint,False,False
17143004600,Peoria County,IL,metro,2134,92339,False,ffiec_ratio,182.0,124.0,0.0,124.0,14070000.0,0.0,True,124.0,0.05811,0.68132,182.0,siting - outside the footprint,False,False
17031803010,Cook County,IL,metro,1743,137401,False,ffiec_ratio,186.0,124.0,1.0,123.0,33490000.0,0.806,True,123.0,0.07057,0.66129,184.5,siting - outside the footprint,False,False
55081950900,Monroe County,WI,micro,2104,97692,False,ffiec_ratio,174.0,126.0,3.0,123.0,26050000.0,2.381,True,123.0,0.05846,0.7069,169.86,siting - outside the footprint,False,False
17043841102,DuPage County,IL,metro,2156,108854,False,ffiec_ratio,192.0,123.0,0.0,123.0,24895000.0,0.0,False,123.0,0.05705,0.64063,192.0,"conversion - present, capturing none",False,False
55009020704,Brown County,WI,metro,3881,102144,False,ffiec_ratio,194.0,134.0,11.0,123.0,25680000.0,8.209,False,123.0,0.03169,0.63402,178.07,"conversion - present, under-capturing",False,False
55025011000,Dane County,WI,metro,2077,139732,False,ffiec_ratio,156.0,124.0,1.0,123.0,43330000.0,0.806,False,123.0,0.05922,0.78846,154.74,"conversion - present, under-capturing",False,False
17043846521,DuPage County,IL,metro,1868,172656,False,ffiec_ratio,174.0,125.0,2.0,123.0,49665000.0,1.6,True,123.0,0.06585,0.7069,171.22,siting - outside the footprint,False,False
17043845702,DuPage County,IL,metro,1637,179922,False,ffiec_ratio,180.0,123.0,0.0,123.0,50335000.0,0.0,True,123.0,0.07514,0.68333,180.0,siting - outside the footprint,False,False
55035000600,Eau Claire County,WI,metro,2373,72344,True,ffiec_ratio,189.0,124.0,1.0,123.0,20710000.0,0.806,False,123.0,0.05183,0.65079,187.48,"conversion - present, under-capturing",False,False
17007010502,Boone County,IL,metro,1940,131184,False,ffiec_ratio,197.0,124.0,1.0,123.0,28830000.0,0.806,True,123.0,0.0634,0.62437,195.41,siting - outside the footprint,False,False
17031828601,Cook County,IL,metro,1689,111065,False,ffiec_ratio,229.0,123.0,0.0,123.0,22565000.0,0.0,True,123.0,0.07282,0.53712,229.0,siting - outside the footprint,False,False
17031804606,Cook County,IL,metro,2443,148254,False,ffiec_ratio,195.0,123.0,0.0,123.0,34175000.0,0.0,False,123.0,0.05035,0.63077,195.0,"conversion - present, capturing none",False,False
17031829902,Cook County,IL,metro,2730,109128,False,ffiec_ratio,322.0,123.0,0.0,123.0,31975000.0,0.0,True,123.0,0.04505,0.38199,322.0,siting - outside the footprint,False,False
17097860600,Lake County,IL,metro,3271,83786,True,ffiec_ratio,228.0,123.0,0.0,123.0,24395000.0,0.0,False,123.0,0.0376,0.53947,228.0,"conversion - present, capturing none",False,False
17163503903,St. Clair County,IL,metro,1453,159713,False,ffiec_ratio,188.0,123.0,0.0,123.0,33675000.0,0.0,True,123.0,0.08465,0.65426,188.0,siting - outside the footprint,False,False
55117000900,Sheboygan County,WI,metro,2463,85601,False,ffiec_ratio,195.0,123.0,0.0,123.0,16775000.0,0.0,False,123.0,0.04994,0.63077,195.0,"conversion - present, capturing none",False,False
17031824505,Cook County,IL,metro,2561,77493,True,ffiec_ratio,196.0,123.0,0.0,123.0,24275000.0,0.0,True,123.0,0.04803,0.62755,196.0,siting - outside the footprint,False,False
17031819000,Cook County,IL,metro,1526,209073,False,ffiec_ratio,166.0,123.0,0.0,123.0,60255000.0,0.0,True,123.0,0.0806,0.74096,166.0,siting - outside the footprint,False,False
55059000601,Kenosha County,WI,metro,2062,116839,False,ffiec_ratio,197.0,125.0,2.0,123.0,29225000.0,1.6,True,123.0,0.05965,0.62437,193.85,siting - outside the footprint,False,False
17179021203,Tazewell County,IL,metro,2425,87292,False,ffiec_ratio,182.0,123.0,0.0,123.0,18395000.0,0.0,True,123.0,0.05072,0.67582,182.0,siting - outside the footprint,False,False
17163503211,St. Clair County,IL,metro,1809,112885,False,ffiec_ratio,212.0,126.0,4.0,122.0,26540000.0,3.175,False,122.0,0.06744,0.57547,205.27,"conversion - present, under-capturing",False,False
17089851909,Kane County,IL,metro,1664,146793,False,ffiec_ratio,200.0,123.0,1.0,122.0,23525000.0,0.813,False,122.0,0.07332,0.61,198.37,"conversion - present, under-capturing",False,False
55029100500,Door County,WI,rural,1829,119659,False,ffiec_ratio,176.0,126.0,4.0,122.0,37400000.0,3.175,False,122.0,0.0667,0.69318,170.41,"conversion - present, under-capturing",False,False
55027960700,Dodge County,WI,micro,2342,75203,False,ffiec_ratio,174.0,126.0,4.0,122.0,37330000.0,3.175,False,122.0,0.05209,0.70115,168.48,"conversion - present, under-capturing",False,False
17089852406,Kane County,IL,metro,925,164400,False,ffiec_ratio,182.0,122.0,0.0,122.0,49190000.0,0.0,True,122.0,0.13189,0.67033,182.0,siting - outside the footprint,False,False
17031822000,Cook County,IL,metro,1773,83636,True,ffiec_ratio,187.0,122.0,0.0,122.0,18850000.0,0.0,True,122.0,0.06881,0.65241,187.0,siting - outside the footprint,False,False
55025000205,Dane County,WI,metro,2475,167432,False,ffiec_ratio,169.0,122.0,0.0,122.0,57690000.0,0.0,False,122.0,0.04929,0.72189,169.0,"conversion - present, capturing none",False,False
17201003904,Winnebago County,IL,metro,1834,93167,False,ffiec_ratio,169.0,124.0,2.0,122.0,24470000.0,1.613,True,122.0,0.06652,0.72189,166.27,siting - outside the footprint,False,False
55009001801,Brown County,WI,metro,2248,108235,False,ffiec_ratio,166.0,134.0,12.0,122.0,37050000.0,8.955,False,122.0,0.05427,0.73494,151.13,"conversion - present, under-capturing",False,False
55089660303,Ozaukee County,WI,metro,1831,197353,False,ffiec_ratio,191.0,132.0,10.0,122.0,50840000.0,7.576,False,122.0,0.06663,0.63874,176.53,"conversion - present, under-capturing",False,False
17111871003,McHenry County,IL,metro,1558,116779,False,ffiec_ratio,178.0,123.0,1.0,122.0,24965000.0,0.813,True,122.0,0.07831,0.68539,176.55,siting - outside the footprint,False,False
55101000800,Racine County,WI,metro,2003,85279,False,ffiec_ratio,180.0,124.0,2.0,122.0,18140000.0,1.613,False,122.0,0.06091,0.67778,177.1,"conversion - present, under-capturing",False,False
17097864801,Lake County,IL,metro,1758,242553,False,ffiec_ratio,203.0,123.0,1.0,122.0,67155000.0,0.813,True,122.0,0.0694,0.60099,201.35,siting - outside the footprint,False,False
55133203303,Waukesha County,WI,metro,2064,129123,False,ffiec_ratio,171.0,126.0,4.0,122.0,30870000.0,3.175,False,122.0,0.05911,0.71345,165.57,"conversion - present, under-capturing",False,False
55137960800,Waushara County,WI,rural,1845,85179,False,ffiec_ratio,205.0,129.0,7.0,122.0,20865000.0,5.426,False,122.0,0.06612,0.59512,193.88,"conversion - present, under-capturing",False,False
55021970500,Columbia County,WI,metro,1682,73000,True,ffiec_ratio,191.0,130.0,8.0,122.0,32620000.0,6.154,False,122.0,0.07253,0.63874,179.25,"conversion - present, under-capturing",False,False
55005000500,Barron County,WI,micro,2045,84031,False,ffiec_ratio,160.0,122.0,0.0,122.0,22960000.0,0.0,False,122.0,0.05966,0.7625,160.0,"conversion - present, capturing none",False,False
17031802504,Cook County,IL,metro,1982,103409,False,ffiec_ratio,212.0,122.0,0.0,122.0,30850000.0,0.0,True,122.0,0.06155,0.57547,212.0,siting - outside the footprint,False,False
17115002200,Macon County,IL,metro,2161,111250,False,ffiec_ratio,190.0,122.0,0.0,122.0,19320000.0,0.0,True,122.0,0.05646,0.64211,190.0,siting - outside the footprint,False,False
17043844702,DuPage County,IL,metro,1832,250001,False,ffiec_ratio,173.0,122.0,0.0,122.0,86860000.0,0.0,True,122.0,0.06659,0.7052,173.0,siting - outside the footprint,False,False
17197880408,Will County,IL,metro,1467,120347,False,ffiec_ratio,182.0,122.0,0.0,122.0,23800000.0,0.0,True,122.0,0.08316,0.67033,182.0,siting - outside the footprint,False,False
17197880307,Will County,IL,metro,2215,141087,False,ffiec_ratio,219.0,122.0,0.0,122.0,39730000.0,0.0,True,122.0,0.05508,0.55708,219.0,siting - outside the footprint,False,False
55025000700,Dane County,WI,metro,1228,172813,False,ffiec_ratio,149.0,123.0,1.0,122.0,41655000.0,0.813,False,122.0,0.09935,0.81879,147.79,"conversion - present, under-capturing",False,False
17043846313,DuPage County,IL,metro,2104,170172,False,ffiec_ratio,218.0,122.0,0.0,122.0,50960000.0,0.0,True,122.0,0.05798,0.55963,218.0,siting - outside the footprint,False,False
17031834300,Cook County,IL,metro,2526,115109,True,ffiec_ratio,230.0,123.0,1.0,122.0,22165000.0,0.813,True,122.0,0.0483,0.53043,228.13,siting - outside the footprint,False,False
17111871207,McHenry County,IL,metro,1610,138860,False,ffiec_ratio,180.0,122.0,0.0,122.0,29460000.0,0.0,False,122.0,0.07578,0.67778,180.0,"conversion - present, capturing none",False,False
55025000401,Dane County,WI,metro,1583,173173,False,ffiec_ratio,151.0,122.0,1.0,121.0,31290000.0,0.82,False,121.0,0.07644,0.80132,149.76,"conversion - present, under-capturing",False,False
17031330101,Cook County,IL,metro,2643,189131,False,ffiec_ratio,200.0,122.0,1.0,121.0,47020000.0,0.82,False,121.0,0.04578,0.605,198.36,"conversion - present, under-capturing",False,False
55025002200,Dane County,WI,metro,2189,81635,True,ffiec_ratio,167.0,123.0,2.0,121.0,33245000.0,1.626,False,121.0,0.05528,0.72455,164.28,"conversion - present, under-capturing",False,False
55095961100,Polk County,WI,rural,1560,89238,False,ffiec_ratio,192.0,121.0,0.0,121.0,22345000.0,0.0,True,121.0,0.07756,0.63021,192.0,siting - outside the footprint,False,False
55017010800,Chippewa County,WI,metro,2179,92837,False,ffiec_ratio,190.0,124.0,3.0,121.0,28320000.0,2.419,True,121.0,0.05553,0.63684,185.4,siting - outside the footprint,False,False
55131470100,Washington County,WI,metro,2200,132130,False,ffiec_ratio,265.0,129.0,8.0,121.0,32815000.0,6.202,False,121.0,0.055,0.4566,248.56,"conversion - present, under-capturing",False,False
17097860806,Lake County,IL,metro,1791,116711,False,ffiec_ratio,205.0,121.0,0.0,121.0,30255000.0,0.0,True,121.0,0.06756,0.59024,205.0,siting - outside the footprint,False,False
17163503332,St. Clair County,IL,metro,2130,89890,False,ffiec_ratio,199.0,122.0,1.0,121.0,18380000.0,0.82,True,121.0,0.05681,0.60804,197.37,siting - outside the footprint,False,False
55063001200,La Crosse County,WI,metro,1871,114007,False,ffiec_ratio,149.0,125.0,4.0,121.0,42205000.0,3.2,False,121.0,0.06467,0.81208,144.23,"conversion - present, under-capturing",False,False
17031100200,Cook County,IL,metro,2850,119839,False,ffiec_ratio,190.0,123.0,2.0,121.0,37035000.0,1.626,False,121.0,0.04246,0.63684,186.91,"conversion - present, under-capturing",False,False
17197880202,Will County,IL,metro,1596,111667,False,ffiec_ratio,203.0,121.0,0.0,121.0,26435000.0,0.0,True,121.0,0.07581,0.59606,203.0,siting - outside the footprint,False,False
17113001402,McLean County,IL,metro,1351,126484,False,ffiec_ratio,200.0,121.0,0.0,121.0,46845000.0,0.0,True,121.0,0.08956,0.605,200.0,siting - outside the footprint,False,False
17007010400,Boone County,IL,metro,2411,95638,False,ffiec_ratio,219.0,121.0,0.0,121.0,24385000.0,0.0,True,121.0,0.05019,0.55251,219.0,siting - outside the footprint,False,False
17197880204,Will County,IL,metro,2561,110383,False,ffiec_ratio,229.0,121.0,0.0,121.0,24095000.0,0.0,True,121.0,0.04725,0.52838,229.0,siting - outside the footprint,False,False
17037000402,DeKalb County,IL,metro,1642,147000,False,ffiec_ratio,201.0,121.0,0.0,121.0,31045000.0,0.0,True,121.0,0.07369,0.60199,201.0,siting - outside the footprint,False,False
17167003000,Sangamon County,IL,metro,2139,84783,False,ffiec_ratio,164.0,121.0,0.0,121.0,19145000.0,0.0,True,121.0,0.05657,0.7378,164.0,siting - outside the footprint,False,False
17097864107,Lake County,IL,metro,1820,135697,False,ffiec_ratio,200.0,121.0,0.0,121.0,38385000.0,0.0,False,121.0,0.06648,0.605,200.0,"conversion - present, capturing none",False,False
17143003402,Peoria County,IL,metro,1613,124479,False,ffiec_ratio,165.0,121.0,0.0,121.0,28865000.0,0.0,True,121.0,0.07502,0.73333,165.0,siting - outside the footprint,False,False
17197881115,Will County,IL,metro,1578,135891,False,ffiec_ratio,178.0,121.0,0.0,121.0,30685000.0,0.0,True,121.0,0.07668,0.67978,178.0,siting - outside the footprint,False,False
17089852201,Kane County,IL,metro,2201,137266,False,ffiec_ratio,161.0,120.0,0.0,120.0,33070000.0,0.0,True,120.0,0.05452,0.74534,161.0,siting - outside the footprint,False,False
55039042100,Fond du Lac County,WI,metro,1943,112311,False,ffiec_ratio,176.0,124.0,4.0,120.0,25330000.0,3.226,False,120.0,0.06176,0.68182,170.32,"conversion - present, under-capturing",False,False
55131440200,Washington County,WI,metro,1779,92153,False,ffiec_ratio,176.0,125.0,5.0,120.0,23895000.0,4.0,False,120.0,0.06745,0.68182,168.96,"conversion - present, under-capturing",False,False
55127001702,Walworth County,WI,micro,2076,97386,False,ffiec_ratio,210.0,125.0,5.0,120.0,28085000.0,4.0,False,120.0,0.0578,0.57143,201.6,"conversion - present, under-capturing",False,False
17031480400,Cook County,IL,metro,2359,110576,False,ffiec_ratio,248.0,120.0,0.0,120.0,24330000.0,0.0,True,120.0,0.05087,0.48387,248.0,siting - outside the footprint,False,False
55125950502,Vilas County,WI,rural,1467,80714,False,ffiec_ratio,175.0,125.0,5.0,120.0,33175000.0,4.0,False,120.0,0.0818,0.68571,168.0,"conversion - present, under-capturing",False,False
17197880125,Will County,IL,metro,1385,149663,False,ffiec_ratio,211.0,120.0,0.0,120.0,34330000.0,0.0,True,120.0,0.08664,0.56872,211.0,siting - outside the footprint,False,False
55079140202,Milwaukee County,WI,metro,2231,109844,False,ffiec_ratio,202.0,122.0,2.0,120.0,25180000.0,1.639,False,120.0,0.05379,0.59406,198.69,"conversion - present, under-capturing",False,False
55115100500,Shawano County,WI,micro,2205,65182,False,ffiec_ratio,166.0,128.0,8.0,120.0,42850000.0,6.25,False,120.0,0.05442,0.72289,155.63,"conversion - present, under-capturing",False,False
55063000700,La Crosse County,WI,metro,1870,125224,False,ffiec_ratio,171.0,126.0,6.0,120.0,25810000.0,4.762,False,120.0,0.06417,0.70175,162.86,"conversion - present, under-capturing",False,False
17031828100,Cook County,IL,metro,1986,97771,True,ffiec_ratio,216.0,121.0,1.0,120.0,18725000.0,0.826,True,120.0,0.06042,0.55556,214.22,siting - outside the footprint,False,False
55133204003,Waukesha County,WI,metro,1622,134659,False,ffiec_ratio,182.0,126.0,6.0,120.0,91920000.0,4.762,True,120.0,0.07398,0.65934,173.33,siting - outside the footprint,False,False
55131420105,Washington County,WI,metro,1893,93603,False,ffiec_ratio,155.0,122.0,2.0,120.0,24460000.0,1.639,False,120.0,0.06339,0.77419,152.46,"conversion - present, under-capturing",False,False
17031802200,Cook County,IL,metro,2050,192031,False,ffiec_ratio,204.0,124.0,4.0,120.0,66250000.0,3.226,False,120.0,0.05854,0.58824,197.42,"conversion - present, under-capturing",False,False
55089650200,Ozaukee County,WI,metro,2384,127589,False,ffiec_ratio,176.0,121.0,1.0,120.0,32305000.0,0.826,False,120.0,0.05034,0.68182,174.55,"conversion - present, under-capturing",False,False
17031804609,Cook County,IL,metro,2465,162083,False,ffiec_ratio,189.0,120.0,0.0,120.0,40000000.0,0.0,True,120.0,0.04868,0.63492,189.0,siting - outside the footprint,False,False
17179021000,Tazewell County,IL,metro,2491,89048,False,ffiec_ratio,184.0,120.0,0.0,120.0,11870000.0,0.0,True,120.0,0.04817,0.65217,184.0,siting - outside the footprint,False,False
55031020700,Douglas County,WI,metro,1739,112656,False,ffiec_ratio,162.0,120.0,0.0,120.0,18220000.0,0.0,True,120.0,0.06901,0.74074,162.0,siting - outside the footprint,False,False
17197880503,Will County,IL,metro,2005,97336,True,ffiec_ratio,167.0,120.0,0.0,120.0,23080000.0,0.0,True,120.0,0.05985,0.71856,167.0,siting - outside the footprint,False,False
55005000100,Barron County,WI,micro,1649,88672,False,ffiec_ratio,171.0,120.0,0.0,120.0,23360000.0,0.0,False,120.0,0.07277,0.70175,171.0,"conversion - present, capturing none",False,False
17031828801,Cook County,IL,metro,1814,119684,False,ffiec_ratio,225.0,121.0,1.0,120.0,27735000.0,0.826,True,120.0,0.06615,0.53333,223.14,siting - outside the footprint,False,False
17031820603,Cook County,IL,metro,2046,78443,False,ffiec_ratio,392.0,120.0,0.0,120.0,19950000.0,0.0,True,120.0,0.05865,0.30612,392.0,siting - outside the footprint,False,False
17043845000,DuPage County,IL,metro,2325,155189,False,ffiec_ratio,213.0,120.0,0.0,120.0,38580000.0,0.0,True,120.0,0.05161,0.56338,213.0,siting - outside the footprint,False,False
17167003201,Sangamon County,IL,metro,1808,137083,False,ffiec_ratio,183.0,120.0,0.0,120.0,30980000.0,0.0,True,120.0,0.06637,0.65574,183.0,siting - outside the footprint,False,False
17031822602,Cook County,IL,metro,3190,110117,False,ffiec_ratio,232.0,120.0,0.0,120.0,27870000.0,0.0,True,120.0,0.03762,0.51724,232.0,siting - outside the footprint,False,False
55079091300,Milwaukee County,WI,metro,1517,180375,False,ffiec_ratio,171.0,125.0,6.0,119.0,42875000.0,4.8,False,119.0,0.07844,0.69591,162.79,"conversion - present, under-capturing",False,False
17201000101,Winnebago County,IL,metro,1601,92143,False,ffiec_ratio,178.0,123.0,4.0,119.0,16285000.0,3.252,False,119.0,0.07433,0.66854,172.21,"conversion - present, under-capturing",False,False
55105002901,Rock County,WI,metro,1674,125000,False,ffiec_ratio,170.0,121.0,2.0,119.0,19385000.0,1.653,True,119.0,0.07109,0.7,167.19,siting - outside the footprint,False,False
55039041101,Fond du Lac County,WI,metro,1842,101875,False,ffiec_ratio,201.0,135.0,16.0,119.0,30795000.0,11.852,False,119.0,0.0646,0.59204,177.18,"conversion - present, under-capturing",False,False
55073000700,Marathon County,WI,metro,2383,95521,True,ffiec_ratio,182.0,120.0,1.0,119.0,20820000.0,0.833,False,119.0,0.04994,0.65385,180.48,"conversion - present, under-capturing",False,False
17111870200,McHenry County,IL,metro,2182,104206,False,ffiec_ratio,215.0,120.0,1.0,119.0,28400000.0,0.833,True,119.0,0.05454,0.55349,213.21,siting - outside the footprint,False,False
55087010602,Outagamie County,WI,metro,1558,104189,False,ffiec_ratio,158.0,122.0,3.0,119.0,22440000.0,2.459,False,119.0,0.07638,0.75316,154.11,"conversion - present, under-capturing",False,False
55009001400,Brown County,WI,metro,1395,71563,True,ffiec_ratio,181.0,126.0,7.0,119.0,18520000.0,5.556,False,119.0,0.0853,0.65746,170.94,"conversion - present, under-capturing",False,False
55141011500,Wood County,WI,micro,2532,120139,False,ffiec_ratio,194.0,128.0,9.0,119.0,25570000.0,7.031,False,119.0,0.047,0.6134,180.36,"conversion - present, under-capturing",False,False
17163501602,St. Clair County,IL,metro,1860,66964,True,ffiec_ratio,222.0,122.0,3.0,119.0,15090000.0,2.459,False,119.0,0.06398,0.53604,216.54,"conversion - present, under-capturing",False,False
17111871202,McHenry County,IL,metro,1956,91107,False,ffiec_ratio,216.0,121.0,2.0,119.0,19905000.0,1.653,False,119.0,0.06084,0.55093,212.43,"conversion - present, under-capturing",False,False
55025012900,Dane County,WI,metro,1543,143750,False,ffiec_ratio,159.0,120.0,1.0,119.0,39150000.0,0.833,True,119.0,0.07712,0.74843,157.68,siting - outside the footprint,False,False
55087011300,Outagamie County,WI,metro,1231,89896,False,ffiec_ratio,148.0,121.0,2.0,119.0,18035000.0,1.653,False,119.0,0.09667,0.80405,145.55,"conversion - present, under-capturing",False,False
55081950200,Monroe County,WI,micro,1824,89063,False,ffiec_ratio,168.0,122.0,3.0,119.0,25800000.0,2.459,True,119.0,0.06524,0.70833,163.87,siting - outside the footprint,False,False
17043842602,DuPage County,IL,metro,1487,241250,False,ffiec_ratio,179.0,120.0,1.0,119.0,51850000.0,0.833,True,119.0,0.08003,0.6648,177.51,siting - outside the footprint,False,False
55079160302,Milwaukee County,WI,metro,1577,131178,False,ffiec_ratio,171.0,126.0,7.0,119.0,29340000.0,5.556,False,119.0,0.07546,0.69591,161.5,"conversion - present, under-capturing",False,False
17031100300,Cook County,IL,metro,2756,123406,False,ffiec_ratio,198.0,121.0,2.0,119.0,39085000.0,1.653,False,119.0,0.04318,0.60101,194.73,"conversion - present, under-capturing",False,False
17031821800,Cook County,IL,metro,1963,121308,False,ffiec_ratio,229.0,119.0,0.0,119.0,26185000.0,0.0,True,119.0,0.06062,0.51965,229.0,siting - outside the footprint,False,False
17179020500,Tazewell County,IL,metro,1886,90515,False,ffiec_ratio,191.0,119.0,0.0,119.0,12755000.0,0.0,True,119.0,0.0631,0.62304,191.0,siting - outside the footprint,False,False
17031825501,Cook County,IL,metro,1798,58036,True,ffiec_ratio,258.0,119.0,0.0,119.0,19865000.0,0.0,True,119.0,0.06618,0.46124,258.0,siting - outside the footprint,False,False
17167003901,Sangamon County,IL,metro,1965,120461,False,ffiec_ratio,178.0,119.0,0.0,119.0,23105000.0,0.0,True,119.0,0.06056,0.66854,178.0,siting - outside the footprint,False,False
17115002601,Macon County,IL,metro,1870,103462,False,ffiec_ratio,163.0,119.0,0.0,119.0,17345000.0,0.0,True,119.0,0.06364,0.73006,163.0,siting - outside the footprint,False,False
17097863904,Lake County,IL,metro,2125,219583,False,ffiec_ratio,187.0,119.0,0.0,119.0,54015000.0,0.0,False,119.0,0.056,0.63636,187.0,"conversion - present, capturing none",False,False
17031241400,Cook County,IL,metro,2707,250001,False,ffiec_ratio,198.0,120.0,1.0,119.0,96270000.0,0.833,False,119.0,0.04396,0.60101,196.35,"conversion - present, under-capturing",False,False
17043845200,DuPage County,IL,metro,1495,250001,False,ffiec_ratio,191.0,123.0,4.0,119.0,101995000.0,3.252,True,119.0,0.0796,0.62304,184.79,siting - outside the footprint,False,False
17111870403,McHenry County,IL,metro,1658,106118,False,ffiec_ratio,198.0,119.0,0.0,119.0,25485000.0,0.0,True,119.0,0.07177,0.60101,198.0,siting - outside the footprint,False,False
55101001402,Racine County,WI,metro,1695,123068,True,ffiec_ratio,187.0,121.0,3.0,118.0,21875000.0,2.479,True,118.0,0.06962,0.63102,182.36,siting - outside the footprint,False,False
55133204503,Waukesha County,WI,metro,1387,132008,False,ffiec_ratio,177.0,121.0,3.0,118.0,50875000.0,2.479,False,118.0,0.08508,0.66667,172.61,"conversion - present, under-capturing",False,False
17031801606,Cook County,IL,metro,2703,194500,False,ffiec_ratio,205.0,121.0,3.0,118.0,64365000.0,2.479,True,118.0,0.04366,0.57561,199.92,siting - outside the footprint,False,False
17031832600,Cook County,IL,metro,1685,250001,False,ffiec_ratio,181.0,119.0,1.0,118.0,88405000.0,0.84,False,118.0,0.07003,0.65193,179.48,"conversion - present, under-capturing",False,False
17097861301,Lake County,IL,metro,2101,79500,True,ffiec_ratio,226.0,120.0,2.0,118.0,19500000.0,1.667,True,118.0,0.05616,0.52212,222.23,siting - outside the footprint,False,False
55101001101,Racine County,WI,metro,1724,74920,False,ffiec_ratio,173.0,121.0,3.0,118.0,18185000.0,2.479,False,118.0,0.06845,0.68208,168.71,"conversion - present, under-capturing",False,False
55111000800,Sauk County,WI,micro,1665,97292,False,ffiec_ratio,171.0,119.0,1.0,118.0,23335000.0,0.84,True,118.0,0.07087,0.69006,169.56,siting - outside the footprint,False,False
55033970200,Dunn County,WI,micro,2014,93750,False,ffiec_ratio,193.0,120.0,2.0,118.0,21330000.0,1.667,True,118.0,0.05859,0.6114,189.78,siting - outside the footprint,False,False
17201000600,Winnebago County,IL,metro,1850,84828,False,ffiec_ratio,190.0,123.0,5.0,118.0,17435000.0,4.065,False,118.0,0.06378,0.62105,182.28,"conversion - present, under-capturing",False,False
55105001700,Rock County,WI,metro,1815,63302,True,ffiec_ratio,202.0,126.0,8.0,118.0,14670000.0,6.349,False,118.0,0.06501,0.58416,189.18,"conversion - present, under-capturing",False,False
55063010204,La Crosse County,WI,metro,2377,98661,False,ffiec_ratio,168.0,120.0,2.0,118.0,23990000.0,1.667,False,118.0,0.04964,0.70238,165.2,"conversion - present, under-capturing",False,False
55079070100,Milwaukee County,WI,metro,1655,207417,False,ffiec_ratio,188.0,134.0,16.0,118.0,55030000.0,11.94,False,118.0,0.0713,0.62766,165.55,"conversion - present, under-capturing",False,False
55139001400,Winnebago County,WI,metro,1718,83698,False,ffiec_ratio,164.0,124.0,6.0,118.0,17300000.0,4.839,False,118.0,0.06868,0.71951,156.06,"conversion - present, under-capturing",False,False
17111871108,McHenry County,IL,metro,1797,144099,False,ffiec_ratio,208.0,119.0,1.0,118.0,35465000.0,0.84,False,118.0,0.06566,0.56731,206.25,"conversion - present, under-capturing",False,False
17111870402,McHenry County,IL,metro,2195,104500,True,ffiec_ratio,189.0,118.0,0.0,118.0,24870000.0,0.0,True,118.0,0.05376,0.62434,189.0,siting - outside the footprint,False,False
17089854508,Kane County,IL,metro,2229,118424,False,ffiec_ratio,198.0,118.0,0.0,118.0,28580000.0,0.0,False,118.0,0.05294,0.59596,198.0,"conversion - present, capturing none",False,False
17031640300,Cook County,IL,metro,2231,93945,True,ffiec_ratio,208.0,118.0,0.0,118.0,23600000.0,0.0,True,118.0,0.05289,0.56731,208.0,siting - outside the footprint,False,False
55095960200,Polk County,WI,rural,1620,89398,False,ffiec_ratio,183.0,118.0,0.0,118.0,24100000.0,0.0,True,118.0,0.07284,0.64481,183.0,siting - outside the footprint,False,False
17097864308,Lake County,IL,metro,1668,203625,False,ffiec_ratio,180.0,119.0,1.0,118.0,44875000.0,0.84,True,118.0,0.07074,0.65556,178.49,siting - outside the footprint,False,False
17089852807,Kane County,IL,metro,1464,187841,False,ffiec_ratio,205.0,118.0,0.0,118.0,47900000.0,0.0,True,118.0,0.0806,0.57561,205.0,siting - outside the footprint,False,False
17179021101,Tazewell County,IL,metro,2948,53601,False,ffiec_ratio,172.0,118.0,0.0,118.0,14960000.0,0.0,True,118.0,0.04003,0.68605,172.0,siting - outside the footprint,False,False
55087012102,Outagamie County,WI,metro,1882,84870,False,ffiec_ratio,155.0,124.0,6.0,118.0,22940000.0,4.839,False,118.0,0.0627,0.76129,147.5,"conversion - present, under-capturing",False,False
55133203501,Waukesha County,WI,metro,1535,112625,False,ffiec_ratio,161.0,125.0,8.0,117.0,39985000.0,6.4,True,117.0,0.07622,0.72671,150.7,siting - outside the footprint,False,False
55137960400,Waushara County,WI,rural,1508,81875,False,ffiec_ratio,189.0,118.0,1.0,117.0,21900000.0,0.847,False,117.0,0.07759,0.61905,187.4,"conversion - present, under-capturing",False,False
55027961000,Dodge County,WI,micro,2060,86906,False,ffiec_ratio,172.0,123.0,6.0,117.0,18945000.0,4.878,False,117.0,0.0568,0.68023,163.61,"conversion - present, under-capturing",False,False
55035000502,Eau Claire County,WI,metro,2119,115718,False,ffiec_ratio,173.0,123.0,6.0,117.0,25425000.0,4.878,False,117.0,0.05521,0.6763,164.56,"conversion - present, under-capturing",False,False
55133203601,Waukesha County,WI,metro,2086,119719,False,ffiec_ratio,164.0,117.0,0.0,117.0,40445000.0,0.0,True,117.0,0.05609,0.71341,164.0,siting - outside the footprint,False,False
17031803017,Cook County,IL,metro,2516,132750,False,ffiec_ratio,178.0,117.0,0.0,117.0,35345000.0,0.0,True,117.0,0.0465,0.6573,178.0,siting - outside the footprint,False,False
55089660202,Ozaukee County,WI,metro,2368,147656,False,ffiec_ratio,176.0,125.0,8.0,117.0,47685000.0,6.4,False,117.0,0.04941,0.66477,164.74,"conversion - present, under-capturing",False,False
17097864108,Lake County,IL,metro,2004,120313,False,ffiec_ratio,198.0,119.0,2.0,117.0,26205000.0,1.681,False,117.0,0.05838,0.59091,194.67,"conversion - present, under-capturing",False,False
55133203803,Waukesha County,WI,metro,1595,142898,False,ffiec_ratio,171.0,121.0,4.0,117.0,30335000.0,3.306,True,117.0,0.07335,0.68421,165.35,siting - outside the footprint,False,False
17031825802,Cook County,IL,metro,2243,71481,True,ffiec_ratio,271.0,117.0,0.0,117.0,18725000.0,0.0,True,117.0,0.05216,0.43173,271.0,siting - outside the footprint,False,False
17031081201,Cook County,IL,metro,2933,226728,False,ffiec_ratio,172.0,118.0,1.0,117.0,274420000.0,0.847,False,117.0,0.03989,0.68023,170.54,"conversion - present, under-capturing",False,False
17031818800,Cook County,IL,metro,2165,159167,False,ffiec_ratio,213.0,117.0,0.0,117.0,29205000.0,0.0,True,117.0,0.05404,0.5493,213.0,siting - outside the footprint,False,False
17031242200,Cook County,IL,metro,2024,231429,False,ffiec_ratio,184.0,119.0,2.0,117.0,78505000.0,1.681,False,117.0,0.05781,0.63587,180.91,"conversion - present, under-capturing",False,False
17197883509,Will County,IL,metro,1842,110833,False,ffiec_ratio,191.0,117.0,0.0,117.0,31775000.0,0.0,True,117.0,0.06352,0.61257,191.0,siting - outside the footprint,False,False
17031804716,Cook County,IL,metro,1541,124107,False,ffiec_ratio,226.0,117.0,0.0,117.0,31515000.0,0.0,True,117.0,0.07592,0.5177,226.0,siting - outside the footprint,False,False
17031816100,Cook County,IL,metro,2621,102019,False,ffiec_ratio,214.0,117.0,0.0,117.0,35715000.0,0.0,True,117.0,0.04464,0.54673,214.0,siting - outside the footprint,False,False
55095960901,Polk County,WI,rural,1295,101711,False,ffiec_ratio,167.0,117.0,0.0,117.0,27845000.0,0.0,True,117.0,0.09035,0.7006,167.0,siting - outside the footprint,False,False
17111870904,McHenry County,IL,metro,2036,101130,False,ffiec_ratio,193.0,117.0,0.0,117.0,22445000.0,0.0,True,117.0,0.05747,0.60622,193.0,siting - outside the footprint,False,False
55005001004,Barron County,WI,micro,1694,86346,False,ffiec_ratio,183.0,116.0,0.0,116.0,37620000.0,0.0,False,116.0,0.06848,0.63388,183.0,"conversion - present, capturing none",False,False
55105002100,Rock County,WI,metro,1392,64894,False,ffiec_ratio,199.0,124.0,8.0,116.0,20340000.0,6.452,False,116.0,0.08333,0.58291,186.16,"conversion - present, under-capturing",False,False
55133200101,Waukesha County,WI,metro,2052,125455,False,ffiec_ratio,185.0,122.0,6.0,116.0,25080000.0,4.918,False,116.0,0.05653,0.62703,175.9,"conversion - present, under-capturing",False,False
17031801100,Cook County,IL,metro,1557,250001,False,ffiec_ratio,208.0,116.0,0.0,116.0,90460000.0,0.0,True,116.0,0.0745,0.55769,208.0,siting - outside the footprint,False,False
17031171000,Cook County,IL,metro,2763,104671,False,ffiec_ratio,203.0,118.0,2.0,116.0,32640000.0,1.695,False,116.0,0.04198,0.57143,199.56,"conversion - present, under-capturing",False,False
55079019500,Milwaukee County,WI,metro,1521,100778,False,ffiec_ratio,166.0,117.0,1.0,116.0,23055000.0,0.855,False,116.0,0.07627,0.6988,164.58,"conversion - present, under-capturing",False,False
55077960500,Marquette County,WI,rural,1486,79769,False,ffiec_ratio,185.0,116.0,0.0,116.0,17760000.0,0.0,True,116.0,0.07806,0.62703,185.0,siting - outside the footprint,False,False
55083101200,Oconto County,WI,metro,2129,76658,False,ffiec_ratio,153.0,124.0,8.0,116.0,17450000.0,6.452,False,116.0,0.05449,0.75817,143.13,"conversion - present, under-capturing",False,False
17043844201,DuPage County,IL,metro,2007,120887,False,ffiec_ratio,188.0,116.0,0.0,116.0,31960000.0,0.0,True,116.0,0.0578,0.61702,188.0,siting - outside the footprint,False,False
55139001500,Winnebago County,WI,metro,1469,79650,False,ffiec_ratio,168.0,120.0,4.0,116.0,21520000.0,3.333,False,116.0,0.07897,0.69048,162.4,"conversion - present, under-capturing",False,False
17043844306,DuPage County,IL,metro,2468,100317,False,ffiec_ratio,217.0,117.0,1.0,116.0,21855000.0,0.855,True,116.0,0.047,0.53456,215.14,siting - outside the footprint,False,False
55077960400,Marquette County,WI,rural,1264,77778,False,ffiec_ratio,173.0,117.0,1.0,116.0,18555000.0,0.855,True,116.0,0.09177,0.67052,171.52,siting - outside the footprint,False,False
55071000600,Manitowoc County,WI,micro,2365,70024,False,ffiec_ratio,165.0,122.0,6.0,116.0,21760000.0,4.918,False,116.0,0.04905,0.70303,156.89,"conversion - present, under-capturing",False,False
17179021702,Tazewell County,IL,metro,2245,114577,False,ffiec_ratio,141.0,116.0,0.0,116.0,21990000.0,0.0,True,116.0,0.05167,0.8227,141.0,siting - outside the footprint,False,False
17161020900,Rock Island County,IL,metro,2201,91340,False,ffiec_ratio,181.0,116.0,0.0,116.0,19420000.0,0.0,True,116.0,0.0527,0.64088,181.0,siting - outside the footprint,False,False
17111871109,McHenry County,IL,metro,1622,150208,False,ffiec_ratio,179.0,116.0,0.0,116.0,24630000.0,0.0,True,116.0,0.07152,0.64804,179.0,siting - outside the footprint,False,False
55079019700,Milwaukee County,WI,metro,2486,99181,False,ffiec_ratio,182.0,119.0,3.0,116.0,23845000.0,2.521,False,116.0,0.04666,0.63736,177.41,"conversion - present, under-capturing",False,False
17161021800,Rock Island County,IL,metro,1909,96683,False,ffiec_ratio,178.0,116.0,0.0,116.0,14800000.0,0.0,True,116.0,0.06076,0.65169,178.0,siting - outside the footprint,False,False
17089852005,Kane County,IL,metro,1781,179135,False,ffiec_ratio,173.0,116.0,0.0,116.0,39200000.0,0.0,True,116.0,0.06513,0.67052,173.0,siting - outside the footprint,False,False
17043841206,DuPage County,IL,metro,2120,128817,False,ffiec_ratio,174.0,116.0,0.0,116.0,27210000.0,0.0,True,116.0,0.05472,0.66667,174.0,siting - outside the footprint,False,False
17097864516,Lake County,IL,metro,1523,142847,False,ffiec_ratio,192.0,116.0,0.0,116.0,31290000.0,0.0,True,116.0,0.07617,0.60417,192.0,siting - outside the footprint,False,False
17031829903,Cook County,IL,metro,1217,95685,False,ffiec_ratio,252.0,116.0,0.0,116.0,20920000.0,0.0,True,116.0,0.09532,0.46032,252.0,siting - outside the footprint,False,False
17197883519,Will County,IL,metro,2183,150553,False,ffiec_ratio,193.0,116.0,0.0,116.0,28590000.0,0.0,True,116.0,0.05314,0.60104,193.0,siting - outside the footprint,False,False
17043841307,DuPage County,IL,metro,1826,152219,False,ffiec_ratio,181.0,116.0,0.0,116.0,28420000.0,0.0,True,116.0,0.06353,0.64088,181.0,siting - outside the footprint,False,False
55089610102,Ozaukee County,WI,metro,1579,100882,False,ffiec_ratio,175.0,120.0,4.0,116.0,32450000.0,3.333,True,116.0,0.07346,0.66286,169.17,siting - outside the footprint,False,False
17197880701,Will County,IL,metro,1850,101719,True,ffiec_ratio,185.0,116.0,0.0,116.0,25680000.0,0.0,True,116.0,0.0627,0.62703,185.0,siting - outside the footprint,False,False
17093890502,Kendall County,IL,metro,1628,105750,False,ffiec_ratio,208.0,116.0,0.0,116.0,23200000.0,0.0,True,116.0,0.07125,0.55769,208.0,siting - outside the footprint,False,False
17031824119,Cook County,IL,metro,2198,138286,False,ffiec_ratio,206.0,116.0,0.0,116.0,31290000.0,0.0,True,116.0,0.05278,0.56311,206.0,siting - outside the footprint,False,False
17089853900,Kane County,IL,metro,2212,94583,False,ffiec_ratio,207.0,117.0,2.0,115.0,26155000.0,1.709,False,115.0,0.05199,0.55556,203.46,"conversion - present, under-capturing",False,False
55133202800,Waukesha County,WI,metro,1810,83110,True,ffiec_ratio,186.0,118.0,3.0,115.0,22440000.0,2.542,False,115.0,0.06354,0.61828,181.27,"conversion - present, under-capturing",False,False
55067960400,Langlade County,WI,rural,1457,94167,False,ffiec_ratio,169.0,117.0,2.0,115.0,15235000.0,1.709,False,115.0,0.07893,0.68047,166.11,"conversion - present, under-capturing",False,False
55027961800,Dodge County,WI,micro,1792,95825,False,ffiec_ratio,186.0,119.0,4.0,115.0,21435000.0,3.361,False,115.0,0.06417,0.61828,179.75,"conversion - present, under-capturing",False,False
55133202002,Waukesha County,WI,metro,1670,142756,False,ffiec_ratio,179.0,122.0,7.0,115.0,31930000.0,5.738,True,115.0,0.06886,0.64246,168.73,siting - outside the footprint,False,False
17031800400,Cook County,IL,metro,1265,250001,False,ffiec_ratio,172.0,115.0,0.0,115.0,156515000.0,0.0,True,115.0,0.09091,0.6686,172.0,siting - outside the footprint,False,False
17031062800,Cook County,IL,metro,1623,250001,False,ffiec_ratio,183.0,116.0,1.0,115.0,87970000.0,0.862,True,115.0,0.07086,0.62842,181.42,siting - outside the footprint,False,False
17031826100,Cook County,IL,metro,2119,56868,True,ffiec_ratio,249.0,115.0,0.0,115.0,16925000.0,0.0,True,115.0,0.05427,0.46185,249.0,siting - outside the footprint,False,False
17179020700,Tazewell County,IL,metro,2055,81288,True,ffiec_ratio,154.0,117.0,2.0,115.0,14375000.0,1.709,True,115.0,0.05596,0.74675,151.37,siting - outside the footprint,False,False
17031825505,Cook County,IL,metro,1650,95500,True,ffiec_ratio,293.0,115.0,0.0,115.0,20205000.0,0.0,True,115.0,0.0697,0.39249,293.0,siting - outside the footprint,False,False
55055101100,Jefferson County,WI,micro,1827,91054,False,ffiec_ratio,148.0,117.0,2.0,115.0,27915000.0,1.709,False,115.0,0.06294,0.77703,145.47,"conversion - present, under-capturing",False,False
17031803800,Cook County,IL,metro,1735,153333,False,ffiec_ratio,186.0,115.0,0.0,115.0,31585000.0,0.0,True,115.0,0.06628,0.61828,186.0,siting - outside the footprint,False,False
55059002903,Kenosha County,WI,metro,1381,97247,False,ffiec_ratio,181.0,116.0,1.0,115.0,28550000.0,0.862,True,115.0,0.08327,0.63536,179.44,siting - outside the footprint,False,False
17089852606,Kane County,IL,metro,1897,198203,False,ffiec_ratio,171.0,115.0,0.0,115.0,41295000.0,0.0,True,115.0,0.06062,0.67251,171.0,siting - outside the footprint,False,False
55141010700,Wood County,WI,micro,1865,107548,False,ffiec_ratio,173.0,117.0,2.0,115.0,26445000.0,1.709,False,115.0,0.06166,0.66474,170.04,"conversion - present, under-capturing",False,False
17111871304,McHenry County,IL,metro,1520,116406,False,ffiec_ratio,175.0,115.0,0.0,115.0,25875000.0,0.0,False,115.0,0.07566,0.65714,175.0,"conversion - present, capturing none",False,False
55071010500,Manitowoc County,WI,micro,1382,106389,False,ffiec_ratio,152.0,119.0,4.0,115.0,24145000.0,3.361,False,115.0,0.08321,0.75658,146.89,"conversion - present, under-capturing",False,False
17105960800,Livingston County,IL,micro,2211,106536,False,ffiec_ratio,155.0,115.0,0.0,115.0,16555000.0,0.0,True,115.0,0.05201,0.74194,155.0,siting - outside the footprint,False,False
55071010600,Manitowoc County,WI,micro,2031,110833,False,ffiec_ratio,187.0,118.0,4.0,114.0,28190000.0,3.39,False,114.0,0.05613,0.60963,180.66,"conversion - present, under-capturing",False,False
55079070300,Milwaukee County,WI,metro,1958,133438,False,ffiec_ratio,181.0,126.0,12.0,114.0,38040000.0,9.524,False,114.0,0.05822,0.62983,163.76,"conversion - present, under-capturing",False,False
55133200202,Waukesha County,WI,metro,1937,116471,False,ffiec_ratio,165.0,118.0,4.0,114.0,26920000.0,3.39,False,114.0,0.05885,0.69091,159.41,"conversion - present, under-capturing",False,False
55027960800,Dodge County,WI,micro,1475,89323,False,ffiec_ratio,179.0,118.0,4.0,114.0,16970000.0,3.39,False,114.0,0.07729,0.63687,172.93,"conversion - present, under-capturing",False,False
17117957200,Macoupin County,IL,metro,1940,84757,True,ffiec_ratio,198.0,123.0,9.0,114.0,17555000.0,7.317,False,114.0,0.05876,0.57576,183.51,"conversion - present, under-capturing",False,False
55033970700,Dunn County,WI,micro,2518,94038,False,ffiec_ratio,180.0,115.0,1.0,114.0,20085000.0,0.87,True,114.0,0.04527,0.63333,178.43,siting - outside the footprint,False,False
55127001605,Walworth County,WI,micro,2454,121328,False,ffiec_ratio,168.0,121.0,7.0,114.0,37885000.0,5.785,False,114.0,0.04645,0.67857,158.28,"conversion - present, under-capturing",False,False
55025012700,Dane County,WI,metro,1806,141797,False,ffiec_ratio,166.0,115.0,1.0,114.0,38595000.0,0.87,True,114.0,0.06312,0.68675,164.56,siting - outside the footprint,False,False
55027961200,Dodge County,WI,micro,1676,70956,True,ffiec_ratio,186.0,115.0,1.0,114.0,16665000.0,0.87,False,114.0,0.06802,0.6129,184.38,"conversion - present, under-capturing",False,False
55061960402,Kewaunee County,WI,metro,1429,109188,False,ffiec_ratio,136.0,114.0,0.0,114.0,27040000.0,0.0,True,114.0,0.07978,0.83824,136.0,siting - outside the footprint,False,False
17031770601,Cook County,IL,metro,1130,86599,False,ffiec_ratio,194.0,114.0,0.0,114.0,37200000.0,0.0,True,114.0,0.10088,0.58763,194.0,siting - outside the footprint,False,False
55087012400,Outagamie County,WI,metro,1325,100579,False,ffiec_ratio,157.0,118.0,4.0,114.0,22850000.0,3.39,False,114.0,0.08604,0.72611,151.68,"conversion - present, under-capturing",False,False
17161022000,Rock Island County,IL,metro,1768,106818,False,ffiec_ratio,154.0,114.0,0.0,114.0,17640000.0,0.0,True,114.0,0.06448,0.74026,154.0,siting - outside the footprint,False,False
55139001803,Winnebago County,WI,metro,3190,105190,False,ffiec_ratio,151.0,119.0,5.0,114.0,26315000.0,4.202,False,114.0,0.03574,0.75497,144.65,"conversion - present, under-capturing",False,False
17031804711,Cook County,IL,metro,2605,112381,False,ffiec_ratio,195.0,114.0,0.0,114.0,27190000.0,0.0,True,114.0,0.04376,0.58462,195.0,siting - outside the footprint,False,False
17197880107,Will County,IL,metro,1470,105559,False,ffiec_ratio,204.0,114.0,0.0,114.0,24290000.0,0.0,True,114.0,0.07755,0.55882,204.0,siting - outside the footprint,False,False
17031826500,Cook County,IL,metro,2055,62054,True,ffiec_ratio,277.0,114.0,0.0,114.0,15640000.0,0.0,True,114.0,0.05547,0.41155,277.0,siting - outside the footprint,False,False
17099962300,LaSalle County,IL,micro,2294,104983,False,ffiec_ratio,172.0,114.0,0.0,114.0,26630000.0,0.0,True,114.0,0.04969,0.66279,172.0,siting - outside the footprint,False,False
17089852608,Kane County,IL,metro,1698,215750,False,ffiec_ratio,165.0,114.0,0.0,114.0,45340000.0,0.0,True,114.0,0.06714,0.69091,165.0,siting - outside the footprint,False,False
17167002200,Sangamon County,IL,metro,1483,76071,False,ffiec_ratio,138.0,114.0,0.0,114.0,12790000.0,0.0,True,114.0,0.07687,0.82609,138.0,siting - outside the footprint,False,False
17031804512,Cook County,IL,metro,1359,160833,False,ffiec_ratio,192.0,114.0,0.0,114.0,27160000.0,0.0,False,114.0,0.08389,0.59375,192.0,"conversion - present, capturing none",False,False
17043841801,DuPage County,IL,metro,1839,138608,False,ffiec_ratio,169.0,114.0,0.0,114.0,42460000.0,0.0,True,114.0,0.06199,0.67456,169.0,siting - outside the footprint,False,False
55133201403,Waukesha County,WI,metro,2093,86974,False,ffiec_ratio,169.0,117.0,3.0,114.0,29625000.0,2.564,False,114.0,0.05447,0.67456,164.67,"conversion - present, under-capturing",False,False
17167000503,Sangamon County,IL,metro,1524,78784,True,ffiec_ratio,159.0,114.0,0.0,114.0,10400000.0,0.0,True,114.0,0.0748,0.71698,159.0,siting - outside the footprint,False,False
17031825600,Cook County,IL,metro,1628,62650,True,ffiec_ratio,234.0,114.0,0.0,114.0,15100000.0,0.0,True,114.0,0.07002,0.48718,234.0,siting - outside the footprint,False,False
55117000100,Sheboygan County,WI,metro,1327,108021,False,ffiec_ratio,160.0,115.0,2.0,113.0,21475000.0,1.739,False,113.0,0.08515,0.70625,157.22,"conversion - present, under-capturing",False,False
17031071500,Cook County,IL,metro,3729,212065,False,ffiec_ratio,175.0,113.0,0.0,113.0,49235000.0,0.0,False,113.0,0.0303,0.64571,175.0,"conversion - present, capturing none",False,False
17031561000,Cook County,IL,metro,2281,111820,False,ffiec_ratio,177.0,114.0,1.0,113.0,24480000.0,0.877,True,113.0,0.04954,0.63842,175.45,siting - outside the footprint,False,False
55005000900,Barron County,WI,micro,2031,78654,False,ffiec_ratio,168.0,114.0,1.0,113.0,20820000.0,0.877,True,113.0,0.05564,0.67262,166.53,siting - outside the footprint,False,False
17119400951,Madison County,IL,metro,2256,106067,False,ffiec_ratio,198.0,114.0,1.0,113.0,17460000.0,0.877,True,113.0,0.05009,0.57071,196.26,siting - outside the footprint,False,False
55039041102,Fond du Lac County,WI,metro,2136,106280,False,ffiec_ratio,191.0,121.0,8.0,113.0,25375000.0,6.612,False,113.0,0.0529,0.59162,178.37,"conversion - present, under-capturing",False,False
17007010501,Boone County,IL,metro,1766,173323,False,ffiec_ratio,176.0,117.0,4.0,113.0,34695000.0,3.419,True,113.0,0.06399,0.64205,169.98,siting - outside the footprint,False,False
55101001602,Racine County,WI,metro,1255,129261,False,ffiec_ratio,164.0,114.0,1.0,113.0,27610000.0,0.877,True,113.0,0.09004,0.68902,162.56,siting - outside the footprint,False,False
55109120202,St. Croix County,WI,metro,1841,163359,False,ffiec_ratio,179.0,123.0,10.0,113.0,38785000.0,8.13,True,113.0,0.06138,0.63128,164.45,siting - outside the footprint,False,False
55133203902,Waukesha County,WI,metro,1580,118190,False,ffiec_ratio,180.0,123.0,10.0,113.0,27275000.0,8.13,False,113.0,0.07152,0.62778,165.37,"conversion - present, under-capturing",False,False
17031804506,Cook County,IL,metro,1949,143726,False,ffiec_ratio,214.0,113.0,0.0,113.0,67355000.0,0.0,False,113.0,0.05798,0.52804,214.0,"conversion - present, capturing none",False,False
17201003400,Winnebago County,IL,metro,1777,69740,True,ffiec_ratio,188.0,115.0,2.0,113.0,11495000.0,1.739,False,113.0,0.06359,0.60106,184.73,"conversion - present, under-capturing",False,False
17031803007,Cook County,IL,metro,2139,118272,False,ffiec_ratio,175.0,113.0,0.0,113.0,30085000.0,0.0,True,113.0,0.05283,0.64571,175.0,siting - outside the footprint,False,False
55139003600,Winnebago County,WI,metro,1537,139278,False,ffiec_ratio,178.0,124.0,11.0,113.0,26760000.0,8.871,False,113.0,0.07352,0.63483,162.21,"conversion - present, under-capturing",False,False
17005951300,Bond County,IL,metro,2140,104063,True,ffiec_ratio,180.0,113.0,0.0,113.0,14415000.0,0.0,True,113.0,0.0528,0.62778,180.0,siting - outside the footprint,False,False
17031240500,Cook County,IL,metro,1352,239111,False,ffiec_ratio,175.0,113.0,0.0,113.0,61755000.0,0.0,False,113.0,0.08358,0.64571,175.0,"conversion - present, capturing none",False,False
55117010503,Sheboygan County,WI,metro,1666,86082,False,ffiec_ratio,156.0,116.0,3.0,113.0,25560000.0,2.586,False,113.0,0.06783,0.72436,151.97,"conversion - present, under-capturing",False,False
17199020201,Williamson County,IL,micro,2474,76250,False,ffiec_ratio,179.0,113.0,0.0,113.0,19685000.0,0.0,True,113.0,0.04568,0.63128,179.0,siting - outside the footprint,False,False
17097863603,Lake County,IL,metro,1075,250001,False,ffiec_ratio,163.0,113.0,0.0,113.0,48545000.0,0.0,True,113.0,0.10512,0.69325,163.0,siting - outside the footprint,False,False
17043845809,DuPage County,IL,metro,1669,143672,False,ffiec_ratio,166.0,113.0,0.0,113.0,40765000.0,0.0,True,113.0,0.06771,0.68072,166.0,siting - outside the footprint,False,False
17037000900,DeKalb County,IL,metro,2104,115462,False,ffiec_ratio,167.0,113.0,0.0,113.0,23825000.0,0.0,True,113.0,0.05371,0.67665,167.0,siting - outside the footprint,False,False
17031823903,Cook County,IL,metro,1708,178350,False,ffiec_ratio,183.0,113.0,0.0,113.0,38085000.0,0.0,True,113.0,0.06616,0.61749,183.0,siting - outside the footprint,False,False
17113001107,McLean County,IL,metro,1499,121579,False,ffiec_ratio,158.0,113.0,0.0,113.0,23515000.0,0.0,True,113.0,0.07538,0.71519,158.0,siting - outside the footprint,False,False
17111870104,McHenry County,IL,metro,2145,102083,False,ffiec_ratio,170.0,114.0,2.0,112.0,26440000.0,1.754,False,112.0,0.05221,0.65882,167.02,"conversion - present, under-capturing",False,False
55071000700,Manitowoc County,WI,micro,2489,75094,True,ffiec_ratio,182.0,120.0,8.0,112.0,27410000.0,6.667,False,112.0,0.045,0.61538,169.87,"conversion - present, under-capturing",False,False
55035001500,Eau Claire County,WI,metro,1685,99653,False,ffiec_ratio,168.0,117.0,5.0,112.0,26575000.0,4.274,True,112.0,0.06647,0.66667,160.82,siting - outside the footprint,False,False
55039041902,Fond du Lac County,WI,metro,1436,118661,False,ffiec_ratio,176.0,117.0,5.0,112.0,21955000.0,4.274,True,112.0,0.07799,0.63636,168.48,siting - outside the footprint,False,False
17143003101,Peoria County,IL,metro,2206,103324,False,ffiec_ratio,188.0,112.0,0.0,112.0,19160000.0,0.0,True,112.0,0.05077,0.59574,188.0,siting - outside the footprint,False,False
55109120906,St. Croix County,WI,metro,1425,195536,False,ffiec_ratio,169.0,123.0,11.0,112.0,51215000.0,8.943,True,112.0,0.0786,0.66272,153.89,siting - outside the footprint,False,False
17031803607,Cook County,IL,metro,1719,127469,False,ffiec_ratio,158.0,113.0,1.0,112.0,30075000.0,0.885,True,112.0,0.06515,0.70886,156.6,siting - outside the footprint,False,False
55133202500,Waukesha County,WI,metro,1951,105929,False,ffiec_ratio,171.0,118.0,6.0,112.0,25800000.0,5.085,False,112.0,0.05741,0.65497,162.3,"conversion - present, under-capturing",False,False
55127000104,Walworth County,WI,micro,1492,134375,False,ffiec_ratio,179.0,123.0,11.0,112.0,41885000.0,8.943,False,112.0,0.07507,0.6257,162.99,"conversion - present, under-capturing",False,False
17089852403,Kane County,IL,metro,2084,146908,False,ffiec_ratio,156.0,113.0,1.0,112.0,29325000.0,0.885,True,112.0,0.05374,0.71795,154.62,siting - outside the footprint,False,False
17031802605,Cook County,IL,metro,3265,142396,False,ffiec_ratio,191.0,113.0,1.0,112.0,32555000.0,0.885,True,112.0,0.0343,0.58639,189.31,siting - outside the footprint,False,False
55109120700,St. Croix County,WI,metro,1890,109773,False,ffiec_ratio,181.0,116.0,4.0,112.0,23700000.0,3.448,True,112.0,0.05926,0.61878,174.76,siting - outside the footprint,False,False
17111870807,McHenry County,IL,metro,1914,131727,False,ffiec_ratio,167.0,113.0,1.0,112.0,25965000.0,0.885,False,112.0,0.05852,0.67066,165.52,"conversion - present, under-capturing",False,False
17163504353,St. Clair County,IL,metro,1503,194050,False,ffiec_ratio,188.0,114.0,2.0,112.0,36250000.0,1.754,True,112.0,0.07452,0.59574,184.7,siting - outside the footprint,False,False
55079101500,Milwaukee County,WI,metro,2169,78977,False,ffiec_ratio,195.0,112.0,0.0,112.0,17300000.0,0.0,False,112.0,0.05164,0.57436,195.0,"conversion - present, capturing none",False,False
17043846311,DuPage County,IL,metro,2085,119219,False,ffiec_ratio,169.0,112.0,0.0,112.0,25960000.0,0.0,True,112.0,0.05372,0.66272,169.0,siting - outside the footprint,False,False
17031824126,Cook County,IL,metro,2014,168654,False,ffiec_ratio,197.0,112.0,0.0,112.0,32220000.0,0.0,True,112.0,0.05561,0.56853,197.0,siting - outside the footprint,False,False
17163504352,St. Clair County,IL,metro,1881,101375,False,ffiec_ratio,153.0,112.0,0.0,112.0,20700000.0,0.0,True,112.0,0.05954,0.73203,153.0,siting - outside the footprint,False,False
17197880502,Will County,IL,metro,1843,118526,False,ffiec_ratio,187.0,112.0,0.0,112.0,24480000.0,0.0,True,112.0,0.06077,0.59893,187.0,siting - outside the footprint,False,False
17031822601,Cook County,IL,metro,1506,124440,False,ffiec_ratio,185.0,112.0,0.0,112.0,23920000.0,0.0,True,112.0,0.07437,0.60541,185.0,siting - outside the footprint,False,False
55079060101,Milwaukee County,WI,metro,1947,116429,False,ffiec_ratio,177.0,116.0,4.0,112.0,24750000.0,3.448,False,112.0,0.05752,0.63277,170.9,"conversion - present, under-capturing",False,False
17197883213,Will County,IL,metro,2486,119375,False,ffiec_ratio,178.0,112.0,0.0,112.0,26300000.0,0.0,True,112.0,0.04505,0.62921,178.0,siting - outside the footprint,False,False
17031805701,Cook County,IL,metro,2012,250001,False,ffiec_ratio,183.0,112.0,0.0,112.0,45160000.0,0.0,True,112.0,0.05567,0.61202,183.0,siting - outside the footprint,False,False
55111000700,Sauk County,WI,micro,1245,111190,False,ffiec_ratio,153.0,111.0,0.0,111.0,24355000.0,0.0,True,111.0,0.08916,0.72549,153.0,siting - outside the footprint,False,False
55015020700,Calumet County,WI,metro,1536,146486,False,ffiec_ratio,138.0,114.0,3.0,111.0,26700000.0,2.632,False,111.0,0.07227,0.80435,134.37,"conversion - present, under-capturing",False,False
17089850704,Kane County,IL,metro,3205,86086,True,ffiec_ratio,176.0,112.0,1.0,111.0,24760000.0,0.893,True,111.0,0.03463,0.63068,174.43,siting - outside the footprint,False,False
17043845602,DuPage County,IL,metro,2086,163291,False,ffiec_ratio,163.0,111.0,0.0,111.0,36775000.0,0.0,True,111.0,0.05321,0.68098,163.0,siting - outside the footprint,False,False
55063001000,La Crosse County,WI,metro,1603,83750,True,ffiec_ratio,160.0,112.0,1.0,111.0,17630000.0,0.893,False,111.0,0.06925,0.69375,158.57,"conversion - present, under-capturing",False,False
55079140201,Milwaukee County,WI,metro,2559,100921,False,ffiec_ratio,172.0,113.0,2.0,111.0,20975000.0,1.77,False,111.0,0.04338,0.64535,168.96,"conversion - present, under-capturing",False,False
17097861012,Lake County,IL,metro,1906,109844,False,ffiec_ratio,182.0,112.0,1.0,111.0,39660000.0,0.893,True,111.0,0.05824,0.60989,180.37,siting - outside the footprint,False,False
17097863701,Lake County,IL,metro,1798,228784,False,ffiec_ratio,173.0,112.0,1.0,111.0,41980000.0,0.893,True,111.0,0.06174,0.64162,171.46,siting - outside the footprint,False,False
17163504001,St. Clair County,IL,metro,2047,117685,False,ffiec_ratio,182.0,113.0,2.0,111.0,19765000.0,1.77,True,111.0,0.05423,0.60989,178.78,siting - outside the footprint,False,False
17031280100,Cook County,IL,metro,5641,250001,False,ffiec_ratio,213.0,112.0,1.0,111.0,100000000.0,0.893,False,111.0,0.01968,0.52113,211.1,"conversion - present, under-capturing",False,False
55139000400,Winnebago County,WI,metro,1314,73969,True,ffiec_ratio,145.0,112.0,1.0,111.0,15410000.0,0.893,False,111.0,0.08447,0.76552,143.71,"conversion - present, under-capturing",False,False
55029100700,Door County,WI,rural,2544,87059,False,ffiec_ratio,178.0,120.0,9.0,111.0,28850000.0,7.5,False,111.0,0.04363,0.6236,164.65,"conversion - present, under-capturing",False,False
55079005000,Milwaukee County,WI,metro,1978,56488,True,ffiec_ratio,231.0,114.0,3.0,111.0,18340000.0,2.632,False,111.0,0.05612,0.48052,224.92,"conversion - present, under-capturing",False,False
55109120905,St. Croix County,WI,metro,3054,141953,False,ffiec_ratio,188.0,119.0,8.0,111.0,31485000.0,6.723,False,111.0,0.03635,0.59043,175.36,"conversion - present, under-capturing",False,False
17031804406,Cook County,IL,metro,1857,87750,False,ffiec_ratio,177.0,111.0,0.0,111.0,21535000.0,0.0,False,111.0,0.05977,0.62712,177.0,"conversion - present, capturing none",False,False
55131440106,Washington County,WI,metro,1606,125192,False,ffiec_ratio,164.0,115.0,4.0,111.0,35695000.0,3.478,True,111.0,0.06912,0.67683,158.3,siting - outside the footprint,False,False
55031030301,Douglas County,WI,metro,1376,100357,False,ffiec_ratio,156.0,114.0,3.0,111.0,27020000.0,2.632,True,111.0,0.08067,0.71154,151.89,siting - outside the footprint,False,False
55079101700,Milwaukee County,WI,metro,1479,97928,False,ffiec_ratio,167.0,115.0,4.0,111.0,20235000.0,3.478,False,111.0,0.07505,0.66467,161.19,"conversion - present, under-capturing",False,False
17031804105,Cook County,IL,metro,1699,154341,False,ffiec_ratio,187.0,111.0,0.0,111.0,37925000.0,0.0,True,111.0,0.06533,0.59358,187.0,siting - outside the footprint,False,False
17037002000,DeKalb County,IL,metro,1707,103841,True,ffiec_ratio,192.0,111.0,0.0,111.0,20375000.0,0.0,True,111.0,0.06503,0.57813,192.0,siting - outside the footprint,False,False
17097861105,Lake County,IL,metro,1820,113650,False,ffiec_ratio,164.0,111.0,0.0,111.0,28765000.0,0.0,True,111.0,0.06099,0.67683,164.0,siting - outside the footprint,False,False
17043842200,DuPage County,IL,metro,1970,196719,False,ffiec_ratio,163.0,111.0,0.0,111.0,57445000.0,0.0,True,111.0,0.05635,0.68098,163.0,siting - outside the footprint,False,False
55131450108,Washington County,WI,metro,1084,130918,False,ffiec_ratio,154.0,116.0,5.0,111.0,36930000.0,4.31,True,111.0,0.1024,0.72078,147.36,siting - outside the footprint,False,False
17043846206,DuPage County,IL,metro,1508,160625,False,ffiec_ratio,165.0,111.0,0.0,111.0,29085000.0,0.0,True,111.0,0.07361,0.67273,165.0,siting - outside the footprint,False,False
55055101600,Jefferson County,WI,micro,2902,113646,False,ffiec_ratio,159.0,114.0,3.0,111.0,38680000.0,2.632,False,111.0,0.03825,0.69811,154.82,"conversion - present, under-capturing",False,False
17197883218,Will County,IL,metro,1405,140426,False,ffiec_ratio,218.0,111.0,0.0,111.0,28005000.0,0.0,True,111.0,0.079,0.50917,218.0,siting - outside the footprint,False,False
17167002100,Sangamon County,IL,metro,1596,137708,False,ffiec_ratio,140.0,111.0,0.0,111.0,23855000.0,0.0,True,111.0,0.06955,0.79286,140.0,siting - outside the footprint,False,False
17197880324,Will County,IL,metro,1578,149856,False,ffiec_ratio,220.0,111.0,0.0,111.0,28635000.0,0.0,True,111.0,0.07034,0.50455,220.0,siting - outside the footprint,False,False
17031828602,Cook County,IL,metro,1499,111944,False,ffiec_ratio,273.0,111.0,0.0,111.0,21585000.0,0.0,True,111.0,0.07405,0.40659,273.0,siting - outside the footprint,False,False
17031812200,Cook County,IL,metro,1272,238802,False,ffiec_ratio,162.0,111.0,0.0,111.0,53695000.0,0.0,True,111.0,0.08726,0.68519,162.0,siting - outside the footprint,False,False
17019010500,Champaign County,IL,metro,1559,112292,False,ffiec_ratio,144.0,111.0,0.0,111.0,25235000.0,0.0,True,111.0,0.0712,0.77083,144.0,siting - outside the footprint,False,False
17179020302,Tazewell County,IL,metro,2093,89545,False,ffiec_ratio,157.0,111.0,0.0,111.0,12675000.0,0.0,True,111.0,0.05303,0.70701,157.0,siting - outside the footprint,False,False
17167002500,Sangamon County,IL,metro,2234,58750,True,ffiec_ratio,167.0,111.0,0.0,111.0,25865000.0,0.0,True,111.0,0.04969,0.66467,167.0,siting - outside the footprint,False,False
55079000304,Milwaukee County,WI,metro,1175,107409,False,ffiec_ratio,194.0,116.0,6.0,110.0,25960000.0,5.172,False,110.0,0.09362,0.56701,183.97,"conversion - present, under-capturing",False,False
55059002603,Kenosha County,WI,metro,1854,113986,False,ffiec_ratio,176.0,111.0,1.0,110.0,24465000.0,0.901,False,110.0,0.05933,0.625,174.41,"conversion - present, under-capturing",False,False
17043844801,DuPage County,IL,metro,1487,136518,False,ffiec_ratio,171.0,111.0,1.0,110.0,44595000.0,0.901,True,110.0,0.07397,0.64327,169.46,siting - outside the footprint,False,False
55075961100,Marinette County,WI,micro,2414,79387,False,ffiec_ratio,164.0,115.0,5.0,110.0,16685000.0,4.348,False,110.0,0.04557,0.67073,156.87,"conversion - present, under-capturing",False,False
17111871301,McHenry County,IL,metro,1937,115833,False,ffiec_ratio,179.0,111.0,1.0,110.0,24675000.0,0.901,False,110.0,0.05679,0.61453,177.39,"conversion - present, under-capturing",False,False
55079000600,Milwaukee County,WI,metro,1924,75027,True,ffiec_ratio,222.0,123.0,13.0,110.0,25915000.0,10.569,False,110.0,0.05717,0.4955,198.54,"conversion - present, under-capturing",False,False
17031020200,Cook County,IL,metro,2052,133643,False,ffiec_ratio,214.0,110.0,0.0,110.0,72080000.0,0.0,False,110.0,0.05361,0.51402,214.0,"conversion - present, capturing none",False,False
17097864602,Lake County,IL,metro,1226,250001,False,ffiec_ratio,171.0,111.0,1.0,110.0,70685000.0,0.901,True,110.0,0.08972,0.64327,169.46,siting - outside the footprint,False,False
17179022200,Tazewell County,IL,metro,1863,136667,False,ffiec_ratio,161.0,110.0,0.0,110.0,19900000.0,0.0,True,110.0,0.05904,0.68323,161.0,siting - outside the footprint,False,False
17097861007,Lake County,IL,metro,1250,161875,False,ffiec_ratio,174.0,111.0,1.0,110.0,27485000.0,0.901,True,110.0,0.088,0.63218,172.43,siting - outside the footprint,False,False
17161021500,Rock Island County,IL,metro,2042,82254,False,ffiec_ratio,155.0,110.0,0.0,110.0,13150000.0,0.0,True,110.0,0.05387,0.70968,155.0,siting - outside the footprint,False,False
17031818600,Cook County,IL,metro,1987,159653,False,ffiec_ratio,172.0,111.0,1.0,110.0,32445000.0,0.901,True,110.0,0.05536,0.63953,170.45,siting - outside the footprint,False,False
17163504351,St. Clair County,IL,metro,1273,156188,False,ffiec_ratio,163.0,110.0,0.0,110.0,27400000.0,0.0,True,110.0,0.08641,0.67485,163.0,siting - outside the footprint,False,False
55001950400,Adams County,WI,rural,2097,73958,True,ffiec_ratio,186.0,112.0,2.0,110.0,16260000.0,1.786,True,110.0,0.05246,0.5914,182.68,siting - outside the footprint,False,False
55095960100,Polk County,WI,rural,1582,91979,False,ffiec_ratio,178.0,110.0,0.0,110.0,19440000.0,0.0,True,110.0,0.06953,0.61798,178.0,siting - outside the footprint,False,False
55073001500,Marathon County,WI,metro,1741,124271,False,ffiec_ratio,148.0,113.0,3.0,110.0,20515000.0,2.655,False,110.0,0.06318,0.74324,144.07,"conversion - present, under-capturing",False,False
55109120904,St. Croix County,WI,metro,1708,142031,False,ffiec_ratio,156.0,121.0,11.0,110.0,36335000.0,9.091,True,110.0,0.0644,0.70513,141.82,siting - outside the footprint,False,False
17097861008,Lake County,IL,metro,2015,119779,False,ffiec_ratio,177.0,111.0,1.0,110.0,22575000.0,0.901,True,110.0,0.05459,0.62147,175.41,siting - outside the footprint,False,False
17031824004,Cook County,IL,metro,1991,148994,False,ffiec_ratio,180.0,110.0,0.0,110.0,40420000.0,0.0,True,110.0,0.05525,0.61111,180.0,siting - outside the footprint,False,False
17111870704,McHenry County,IL,metro,1385,115082,False,ffiec_ratio,199.0,110.0,0.0,110.0,21080000.0,0.0,True,110.0,0.07942,0.55276,199.0,siting - outside the footprint,False,False
17007010300,Boone County,IL,metro,2657,60275,False,ffiec_ratio,207.0,110.0,0.0,110.0,13470000.0,0.0,True,110.0,0.0414,0.5314,207.0,siting - outside the footprint,False,False
17111871115,McHenry County,IL,metro,1396,114783,True,ffiec_ratio,147.0,110.0,0.0,110.0,27270000.0,0.0,True,110.0,0.0788,0.7483,147.0,siting - outside the footprint,False,False
17201000516,Winnebago County,IL,metro,1518,118750,False,ffiec_ratio,175.0,112.0,3.0,109.0,19900000.0,2.679,False,109.0,0.07181,0.62286,170.31,"conversion - present, under-capturing",False,False
17031803015,Cook County,IL,metro,2084,141000,False,ffiec_ratio,182.0,110.0,1.0,109.0,30440000.0,0.909,True,109.0,0.0523,0.5989,180.35,siting - outside the footprint,False,False
17031811900,Cook County,IL,metro,1924,235833,False,ffiec_ratio,178.0,110.0,1.0,109.0,58780000.0,0.909,True,109.0,0.05665,0.61236,176.38,siting - outside the footprint,False,False
55009002002,Brown County,WI,metro,1933,110525,False,ffiec_ratio,151.0,116.0,7.0,109.0,21720000.0,6.034,False,109.0,0.05639,0.72185,141.89,"conversion - present, under-capturing",False,False
55025013201,Dane County,WI,metro,1455,137679,False,ffiec_ratio,164.0,112.0,3.0,109.0,57100000.0,2.679,True,109.0,0.07491,0.66463,159.61,siting - outside the footprint,False,False
17031806002,Cook County,IL,metro,2633,96034,True,ffiec_ratio,227.0,110.0,1.0,109.0,66430000.0,0.909,True,109.0,0.0414,0.48018,224.94,siting - outside the footprint,False,False
55127001607,Walworth County,WI,micro,922,150385,False,ffiec_ratio,170.0,111.0,2.0,109.0,76095000.0,1.802,False,109.0,0.11822,0.64118,166.94,"conversion - present, under-capturing",False,False
55139000800,Winnebago County,WI,metro,1526,75395,False,ffiec_ratio,145.0,110.0,1.0,109.0,15660000.0,0.909,False,109.0,0.07143,0.75172,143.68,"conversion - present, under-capturing",False,False
55123960700,Vernon County,WI,metro,1833,89643,False,ffiec_ratio,149.0,115.0,6.0,109.0,23085000.0,5.217,True,109.0,0.05947,0.73154,141.23,siting - outside the footprint,False,False
55117010800,Sheboygan County,WI,metro,1684,131012,False,ffiec_ratio,157.0,112.0,3.0,109.0,21840000.0,2.679,True,109.0,0.06473,0.69427,152.79,siting - outside the footprint,False,False
55117010300,Sheboygan County,WI,metro,1440,110234,False,ffiec_ratio,154.0,116.0,7.0,109.0,27090000.0,6.034,False,109.0,0.07569,0.70779,144.71,"conversion - present, under-capturing",False,False
55071000800,Manitowoc County,WI,micro,1685,85560,False,ffiec_ratio,166.0,113.0,4.0,109.0,17655000.0,3.54,False,109.0,0.06469,0.65663,160.12,"conversion - present, under-capturing",False,False
55135101200,Waupaca County,WI,rural,1494,94514,False,ffiec_ratio,163.0,116.0,7.0,109.0,19810000.0,6.034,False,109.0,0.07296,0.66871,153.16,"conversion - present, under-capturing",False,False
55059000400,Kenosha County,WI,metro,1768,66689,False,ffiec_ratio,170.0,111.0,2.0,109.0,17305000.0,1.802,False,109.0,0.06165,0.64118,166.94,"conversion - present, under-capturing",False,False
55079019600,Milwaukee County,WI,metro,1726,85891,False,ffiec_ratio,169.0,113.0,4.0,109.0,23215000.0,3.54,False,109.0,0.06315,0.64497,163.02,"conversion - present, under-capturing",False,False
55079100800,Milwaukee County,WI,metro,1459,109560,False,ffiec_ratio,146.0,110.0,1.0,109.0,19530000.0,0.909,False,109.0,0.07471,0.74658,144.67,"conversion - present, under-capturing",False,False
17201000105,Winnebago County,IL,metro,1486,86763,False,ffiec_ratio,168.0,113.0,4.0,109.0,16445000.0,3.54,False,109.0,0.07335,0.64881,162.05,"conversion - present, under-capturing",False,False
17203030700,Woodford County,IL,metro,1779,103750,False,ffiec_ratio,167.0,111.0,2.0,109.0,20705000.0,1.802,True,109.0,0.06127,0.65269,163.99,siting - outside the footprint,False,False
17031812100,Cook County,IL,metro,1644,166619,False,ffiec_ratio,199.0,109.0,0.0,109.0,41495000.0,0.0,True,109.0,0.0663,0.54774,199.0,siting - outside the footprint,False,False
17019001201,Champaign County,IL,metro,2957,71590,True,ffiec_ratio,175.0,109.0,0.0,109.0,15035000.0,0.0,True,109.0,0.03686,0.62286,175.0,siting - outside the footprint,False,False
17031560900,Cook County,IL,metro,1879,143538,False,ffiec_ratio,165.0,109.0,0.0,109.0,23195000.0,0.0,True,109.0,0.05801,0.66061,165.0,siting - outside the footprint,False,False
17031803013,Cook County,IL,metro,2467,122255,False,ffiec_ratio,179.0,109.0,0.0,109.0,23695000.0,0.0,True,109.0,0.04418,0.60894,179.0,siting - outside the footprint,False,False
17119402801,Madison County,IL,metro,1527,119781,False,ffiec_ratio,169.0,110.0,1.0,109.0,19940000.0,0.909,True,109.0,0.07138,0.64497,167.46,siting - outside the footprint,False,False
17031824601,Cook County,IL,metro,1661,114844,False,ffiec_ratio,186.0,109.0,0.0,109.0,20035000.0,0.0,True,109.0,0.06562,0.58602,186.0,siting - outside the footprint,False,False
17099962600,LaSalle County,IL,micro,2268,87450,False,ffiec_ratio,167.0,109.0,0.0,109.0,18805000.0,0.0,True,109.0,0.04806,0.65269,167.0,siting - outside the footprint,False,False
17089850708,Kane County,IL,metro,1403,140788,False,ffiec_ratio,182.0,109.0,0.0,109.0,27665000.0,0.0,False,109.0,0.07769,0.5989,182.0,"conversion - present, capturing none",False,False
17111870105,McHenry County,IL,metro,1439,136979,False,ffiec_ratio,186.0,109.0,0.0,109.0,31355000.0,0.0,True,109.0,0.07575,0.58602,186.0,siting - outside the footprint,False,False
17031700501,Cook County,IL,metro,2428,74268,False,ffiec_ratio,245.0,109.0,0.0,109.0,21845000.0,0.0,True,109.0,0.04489,0.4449,245.0,siting - outside the footprint,False,False
17197881109,Will County,IL,metro,1457,165257,False,ffiec_ratio,155.0,109.0,0.0,109.0,33495000.0,0.0,True,109.0,0.07481,0.70323,155.0,siting - outside the footprint,False,False
17031805001,Cook County,IL,metro,1838,157038,False,ffiec_ratio,194.0,109.0,0.0,109.0,33845000.0,0.0,True,109.0,0.0593,0.56186,194.0,siting - outside the footprint,False,False
17089852407,Kane County,IL,metro,1163,250001,False,ffiec_ratio,171.0,109.0,0.0,109.0,41745000.0,0.0,True,109.0,0.09372,0.63743,171.0,siting - outside the footprint,False,False
17161024000,Rock Island County,IL,metro,1605,120859,False,ffiec_ratio,190.0,109.0,0.0,109.0,17125000.0,0.0,True,109.0,0.06791,0.57368,190.0,siting - outside the footprint,False,False
17111870906,McHenry County,IL,metro,1914,131518,False,ffiec_ratio,180.0,110.0,2.0,108.0,25010000.0,1.818,True,108.0,0.05643,0.6,176.73,siting - outside the footprint,False,False
17097864901,Lake County,IL,metro,1543,228776,False,ffiec_ratio,172.0,109.0,1.0,108.0,53985000.0,0.917,True,108.0,0.06999,0.62791,170.42,siting - outside the footprint,False,False
17031805802,Cook County,IL,metro,1875,178083,False,ffiec_ratio,166.0,111.0,3.0,108.0,43215000.0,2.703,True,108.0,0.0576,0.6506,161.51,siting - outside the footprint,False,False
17111870810,McHenry County,IL,metro,1659,126688,False,ffiec_ratio,208.0,110.0,2.0,108.0,56010000.0,1.818,True,108.0,0.0651,0.51923,204.22,siting - outside the footprint,False,False
17197883511,Will County,IL,metro,1593,123889,False,ffiec_ratio,174.0,108.0,0.0,108.0,22840000.0,0.0,True,108.0,0.0678,0.62069,174.0,siting - outside the footprint,False,False
17043842604,DuPage County,IL,metro,1976,138442,False,ffiec_ratio,148.0,108.0,0.0,108.0,35870000.0,0.0,True,108.0,0.05466,0.72973,148.0,siting - outside the footprint,False,False
17031100500,Cook County,IL,metro,2389,153774,False,ffiec_ratio,176.0,109.0,1.0,108.0,29115000.0,0.917,False,108.0,0.04521,0.61364,174.39,"conversion - present, under-capturing",False,False
55079120502,Milwaukee County,WI,metro,2634,90303,False,ffiec_ratio,178.0,111.0,3.0,108.0,21255000.0,2.703,False,108.0,0.041,0.60674,173.19,"conversion - present, under-capturing",False,False
17113000302,McLean County,IL,metro,2551,108831,False,ffiec_ratio,150.0,108.0,0.0,108.0,18530000.0,0.0,True,108.0,0.04234,0.72,150.0,siting - outside the footprint,False,False
17031770202,Cook County,IL,metro,2003,114063,False,ffiec_ratio,198.0,108.0,0.0,108.0,23620000.0,0.0,True,108.0,0.05392,0.54545,198.0,siting - outside the footprint,False,False
17097864513,Lake County,IL,metro,2324,207701,False,ffiec_ratio,178.0,108.0,0.0,108.0,82870000.0,0.0,False,108.0,0.04647,0.60674,178.0,"conversion - present, capturing none",False,False
17043846201,DuPage County,IL,metro,2378,154030,False,ffiec_ratio,189.0,108.0,0.0,108.0,34170000.0,0.0,True,108.0,0.04542,0.57143,189.0,siting - outside the footprint,False,False
55017011002,Chippewa County,WI,metro,1796,111740,False,ffiec_ratio,157.0,110.0,2.0,108.0,28560000.0,1.818,True,108.0,0.06013,0.6879,154.15,siting - outside the footprint,False,False
17097863903,Lake County,IL,metro,1565,173750,False,ffiec_ratio,150.0,108.0,0.0,108.0,40460000.0,0.0,False,108.0,0.06901,0.72,150.0,"conversion - present, capturing none",False,False
17031803616,Cook County,IL,metro,2197,98142,False,ffiec_ratio,161.0,108.0,0.0,108.0,28850000.0,0.0,True,108.0,0.04916,0.67081,161.0,siting - outside the footprint,False,False
17031804804,Cook County,IL,metro,2575,111420,False,ffiec_ratio,184.0,108.0,0.0,108.0,24670000.0,0.0,False,108.0,0.04194,0.58696,184.0,"conversion - present, capturing none",False,False
17031242600,Cook County,IL,metro,2610,129460,True,ffiec_ratio,182.0,108.0,0.0,108.0,58200000.0,0.0,False,108.0,0.04138,0.59341,182.0,"conversion - present, capturing none",False,False
17019010800,Champaign County,IL,metro,1594,112500,False,ffiec_ratio,163.0,108.0,0.0,108.0,17740000.0,0.0,True,108.0,0.06775,0.66258,163.0,siting - outside the footprint,False,False
55025011505,Dane County,WI,metro,1791,80536,False,ffiec_ratio,147.0,108.0,1.0,107.0,36650000.0,0.926,False,107.0,0.05974,0.72789,145.64,"conversion - present, under-capturing",False,False
55087013200,Outagamie County,WI,metro,1495,92989,False,ffiec_ratio,153.0,109.0,2.0,107.0,18765000.0,1.835,False,107.0,0.07157,0.69935,150.19,"conversion - present, under-capturing",False,False
17097861404,Lake County,IL,metro,1910,77540,True,ffiec_ratio,216.0,107.0,0.0,107.0,17745000.0,0.0,True,107.0,0.05602,0.49537,216.0,siting - outside the footprint,False,False
55083100500,Oconto County,WI,metro,1167,67578,True,ffiec_ratio,165.0,115.0,8.0,107.0,24515000.0,6.957,True,107.0,0.09169,0.64848,153.52,siting - outside the footprint,False,False
17097866200,Lake County,IL,metro,2378,233958,False,ffiec_ratio,211.0,107.0,0.0,107.0,62495000.0,0.0,True,107.0,0.045,0.50711,211.0,siting - outside the footprint,False,False
55097960800,Portage County,WI,micro,2107,107813,False,ffiec_ratio,153.0,109.0,2.0,107.0,20345000.0,1.835,False,107.0,0.05078,0.69935,150.19,"conversion - present, under-capturing",False,False
17097860400,Lake County,IL,metro,2495,110239,True,ffiec_ratio,170.0,111.0,4.0,107.0,18475000.0,3.604,False,107.0,0.04289,0.62941,163.87,"conversion - present, under-capturing",False,False
55035000803,Eau Claire County,WI,metro,2991,75163,True,ffiec_ratio,154.0,113.0,6.0,107.0,28575000.0,5.31,False,107.0,0.03577,0.69481,145.82,"conversion - present, under-capturing",False,False
55035000301,Eau Claire County,WI,metro,1461,112969,False,ffiec_ratio,183.0,110.0,3.0,107.0,23140000.0,2.727,True,107.0,0.07324,0.5847,178.01,siting - outside the footprint,False,False
17093890103,Kendall County,IL,metro,2267,105761,False,ffiec_ratio,194.0,108.0,1.0,107.0,25090000.0,0.926,True,107.0,0.0472,0.55155,192.2,siting - outside the footprint,False,False
55105000600,Rock County,WI,metro,1412,66705,True,ffiec_ratio,167.0,111.0,4.0,107.0,15205000.0,3.604,False,107.0,0.07578,0.64072,160.98,"conversion - present, under-capturing",False,False
55043960900,Grant County,WI,micro,2067,90031,False,ffiec_ratio,137.0,107.0,0.0,107.0,25585000.0,0.0,True,107.0,0.05177,0.78102,137.0,siting - outside the footprint,False,False
55041950400,Forest County,WI,rural,1149,73233,False,ffiec_ratio,157.0,108.0,1.0,107.0,21470000.0,0.926,False,107.0,0.09312,0.68153,155.55,"conversion - present, under-capturing",False,False
55039041700,Fond du Lac County,WI,metro,1434,114583,False,ffiec_ratio,167.0,113.0,6.0,107.0,20155000.0,5.31,True,107.0,0.07462,0.64072,158.13,siting - outside the footprint,False,False
17031806201,Cook County,IL,metro,2265,98295,True,ffiec_ratio,171.0,107.0,0.0,107.0,26605000.0,0.0,True,107.0,0.04724,0.62573,171.0,siting - outside the footprint,False,False
17167003702,Sangamon County,IL,metro,1531,143750,False,ffiec_ratio,146.0,107.0,0.0,107.0,24815000.0,0.0,True,107.0,0.06989,0.73288,146.0,siting - outside the footprint,False,False
17031810800,Cook County,IL,metro,1722,113056,False,ffiec_ratio,197.0,108.0,1.0,107.0,29660000.0,0.926,True,107.0,0.06214,0.54315,195.18,siting - outside the footprint,False,False
17043844902,DuPage County,IL,metro,1699,208333,False,ffiec_ratio,166.0,108.0,1.0,107.0,61460000.0,0.926,True,107.0,0.06298,0.64458,164.46,siting - outside the footprint,False,False
17031839100,Cook County,IL,metro,4799,188216,False,ffiec_ratio,167.0,107.0,0.0,107.0,41745000.0,0.0,False,107.0,0.0223,0.64072,167.0,"conversion - present, capturing none",False,False
55001950502,Adams County,WI,rural,1135,67206,True,ffiec_ratio,190.0,108.0,1.0,107.0,14880000.0,0.926,True,107.0,0.09427,0.56316,188.24,siting - outside the footprint,False,False
17167002900,Sangamon County,IL,metro,2331,125000,False,ffiec_ratio,144.0,107.0,0.0,107.0,17195000.0,0.0,True,107.0,0.0459,0.74306,144.0,siting - outside the footprint,False,False
55005000400,Barron County,WI,micro,2383,73855,True,ffiec_ratio,161.0,107.0,0.0,107.0,17185000.0,0.0,False,107.0,0.0449,0.6646,161.0,"conversion - present, capturing none",False,False
17031818300,Cook County,IL,metro,2200,82801,False,ffiec_ratio,203.0,107.0,0.0,107.0,21165000.0,0.0,True,107.0,0.04864,0.52709,203.0,siting - outside the footprint,False,False
17031561100,Cook County,IL,metro,2135,138074,False,ffiec_ratio,165.0,107.0,0.0,107.0,25885000.0,0.0,True,107.0,0.05012,0.64848,165.0,siting - outside the footprint,False,False
17179020400,Tazewell County,IL,metro,2447,54156,True,ffiec_ratio,184.0,107.0,0.0,107.0,9595000.0,0.0,True,107.0,0.04373,0.58152,184.0,siting - outside the footprint,False,False
17201003806,Winnebago County,IL,metro,1825,141250,False,ffiec_ratio,181.0,109.0,2.0,107.0,21945000.0,1.835,True,107.0,0.05863,0.59116,177.68,siting - outside the footprint,False,False
17043846202,DuPage County,IL,metro,2419,159740,False,ffiec_ratio,161.0,107.0,0.0,107.0,38225000.0,0.0,True,107.0,0.04423,0.6646,161.0,siting - outside the footprint,False,False
17031841900,Cook County,IL,metro,1671,191675,False,ffiec_ratio,185.0,107.0,0.0,107.0,33315000.0,0.0,False,107.0,0.06403,0.57838,185.0,"conversion - present, capturing none",False,False
55079020600,Milwaukee County,WI,metro,1546,116417,False,ffiec_ratio,148.0,111.0,5.0,106.0,22515000.0,4.505,False,106.0,0.06856,0.71622,141.33,"conversion - present, under-capturing",False,False
55079019900,Milwaukee County,WI,metro,1586,89250,True,ffiec_ratio,147.0,107.0,1.0,106.0,19435000.0,0.935,False,106.0,0.06683,0.72109,145.63,"conversion - present, under-capturing",False,False
55139002601,Winnebago County,WI,metro,1707,84306,False,ffiec_ratio,169.0,109.0,3.0,106.0,16625000.0,2.752,False,106.0,0.0621,0.62722,164.35,"conversion - present, under-capturing",False,False
17031811100,Cook County,IL,metro,2834,83765,True,ffiec_ratio,191.0,109.0,3.0,106.0,31995000.0,2.752,True,106.0,0.0374,0.55497,185.74,siting - outside the footprint,False,False
17093890403,Kendall County,IL,metro,1702,134606,False,ffiec_ratio,196.0,107.0,1.0,106.0,22875000.0,0.935,True,106.0,0.06228,0.54082,194.17,siting - outside the footprint,False,False
17043842800,DuPage County,IL,metro,1816,226795,False,ffiec_ratio,177.0,108.0,2.0,106.0,50950000.0,1.852,True,106.0,0.05837,0.59887,173.72,siting - outside the footprint,False,False
17111870814,McHenry County,IL,metro,1332,204688,False,ffiec_ratio,183.0,108.0,2.0,106.0,29610000.0,1.852,True,106.0,0.07958,0.57923,179.61,siting - outside the footprint,False,False
17031081403,Cook County,IL,metro,7077,141140,False,ffiec_ratio,193.0,108.0,2.0,106.0,177260000.0,1.852,False,106.0,0.01498,0.54922,189.43,"conversion - present, under-capturing",False,False
55133203307,Waukesha County,WI,metro,1724,112355,False,ffiec_ratio,145.0,109.0,3.0,106.0,46675000.0,2.752,False,106.0,0.06148,0.73103,141.01,"conversion - present, under-capturing",False,False
55087012504,Outagamie County,WI,metro,1625,135738,False,ffiec_ratio,141.0,110.0,4.0,106.0,29180000.0,3.636,False,106.0,0.06523,0.75177,135.87,"conversion - present, under-capturing",False,False
17031821600,Cook County,IL,metro,1752,100875,False,ffiec_ratio,186.0,108.0,2.0,106.0,23450000.0,1.852,True,106.0,0.0605,0.56989,182.56,siting - outside the footprint,False,False
55005000602,Barron County,WI,micro,1661,82155,False,ffiec_ratio,177.0,108.0,2.0,106.0,19610000.0,1.852,False,106.0,0.06382,0.59887,173.72,"conversion - present, under-capturing",False,False
17031801702,Cook County,IL,metro,1760,225598,False,ffiec_ratio,166.0,109.0,3.0,106.0,54715000.0,2.752,True,106.0,0.06023,0.63855,161.43,siting - outside the footprint,False,False
55027960900,Dodge County,WI,micro,1929,95536,False,ffiec_ratio,165.0,111.0,5.0,106.0,17825000.0,4.505,False,106.0,0.05495,0.64242,157.57,"conversion - present, under-capturing",False,False
17043846404,DuPage County,IL,metro,2730,139489,False,ffiec_ratio,152.0,107.0,1.0,106.0,32245000.0,0.935,True,106.0,0.03883,0.69737,150.58,siting - outside the footprint,False,False
55035000801,Eau Claire County,WI,metro,1451,118221,False,ffiec_ratio,153.0,108.0,2.0,106.0,21120000.0,1.852,False,106.0,0.07305,0.69281,150.17,"conversion - present, under-capturing",False,False
55073001000,Marathon County,WI,metro,1661,115253,False,ffiec_ratio,134.0,107.0,1.0,106.0,16785000.0,0.935,False,106.0,0.06382,0.79104,132.75,"conversion - present, under-capturing",False,False
55025000204,Dane County,WI,metro,2640,99719,False,ffiec_ratio,150.0,107.0,1.0,106.0,42645000.0,0.935,False,106.0,0.04015,0.70667,148.6,"conversion - present, under-capturing",False,False
17031804608,Cook County,IL,metro,1561,131838,False,ffiec_ratio,184.0,106.0,0.0,106.0,23150000.0,0.0,True,106.0,0.06791,0.57609,184.0,siting - outside the footprint,False,False
17113005800,McLean County,IL,metro,2460,77156,True,ffiec_ratio,137.0,106.0,0.0,106.0,15460000.0,0.0,True,106.0,0.04309,0.77372,137.0,siting - outside the footprint,False,False
17031804316,Cook County,IL,metro,1561,123333,False,ffiec_ratio,178.0,106.0,0.0,106.0,27560000.0,0.0,False,106.0,0.06791,0.59551,178.0,"conversion - present, capturing none",False,False
17031281900,Cook County,IL,metro,4529,205372,False,ffiec_ratio,160.0,106.0,0.0,106.0,31460000.0,0.0,False,106.0,0.0234,0.6625,160.0,"conversion - present, capturing none",False,False
17131040100,Mercer County,IL,metro,1783,103112,False,ffiec_ratio,150.0,106.0,0.0,106.0,19910000.0,0.0,True,106.0,0.05945,0.70667,150.0,siting - outside the footprint,False,False
55101001900,Racine County,WI,metro,1702,132555,False,ffiec_ratio,157.0,106.0,0.0,106.0,32370000.0,0.0,True,106.0,0.06228,0.67516,157.0,siting - outside the footprint,False,False
55079180200,Milwaukee County,WI,metro,2207,76579,False,ffiec_ratio,178.0,106.0,0.0,106.0,21320000.0,0.0,False,106.0,0.04803,0.59551,178.0,"conversion - present, capturing none",False,False
17197880119,Will County,IL,metro,1523,173816,False,ffiec_ratio,163.0,107.0,1.0,106.0,40485000.0,0.935,True,106.0,0.0696,0.65031,161.48,siting - outside the footprint,False,False
17031803611,Cook County,IL,metro,2173,91667,True,ffiec_ratio,159.0,106.0,0.0,106.0,30010000.0,0.0,True,106.0,0.04878,0.66667,159.0,siting - outside the footprint,False,False
17073030201,Henry County,IL,metro,1787,123485,False,ffiec_ratio,145.0,106.0,0.0,106.0,18990000.0,0.0,True,106.0,0.05932,0.73103,145.0,siting - outside the footprint,False,False
55025001502,Dane County,WI,metro,2658,93967,False,ffiec_ratio,161.0,106.0,0.0,106.0,22180000.0,0.0,False,106.0,0.03988,0.65839,161.0,"conversion - present, capturing none",False,False
17031821700,Cook County,IL,metro,1736,122000,False,ffiec_ratio,164.0,106.0,0.0,106.0,24550000.0,0.0,True,106.0,0.06106,0.64634,164.0,siting - outside the footprint,False,False
17143004500,Peoria County,IL,metro,1872,75214,True,ffiec_ratio,213.0,106.0,0.0,106.0,11700000.0,0.0,True,106.0,0.05662,0.49765,213.0,siting - outside the footprint,False,False
17031081600,Cook County,IL,metro,2976,250001,False,ffiec_ratio,180.0,106.0,0.0,106.0,57000000.0,0.0,False,106.0,0.03562,0.58889,180.0,"conversion - present, capturing none",False,False
17043843000,DuPage County,IL,metro,1698,175326,False,ffiec_ratio,148.0,106.0,0.0,106.0,54040000.0,0.0,True,106.0,0.06243,0.71622,148.0,siting - outside the footprint,False,False
17043846203,DuPage County,IL,metro,1490,178523,False,ffiec_ratio,193.0,106.0,0.0,106.0,43260000.0,0.0,True,106.0,0.07114,0.54922,193.0,siting - outside the footprint,False,False
17197883206,Will County,IL,metro,1793,118485,False,ffiec_ratio,167.0,106.0,0.0,106.0,22920000.0,0.0,True,106.0,0.05912,0.63473,167.0,siting - outside the footprint,False,False
55117011301,Sheboygan County,WI,metro,1825,100655,False,ffiec_ratio,159.0,106.0,1.0,105.0,23520000.0,0.943,True,105.0,0.05753,0.66038,157.5,siting - outside the footprint,False,False
55101000901,Racine County,WI,metro,1490,76438,False,ffiec_ratio,169.0,107.0,2.0,105.0,13455000.0,1.869,False,105.0,0.07047,0.6213,165.84,"conversion - present, under-capturing",False,False
55105000400,Rock County,WI,metro,1598,97639,False,ffiec_ratio,191.0,109.0,4.0,105.0,15945000.0,3.67,True,105.0,0.06571,0.54974,183.99,siting - outside the footprint,False,False
55127001000,Walworth County,WI,micro,1967,101552,False,ffiec_ratio,185.0,111.0,6.0,105.0,33785000.0,5.405,False,105.0,0.05338,0.56757,175.0,"conversion - present, under-capturing",False,False
17143003602,Peoria County,IL,metro,2589,69344,False,ffiec_ratio,158.0,106.0,1.0,105.0,13280000.0,0.943,True,105.0,0.04056,0.66456,156.51,siting - outside the footprint,False,False
17163502602,St. Clair County,IL,metro,1582,47813,True,ffiec_ratio,215.0,106.0,1.0,105.0,9380000.0,0.943,True,105.0,0.06637,0.48837,212.97,siting - outside the footprint,False,False
17031815600,Cook County,IL,metro,2212,111711,False,ffiec_ratio,165.0,106.0,1.0,105.0,24610000.0,0.943,True,105.0,0.04747,0.63636,163.44,siting - outside the footprint,False,False
55133202103,Waukesha County,WI,metro,1335,134426,False,ffiec_ratio,149.0,111.0,6.0,105.0,30665000.0,5.405,False,105.0,0.07865,0.7047,140.95,"conversion - present, under-capturing",False,False
55069960600,Lincoln County,WI,rural,1786,92000,False,ffiec_ratio,171.0,108.0,3.0,105.0,26540000.0,2.778,False,105.0,0.05879,0.61404,166.25,"conversion - present, under-capturing",False,False
17201000506,Winnebago County,IL,metro,1772,143110,False,ffiec_ratio,184.0,110.0,5.0,105.0,18240000.0,4.545,False,105.0,0.05926,0.57065,175.64,"conversion - present, under-capturing",False,False
17031530503,Cook County,IL,metro,1390,63854,True,ffiec_ratio,240.0,107.0,2.0,105.0,15595000.0,1.869,True,105.0,0.07554,0.4375,235.51,siting - outside the footprint,False,False
55097960600,Portage County,WI,micro,2301,102569,False,ffiec_ratio,160.0,108.0,3.0,105.0,24640000.0,2.778,False,105.0,0.04563,0.65625,155.56,"conversion - present, under-capturing",False,False
55133201205,Waukesha County,WI,metro,1693,209286,False,ffiec_ratio,157.0,106.0,1.0,105.0,35370000.0,0.943,False,105.0,0.06202,0.66879,155.52,"conversion - present, under-capturing",False,False
55093960700,Pierce County,WI,metro,1800,119375,False,ffiec_ratio,179.0,126.0,21.0,105.0,37470000.0,16.667,False,105.0,0.05833,0.58659,149.17,"conversion - present, under-capturing",False,False
17031805105,Cook County,IL,metro,3088,99867,True,ffiec_ratio,181.0,105.0,0.0,105.0,18435000.0,0.0,True,105.0,0.034,0.58011,181.0,siting - outside the footprint,False,False
17119403001,Madison County,IL,metro,2694,108980,False,ffiec_ratio,161.0,107.0,2.0,105.0,37185000.0,1.869,True,105.0,0.03898,0.65217,157.99,siting - outside the footprint,False,False
17197880418,Will County,IL,metro,1606,156358,False,ffiec_ratio,183.0,105.0,0.0,105.0,24285000.0,0.0,True,105.0,0.06538,0.57377,183.0,siting - outside the footprint,False,False
17197880321,Will County,IL,metro,1621,174254,False,ffiec_ratio,172.0,105.0,0.0,105.0,35375000.0,0.0,True,105.0,0.06477,0.61047,172.0,siting - outside the footprint,False,False
17197880412,Will County,IL,metro,1403,104972,False,ffiec_ratio,195.0,105.0,0.0,105.0,18475000.0,0.0,True,105.0,0.07484,0.53846,195.0,siting - outside the footprint,False,False
55025002800,Dane County,WI,metro,938,121094,False,ffiec_ratio,146.0,105.0,0.0,105.0,21495000.0,0.0,False,105.0,0.11194,0.71918,146.0,"conversion - present, capturing none",False,False
17085020300,Jo Daviess County,IL,rural,2599,104408,False,ffiec_ratio,145.0,105.0,0.0,105.0,17705000.0,0.0,True,105.0,0.0404,0.72414,145.0,siting - outside the footprint,False,False
55087012101,Outagamie County,WI,metro,1652,124474,False,ffiec_ratio,143.0,109.0,4.0,105.0,19005000.0,3.67,False,105.0,0.06356,0.73427,137.75,"conversion - present, under-capturing",False,False
17197880414,Will County,IL,metro,1518,112639,False,ffiec_ratio,173.0,105.0,0.0,105.0,21245000.0,0.0,True,105.0,0.06917,0.60694,173.0,siting - outside the footprint,False,False
55101001003,Racine County,WI,metro,1665,90833,True,ffiec_ratio,193.0,109.0,4.0,105.0,15725000.0,3.67,False,105.0,0.06306,0.54404,185.92,"conversion - present, under-capturing",False,False
55031030101,Douglas County,WI,metro,1620,109875,False,ffiec_ratio,160.0,105.0,0.0,105.0,22445000.0,0.0,True,105.0,0.06481,0.65625,160.0,siting - outside the footprint,False,False
17113005900,McLean County,IL,metro,2188,86250,True,ffiec_ratio,139.0,105.0,0.0,105.0,12165000.0,0.0,True,105.0,0.04799,0.7554,139.0,siting - outside the footprint,False,False
17197880319,Will County,IL,metro,1467,176875,False,ffiec_ratio,190.0,105.0,0.0,105.0,32365000.0,0.0,True,105.0,0.07157,0.55263,190.0,siting - outside the footprint,False,False
17031740200,Cook County,IL,metro,2174,165000,False,ffiec_ratio,151.0,105.0,0.0,105.0,24445000.0,0.0,True,105.0,0.0483,0.69536,151.0,siting - outside the footprint,False,False
55139002401,Winnebago County,WI,metro,2275,108125,False,ffiec_ratio,134.0,108.0,3.0,105.0,22790000.0,2.778,False,105.0,0.04615,0.78358,130.28,"conversion - present, under-capturing",False,False
17043846511,DuPage County,IL,metro,1985,90417,False,ffiec_ratio,176.0,105.0,0.0,105.0,24535000.0,0.0,True,105.0,0.0529,0.59659,176.0,siting - outside the footprint,False,False
17019005500,Champaign County,IL,metro,2429,77321,True,ffiec_ratio,154.0,105.0,0.0,105.0,22785000.0,0.0,True,105.0,0.04323,0.68182,154.0,siting - outside the footprint,False,False
55127000201,Walworth County,WI,micro,1436,121483,False,ffiec_ratio,161.0,114.0,10.0,104.0,28820000.0,8.772,False,104.0,0.07242,0.64596,146.88,"conversion - present, under-capturing",False,False
55101002402,Racine County,WI,metro,2525,86925,False,ffiec_ratio,175.0,106.0,2.0,104.0,24740000.0,1.887,False,104.0,0.04119,0.59429,171.7,"conversion - present, under-capturing",False,False
55019950100,Clark County,WI,rural,1768,83274,False,ffiec_ratio,158.0,105.0,1.0,104.0,16255000.0,0.952,False,104.0,0.05882,0.65823,156.5,"conversion - present, under-capturing",False,False
55133201002,Waukesha County,WI,metro,1317,171563,False,ffiec_ratio,161.0,111.0,7.0,104.0,35655000.0,6.306,False,104.0,0.07897,0.64596,150.85,"conversion - present, under-capturing",False,False
55133200901,Waukesha County,WI,metro,1741,147055,False,ffiec_ratio,148.0,107.0,3.0,104.0,29765000.0,2.804,False,104.0,0.05974,0.7027,143.85,"conversion - present, under-capturing",False,False
55047100600,Green Lake County,WI,rural,1547,90329,False,ffiec_ratio,154.0,106.0,2.0,104.0,31990000.0,1.887,True,104.0,0.06723,0.67532,151.09,siting - outside the footprint,False,False
17031812400,Cook County,IL,metro,1135,245179,False,ffiec_ratio,150.0,105.0,1.0,104.0,61775000.0,0.952,True,104.0,0.09163,0.69333,148.57,siting - outside the footprint,False,False
17031802002,Cook County,IL,metro,1580,149444,False,ffiec_ratio,177.0,104.0,0.0,104.0,53900000.0,0.0,False,104.0,0.06582,0.58757,177.0,"conversion - present, capturing none",False,False
55009000401,Brown County,WI,metro,2185,65789,True,ffiec_ratio,147.0,107.0,3.0,104.0,19115000.0,2.804,False,104.0,0.0476,0.70748,142.88,"conversion - present, under-capturing",False,False
55115101000,Shawano County,WI,micro,1366,98664,False,ffiec_ratio,156.0,110.0,6.0,104.0,23260000.0,5.455,False,104.0,0.07613,0.66667,147.49,"conversion - present, under-capturing",False,False
17031817700,Cook County,IL,metro,1636,100364,False,ffiec_ratio,225.0,104.0,0.0,104.0,18570000.0,0.0,True,104.0,0.06357,0.46222,225.0,siting - outside the footprint,False,False
17043846312,DuPage County,IL,metro,2836,87029,False,ffiec_ratio,188.0,104.0,0.0,104.0,21920000.0,0.0,True,104.0,0.03667,0.55319,188.0,siting - outside the footprint,False,False
55021970100,Columbia County,WI,metro,1660,92020,False,ffiec_ratio,157.0,106.0,2.0,104.0,19670000.0,1.887,True,104.0,0.06265,0.66242,154.04,siting - outside the footprint,False,False
17043844701,DuPage County,IL,metro,1668,132063,False,ffiec_ratio,168.0,104.0,0.0,104.0,30690000.0,0.0,True,104.0,0.06235,0.61905,168.0,siting - outside the footprint,False,False
17167001004,Sangamon County,IL,metro,2757,82500,False,ffiec_ratio,151.0,104.0,0.0,104.0,14470000.0,0.0,True,104.0,0.03772,0.68874,151.0,siting - outside the footprint,False,False
17197883606,Will County,IL,metro,1233,88242,False,ffiec_ratio,228.0,104.0,0.0,104.0,19970000.0,0.0,True,104.0,0.08435,0.45614,228.0,siting - outside the footprint,False,False
17031080202,Cook County,IL,metro,2958,250001,False,ffiec_ratio,181.0,105.0,1.0,104.0,47915000.0,0.952,False,104.0,0.03516,0.57459,179.28,"conversion - present, under-capturing",False,False
17089851908,Kane County,IL,metro,1955,99600,False,ffiec_ratio,174.0,104.0,0.0,104.0,22830000.0,0.0,False,104.0,0.0532,0.5977,174.0,"conversion - present, capturing none",False,False
55061960100,Kewaunee County,WI,metro,1343,85855,False,ffiec_ratio,159.0,108.0,4.0,104.0,17450000.0,3.704,False,104.0,0.07744,0.65409,153.11,"conversion - present, under-capturing",False,False
17031804104,Cook County,IL,metro,1815,154331,False,ffiec_ratio,174.0,104.0,0.0,104.0,28810000.0,0.0,True,104.0,0.0573,0.5977,174.0,siting - outside the footprint,False,False
55025011403,Dane County,WI,metro,1376,132500,False,ffiec_ratio,152.0,105.0,1.0,104.0,23055000.0,0.952,False,104.0,0.07558,0.68421,150.55,"conversion - present, under-capturing",False,False
17053961800,Ford County,IL,metro,1861,82886,False,ffiec_ratio,159.0,104.0,0.0,104.0,14930000.0,0.0,True,104.0,0.05588,0.65409,159.0,siting - outside the footprint,False,False
55059001402,Kenosha County,WI,metro,1763,95223,False,ffiec_ratio,164.0,107.0,4.0,103.0,19115000.0,3.738,False,103.0,0.05842,0.62805,157.87,"conversion - present, under-capturing",False,False
55133201404,Waukesha County,WI,metro,1479,131683,False,ffiec_ratio,150.0,106.0,3.0,103.0,25540000.0,2.83,False,103.0,0.06964,0.68667,145.76,"conversion - present, under-capturing",False,False
17037000700,DeKalb County,IL,metro,1607,99282,False,ffiec_ratio,167.0,104.0,1.0,103.0,18150000.0,0.962,True,103.0,0.06409,0.61677,165.39,siting - outside the footprint,False,False
55079120501,Milwaukee County,WI,metro,1660,92074,False,ffiec_ratio,160.0,106.0,3.0,103.0,22810000.0,2.83,False,103.0,0.06205,0.64375,155.47,"conversion - present, under-capturing",False,False
17119401905,Madison County,IL,metro,2002,67852,True,ffiec_ratio,164.0,104.0,1.0,103.0,10390000.0,0.962,True,103.0,0.05145,0.62805,162.42,siting - outside the footprint,False,False
55079101200,Milwaukee County,WI,metro,1266,95290,False,ffiec_ratio,158.0,106.0,3.0,103.0,21510000.0,2.83,False,103.0,0.08136,0.6519,153.53,"conversion - present, under-capturing",False,False
55081950600,Monroe County,WI,micro,1934,56417,True,ffiec_ratio,155.0,104.0,1.0,103.0,20760000.0,0.962,True,103.0,0.05326,0.66452,153.51,siting - outside the footprint,False,False
17031824129,Cook County,IL,metro,1653,157692,False,ffiec_ratio,185.0,104.0,1.0,103.0,33300000.0,0.962,True,103.0,0.06231,0.55676,183.22,siting - outside the footprint,False,False
17197880118,Will County,IL,metro,1665,213260,False,ffiec_ratio,170.0,104.0,1.0,103.0,43060000.0,0.962,True,103.0,0.06186,0.60588,168.36,siting - outside the footprint,False,False
17031826402,Cook County,IL,metro,1942,60635,True,ffiec_ratio,232.0,104.0,1.0,103.0,15150000.0,0.962,True,103.0,0.05304,0.44397,229.77,siting - outside the footprint,False,False
55105002000,Rock County,WI,metro,1308,68250,True,ffiec_ratio,167.0,110.0,7.0,103.0,11800000.0,6.364,False,103.0,0.07875,0.61677,156.37,"conversion - present, under-capturing",False,False
55027961400,Dodge County,WI,micro,1590,110341,False,ffiec_ratio,165.0,107.0,4.0,103.0,21445000.0,3.738,True,103.0,0.06478,0.62424,158.83,siting - outside the footprint,False,False
17089854900,Kane County,IL,metro,2072,65405,True,ffiec_ratio,169.0,103.0,0.0,103.0,21015000.0,0.0,False,103.0,0.04971,0.60947,169.0,"conversion - present, capturing none",False,False
55105001600,Rock County,WI,metro,1716,62188,True,ffiec_ratio,172.0,108.0,5.0,103.0,13480000.0,4.63,False,103.0,0.06002,0.59884,164.04,"conversion - present, under-capturing",False,False
17031740300,Cook County,IL,metro,2029,162750,False,ffiec_ratio,151.0,103.0,0.0,103.0,23085000.0,0.0,True,103.0,0.05076,0.68212,151.0,siting - outside the footprint,False,False
17097864411,Lake County,IL,metro,1626,250001,False,ffiec_ratio,180.0,104.0,1.0,103.0,40080000.0,0.962,True,103.0,0.06335,0.57222,178.27,siting - outside the footprint,False,False
55101001301,Racine County,WI,metro,1587,80592,False,ffiec_ratio,182.0,106.0,3.0,103.0,12790000.0,2.83,False,103.0,0.0649,0.56593,176.85,"conversion - present, under-capturing",False,False
17197883507,Will County,IL,metro,1447,146410,False,ffiec_ratio,171.0,104.0,1.0,103.0,43850000.0,0.962,True,103.0,0.07118,0.60234,169.35,siting - outside the footprint,False,False
55109120801,St. Croix County,WI,metro,1410,92721,False,ffiec_ratio,158.0,110.0,7.0,103.0,25510000.0,6.364,False,103.0,0.07305,0.6519,147.94,"conversion - present, under-capturing",False,False
17167002001,Sangamon County,IL,metro,1647,114647,False,ffiec_ratio,132.0,103.0,0.0,103.0,21845000.0,0.0,True,103.0,0.06254,0.7803,132.0,siting - outside the footprint,False,False
17161023200,Rock Island County,IL,metro,2445,81142,False,ffiec_ratio,172.0,103.0,0.0,103.0,15065000.0,0.0,True,103.0,0.04213,0.59884,172.0,siting - outside the footprint,False,False
17031804807,Cook County,IL,metro,1889,111222,False,ffiec_ratio,177.0,103.0,0.0,103.0,24785000.0,0.0,False,103.0,0.05453,0.58192,177.0,"conversion - present, capturing none",False,False
17111870808,McHenry County,IL,metro,1281,120000,False,ffiec_ratio,168.0,103.0,0.0,103.0,29795000.0,0.0,False,103.0,0.08041,0.6131,168.0,"conversion - present, capturing none",False,False
17031550100,Cook County,IL,metro,2688,87663,True,ffiec_ratio,245.0,103.0,0.0,103.0,17535000.0,0.0,True,103.0,0.03832,0.42041,245.0,siting - outside the footprint,False,False
17043846307,DuPage County,IL,metro,2074,121964,False,ffiec_ratio,162.0,103.0,0.0,103.0,25475000.0,0.0,True,103.0,0.04966,0.6358,162.0,siting - outside the footprint,False,False
55079019200,Milwaukee County,WI,metro,1358,77500,False,ffiec_ratio,180.0,110.0,7.0,103.0,18790000.0,6.364,False,103.0,0.07585,0.57222,168.54,"conversion - present, under-capturing",False,False
17043841607,DuPage County,IL,metro,2010,121000,False,ffiec_ratio,173.0,104.0,1.0,103.0,23680000.0,0.962,True,103.0,0.05124,0.59538,171.34,siting - outside the footprint,False,False
17097864903,Lake County,IL,metro,1741,209681,False,ffiec_ratio,167.0,103.0,0.0,103.0,41685000.0,0.0,True,103.0,0.05916,0.61677,167.0,siting - outside the footprint,False,False
55135100700,Waupaca County,WI,rural,1524,77439,False,ffiec_ratio,138.0,104.0,1.0,103.0,23840000.0,0.962,False,103.0,0.06759,0.74638,136.67,"conversion - present, under-capturing",False,False
17107953400,Logan County,IL,micro,1628,95689,False,ffiec_ratio,149.0,103.0,0.0,103.0,13185000.0,0.0,True,103.0,0.06327,0.69128,149.0,siting - outside the footprint,False,False
17031040201,Cook County,IL,metro,3188,114784,False,ffiec_ratio,158.0,103.0,0.0,103.0,49425000.0,0.0,False,103.0,0.03231,0.6519,158.0,"conversion - present, capturing none",False,False
17031824702,Cook County,IL,metro,2365,96541,False,ffiec_ratio,190.0,103.0,0.0,103.0,18185000.0,0.0,True,103.0,0.04355,0.54211,190.0,siting - outside the footprint,False,False
17043846515,DuPage County,IL,metro,1892,107700,False,ffiec_ratio,184.0,103.0,0.0,103.0,22175000.0,0.0,True,103.0,0.05444,0.55978,184.0,siting - outside the footprint,False,False
17031806103,Cook County,IL,metro,1941,120664,False,ffiec_ratio,162.0,103.0,0.0,103.0,29865000.0,0.0,True,103.0,0.05307,0.6358,162.0,siting - outside the footprint,False,False
17031823304,Cook County,IL,metro,2713,77813,True,ffiec_ratio,191.0,103.0,1.0,102.0,21565000.0,0.971,True,102.0,0.0376,0.53403,189.15,siting - outside the footprint,False,False
55079080300,Milwaukee County,WI,metro,1558,182466,False,ffiec_ratio,154.0,108.0,6.0,102.0,50020000.0,5.556,False,102.0,0.06547,0.66234,145.44,"conversion - present, under-capturing",False,False
55081950100,Monroe County,WI,micro,1756,103182,False,ffiec_ratio,165.0,102.0,0.0,102.0,21150000.0,0.0,True,102.0,0.05809,0.61818,165.0,siting - outside the footprint,False,False
17111870302,McHenry County,IL,metro,1402,77149,True,ffiec_ratio,166.0,102.0,0.0,102.0,13200000.0,0.0,True,102.0,0.07275,0.61446,166.0,siting - outside the footprint,False,False
55087010601,Outagamie County,WI,metro,1770,85625,False,ffiec_ratio,146.0,102.0,0.0,102.0,39460000.0,0.0,False,102.0,0.05763,0.69863,146.0,"conversion - present, capturing none",False,False
55097960200,Portage County,WI,micro,1951,112991,False,ffiec_ratio,138.0,106.0,4.0,102.0,21470000.0,3.774,False,102.0,0.05228,0.73913,132.79,"conversion - present, under-capturing",False,False
17201001600,Winnebago County,IL,metro,2195,59737,True,ffiec_ratio,171.0,102.0,0.0,102.0,30150000.0,0.0,False,102.0,0.04647,0.59649,171.0,"conversion - present, capturing none",False,False
55025002900,Dane County,WI,metro,1573,88750,True,ffiec_ratio,136.0,103.0,1.0,102.0,17775000.0,0.971,False,102.0,0.06484,0.75,134.68,"conversion - present, under-capturing",False,False
55027961600,Dodge County,WI,micro,1662,107589,False,ffiec_ratio,161.0,106.0,4.0,102.0,25420000.0,3.774,False,102.0,0.06137,0.63354,154.92,"conversion - present, under-capturing",False,False
55035000100,Eau Claire County,WI,metro,1769,84375,False,ffiec_ratio,146.0,103.0,1.0,102.0,17355000.0,0.971,True,102.0,0.05766,0.69863,144.58,siting - outside the footprint,False,False
55087011101,Outagamie County,WI,metro,2546,100852,False,ffiec_ratio,161.0,103.0,1.0,102.0,19945000.0,0.971,False,102.0,0.04006,0.63354,159.44,"conversion - present, under-capturing",False,False
17031150300,Cook County,IL,metro,3251,89000,False,ffiec_ratio,168.0,102.0,0.0,102.0,40820000.0,0.0,False,102.0,0.03137,0.60714,168.0,"conversion - present, capturing none",False,False
17031811000,Cook County,IL,metro,1717,151250,False,ffiec_ratio,186.0,103.0,1.0,102.0,27895000.0,0.971,True,102.0,0.05941,0.54839,184.19,siting - outside the footprint,False,False
55073001103,Marathon County,WI,metro,2306,87401,False,ffiec_ratio,142.0,105.0,3.0,102.0,28745000.0,2.857,False,102.0,0.04423,0.71831,137.94,"conversion - present, under-capturing",False,False
17097864412,Lake County,IL,metro,1300,168214,False,ffiec_ratio,155.0,103.0,1.0,102.0,32505000.0,0.971,True,102.0,0.07846,0.65806,153.49,siting - outside the footprint,False,False
17043844802,DuPage County,IL,metro,1548,175515,False,ffiec_ratio,140.0,103.0,1.0,102.0,39105000.0,0.971,True,102.0,0.06589,0.72857,138.64,siting - outside the footprint,False,False
17031070700,Cook County,IL,metro,1880,250001,False,ffiec_ratio,179.0,102.0,0.0,102.0,69120000.0,0.0,True,102.0,0.05426,0.56983,179.0,siting - outside the footprint,False,False
17199021300,Williamson County,IL,micro,1977,118010,False,ffiec_ratio,168.0,102.0,0.0,102.0,19380000.0,0.0,True,102.0,0.05159,0.60714,168.0,siting - outside the footprint,False,False
17093890701,Kendall County,IL,metro,1634,119661,False,ffiec_ratio,210.0,102.0,0.0,102.0,23110000.0,0.0,True,102.0,0.06242,0.48571,210.0,siting - outside the footprint,False,False
17179022400,Tazewell County,IL,metro,2029,93277,False,ffiec_ratio,140.0,102.0,0.0,102.0,12420000.0,0.0,True,102.0,0.05027,0.72857,140.0,siting - outside the footprint,False,False
17115002902,Macon County,IL,metro,1926,78052,False,ffiec_ratio,159.0,102.0,0.0,102.0,14960000.0,0.0,True,102.0,0.05296,0.64151,159.0,siting - outside the footprint,False,False
17031823002,Cook County,IL,metro,1927,117476,True,ffiec_ratio,204.0,102.0,0.0,102.0,19610000.0,0.0,True,102.0,0.05293,0.5,204.0,siting - outside the footprint,False,False
17031804902,Cook County,IL,metro,2129,142434,False,ffiec_ratio,162.0,102.0,0.0,102.0,28860000.0,0.0,True,102.0,0.04791,0.62963,162.0,siting - outside the footprint,False,False
17031815200,Cook County,IL,metro,2472,106374,True,ffiec_ratio,205.0,102.0,0.0,102.0,25320000.0,0.0,True,102.0,0.04126,0.49756,205.0,siting - outside the footprint,False,False
17043846524,DuPage County,IL,metro,1779,183233,False,ffiec_ratio,168.0,102.0,0.0,102.0,31930000.0,0.0,True,102.0,0.05734,0.60714,168.0,siting - outside the footprint,False,False
17043842704,DuPage County,IL,metro,2107,118969,False,ffiec_ratio,142.0,102.0,0.0,102.0,28660000.0,0.0,True,102.0,0.04841,0.71831,142.0,siting - outside the footprint,False,False
55123960300,Vernon County,WI,metro,1849,89083,False,ffiec_ratio,141.0,105.0,3.0,102.0,18085000.0,2.857,True,102.0,0.05516,0.7234,136.97,siting - outside the footprint,False,False
17089854403,Kane County,IL,metro,2370,79123,True,ffiec_ratio,162.0,102.0,0.0,102.0,18290000.0,0.0,True,102.0,0.04304,0.62963,162.0,siting - outside the footprint,False,False
17031070500,Cook County,IL,metro,1395,250001,False,ffiec_ratio,142.0,102.0,0.0,102.0,78680000.0,0.0,True,102.0,0.07312,0.71831,142.0,siting - outside the footprint,False,False
55101001504,Racine County,WI,metro,1087,112500,False,ffiec_ratio,173.0,102.0,0.0,102.0,23910000.0,0.0,True,102.0,0.09384,0.5896,173.0,siting - outside the footprint,False,False
17031811500,Cook County,IL,metro,1971,82012,False,ffiec_ratio,177.0,102.0,0.0,102.0,21370000.0,0.0,True,102.0,0.05175,0.57627,177.0,siting - outside the footprint,False,False
55101001701,Racine County,WI,metro,1763,94125,True,ffiec_ratio,162.0,102.0,1.0,101.0,25830000.0,0.98,False,101.0,0.05729,0.62346,160.41,"conversion - present, under-capturing",False,False
55097961300,Portage County,WI,micro,2169,97348,False,ffiec_ratio,166.0,106.0,5.0,101.0,19130000.0,4.717,False,101.0,0.04657,0.60843,158.17,"conversion - present, under-capturing",False,False
55125950201,Vilas County,WI,rural,1394,82663,False,ffiec_ratio,163.0,106.0,5.0,101.0,24550000.0,4.717,False,101.0,0.07245,0.61963,155.31,"conversion - present, under-capturing",False,False
55039040700,Fond du Lac County,WI,metro,2254,103526,False,ffiec_ratio,167.0,109.0,8.0,101.0,19655000.0,7.339,False,101.0,0.04481,0.60479,154.74,"conversion - present, under-capturing",False,False
17031820700,Cook County,IL,metro,2403,86745,False,ffiec_ratio,212.0,102.0,1.0,101.0,21350000.0,0.98,True,101.0,0.04203,0.47642,209.92,siting - outside the footprint,False,False
55139002602,Winnebago County,WI,metro,2094,73938,False,ffiec_ratio,155.0,102.0,1.0,101.0,18180000.0,0.98,False,101.0,0.04823,0.65161,153.48,"conversion - present, under-capturing",False,False
55113100300,Sawyer County,WI,rural,2448,65333,False,ffiec_ratio,147.0,106.0,5.0,101.0,20690000.0,4.717,False,101.0,0.04126,0.68707,140.07,"conversion - present, under-capturing",False,False
55049950100,Iowa County,WI,metro,1700,114808,False,ffiec_ratio,180.0,102.0,1.0,101.0,25600000.0,0.98,True,101.0,0.05941,0.56111,178.24,siting - outside the footprint,False,False
55133203806,Waukesha County,WI,metro,1150,154773,False,ffiec_ratio,157.0,107.0,6.0,101.0,29765000.0,5.607,True,101.0,0.08783,0.64331,148.2,siting - outside the footprint,False,False
55139003704,Winnebago County,WI,metro,1621,113167,False,ffiec_ratio,135.0,102.0,1.0,101.0,22620000.0,0.98,True,101.0,0.06231,0.74815,133.68,siting - outside the footprint,False,False
17043842605,DuPage County,IL,metro,1490,139883,False,ffiec_ratio,142.0,102.0,1.0,101.0,33700000.0,0.98,True,101.0,0.06779,0.71127,140.61,siting - outside the footprint,False,False
17097864001,Lake County,IL,metro,2428,129704,True,ffiec_ratio,159.0,102.0,1.0,101.0,23660000.0,0.98,False,101.0,0.0416,0.63522,157.44,"conversion - present, under-capturing",False,False
55073002101,Marathon County,WI,metro,1706,94265,False,ffiec_ratio,158.0,102.0,1.0,101.0,21730000.0,0.98,False,101.0,0.0592,0.63924,156.45,"conversion - present, under-capturing",False,False
55059000700,Kenosha County,WI,metro,1930,58319,True,ffiec_ratio,164.0,102.0,1.0,101.0,51960000.0,0.98,False,101.0,0.05233,0.61585,162.39,"conversion - present, under-capturing",False,False
17043845701,DuPage County,IL,metro,1648,118125,False,ffiec_ratio,177.0,102.0,1.0,101.0,30090000.0,0.98,True,101.0,0.06129,0.57062,175.27,siting - outside the footprint,False,False
55127001504,Walworth County,WI,micro,1217,101588,False,ffiec_ratio,155.0,103.0,2.0,101.0,30625000.0,1.942,False,101.0,0.08299,0.65161,151.99,"conversion - present, under-capturing",False,False
17043842706,DuPage County,IL,metro,1775,185417,False,ffiec_ratio,166.0,101.0,0.0,101.0,48955000.0,0.0,True,101.0,0.0569,0.60843,166.0,siting - outside the footprint,False,False
17197881002,Will County,IL,metro,1647,151731,False,ffiec_ratio,163.0,101.0,0.0,101.0,28805000.0,0.0,True,101.0,0.06132,0.61963,163.0,siting - outside the footprint,False,False
17043844100,DuPage County,IL,metro,1377,176094,False,ffiec_ratio,141.0,101.0,0.0,101.0,46095000.0,0.0,True,101.0,0.07335,0.71631,141.0,siting - outside the footprint,False,False
55009000302,Brown County,WI,metro,1906,74411,True,ffiec_ratio,144.0,105.0,4.0,101.0,18755000.0,3.81,False,101.0,0.05299,0.70139,138.51,"conversion - present, under-capturing",False,False
55079060102,Milwaukee County,WI,metro,1438,147043,False,ffiec_ratio,183.0,105.0,4.0,101.0,19165000.0,3.81,False,101.0,0.07024,0.55191,176.03,"conversion - present, under-capturing",False,False
17147954500,Piatt County,IL,metro,1667,114200,False,ffiec_ratio,143.0,101.0,0.0,101.0,21935000.0,0.0,True,101.0,0.06059,0.70629,143.0,siting - outside the footprint,False,False
17019001301,Champaign County,IL,metro,2657,128125,False,ffiec_ratio,135.0,101.0,0.0,101.0,27325000.0,0.0,True,101.0,0.03801,0.74815,135.0,siting - outside the footprint,False,False
55043961200,Grant County,WI,micro,1603,102083,False,ffiec_ratio,133.0,101.0,0.0,101.0,20655000.0,0.0,True,101.0,0.06301,0.7594,133.0,siting - outside the footprint,False,False
17043842601,DuPage County,IL,metro,1470,189681,False,ffiec_ratio,160.0,101.0,0.0,101.0,45145000.0,0.0,True,101.0,0.06871,0.63125,160.0,siting - outside the footprint,False,False
17111871110,McHenry County,IL,metro,1224,185526,False,ffiec_ratio,164.0,101.0,0.0,101.0,24605000.0,0.0,True,101.0,0.08252,0.61585,164.0,siting - outside the footprint,False,False
17031822701,Cook County,IL,metro,1942,122052,False,ffiec_ratio,176.0,101.0,0.0,101.0,16825000.0,0.0,True,101.0,0.05201,0.57386,176.0,siting - outside the footprint,False,False
55009940002,Brown County,WI,metro,1760,121705,False,ffiec_ratio,150.0,106.0,5.0,101.0,24370000.0,4.717,False,101.0,0.05739,0.67333,142.92,"conversion - present, under-capturing",False,False
55055101000,Jefferson County,WI,micro,1619,87880,False,ffiec_ratio,152.0,106.0,5.0,101.0,20930000.0,4.717,False,101.0,0.06238,0.66447,144.83,"conversion - present, under-capturing",False,False
55087012503,Outagamie County,WI,metro,1371,190577,False,ffiec_ratio,126.0,102.0,1.0,101.0,38350000.0,0.98,False,101.0,0.07367,0.80159,124.77,"conversion - present, under-capturing",False,False
17197883219,Will County,IL,metro,1249,153795,False,ffiec_ratio,162.0,101.0,0.0,101.0,40145000.0,0.0,True,101.0,0.08086,0.62346,162.0,siting - outside the footprint,False,False
17111871310,McHenry County,IL,metro,1665,137833,False,ffiec_ratio,180.0,101.0,0.0,101.0,22835000.0,0.0,False,101.0,0.06066,0.56111,180.0,"conversion - present, capturing none",False,False
17031827801,Cook County,IL,metro,1633,91558,True,ffiec_ratio,227.0,101.0,0.0,101.0,18035000.0,0.0,True,101.0,0.06185,0.44493,227.0,siting - outside the footprint,False,False
55079180500,Milwaukee County,WI,metro,2068,81250,False,ffiec_ratio,144.0,104.0,4.0,100.0,18250000.0,3.846,False,100.0,0.04836,0.69444,138.46,"conversion - present, under-capturing",False,False
55057100500,Juneau County,WI,rural,1753,88844,False,ffiec_ratio,161.0,100.0,0.0,100.0,20850000.0,0.0,True,100.0,0.05705,0.62112,161.0,siting - outside the footprint,False,False
17043846103,DuPage County,IL,metro,1764,197950,False,ffiec_ratio,159.0,101.0,1.0,100.0,42525000.0,0.99,True,100.0,0.05669,0.62893,157.43,siting - outside the footprint,False,False
17163503414,St. Clair County,IL,metro,2536,100855,False,ffiec_ratio,170.0,101.0,1.0,100.0,17645000.0,0.99,False,100.0,0.03943,0.58824,168.32,"conversion - present, under-capturing",False,False
55069960700,Lincoln County,WI,rural,1771,91875,False,ffiec_ratio,142.0,104.0,4.0,100.0,18030000.0,3.846,False,100.0,0.05647,0.70423,136.54,"conversion - present, under-capturing",False,False
55117010504,Sheboygan County,WI,metro,2029,110540,False,ffiec_ratio,147.0,102.0,2.0,100.0,21820000.0,1.961,False,100.0,0.04929,0.68027,144.12,"conversion - present, under-capturing",False,False
55059002100,Kenosha County,WI,metro,1755,80819,True,ffiec_ratio,153.0,100.0,0.0,100.0,34620000.0,0.0,False,100.0,0.05698,0.65359,153.0,"conversion - present, capturing none",False,False
55113100400,Sawyer County,WI,rural,1114,86023,False,ffiec_ratio,155.0,101.0,1.0,100.0,32695000.0,0.99,False,100.0,0.08977,0.64516,153.47,"conversion - present, under-capturing",False,False
55079100700,Milwaukee County,WI,metro,1213,89808,False,ffiec_ratio,153.0,102.0,2.0,100.0,17070000.0,1.961,False,100.0,0.08244,0.65359,150.0,"conversion - present, under-capturing",False,False
55009002003,Brown County,WI,metro,1652,122524,False,ffiec_ratio,154.0,108.0,8.0,100.0,33230000.0,7.407,False,100.0,0.06053,0.64935,142.59,"conversion - present, under-capturing",False,False
17141961700,Ogle County,IL,micro,1847,103415,False,ffiec_ratio,151.0,101.0,1.0,100.0,19185000.0,0.99,True,100.0,0.05414,0.66225,149.51,siting - outside the footprint,False,False
55009020900,Brown County,WI,metro,1374,114441,False,ffiec_ratio,154.0,104.0,4.0,100.0,19100000.0,3.846,False,100.0,0.07278,0.64935,148.08,"conversion - present, under-capturing",False,False
55025000409,Dane County,WI,metro,1933,131631,False,ffiec_ratio,152.0,102.0,2.0,100.0,23180000.0,1.961,False,100.0,0.05173,0.65789,149.02,"conversion - present, under-capturing",False,False
55053960500,Jackson County,WI,rural,2202,86067,False,ffiec_ratio,147.0,104.0,4.0,100.0,17070000.0,3.846,True,100.0,0.04541,0.68027,141.35,siting - outside the footprint,False,False
55113100502,Sawyer County,WI,rural,1179,83109,False,ffiec_ratio,151.0,106.0,6.0,100.0,37040000.0,5.66,False,100.0,0.08482,0.66225,142.45,"conversion - present, under-capturing",False,False
55009000500,Brown County,WI,metro,1284,88409,True,ffiec_ratio,153.0,107.0,7.0,100.0,15825000.0,6.542,False,100.0,0.07788,0.65359,142.99,"conversion - present, under-capturing",False,False
17179020301,Tazewell County,IL,metro,1751,94464,False,ffiec_ratio,175.0,100.0,0.0,100.0,14670000.0,0.0,True,100.0,0.05711,0.57143,175.0,siting - outside the footprint,False,False
17179021900,Tazewell County,IL,metro,1713,91992,False,ffiec_ratio,155.0,100.0,0.0,100.0,12610000.0,0.0,True,100.0,0.05838,0.64516,155.0,siting - outside the footprint,False,False
17031807200,Cook County,IL,metro,1887,149605,False,ffiec_ratio,181.0,100.0,0.0,100.0,32130000.0,0.0,False,100.0,0.05299,0.55249,181.0,"conversion - present, capturing none",False,False
55025000800,Dane County,WI,metro,1826,137188,False,ffiec_ratio,135.0,100.0,0.0,100.0,32590000.0,0.0,False,100.0,0.05476,0.74074,135.0,"conversion - present, capturing none",False,False
55009020502,Brown County,WI,metro,2691,83583,True,ffiec_ratio,138.0,109.0,9.0,100.0,31945000.0,8.257,False,100.0,0.03716,0.72464,126.61,"conversion - present, under-capturing",False,False
17043846518,DuPage County,IL,metro,1099,152083,False,ffiec_ratio,157.0,100.0,0.0,100.0,80140000.0,0.0,True,100.0,0.09099,0.63694,157.0,siting - outside the footprint,False,False
55071010300,Manitowoc County,WI,micro,1790,108304,False,ffiec_ratio,147.0,103.0,3.0,100.0,18705000.0,2.913,True,100.0,0.05587,0.68027,142.72,siting - outside the footprint,False,False
17097864106,Lake County,IL,metro,1350,139429,False,ffiec_ratio,171.0,100.0,0.0,100.0,30250000.0,0.0,True,100.0,0.07407,0.5848,171.0,siting - outside the footprint,False,False
17031828401,Cook County,IL,metro,1271,90357,False,ffiec_ratio,174.0,100.0,0.0,100.0,20250000.0,0.0,True,100.0,0.07868,0.57471,174.0,siting - outside the footprint,False,False
17097864409,Lake County,IL,metro,1764,143456,False,ffiec_ratio,165.0,100.0,0.0,100.0,48070000.0,0.0,True,100.0,0.05669,0.60606,165.0,siting - outside the footprint,False,False
17031801901,Cook County,IL,metro,2038,109632,False,ffiec_ratio,183.0,100.0,0.0,100.0,69050000.0,0.0,False,100.0,0.04907,0.54645,183.0,"conversion - present, capturing none",False,False
17031804505,Cook County,IL,metro,1471,102344,True,ffiec_ratio,154.0,101.0,1.0,100.0,19475000.0,0.99,False,100.0,0.06798,0.64935,152.48,"conversion - present, under-capturing",False,False
17143004802,Peoria County,IL,metro,1915,80045,False,ffiec_ratio,151.0,100.0,0.0,100.0,10700000.0,0.0,True,100.0,0.05222,0.66225,151.0,siting - outside the footprint,False,False
17031825000,Cook County,IL,metro,1889,103807,False,ffiec_ratio,163.0,100.0,0.0,100.0,19160000.0,0.0,True,100.0,0.05294,0.6135,163.0,siting - outside the footprint,False,False
55083100600,Oconto County,WI,metro,1109,88000,True,ffiec_ratio,158.0,102.0,3.0,99.0,17560000.0,2.941,True,99.0,0.08927,0.62658,153.35,siting - outside the footprint,False,False
55063010600,La Crosse County,WI,metro,1491,122833,False,ffiec_ratio,141.0,101.0,2.0,99.0,25325000.0,1.98,False,99.0,0.0664,0.70213,138.21,"conversion - present, under-capturing",False,False
55139000100,Winnebago County,WI,metro,1133,77443,True,ffiec_ratio,157.0,102.0,3.0,99.0,14650000.0,2.941,False,99.0,0.08738,0.63057,152.38,"conversion - present, under-capturing",False,False
55007960600,Bayfield County,WI,rural,1216,83417,False,ffiec_ratio,150.0,105.0,6.0,99.0,29345000.0,5.714,False,99.0,0.08141,0.66,141.43,"conversion - present, under-capturing",False,False
55087011700,Outagamie County,WI,metro,1173,82829,False,ffiec_ratio,144.0,102.0,3.0,99.0,16240000.0,2.941,False,99.0,0.0844,0.6875,139.76,"conversion - present, under-capturing",False,False
55049950400,Iowa County,WI,metro,2427,97682,False,ffiec_ratio,169.0,100.0,1.0,99.0,24610000.0,1.0,True,99.0,0.04079,0.5858,167.31,siting - outside the footprint,False,False
17133600104,Monroe County,IL,metro,1906,163750,False,ffiec_ratio,154.0,102.0,3.0,99.0,24460000.0,2.941,False,99.0,0.05194,0.64286,149.47,"conversion - present, under-capturing",False,False
55075961000,Marinette County,WI,micro,1741,85757,False,ffiec_ratio,164.0,114.0,15.0,99.0,18730000.0,13.158,False,99.0,0.05686,0.60366,142.42,"conversion - present, under-capturing",False,False
55133203106,Waukesha County,WI,metro,1655,113298,False,ffiec_ratio,152.0,100.0,1.0,99.0,19870000.0,1.0,False,99.0,0.05982,0.65132,150.48,"conversion - present, under-capturing",False,False
17163501801,St. Clair County,IL,metro,1376,73869,True,ffiec_ratio,159.0,100.0,1.0,99.0,11930000.0,1.0,True,99.0,0.07195,0.62264,157.41,siting - outside the footprint,False,False
17119403802,Madison County,IL,metro,1906,109250,False,ffiec_ratio,179.0,103.0,4.0,99.0,17005000.0,3.883,True,99.0,0.05194,0.55307,172.05,siting - outside the footprint,False,False
55129950600,Washburn County,WI,rural,1988,89432,False,ffiec_ratio,160.0,103.0,4.0,99.0,24755000.0,3.883,True,99.0,0.0498,0.61875,153.79,siting - outside the footprint,False,False
17089852001,Kane County,IL,metro,1660,131875,False,ffiec_ratio,154.0,100.0,1.0,99.0,36270000.0,1.0,False,99.0,0.05964,0.64286,152.46,"conversion - present, under-capturing",False,False
17031818200,Cook County,IL,metro,1865,128203,False,ffiec_ratio,217.0,100.0,1.0,99.0,21030000.0,1.0,True,99.0,0.05308,0.45622,214.83,siting - outside the footprint,False,False
55057100700,Juneau County,WI,rural,1644,88250,False,ffiec_ratio,169.0,100.0,1.0,99.0,19630000.0,1.0,False,99.0,0.06022,0.5858,167.31,"conversion - present, under-capturing",False,False
55137960700,Waushara County,WI,rural,1540,81307,False,ffiec_ratio,170.0,100.0,1.0,99.0,16340000.0,1.0,False,99.0,0.06429,0.58235,168.3,"conversion - present, under-capturing",False,False
55141011400,Wood County,WI,micro,2391,69461,False,ffiec_ratio,151.0,105.0,6.0,99.0,18705000.0,5.714,False,99.0,0.04141,0.65563,142.37,"conversion - present, under-capturing",False,False
17111870404,McHenry County,IL,metro,1515,120000,False,ffiec_ratio,174.0,99.0,0.0,99.0,20825000.0,0.0,True,99.0,0.06535,0.56897,174.0,siting - outside the footprint,False,False
17031770901,Cook County,IL,metro,2020,101818,False,ffiec_ratio,150.0,99.0,0.0,99.0,31205000.0,0.0,False,99.0,0.04901,0.66,150.0,"conversion - present, capturing none",False,False
55079000800,Milwaukee County,WI,metro,1966,64583,True,ffiec_ratio,183.0,100.0,1.0,99.0,14940000.0,1.0,False,99.0,0.05036,0.54098,181.17,"conversion - present, under-capturing",False,False
17031700401,Cook County,IL,metro,1837,107553,False,ffiec_ratio,194.0,99.0,0.0,99.0,20545000.0,0.0,True,99.0,0.05389,0.51031,194.0,siting - outside the footprint,False,False
55053960200,Jackson County,WI,rural,1395,81250,False,ffiec_ratio,141.0,100.0,1.0,99.0,17340000.0,1.0,True,99.0,0.07097,0.70213,139.59,siting - outside the footprint,False,False
17031051300,Cook County,IL,metro,1077,231500,False,ffiec_ratio,147.0,99.0,0.0,99.0,55955000.0,0.0,True,99.0,0.09192,0.67347,147.0,siting - outside the footprint,False,False
55055100602,Jefferson County,WI,micro,1514,109375,False,ffiec_ratio,155.0,99.0,0.0,99.0,24375000.0,0.0,False,99.0,0.06539,0.63871,155.0,"conversion - present, capturing none",False,False
17097861107,Lake County,IL,metro,1325,182352,False,ffiec_ratio,139.0,99.0,0.0,99.0,24035000.0,0.0,True,99.0,0.07472,0.71223,139.0,siting - outside the footprint,False,False
17041952200,Douglas County,IL,rural,2056,89234,False,ffiec_ratio,134.0,99.0,0.0,99.0,14185000.0,0.0,True,99.0,0.04815,0.73881,134.0,siting - outside the footprint,False,False
17043842400,DuPage County,IL,metro,1739,119071,False,ffiec_ratio,152.0,99.0,0.0,99.0,30065000.0,0.0,True,99.0,0.05693,0.65132,152.0,siting - outside the footprint,False,False
17197880106,Will County,IL,metro,1552,93806,False,ffiec_ratio,195.0,99.0,0.0,99.0,20365000.0,0.0,True,99.0,0.06379,0.50769,195.0,siting - outside the footprint,False,False
55043960700,Grant County,WI,micro,1716,94784,False,ffiec_ratio,140.0,99.0,0.0,99.0,13215000.0,0.0,True,99.0,0.05769,0.70714,140.0,siting - outside the footprint,False,False
17085020401,Jo Daviess County,IL,rural,1056,114306,False,ffiec_ratio,143.0,100.0,1.0,99.0,24970000.0,1.0,True,99.0,0.09375,0.69231,141.57,siting - outside the footprint,False,False
17031243500,Cook County,IL,metro,2710,250001,False,ffiec_ratio,153.0,99.0,0.0,99.0,51665000.0,0.0,False,99.0,0.03653,0.64706,153.0,"conversion - present, capturing none",False,False
17129010200,Menard County,IL,metro,1886,114722,False,ffiec_ratio,132.0,99.0,0.0,99.0,16885000.0,0.0,True,99.0,0.05249,0.75,132.0,siting - outside the footprint,False,False
17099963700,LaSalle County,IL,micro,2141,92200,False,ffiec_ratio,167.0,99.0,0.0,99.0,29505000.0,0.0,True,99.0,0.04624,0.59281,167.0,siting - outside the footprint,False,False
17019010701,Champaign County,IL,metro,1494,154155,False,ffiec_ratio,130.0,99.0,0.0,99.0,19375000.0,0.0,True,99.0,0.06627,0.76154,130.0,siting - outside the footprint,False,False
55105000700,Rock County,WI,metro,1965,73520,False,ffiec_ratio,134.0,104.0,5.0,99.0,15570000.0,4.808,False,99.0,0.05038,0.73881,127.56,"conversion - present, under-capturing",False,False
17197883303,Will County,IL,metro,1220,152156,False,ffiec_ratio,143.0,99.0,0.0,99.0,26565000.0,0.0,True,99.0,0.08115,0.69231,143.0,siting - outside the footprint,False,False
17031823805,Cook County,IL,metro,1450,73403,True,ffiec_ratio,173.0,99.0,0.0,99.0,17675000.0,0.0,True,99.0,0.06828,0.57225,173.0,siting - outside the footprint,False,False
17091010400,Kankakee County,IL,metro,1887,116071,False,ffiec_ratio,149.0,99.0,0.0,99.0,19775000.0,0.0,True,99.0,0.05246,0.66443,149.0,siting - outside the footprint,False,False
17099963500,LaSalle County,IL,micro,1948,101195,False,ffiec_ratio,140.0,99.0,0.0,99.0,16825000.0,0.0,True,99.0,0.05082,0.70714,140.0,siting - outside the footprint,False,False
17097864601,Lake County,IL,metro,1215,250001,False,ffiec_ratio,171.0,99.0,0.0,99.0,82375000.0,0.0,True,99.0,0.08148,0.57895,171.0,siting - outside the footprint,False,False
17031805109,Cook County,IL,metro,1738,132375,False,ffiec_ratio,142.0,99.0,0.0,99.0,32615000.0,0.0,True,99.0,0.05696,0.69718,142.0,siting - outside the footprint,False,False
17203030601,Woodford County,IL,metro,2541,105125,False,ffiec_ratio,132.0,99.0,0.0,99.0,16285000.0,0.0,True,99.0,0.03896,0.75,132.0,siting - outside the footprint,False,False
17163502300,St. Clair County,IL,metro,1959,32904,True,ffiec_ratio,199.0,99.0,0.0,99.0,8095000.0,0.0,True,99.0,0.05054,0.49749,199.0,siting - outside the footprint,False,False
55079185100,Milwaukee County,WI,metro,2846,92108,False,ffiec_ratio,159.0,100.0,2.0,98.0,17860000.0,2.0,False,98.0,0.03443,0.61635,155.82,"conversion - present, under-capturing",False,False
55025001402,Dane County,WI,metro,2631,104239,True,ffiec_ratio,137.0,102.0,4.0,98.0,42070000.0,3.922,False,98.0,0.03725,0.71533,131.63,"conversion - present, under-capturing",False,False
17031030500,Cook County,IL,metro,3120,149000,False,ffiec_ratio,159.0,100.0,2.0,98.0,45910000.0,2.0,False,98.0,0.03141,0.61635,155.82,"conversion - present, under-capturing",False,False
55079005700,Milwaukee County,WI,metro,961,111098,False,ffiec_ratio,141.0,99.0,1.0,98.0,18035000.0,1.01,False,98.0,0.10198,0.69504,139.58,"conversion - present, under-capturing",False,False
55117010200,Sheboygan County,WI,metro,1941,100954,False,ffiec_ratio,139.0,99.0,1.0,98.0,17035000.0,1.01,False,98.0,0.05049,0.70504,137.6,"conversion - present, under-capturing",False,False
55079130100,Milwaukee County,WI,metro,1963,109542,False,ffiec_ratio,136.0,101.0,3.0,98.0,21535000.0,2.97,False,98.0,0.04992,0.72059,131.96,"conversion - present, under-capturing",False,False
55033970600,Dunn County,WI,micro,1571,96111,False,ffiec_ratio,146.0,98.0,0.0,98.0,16130000.0,0.0,True,98.0,0.06238,0.67123,146.0,siting - outside the footprint,False,False
17031807300,Cook County,IL,metro,3166,87481,True,ffiec_ratio,178.0,99.0,1.0,98.0,26195000.0,1.01,True,98.0,0.03095,0.55056,176.2,siting - outside the footprint,False,False
55087012903,Outagamie County,WI,metro,1075,137212,False,ffiec_ratio,137.0,102.0,4.0,98.0,26180000.0,3.922,True,98.0,0.09116,0.71533,131.63,siting - outside the footprint,False,False
17043840202,DuPage County,IL,metro,1875,127730,False,ffiec_ratio,153.0,98.0,0.0,98.0,27390000.0,0.0,True,98.0,0.05227,0.64052,153.0,siting - outside the footprint,False,False
17201003808,Winnebago County,IL,metro,1508,115188,False,ffiec_ratio,156.0,101.0,3.0,98.0,14805000.0,2.97,False,98.0,0.06499,0.62821,151.37,"conversion - present, under-capturing",False,False
55117001100,Sheboygan County,WI,metro,1629,91658,False,ffiec_ratio,134.0,103.0,5.0,98.0,15545000.0,4.854,True,98.0,0.06016,0.73134,127.5,siting - outside the footprint,False,False
55105001306,Rock County,WI,metro,2494,62549,True,ffiec_ratio,133.0,100.0,2.0,98.0,32010000.0,2.0,False,98.0,0.03929,0.73684,130.34,"conversion - present, under-capturing",False,False
17143004000,Peoria County,IL,metro,1846,106563,False,ffiec_ratio,143.0,98.0,0.0,98.0,15540000.0,0.0,True,98.0,0.05309,0.68531,143.0,siting - outside the footprint,False,False
55117011200,Sheboygan County,WI,metro,1405,112656,False,ffiec_ratio,149.0,102.0,4.0,98.0,23380000.0,3.922,True,98.0,0.06975,0.65772,143.16,siting - outside the footprint,False,False
17161020400,Rock Island County,IL,metro,2299,85234,False,ffiec_ratio,170.0,98.0,0.0,98.0,16560000.0,0.0,True,98.0,0.04263,0.57647,170.0,siting - outside the footprint,False,False
17119400903,Madison County,IL,metro,1967,63831,True,ffiec_ratio,265.0,98.0,0.0,98.0,10730000.0,0.0,True,98.0,0.04982,0.36981,265.0,siting - outside the footprint,False,False
17161023000,Rock Island County,IL,metro,1794,110921,False,ffiec_ratio,156.0,98.0,0.0,98.0,14950000.0,0.0,True,98.0,0.05463,0.62821,156.0,siting - outside the footprint,False,False
17119400904,Madison County,IL,metro,1550,69100,True,ffiec_ratio,153.0,98.0,0.0,98.0,10460000.0,0.0,True,98.0,0.06323,0.64052,153.0,siting - outside the footprint,False,False
17089852405,Kane County,IL,metro,1273,152622,False,ffiec_ratio,155.0,99.0,1.0,98.0,32495000.0,1.01,True,98.0,0.07698,0.63226,153.43,siting - outside the footprint,False,False
17043846509,DuPage County,IL,metro,2688,115443,False,ffiec_ratio,149.0,98.0,0.0,98.0,21380000.0,0.0,True,98.0,0.03646,0.65772,149.0,siting - outside the footprint,False,False
17043841704,DuPage County,IL,metro,1588,151116,False,ffiec_ratio,145.0,98.0,0.0,98.0,42510000.0,0.0,True,98.0,0.06171,0.67586,145.0,siting - outside the footprint,False,False
17043846104,DuPage County,IL,metro,1557,177132,False,ffiec_ratio,153.0,98.0,0.0,98.0,66600000.0,0.0,True,98.0,0.06294,0.64052,153.0,siting - outside the footprint,False,False
17031828503,Cook County,IL,metro,1409,60048,True,ffiec_ratio,225.0,98.0,0.0,98.0,12080000.0,0.0,True,98.0,0.06955,0.43556,225.0,siting - outside the footprint,False,False
17143004400,Peoria County,IL,metro,1897,80583,True,ffiec_ratio,142.0,98.0,1.0,97.0,9660000.0,1.02,True,97.0,0.05113,0.6831,140.55,siting - outside the footprint,False,False
55079020300,Milwaukee County,WI,metro,1526,79149,True,ffiec_ratio,164.0,98.0,1.0,97.0,15980000.0,1.02,False,97.0,0.06356,0.59146,162.33,"conversion - present, under-capturing",False,False
55087012506,Outagamie County,WI,metro,2331,105764,False,ffiec_ratio,129.0,99.0,2.0,97.0,64205000.0,2.02,False,97.0,0.04161,0.75194,126.39,"conversion - present, under-capturing",False,False
17133600102,Monroe County,IL,metro,1742,133083,False,ffiec_ratio,165.0,101.0,4.0,97.0,22785000.0,3.96,False,97.0,0.05568,0.58788,158.47,"conversion - present, under-capturing",False,False
55057100302,Juneau County,WI,rural,986,85417,False,ffiec_ratio,153.0,98.0,1.0,97.0,26140000.0,1.02,True,97.0,0.09838,0.63399,151.44,siting - outside the footprint,False,False
55059002605,Kenosha County,WI,metro,2922,128476,False,ffiec_ratio,189.0,98.0,1.0,97.0,25820000.0,1.02,True,97.0,0.0332,0.51323,187.07,siting - outside the footprint,False,False
55135100100,Waupaca County,WI,rural,1474,89306,False,ffiec_ratio,158.0,99.0,2.0,97.0,13555000.0,2.02,False,97.0,0.06581,0.61392,154.81,"conversion - present, under-capturing",False,False
55019950500,Clark County,WI,rural,1781,88289,False,ffiec_ratio,138.0,97.0,0.0,97.0,17475000.0,0.0,True,97.0,0.05446,0.7029,138.0,siting - outside the footprint,False,False
17031815900,Cook County,IL,metro,2785,108974,False,ffiec_ratio,170.0,98.0,1.0,97.0,24230000.0,1.02,True,97.0,0.03483,0.57059,168.27,siting - outside the footprint,False,False
17031806202,Cook County,IL,metro,2547,101477,False,ffiec_ratio,162.0,98.0,1.0,97.0,23590000.0,1.02,True,97.0,0.03808,0.59877,160.35,siting - outside the footprint,False,False
17031803300,Cook County,IL,metro,3023,134559,False,ffiec_ratio,143.0,98.0,1.0,97.0,31850000.0,1.02,True,97.0,0.03209,0.67832,141.54,siting - outside the footprint,False,False
17141961002,Ogle County,IL,micro,1307,107462,False,ffiec_ratio,165.0,99.0,2.0,97.0,16205000.0,2.02,True,97.0,0.07422,0.58788,161.67,siting - outside the footprint,False,False
17043841104,DuPage County,IL,metro,1463,119667,False,ffiec_ratio,174.0,99.0,2.0,97.0,24565000.0,2.02,False,97.0,0.0663,0.55747,170.49,"conversion - present, under-capturing",False,False
55095960500,Polk County,WI,rural,1232,95819,False,ffiec_ratio,147.0,99.0,2.0,97.0,21405000.0,2.02,True,97.0,0.07873,0.65986,144.03,siting - outside the footprint,False,False
55073000800,Marathon County,WI,metro,1332,76528,False,ffiec_ratio,132.0,99.0,2.0,97.0,13105000.0,2.02,False,97.0,0.07282,0.73485,129.33,"conversion - present, under-capturing",False,False
55075961500,Marinette County,WI,micro,1826,73040,False,ffiec_ratio,141.0,99.0,2.0,97.0,22145000.0,2.02,False,97.0,0.05312,0.68794,138.15,"conversion - present, under-capturing",False,False
17031810400,Cook County,IL,metro,2032,187442,False,ffiec_ratio,167.0,98.0,1.0,97.0,38970000.0,1.02,False,97.0,0.04774,0.58084,165.3,"conversion - present, under-capturing",False,False
17143002400,Peoria County,IL,metro,2240,69375,True,ffiec_ratio,154.0,97.0,0.0,97.0,8685000.0,0.0,True,97.0,0.0433,0.62987,154.0,siting - outside the footprint,False,False
17091010204,Kankakee County,IL,metro,2164,127321,False,ffiec_ratio,162.0,97.0,0.0,97.0,18705000.0,0.0,True,97.0,0.04482,0.59877,162.0,siting - outside the footprint,False,False
17031804306,Cook County,IL,metro,1832,117706,False,ffiec_ratio,173.0,97.0,0.0,97.0,19475000.0,0.0,False,97.0,0.05295,0.56069,173.0,"conversion - present, capturing none",False,False
17113001800,McLean County,IL,metro,1461,127351,False,ffiec_ratio,125.0,97.0,0.0,97.0,17015000.0,0.0,True,97.0,0.06639,0.776,125.0,siting - outside the footprint,False,False
17143002900,Peoria County,IL,metro,1770,84583,False,ffiec_ratio,150.0,97.0,0.0,97.0,13865000.0,0.0,True,97.0,0.0548,0.64667,150.0,siting - outside the footprint,False,False
17031804705,Cook County,IL,metro,1718,100475,False,ffiec_ratio,163.0,97.0,0.0,97.0,20485000.0,0.0,True,97.0,0.05646,0.59509,163.0,siting - outside the footprint,False,False
17031803200,Cook County,IL,metro,2088,143021,False,ffiec_ratio,144.0,97.0,0.0,97.0,41785000.0,0.0,True,97.0,0.04646,0.67361,144.0,siting - outside the footprint,False,False
17043845704,DuPage County,IL,metro,2059,110337,False,ffiec_ratio,155.0,98.0,1.0,97.0,28790000.0,1.02,True,97.0,0.04711,0.62581,153.42,siting - outside the footprint,False,False
17019005701,Champaign County,IL,metro,2367,104911,False,ffiec_ratio,141.0,97.0,0.0,97.0,15425000.0,0.0,True,97.0,0.04098,0.68794,141.0,siting - outside the footprint,False,False
17031822400,Cook County,IL,metro,2018,66220,True,ffiec_ratio,191.0,97.0,0.0,97.0,20745000.0,0.0,True,97.0,0.04807,0.50785,191.0,siting - outside the footprint,False,False
17031818700,Cook County,IL,metro,1497,144327,False,ffiec_ratio,143.0,97.0,0.0,97.0,26625000.0,0.0,True,97.0,0.0648,0.67832,143.0,siting - outside the footprint,False,False
17043841326,DuPage County,IL,metro,1256,168529,False,ffiec_ratio,153.0,97.0,0.0,97.0,31635000.0,0.0,True,97.0,0.07723,0.63399,153.0,siting - outside the footprint,False,False
17097864208,Lake County,IL,metro,1586,130019,False,ffiec_ratio,159.0,97.0,0.0,97.0,24095000.0,0.0,True,97.0,0.06116,0.61006,159.0,siting - outside the footprint,False,False
17089852803,Kane County,IL,metro,1672,127843,False,ffiec_ratio,145.0,97.0,0.0,97.0,26935000.0,0.0,True,97.0,0.05801,0.66897,145.0,siting - outside the footprint,False,False
17031815701,Cook County,IL,metro,1384,194659,False,ffiec_ratio,163.0,98.0,1.0,97.0,38030000.0,1.02,True,97.0,0.07009,0.59509,161.34,siting - outside the footprint,False,False
17031824115,Cook County,IL,metro,1551,71635,False,ffiec_ratio,173.0,97.0,0.0,97.0,22225000.0,0.0,True,97.0,0.06254,0.56069,173.0,siting - outside the footprint,False,False
17097863601,Lake County,IL,metro,1075,250001,False,ffiec_ratio,155.0,97.0,0.0,97.0,40105000.0,0.0,True,97.0,0.09023,0.62581,155.0,siting - outside the footprint,False,False
55133202901,Waukesha County,WI,metro,1823,84348,False,ffiec_ratio,131.0,97.0,0.0,97.0,23535000.0,0.0,False,97.0,0.05321,0.74046,131.0,"conversion - present, capturing none",False,False
17063000400,Grundy County,IL,metro,2696,89412,False,ffiec_ratio,154.0,97.0,0.0,97.0,34865000.0,0.0,True,97.0,0.03598,0.62987,154.0,siting - outside the footprint,False,False
55101000200,Racine County,WI,metro,2122,52955,True,ffiec_ratio,167.0,97.0,1.0,96.0,25765000.0,1.031,False,96.0,0.04524,0.57485,165.28,"conversion - present, under-capturing",False,False
17031530300,Cook County,IL,metro,1483,79337,True,ffiec_ratio,219.0,97.0,1.0,96.0,14505000.0,1.031,True,96.0,0.06473,0.43836,216.74,siting - outside the footprint,False,False
55079091400,Milwaukee County,WI,metro,1029,142563,False,ffiec_ratio,122.0,99.0,3.0,96.0,22745000.0,3.03,False,96.0,0.09329,0.78689,118.3,"conversion - present, under-capturing",False,False
17201004005,Winnebago County,IL,metro,1131,130190,False,ffiec_ratio,145.0,99.0,3.0,96.0,19295000.0,3.03,True,96.0,0.08488,0.66207,140.61,siting - outside the footprint,False,False
55133201507,Waukesha County,WI,metro,1306,140185,False,ffiec_ratio,135.0,100.0,4.0,96.0,25150000.0,4.0,False,96.0,0.07351,0.71111,129.6,"conversion - present, under-capturing",False,False
55025011101,Dane County,WI,metro,2697,95327,True,ffiec_ratio,147.0,97.0,1.0,96.0,38945000.0,1.031,False,96.0,0.0356,0.65306,145.48,"conversion - present, under-capturing",False,False
55025010504,Dane County,WI,metro,1671,88500,False,ffiec_ratio,118.0,97.0,1.0,96.0,27735000.0,1.031,True,96.0,0.05745,0.81356,116.78,siting - outside the footprint,False,False
17143002200,Peoria County,IL,metro,1721,59090,True,ffiec_ratio,161.0,96.0,0.0,96.0,10140000.0,0.0,True,96.0,0.05578,0.59627,161.0,siting - outside the footprint,False,False
55079160101,Milwaukee County,WI,metro,2273,113851,False,ffiec_ratio,139.0,99.0,3.0,96.0,18935000.0,3.03,False,96.0,0.04223,0.69065,134.79,"conversion - present, under-capturing",False,False
55079090700,Milwaukee County,WI,metro,1213,186406,False,ffiec_ratio,131.0,98.0,2.0,96.0,34080000.0,2.041,False,96.0,0.07914,0.73282,128.33,"conversion - present, under-capturing",False,False
55089640201,Ozaukee County,WI,metro,1337,143313,False,ffiec_ratio,140.0,103.0,7.0,96.0,35485000.0,6.796,False,96.0,0.0718,0.68571,130.49,"conversion - present, under-capturing",False,False
17031241500,Cook County,IL,metro,1398,250001,False,ffiec_ratio,159.0,96.0,0.0,96.0,57470000.0,0.0,False,96.0,0.06867,0.60377,159.0,"conversion - present, capturing none",False,False
17097860907,Lake County,IL,metro,1325,142914,False,ffiec_ratio,172.0,96.0,0.0,96.0,23730000.0,0.0,True,96.0,0.07245,0.55814,172.0,siting - outside the footprint,False,False
17031801607,Cook County,IL,metro,2062,207344,False,ffiec_ratio,153.0,97.0,1.0,96.0,61455000.0,1.031,False,96.0,0.04656,0.62745,151.42,"conversion - present, under-capturing",False,False
17097864204,Lake County,IL,metro,1680,127727,False,ffiec_ratio,177.0,96.0,0.0,96.0,23760000.0,0.0,True,96.0,0.05714,0.54237,177.0,siting - outside the footprint,False,False
17031803008,Cook County,IL,metro,1701,186615,False,ffiec_ratio,148.0,96.0,0.0,96.0,33710000.0,0.0,True,96.0,0.05644,0.64865,148.0,siting - outside the footprint,False,False
55101002100,Racine County,WI,metro,1216,117031,False,ffiec_ratio,151.0,97.0,1.0,96.0,19955000.0,1.031,True,96.0,0.07895,0.63576,149.44,siting - outside the footprint,False,False
17097863500,Lake County,IL,metro,1985,250001,False,ffiec_ratio,170.0,98.0,2.0,96.0,63730000.0,2.041,True,96.0,0.04836,0.56471,166.53,siting - outside the footprint,False,False
17089851600,Kane County,IL,metro,2180,86313,True,ffiec_ratio,176.0,97.0,1.0,96.0,34425000.0,1.031,False,96.0,0.04404,0.54545,174.19,"conversion - present, under-capturing",False,False
17031804710,Cook County,IL,metro,1430,124121,False,ffiec_ratio,150.0,96.0,0.0,96.0,22700000.0,0.0,True,96.0,0.06713,0.64,150.0,siting - outside the footprint,False,False
17031770201,Cook County,IL,metro,2818,117426,False,ffiec_ratio,140.0,96.0,0.0,96.0,26760000.0,0.0,False,96.0,0.03407,0.68571,140.0,"conversion - present, capturing none",False,False
17031820501,Cook County,IL,metro,1965,87069,False,ffiec_ratio,181.0,96.0,0.0,96.0,21420000.0,0.0,True,96.0,0.04885,0.53039,181.0,siting - outside the footprint,False,False
17097861607,Lake County,IL,metro,1880,99115,True,ffiec_ratio,153.0,96.0,0.0,96.0,22450000.0,0.0,True,96.0,0.05106,0.62745,153.0,siting - outside the footprint,False,False
17031803100,Cook County,IL,metro,1155,191281,False,ffiec_ratio,158.0,96.0,0.0,96.0,38810000.0,0.0,True,96.0,0.08312,0.60759,158.0,siting - outside the footprint,False,False
17043846208,DuPage County,IL,metro,1202,249830,False,ffiec_ratio,125.0,96.0,0.0,96.0,39720000.0,0.0,True,96.0,0.07987,0.768,125.0,siting - outside the footprint,False,False
55025001901,Dane County,WI,metro,2676,124968,False,ffiec_ratio,126.0,96.0,0.0,96.0,60960000.0,0.0,False,96.0,0.03587,0.7619,126.0,"conversion - present, capturing none",False,False
17007010101,Boone County,IL,metro,1672,86667,True,ffiec_ratio,144.0,96.0,0.0,96.0,17470000.0,0.0,True,96.0,0.05742,0.66667,144.0,siting - outside the footprint,False,False
55025012004,Dane County,WI,metro,1339,138675,False,ffiec_ratio,128.0,96.0,0.0,96.0,61580000.0,0.0,True,96.0,0.0717,0.75,128.0,siting - outside the footprint,False,False
17031810900,Cook County,IL,metro,2499,99318,False,ffiec_ratio,196.0,96.0,0.0,96.0,33510000.0,0.0,True,96.0,0.03842,0.4898,196.0,siting - outside the footprint,False,False
17097863702,Lake County,IL,metro,1862,156853,False,ffiec_ratio,154.0,96.0,0.0,96.0,36920000.0,0.0,True,96.0,0.05156,0.62338,154.0,siting - outside the footprint,False,False
17113001108,McLean County,IL,metro,2263,153184,False,ffiec_ratio,130.0,96.0,0.0,96.0,24850000.0,0.0,True,96.0,0.04242,0.73846,130.0,siting - outside the footprint,False,False
17037000200,DeKalb County,IL,metro,1859,108938,False,ffiec_ratio,160.0,96.0,0.0,96.0,19550000.0,0.0,True,96.0,0.05164,0.6,160.0,siting - outside the footprint,False,False
17197883904,Will County,IL,metro,1881,125221,False,ffiec_ratio,150.0,96.0,0.0,96.0,20310000.0,0.0,True,96.0,0.05104,0.64,150.0,siting - outside the footprint,False,False
17097864519,Lake County,IL,metro,1783,150069,False,ffiec_ratio,164.0,96.0,0.0,96.0,28140000.0,0.0,True,96.0,0.05384,0.58537,164.0,siting - outside the footprint,False,False
55139000502,Winnebago County,WI,metro,1422,83750,False,ffiec_ratio,152.0,98.0,3.0,95.0,13520000.0,3.061,False,95.0,0.06681,0.625,147.35,"conversion - present, under-capturing",False,False
17043844002,DuPage County,IL,metro,1409,250001,False,ffiec_ratio,147.0,96.0,1.0,95.0,59260000.0,1.042,True,95.0,0.06742,0.64626,145.47,siting - outside the footprint,False,False
55141011300,Wood County,WI,micro,2094,96477,False,ffiec_ratio,179.0,101.0,6.0,95.0,15325000.0,5.941,False,95.0,0.04537,0.53073,168.37,"conversion - present, under-capturing",False,False
55133203105,Waukesha County,WI,metro,1264,116719,False,ffiec_ratio,137.0,95.0,0.0,95.0,19975000.0,0.0,False,95.0,0.07516,0.69343,137.0,"conversion - present, capturing none",False,False
55121100800,Trempealeau County,WI,rural,1756,105086,False,ffiec_ratio,125.0,98.0,3.0,95.0,20270000.0,3.061,True,95.0,0.0541,0.76,121.17,siting - outside the footprint,False,False
55079021600,Milwaukee County,WI,metro,1489,96732,True,ffiec_ratio,162.0,95.0,0.0,95.0,15605000.0,0.0,False,95.0,0.0638,0.58642,162.0,"conversion - present, capturing none",False,False
17201003711,Winnebago County,IL,metro,1384,83815,False,ffiec_ratio,140.0,98.0,3.0,95.0,15000000.0,3.061,True,95.0,0.06864,0.67857,135.71,siting - outside the footprint,False,False
17201003809,Winnebago County,IL,metro,2217,61969,False,ffiec_ratio,166.0,100.0,5.0,95.0,17410000.0,5.0,False,95.0,0.04285,0.57229,157.7,"conversion - present, under-capturing",False,False
17197883217,Will County,IL,metro,1148,86071,False,ffiec_ratio,157.0,95.0,0.0,95.0,21135000.0,0.0,True,95.0,0.08275,0.6051,157.0,siting - outside the footprint,False,False
17043840910,DuPage County,IL,metro,1499,111316,True,ffiec_ratio,180.0,96.0,1.0,95.0,20640000.0,1.042,True,95.0,0.06338,0.52778,178.12,siting - outside the footprint,False,False
55115100900,Shawano County,WI,micro,1606,83430,False,ffiec_ratio,157.0,104.0,9.0,95.0,16620000.0,8.654,False,95.0,0.05915,0.6051,143.41,"conversion - present, under-capturing",False,False
55079019300,Milwaukee County,WI,metro,1033,91989,False,ffiec_ratio,157.0,97.0,2.0,95.0,15235000.0,2.062,False,95.0,0.09197,0.6051,153.76,"conversion - present, under-capturing",False,False
55133202304,Waukesha County,WI,metro,1356,110784,False,ffiec_ratio,150.0,99.0,4.0,95.0,19865000.0,4.04,False,95.0,0.07006,0.63333,143.94,"conversion - present, under-capturing",False,False
17031150200,Cook County,IL,metro,2962,147713,False,ffiec_ratio,157.0,97.0,2.0,95.0,38015000.0,2.062,False,95.0,0.03207,0.6051,153.76,"conversion - present, under-capturing",False,False
17111870907,McHenry County,IL,metro,1194,128583,False,ffiec_ratio,159.0,97.0,2.0,95.0,29585000.0,2.062,True,95.0,0.07956,0.59748,155.72,siting - outside the footprint,False,False
55055100800,Jefferson County,WI,micro,1461,117443,False,ffiec_ratio,152.0,96.0,1.0,95.0,24210000.0,1.042,False,95.0,0.06502,0.625,150.42,"conversion - present, under-capturing",False,False
17119403601,Madison County,IL,metro,1709,127212,False,ffiec_ratio,155.0,97.0,2.0,95.0,18405000.0,2.062,True,95.0,0.05559,0.6129,151.8,siting - outside the footprint,False,False
17031830008,Cook County,IL,metro,1543,128214,False,ffiec_ratio,225.0,95.0,0.0,95.0,17165000.0,0.0,True,95.0,0.06157,0.42222,225.0,siting - outside the footprint,False,False
17197883810,Will County,IL,metro,1499,117146,False,ffiec_ratio,183.0,95.0,0.0,95.0,19285000.0,0.0,True,95.0,0.06338,0.51913,183.0,siting - outside the footprint,False,False
17031824127,Cook County,IL,metro,1472,130000,False,ffiec_ratio,156.0,95.0,0.0,95.0,23215000.0,0.0,True,95.0,0.06454,0.60897,156.0,siting - outside the footprint,False,False
17167003500,Sangamon County,IL,metro,2016,104000,False,ffiec_ratio,137.0,95.0,0.0,95.0,17925000.0,0.0,True,95.0,0.04712,0.69343,137.0,siting - outside the footprint,False,False
17031830005,Cook County,IL,metro,1611,140608,False,ffiec_ratio,197.0,95.0,0.0,95.0,43175000.0,0.0,True,95.0,0.05897,0.48223,197.0,siting - outside the footprint,False,False
17043841204,DuPage County,IL,metro,1712,116833,False,ffiec_ratio,168.0,95.0,0.0,95.0,26055000.0,0.0,True,95.0,0.05549,0.56548,168.0,siting - outside the footprint,False,False
17113001105,McLean County,IL,metro,2199,117288,False,ffiec_ratio,147.0,95.0,0.0,95.0,20165000.0,0.0,True,95.0,0.0432,0.64626,147.0,siting - outside the footprint,False,False
17031803901,Cook County,IL,metro,1984,104722,False,ffiec_ratio,157.0,95.0,0.0,95.0,20005000.0,0.0,True,95.0,0.04788,0.6051,157.0,siting - outside the footprint,False,False
17089853001,Kane County,IL,metro,1590,117764,False,ffiec_ratio,162.0,95.0,0.0,95.0,18345000.0,0.0,False,95.0,0.05975,0.58642,162.0,"conversion - present, capturing none",False,False
55093960600,Pierce County,WI,metro,1838,111993,False,ffiec_ratio,178.0,112.0,18.0,94.0,28440000.0,16.071,True,94.0,0.05114,0.52809,149.39,siting - outside the footprint,False,False
55073001700,Marathon County,WI,metro,1459,108438,False,ffiec_ratio,146.0,98.0,4.0,94.0,15810000.0,4.082,False,94.0,0.06443,0.64384,140.04,"conversion - present, under-capturing",False,False
55105000900,Rock County,WI,metro,1481,116473,False,ffiec_ratio,135.0,101.0,7.0,94.0,18955000.0,6.931,False,94.0,0.06347,0.6963,125.64,"conversion - present, under-capturing",False,False
17031805502,Cook County,IL,metro,1703,214593,False,ffiec_ratio,153.0,96.0,2.0,94.0,47400000.0,2.083,True,94.0,0.0552,0.61438,149.81,siting - outside the footprint,False,False
55055100200,Jefferson County,WI,micro,1497,73327,False,ffiec_ratio,142.0,99.0,5.0,94.0,15995000.0,5.051,False,94.0,0.06279,0.66197,134.83,"conversion - present, under-capturing",False,False
55009001600,Brown County,WI,metro,2418,45479,True,ffiec_ratio,165.0,106.0,12.0,94.0,29550000.0,11.321,False,94.0,0.03888,0.5697,146.32,"conversion - present, under-capturing",False,False
55085971500,Oneida County,WI,rural,2135,71573,False,ffiec_ratio,150.0,101.0,7.0,94.0,13765000.0,6.931,False,94.0,0.04403,0.62667,139.6,"conversion - present, under-capturing",False,False
17043841327,DuPage County,IL,metro,1345,168244,False,ffiec_ratio,160.0,94.0,0.0,94.0,25340000.0,0.0,False,94.0,0.06989,0.5875,160.0,"conversion - present, capturing none",False,False
55089660100,Ozaukee County,WI,metro,1505,114028,False,ffiec_ratio,136.0,97.0,3.0,94.0,21545000.0,3.093,False,94.0,0.06246,0.69118,131.79,"conversion - present, under-capturing",False,False
17037001300,DeKalb County,IL,metro,2690,56099,False,ffiec_ratio,143.0,95.0,1.0,94.0,15905000.0,1.053,True,94.0,0.03494,0.65734,141.49,siting - outside the footprint,False,False
55097960100,Portage County,WI,micro,1788,106250,False,ffiec_ratio,134.0,97.0,3.0,94.0,19715000.0,3.093,False,94.0,0.05257,0.70149,129.86,"conversion - present, under-capturing",False,False
17097860103,Lake County,IL,metro,1391,102328,False,ffiec_ratio,147.0,95.0,1.0,94.0,18985000.0,1.053,True,94.0,0.06758,0.63946,145.45,siting - outside the footprint,False,False
55047100400,Green Lake County,WI,rural,1336,112460,False,ffiec_ratio,143.0,96.0,2.0,94.0,34410000.0,2.083,True,94.0,0.07036,0.65734,140.02,siting - outside the footprint,False,False
17031801601,Cook County,IL,metro,1975,145598,False,ffiec_ratio,159.0,95.0,1.0,94.0,47895000.0,1.053,True,94.0,0.04759,0.59119,157.33,siting - outside the footprint,False,False
55139002202,Winnebago County,WI,metro,1301,95625,False,ffiec_ratio,127.0,97.0,3.0,94.0,20715000.0,3.093,False,94.0,0.07225,0.74016,123.07,"conversion - present, under-capturing",False,False
17111871205,McHenry County,IL,metro,1447,98225,False,ffiec_ratio,148.0,95.0,1.0,94.0,18745000.0,1.053,False,94.0,0.06496,0.63514,146.44,"conversion - present, under-capturing",False,False
17031821900,Cook County,IL,metro,1764,103648,False,ffiec_ratio,175.0,94.0,0.0,94.0,18550000.0,0.0,True,94.0,0.05329,0.53714,175.0,siting - outside the footprint,False,False
17043846003,DuPage County,IL,metro,1860,158224,False,ffiec_ratio,170.0,94.0,0.0,94.0,27700000.0,0.0,True,94.0,0.05054,0.55294,170.0,siting - outside the footprint,False,False
55117010602,Sheboygan County,WI,metro,1979,72390,False,ffiec_ratio,140.0,95.0,1.0,94.0,25095000.0,1.053,True,94.0,0.0475,0.67143,138.53,siting - outside the footprint,False,False
55095960600,Polk County,WI,rural,989,84450,False,ffiec_ratio,154.0,94.0,0.0,94.0,19760000.0,0.0,True,94.0,0.09505,0.61039,154.0,siting - outside the footprint,False,False
17021959000,Christian County,IL,micro,1886,96625,False,ffiec_ratio,145.0,94.0,0.0,94.0,14530000.0,0.0,True,94.0,0.04984,0.64828,145.0,siting - outside the footprint,False,False
55073000500,Marathon County,WI,metro,1339,81111,True,ffiec_ratio,133.0,96.0,2.0,94.0,14230000.0,2.083,False,94.0,0.0702,0.70677,130.23,"conversion - present, under-capturing",False,False
17031805002,Cook County,IL,metro,2931,92848,True,ffiec_ratio,166.0,94.0,0.0,94.0,90210000.0,0.0,True,94.0,0.03207,0.56627,166.0,siting - outside the footprint,False,False
17043840600,DuPage County,IL,metro,1816,190865,False,ffiec_ratio,152.0,94.0,0.0,94.0,46050000.0,0.0,True,94.0,0.05176,0.61842,152.0,siting - outside the footprint,False,False
17031823604,Cook County,IL,metro,1294,155402,False,ffiec_ratio,148.0,94.0,0.0,94.0,23060000.0,0.0,True,94.0,0.07264,0.63514,148.0,siting - outside the footprint,False,False
17113006000,McLean County,IL,metro,1319,113224,False,ffiec_ratio,137.0,94.0,0.0,94.0,15890000.0,0.0,True,94.0,0.07127,0.68613,137.0,siting - outside the footprint,False,False
17177000100,Stephenson County,IL,micro,1821,97663,False,ffiec_ratio,146.0,94.0,0.0,94.0,15170000.0,0.0,True,94.0,0.05162,0.64384,146.0,siting - outside the footprint,False,False
17031802300,Cook County,IL,metro,2712,203750,False,ffiec_ratio,160.0,94.0,1.0,93.0,54500000.0,1.064,False,93.0,0.03429,0.58125,158.3,"conversion - present, under-capturing",False,False
55139000300,Winnebago County,WI,metro,1712,88056,False,ffiec_ratio,141.0,101.0,8.0,93.0,26965000.0,7.921,True,93.0,0.05432,0.65957,129.83,siting - outside the footprint,False,False
55137960300,Waushara County,WI,rural,1517,73693,False,ffiec_ratio,155.0,96.0,3.0,93.0,14580000.0,3.125,False,93.0,0.06131,0.6,150.16,"conversion - present, under-capturing",False,False
55141011000,Wood County,WI,micro,2392,67997,False,ffiec_ratio,153.0,97.0,4.0,93.0,17995000.0,4.124,False,93.0,0.03888,0.60784,146.69,"conversion - present, under-capturing",False,False
55079004300,Milwaukee County,WI,metro,2095,51597,True,ffiec_ratio,213.0,94.0,1.0,93.0,22190000.0,1.064,False,93.0,0.04439,0.43662,210.73,"conversion - present, under-capturing",False,False
55053960400,Jackson County,WI,rural,1662,82188,False,ffiec_ratio,122.0,94.0,1.0,93.0,19030000.0,1.064,True,93.0,0.05596,0.7623,120.7,siting - outside the footprint,False,False
17097861610,Lake County,IL,metro,1351,160714,False,ffiec_ratio,162.0,93.0,0.0,93.0,24275000.0,0.0,True,93.0,0.06884,0.57407,162.0,siting - outside the footprint,False,False
55053960300,Jackson County,WI,rural,1608,87875,False,ffiec_ratio,144.0,95.0,2.0,93.0,16795000.0,2.105,True,93.0,0.05784,0.64583,140.97,siting - outside the footprint,False,False
17031805402,Cook County,IL,metro,1722,109643,False,ffiec_ratio,160.0,94.0,1.0,93.0,26880000.0,1.064,False,93.0,0.05401,0.58125,158.3,"conversion - present, under-capturing",False,False
17163504002,St. Clair County,IL,metro,2218,100346,False,ffiec_ratio,170.0,93.0,0.0,93.0,15015000.0,0.0,True,93.0,0.04193,0.54706,170.0,siting - outside the footprint,False,False
55133201203,Waukesha County,WI,metro,1413,136389,False,ffiec_ratio,134.0,95.0,2.0,93.0,27355000.0,2.105,False,93.0,0.06582,0.69403,131.18,"conversion - present, under-capturing",False,False
55139002100,Winnebago County,WI,metro,1457,104135,False,ffiec_ratio,130.0,95.0,2.0,93.0,23165000.0,2.105,True,93.0,0.06383,0.71538,127.26,siting - outside the footprint,False,False
17031560800,Cook County,IL,metro,1966,127008,False,ffiec_ratio,172.0,93.0,0.0,93.0,17225000.0,0.0,True,93.0,0.0473,0.5407,172.0,siting - outside the footprint,False,False
17043846408,DuPage County,IL,metro,1360,206266,False,ffiec_ratio,145.0,93.0,0.0,93.0,31515000.0,0.0,True,93.0,0.06838,0.64138,145.0,siting - outside the footprint,False,False
17097861014,Lake County,IL,metro,1089,96719,False,ffiec_ratio,164.0,93.0,0.0,93.0,18265000.0,0.0,True,93.0,0.0854,0.56707,164.0,siting - outside the footprint,False,False
17031811200,Cook County,IL,metro,1993,75086,False,ffiec_ratio,187.0,93.0,0.0,93.0,20025000.0,0.0,True,93.0,0.04666,0.49733,187.0,siting - outside the footprint,False,False
17199021200,Williamson County,IL,micro,1934,116453,True,ffiec_ratio,146.0,93.0,0.0,93.0,15075000.0,0.0,True,93.0,0.04809,0.63699,146.0,siting - outside the footprint,False,False
17089851101,Kane County,IL,metro,1311,98375,True,ffiec_ratio,165.0,94.0,1.0,93.0,16760000.0,1.064,False,93.0,0.07094,0.56364,163.24,"conversion - present, under-capturing",False,False
17163501604,St. Clair County,IL,metro,2012,56875,True,ffiec_ratio,155.0,93.0,0.0,93.0,13165000.0,0.0,False,93.0,0.04622,0.6,155.0,"conversion - present, capturing none",False,False
17095000200,Knox County,IL,micro,1248,91818,False,ffiec_ratio,136.0,93.0,0.0,93.0,17605000.0,0.0,True,93.0,0.07452,0.68382,136.0,siting - outside the footprint,False,False
17031803902,Cook County,IL,metro,1206,120391,False,ffiec_ratio,149.0,94.0,1.0,93.0,18550000.0,1.064,True,93.0,0.07711,0.62416,147.41,siting - outside the footprint,False,False
17031081202,Cook County,IL,metro,2113,250001,False,ffiec_ratio,152.0,93.0,0.0,93.0,48985000.0,0.0,False,93.0,0.04401,0.61184,152.0,"conversion - present, capturing none",False,False
17031819400,Cook County,IL,metro,2285,99223,False,ffiec_ratio,174.0,93.0,0.0,93.0,26345000.0,0.0,True,93.0,0.0407,0.53448,174.0,siting - outside the footprint,False,False
17119401102,Madison County,IL,metro,1558,101429,False,ffiec_ratio,147.0,93.0,0.0,93.0,31425000.0,0.0,False,93.0,0.05969,0.63265,147.0,"conversion - present, capturing none",False,False
17167001200,Sangamon County,IL,metro,1415,116623,True,ffiec_ratio,118.0,93.0,0.0,93.0,12105000.0,0.0,True,93.0,0.06572,0.78814,118.0,siting - outside the footprint,False,False
17031803604,Cook County,IL,metro,1855,103409,False,ffiec_ratio,135.0,93.0,0.0,93.0,50965000.0,0.0,True,93.0,0.05013,0.68889,135.0,siting - outside the footprint,False,False
17143004801,Peoria County,IL,metro,1979,104511,False,ffiec_ratio,153.0,93.0,0.0,93.0,14465000.0,0.0,True,93.0,0.04699,0.60784,153.0,siting - outside the footprint,False,False
17113005103,McLean County,IL,metro,1629,209602,False,ffiec_ratio,134.0,93.0,0.0,93.0,26875000.0,0.0,True,93.0,0.05709,0.69403,134.0,siting - outside the footprint,False,False
55141010200,Wood County,WI,micro,2419,93333,False,ffiec_ratio,144.0,101.0,8.0,93.0,82285000.0,7.921,False,93.0,0.03845,0.64583,132.59,"conversion - present, under-capturing",False,False
55127001606,Walworth County,WI,micro,1021,121679,False,ffiec_ratio,145.0,95.0,2.0,93.0,63485000.0,2.105,False,93.0,0.09109,0.64138,141.95,"conversion - present, under-capturing",False,False
55005000200,Barron County,WI,micro,1789,81979,False,ffiec_ratio,175.0,93.0,0.0,93.0,20725000.0,0.0,True,93.0,0.05198,0.53143,175.0,siting - outside the footprint,False,False
17031823302,Cook County,IL,metro,2631,79145,True,ffiec_ratio,175.0,93.0,0.0,93.0,15845000.0,0.0,True,93.0,0.03535,0.53143,175.0,siting - outside the footprint,False,False
17031812900,Cook County,IL,metro,1677,203469,False,ffiec_ratio,128.0,93.0,0.0,93.0,33935000.0,0.0,True,93.0,0.05546,0.72656,128.0,siting - outside the footprint,False,False
17031823904,Cook County,IL,metro,1664,122386,False,ffiec_ratio,146.0,93.0,0.0,93.0,21095000.0,0.0,True,93.0,0.05589,0.63699,146.0,siting - outside the footprint,False,False
17019001302,Champaign County,IL,metro,2028,160365,False,ffiec_ratio,131.0,93.0,0.0,93.0,26415000.0,0.0,True,93.0,0.04586,0.70992,131.0,siting - outside the footprint,False,False
17031828000,Cook County,IL,metro,2077,89152,False,ffiec_ratio,170.0,92.0,0.0,92.0,15120000.0,0.0,True,92.0,0.04429,0.54118,170.0,siting - outside the footprint,False,False
17089852903,Kane County,IL,metro,2460,121930,False,ffiec_ratio,159.0,93.0,1.0,92.0,23055000.0,1.075,True,92.0,0.0374,0.57862,157.29,siting - outside the footprint,False,False
17043844402,DuPage County,IL,metro,1791,178681,False,ffiec_ratio,169.0,93.0,1.0,92.0,68135000.0,1.075,True,92.0,0.05137,0.54438,167.18,siting - outside the footprint,False,False
55115101100,Shawano County,WI,micro,1478,99181,False,ffiec_ratio,125.0,94.0,2.0,92.0,20840000.0,2.128,False,92.0,0.06225,0.736,122.34,"conversion - present, under-capturing",False,False
17031804809,Cook County,IL,metro,1611,148313,False,ffiec_ratio,146.0,93.0,1.0,92.0,23825000.0,1.075,False,92.0,0.05711,0.63014,144.43,"conversion - present, under-capturing",False,False
17097861201,Lake County,IL,metro,1873,81535,False,ffiec_ratio,175.0,92.0,0.0,92.0,16450000.0,0.0,True,92.0,0.04912,0.52571,175.0,siting - outside the footprint,False,False
17031800300,Cook County,IL,metro,1110,250001,False,ffiec_ratio,128.0,93.0,1.0,92.0,92755000.0,1.075,False,92.0,0.08288,0.71875,126.62,"conversion - present, under-capturing",False,False
17201000200,Winnebago County,IL,metro,1477,74773,True,ffiec_ratio,131.0,92.0,0.0,92.0,12470000.0,0.0,False,92.0,0.06229,0.70229,131.0,"conversion - present, capturing none",False,False
17031460500,Cook County,IL,metro,2573,140814,False,ffiec_ratio,188.0,93.0,1.0,92.0,20725000.0,1.075,True,92.0,0.03576,0.48936,185.98,siting - outside the footprint,False,False
17031801200,Cook County,IL,metro,1467,250001,False,ffiec_ratio,131.0,94.0,2.0,92.0,101490000.0,2.128,True,92.0,0.06271,0.70229,128.21,siting - outside the footprint,False,False
55131400103,Washington County,WI,metro,1296,113158,False,ffiec_ratio,128.0,96.0,4.0,92.0,30050000.0,4.167,True,92.0,0.07099,0.71875,122.67,siting - outside the footprint,False,False
55079120102,Milwaukee County,WI,metro,1671,116461,False,ffiec_ratio,134.0,94.0,2.0,92.0,21590000.0,2.128,False,92.0,0.05506,0.68657,131.15,"conversion - present, under-capturing",False,False
17031824508,Cook County,IL,metro,1722,99516,False,ffiec_ratio,129.0,92.0,0.0,92.0,17900000.0,0.0,True,92.0,0.05343,0.71318,129.0,siting - outside the footprint,False,False
17031808900,Cook County,IL,metro,1794,250001,False,ffiec_ratio,144.0,93.0,1.0,92.0,40355000.0,1.075,True,92.0,0.05128,0.63889,142.45,siting - outside the footprint,False,False
17031824116,Cook County,IL,metro,2275,81579,False,ffiec_ratio,161.0,92.0,0.0,92.0,27530000.0,0.0,True,92.0,0.04044,0.57143,161.0,siting - outside the footprint,False,False
17167004000,Sangamon County,IL,metro,1804,94315,False,ffiec_ratio,123.0,92.0,0.0,92.0,13230000.0,0.0,True,92.0,0.051,0.74797,123.0,siting - outside the footprint,False,False
17043841209,DuPage County,IL,metro,1669,153125,False,ffiec_ratio,140.0,92.0,0.0,92.0,19440000.0,0.0,True,92.0,0.05512,0.65714,140.0,siting - outside the footprint,False,False
17099963600,LaSalle County,IL,micro,1265,87679,False,ffiec_ratio,111.0,92.0,0.0,92.0,14570000.0,0.0,True,92.0,0.07273,0.82883,111.0,siting - outside the footprint,False,False
17203030200,Woodford County,IL,metro,1149,99500,False,ffiec_ratio,136.0,92.0,0.0,92.0,11530000.0,0.0,True,92.0,0.08007,0.67647,136.0,siting - outside the footprint,False,False
17031802404,Cook County,IL,metro,3108,78363,True,ffiec_ratio,164.0,92.0,0.0,92.0,14930000.0,0.0,True,92.0,0.0296,0.56098,164.0,siting - outside the footprint,False,False
55025002402,Dane County,WI,metro,1795,113219,False,ffiec_ratio,125.0,92.0,0.0,92.0,29970000.0,0.0,False,92.0,0.05125,0.736,125.0,"conversion - present, capturing none",False,False
17093890201,Kendall County,IL,metro,1687,75922,True,ffiec_ratio,157.0,92.0,0.0,92.0,17050000.0,0.0,True,92.0,0.05453,0.58599,157.0,siting - outside the footprint,False,False
17031825303,Cook County,IL,metro,1668,88864,False,ffiec_ratio,173.0,92.0,0.0,92.0,20350000.0,0.0,True,92.0,0.05516,0.53179,173.0,siting - outside the footprint,False,False
55029100600,Door County,WI,rural,1387,98456,False,ffiec_ratio,134.0,94.0,3.0,91.0,19190000.0,3.191,False,91.0,0.06561,0.6791,129.72,"conversion - present, under-capturing",False,False
55079100500,Milwaukee County,WI,metro,1783,99306,False,ffiec_ratio,144.0,94.0,3.0,91.0,17190000.0,3.191,False,91.0,0.05104,0.63194,139.4,"conversion - present, under-capturing",False,False
17119401400,Madison County,IL,metro,1454,71050,True,ffiec_ratio,146.0,92.0,1.0,91.0,8820000.0,1.087,False,91.0,0.06259,0.62329,144.41,"conversion - present, under-capturing",False,False
17043846209,DuPage County,IL,metro,1176,250001,False,ffiec_ratio,135.0,92.0,1.0,91.0,74650000.0,1.087,True,91.0,0.07738,0.67407,133.53,siting - outside the footprint,False,False
55025001404,Dane County,WI,metro,2554,139279,False,ffiec_ratio,128.0,95.0,4.0,91.0,28095000.0,4.211,False,91.0,0.03563,0.71094,122.61,"conversion - present, under-capturing",False,False
17031819600,Cook County,IL,metro,1374,221450,False,ffiec_ratio,128.0,92.0,1.0,91.0,45220000.0,1.087,True,91.0,0.06623,0.71094,126.61,siting - outside the footprint,False,False
55101001505,Racine County,WI,metro,1738,109145,False,ffiec_ratio,148.0,93.0,2.0,91.0,25885000.0,2.151,True,91.0,0.05236,0.61486,144.82,siting - outside the footprint,False,False
55019950300,Clark County,WI,rural,1558,72826,False,ffiec_ratio,129.0,92.0,1.0,91.0,19720000.0,1.087,True,91.0,0.05841,0.70543,127.6,siting - outside the footprint,False,False
55127000702,Walworth County,WI,micro,2254,76394,False,ffiec_ratio,165.0,95.0,4.0,91.0,43905000.0,4.211,False,91.0,0.04037,0.55152,158.05,"conversion - present, under-capturing",False,False
55045960400,Green County,WI,metro,2085,116250,True,ffiec_ratio,121.0,92.0,1.0,91.0,18750000.0,1.087,True,91.0,0.04365,0.75207,119.68,siting - outside the footprint,False,False
17031110300,Cook County,IL,metro,1848,144319,False,ffiec_ratio,149.0,92.0,1.0,91.0,29110000.0,1.087,False,91.0,0.04924,0.61074,147.38,"conversion - present, under-capturing",False,False
17037000500,DeKalb County,IL,metro,1590,81842,True,ffiec_ratio,147.0,92.0,1.0,91.0,18190000.0,1.087,True,91.0,0.05723,0.61905,145.4,siting - outside the footprint,False,False
17117956400,Macoupin County,IL,metro,2035,89957,True,ffiec_ratio,145.0,91.0,0.0,91.0,8985000.0,0.0,True,91.0,0.04472,0.62759,145.0,siting - outside the footprint,False,False
17031210100,Cook County,IL,metro,1777,134500,False,ffiec_ratio,137.0,92.0,1.0,91.0,34810000.0,1.087,True,91.0,0.05121,0.66423,135.51,siting - outside the footprint,False,False
17097861611,Lake County,IL,metro,1264,204297,False,ffiec_ratio,178.0,92.0,1.0,91.0,31250000.0,1.087,True,91.0,0.07199,0.51124,176.07,siting - outside the footprint,False,False
55069961000,Lincoln County,WI,rural,1644,92163,False,ffiec_ratio,147.0,96.0,5.0,91.0,15610000.0,5.208,False,91.0,0.05535,0.61905,139.34,"conversion - present, under-capturing",False,False
17197880601,Will County,IL,metro,1174,123176,False,ffiec_ratio,144.0,91.0,0.0,91.0,20015000.0,0.0,True,91.0,0.07751,0.63194,144.0,siting - outside the footprint,False,False
17043840304,DuPage County,IL,metro,1576,139265,False,ffiec_ratio,148.0,91.0,0.0,91.0,23745000.0,0.0,True,91.0,0.05774,0.61486,148.0,siting - outside the footprint,False,False
55031020600,Douglas County,WI,metro,1748,81667,True,ffiec_ratio,133.0,91.0,0.0,91.0,13195000.0,0.0,True,91.0,0.05206,0.68421,133.0,siting - outside the footprint,False,False
17031804712,Cook County,IL,metro,1877,111759,False,ffiec_ratio,159.0,91.0,0.0,91.0,23895000.0,0.0,True,91.0,0.04848,0.57233,159.0,siting - outside the footprint,False,False
17097865801,Lake County,IL,metro,1274,165870,False,ffiec_ratio,153.0,91.0,0.0,91.0,30715000.0,0.0,True,91.0,0.07143,0.59477,153.0,siting - outside the footprint,False,False
17091010701,Kankakee County,IL,metro,1834,126766,False,ffiec_ratio,147.0,91.0,0.0,91.0,22405000.0,0.0,True,91.0,0.04962,0.61905,147.0,siting - outside the footprint,False,False
17031822102,Cook County,IL,metro,1937,132061,False,ffiec_ratio,155.0,91.0,0.0,91.0,16985000.0,0.0,True,91.0,0.04698,0.5871,155.0,siting - outside the footprint,False,False
17091010300,Kankakee County,IL,metro,1505,96375,False,ffiec_ratio,149.0,91.0,0.0,91.0,19145000.0,0.0,True,91.0,0.06047,0.61074,149.0,siting - outside the footprint,False,False
17031805111,Cook County,IL,metro,3092,85833,False,ffiec_ratio,149.0,91.0,0.0,91.0,25705000.0,0.0,True,91.0,0.02943,0.61074,149.0,siting - outside the footprint,False,False
55111000500,Sauk County,WI,micro,1475,110000,False,ffiec_ratio,142.0,91.0,0.0,91.0,37055000.0,0.0,True,91.0,0.06169,0.64085,142.0,siting - outside the footprint,False,False
17089852204,Kane County,IL,metro,1402,157583,False,ffiec_ratio,145.0,91.0,0.0,91.0,26685000.0,0.0,True,91.0,0.06491,0.62759,145.0,siting - outside the footprint,False,False
55003950800,Ashland County,WI,rural,1355,97500,True,ffiec_ratio,159.0,97.0,6.0,91.0,18295000.0,6.186,True,91.0,0.06716,0.57233,149.16,siting - outside the footprint,False,False
55139001100,Winnebago County,WI,metro,1918,72360,False,ffiec_ratio,132.0,98.0,7.0,91.0,15060000.0,7.143,False,91.0,0.04745,0.68939,122.57,"conversion - present, under-capturing",False,False
17073030203,Henry County,IL,metro,1732,125000,False,ffiec_ratio,139.0,91.0,0.0,91.0,18505000.0,0.0,True,91.0,0.05254,0.65468,139.0,siting - outside the footprint,False,False
17031816800,Cook County,IL,metro,1818,93750,True,ffiec_ratio,211.0,91.0,0.0,91.0,19955000.0,0.0,True,91.0,0.05006,0.43128,211.0,siting - outside the footprint,False,False
17001001100,Adams County,IL,micro,3257,106406,False,ffiec_ratio,120.0,91.0,0.0,91.0,20585000.0,0.0,True,91.0,0.02794,0.75833,120.0,siting - outside the footprint,False,False
55015020200,Calumet County,WI,metro,1332,90385,False,ffiec_ratio,148.0,92.0,2.0,90.0,16090000.0,2.174,True,90.0,0.06757,0.60811,144.78,siting - outside the footprint,False,False
17031823801,Cook County,IL,metro,2212,159786,False,ffiec_ratio,181.0,90.0,0.0,90.0,34310000.0,0.0,True,90.0,0.04069,0.49724,181.0,siting - outside the footprint,False,False
55057100400,Juneau County,WI,rural,1968,75690,False,ffiec_ratio,149.0,91.0,1.0,90.0,17925000.0,1.099,True,90.0,0.04573,0.60403,147.36,siting - outside the footprint,False,False
55019950800,Clark County,WI,rural,1418,79940,False,ffiec_ratio,132.0,91.0,1.0,90.0,18075000.0,1.099,True,90.0,0.06347,0.68182,130.55,siting - outside the footprint,False,False
17163503908,St. Clair County,IL,metro,1962,108571,False,ffiec_ratio,143.0,91.0,1.0,90.0,23495000.0,1.099,True,90.0,0.04587,0.62937,141.43,siting - outside the footprint,False,False
17031320600,Cook County,IL,metro,3954,206433,False,ffiec_ratio,163.0,91.0,1.0,90.0,25555000.0,1.099,False,90.0,0.02276,0.55215,161.21,"conversion - present, under-capturing",False,False
55071000200,Manitowoc County,WI,micro,1098,66726,False,ffiec_ratio,133.0,94.0,4.0,90.0,12890000.0,4.255,False,90.0,0.08197,0.67669,127.34,"conversion - present, under-capturing",False,False
55137960600,Waushara County,WI,rural,938,98864,False,ffiec_ratio,143.0,94.0,4.0,90.0,21220000.0,4.255,False,90.0,0.09595,0.62937,136.92,"conversion - present, under-capturing",False,False
55087011002,Outagamie County,WI,metro,1124,107179,False,ffiec_ratio,118.0,92.0,2.0,90.0,12970000.0,2.174,False,90.0,0.08007,0.76271,115.43,"conversion - present, under-capturing",False,False
55079120201,Milwaukee County,WI,metro,1793,78535,True,ffiec_ratio,142.0,93.0,3.0,90.0,17485000.0,3.226,False,90.0,0.0502,0.6338,137.42,"conversion - present, under-capturing",False,False
17031805902,Cook County,IL,metro,2134,190118,False,ffiec_ratio,158.0,90.0,0.0,90.0,36770000.0,0.0,True,90.0,0.04217,0.56962,158.0,siting - outside the footprint,False,False
17031110100,Cook County,IL,metro,2443,114548,False,ffiec_ratio,154.0,91.0,1.0,90.0,29145000.0,1.099,False,90.0,0.03684,0.58442,152.31,"conversion - present, under-capturing",False,False
55063010300,La Crosse County,WI,metro,2091,80156,False,ffiec_ratio,126.0,93.0,3.0,90.0,17365000.0,3.226,True,90.0,0.04304,0.71429,121.94,siting - outside the footprint,False,False
17019001203,Champaign County,IL,metro,1947,104955,False,ffiec_ratio,144.0,90.0,0.0,90.0,14150000.0,0.0,True,90.0,0.04622,0.625,144.0,siting - outside the footprint,False,False
17111870606,McHenry County,IL,metro,1797,88007,False,ffiec_ratio,141.0,90.0,0.0,90.0,111960000.0,0.0,True,90.0,0.05008,0.6383,141.0,siting - outside the footprint,False,False
55137960202,Waushara County,WI,rural,1315,79848,False,ffiec_ratio,140.0,95.0,5.0,90.0,21365000.0,5.263,False,90.0,0.06844,0.64286,132.63,"conversion - present, under-capturing",False,False
55105003101,Rock County,WI,metro,1173,88056,False,ffiec_ratio,132.0,92.0,2.0,90.0,20480000.0,2.174,False,90.0,0.07673,0.68182,129.13,"conversion - present, under-capturing",False,False
17119402000,Madison County,IL,metro,1847,86464,True,ffiec_ratio,149.0,91.0,1.0,90.0,10605000.0,1.099,False,90.0,0.04873,0.60403,147.36,"conversion - present, under-capturing",False,False
17119403534,Madison County,IL,metro,1745,113750,False,ffiec_ratio,156.0,90.0,0.0,90.0,21850000.0,0.0,False,90.0,0.05158,0.57692,156.0,"conversion - present, capturing none",False,False
55087011200,Outagamie County,WI,metro,1092,100656,False,ffiec_ratio,124.0,94.0,4.0,90.0,15830000.0,4.255,False,90.0,0.08242,0.72581,118.72,"conversion - present, under-capturing",False,False
55133201505,Waukesha County,WI,metro,1139,126544,False,ffiec_ratio,120.0,91.0,1.0,90.0,27905000.0,1.099,False,90.0,0.07902,0.75,118.68,"conversion - present, under-capturing",False,False
55079090200,Milwaukee County,WI,metro,1154,147656,False,ffiec_ratio,133.0,91.0,1.0,90.0,19625000.0,1.099,False,90.0,0.07799,0.67669,131.54,"conversion - present, under-capturing",False,False
55059002801,Kenosha County,WI,metro,1242,107793,False,ffiec_ratio,161.0,94.0,4.0,90.0,24760000.0,4.255,False,90.0,0.07246,0.55901,154.15,"conversion - present, under-capturing",False,False
17197880428,Will County,IL,metro,1470,129200,False,ffiec_ratio,173.0,90.0,0.0,90.0,20910000.0,0.0,True,90.0,0.06122,0.52023,173.0,siting - outside the footprint,False,False
17197883515,Will County,IL,metro,1609,156250,False,ffiec_ratio,149.0,90.0,0.0,90.0,27500000.0,0.0,True,90.0,0.05594,0.60403,149.0,siting - outside the footprint,False,False
55079150304,Milwaukee County,WI,metro,1815,130080,False,ffiec_ratio,140.0,92.0,2.0,90.0,30450000.0,2.174,False,90.0,0.04959,0.64286,136.96,"conversion - present, under-capturing",False,False
17031810501,Cook County,IL,metro,1927,109234,False,ffiec_ratio,157.0,90.0,0.0,90.0,24450000.0,0.0,False,90.0,0.0467,0.57325,157.0,"conversion - present, capturing none",False,False
17031830007,Cook County,IL,metro,2110,75833,True,ffiec_ratio,204.0,90.0,0.0,90.0,15560000.0,0.0,True,90.0,0.04265,0.44118,204.0,siting - outside the footprint,False,False
55025010400,Dane County,WI,metro,1518,113796,False,ffiec_ratio,132.0,91.0,1.0,90.0,23145000.0,1.099,False,90.0,0.05929,0.68182,130.55,"conversion - present, under-capturing",False,False
17031823703,Cook County,IL,metro,3086,67237,True,ffiec_ratio,158.0,90.0,0.0,90.0,19650000.0,0.0,True,90.0,0.02916,0.56962,158.0,siting - outside the footprint,False,False
17097865600,Lake County,IL,metro,1326,250001,False,ffiec_ratio,163.0,93.0,3.0,90.0,62695000.0,3.226,True,90.0,0.06787,0.55215,157.74,siting - outside the footprint,False,False
17199020300,Williamson County,IL,micro,2336,90507,False,ffiec_ratio,138.0,90.0,0.0,90.0,17090000.0,0.0,True,90.0,0.03853,0.65217,138.0,siting - outside the footprint,False,False
17197880602,Will County,IL,metro,1680,133311,False,ffiec_ratio,147.0,90.0,0.0,90.0,28070000.0,0.0,True,90.0,0.05357,0.61224,147.0,siting - outside the footprint,False,False
55097961200,Portage County,WI,micro,2638,91334,False,ffiec_ratio,163.0,102.0,12.0,90.0,20110000.0,11.765,False,90.0,0.03412,0.55215,143.82,"conversion - present, under-capturing",False,False
17197883208,Will County,IL,metro,1339,96281,False,ffiec_ratio,153.0,90.0,0.0,90.0,16170000.0,0.0,True,90.0,0.06721,0.58824,153.0,siting - outside the footprint,False,False
17031804701,Cook County,IL,metro,2395,63996,False,ffiec_ratio,181.0,90.0,0.0,90.0,82690000.0,0.0,True,90.0,0.03758,0.49724,181.0,siting - outside the footprint,False,False
17073030302,Henry County,IL,metro,1585,103283,False,ffiec_ratio,115.0,90.0,0.0,90.0,13960000.0,0.0,True,90.0,0.05678,0.78261,115.0,siting - outside the footprint,False,False
17031814400,Cook County,IL,metro,2279,81010,True,ffiec_ratio,181.0,90.0,0.0,90.0,16030000.0,0.0,True,90.0,0.03949,0.49724,181.0,siting - outside the footprint,False,False
55141011700,Wood County,WI,micro,1882,74602,False,ffiec_ratio,154.0,95.0,5.0,90.0,12165000.0,5.263,False,90.0,0.04782,0.58442,145.89,"conversion - present, under-capturing",False,False
17031813000,Cook County,IL,metro,1441,204741,False,ffiec_ratio,140.0,90.0,0.0,90.0,40530000.0,0.0,True,90.0,0.06246,0.64286,140.0,siting - outside the footprint,False,False
17089851400,Kane County,IL,metro,1973,75938,True,ffiec_ratio,164.0,90.0,0.0,90.0,24780000.0,0.0,False,90.0,0.04562,0.54878,164.0,"conversion - present, capturing none",False,False
17031062900,Cook County,IL,metro,2036,250001,False,ffiec_ratio,140.0,90.0,0.0,90.0,67380000.0,0.0,True,90.0,0.0442,0.64286,140.0,siting - outside the footprint,False,False
17031810000,Cook County,IL,metro,2820,168710,False,ffiec_ratio,139.0,90.0,0.0,90.0,35040000.0,0.0,False,90.0,0.03191,0.64748,139.0,"conversion - present, capturing none",False,False
17197880316,Will County,IL,metro,1291,250001,False,ffiec_ratio,129.0,90.0,0.0,90.0,39860000.0,0.0,True,90.0,0.06971,0.69767,129.0,siting - outside the footprint,False,False
17167003902,Sangamon County,IL,metro,1499,131652,False,ffiec_ratio,141.0,90.0,0.0,90.0,28380000.0,0.0,True,90.0,0.06004,0.6383,141.0,siting - outside the footprint,False,False
17031071400,Cook County,IL,metro,2830,250001,False,ffiec_ratio,146.0,90.0,0.0,90.0,46530000.0,0.0,False,90.0,0.0318,0.61644,146.0,"conversion - present, capturing none",False,False
17043843400,DuPage County,IL,metro,1206,118750,False,ffiec_ratio,135.0,90.0,0.0,90.0,22260000.0,0.0,True,90.0,0.07463,0.66667,135.0,siting - outside the footprint,False,False
17043842900,DuPage County,IL,metro,2279,205333,False,ffiec_ratio,136.0,90.0,0.0,90.0,109020000.0,0.0,True,90.0,0.03949,0.66176,136.0,siting - outside the footprint,False,False
17119401300,Madison County,IL,metro,2173,49362,True,ffiec_ratio,140.0,90.0,1.0,89.0,7440000.0,1.111,True,89.0,0.04096,0.63571,138.44,siting - outside the footprint,False,False
17163503416,St. Clair County,IL,metro,1770,85208,False,ffiec_ratio,157.0,90.0,1.0,89.0,40700000.0,1.111,False,89.0,0.05028,0.56688,155.26,"conversion - present, under-capturing",False,False
55139002001,Winnebago County,WI,metro,1193,112321,False,ffiec_ratio,125.0,93.0,4.0,89.0,20925000.0,4.301,True,89.0,0.0746,0.712,119.62,siting - outside the footprint,False,False
55117000202,Sheboygan County,WI,metro,1960,74459,False,ffiec_ratio,135.0,92.0,3.0,89.0,15030000.0,3.261,False,89.0,0.04541,0.65926,130.6,"conversion - present, under-capturing",False,False
17031805202,Cook County,IL,metro,1583,143558,False,ffiec_ratio,150.0,92.0,3.0,89.0,36070000.0,3.261,False,89.0,0.05622,0.59333,145.11,"conversion - present, under-capturing",False,False
17201004300,Winnebago County,IL,metro,2077,100560,False,ffiec_ratio,150.0,90.0,1.0,89.0,15310000.0,1.111,True,89.0,0.04285,0.59333,148.33,siting - outside the footprint,False,False
55035001401,Eau Claire County,WI,metro,1595,99024,False,ffiec_ratio,129.0,93.0,4.0,89.0,16625000.0,4.301,False,89.0,0.0558,0.68992,123.45,"conversion - present, under-capturing",False,False
17031802503,Cook County,IL,metro,2587,114943,False,ffiec_ratio,199.0,90.0,1.0,89.0,21720000.0,1.111,True,89.0,0.0344,0.44724,196.79,siting - outside the footprint,False,False
55133201102,Waukesha County,WI,metro,1283,140781,False,ffiec_ratio,134.0,89.0,0.0,89.0,19805000.0,0.0,False,89.0,0.06937,0.66418,134.0,"conversion - present, capturing none",False,False
55025000202,Dane County,WI,metro,1394,169141,False,ffiec_ratio,116.0,91.0,2.0,89.0,26895000.0,2.198,False,89.0,0.06385,0.76724,113.45,"conversion - present, under-capturing",False,False
55063010800,La Crosse County,WI,metro,1298,113516,False,ffiec_ratio,111.0,91.0,2.0,89.0,23215000.0,2.198,True,89.0,0.06857,0.8018,108.56,siting - outside the footprint,False,False
55079005800,Milwaukee County,WI,metro,1469,112267,False,ffiec_ratio,125.0,91.0,2.0,89.0,18005000.0,2.198,False,89.0,0.06059,0.712,122.25,"conversion - present, under-capturing",False,False
55025002301,Dane County,WI,metro,1280,54444,True,ffiec_ratio,133.0,91.0,2.0,89.0,23045000.0,2.198,True,89.0,0.06953,0.66917,130.08,siting - outside the footprint,False,False
55079170400,Milwaukee County,WI,metro,1101,100517,False,ffiec_ratio,123.0,91.0,2.0,89.0,15315000.0,2.198,False,89.0,0.08084,0.72358,120.3,"conversion - present, under-capturing",False,False
55017010500,Chippewa County,WI,metro,2438,90944,True,ffiec_ratio,124.0,93.0,4.0,89.0,16725000.0,4.301,False,89.0,0.03651,0.71774,118.67,"conversion - present, under-capturing",False,False
17089850301,Kane County,IL,metro,2028,78168,True,ffiec_ratio,154.0,89.0,0.0,89.0,14425000.0,0.0,False,89.0,0.04389,0.57792,154.0,"conversion - present, capturing none",False,False
55059001500,Kenosha County,WI,metro,1413,90281,False,ffiec_ratio,154.0,92.0,3.0,89.0,14240000.0,3.261,False,89.0,0.06299,0.57792,148.98,"conversion - present, under-capturing",False,False
17163504359,St. Clair County,IL,metro,1465,99153,False,ffiec_ratio,148.0,90.0,1.0,89.0,16860000.0,1.111,True,89.0,0.06075,0.60135,146.36,siting - outside the footprint,False,False
55127001603,Walworth County,WI,micro,1208,121793,False,ffiec_ratio,147.0,89.0,0.0,89.0,25905000.0,0.0,False,89.0,0.07368,0.60544,147.0,"conversion - present, capturing none",False,False
17197880425,Will County,IL,metro,1182,127772,False,ffiec_ratio,190.0,89.0,0.0,89.0,18695000.0,0.0,True,89.0,0.0753,0.46842,190.0,siting - outside the footprint,False,False
17031823702,Cook County,IL,metro,2845,98571,False,ffiec_ratio,168.0,89.0,0.0,89.0,21705000.0,0.0,True,89.0,0.03128,0.52976,168.0,siting - outside the footprint,False,False
55131420107,Washington County,WI,metro,1486,120236,False,ffiec_ratio,133.0,93.0,4.0,89.0,30655000.0,4.301,False,89.0,0.05989,0.66917,127.28,"conversion - present, under-capturing",False,False
17031140800,Cook County,IL,metro,2642,145385,False,ffiec_ratio,147.0,89.0,0.0,89.0,56185000.0,0.0,False,89.0,0.03369,0.60544,147.0,"conversion - present, capturing none",False,False
17037001800,DeKalb County,IL,metro,1326,103250,False,ffiec_ratio,139.0,89.0,0.0,89.0,20395000.0,0.0,True,89.0,0.06712,0.64029,139.0,siting - outside the footprint,False,False
17031805901,Cook County,IL,metro,1995,115179,False,ffiec_ratio,148.0,89.0,0.0,89.0,23645000.0,0.0,True,89.0,0.04461,0.60135,148.0,siting - outside the footprint,False,False
17031806700,Cook County,IL,metro,1625,180833,False,ffiec_ratio,144.0,89.0,0.0,89.0,33295000.0,0.0,False,89.0,0.05477,0.61806,144.0,"conversion - present, capturing none",False,False
55101001302,Racine County,WI,metro,1666,53949,True,ffiec_ratio,145.0,90.0,1.0,89.0,11790000.0,1.111,True,89.0,0.05342,0.61379,143.39,siting - outside the footprint,False,False
17115001500,Macon County,IL,metro,1768,100781,False,ffiec_ratio,140.0,89.0,0.0,89.0,9975000.0,0.0,True,89.0,0.05034,0.63571,140.0,siting - outside the footprint,False,False
17031823001,Cook County,IL,metro,2698,74084,True,ffiec_ratio,152.0,89.0,0.0,89.0,29995000.0,0.0,True,89.0,0.03299,0.58553,152.0,siting - outside the footprint,False,False
17021958300,Christian County,IL,micro,1756,64590,True,ffiec_ratio,127.0,89.0,0.0,89.0,9675000.0,0.0,True,89.0,0.05068,0.70079,127.0,siting - outside the footprint,False,False
17095000400,Knox County,IL,micro,2110,88611,False,ffiec_ratio,111.0,89.0,0.0,89.0,12635000.0,0.0,True,89.0,0.04218,0.8018,111.0,siting - outside the footprint,False,False
17115002904,Macon County,IL,metro,2444,103240,False,ffiec_ratio,165.0,89.0,0.0,89.0,11905000.0,0.0,True,89.0,0.03642,0.53939,165.0,siting - outside the footprint,False,False
17161024101,Rock Island County,IL,metro,1453,128466,False,ffiec_ratio,142.0,89.0,0.0,89.0,18565000.0,0.0,True,89.0,0.06125,0.62676,142.0,siting - outside the footprint,False,False
17031819900,Cook County,IL,metro,1013,250001,False,ffiec_ratio,128.0,89.0,0.0,89.0,57855000.0,0.0,True,89.0,0.08786,0.69531,128.0,siting - outside the footprint,False,False
17057953600,Fulton County,IL,micro,2227,52721,False,ffiec_ratio,122.0,89.0,0.0,89.0,8735000.0,0.0,True,89.0,0.03996,0.72951,122.0,siting - outside the footprint,False,False
17199020900,Williamson County,IL,micro,2347,98816,False,ffiec_ratio,154.0,89.0,0.0,89.0,16045000.0,0.0,True,89.0,0.03792,0.57792,154.0,siting - outside the footprint,False,False
17043843602,DuPage County,IL,metro,1125,145139,False,ffiec_ratio,130.0,89.0,0.0,89.0,22945000.0,0.0,True,89.0,0.07911,0.68462,130.0,siting - outside the footprint,False,False
17097860812,Lake County,IL,metro,1139,179659,False,ffiec_ratio,142.0,89.0,0.0,89.0,24945000.0,0.0,True,89.0,0.07814,0.62676,142.0,siting - outside the footprint,False,False
55133204504,Waukesha County,WI,metro,1181,153382,False,ffiec_ratio,129.0,89.0,0.0,89.0,43355000.0,0.0,False,89.0,0.07536,0.68992,129.0,"conversion - present, capturing none",False,False
55103970200,Richland County,WI,rural,1715,87917,False,ffiec_ratio,133.0,92.0,4.0,88.0,20150000.0,4.348,True,88.0,0.05131,0.66165,127.22,siting - outside the footprint,False,False
55117000400,Sheboygan County,WI,metro,2069,80592,False,ffiec_ratio,130.0,92.0,4.0,88.0,14110000.0,4.348,False,88.0,0.04253,0.67692,124.35,"conversion - present, under-capturing",False,False
55035000900,Eau Claire County,WI,metro,2809,105662,False,ffiec_ratio,133.0,91.0,3.0,88.0,28495000.0,3.297,False,88.0,0.03133,0.66165,128.61,"conversion - present, under-capturing",False,False
55077960200,Marquette County,WI,rural,1169,78355,False,ffiec_ratio,140.0,88.0,0.0,88.0,14660000.0,0.0,False,88.0,0.07528,0.62857,140.0,"conversion - present, capturing none",False,False
17031802801,Cook County,IL,metro,1832,175313,False,ffiec_ratio,153.0,90.0,2.0,88.0,28440000.0,2.222,True,88.0,0.04803,0.57516,149.6,siting - outside the footprint,False,False
55141010600,Wood County,WI,micro,1998,86545,False,ffiec_ratio,130.0,96.0,8.0,88.0,19660000.0,8.333,False,88.0,0.04404,0.67692,119.17,"conversion - present, under-capturing",False,False
55079005600,Milwaukee County,WI,metro,863,139828,False,ffiec_ratio,117.0,90.0,2.0,88.0,17400000.0,2.222,False,88.0,0.10197,0.75214,114.4,"conversion - present, under-capturing",False,False
55111000301,Sauk County,WI,micro,1921,77917,False,ffiec_ratio,154.0,92.0,4.0,88.0,15550000.0,4.348,True,88.0,0.04581,0.57143,147.3,siting - outside the footprint,False,False
17043841114,DuPage County,IL,metro,1889,146563,False,ffiec_ratio,168.0,89.0,1.0,88.0,44515000.0,1.124,False,88.0,0.04659,0.52381,166.11,"conversion - present, under-capturing",False,False
17197881402,Will County,IL,metro,1342,116984,False,ffiec_ratio,161.0,89.0,1.0,88.0,20245000.0,1.124,True,88.0,0.06557,0.54658,159.19,siting - outside the footprint,False,False
17031807600,Cook County,IL,metro,2202,132590,False,ffiec_ratio,166.0,89.0,1.0,88.0,26185000.0,1.124,False,88.0,0.03996,0.53012,164.13,"conversion - present, under-capturing",False,False
55045960500,Green County,WI,metro,1910,87831,True,ffiec_ratio,128.0,89.0,1.0,88.0,14055000.0,1.124,True,88.0,0.04607,0.6875,126.56,siting - outside the footprint,False,False
55041950300,Forest County,WI,rural,1132,72500,True,ffiec_ratio,136.0,93.0,5.0,88.0,12685000.0,5.376,False,88.0,0.07774,0.64706,128.69,"conversion - present, under-capturing",False,False
55123960600,Vernon County,WI,metro,1982,104655,False,ffiec_ratio,122.0,91.0,3.0,88.0,19695000.0,3.297,True,88.0,0.0444,0.72131,117.98,siting - outside the footprint,False,False
17031700301,Cook County,IL,metro,1817,91887,True,ffiec_ratio,149.0,88.0,0.0,88.0,15640000.0,0.0,True,88.0,0.04843,0.5906,149.0,siting - outside the footprint,False,False
17031020301,Cook County,IL,metro,2094,103059,True,ffiec_ratio,166.0,88.0,0.0,88.0,23210000.0,0.0,False,88.0,0.04202,0.53012,166.0,"conversion - present, capturing none",False,False
17043842710,DuPage County,IL,metro,1759,108229,False,ffiec_ratio,139.0,88.0,0.0,88.0,22090000.0,0.0,True,88.0,0.05003,0.63309,139.0,siting - outside the footprint,False,False
17043845805,DuPage County,IL,metro,1664,144659,False,ffiec_ratio,152.0,88.0,0.0,88.0,25790000.0,0.0,True,88.0,0.05288,0.57895,152.0,siting - outside the footprint,False,False
17031100100,Cook County,IL,metro,2207,113750,False,ffiec_ratio,148.0,88.0,0.0,88.0,28340000.0,0.0,False,88.0,0.03987,0.59459,148.0,"conversion - present, capturing none",False,False
17031807900,Cook County,IL,metro,1326,115114,False,ffiec_ratio,150.0,88.0,0.0,88.0,39770000.0,0.0,False,88.0,0.06637,0.58667,150.0,"conversion - present, capturing none",False,False
17043843900,DuPage County,IL,metro,1443,244912,False,ffiec_ratio,147.0,88.0,0.0,88.0,51440000.0,0.0,True,88.0,0.06098,0.59864,147.0,siting - outside the footprint,False,False
17091012400,Kankakee County,IL,metro,1712,49922,False,ffiec_ratio,153.0,88.0,0.0,88.0,10970000.0,0.0,True,88.0,0.0514,0.57516,153.0,siting - outside the footprint,False,False
17031100600,Cook County,IL,metro,1885,95992,False,ffiec_ratio,161.0,89.0,1.0,88.0,24615000.0,1.124,False,88.0,0.04668,0.54658,159.19,"conversion - present, under-capturing",False,False
17197883306,Will County,IL,metro,1125,114960,False,ffiec_ratio,138.0,88.0,0.0,88.0,25770000.0,0.0,True,88.0,0.07822,0.63768,138.0,siting - outside the footprint,False,False
17043841108,DuPage County,IL,metro,1447,89427,False,ffiec_ratio,170.0,88.0,0.0,88.0,18530000.0,0.0,False,88.0,0.06082,0.51765,170.0,"conversion - present, capturing none",False,False
17023060200,Clark County,IL,rural,1956,89342,False,ffiec_ratio,124.0,88.0,0.0,88.0,9070000.0,0.0,True,88.0,0.04499,0.70968,124.0,siting - outside the footprint,False,False
17031813100,Cook County,IL,metro,1843,134681,False,ffiec_ratio,136.0,88.0,0.0,88.0,31720000.0,0.0,True,88.0,0.04775,0.64706,136.0,siting - outside the footprint,False,False
17031830100,Cook County,IL,metro,969,108185,False,ffiec_ratio,184.0,88.0,0.0,88.0,12950000.0,0.0,True,88.0,0.09082,0.47826,184.0,siting - outside the footprint,False,False
17163503415,St. Clair County,IL,metro,1181,104677,False,ffiec_ratio,155.0,88.0,0.0,88.0,12380000.0,0.0,False,88.0,0.07451,0.56774,155.0,"conversion - present, capturing none",False,False
17161024103,Rock Island County,IL,metro,1567,103958,False,ffiec_ratio,128.0,88.0,0.0,88.0,13880000.0,0.0,True,88.0,0.05616,0.6875,128.0,siting - outside the footprint,False,False
55133200103,Waukesha County,WI,metro,1273,98482,False,ffiec_ratio,119.0,87.0,0.0,87.0,19815000.0,0.0,False,87.0,0.06834,0.73109,119.0,"conversion - present, capturing none",False,False
55009021301,Brown County,WI,metro,1423,105852,False,ffiec_ratio,121.0,97.0,10.0,87.0,17395000.0,10.309,False,87.0,0.06114,0.71901,108.53,"conversion - present, under-capturing",False,False
55071010700,Manitowoc County,WI,micro,1672,95417,False,ffiec_ratio,127.0,94.0,7.0,87.0,14990000.0,7.447,False,87.0,0.05203,0.68504,117.54,"conversion - present, under-capturing",False,False
17163501900,St. Clair County,IL,metro,1437,94817,False,ffiec_ratio,156.0,90.0,3.0,87.0,11890000.0,3.333,True,87.0,0.06054,0.55769,150.8,siting - outside the footprint,False,False
17031032100,Cook County,IL,metro,4220,98463,False,ffiec_ratio,153.0,88.0,1.0,87.0,43450000.0,1.136,True,87.0,0.02062,0.56863,151.26,siting - outside the footprint,False,False
55065970100,Lafayette County,WI,rural,1367,89559,False,ffiec_ratio,113.0,87.0,0.0,87.0,14295000.0,0.0,True,87.0,0.06364,0.76991,113.0,siting - outside the footprint,False,False
55079012900,Milwaukee County,WI,metro,1139,58529,True,ffiec_ratio,151.0,90.0,3.0,87.0,13860000.0,3.333,False,87.0,0.07638,0.57616,145.97,"conversion - present, under-capturing",False,False
17031100700,Cook County,IL,metro,1886,159054,False,ffiec_ratio,154.0,88.0,1.0,87.0,24480000.0,1.136,False,87.0,0.04613,0.56494,152.25,"conversion - present, under-capturing",False,False
55079100100,Milwaukee County,WI,metro,1583,58580,True,ffiec_ratio,167.0,91.0,4.0,87.0,13575000.0,4.396,False,87.0,0.05496,0.52096,159.66,"conversion - present, under-capturing",False,False
55101001401,Racine County,WI,metro,1637,83453,True,ffiec_ratio,138.0,87.0,0.0,87.0,11585000.0,0.0,True,87.0,0.05315,0.63043,138.0,siting - outside the footprint,False,False
55013970700,Burnett County,WI,rural,1228,81964,True,ffiec_ratio,133.0,87.0,0.0,87.0,21725000.0,0.0,True,87.0,0.07085,0.65414,133.0,siting - outside the footprint,False,False
17031770800,Cook County,IL,metro,2084,110689,False,ffiec_ratio,155.0,88.0,1.0,87.0,23570000.0,1.136,True,87.0,0.04175,0.56129,153.24,siting - outside the footprint,False,False
55141010100,Wood County,WI,micro,1837,88083,False,ffiec_ratio,129.0,92.0,5.0,87.0,17510000.0,5.435,False,87.0,0.04736,0.67442,121.99,"conversion - present, under-capturing",False,False
55047100200,Green Lake County,WI,rural,1380,82355,False,ffiec_ratio,131.0,87.0,0.0,87.0,17265000.0,0.0,False,87.0,0.06304,0.66412,131.0,"conversion - present, capturing none",False,False
55123960400,Vernon County,WI,metro,2319,89848,True,ffiec_ratio,149.0,90.0,3.0,87.0,15520000.0,3.333,False,87.0,0.03752,0.58389,144.03,"conversion - present, under-capturing",False,False
17043842703,DuPage County,IL,metro,1439,164375,False,ffiec_ratio,134.0,87.0,0.0,87.0,24715000.0,0.0,True,87.0,0.06046,0.64925,134.0,siting - outside the footprint,False,False
17031824509,Cook County,IL,metro,1519,124667,False,ffiec_ratio,142.0,87.0,0.0,87.0,18625000.0,0.0,True,87.0,0.05727,0.61268,142.0,siting - outside the footprint,False,False
17031814800,Cook County,IL,metro,2613,86049,True,ffiec_ratio,149.0,87.0,0.0,87.0,21435000.0,0.0,True,87.0,0.0333,0.58389,149.0,siting - outside the footprint,False,False
17127970200,Massac County,IL,metro,1402,65550,False,ffiec_ratio,140.0,87.0,0.0,87.0,8895000.0,0.0,True,87.0,0.06205,0.62143,140.0,siting - outside the footprint,False,False
17031081700,Cook County,IL,metro,3867,,False,ffiec_ratio,137.0,87.0,0.0,87.0,35025000.0,0.0,False,87.0,0.0225,0.63504,137.0,"conversion - present, capturing none",False,True
17031170500,Cook County,IL,metro,2018,132368,False,ffiec_ratio,158.0,87.0,0.0,87.0,23205000.0,0.0,True,87.0,0.04311,0.55063,158.0,siting - outside the footprint,False,False
17031100400,Cook County,IL,metro,1279,166354,False,ffiec_ratio,131.0,87.0,0.0,87.0,25975000.0,0.0,False,87.0,0.06802,0.66412,131.0,"conversion - present, capturing none",False,False
55081950700,Monroe County,WI,micro,1569,83125,False,ffiec_ratio,133.0,88.0,1.0,87.0,17410000.0,1.136,True,87.0,0.05545,0.65414,131.49,siting - outside the footprint,False,False
17037000401,DeKalb County,IL,metro,1761,130313,False,ffiec_ratio,126.0,87.0,0.0,87.0,16845000.0,0.0,True,87.0,0.0494,0.69048,126.0,siting - outside the footprint,False,False
17031804803,Cook County,IL,metro,1846,115054,False,ffiec_ratio,155.0,87.0,0.0,87.0,26135000.0,0.0,False,87.0,0.04713,0.56129,155.0,"conversion - present, capturing none",False,False
17043841604,DuPage County,IL,metro,1510,94792,False,ffiec_ratio,137.0,87.0,0.0,87.0,20465000.0,0.0,True,87.0,0.05762,0.63504,137.0,siting - outside the footprint,False,False
17043844304,DuPage County,IL,metro,1756,109896,False,ffiec_ratio,140.0,87.0,0.0,87.0,17135000.0,0.0,True,87.0,0.04954,0.62143,140.0,siting - outside the footprint,False,False
17161020301,Rock Island County,IL,metro,2406,79593,False,ffiec_ratio,142.0,87.0,0.0,87.0,11785000.0,0.0,True,87.0,0.03616,0.61268,142.0,siting - outside the footprint,False,False
55079003300,Milwaukee County,WI,metro,1826,70686,True,ffiec_ratio,194.0,91.0,4.0,87.0,15315000.0,4.396,False,87.0,0.04765,0.44845,185.47,"conversion - present, under-capturing",False,False
17115002401,Macon County,IL,metro,981,103887,False,ffiec_ratio,119.0,87.0,0.0,87.0,11225000.0,0.0,True,87.0,0.08869,0.73109,119.0,siting - outside the footprint,False,False
17031823704,Cook County,IL,metro,1555,109318,False,ffiec_ratio,139.0,87.0,0.0,87.0,22135000.0,0.0,True,87.0,0.05595,0.6259,139.0,siting - outside the footprint,False,False
17115002901,Macon County,IL,metro,1469,136719,False,ffiec_ratio,124.0,87.0,0.0,87.0,22025000.0,0.0,True,87.0,0.05922,0.70161,124.0,siting - outside the footprint,False,False
17031831100,Cook County,IL,metro,2784,86287,False,ffiec_ratio,153.0,87.0,0.0,87.0,40975000.0,0.0,False,87.0,0.03125,0.56863,153.0,"conversion - present, capturing none",False,False
17183000700,Vermilion County,IL,micro,1612,90132,False,ffiec_ratio,135.0,87.0,0.0,87.0,9945000.0,0.0,True,87.0,0.05397,0.64444,135.0,siting - outside the footprint,False,False
17083010100,Jersey County,IL,metro,1845,71204,False,ffiec_ratio,114.0,87.0,0.0,87.0,12165000.0,0.0,True,87.0,0.04715,0.76316,114.0,siting - outside the footprint,False,False
55133200804,Waukesha County,WI,metro,1783,143533,False,ffiec_ratio,134.0,91.0,5.0,86.0,38275000.0,5.495,False,86.0,0.04823,0.64179,126.64,"conversion - present, under-capturing",False,False
55105003300,Rock County,WI,metro,1400,93929,False,ffiec_ratio,132.0,89.0,3.0,86.0,19795000.0,3.371,True,86.0,0.06143,0.65152,127.55,siting - outside the footprint,False,False
17031801902,Cook County,IL,metro,1258,211325,False,ffiec_ratio,139.0,89.0,3.0,86.0,67105000.0,3.371,False,86.0,0.06836,0.61871,134.31,"conversion - present, under-capturing",False,False
55131420106,Washington County,WI,metro,1339,94643,False,ffiec_ratio,120.0,91.0,5.0,86.0,21455000.0,5.495,False,86.0,0.06423,0.71667,113.41,"conversion - present, under-capturing",False,False
17201000403,Winnebago County,IL,metro,1833,79779,False,ffiec_ratio,161.0,87.0,1.0,86.0,15865000.0,1.149,False,86.0,0.04692,0.53416,159.15,"conversion - present, under-capturing",False,False
55017010100,Chippewa County,WI,metro,1093,102594,True,ffiec_ratio,138.0,88.0,2.0,86.0,21820000.0,2.273,True,86.0,0.07868,0.62319,134.86,siting - outside the footprint,False,False
17031808500,Cook County,IL,metro,1453,150438,False,ffiec_ratio,142.0,87.0,1.0,86.0,26505000.0,1.149,False,86.0,0.05919,0.60563,140.37,"conversion - present, under-capturing",False,False
17031814600,Cook County,IL,metro,1758,97000,True,ffiec_ratio,181.0,87.0,1.0,86.0,21895000.0,1.149,True,86.0,0.04892,0.47514,178.92,siting - outside the footprint,False,False
55039040900,Fond du Lac County,WI,metro,1304,68375,False,ffiec_ratio,135.0,93.0,7.0,86.0,19925000.0,7.527,False,86.0,0.06595,0.63704,124.84,"conversion - present, under-capturing",False,False
55059000604,Kenosha County,WI,metro,1743,115781,False,ffiec_ratio,123.0,86.0,0.0,86.0,19480000.0,0.0,True,86.0,0.04934,0.69919,123.0,siting - outside the footprint,False,False
17031221600,Cook County,IL,metro,1450,206000,False,ffiec_ratio,143.0,86.0,0.0,86.0,55300000.0,0.0,True,86.0,0.05931,0.6014,143.0,siting - outside the footprint,False,False
17031829301,Cook County,IL,metro,1425,126442,False,ffiec_ratio,163.0,87.0,1.0,86.0,16465000.0,1.149,True,86.0,0.06035,0.52761,161.13,siting - outside the footprint,False,False
55109120601,St. Croix County,WI,metro,966,129737,False,ffiec_ratio,131.0,87.0,1.0,86.0,23075000.0,1.149,True,86.0,0.08903,0.65649,129.49,siting - outside the footprint,False,False
55133200201,Waukesha County,WI,metro,1696,121528,False,ffiec_ratio,123.0,91.0,5.0,86.0,21945000.0,5.495,False,86.0,0.05071,0.69919,116.24,"conversion - present, under-capturing",False,False
55085971002,Oneida County,WI,rural,1222,95820,False,ffiec_ratio,144.0,91.0,5.0,86.0,28415000.0,5.495,False,86.0,0.07038,0.59722,136.09,"conversion - present, under-capturing",False,False
55133203502,Waukesha County,WI,metro,1122,176875,False,ffiec_ratio,121.0,90.0,4.0,86.0,45490000.0,4.444,True,86.0,0.07665,0.71074,115.62,siting - outside the footprint,False,False
55089610101,Ozaukee County,WI,metro,1655,102292,False,ffiec_ratio,121.0,90.0,4.0,86.0,17750000.0,4.444,True,86.0,0.05196,0.71074,115.62,siting - outside the footprint,False,False
17197880417,Will County,IL,metro,925,124375,False,ffiec_ratio,155.0,86.0,0.0,86.0,18190000.0,0.0,True,86.0,0.09297,0.55484,155.0,siting - outside the footprint,False,False
17197880124,Will County,IL,metro,965,157933,False,ffiec_ratio,166.0,86.0,0.0,86.0,20130000.0,0.0,True,86.0,0.08912,0.51807,166.0,siting - outside the footprint,False,False
17097864002,Lake County,IL,metro,1738,75341,True,ffiec_ratio,160.0,88.0,2.0,86.0,45440000.0,2.273,False,86.0,0.04948,0.5375,156.36,"conversion - present, under-capturing",False,False
17089852203,Kane County,IL,metro,1907,97644,False,ffiec_ratio,119.0,86.0,0.0,86.0,26320000.0,0.0,True,86.0,0.0451,0.72269,119.0,siting - outside the footprint,False,False
17197880411,Will County,IL,metro,1288,147319,False,ffiec_ratio,149.0,86.0,0.0,86.0,85510000.0,0.0,True,86.0,0.06677,0.57718,149.0,siting - outside the footprint,False,False
17091010203,Kankakee County,IL,metro,1838,97344,False,ffiec_ratio,153.0,86.0,0.0,86.0,19370000.0,0.0,True,86.0,0.04679,0.56209,153.0,siting - outside the footprint,False,False
17043843200,DuPage County,IL,metro,2038,89643,False,ffiec_ratio,136.0,86.0,0.0,86.0,20580000.0,0.0,True,86.0,0.0422,0.63235,136.0,siting - outside the footprint,False,False
17043841205,DuPage County,IL,metro,1527,122813,False,ffiec_ratio,143.0,86.0,0.0,86.0,24930000.0,0.0,True,86.0,0.05632,0.6014,143.0,siting - outside the footprint,False,False
17019010400,Champaign County,IL,metro,1725,106750,False,ffiec_ratio,134.0,86.0,0.0,86.0,13690000.0,0.0,True,86.0,0.04986,0.64179,134.0,siting - outside the footprint,False,False
17119400102,Madison County,IL,metro,1928,62412,True,ffiec_ratio,154.0,86.0,0.0,86.0,8130000.0,0.0,True,86.0,0.04461,0.55844,154.0,siting - outside the footprint,False,False
17043846522,DuPage County,IL,metro,1490,161635,False,ffiec_ratio,129.0,86.0,0.0,86.0,26400000.0,0.0,True,86.0,0.05772,0.66667,129.0,siting - outside the footprint,False,False
17043841603,DuPage County,IL,metro,1906,109773,False,ffiec_ratio,145.0,86.0,0.0,86.0,29730000.0,0.0,True,86.0,0.04512,0.5931,145.0,siting - outside the footprint,False,False
17031750500,Cook County,IL,metro,1990,62306,True,ffiec_ratio,185.0,86.0,0.0,86.0,19190000.0,0.0,True,86.0,0.04322,0.46486,185.0,siting - outside the footprint,False,False
17197881005,Will County,IL,metro,1134,131792,False,ffiec_ratio,116.0,86.0,0.0,86.0,25200000.0,0.0,True,86.0,0.07584,0.74138,116.0,siting - outside the footprint,False,False
17043842702,DuPage County,IL,metro,1961,145024,False,ffiec_ratio,116.0,86.0,0.0,86.0,24140000.0,0.0,True,86.0,0.04386,0.74138,116.0,siting - outside the footprint,False,False
55089660304,Ozaukee County,WI,metro,1167,231184,False,ffiec_ratio,143.0,93.0,8.0,85.0,43585000.0,8.602,False,85.0,0.07284,0.59441,130.7,"conversion - present, under-capturing",False,False
17031802100,Cook County,IL,metro,1251,216923,False,ffiec_ratio,149.0,86.0,1.0,85.0,49820000.0,1.163,False,85.0,0.06795,0.57047,147.27,"conversion - present, under-capturing",False,False
55009021000,Brown County,WI,metro,1178,126250,False,ffiec_ratio,121.0,94.0,9.0,85.0,18510000.0,9.574,False,85.0,0.07216,0.70248,109.42,"conversion - present, under-capturing",False,False
55085970101,Oneida County,WI,rural,913,117636,False,ffiec_ratio,131.0,88.0,3.0,85.0,25190000.0,3.409,False,85.0,0.0931,0.64885,126.53,"conversion - present, under-capturing",False,False
55079091200,Milwaukee County,WI,metro,3006,122936,False,ffiec_ratio,128.0,86.0,1.0,85.0,23350000.0,1.163,False,85.0,0.02828,0.66406,126.51,"conversion - present, under-capturing",False,False
55015020400,Calumet County,WI,metro,1501,100658,False,ffiec_ratio,119.0,89.0,4.0,85.0,20665000.0,4.494,True,85.0,0.05663,0.71429,113.65,siting - outside the footprint,False,False
55025000600,Dane County,WI,metro,2291,64364,True,ffiec_ratio,133.0,88.0,3.0,85.0,26640000.0,3.409,False,85.0,0.0371,0.6391,128.47,"conversion - present, under-capturing",False,False
55079101800,Milwaukee County,WI,metro,1356,84464,False,ffiec_ratio,129.0,87.0,2.0,85.0,24085000.0,2.299,False,85.0,0.06268,0.65891,126.03,"conversion - present, under-capturing",False,False
55055101500,Jefferson County,WI,micro,1644,102623,False,ffiec_ratio,130.0,87.0,2.0,85.0,16815000.0,2.299,False,85.0,0.0517,0.65385,127.01,"conversion - present, under-capturing",False,False
17097862603,Lake County,IL,metro,2539,89135,True,ffiec_ratio,165.0,87.0,2.0,85.0,13455000.0,2.299,False,85.0,0.03348,0.51515,161.21,"conversion - present, under-capturing",False,False
55017011100,Chippewa County,WI,metro,1729,92273,False,ffiec_ratio,130.0,89.0,4.0,85.0,22275000.0,4.494,True,85.0,0.04916,0.65385,124.16,siting - outside the footprint,False,False
17141960700,Ogle County,IL,micro,1543,113529,False,ffiec_ratio,126.0,86.0,1.0,85.0,16810000.0,1.163,True,85.0,0.05509,0.6746,124.53,siting - outside the footprint,False,False
55105002200,Rock County,WI,metro,803,109464,False,ffiec_ratio,127.0,94.0,9.0,85.0,24300000.0,9.574,False,85.0,0.10585,0.66929,114.84,"conversion - present, under-capturing",False,False
55039041901,Fond du Lac County,WI,metro,1485,112404,False,ffiec_ratio,131.0,87.0,2.0,85.0,18505000.0,2.299,True,85.0,0.05724,0.64885,127.99,siting - outside the footprint,False,False
55111000103,Sauk County,WI,micro,1036,97500,False,ffiec_ratio,137.0,87.0,2.0,85.0,17645000.0,2.299,False,85.0,0.08205,0.62044,133.85,"conversion - present, under-capturing",False,False
17031821002,Cook County,IL,metro,1823,90294,True,ffiec_ratio,154.0,86.0,1.0,85.0,18750000.0,1.163,True,85.0,0.04663,0.55195,152.21,siting - outside the footprint,False,False
17107953100,Logan County,IL,micro,1534,84550,False,ffiec_ratio,119.0,85.0,0.0,85.0,9785000.0,0.0,True,85.0,0.05541,0.71429,119.0,siting - outside the footprint,False,False
17031180100,Cook County,IL,metro,2289,107917,False,ffiec_ratio,184.0,85.0,0.0,85.0,22905000.0,0.0,False,85.0,0.03713,0.46196,184.0,"conversion - present, capturing none",False,False
17031824507,Cook County,IL,metro,1706,107656,True,ffiec_ratio,146.0,85.0,0.0,85.0,16175000.0,0.0,True,85.0,0.04982,0.58219,146.0,siting - outside the footprint,False,False
17197883522,Will County,IL,metro,1119,148750,False,ffiec_ratio,135.0,85.0,0.0,85.0,20075000.0,0.0,True,85.0,0.07596,0.62963,135.0,siting - outside the footprint,False,False
17099963900,LaSalle County,IL,micro,2148,71000,False,ffiec_ratio,137.0,85.0,0.0,85.0,10675000.0,0.0,True,85.0,0.03957,0.62044,137.0,siting - outside the footprint,False,False
17113000105,McLean County,IL,metro,1804,141659,False,ffiec_ratio,116.0,85.0,0.0,85.0,19795000.0,0.0,True,85.0,0.04712,0.73276,116.0,siting - outside the footprint,False,False
55079020200,Milwaukee County,WI,metro,1172,82167,True,ffiec_ratio,157.0,86.0,1.0,85.0,14690000.0,1.163,False,85.0,0.07253,0.5414,155.17,"conversion - present, under-capturing",False,False
17031829200,Cook County,IL,metro,1783,63221,True,ffiec_ratio,164.0,85.0,0.0,85.0,13635000.0,0.0,True,85.0,0.04767,0.51829,164.0,siting - outside the footprint,False,False
17031740100,Cook County,IL,metro,1302,138958,False,ffiec_ratio,133.0,85.0,0.0,85.0,21075000.0,0.0,True,85.0,0.06528,0.6391,133.0,siting - outside the footprint,False,False
17031010201,Cook County,IL,metro,2972,63639,True,ffiec_ratio,154.0,85.0,0.0,85.0,49615000.0,0.0,False,85.0,0.0286,0.55195,154.0,"conversion - present, capturing none",False,False
17097861609,Lake County,IL,metro,1631,189896,False,ffiec_ratio,164.0,85.0,0.0,85.0,22465000.0,0.0,True,85.0,0.05212,0.51829,164.0,siting - outside the footprint,False,False
17031031300,Cook County,IL,metro,4216,84079,False,ffiec_ratio,137.0,85.0,0.0,85.0,25285000.0,0.0,False,85.0,0.02016,0.62044,137.0,"conversion - present, capturing none",False,False
17031080400,Cook County,IL,metro,2211,,True,ffiec_ratio,123.0,86.0,1.0,85.0,238780000.0,1.163,False,85.0,0.03844,0.69106,121.57,"conversion - present, under-capturing",False,True
17031810200,Cook County,IL,metro,2793,82891,True,ffiec_ratio,141.0,85.0,0.0,85.0,36535000.0,0.0,False,85.0,0.03043,0.60284,141.0,"conversion - present, capturing none",False,False
17043841501,DuPage County,IL,metro,1521,93962,True,ffiec_ratio,165.0,85.0,0.0,85.0,19825000.0,0.0,True,85.0,0.05588,0.51515,165.0,siting - outside the footprint,False,False
17031824128,Cook County,IL,metro,1784,133021,False,ffiec_ratio,143.0,85.0,0.0,85.0,31245000.0,0.0,True,85.0,0.04765,0.59441,143.0,siting - outside the footprint,False,False
17019001100,Champaign County,IL,metro,1629,133816,False,ffiec_ratio,133.0,85.0,0.0,85.0,15845000.0,0.0,True,85.0,0.05218,0.6391,133.0,siting - outside the footprint,False,False
17043845803,DuPage County,IL,metro,2372,81091,False,ffiec_ratio,142.0,85.0,1.0,84.0,47145000.0,1.176,True,84.0,0.03541,0.59155,140.33,siting - outside the footprint,False,False
17031811600,Cook County,IL,metro,2269,86625,True,ffiec_ratio,142.0,84.0,0.0,84.0,21150000.0,0.0,True,84.0,0.03702,0.59155,142.0,siting - outside the footprint,False,False
55031030302,Douglas County,WI,metro,1046,99583,False,ffiec_ratio,131.0,84.0,0.0,84.0,15360000.0,0.0,True,84.0,0.08031,0.64122,131.0,siting - outside the footprint,False,False
17031030200,Cook County,IL,metro,2614,196086,False,ffiec_ratio,132.0,85.0,1.0,84.0,42315000.0,1.176,False,84.0,0.03213,0.63636,130.45,"conversion - present, under-capturing",False,False
17197883305,Will County,IL,metro,1095,146324,False,ffiec_ratio,125.0,85.0,1.0,84.0,18955000.0,1.176,True,84.0,0.07671,0.672,123.53,siting - outside the footprint,False,False
17201000502,Winnebago County,IL,metro,1695,75231,True,ffiec_ratio,137.0,87.0,3.0,84.0,28715000.0,3.448,False,84.0,0.04956,0.61314,132.28,"conversion - present, under-capturing",False,False
17007010200,Boone County,IL,metro,2251,41653,True,ffiec_ratio,148.0,84.0,0.0,84.0,11170000.0,0.0,True,84.0,0.03732,0.56757,148.0,siting - outside the footprint,False,False
55063001101,La Crosse County,WI,metro,907,82303,False,ffiec_ratio,115.0,86.0,2.0,84.0,12410000.0,2.326,False,84.0,0.09261,0.73043,112.33,"conversion - present, under-capturing",False,False
17201000700,Winnebago County,IL,metro,1263,88690,False,ffiec_ratio,143.0,87.0,3.0,84.0,12905000.0,3.448,False,84.0,0.06651,0.58741,138.07,"conversion - present, under-capturing",False,False
17031820203,Cook County,IL,metro,1312,147344,False,ffiec_ratio,149.0,85.0,1.0,84.0,39215000.0,1.176,True,84.0,0.06402,0.56376,147.25,siting - outside the footprint,False,False
55075960600,Marinette County,WI,micro,1244,72875,False,ffiec_ratio,147.0,87.0,3.0,84.0,15845000.0,3.448,False,84.0,0.06752,0.57143,141.93,"conversion - present, under-capturing",False,False
17119402722,Madison County,IL,metro,1122,108636,False,ffiec_ratio,114.0,85.0,1.0,84.0,17875000.0,1.176,False,84.0,0.07487,0.73684,112.66,"conversion - present, under-capturing",False,False
17177000900,Stephenson County,IL,micro,2282,82500,False,ffiec_ratio,146.0,84.0,0.0,84.0,13310000.0,0.0,True,84.0,0.03681,0.57534,146.0,siting - outside the footprint,False,False
17043841310,DuPage County,IL,metro,1115,226111,False,ffiec_ratio,132.0,84.0,0.0,84.0,28360000.0,0.0,True,84.0,0.07534,0.63636,132.0,siting - outside the footprint,False,False
17089851910,Kane County,IL,metro,1482,109342,False,ffiec_ratio,135.0,84.0,0.0,84.0,19570000.0,0.0,False,84.0,0.05668,0.62222,135.0,"conversion - present, capturing none",False,False
17089854301,Kane County,IL,metro,1370,87339,True,ffiec_ratio,139.0,84.0,0.0,84.0,15220000.0,0.0,False,84.0,0.06131,0.60432,139.0,"conversion - present, capturing none",False,False
17031820901,Cook County,IL,metro,1783,87461,True,ffiec_ratio,142.0,84.0,0.0,84.0,17040000.0,0.0,True,84.0,0.04711,0.59155,142.0,siting - outside the footprint,False,False
55079101000,Milwaukee County,WI,metro,2375,90491,False,ffiec_ratio,127.0,87.0,3.0,84.0,22645000.0,3.448,False,84.0,0.03537,0.66142,122.62,"conversion - present, under-capturing",False,False
17043841403,DuPage County,IL,metro,1558,149063,False,ffiec_ratio,139.0,84.0,0.0,84.0,28180000.0,0.0,True,84.0,0.05392,0.60432,139.0,siting - outside the footprint,False,False
17111871208,McHenry County,IL,metro,1348,124788,False,ffiec_ratio,142.0,84.0,0.0,84.0,20380000.0,0.0,False,84.0,0.06231,0.59155,142.0,"conversion - present, capturing none",False,False
17031809000,Cook County,IL,metro,1643,250001,False,ffiec_ratio,126.0,86.0,2.0,84.0,41530000.0,2.326,True,84.0,0.05113,0.66667,123.07,siting - outside the footprint,False,False
17197880511,Will County,IL,metro,1110,140192,False,ffiec_ratio,159.0,84.0,0.0,84.0,18030000.0,0.0,True,84.0,0.07568,0.5283,159.0,siting - outside the footprint,False,False
17197880905,Will County,IL,metro,1234,66713,True,ffiec_ratio,127.0,84.0,0.0,84.0,13150000.0,0.0,True,84.0,0.06807,0.66142,127.0,siting - outside the footprint,False,False
55009001300,Brown County,WI,metro,1138,72550,True,ffiec_ratio,123.0,90.0,6.0,84.0,16710000.0,6.667,False,84.0,0.07381,0.68293,114.8,"conversion - present, under-capturing",False,False
17043846513,DuPage County,IL,metro,1010,143295,False,ffiec_ratio,137.0,84.0,0.0,84.0,30600000.0,0.0,True,84.0,0.08317,0.61314,137.0,siting - outside the footprint,False,False
17183010200,Vermilion County,IL,micro,2012,79128,True,ffiec_ratio,131.0,84.0,0.0,84.0,8550000.0,0.0,True,84.0,0.04175,0.64122,131.0,siting - outside the footprint,False,False
17049950600,Effingham County,IL,micro,2321,119706,False,ffiec_ratio,123.0,84.0,0.0,84.0,12900000.0,0.0,True,84.0,0.03619,0.68293,123.0,siting - outside the footprint,False,False
17031820902,Cook County,IL,metro,1794,91604,False,ffiec_ratio,156.0,84.0,0.0,84.0,16860000.0,0.0,True,84.0,0.04682,0.53846,156.0,siting - outside the footprint,False,False
17167000501,Sangamon County,IL,metro,1060,108125,False,ffiec_ratio,108.0,84.0,0.0,84.0,10570000.0,0.0,True,84.0,0.07925,0.77778,108.0,siting - outside the footprint,False,False
17089852906,Kane County,IL,metro,1941,89297,False,ffiec_ratio,142.0,84.0,0.0,84.0,17590000.0,0.0,True,84.0,0.04328,0.59155,142.0,siting - outside the footprint,False,False
17031806300,Cook County,IL,metro,1644,104952,False,ffiec_ratio,151.0,84.0,0.0,84.0,20880000.0,0.0,True,84.0,0.05109,0.55629,151.0,siting - outside the footprint,False,False
55139003701,Winnebago County,WI,metro,1523,68750,False,ffiec_ratio,110.0,88.0,5.0,83.0,20000000.0,5.682,False,83.0,0.0545,0.75455,103.75,"conversion - present, under-capturing",False,False
17031242000,Cook County,IL,metro,2436,183827,False,ffiec_ratio,128.0,84.0,1.0,83.0,47510000.0,1.19,False,83.0,0.03407,0.64844,126.48,"conversion - present, under-capturing",False,False
17111870905,McHenry County,IL,metro,2134,79177,True,ffiec_ratio,139.0,84.0,1.0,83.0,16490000.0,1.19,True,83.0,0.03889,0.59712,137.35,siting - outside the footprint,False,False
17043840802,DuPage County,IL,metro,2230,91500,False,ffiec_ratio,153.0,84.0,1.0,83.0,18270000.0,1.19,True,83.0,0.03722,0.54248,151.18,siting - outside the footprint,False,False
55063010404,La Crosse County,WI,metro,1821,118750,False,ffiec_ratio,119.0,86.0,3.0,83.0,22840000.0,3.488,True,83.0,0.04558,0.69748,114.85,siting - outside the footprint,False,False
17031806006,Cook County,IL,metro,1675,103281,False,ffiec_ratio,160.0,83.0,0.0,83.0,19185000.0,0.0,False,83.0,0.04955,0.51875,160.0,"conversion - present, capturing none",False,False
55017011001,Chippewa County,WI,metro,1361,80875,True,ffiec_ratio,129.0,83.0,0.0,83.0,14395000.0,0.0,True,83.0,0.06098,0.64341,129.0,siting - outside the footprint,False,False
55115100600,Shawano County,WI,micro,1689,80956,False,ffiec_ratio,121.0,90.0,7.0,83.0,12190000.0,7.778,True,83.0,0.04914,0.68595,111.59,siting - outside the footprint,False,False
17163503102,St. Clair County,IL,metro,1757,71641,True,ffiec_ratio,171.0,84.0,1.0,83.0,11130000.0,1.19,True,83.0,0.04724,0.48538,168.97,siting - outside the footprint,False,False
55127001608,Walworth County,WI,micro,1090,89868,False,ffiec_ratio,139.0,87.0,4.0,83.0,20585000.0,4.598,False,83.0,0.07615,0.59712,132.61,"conversion - present, under-capturing",False,False
55079003000,Milwaukee County,WI,metro,1242,72799,True,ffiec_ratio,168.0,83.0,0.0,83.0,15185000.0,0.0,False,83.0,0.06683,0.49405,168.0,"conversion - present, capturing none",False,False
55069960800,Lincoln County,WI,rural,1634,88448,False,ffiec_ratio,140.0,87.0,4.0,83.0,10365000.0,4.598,False,83.0,0.0508,0.59286,133.56,"conversion - present, under-capturing",False,False
17201000501,Winnebago County,IL,metro,1987,88944,False,ffiec_ratio,140.0,85.0,2.0,83.0,12745000.0,2.353,False,83.0,0.04177,0.59286,136.71,"conversion - present, under-capturing",False,False
55079020800,Milwaukee County,WI,metro,1416,131982,False,ffiec_ratio,119.0,85.0,2.0,83.0,16455000.0,2.353,False,83.0,0.05862,0.69748,116.2,"conversion - present, under-capturing",False,False
17031832200,Cook County,IL,metro,1684,225139,False,ffiec_ratio,150.0,84.0,1.0,83.0,54440000.0,1.19,False,83.0,0.04929,0.55333,148.22,"conversion - present, under-capturing",False,False
55139003300,Winnebago County,WI,metro,1341,71134,False,ffiec_ratio,109.0,85.0,2.0,83.0,21555000.0,2.353,False,83.0,0.06189,0.76147,106.44,"conversion - present, under-capturing",False,False
17031804714,Cook County,IL,metro,1361,130242,False,ffiec_ratio,136.0,83.0,0.0,83.0,19005000.0,0.0,True,83.0,0.06098,0.61029,136.0,siting - outside the footprint,False,False
17043845507,DuPage County,IL,metro,1313,143594,False,ffiec_ratio,130.0,83.0,0.0,83.0,21825000.0,0.0,True,83.0,0.06321,0.63846,130.0,siting - outside the footprint,False,False
17031062200,Cook County,IL,metro,1427,250001,False,ffiec_ratio,128.0,83.0,0.0,83.0,57875000.0,0.0,True,83.0,0.05816,0.64844,128.0,siting - outside the footprint,False,False
17161021200,Rock Island County,IL,metro,1914,96792,False,ffiec_ratio,129.0,83.0,0.0,83.0,12275000.0,0.0,True,83.0,0.04336,0.64341,129.0,siting - outside the footprint,False,False
17097865400,Lake County,IL,metro,2143,196058,False,ffiec_ratio,135.0,83.0,0.0,83.0,43635000.0,0.0,True,83.0,0.03873,0.61481,135.0,siting - outside the footprint,False,False
17131040300,Mercer County,IL,metro,1595,96612,False,ffiec_ratio,121.0,83.0,0.0,83.0,9165000.0,0.0,True,83.0,0.05204,0.68595,121.0,siting - outside the footprint,False,False
17167001100,Sangamon County,IL,metro,1118,112734,True,ffiec_ratio,122.0,83.0,0.0,83.0,11495000.0,0.0,True,83.0,0.07424,0.68033,122.0,siting - outside the footprint,False,False
17031828201,Cook County,IL,metro,1727,76858,False,ffiec_ratio,168.0,83.0,0.0,83.0,14395000.0,0.0,True,83.0,0.04806,0.49405,168.0,siting - outside the footprint,False,False
17113005402,McLean County,IL,metro,1216,120884,False,ffiec_ratio,104.0,83.0,0.0,83.0,15235000.0,0.0,True,83.0,0.06826,0.79808,104.0,siting - outside the footprint,False,False
55009010201,Brown County,WI,metro,1277,76667,False,ffiec_ratio,125.0,92.0,9.0,83.0,30530000.0,9.783,False,83.0,0.065,0.664,112.77,"conversion - present, under-capturing",False,False
17105960100,Livingston County,IL,micro,1642,78073,False,ffiec_ratio,138.0,83.0,0.0,83.0,12425000.0,0.0,True,83.0,0.05055,0.60145,138.0,siting - outside the footprint,False,False
17063000900,Grundy County,IL,metro,1367,90978,False,ffiec_ratio,148.0,83.0,0.0,83.0,12845000.0,0.0,True,83.0,0.06072,0.56081,148.0,siting - outside the footprint,False,False
17043841109,DuPage County,IL,metro,1504,68958,True,ffiec_ratio,145.0,83.0,0.0,83.0,17275000.0,0.0,False,83.0,0.05519,0.57241,145.0,"conversion - present, capturing none",False,False
55079120101,Milwaukee County,WI,metro,1943,131250,False,ffiec_ratio,123.0,85.0,2.0,83.0,16695000.0,2.353,False,83.0,0.04272,0.6748,120.11,"conversion - present, under-capturing",False,False
17043843700,DuPage County,IL,metro,1531,155443,False,ffiec_ratio,139.0,83.0,0.0,83.0,19505000.0,0.0,True,83.0,0.05421,0.59712,139.0,siting - outside the footprint,False,False
17031828508,Cook County,IL,metro,1923,59541,True,ffiec_ratio,219.0,83.0,0.0,83.0,17585000.0,0.0,True,83.0,0.04316,0.379,219.0,siting - outside the footprint,False,False
55025000505,Dane County,WI,metro,1581,95625,False,ffiec_ratio,108.0,83.0,0.0,83.0,19185000.0,0.0,False,83.0,0.0525,0.76852,108.0,"conversion - present, capturing none",False,False
17105960700,Livingston County,IL,micro,1584,96103,False,ffiec_ratio,125.0,83.0,0.0,83.0,10605000.0,0.0,True,83.0,0.0524,0.664,125.0,siting - outside the footprint,False,False
17089854506,Kane County,IL,metro,1281,176715,False,ffiec_ratio,128.0,83.0,0.0,83.0,24665000.0,0.0,True,83.0,0.06479,0.64844,128.0,siting - outside the footprint,False,False
17119400101,Madison County,IL,metro,1148,74783,False,ffiec_ratio,126.0,84.0,2.0,82.0,9990000.0,2.381,True,82.0,0.07143,0.65079,123.0,siting - outside the footprint,False,False
55073000200,Marathon County,WI,metro,1310,81333,False,ffiec_ratio,120.0,85.0,3.0,82.0,10525000.0,3.529,False,82.0,0.0626,0.68333,115.77,"conversion - present, under-capturing",False,False
55117011000,Sheboygan County,WI,metro,1067,107870,False,ffiec_ratio,116.0,83.0,1.0,82.0,18115000.0,1.205,True,82.0,0.07685,0.7069,114.6,siting - outside the footprint,False,False
55093960800,Pierce County,WI,metro,1452,105781,True,ffiec_ratio,146.0,90.0,8.0,82.0,19860000.0,8.889,True,82.0,0.05647,0.56164,133.02,siting - outside the footprint,False,False
17043845601,DuPage County,IL,metro,1708,131750,False,ffiec_ratio,129.0,83.0,1.0,82.0,33105000.0,1.205,True,82.0,0.04801,0.63566,127.45,siting - outside the footprint,False,False
55101002001,Racine County,WI,metro,1211,145000,False,ffiec_ratio,113.0,83.0,1.0,82.0,20545000.0,1.205,True,82.0,0.06771,0.72566,111.64,siting - outside the footprint,False,False
55087011103,Outagamie County,WI,metro,1527,113750,False,ffiec_ratio,120.0,83.0,1.0,82.0,15465000.0,1.205,False,82.0,0.0537,0.68333,118.55,"conversion - present, under-capturing",False,False
55075961400,Marinette County,WI,micro,2255,81470,False,ffiec_ratio,144.0,84.0,2.0,82.0,17910000.0,2.381,False,82.0,0.03636,0.56944,140.57,"conversion - present, under-capturing",False,False
17089854001,Kane County,IL,metro,1435,121429,False,ffiec_ratio,130.0,83.0,1.0,82.0,21295000.0,1.205,False,82.0,0.05714,0.63077,128.43,"conversion - present, under-capturing",False,False
17031800600,Cook County,IL,metro,732,250001,False,ffiec_ratio,125.0,82.0,0.0,82.0,117600000.0,0.0,True,82.0,0.11202,0.656,125.0,siting - outside the footprint,False,False
55059001200,Kenosha County,WI,metro,1733,110099,True,ffiec_ratio,140.0,82.0,0.0,82.0,12060000.0,0.0,False,82.0,0.04732,0.58571,140.0,"conversion - present, capturing none",False,False
55033970100,Dunn County,WI,micro,1630,90688,False,ffiec_ratio,135.0,82.0,0.0,82.0,17470000.0,0.0,True,82.0,0.05031,0.60741,135.0,siting - outside the footprint,False,False
55051180300,Iron County,WI,rural,1109,75750,False,ffiec_ratio,138.0,97.0,15.0,82.0,23955000.0,15.464,False,82.0,0.07394,0.5942,116.66,"conversion - present, under-capturing",False,False
17031816900,Cook County,IL,metro,1664,110041,False,ffiec_ratio,172.0,83.0,1.0,82.0,15225000.0,1.205,True,82.0,0.04928,0.47674,169.93,siting - outside the footprint,False,False
55005000300,Barron County,WI,micro,1856,90000,False,ffiec_ratio,120.0,83.0,1.0,82.0,14455000.0,1.205,True,82.0,0.04418,0.68333,118.55,siting - outside the footprint,False,False
17031818401,Cook County,IL,metro,1305,99821,False,ffiec_ratio,144.0,82.0,0.0,82.0,18200000.0,0.0,True,82.0,0.06284,0.56944,144.0,siting - outside the footprint,False,False
17043846315,DuPage County,IL,metro,1489,130833,False,ffiec_ratio,128.0,82.0,0.0,82.0,22950000.0,0.0,True,82.0,0.05507,0.64063,128.0,siting - outside the footprint,False,False
17031828202,Cook County,IL,metro,1908,97788,False,ffiec_ratio,186.0,82.0,0.0,82.0,14450000.0,0.0,True,82.0,0.04298,0.44086,186.0,siting - outside the footprint,False,False
55031020800,Douglas County,WI,metro,1640,111610,False,ffiec_ratio,107.0,82.0,0.0,82.0,24490000.0,0.0,True,82.0,0.05,0.76636,107.0,siting - outside the footprint,False,False
17031800900,Cook County,IL,metro,1714,178900,False,ffiec_ratio,139.0,82.0,0.0,82.0,36310000.0,0.0,False,82.0,0.04784,0.58993,139.0,"conversion - present, capturing none",False,False
17197882601,Will County,IL,metro,1129,77102,True,ffiec_ratio,129.0,82.0,0.0,82.0,14390000.0,0.0,True,82.0,0.07263,0.63566,129.0,siting - outside the footprint,False,False
17031060400,Cook County,IL,metro,1578,234423,False,ffiec_ratio,119.0,82.0,0.0,82.0,66840000.0,0.0,True,82.0,0.05196,0.68908,119.0,siting - outside the footprint,False,False
17043840908,DuPage County,IL,metro,1508,138750,False,ffiec_ratio,129.0,82.0,0.0,82.0,15080000.0,0.0,True,82.0,0.05438,0.63566,129.0,siting - outside the footprint,False,False
17089850400,Kane County,IL,metro,1088,93281,False,ffiec_ratio,135.0,82.0,0.0,82.0,14940000.0,0.0,True,82.0,0.07537,0.60741,135.0,siting - outside the footprint,False,False
17019001000,Champaign County,IL,metro,1865,88857,False,ffiec_ratio,108.0,82.0,0.0,82.0,11950000.0,0.0,True,82.0,0.04397,0.75926,108.0,siting - outside the footprint,False,False
17031842200,Cook County,IL,metro,2535,223000,False,ffiec_ratio,148.0,82.0,0.0,82.0,40390000.0,0.0,False,82.0,0.03235,0.55405,148.0,"conversion - present, capturing none",False,False
17083010200,Jersey County,IL,metro,1226,98111,False,ffiec_ratio,143.0,82.0,0.0,82.0,16040000.0,0.0,True,82.0,0.06688,0.57343,143.0,siting - outside the footprint,False,False
17197880303,Will County,IL,metro,1479,146250,False,ffiec_ratio,139.0,82.0,0.0,82.0,25110000.0,0.0,True,82.0,0.05544,0.58993,139.0,siting - outside the footprint,False,False
17183001300,Vermilion County,IL,micro,1729,117837,False,ffiec_ratio,121.0,82.0,0.0,82.0,13520000.0,0.0,True,82.0,0.04743,0.67769,121.0,siting - outside the footprint,False,False
17045070400,Edgar County,IL,rural,2523,73125,False,ffiec_ratio,141.0,82.0,0.0,82.0,8820000.0,0.0,True,82.0,0.0325,0.58156,141.0,siting - outside the footprint,False,False
17199021400,Williamson County,IL,micro,1858,96573,False,ffiec_ratio,131.0,82.0,1.0,81.0,20440000.0,1.22,True,81.0,0.0436,0.61832,129.4,siting - outside the footprint,False,False
17031490800,Cook County,IL,metro,1223,85237,True,ffiec_ratio,180.0,81.0,0.0,81.0,14095000.0,0.0,True,81.0,0.06623,0.45,180.0,siting - outside the footprint,False,False
55141010400,Wood County,WI,micro,1549,88036,False,ffiec_ratio,130.0,86.0,5.0,81.0,15860000.0,5.814,False,81.0,0.05229,0.62308,122.44,"conversion - present, under-capturing",False,False
55139000900,Winnebago County,WI,metro,1462,67288,False,ffiec_ratio,107.0,85.0,4.0,81.0,13365000.0,4.706,False,81.0,0.0554,0.75701,101.96,"conversion - present, under-capturing",False,False
17031720100,Cook County,IL,metro,1123,157243,False,ffiec_ratio,125.0,82.0,1.0,81.0,26520000.0,1.22,True,81.0,0.07213,0.648,123.48,siting - outside the footprint,False,False
17201001400,Winnebago County,IL,metro,1785,50330,True,ffiec_ratio,145.0,84.0,3.0,81.0,8430000.0,3.571,False,81.0,0.04538,0.55862,139.82,"conversion - present, under-capturing",False,False
55127000202,Walworth County,WI,micro,968,114427,False,ffiec_ratio,126.0,86.0,5.0,81.0,24500000.0,5.814,False,81.0,0.08368,0.64286,118.67,"conversion - present, under-capturing",False,False
17201000300,Winnebago County,IL,metro,1789,56190,True,ffiec_ratio,119.0,82.0,1.0,81.0,14840000.0,1.22,False,81.0,0.04528,0.68067,117.55,"conversion - present, under-capturing",False,False
17031071300,Cook County,IL,metro,2193,204286,False,ffiec_ratio,129.0,82.0,1.0,81.0,117440000.0,1.22,False,81.0,0.03694,0.62791,127.43,"conversion - present, under-capturing",False,False
55091950100,Pepin County,WI,rural,1668,85148,False,ffiec_ratio,127.0,82.0,1.0,81.0,14910000.0,1.22,True,81.0,0.04856,0.6378,125.45,siting - outside the footprint,False,False
17089853200,Kane County,IL,metro,1863,61510,True,ffiec_ratio,147.0,81.0,0.0,81.0,14555000.0,0.0,False,81.0,0.04348,0.55102,147.0,"conversion - present, capturing none",False,False
17119403401,Madison County,IL,metro,1669,92500,False,ffiec_ratio,119.0,82.0,1.0,81.0,32320000.0,1.22,True,81.0,0.04853,0.68067,117.55,siting - outside the footprint,False,False
55117011100,Sheboygan County,WI,metro,1180,111346,False,ffiec_ratio,116.0,81.0,0.0,81.0,17165000.0,0.0,True,81.0,0.06864,0.69828,116.0,siting - outside the footprint,False,False
55139003200,Winnebago County,WI,metro,911,126100,False,ffiec_ratio,113.0,82.0,1.0,81.0,13110000.0,1.22,False,81.0,0.08891,0.71681,111.62,"conversion - present, under-capturing",False,False
17107953200,Logan County,IL,micro,1659,53467,False,ffiec_ratio,126.0,81.0,0.0,81.0,7945000.0,0.0,True,81.0,0.04882,0.64286,126.0,siting - outside the footprint,False,False
17031832300,Cook County,IL,metro,1272,178693,False,ffiec_ratio,121.0,81.0,0.0,81.0,54825000.0,0.0,False,81.0,0.06368,0.66942,121.0,"conversion - present, capturing none",False,False
17099962400,LaSalle County,IL,micro,1513,86359,False,ffiec_ratio,131.0,81.0,0.0,81.0,18405000.0,0.0,True,81.0,0.05354,0.61832,131.0,siting - outside the footprint,False,False
17015960100,Carroll County,IL,rural,1573,100313,False,ffiec_ratio,127.0,81.0,0.0,81.0,26365000.0,0.0,True,81.0,0.05149,0.6378,127.0,siting - outside the footprint,False,False
17167002801,Sangamon County,IL,metro,1425,59345,True,ffiec_ratio,107.0,81.0,0.0,81.0,9245000.0,0.0,True,81.0,0.05684,0.75701,107.0,siting - outside the footprint,False,False
17099962100,LaSalle County,IL,micro,2064,80347,False,ffiec_ratio,116.0,81.0,0.0,81.0,11815000.0,0.0,True,81.0,0.03924,0.69828,116.0,siting - outside the footprint,False,False
17161021300,Rock Island County,IL,metro,2223,87500,False,ffiec_ratio,103.0,81.0,0.0,81.0,12135000.0,0.0,True,81.0,0.03644,0.78641,103.0,siting - outside the footprint,False,False
17031804509,Cook County,IL,metro,1597,87217,False,ffiec_ratio,151.0,81.0,0.0,81.0,16185000.0,0.0,False,81.0,0.05072,0.53642,151.0,"conversion - present, capturing none",False,False
17197883811,Will County,IL,metro,1147,96964,False,ffiec_ratio,130.0,81.0,0.0,81.0,15985000.0,0.0,True,81.0,0.07062,0.62308,130.0,siting - outside the footprint,False,False
55025012100,Dane County,WI,metro,921,115893,False,ffiec_ratio,125.0,83.0,2.0,81.0,16505000.0,2.41,True,81.0,0.08795,0.648,121.99,siting - outside the footprint,False,False
17197880426,Will County,IL,metro,1213,170298,False,ffiec_ratio,150.0,81.0,0.0,81.0,16665000.0,0.0,True,81.0,0.06678,0.54,150.0,siting - outside the footprint,False,False
17053962000,Ford County,IL,metro,1633,86250,False,ffiec_ratio,103.0,81.0,0.0,81.0,9975000.0,0.0,True,81.0,0.0496,0.78641,103.0,siting - outside the footprint,False,False
17031824125,Cook County,IL,metro,1463,122500,False,ffiec_ratio,143.0,81.0,0.0,81.0,18815000.0,0.0,True,81.0,0.05537,0.56643,143.0,siting - outside the footprint,False,False
17031070200,Cook County,IL,metro,2132,220800,False,ffiec_ratio,117.0,81.0,1.0,80.0,94845000.0,1.235,False,80.0,0.03752,0.68376,115.56,"conversion - present, under-capturing",False,False
17043844601,DuPage County,IL,metro,1607,176840,False,ffiec_ratio,129.0,80.0,0.0,80.0,54260000.0,0.0,True,80.0,0.04978,0.62016,129.0,siting - outside the footprint,False,False
17043846405,DuPage County,IL,metro,1739,217778,False,ffiec_ratio,121.0,81.0,1.0,80.0,33825000.0,1.235,True,80.0,0.046,0.66116,119.51,siting - outside the footprint,False,False
17097861702,Lake County,IL,metro,1413,98594,True,ffiec_ratio,132.0,81.0,1.0,80.0,14975000.0,1.235,False,80.0,0.05662,0.60606,130.37,"conversion - present, under-capturing",False,False
17031812700,Cook County,IL,metro,1661,137917,False,ffiec_ratio,124.0,80.0,0.0,80.0,32190000.0,0.0,True,80.0,0.04816,0.64516,124.0,siting - outside the footprint,False,False
17043844401,DuPage County,IL,metro,1485,182311,False,ffiec_ratio,147.0,81.0,1.0,80.0,52665000.0,1.235,True,80.0,0.05387,0.54422,145.18,siting - outside the footprint,False,False
17097861608,Lake County,IL,metro,1328,136389,False,ffiec_ratio,125.0,81.0,1.0,80.0,16595000.0,1.235,True,80.0,0.06024,0.64,123.46,siting - outside the footprint,False,False
17031740400,Cook County,IL,metro,1914,147965,False,ffiec_ratio,140.0,81.0,1.0,80.0,55595000.0,1.235,True,80.0,0.0418,0.57143,138.27,siting - outside the footprint,False,False
55087940000,Outagamie County,WI,metro,1495,87326,True,ffiec_ratio,127.0,82.0,2.0,80.0,16890000.0,2.439,True,80.0,0.05351,0.62992,123.9,siting - outside the footprint,False,False
17031826303,Cook County,IL,metro,1254,96553,True,ffiec_ratio,176.0,80.0,0.0,80.0,12160000.0,0.0,True,80.0,0.0638,0.45455,176.0,siting - outside the footprint,False,False
55141011600,Wood County,WI,micro,2229,82054,False,ffiec_ratio,131.0,81.0,1.0,80.0,14775000.0,1.235,False,80.0,0.03589,0.61069,129.38,"conversion - present, under-capturing",False,False
17031831000,Cook County,IL,metro,1172,250001,False,ffiec_ratio,133.0,81.0,1.0,80.0,54065000.0,1.235,False,80.0,0.06826,0.6015,131.36,"conversion - present, under-capturing",False,False
55025011407,Dane County,WI,metro,1017,121992,False,ffiec_ratio,105.0,82.0,2.0,80.0,14380000.0,2.439,False,80.0,0.07866,0.7619,102.44,"conversion - present, under-capturing",False,False
17031828402,Cook County,IL,metro,1416,75500,True,ffiec_ratio,179.0,81.0,1.0,80.0,12545000.0,1.235,True,80.0,0.0565,0.44693,176.79,siting - outside the footprint,False,False
17111871113,McHenry County,IL,metro,1120,143208,False,ffiec_ratio,123.0,80.0,0.0,80.0,22150000.0,0.0,True,80.0,0.07143,0.65041,123.0,siting - outside the footprint,False,False
17043844001,DuPage County,IL,metro,1340,178125,False,ffiec_ratio,121.0,80.0,0.0,80.0,45260000.0,0.0,True,80.0,0.0597,0.66116,121.0,siting - outside the footprint,False,False
17031830202,Cook County,IL,metro,1024,93144,False,ffiec_ratio,184.0,80.0,0.0,80.0,13310000.0,0.0,True,80.0,0.07813,0.43478,184.0,siting - outside the footprint,False,False
55097960300,Portage County,WI,micro,2073,55673,True,ffiec_ratio,111.0,82.0,2.0,80.0,11000000.0,2.439,False,80.0,0.03859,0.72072,108.29,"conversion - present, under-capturing",False,False
17089852607,Kane County,IL,metro,1438,152083,False,ffiec_ratio,117.0,80.0,0.0,80.0,24780000.0,0.0,True,80.0,0.05563,0.68376,117.0,siting - outside the footprint,False,False
55011960200,Buffalo County,WI,rural,1318,58333,True,ffiec_ratio,115.0,80.0,0.0,80.0,12220000.0,0.0,True,80.0,0.0607,0.69565,115.0,siting - outside the footprint,False,False
17037001700,DeKalb County,IL,metro,1337,115278,False,ffiec_ratio,143.0,80.0,0.0,80.0,19240000.0,0.0,True,80.0,0.05984,0.55944,143.0,siting - outside the footprint,False,False
17113001403,McLean County,IL,metro,1848,103811,False,ffiec_ratio,116.0,80.0,0.0,80.0,9750000.0,0.0,True,80.0,0.04329,0.68966,116.0,siting - outside the footprint,False,False
17043844602,DuPage County,IL,metro,2282,160139,False,ffiec_ratio,135.0,80.0,0.0,80.0,49510000.0,0.0,True,80.0,0.03506,0.59259,135.0,siting - outside the footprint,False,False
17105960600,Livingston County,IL,micro,1912,93483,False,ffiec_ratio,127.0,80.0,0.0,80.0,9050000.0,0.0,True,80.0,0.04184,0.62992,127.0,siting - outside the footprint,False,False
17197883806,Will County,IL,metro,1311,112917,False,ffiec_ratio,166.0,80.0,0.0,80.0,21390000.0,0.0,True,80.0,0.06102,0.48193,166.0,siting - outside the footprint,False,False
17197881116,Will County,IL,metro,1340,165799,False,ffiec_ratio,132.0,80.0,0.0,80.0,20960000.0,0.0,True,80.0,0.0597,0.60606,132.0,siting - outside the footprint,False,False
55075960800,Marinette County,WI,micro,1179,75664,False,ffiec_ratio,132.0,87.0,8.0,79.0,16615000.0,9.195,False,79.0,0.06701,0.59848,119.86,"conversion - present, under-capturing",False,False
55093960300,Pierce County,WI,metro,1261,121630,False,ffiec_ratio,110.0,79.0,0.0,79.0,17715000.0,0.0,True,79.0,0.06265,0.71818,110.0,siting - outside the footprint,False,False
55121100100,Trempealeau County,WI,rural,1412,97163,False,ffiec_ratio,126.0,82.0,3.0,79.0,17540000.0,3.659,True,79.0,0.05595,0.62698,121.39,siting - outside the footprint,False,False
17143004901,Peoria County,IL,metro,1390,79722,False,ffiec_ratio,126.0,79.0,0.0,79.0,12655000.0,0.0,True,79.0,0.05683,0.62698,126.0,siting - outside the footprint,False,False
17043846105,DuPage County,IL,metro,1484,195263,False,ffiec_ratio,136.0,80.0,1.0,79.0,32970000.0,1.25,True,79.0,0.05323,0.58088,134.3,siting - outside the footprint,False,False
55105001800,Rock County,WI,metro,1625,63426,True,ffiec_ratio,144.0,80.0,1.0,79.0,8740000.0,1.25,False,79.0,0.04862,0.54861,142.2,"conversion - present, under-capturing",False,False
17201001800,Winnebago County,IL,metro,2152,48571,True,ffiec_ratio,147.0,81.0,2.0,79.0,8115000.0,2.469,False,79.0,0.03671,0.53741,143.37,"conversion - present, under-capturing",False,False
17201000513,Winnebago County,IL,metro,1629,97500,False,ffiec_ratio,125.0,82.0,3.0,79.0,13630000.0,3.659,False,79.0,0.0485,0.632,120.43,"conversion - present, under-capturing",False,False
17089850500,Kane County,IL,metro,2010,135147,False,ffiec_ratio,124.0,80.0,1.0,79.0,17340000.0,1.25,False,79.0,0.0393,0.6371,122.45,"conversion - present, under-capturing",False,False
17031711200,Cook County,IL,metro,1667,64552,False,ffiec_ratio,166.0,80.0,1.0,79.0,18020000.0,1.25,True,79.0,0.04739,0.4759,163.93,siting - outside the footprint,False,False
17031805600,Cook County,IL,metro,1618,216728,False,ffiec_ratio,142.0,82.0,3.0,79.0,39050000.0,3.659,True,79.0,0.04883,0.55634,136.8,siting - outside the footprint,False,False
55079101300,Milwaukee County,WI,metro,1305,95366,False,ffiec_ratio,134.0,83.0,4.0,79.0,16385000.0,4.819,False,79.0,0.06054,0.58955,127.54,"conversion - present, under-capturing",False,False
55079050103,Milwaukee County,WI,metro,1771,125872,False,ffiec_ratio,132.0,83.0,4.0,79.0,38755000.0,4.819,False,79.0,0.04461,0.59848,125.64,"conversion - present, under-capturing",False,False
17197880325,Will County,IL,metro,1131,98523,False,ffiec_ratio,141.0,80.0,1.0,79.0,21180000.0,1.25,True,79.0,0.06985,0.56028,139.24,siting - outside the footprint,False,False
55139001300,Winnebago County,WI,metro,1340,93250,False,ffiec_ratio,105.0,81.0,2.0,79.0,14225000.0,2.469,False,79.0,0.05896,0.75238,102.41,"conversion - present, under-capturing",False,False
17031120100,Cook County,IL,metro,1523,169028,False,ffiec_ratio,136.0,80.0,1.0,79.0,29520000.0,1.25,False,79.0,0.05187,0.58088,134.3,"conversion - present, under-capturing",False,False
55025001200,Dane County,WI,metro,2966,136750,False,ffiec_ratio,111.0,81.0,2.0,79.0,26375000.0,2.469,False,79.0,0.02664,0.71171,108.26,"conversion - present, under-capturing",False,False
17031828300,Cook County,IL,metro,1350,79583,False,ffiec_ratio,146.0,79.0,0.0,79.0,11645000.0,0.0,True,79.0,0.05852,0.5411,146.0,siting - outside the footprint,False,False
55085970900,Oneida County,WI,rural,1047,98393,False,ffiec_ratio,130.0,88.0,9.0,79.0,25780000.0,10.227,False,79.0,0.07545,0.60769,116.7,"conversion - present, under-capturing",False,False
55087012904,Outagamie County,WI,metro,1170,133366,False,ffiec_ratio,114.0,85.0,6.0,79.0,27315000.0,7.059,False,79.0,0.06752,0.69298,105.95,"conversion - present, under-capturing",False,False
55065970400,Lafayette County,WI,rural,1261,79688,False,ffiec_ratio,107.0,81.0,2.0,79.0,12345000.0,2.469,True,79.0,0.06265,0.73832,104.36,siting - outside the footprint,False,False
17097861505,Lake County,IL,metro,1245,149722,False,ffiec_ratio,135.0,79.0,0.0,79.0,23245000.0,0.0,False,79.0,0.06345,0.58519,135.0,"conversion - present, capturing none",False,False
17089854402,Kane County,IL,metro,1117,134729,False,ffiec_ratio,127.0,79.0,0.0,79.0,16605000.0,0.0,True,79.0,0.07073,0.62205,127.0,siting - outside the footprint,False,False
55131450105,Washington County,WI,metro,1310,102153,False,ffiec_ratio,119.0,86.0,7.0,79.0,40600000.0,8.14,True,79.0,0.06031,0.66387,109.31,siting - outside the footprint,False,False
17029000300,Coles County,IL,micro,2049,81667,False,ffiec_ratio,118.0,79.0,0.0,79.0,8845000.0,0.0,True,79.0,0.03856,0.66949,118.0,siting - outside the footprint,False,False
17183010702,Vermilion County,IL,micro,1148,98438,False,ffiec_ratio,109.0,79.0,0.0,79.0,15235000.0,0.0,True,79.0,0.06882,0.72477,109.0,siting - outside the footprint,False,False
55059002604,Kenosha County,WI,metro,1259,143913,False,ffiec_ratio,121.0,80.0,1.0,79.0,18280000.0,1.25,False,79.0,0.06275,0.65289,119.49,"conversion - present, under-capturing",False,False
55141011200,Wood County,WI,micro,1816,42143,True,ffiec_ratio,125.0,83.0,4.0,79.0,10955000.0,4.819,False,79.0,0.0435,0.632,118.98,"conversion - present, under-capturing",False,False
17031828701,Cook County,IL,metro,1456,74808,False,ffiec_ratio,172.0,79.0,0.0,79.0,14305000.0,0.0,True,79.0,0.05426,0.4593,172.0,siting - outside the footprint,False,False
17031241600,Cook County,IL,metro,1844,163654,False,ffiec_ratio,122.0,80.0,1.0,79.0,65800000.0,1.25,False,79.0,0.04284,0.64754,120.48,"conversion - present, under-capturing",False,False
17031818900,Cook County,IL,metro,1965,121978,False,ffiec_ratio,114.0,80.0,1.0,79.0,20080000.0,1.25,True,79.0,0.0402,0.69298,112.58,siting - outside the footprint,False,False
55047100500,Green Lake County,WI,rural,1243,96528,False,ffiec_ratio,129.0,79.0,0.0,79.0,24395000.0,0.0,True,79.0,0.06356,0.6124,129.0,siting - outside the footprint,False,False
17031823200,Cook County,IL,metro,1792,111538,False,ffiec_ratio,139.0,79.0,0.0,79.0,19185000.0,0.0,True,79.0,0.04408,0.56835,139.0,siting - outside the footprint,False,False
17031802402,Cook County,IL,metro,2293,107500,False,ffiec_ratio,134.0,79.0,0.0,79.0,19415000.0,0.0,True,79.0,0.03445,0.58955,134.0,siting - outside the footprint,False,False
17043841110,DuPage County,IL,metro,1339,112454,False,ffiec_ratio,128.0,79.0,0.0,79.0,18605000.0,0.0,False,79.0,0.059,0.61719,128.0,"conversion - present, capturing none",False,False
17031820204,Cook County,IL,metro,2359,146250,False,ffiec_ratio,151.0,79.0,0.0,79.0,26655000.0,0.0,True,79.0,0.03349,0.52318,151.0,siting - outside the footprint,False,False
17105960200,Livingston County,IL,micro,1289,101176,False,ffiec_ratio,116.0,79.0,0.0,79.0,12095000.0,0.0,True,79.0,0.06129,0.68103,116.0,siting - outside the footprint,False,False
17113000506,McLean County,IL,metro,1151,166912,False,ffiec_ratio,107.0,79.0,0.0,79.0,20175000.0,0.0,True,79.0,0.06864,0.73832,107.0,siting - outside the footprint,False,False
17031819200,Cook County,IL,metro,2178,100938,False,ffiec_ratio,176.0,79.0,0.0,79.0,19135000.0,0.0,True,79.0,0.03627,0.44886,176.0,siting - outside the footprint,False,False
17197881111,Will County,IL,metro,1153,130577,False,ffiec_ratio,134.0,79.0,0.0,79.0,19055000.0,0.0,True,79.0,0.06852,0.58955,134.0,siting - outside the footprint,False,False
17095000300,Knox County,IL,micro,2109,94241,False,ffiec_ratio,123.0,79.0,0.0,79.0,7135000.0,0.0,True,79.0,0.03746,0.64228,123.0,siting - outside the footprint,False,False
17113005104,McLean County,IL,metro,2028,151484,False,ffiec_ratio,124.0,79.0,0.0,79.0,17805000.0,0.0,True,79.0,0.03895,0.6371,124.0,siting - outside the footprint,False,False
17197881700,Will County,IL,metro,1282,113571,False,ffiec_ratio,140.0,79.0,0.0,79.0,16155000.0,0.0,True,79.0,0.06162,0.56429,140.0,siting - outside the footprint,False,False
17097861202,Lake County,IL,metro,1372,102934,False,ffiec_ratio,138.0,79.0,0.0,79.0,15695000.0,0.0,True,79.0,0.05758,0.57246,138.0,siting - outside the footprint,False,False
17043846411,DuPage County,IL,metro,2284,129191,False,ffiec_ratio,147.0,79.0,0.0,79.0,19045000.0,0.0,True,79.0,0.03459,0.53741,147.0,siting - outside the footprint,False,False
17031804709,Cook County,IL,metro,3066,101920,False,ffiec_ratio,145.0,79.0,0.0,79.0,16775000.0,0.0,True,79.0,0.02577,0.54483,145.0,siting - outside the footprint,False,False
17043845401,DuPage County,IL,metro,1337,250001,False,ffiec_ratio,135.0,79.0,0.0,79.0,56455000.0,0.0,True,79.0,0.05909,0.58519,135.0,siting - outside the footprint,False,False
17031823901,Cook County,IL,metro,1593,131713,False,ffiec_ratio,133.0,79.0,0.0,79.0,27225000.0,0.0,True,79.0,0.04959,0.59398,133.0,siting - outside the footprint,False,False
55067960300,Langlade County,WI,rural,906,84886,False,ffiec_ratio,124.0,78.0,0.0,78.0,13820000.0,0.0,False,78.0,0.08609,0.62903,124.0,"conversion - present, capturing none",False,False
17097863400,Lake County,IL,metro,1297,241250,False,ffiec_ratio,137.0,81.0,3.0,78.0,76295000.0,3.704,True,78.0,0.06014,0.56934,131.93,siting - outside the footprint,False,False
55015020304,Calumet County,WI,metro,1489,75625,False,ffiec_ratio,102.0,80.0,2.0,78.0,15260000.0,2.5,False,78.0,0.05238,0.76471,99.45,"conversion - present, under-capturing",False,False
17031821001,Cook County,IL,metro,1665,62907,True,ffiec_ratio,127.0,79.0,1.0,78.0,20085000.0,1.266,True,78.0,0.04685,0.61417,125.39,siting - outside the footprint,False,False
55079019400,Milwaukee County,WI,metro,1902,96320,True,ffiec_ratio,117.0,78.0,0.0,78.0,17690000.0,0.0,False,78.0,0.04101,0.66667,117.0,"conversion - present, capturing none",False,False
55065970200,Lafayette County,WI,rural,1477,90380,False,ffiec_ratio,100.0,78.0,0.0,78.0,15030000.0,0.0,True,78.0,0.05281,0.78,100.0,siting - outside the footprint,False,False
55019950600,Clark County,WI,rural,1763,78520,False,ffiec_ratio,124.0,84.0,6.0,78.0,15680000.0,7.143,True,78.0,0.04424,0.62903,115.14,siting - outside the footprint,False,False
55019950400,Clark County,WI,rural,1530,92614,False,ffiec_ratio,113.0,80.0,2.0,78.0,15260000.0,2.5,True,78.0,0.05098,0.69027,110.18,siting - outside the footprint,False,False
17117956600,Macoupin County,IL,metro,1733,123309,False,ffiec_ratio,129.0,79.0,1.0,78.0,10605000.0,1.266,True,78.0,0.04501,0.60465,127.37,siting - outside the footprint,False,False
55127000301,Walworth County,WI,micro,1224,115750,False,ffiec_ratio,134.0,82.0,4.0,78.0,27100000.0,4.878,False,78.0,0.06373,0.58209,127.46,"conversion - present, under-capturing",False,False
17031420700,Cook County,IL,metro,1187,40944,True,ffiec_ratio,193.0,78.0,0.0,78.0,27370000.0,0.0,False,78.0,0.06571,0.40415,193.0,"conversion - present, capturing none",False,False
55123960100,Vernon County,WI,metro,1610,71167,False,ffiec_ratio,102.0,79.0,1.0,78.0,12275000.0,1.266,True,78.0,0.04845,0.76471,100.71,siting - outside the footprint,False,False
17097860813,Lake County,IL,metro,1292,86528,False,ffiec_ratio,131.0,79.0,1.0,78.0,17635000.0,1.266,True,78.0,0.06037,0.59542,129.34,siting - outside the footprint,False,False
17031050500,Cook County,IL,metro,2044,250001,False,ffiec_ratio,118.0,79.0,1.0,78.0,62745000.0,1.266,True,78.0,0.03816,0.66102,116.51,siting - outside the footprint,False,False
17031090100,Cook County,IL,metro,1439,175676,False,ffiec_ratio,108.0,78.0,0.0,78.0,23450000.0,0.0,True,78.0,0.0542,0.72222,108.0,siting - outside the footprint,False,False
17107953600,Logan County,IL,micro,1341,82434,False,ffiec_ratio,103.0,78.0,0.0,78.0,9790000.0,0.0,True,78.0,0.05817,0.75728,103.0,siting - outside the footprint,False,False
55079000301,Milwaukee County,WI,metro,619,112308,False,ffiec_ratio,107.0,81.0,3.0,78.0,13215000.0,3.704,False,78.0,0.12601,0.72897,103.04,"conversion - present, under-capturing",False,False
17197880416,Will County,IL,metro,930,111316,False,ffiec_ratio,144.0,78.0,0.0,78.0,18290000.0,0.0,True,78.0,0.08387,0.54167,144.0,siting - outside the footprint,False,False
17031822301,Cook County,IL,metro,1152,110625,False,ffiec_ratio,147.0,78.0,0.0,78.0,15150000.0,0.0,True,78.0,0.06771,0.53061,147.0,siting - outside the footprint,False,False
17097860500,Lake County,IL,metro,1550,72557,True,ffiec_ratio,165.0,78.0,0.0,78.0,12490000.0,0.0,False,78.0,0.05032,0.47273,165.0,"conversion - present, capturing none",False,False
17043845811,DuPage County,IL,metro,1371,103487,False,ffiec_ratio,133.0,78.0,0.0,78.0,21160000.0,0.0,True,78.0,0.05689,0.58647,133.0,siting - outside the footprint,False,False
17183010300,Vermilion County,IL,micro,1668,101959,False,ffiec_ratio,111.0,78.0,0.0,78.0,10650000.0,0.0,True,78.0,0.04676,0.7027,111.0,siting - outside the footprint,False,False
17031811800,Cook County,IL,metro,1728,105575,False,ffiec_ratio,159.0,78.0,0.0,78.0,15640000.0,0.0,True,78.0,0.04514,0.49057,159.0,siting - outside the footprint,False,False
17019010902,Champaign County,IL,metro,1561,104205,False,ffiec_ratio,123.0,78.0,0.0,78.0,13830000.0,0.0,True,78.0,0.04997,0.63415,123.0,siting - outside the footprint,False,False
17147954700,Piatt County,IL,metro,1411,91563,True,ffiec_ratio,113.0,78.0,0.0,78.0,10090000.0,0.0,True,78.0,0.05528,0.69027,113.0,siting - outside the footprint,False,False
17031832500,Cook County,IL,metro,1555,250001,False,ffiec_ratio,131.0,78.0,0.0,78.0,55840000.0,0.0,False,78.0,0.05016,0.59542,131.0,"conversion - present, capturing none",False,False
17043845508,DuPage County,IL,metro,1668,116786,False,ffiec_ratio,133.0,78.0,0.0,78.0,22730000.0,0.0,True,78.0,0.04676,0.58647,133.0,siting - outside the footprint,False,False
55079004900,Milwaukee County,WI,metro,1584,59734,True,ffiec_ratio,159.0,80.0,2.0,78.0,23630000.0,2.5,False,78.0,0.04924,0.49057,155.03,"conversion - present, under-capturing",False,False
55071005100,Manitowoc County,WI,micro,994,73140,False,ffiec_ratio,127.0,82.0,4.0,78.0,10760000.0,4.878,False,78.0,0.07847,0.61417,120.8,"conversion - present, under-capturing",False,False
17031825304,Cook County,IL,metro,1621,114081,False,ffiec_ratio,136.0,78.0,0.0,78.0,18980000.0,0.0,True,78.0,0.04812,0.57353,136.0,siting - outside the footprint,False,False
17031828702,Cook County,IL,metro,1522,110446,True,ffiec_ratio,163.0,78.0,0.0,78.0,12470000.0,0.0,True,78.0,0.05125,0.47853,163.0,siting - outside the footprint,False,False
17043841316,DuPage County,IL,metro,1173,170599,False,ffiec_ratio,135.0,78.0,1.0,77.0,19790000.0,1.282,False,77.0,0.06564,0.57037,133.27,"conversion - present, under-capturing",False,False
55093960100,Pierce County,WI,metro,1169,98430,True,ffiec_ratio,131.0,81.0,4.0,77.0,12385000.0,4.938,True,77.0,0.06587,0.58779,124.53,siting - outside the footprint,False,False
55091950200,Pepin County,WI,rural,1378,90921,False,ffiec_ratio,124.0,78.0,1.0,77.0,17190000.0,1.282,True,77.0,0.05588,0.62097,122.41,siting - outside the footprint,False,False
55027960200,Dodge County,WI,micro,1300,105476,False,ffiec_ratio,125.0,80.0,3.0,77.0,16100000.0,3.75,False,77.0,0.05923,0.616,120.31,"conversion - present, under-capturing",False,False
17031050200,Cook County,IL,metro,2183,178530,False,ffiec_ratio,126.0,78.0,1.0,77.0,50980000.0,1.282,True,77.0,0.03527,0.61111,124.38,siting - outside the footprint,False,False
55127000902,Walworth County,WI,micro,1674,91875,False,ffiec_ratio,134.0,82.0,5.0,77.0,12880000.0,6.098,False,77.0,0.046,0.57463,125.83,"conversion - present, under-capturing",False,False
17097865802,Lake County,IL,metro,967,250001,False,ffiec_ratio,123.0,79.0,2.0,77.0,34185000.0,2.532,True,77.0,0.07963,0.62602,119.89,siting - outside the footprint,False,False
17163503411,St. Clair County,IL,metro,1134,58963,True,ffiec_ratio,134.0,78.0,1.0,77.0,11670000.0,1.282,False,77.0,0.0679,0.57463,132.28,"conversion - present, under-capturing",False,False
17097860104,Lake County,IL,metro,1446,116354,False,ffiec_ratio,140.0,78.0,1.0,77.0,15610000.0,1.282,True,77.0,0.05325,0.55,138.21,siting - outside the footprint,False,False
17031510300,Cook County,IL,metro,1890,45909,True,ffiec_ratio,176.0,78.0,1.0,77.0,11500000.0,1.282,True,77.0,0.04074,0.4375,173.74,siting - outside the footprint,False,False
55125950601,Vilas County,WI,rural,1516,78672,False,ffiec_ratio,157.0,98.0,21.0,77.0,34080000.0,21.429,False,77.0,0.05079,0.49045,123.36,"conversion - present, under-capturing",False,False
17119403404,Madison County,IL,metro,1462,88558,True,ffiec_ratio,119.0,78.0,1.0,77.0,12300000.0,1.282,True,77.0,0.05267,0.64706,117.47,siting - outside the footprint,False,False
55079005900,Milwaukee County,WI,metro,1479,49688,True,ffiec_ratio,148.0,79.0,2.0,77.0,12285000.0,2.532,False,77.0,0.05206,0.52027,144.25,"conversion - present, under-capturing",False,False
17031730400,Cook County,IL,metro,1342,95777,False,ffiec_ratio,153.0,78.0,1.0,77.0,13340000.0,1.282,True,77.0,0.05738,0.50327,151.04,siting - outside the footprint,False,False
55075961300,Marinette County,WI,micro,1373,71190,False,ffiec_ratio,119.0,83.0,6.0,77.0,11295000.0,7.229,False,77.0,0.05608,0.64706,110.4,"conversion - present, under-capturing",False,False
17119401722,Madison County,IL,metro,1326,83871,False,ffiec_ratio,124.0,79.0,2.0,77.0,11905000.0,2.532,False,77.0,0.05807,0.62097,120.86,"conversion - present, under-capturing",False,False
17031150401,Cook County,IL,metro,1822,96620,False,ffiec_ratio,125.0,77.0,0.0,77.0,22135000.0,0.0,False,77.0,0.04226,0.616,125.0,"conversion - present, capturing none",False,False
17121952000,Marion County,IL,micro,1845,87500,False,ffiec_ratio,124.0,77.0,0.0,77.0,9455000.0,0.0,True,77.0,0.04173,0.62097,124.0,siting - outside the footprint,False,False
17197880508,Will County,IL,metro,1228,126168,False,ffiec_ratio,139.0,77.0,0.0,77.0,16855000.0,0.0,True,77.0,0.0627,0.55396,139.0,siting - outside the footprint,False,False
17161022800,Rock Island County,IL,metro,1483,56850,True,ffiec_ratio,119.0,77.0,0.0,77.0,8465000.0,0.0,True,77.0,0.05192,0.64706,119.0,siting - outside the footprint,False,False
55059001401,Kenosha County,WI,metro,1059,123438,False,ffiec_ratio,106.0,78.0,1.0,77.0,17470000.0,1.282,False,77.0,0.07271,0.72642,104.64,"conversion - present, under-capturing",False,False
17097865300,Lake County,IL,metro,1105,231354,False,ffiec_ratio,116.0,77.0,0.0,77.0,37205000.0,0.0,True,77.0,0.06968,0.66379,116.0,siting - outside the footprint,False,False
55129950100,Washburn County,WI,rural,1146,83864,False,ffiec_ratio,115.0,79.0,2.0,77.0,20455000.0,2.532,False,77.0,0.06719,0.66957,112.09,"conversion - present, under-capturing",False,False
17091012200,Kankakee County,IL,metro,1313,67442,False,ffiec_ratio,126.0,77.0,0.0,77.0,12255000.0,0.0,True,77.0,0.05864,0.61111,126.0,siting - outside the footprint,False,False
17031801701,Cook County,IL,metro,1169,246705,False,ffiec_ratio,128.0,80.0,3.0,77.0,44750000.0,3.75,True,77.0,0.06587,0.60156,123.2,siting - outside the footprint,False,False
17031826600,Cook County,IL,metro,1521,44185,True,ffiec_ratio,194.0,77.0,0.0,77.0,10065000.0,0.0,True,77.0,0.05062,0.39691,194.0,siting - outside the footprint,False,False
17103000400,Lee County,IL,micro,2256,88210,False,ffiec_ratio,123.0,77.0,0.0,77.0,11725000.0,0.0,True,77.0,0.03413,0.62602,123.0,siting - outside the footprint,False,False
17113000502,McLean County,IL,metro,1061,111250,False,ffiec_ratio,105.0,77.0,0.0,77.0,12525000.0,0.0,True,77.0,0.07257,0.73333,105.0,siting - outside the footprint,False,False
17043845802,DuPage County,IL,metro,1505,115601,False,ffiec_ratio,131.0,77.0,0.0,77.0,17285000.0,0.0,True,77.0,0.05116,0.58779,131.0,siting - outside the footprint,False,False
17073030900,Henry County,IL,metro,1738,80833,True,ffiec_ratio,119.0,77.0,0.0,77.0,6565000.0,0.0,True,77.0,0.0443,0.64706,119.0,siting - outside the footprint,False,False
17143002701,Peoria County,IL,metro,1588,64651,True,ffiec_ratio,115.0,77.0,0.0,77.0,9135000.0,0.0,True,77.0,0.04849,0.66957,115.0,siting - outside the footprint,False,False
17043843301,DuPage County,IL,metro,1113,114625,False,ffiec_ratio,149.0,77.0,0.0,77.0,20775000.0,0.0,True,77.0,0.06918,0.51678,149.0,siting - outside the footprint,False,False
17201000402,Winnebago County,IL,metro,1288,90848,False,ffiec_ratio,126.0,80.0,3.0,77.0,12360000.0,3.75,False,77.0,0.05978,0.61111,121.28,"conversion - present, under-capturing",False,False
55025000100,Dane County,WI,metro,1351,143162,False,ffiec_ratio,113.0,77.0,0.0,77.0,20765000.0,0.0,False,77.0,0.05699,0.68142,113.0,"conversion - present, capturing none",False,False
17031170300,Cook County,IL,metro,1874,98493,False,ffiec_ratio,140.0,77.0,0.0,77.0,18935000.0,0.0,False,77.0,0.04109,0.55,140.0,"conversion - present, capturing none",False,False
17031817000,Cook County,IL,metro,1618,93587,True,ffiec_ratio,165.0,77.0,0.0,77.0,12365000.0,0.0,True,77.0,0.04759,0.46667,165.0,siting - outside the footprint,False,False
17089853005,Kane County,IL,metro,2133,73536,True,ffiec_ratio,116.0,77.0,0.0,77.0,17465000.0,0.0,False,77.0,0.0361,0.66379,116.0,"conversion - present, capturing none",False,False
55101001507,Racine County,WI,metro,1227,126400,False,ffiec_ratio,111.0,77.0,0.0,77.0,15525000.0,0.0,True,77.0,0.06275,0.69369,111.0,siting - outside the footprint,False,False
55073001401,Marathon County,WI,metro,1632,101002,False,ffiec_ratio,114.0,79.0,2.0,77.0,15525000.0,2.532,False,77.0,0.04718,0.67544,111.11,"conversion - present, under-capturing",False,False
17043841208,DuPage County,IL,metro,1803,93304,True,ffiec_ratio,159.0,77.0,0.0,77.0,18125000.0,0.0,True,77.0,0.04271,0.48428,159.0,siting - outside the footprint,False,False
17097864512,Lake County,IL,metro,1535,240278,False,ffiec_ratio,134.0,77.0,0.0,77.0,46565000.0,0.0,False,77.0,0.05016,0.57463,134.0,"conversion - present, capturing none",False,False
17031805501,Cook County,IL,metro,1561,184095,False,ffiec_ratio,129.0,77.0,1.0,76.0,35615000.0,1.299,True,76.0,0.04869,0.58915,127.32,siting - outside the footprint,False,False
55079090900,Milwaukee County,WI,metro,1725,120625,False,ffiec_ratio,105.0,79.0,3.0,76.0,23145000.0,3.797,False,76.0,0.04406,0.72381,101.01,"conversion - present, under-capturing",False,False
55079185300,Milwaukee County,WI,metro,2527,111354,False,ffiec_ratio,120.0,77.0,1.0,76.0,51095000.0,1.299,False,76.0,0.03008,0.63333,118.44,"conversion - present, under-capturing",False,False
17031830201,Cook County,IL,metro,2465,75843,False,ffiec_ratio,149.0,77.0,1.0,76.0,11725000.0,1.299,True,76.0,0.03083,0.51007,147.06,siting - outside the footprint,False,False
55059002500,Kenosha County,WI,metro,1588,127813,False,ffiec_ratio,132.0,80.0,4.0,76.0,19330000.0,5.0,False,76.0,0.04786,0.57576,125.4,"conversion - present, under-capturing",False,False
55097960900,Portage County,WI,micro,1447,82375,False,ffiec_ratio,107.0,80.0,4.0,76.0,12910000.0,5.0,False,76.0,0.05252,0.71028,101.65,"conversion - present, under-capturing",False,False
17031823303,Cook County,IL,metro,1656,82250,False,ffiec_ratio,154.0,77.0,1.0,76.0,16125000.0,1.299,True,76.0,0.04589,0.49351,152.0,siting - outside the footprint,False,False
17097864700,Lake County,IL,metro,1002,248750,False,ffiec_ratio,110.0,77.0,1.0,76.0,49385000.0,1.299,True,76.0,0.07585,0.69091,108.57,siting - outside the footprint,False,False
17031661000,Cook County,IL,metro,1997,96551,True,ffiec_ratio,143.0,77.0,1.0,76.0,15395000.0,1.299,True,76.0,0.03806,0.53147,141.14,siting - outside the footprint,False,False
55079170600,Milwaukee County,WI,metro,1523,73259,True,ffiec_ratio,119.0,78.0,2.0,76.0,15650000.0,2.564,False,76.0,0.0499,0.63866,115.95,"conversion - present, under-capturing",False,False
55095960302,Polk County,WI,rural,1089,69722,True,ffiec_ratio,122.0,76.0,0.0,76.0,23770000.0,0.0,True,76.0,0.06979,0.62295,122.0,siting - outside the footprint,False,False
17197883517,Will County,IL,metro,1293,101926,False,ffiec_ratio,111.0,76.0,0.0,76.0,20520000.0,0.0,True,76.0,0.05878,0.68468,111.0,siting - outside the footprint,False,False
17031730201,Cook County,IL,metro,2133,39288,True,ffiec_ratio,182.0,77.0,1.0,76.0,19445000.0,1.299,True,76.0,0.03563,0.41758,179.64,siting - outside the footprint,False,False
55009021500,Brown County,WI,metro,1194,106806,False,ffiec_ratio,101.0,80.0,4.0,76.0,15260000.0,5.0,True,76.0,0.06365,0.75248,95.95,siting - outside the footprint,False,False
55083100900,Oconto County,WI,metro,1294,91641,False,ffiec_ratio,116.0,81.0,5.0,76.0,12085000.0,6.173,False,76.0,0.05873,0.65517,108.84,"conversion - present, under-capturing",False,False
17043841308,DuPage County,IL,metro,1570,213750,False,ffiec_ratio,146.0,76.0,0.0,76.0,23310000.0,0.0,False,76.0,0.04841,0.52055,146.0,"conversion - present, capturing none",False,False
17095001300,Knox County,IL,micro,1672,103000,False,ffiec_ratio,156.0,76.0,0.0,76.0,8450000.0,0.0,True,76.0,0.04545,0.48718,156.0,siting - outside the footprint,False,False
55071005400,Manitowoc County,WI,micro,1228,90813,False,ffiec_ratio,126.0,78.0,2.0,76.0,19270000.0,2.564,False,76.0,0.06189,0.60317,122.77,"conversion - present, under-capturing",False,False
17031070400,Cook County,IL,metro,1558,250001,False,ffiec_ratio,114.0,76.0,0.0,76.0,53350000.0,0.0,False,76.0,0.04878,0.66667,114.0,"conversion - present, capturing none",False,False
17113000107,McLean County,IL,metro,1515,111372,False,ffiec_ratio,109.0,76.0,0.0,76.0,11210000.0,0.0,True,76.0,0.05017,0.69725,109.0,siting - outside the footprint,False,False
17043841103,DuPage County,IL,metro,1428,133028,False,ffiec_ratio,121.0,76.0,0.0,76.0,22300000.0,0.0,False,76.0,0.05322,0.6281,121.0,"conversion - present, capturing none",False,False
17197883521,Will County,IL,metro,1254,139948,False,ffiec_ratio,113.0,76.0,0.0,76.0,26880000.0,0.0,True,76.0,0.06061,0.67257,113.0,siting - outside the footprint,False,False
17143004200,Peoria County,IL,metro,1819,95774,False,ffiec_ratio,109.0,76.0,0.0,76.0,14480000.0,0.0,True,76.0,0.04178,0.69725,109.0,siting - outside the footprint,False,False
17031810502,Cook County,IL,metro,2104,111123,False,ffiec_ratio,143.0,76.0,0.0,76.0,19980000.0,0.0,False,76.0,0.03612,0.53147,143.0,"conversion - present, capturing none",False,False
55077960100,Marquette County,WI,rural,1297,80104,False,ffiec_ratio,131.0,77.0,1.0,76.0,14725000.0,1.299,False,76.0,0.0586,0.58015,129.3,"conversion - present, under-capturing",False,False
17031720200,Cook County,IL,metro,1425,136189,False,ffiec_ratio,145.0,77.0,1.0,76.0,41245000.0,1.299,True,76.0,0.05333,0.52414,143.12,siting - outside the footprint,False,False
17041952100,Douglas County,IL,rural,1652,92202,False,ffiec_ratio,117.0,76.0,0.0,76.0,10410000.0,0.0,True,76.0,0.046,0.64957,117.0,siting - outside the footprint,False,False
17137951900,Morgan County,IL,micro,1952,117682,False,ffiec_ratio,109.0,76.0,0.0,76.0,10010000.0,0.0,True,76.0,0.03893,0.69725,109.0,siting - outside the footprint,False,False
17043840101,DuPage County,IL,metro,1779,95225,False,ffiec_ratio,134.0,76.0,0.0,76.0,23680000.0,0.0,True,76.0,0.04272,0.56716,134.0,siting - outside the footprint,False,False
55025000201,Dane County,WI,metro,1108,141111,False,ffiec_ratio,90.0,76.0,0.0,76.0,24890000.0,0.0,False,76.0,0.06859,0.84444,90.0,"conversion - present, capturing none",False,False
17031070101,Cook County,IL,metro,2645,151602,False,ffiec_ratio,130.0,76.0,0.0,76.0,88300000.0,0.0,True,76.0,0.02873,0.58462,130.0,siting - outside the footprint,False,False
17031450300,Cook County,IL,metro,1441,73468,True,ffiec_ratio,170.0,76.0,0.0,76.0,12460000.0,0.0,True,76.0,0.05274,0.44706,170.0,siting - outside the footprint,False,False
17197880315,Will County,IL,metro,1178,171202,False,ffiec_ratio,138.0,76.0,0.0,76.0,26610000.0,0.0,True,76.0,0.06452,0.55072,138.0,siting - outside the footprint,False,False
17199020700,Williamson County,IL,micro,2101,73116,False,ffiec_ratio,132.0,76.0,0.0,76.0,8880000.0,0.0,True,76.0,0.03617,0.57576,132.0,siting - outside the footprint,False,False
17163501605,St. Clair County,IL,metro,1351,82407,False,ffiec_ratio,138.0,75.0,0.0,75.0,10135000.0,0.0,False,75.0,0.05551,0.54348,138.0,"conversion - present, capturing none",False,False
17043842300,DuPage County,IL,metro,1203,223447,False,ffiec_ratio,113.0,76.0,1.0,75.0,35330000.0,1.316,True,75.0,0.06234,0.66372,111.51,siting - outside the footprint,False,False
55101001201,Racine County,WI,metro,1499,80114,False,ffiec_ratio,146.0,76.0,1.0,75.0,10860000.0,1.316,False,75.0,0.05003,0.5137,144.08,"conversion - present, under-capturing",False,False
17031040202,Cook County,IL,metro,2839,78315,True,ffiec_ratio,149.0,76.0,1.0,75.0,21730000.0,1.316,False,75.0,0.02642,0.50336,147.04,"conversion - present, under-capturing",False,False
55007960401,Bayfield County,WI,rural,982,83750,False,ffiec_ratio,107.0,76.0,1.0,75.0,16130000.0,1.316,True,75.0,0.07637,0.70093,105.59,siting - outside the footprint,False,False
55087010501,Outagamie County,WI,metro,966,72604,True,ffiec_ratio,93.0,76.0,1.0,75.0,12420000.0,1.316,False,75.0,0.07764,0.80645,91.78,"conversion - present, under-capturing",False,False
55111001004,Sauk County,WI,micro,1477,86034,False,ffiec_ratio,131.0,79.0,4.0,75.0,18045000.0,5.063,False,75.0,0.05078,0.57252,124.37,"conversion - present, under-capturing",False,False
55103970500,Richland County,WI,rural,1643,76182,False,ffiec_ratio,125.0,75.0,0.0,75.0,11905000.0,0.0,True,75.0,0.04565,0.6,125.0,siting - outside the footprint,False,False
55139001200,Winnebago County,WI,metro,863,57426,True,ffiec_ratio,107.0,80.0,5.0,75.0,17010000.0,6.25,False,75.0,0.08691,0.70093,100.31,"conversion - present, under-capturing",False,False
17031802004,Cook County,IL,metro,2198,59028,True,ffiec_ratio,141.0,76.0,1.0,75.0,19990000.0,1.316,False,75.0,0.03412,0.53191,139.14,"conversion - present, under-capturing",False,False
17031827700,Cook County,IL,metro,878,64091,True,ffiec_ratio,164.0,76.0,1.0,75.0,9930000.0,1.316,True,75.0,0.08542,0.45732,161.84,siting - outside the footprint,False,False
55039041500,Fond du Lac County,WI,metro,1418,67276,False,ffiec_ratio,126.0,76.0,1.0,75.0,15880000.0,1.316,True,75.0,0.05289,0.59524,124.34,siting - outside the footprint,False,False
55079120300,Milwaukee County,WI,metro,853,96964,False,ffiec_ratio,128.0,76.0,1.0,75.0,11660000.0,1.316,False,75.0,0.08792,0.58594,126.32,"conversion - present, under-capturing",False,False
55063001102,La Crosse County,WI,metro,1991,68313,True,ffiec_ratio,103.0,77.0,2.0,75.0,13615000.0,2.597,False,75.0,0.03767,0.72816,100.33,"conversion - present, under-capturing",False,False
55125940000,Vilas County,WI,rural,1528,71875,True,ffiec_ratio,146.0,83.0,8.0,75.0,35205000.0,9.639,False,75.0,0.04908,0.5137,131.93,"conversion - present, under-capturing",False,False
55025001405,Dane County,WI,metro,2326,81314,True,ffiec_ratio,102.0,78.0,3.0,75.0,64280000.0,3.846,False,75.0,0.03224,0.73529,98.08,"conversion - present, under-capturing",False,False
55031020500,Douglas County,WI,metro,1186,112679,False,ffiec_ratio,107.0,75.0,0.0,75.0,11435000.0,0.0,True,75.0,0.06324,0.70093,107.0,siting - outside the footprint,False,False
55055100900,Jefferson County,WI,micro,1694,113839,False,ffiec_ratio,119.0,78.0,3.0,75.0,25040000.0,3.846,False,75.0,0.04427,0.63025,114.42,"conversion - present, under-capturing",False,False
55009020800,Brown County,WI,metro,1140,81625,False,ffiec_ratio,98.0,80.0,5.0,75.0,12160000.0,6.25,False,75.0,0.06579,0.76531,91.88,"conversion - present, under-capturing",False,False
55107960300,Rusk County,WI,rural,1015,69917,False,ffiec_ratio,123.0,78.0,3.0,75.0,13630000.0,3.846,True,75.0,0.07389,0.60976,118.27,siting - outside the footprint,False,False
17197881107,Will County,IL,metro,1020,136189,False,ffiec_ratio,126.0,76.0,1.0,75.0,15470000.0,1.316,True,75.0,0.07353,0.59524,124.34,siting - outside the footprint,False,False
17089851912,Kane County,IL,metro,1204,145833,False,ffiec_ratio,133.0,77.0,2.0,75.0,19125000.0,2.597,False,75.0,0.06229,0.56391,129.55,"conversion - present, under-capturing",False,False
17133600103,Monroe County,IL,metro,1494,87367,False,ffiec_ratio,114.0,77.0,2.0,75.0,15965000.0,2.597,False,75.0,0.0502,0.65789,111.04,"conversion - present, under-capturing",False,False
17031806001,Cook County,IL,metro,2520,79250,True,ffiec_ratio,138.0,75.0,0.0,75.0,13795000.0,0.0,False,75.0,0.02976,0.54348,138.0,"conversion - present, capturing none",False,False
55117011302,Sheboygan County,WI,metro,1194,102386,False,ffiec_ratio,110.0,77.0,2.0,75.0,15945000.0,2.597,True,75.0,0.06281,0.68182,107.14,siting - outside the footprint,False,False
55111001100,Sauk County,WI,micro,1538,102614,False,ffiec_ratio,99.0,75.0,0.0,75.0,15295000.0,0.0,True,75.0,0.04876,0.75758,99.0,siting - outside the footprint,False,False
17031838000,Cook County,IL,metro,1531,48144,True,ffiec_ratio,137.0,76.0,1.0,75.0,27020000.0,1.316,False,75.0,0.04899,0.54745,135.2,"conversion - present, under-capturing",False,False
55019950700,Clark County,WI,rural,1435,89271,False,ffiec_ratio,104.0,75.0,0.0,75.0,11125000.0,0.0,True,75.0,0.05226,0.72115,104.0,siting - outside the footprint,False,False
17031820502,Cook County,IL,metro,2163,87857,True,ffiec_ratio,123.0,76.0,1.0,75.0,16160000.0,1.316,True,75.0,0.03467,0.60976,121.38,siting - outside the footprint,False,False
17031805302,Cook County,IL,metro,1365,114808,False,ffiec_ratio,156.0,75.0,0.0,75.0,24655000.0,0.0,False,75.0,0.05495,0.48077,156.0,"conversion - present, capturing none",False,False
17105960400,Livingston County,IL,micro,1345,103967,False,ffiec_ratio,104.0,75.0,0.0,75.0,11195000.0,0.0,True,75.0,0.05576,0.72115,104.0,siting - outside the footprint,False,False
17121952400,Marion County,IL,micro,1669,94750,False,ffiec_ratio,121.0,75.0,0.0,75.0,9205000.0,0.0,True,75.0,0.04494,0.61983,121.0,siting - outside the footprint,False,False
17031243300,Cook County,IL,metro,1416,239167,False,ffiec_ratio,116.0,75.0,0.0,75.0,55375000.0,0.0,False,75.0,0.05297,0.64655,116.0,"conversion - present, capturing none",False,False
17031826301,Cook County,IL,metro,1431,77235,True,ffiec_ratio,189.0,75.0,0.0,75.0,11925000.0,0.0,True,75.0,0.05241,0.39683,189.0,siting - outside the footprint,False,False
17097864517,Lake County,IL,metro,1050,250001,False,ffiec_ratio,126.0,75.0,0.0,75.0,29625000.0,0.0,True,75.0,0.07143,0.59524,126.0,siting - outside the footprint,False,False
55031020900,Douglas County,WI,metro,927,119167,False,ffiec_ratio,103.0,75.0,0.0,75.0,11555000.0,0.0,True,75.0,0.08091,0.72816,103.0,siting - outside the footprint,False,False
17161022900,Rock Island County,IL,metro,1286,82372,False,ffiec_ratio,109.0,75.0,0.0,75.0,8505000.0,0.0,True,75.0,0.05832,0.68807,109.0,siting - outside the footprint,False,False
17197882300,Will County,IL,metro,1347,68235,True,ffiec_ratio,131.0,75.0,0.0,75.0,11335000.0,0.0,True,75.0,0.05568,0.57252,131.0,siting - outside the footprint,False,False
17031816000,Cook County,IL,metro,1679,119435,False,ffiec_ratio,123.0,75.0,0.0,75.0,31595000.0,0.0,True,75.0,0.04467,0.60976,123.0,siting - outside the footprint,False,False
17161024200,Rock Island County,IL,metro,2181,84265,False,ffiec_ratio,119.0,75.0,0.0,75.0,10305000.0,0.0,True,75.0,0.03439,0.63025,119.0,siting - outside the footprint,False,False
17177001000,Stephenson County,IL,micro,1963,80948,False,ffiec_ratio,124.0,75.0,0.0,75.0,8775000.0,0.0,True,75.0,0.03821,0.60484,124.0,siting - outside the footprint,False,False
55117010502,Sheboygan County,WI,metro,1686,98611,False,ffiec_ratio,108.0,76.0,1.0,75.0,19900000.0,1.316,False,75.0,0.04448,0.69444,106.58,"conversion - present, under-capturing",False,False
17031806900,Cook County,IL,metro,2350,117014,False,ffiec_ratio,167.0,75.0,0.0,75.0,51045000.0,0.0,False,75.0,0.03191,0.4491,167.0,"conversion - present, capturing none",False,False
17197880423,Will County,IL,metro,1152,129275,False,ffiec_ratio,125.0,75.0,0.0,75.0,19315000.0,0.0,True,75.0,0.0651,0.6,125.0,siting - outside the footprint,False,False
55113100501,Sawyer County,WI,rural,854,88611,False,ffiec_ratio,122.0,80.0,5.0,75.0,21180000.0,6.25,False,75.0,0.08782,0.61475,114.38,"conversion - present, under-capturing",False,False
17031801300,Cook County,IL,metro,1736,250001,False,ffiec_ratio,139.0,75.0,0.0,75.0,53195000.0,0.0,True,75.0,0.0432,0.53957,139.0,siting - outside the footprint,False,False
17099962800,LaSalle County,IL,micro,1426,67344,False,ffiec_ratio,119.0,75.0,0.0,75.0,9665000.0,0.0,True,75.0,0.05259,0.63025,119.0,siting - outside the footprint,False,False
17113000507,McLean County,IL,metro,954,178917,False,ffiec_ratio,107.0,75.0,0.0,75.0,17845000.0,0.0,True,75.0,0.07862,0.70093,107.0,siting - outside the footprint,False,False
17197883210,Will County,IL,metro,1361,157083,False,ffiec_ratio,119.0,75.0,0.0,75.0,17265000.0,0.0,True,75.0,0.05511,0.63025,119.0,siting - outside the footprint,False,False
17089853006,Kane County,IL,metro,1264,92351,True,ffiec_ratio,120.0,75.0,0.0,75.0,14735000.0,0.0,False,75.0,0.05934,0.625,120.0,"conversion - present, capturing none",False,False
17063000300,Grundy County,IL,metro,1562,96000,True,ffiec_ratio,111.0,75.0,0.0,75.0,11615000.0,0.0,True,75.0,0.04802,0.67568,111.0,siting - outside the footprint,False,False
17031700200,Cook County,IL,metro,1850,88977,False,ffiec_ratio,160.0,74.0,0.0,74.0,13450000.0,0.0,True,74.0,0.04,0.4625,160.0,siting - outside the footprint,False,False
17031843700,Cook County,IL,metro,1088,225417,False,ffiec_ratio,121.0,74.0,0.0,74.0,57220000.0,0.0,True,74.0,0.06801,0.61157,121.0,siting - outside the footprint,False,False
55041950200,Forest County,WI,rural,1102,72167,True,ffiec_ratio,106.0,77.0,3.0,74.0,11065000.0,3.896,False,74.0,0.06715,0.69811,101.87,"conversion - present, under-capturing",False,False
17119403300,Madison County,IL,metro,1255,78409,False,ffiec_ratio,128.0,75.0,1.0,74.0,9585000.0,1.333,True,74.0,0.05896,0.57813,126.29,siting - outside the footprint,False,False
55063000200,La Crosse County,WI,metro,2539,50714,True,ffiec_ratio,119.0,77.0,3.0,74.0,13995000.0,3.896,False,74.0,0.02915,0.62185,114.36,"conversion - present, under-capturing",False,False
17031834400,Cook County,IL,metro,1952,98409,False,ffiec_ratio,155.0,75.0,1.0,74.0,30505000.0,1.333,False,74.0,0.03791,0.47742,152.93,"conversion - present, under-capturing",False,False
55079019100,Milwaukee County,WI,metro,1651,71731,False,ffiec_ratio,96.0,74.0,0.0,74.0,14650000.0,0.0,False,74.0,0.04482,0.77083,96.0,"conversion - present, capturing none",False,False
55073001105,Marathon County,WI,metro,912,90250,False,ffiec_ratio,109.0,75.0,1.0,74.0,18045000.0,1.333,False,74.0,0.08114,0.6789,107.55,"conversion - present, under-capturing",False,False
17031825803,Cook County,IL,metro,2413,77401,True,ffiec_ratio,169.0,76.0,2.0,74.0,11500000.0,2.632,True,74.0,0.03067,0.43787,164.55,siting - outside the footprint,False,False
17031243200,Cook County,IL,metro,1172,250001,False,ffiec_ratio,133.0,74.0,0.0,74.0,45570000.0,0.0,False,74.0,0.06314,0.55639,133.0,"conversion - present, capturing none",False,False
17031831600,Cook County,IL,metro,2721,76706,True,ffiec_ratio,153.0,76.0,2.0,74.0,23050000.0,2.632,True,74.0,0.0272,0.48366,148.97,siting - outside the footprint,False,False
55073002000,Marathon County,WI,metro,1933,84091,True,ffiec_ratio,115.0,79.0,5.0,74.0,12505000.0,6.329,False,74.0,0.03828,0.64348,107.72,"conversion - present, under-capturing",False,False
55079035100,Milwaukee County,WI,metro,729,250001,False,ffiec_ratio,116.0,82.0,8.0,74.0,44160000.0,9.756,False,74.0,0.10151,0.63793,104.68,"conversion - present, under-capturing",False,False
17031010600,Cook County,IL,metro,3132,124725,False,ffiec_ratio,149.0,75.0,1.0,74.0,31135000.0,1.333,False,74.0,0.02363,0.49664,147.01,"conversion - present, under-capturing",False,False
55129950300,Washburn County,WI,rural,1297,77717,False,ffiec_ratio,113.0,75.0,1.0,74.0,18775000.0,1.333,False,74.0,0.05705,0.65487,111.49,"conversion - present, under-capturing",False,False
17031806004,Cook County,IL,metro,3211,83317,False,ffiec_ratio,153.0,75.0,1.0,74.0,25695000.0,1.333,False,74.0,0.02305,0.48366,150.96,"conversion - present, under-capturing",False,False
17203030602,Woodford County,IL,metro,1355,120938,False,ffiec_ratio,100.0,74.0,0.0,74.0,15580000.0,0.0,True,74.0,0.05461,0.74,100.0,siting - outside the footprint,False,False
55029101000,Door County,WI,rural,1015,108594,False,ffiec_ratio,92.0,77.0,3.0,74.0,22265000.0,3.896,False,74.0,0.07291,0.80435,88.42,"conversion - present, under-capturing",False,False
55033970802,Dunn County,WI,micro,1689,88750,False,ffiec_ratio,116.0,76.0,2.0,74.0,25110000.0,2.632,True,74.0,0.04381,0.63793,112.95,siting - outside the footprint,False,False
17197883209,Will County,IL,metro,946,100673,False,ffiec_ratio,121.0,74.0,0.0,74.0,13230000.0,0.0,True,74.0,0.07822,0.61157,121.0,siting - outside the footprint,False,False
17195000600,Whiteside County,IL,micro,1654,83603,False,ffiec_ratio,114.0,74.0,0.0,74.0,11600000.0,0.0,True,74.0,0.04474,0.64912,114.0,siting - outside the footprint,False,False
17115002800,Macon County,IL,metro,1540,100431,False,ffiec_ratio,112.0,74.0,0.0,74.0,9250000.0,0.0,True,74.0,0.04805,0.66071,112.0,siting - outside the footprint,False,False
17113000504,McLean County,IL,metro,2414,81000,True,ffiec_ratio,114.0,74.0,0.0,74.0,11960000.0,0.0,True,74.0,0.03065,0.64912,114.0,siting - outside the footprint,False,False
17197883216,Will County,IL,metro,1184,127703,False,ffiec_ratio,115.0,74.0,0.0,74.0,15800000.0,0.0,True,74.0,0.0625,0.64348,115.0,siting - outside the footprint,False,False
17127970100,Massac County,IL,metro,1747,88936,False,ffiec_ratio,120.0,74.0,0.0,74.0,10920000.0,0.0,True,74.0,0.04236,0.61667,120.0,siting - outside the footprint,False,False
17031804610,Cook County,IL,metro,1274,89180,False,ffiec_ratio,127.0,75.0,1.0,74.0,17065000.0,1.333,False,74.0,0.05808,0.58268,125.31,"conversion - present, under-capturing",False,False
55053960100,Jackson County,WI,rural,1407,73750,False,ffiec_ratio,113.0,74.0,0.0,74.0,11610000.0,0.0,True,74.0,0.05259,0.65487,113.0,siting - outside the footprint,False,False
55131420402,Washington County,WI,metro,1165,91711,False,ffiec_ratio,124.0,80.0,6.0,74.0,13720000.0,7.5,False,74.0,0.06352,0.59677,114.7,"conversion - present, under-capturing",False,False
17031822101,Cook County,IL,metro,1551,114750,False,ffiec_ratio,131.0,74.0,0.0,74.0,15560000.0,0.0,True,74.0,0.04771,0.56489,131.0,siting - outside the footprint,False,False
55139002500,Winnebago County,WI,metro,2312,104324,True,ffiec_ratio,100.0,76.0,2.0,74.0,20310000.0,2.632,False,74.0,0.03201,0.74,97.37,"conversion - present, under-capturing",False,False
17031720300,Cook County,IL,metro,1475,176830,False,ffiec_ratio,114.0,74.0,0.0,74.0,23640000.0,0.0,True,74.0,0.05017,0.64912,114.0,siting - outside the footprint,False,False
17031807400,Cook County,IL,metro,2313,114375,False,ffiec_ratio,139.0,74.0,0.0,74.0,24510000.0,0.0,False,74.0,0.03199,0.53237,139.0,"conversion - present, capturing none",False,False
17161020102,Rock Island County,IL,metro,1455,128452,False,ffiec_ratio,116.0,74.0,0.0,74.0,13800000.0,0.0,True,74.0,0.05086,0.63793,116.0,siting - outside the footprint,False,False
17163501606,St. Clair County,IL,metro,1538,66750,True,ffiec_ratio,124.0,74.0,0.0,74.0,8530000.0,0.0,False,74.0,0.04811,0.59677,124.0,"conversion - present, capturing none",False,False
17031750400,Cook County,IL,metro,1276,135688,False,ffiec_ratio,139.0,74.0,0.0,74.0,16280000.0,0.0,True,74.0,0.05799,0.53237,139.0,siting - outside the footprint,False,False
17037001500,DeKalb County,IL,metro,1572,67188,True,ffiec_ratio,121.0,74.0,0.0,74.0,11980000.0,0.0,True,74.0,0.04707,0.61157,121.0,siting - outside the footprint,False,False
17031805106,Cook County,IL,metro,1307,125405,False,ffiec_ratio,131.0,74.0,0.0,74.0,16490000.0,0.0,True,74.0,0.05662,0.56489,131.0,siting - outside the footprint,False,False
17031806102,Cook County,IL,metro,1675,116716,False,ffiec_ratio,137.0,74.0,0.0,74.0,21240000.0,0.0,True,74.0,0.04418,0.54015,137.0,siting - outside the footprint,False,False
17197883401,Will County,IL,metro,1665,94798,False,ffiec_ratio,129.0,74.0,0.0,74.0,16910000.0,0.0,True,74.0,0.04444,0.57364,129.0,siting - outside the footprint,False,False
17137952100,Morgan County,IL,micro,1756,85000,False,ffiec_ratio,121.0,74.0,0.0,74.0,30860000.0,0.0,True,74.0,0.04214,0.61157,121.0,siting - outside the footprint,False,False
55059000900,Kenosha County,WI,metro,1482,57067,True,ffiec_ratio,129.0,74.0,1.0,73.0,10060000.0,1.351,False,73.0,0.04926,0.56589,127.26,"conversion - present, under-capturing",False,False
17097860200,Lake County,IL,metro,1232,75625,True,ffiec_ratio,142.0,73.0,0.0,73.0,11775000.0,0.0,True,73.0,0.05925,0.51408,142.0,siting - outside the footprint,False,False
17031822302,Cook County,IL,metro,1645,122763,False,ffiec_ratio,127.0,74.0,1.0,73.0,15290000.0,1.351,True,73.0,0.04438,0.5748,125.28,siting - outside the footprint,False,False
55079090800,Milwaukee County,WI,metro,979,163516,False,ffiec_ratio,99.0,74.0,1.0,73.0,21840000.0,1.351,False,73.0,0.07457,0.73737,97.66,"conversion - present, under-capturing",False,False
55057100600,Juneau County,WI,rural,1314,80703,False,ffiec_ratio,111.0,73.0,0.0,73.0,12575000.0,0.0,True,73.0,0.05556,0.65766,111.0,siting - outside the footprint,False,False
17031805110,Cook County,IL,metro,1969,122161,False,ffiec_ratio,146.0,74.0,1.0,73.0,21960000.0,1.351,True,73.0,0.03707,0.5,144.03,siting - outside the footprint,False,False
17201000103,Winnebago County,IL,metro,1059,85972,True,ffiec_ratio,114.0,73.0,0.0,73.0,8885000.0,0.0,False,73.0,0.06893,0.64035,114.0,"conversion - present, capturing none",False,False
55133201001,Waukesha County,WI,metro,1004,175679,False,ffiec_ratio,121.0,80.0,7.0,73.0,35830000.0,8.75,False,73.0,0.07271,0.60331,110.41,"conversion - present, under-capturing",False,False
17031820103,Cook County,IL,metro,1689,129107,False,ffiec_ratio,136.0,74.0,1.0,73.0,27690000.0,1.351,True,73.0,0.04322,0.53676,134.16,siting - outside the footprint,False,False
17111870106,McHenry County,IL,metro,925,127121,False,ffiec_ratio,121.0,75.0,2.0,73.0,20145000.0,2.667,True,73.0,0.07892,0.60331,117.77,siting - outside the footprint,False,False
17007010601,Boone County,IL,metro,1259,103065,False,ffiec_ratio,115.0,74.0,1.0,73.0,14810000.0,1.351,True,73.0,0.05798,0.63478,113.45,siting - outside the footprint,False,False
55059000501,Kenosha County,WI,metro,980,89583,False,ffiec_ratio,127.0,73.0,0.0,73.0,11535000.0,0.0,True,73.0,0.07449,0.5748,127.0,siting - outside the footprint,False,False
17031120200,Cook County,IL,metro,1805,184662,False,ffiec_ratio,123.0,76.0,3.0,73.0,29670000.0,3.947,False,73.0,0.04044,0.5935,118.15,"conversion - present, under-capturing",False,False
17031440300,Cook County,IL,metro,2160,102688,False,ffiec_ratio,207.0,73.0,0.0,73.0,15285000.0,0.0,True,73.0,0.0338,0.35266,207.0,siting - outside the footprint,False,False
55073000602,Marathon County,WI,metro,1492,73056,True,ffiec_ratio,100.0,74.0,1.0,73.0,8170000.0,1.351,False,73.0,0.04893,0.73,98.65,"conversion - present, under-capturing",False,False
55087010900,Outagamie County,WI,metro,873,108026,False,ffiec_ratio,93.0,77.0,4.0,73.0,15135000.0,5.195,False,73.0,0.08362,0.78495,88.17,"conversion - present, under-capturing",False,False
17027900403,Clinton County,IL,metro,1572,99417,False,ffiec_ratio,103.0,73.0,0.0,73.0,10055000.0,0.0,True,73.0,0.04644,0.70874,103.0,siting - outside the footprint,False,False
17043842711,DuPage County,IL,metro,953,198813,False,ffiec_ratio,102.0,73.0,0.0,73.0,25245000.0,0.0,True,73.0,0.0766,0.71569,102.0,siting - outside the footprint,False,False
17031811402,Cook County,IL,metro,1347,107782,False,ffiec_ratio,127.0,73.0,0.0,73.0,14815000.0,0.0,True,73.0,0.05419,0.5748,127.0,siting - outside the footprint,False,False
17197881500,Will County,IL,metro,1201,92163,False,ffiec_ratio,128.0,73.0,0.0,73.0,12885000.0,0.0,True,73.0,0.06078,0.57031,128.0,siting - outside the footprint,False,False
17031817101,Cook County,IL,metro,1647,70694,True,ffiec_ratio,192.0,73.0,0.0,73.0,13395000.0,0.0,True,73.0,0.04432,0.38021,192.0,siting - outside the footprint,False,False
17037000300,DeKalb County,IL,metro,969,104861,False,ffiec_ratio,135.0,73.0,0.0,73.0,16545000.0,0.0,True,73.0,0.07534,0.54074,135.0,siting - outside the footprint,False,False
17043840303,DuPage County,IL,metro,1416,53723,True,ffiec_ratio,108.0,73.0,0.0,73.0,23545000.0,0.0,True,73.0,0.05155,0.67593,108.0,siting - outside the footprint,False,False
17099961800,LaSalle County,IL,micro,1575,91667,False,ffiec_ratio,124.0,73.0,0.0,73.0,13925000.0,0.0,True,73.0,0.04635,0.58871,124.0,siting - outside the footprint,False,False
17143003200,Peoria County,IL,metro,2320,73824,False,ffiec_ratio,107.0,74.0,1.0,73.0,19790000.0,1.351,True,73.0,0.03147,0.68224,105.55,siting - outside the footprint,False,False
17031620300,Cook County,IL,metro,2260,92670,True,ffiec_ratio,143.0,74.0,1.0,73.0,12700000.0,1.351,True,73.0,0.0323,0.51049,141.07,siting - outside the footprint,False,False
17029000500,Coles County,IL,micro,2520,61707,True,ffiec_ratio,209.0,73.0,0.0,73.0,6565000.0,0.0,True,73.0,0.02897,0.34928,209.0,siting - outside the footprint,False,False
17031827805,Cook County,IL,metro,946,99797,False,ffiec_ratio,174.0,73.0,0.0,73.0,14785000.0,0.0,True,73.0,0.07717,0.41954,174.0,siting - outside the footprint,False,False
17031221200,Cook County,IL,metro,1285,127764,False,ffiec_ratio,114.0,73.0,0.0,73.0,42335000.0,0.0,True,73.0,0.05681,0.64035,114.0,siting - outside the footprint,False,False
17107952900,Logan County,IL,micro,1396,87138,False,ffiec_ratio,120.0,73.0,0.0,73.0,9455000.0,0.0,True,73.0,0.05229,0.60833,120.0,siting - outside the footprint,False,False
17031730500,Cook County,IL,metro,1840,87241,True,ffiec_ratio,175.0,74.0,1.0,73.0,11840000.0,1.351,True,73.0,0.03967,0.41714,172.64,siting - outside the footprint,False,False
17091012100,Kankakee County,IL,metro,1470,54397,False,ffiec_ratio,127.0,73.0,0.0,73.0,11025000.0,0.0,True,73.0,0.04966,0.5748,127.0,siting - outside the footprint,False,False
17031062100,Cook County,IL,metro,2186,227426,False,ffiec_ratio,109.0,73.0,0.0,73.0,51665000.0,0.0,True,73.0,0.03339,0.66972,109.0,siting - outside the footprint,False,False
55119960400,Taylor County,WI,rural,1955,96066,False,ffiec_ratio,105.0,74.0,1.0,73.0,13370000.0,1.351,False,73.0,0.03734,0.69524,103.58,"conversion - present, under-capturing",False,False
17031817600,Cook County,IL,metro,1270,52012,True,ffiec_ratio,149.0,73.0,0.0,73.0,16595000.0,0.0,True,73.0,0.05748,0.48993,149.0,siting - outside the footprint,False,False
17031063000,Cook County,IL,metro,1800,236125,False,ffiec_ratio,112.0,73.0,0.0,73.0,63975000.0,0.0,True,73.0,0.04056,0.65179,112.0,siting - outside the footprint,False,False
17031820104,Cook County,IL,metro,1818,121417,False,ffiec_ratio,118.0,73.0,0.0,73.0,21025000.0,0.0,True,73.0,0.04015,0.61864,118.0,siting - outside the footprint,False,False
17031242300,Cook County,IL,metro,1646,168068,False,ffiec_ratio,108.0,73.0,0.0,73.0,69745000.0,0.0,False,73.0,0.04435,0.67593,108.0,"conversion - present, capturing none",False,False
55079003500,Milwaukee County,WI,metro,1293,79333,True,ffiec_ratio,156.0,74.0,1.0,73.0,10640000.0,1.351,False,73.0,0.05646,0.46795,153.89,"conversion - present, under-capturing",False,False
17143002702,Peoria County,IL,metro,1696,83872,False,ffiec_ratio,113.0,73.0,0.0,73.0,7885000.0,0.0,True,73.0,0.04304,0.64602,113.0,siting - outside the footprint,False,False
17087977600,Johnson County,IL,rural,1653,84306,False,ffiec_ratio,145.0,73.0,0.0,73.0,13785000.0,0.0,True,73.0,0.04416,0.50345,145.0,siting - outside the footprint,False,False
17097860808,Lake County,IL,metro,1134,104917,False,ffiec_ratio,135.0,73.0,0.0,73.0,19885000.0,0.0,True,73.0,0.06437,0.54074,135.0,siting - outside the footprint,False,False
17111871209,McHenry County,IL,metro,1561,64348,True,ffiec_ratio,112.0,72.0,0.0,72.0,13280000.0,0.0,False,72.0,0.04612,0.64286,112.0,"conversion - present, capturing none",False,False
17031827600,Cook County,IL,metro,922,52405,True,ffiec_ratio,144.0,73.0,1.0,72.0,9275000.0,1.37,True,72.0,0.07809,0.5,142.03,siting - outside the footprint,False,False
55049950600,Iowa County,WI,metro,1490,111719,False,ffiec_ratio,124.0,73.0,1.0,72.0,15165000.0,1.37,True,72.0,0.04832,0.58065,122.3,siting - outside the footprint,False,False
55133202902,Waukesha County,WI,metro,1848,81316,True,ffiec_ratio,89.0,74.0,2.0,72.0,27650000.0,2.703,False,72.0,0.03896,0.80899,86.59,"conversion - present, under-capturing",False,False
55079170200,Milwaukee County,WI,metro,1534,102443,True,ffiec_ratio,112.0,74.0,2.0,72.0,12790000.0,2.703,False,72.0,0.04694,0.64286,108.97,"conversion - present, under-capturing",False,False
55057100200,Juneau County,WI,rural,1414,86172,False,ffiec_ratio,119.0,72.0,0.0,72.0,13660000.0,0.0,True,72.0,0.05092,0.60504,119.0,siting - outside the footprint,False,False
17031802702,Cook County,IL,metro,1567,130104,False,ffiec_ratio,123.0,72.0,0.0,72.0,22700000.0,0.0,True,72.0,0.04595,0.58537,123.0,siting - outside the footprint,False,False
55079100900,Milwaukee County,WI,metro,1944,93068,True,ffiec_ratio,118.0,74.0,2.0,72.0,12080000.0,2.703,False,72.0,0.03704,0.61017,114.81,"conversion - present, under-capturing",False,False
55009940003,Brown County,WI,metro,1448,96724,False,ffiec_ratio,107.0,77.0,5.0,72.0,14895000.0,6.494,False,72.0,0.04972,0.6729,100.05,"conversion - present, under-capturing",False,False
55125950602,Vilas County,WI,rural,914,90361,False,ffiec_ratio,125.0,77.0,5.0,72.0,29785000.0,6.494,False,72.0,0.07877,0.576,116.88,"conversion - present, under-capturing",False,False
17089851102,Kane County,IL,metro,1261,92679,True,ffiec_ratio,118.0,73.0,1.0,72.0,15685000.0,1.37,False,72.0,0.0571,0.61017,116.38,"conversion - present, under-capturing",False,False
17031802609,Cook County,IL,metro,2933,80804,True,ffiec_ratio,138.0,73.0,1.0,72.0,12505000.0,1.37,True,72.0,0.02455,0.52174,136.11,siting - outside the footprint,False,False
55079003100,Milwaukee County,WI,metro,1269,65661,True,ffiec_ratio,161.0,74.0,2.0,72.0,10410000.0,2.703,False,72.0,0.05674,0.4472,156.65,"conversion - present, under-capturing",False,False
55119960100,Taylor County,WI,rural,1658,77736,False,ffiec_ratio,116.0,76.0,4.0,72.0,12470000.0,5.263,False,72.0,0.04343,0.62069,109.89,"conversion - present, under-capturing",False,False
55025012201,Dane County,WI,metro,1144,124655,False,ffiec_ratio,94.0,73.0,1.0,72.0,15725000.0,1.37,False,72.0,0.06294,0.76596,92.71,"conversion - present, under-capturing",False,False
17103000900,Lee County,IL,micro,1289,87009,False,ffiec_ratio,123.0,72.0,0.0,72.0,12270000.0,0.0,True,72.0,0.05586,0.58537,123.0,siting - outside the footprint,False,False
17043841322,DuPage County,IL,metro,1386,112375,False,ffiec_ratio,131.0,72.0,0.0,72.0,17080000.0,0.0,True,72.0,0.05195,0.54962,131.0,siting - outside the footprint,False,False
17031817900,Cook County,IL,metro,2370,100022,False,ffiec_ratio,174.0,73.0,1.0,72.0,13255000.0,1.37,True,72.0,0.03038,0.41379,171.62,siting - outside the footprint,False,False
17201000514,Winnebago County,IL,metro,1501,93792,False,ffiec_ratio,127.0,72.0,0.0,72.0,21050000.0,0.0,False,72.0,0.04797,0.56693,127.0,"conversion - present, capturing none",False,False
17167002600,Sangamon County,IL,metro,1492,47981,True,ffiec_ratio,103.0,72.0,0.0,72.0,6030000.0,0.0,True,72.0,0.04826,0.69903,103.0,siting - outside the footprint,False,False
17031490902,Cook County,IL,metro,1804,95366,False,ffiec_ratio,170.0,72.0,0.0,72.0,13030000.0,0.0,True,72.0,0.03991,0.42353,170.0,siting - outside the footprint,False,False
17031822801,Cook County,IL,metro,1418,163421,False,ffiec_ratio,116.0,72.0,0.0,72.0,14120000.0,0.0,True,72.0,0.05078,0.62069,116.0,siting - outside the footprint,False,False
17031760803,Cook County,IL,metro,3052,88000,True,ffiec_ratio,121.0,72.0,0.0,72.0,15150000.0,0.0,True,72.0,0.02359,0.59504,121.0,siting - outside the footprint,False,False
55115100200,Shawano County,WI,micro,972,74583,False,ffiec_ratio,111.0,74.0,2.0,72.0,14410000.0,2.703,False,72.0,0.07407,0.64865,108.0,"conversion - present, under-capturing",False,False
17095000500,Knox County,IL,micro,1603,68958,False,ffiec_ratio,104.0,72.0,0.0,72.0,7010000.0,0.0,True,72.0,0.04492,0.69231,104.0,siting - outside the footprint,False,False
17089853004,Kane County,IL,metro,1378,102763,True,ffiec_ratio,109.0,72.0,0.0,72.0,15770000.0,0.0,False,72.0,0.05225,0.66055,109.0,"conversion - present, capturing none",False,False
55117010400,Sheboygan County,WI,metro,986,104688,False,ffiec_ratio,107.0,75.0,3.0,72.0,14125000.0,4.0,False,72.0,0.07302,0.6729,102.72,"conversion - present, under-capturing",False,False
17141960900,Ogle County,IL,micro,2089,81106,False,ffiec_ratio,117.0,72.0,0.0,72.0,9840000.0,0.0,True,72.0,0.03447,0.61538,117.0,siting - outside the footprint,False,False
17031241100,Cook County,IL,metro,1756,138611,False,ffiec_ratio,136.0,72.0,0.0,72.0,34980000.0,0.0,False,72.0,0.041,0.52941,136.0,"conversion - present, capturing none",False,False
17043844901,DuPage County,IL,metro,1672,184271,False,ffiec_ratio,108.0,73.0,1.0,72.0,60315000.0,1.37,True,72.0,0.04306,0.66667,106.52,siting - outside the footprint,False,False
17031814700,Cook County,IL,metro,1849,97306,False,ffiec_ratio,153.0,72.0,0.0,72.0,18920000.0,0.0,True,72.0,0.03894,0.47059,153.0,siting - outside the footprint,False,False
17031802505,Cook County,IL,metro,2656,97042,True,ffiec_ratio,114.0,72.0,0.0,72.0,85330000.0,0.0,True,72.0,0.02711,0.63158,114.0,siting - outside the footprint,False,False
17031805401,Cook County,IL,metro,1615,165143,False,ffiec_ratio,114.0,74.0,2.0,72.0,23130000.0,2.703,False,72.0,0.04458,0.63158,110.92,"conversion - present, under-capturing",False,False
17107953300,Logan County,IL,micro,1564,89025,False,ffiec_ratio,112.0,72.0,0.0,72.0,7190000.0,0.0,True,72.0,0.04604,0.64286,112.0,siting - outside the footprint,False,False
17043846523,DuPage County,IL,metro,839,186167,False,ffiec_ratio,103.0,72.0,0.0,72.0,29200000.0,0.0,True,72.0,0.08582,0.69903,103.0,siting - outside the footprint,False,False
17167000504,Sangamon County,IL,metro,1263,88892,False,ffiec_ratio,106.0,72.0,0.0,72.0,8120000.0,0.0,True,72.0,0.05701,0.67925,106.0,siting - outside the footprint,False,False
17111870301,McHenry County,IL,metro,1733,68389,True,ffiec_ratio,124.0,72.0,0.0,72.0,47800000.0,0.0,True,72.0,0.04155,0.58065,124.0,siting - outside the footprint,False,False
17141961100,Ogle County,IL,micro,1554,86150,False,ffiec_ratio,102.0,72.0,0.0,72.0,12020000.0,0.0,True,72.0,0.04633,0.70588,102.0,siting - outside the footprint,False,False
55009000402,Brown County,WI,metro,914,87578,False,ffiec_ratio,104.0,73.0,2.0,71.0,12705000.0,2.74,False,71.0,0.07768,0.68269,101.15,"conversion - present, under-capturing",False,False
17163504358,St. Clair County,IL,metro,1491,91594,False,ffiec_ratio,127.0,71.0,0.0,71.0,21175000.0,0.0,True,71.0,0.04762,0.55906,127.0,siting - outside the footprint,False,False
55067960500,Langlade County,WI,rural,880,78194,True,ffiec_ratio,97.0,72.0,1.0,71.0,10390000.0,1.389,False,71.0,0.08068,0.73196,95.65,"conversion - present, under-capturing",False,False
17043841002,DuPage County,IL,metro,1216,160924,False,ffiec_ratio,141.0,72.0,1.0,71.0,21400000.0,1.389,False,71.0,0.05839,0.50355,139.04,"conversion - present, under-capturing",False,False
55101001802,Racine County,WI,metro,1137,155208,False,ffiec_ratio,113.0,72.0,1.0,71.0,25270000.0,1.389,True,71.0,0.06245,0.62832,111.43,siting - outside the footprint,False,False
55079180100,Milwaukee County,WI,metro,1396,81042,False,ffiec_ratio,117.0,73.0,2.0,71.0,13265000.0,2.74,False,71.0,0.05086,0.60684,113.79,"conversion - present, under-capturing",False,False
55139002700,Winnebago County,WI,metro,1232,75586,True,ffiec_ratio,108.0,75.0,4.0,71.0,10725000.0,5.333,False,71.0,0.05763,0.65741,102.24,"conversion - present, under-capturing",False,False
55133204501,Waukesha County,WI,metro,1178,148333,False,ffiec_ratio,97.0,73.0,2.0,71.0,21725000.0,2.74,True,71.0,0.06027,0.73196,94.34,siting - outside the footprint,False,False
17089850202,Kane County,IL,metro,1772,77634,True,ffiec_ratio,128.0,71.0,0.0,71.0,11255000.0,0.0,True,71.0,0.04007,0.55469,128.0,siting - outside the footprint,False,False
55133204201,Waukesha County,WI,metro,1379,107708,False,ffiec_ratio,110.0,72.0,1.0,71.0,15330000.0,1.389,False,71.0,0.05149,0.64545,108.47,"conversion - present, under-capturing",False,False
55127000103,Walworth County,WI,micro,1229,100978,False,ffiec_ratio,117.0,76.0,5.0,71.0,44350000.0,6.579,False,71.0,0.05777,0.60684,109.3,"conversion - present, under-capturing",False,False
17043845300,DuPage County,IL,metro,899,250001,False,ffiec_ratio,129.0,73.0,2.0,71.0,99915000.0,2.74,True,71.0,0.07898,0.55039,125.47,siting - outside the footprint,False,False
17031804203,Cook County,IL,metro,1111,250001,False,ffiec_ratio,152.0,72.0,1.0,71.0,50420000.0,1.389,True,71.0,0.06391,0.46711,149.89,siting - outside the footprint,False,False
55105001000,Rock County,WI,metro,1429,56450,True,ffiec_ratio,114.0,72.0,1.0,71.0,11100000.0,1.389,True,71.0,0.04969,0.62281,112.42,siting - outside the footprint,False,False
55105000200,Rock County,WI,metro,1331,79417,False,ffiec_ratio,115.0,75.0,4.0,71.0,11635000.0,5.333,False,71.0,0.05334,0.61739,108.87,"conversion - present, under-capturing",False,False
17097861803,Lake County,IL,metro,2501,84068,True,ffiec_ratio,131.0,73.0,2.0,71.0,13225000.0,2.74,False,71.0,0.02839,0.54198,127.41,"conversion - present, under-capturing",False,False
17077011002,Jackson County,IL,micro,1821,116563,False,ffiec_ratio,139.0,72.0,1.0,71.0,10200000.0,1.389,True,71.0,0.03899,0.51079,137.07,siting - outside the footprint,False,False
55001950501,Adams County,WI,rural,791,65750,True,ffiec_ratio,116.0,71.0,0.0,71.0,11185000.0,0.0,True,71.0,0.08976,0.61207,116.0,siting - outside the footprint,False,False
17031824701,Cook County,IL,metro,1356,84500,False,ffiec_ratio,130.0,71.0,0.0,71.0,13155000.0,0.0,True,71.0,0.05236,0.54615,130.0,siting - outside the footprint,False,False
55127001503,Walworth County,WI,micro,1116,98281,False,ffiec_ratio,123.0,71.0,0.0,71.0,23715000.0,0.0,False,71.0,0.06362,0.57724,123.0,"conversion - present, capturing none",False,False
17097863300,Lake County,IL,metro,927,250001,False,ffiec_ratio,107.0,72.0,1.0,71.0,59680000.0,1.389,True,71.0,0.07659,0.66355,105.51,siting - outside the footprint,False,False
17161021700,Rock Island County,IL,metro,1460,93239,True,ffiec_ratio,99.0,71.0,0.0,71.0,8495000.0,0.0,True,71.0,0.04863,0.71717,99.0,siting - outside the footprint,False,False
17097860809,Lake County,IL,metro,1207,165375,False,ffiec_ratio,126.0,71.0,0.0,71.0,19055000.0,0.0,True,71.0,0.05882,0.56349,126.0,siting - outside the footprint,False,False
17019001204,Champaign County,IL,metro,1440,161090,False,ffiec_ratio,108.0,71.0,0.0,71.0,20825000.0,0.0,True,71.0,0.04931,0.65741,108.0,siting - outside the footprint,False,False
17183010800,Vermilion County,IL,micro,1354,77548,False,ffiec_ratio,98.0,71.0,0.0,71.0,9565000.0,0.0,True,71.0,0.05244,0.72449,98.0,siting - outside the footprint,False,False
17113002101,McLean County,IL,metro,2421,85462,True,ffiec_ratio,153.0,71.0,0.0,71.0,10865000.0,0.0,True,71.0,0.02933,0.46405,153.0,siting - outside the footprint,False,False
17043841315,DuPage County,IL,metro,1011,95179,False,ffiec_ratio,108.0,72.0,1.0,71.0,14840000.0,1.389,False,71.0,0.07023,0.65741,106.5,"conversion - present, under-capturing",False,False
55039040300,Fond du Lac County,WI,metro,2884,68112,True,ffiec_ratio,119.0,73.0,2.0,71.0,34875000.0,2.74,False,71.0,0.02462,0.59664,115.74,"conversion - present, under-capturing",False,False
55099970100,Price County,WI,rural,1245,88667,False,ffiec_ratio,114.0,75.0,4.0,71.0,16075000.0,5.333,False,71.0,0.05703,0.62281,107.92,"conversion - present, under-capturing",False,False
17039971600,De Witt County,IL,rural,1636,99500,False,ffiec_ratio,93.0,71.0,0.0,71.0,12755000.0,0.0,True,71.0,0.0434,0.76344,93.0,siting - outside the footprint,False,False
17031832400,Cook County,IL,metro,1765,214083,False,ffiec_ratio,107.0,71.0,0.0,71.0,36425000.0,0.0,True,71.0,0.04023,0.66355,107.0,siting - outside the footprint,False,False
55079100200,Milwaukee County,WI,metro,2037,74375,True,ffiec_ratio,125.0,72.0,1.0,71.0,12150000.0,1.389,False,71.0,0.03486,0.568,123.26,"conversion - present, under-capturing",False,False
17113005202,McLean County,IL,metro,1118,109583,False,ffiec_ratio,104.0,71.0,0.0,71.0,12895000.0,0.0,True,71.0,0.06351,0.68269,104.0,siting - outside the footprint,False,False
17115001801,Macon County,IL,metro,883,95262,False,ffiec_ratio,108.0,71.0,0.0,71.0,7745000.0,0.0,True,71.0,0.08041,0.65741,108.0,siting - outside the footprint,False,False
17097864206,Lake County,IL,metro,1453,80625,True,ffiec_ratio,107.0,71.0,0.0,71.0,15635000.0,0.0,True,71.0,0.04886,0.66355,107.0,siting - outside the footprint,False,False
17197880203,Will County,IL,metro,1141,78021,False,ffiec_ratio,115.0,71.0,0.0,71.0,13285000.0,0.0,True,71.0,0.06223,0.61739,115.0,siting - outside the footprint,False,False
17089852104,Kane County,IL,metro,936,168894,False,ffiec_ratio,106.0,71.0,0.0,71.0,17535000.0,0.0,False,71.0,0.07585,0.66981,106.0,"conversion - present, capturing none",False,False
17089852404,Kane County,IL,metro,907,225208,False,ffiec_ratio,104.0,73.0,3.0,70.0,34515000.0,4.11,True,70.0,0.07718,0.67308,99.73,siting - outside the footprint,False,False
17141961500,Ogle County,IL,micro,2011,80028,False,ffiec_ratio,102.0,71.0,1.0,70.0,11145000.0,1.408,True,70.0,0.03481,0.68627,100.56,siting - outside the footprint,False,False
55009020506,Brown County,WI,metro,997,135700,False,ffiec_ratio,102.0,80.0,10.0,70.0,16980000.0,12.5,False,70.0,0.07021,0.68627,89.25,"conversion - present, under-capturing",False,False
55101001002,Racine County,WI,metro,1146,69667,True,ffiec_ratio,130.0,71.0,1.0,70.0,9645000.0,1.408,False,70.0,0.06108,0.53846,128.17,"conversion - present, under-capturing",False,False
55083100700,Oconto County,WI,metro,1129,76250,True,ffiec_ratio,117.0,73.0,3.0,70.0,9755000.0,4.11,True,70.0,0.062,0.59829,112.19,siting - outside the footprint,False,False
17031822802,Cook County,IL,metro,1262,128333,False,ffiec_ratio,115.0,70.0,0.0,70.0,17160000.0,0.0,True,70.0,0.05547,0.6087,115.0,siting - outside the footprint,False,False
17031160200,Cook County,IL,metro,1353,170947,False,ffiec_ratio,125.0,72.0,2.0,70.0,47040000.0,2.778,False,70.0,0.05174,0.56,121.53,"conversion - present, under-capturing",False,False
17119402803,Madison County,IL,metro,1432,129698,False,ffiec_ratio,105.0,72.0,2.0,70.0,14330000.0,2.778,True,70.0,0.04888,0.66667,102.08,siting - outside the footprint,False,False
17031818000,Cook County,IL,metro,1749,81537,True,ffiec_ratio,138.0,71.0,1.0,70.0,17505000.0,1.408,True,70.0,0.04002,0.50725,136.06,siting - outside the footprint,False,False
17031160700,Cook County,IL,metro,2500,101250,False,ffiec_ratio,118.0,71.0,1.0,70.0,59745000.0,1.408,True,70.0,0.028,0.59322,116.34,siting - outside the footprint,False,False
55115100100,Shawano County,WI,micro,1140,78021,False,ffiec_ratio,106.0,74.0,4.0,70.0,12920000.0,5.405,False,70.0,0.0614,0.66038,100.27,"conversion - present, under-capturing",False,False
17043841901,DuPage County,IL,metro,843,202361,False,ffiec_ratio,114.0,70.0,0.0,70.0,30660000.0,0.0,True,70.0,0.08304,0.61404,114.0,siting - outside the footprint,False,False
55039040400,Fond du Lac County,WI,metro,1333,80385,False,ffiec_ratio,121.0,75.0,5.0,70.0,11335000.0,6.667,False,70.0,0.05251,0.57851,112.93,"conversion - present, under-capturing",False,False
55027961700,Dodge County,WI,micro,1236,106750,False,ffiec_ratio,102.0,70.0,0.0,70.0,15100000.0,0.0,False,70.0,0.05663,0.68627,102.0,"conversion - present, capturing none",False,False
17031830900,Cook County,IL,metro,1372,145069,False,ffiec_ratio,123.0,71.0,1.0,70.0,33515000.0,1.408,True,70.0,0.05102,0.56911,121.27,siting - outside the footprint,False,False
55039042001,Fond du Lac County,WI,metro,1282,127083,False,ffiec_ratio,113.0,79.0,9.0,70.0,20045000.0,11.392,True,70.0,0.0546,0.61947,100.13,siting - outside the footprint,False,False
17143003800,Peoria County,IL,metro,1325,95417,True,ffiec_ratio,98.0,71.0,1.0,70.0,11715000.0,1.408,True,70.0,0.05283,0.71429,96.62,siting - outside the footprint,False,False
17031040100,Cook County,IL,metro,1974,188472,False,ffiec_ratio,97.0,70.0,0.0,70.0,40880000.0,0.0,False,70.0,0.03546,0.72165,97.0,"conversion - present, capturing none",False,False
17031530501,Cook County,IL,metro,1918,49583,True,ffiec_ratio,164.0,70.0,0.0,70.0,11100000.0,0.0,True,70.0,0.0365,0.42683,164.0,siting - outside the footprint,False,False
55025000506,Dane County,WI,metro,1602,73108,True,ffiec_ratio,102.0,72.0,2.0,70.0,15400000.0,2.778,False,70.0,0.0437,0.68627,99.17,"conversion - present, under-capturing",False,False
17031822200,Cook County,IL,metro,1298,87750,False,ffiec_ratio,160.0,70.0,0.0,70.0,14660000.0,0.0,True,70.0,0.05393,0.4375,160.0,siting - outside the footprint,False,False
17031140400,Cook County,IL,metro,2085,118523,False,ffiec_ratio,106.0,70.0,0.0,70.0,22360000.0,0.0,False,70.0,0.03357,0.66038,106.0,"conversion - present, capturing none",False,False
55025000406,Dane County,WI,metro,2292,125000,False,ffiec_ratio,95.0,70.0,0.0,70.0,60680000.0,0.0,False,70.0,0.03054,0.73684,95.0,"conversion - present, capturing none",False,False
17031040401,Cook County,IL,metro,1579,124297,False,ffiec_ratio,105.0,71.0,1.0,70.0,48445000.0,1.408,False,70.0,0.04433,0.66667,103.52,"conversion - present, under-capturing",False,False
55087011800,Outagamie County,WI,metro,790,81875,True,ffiec_ratio,86.0,70.0,0.0,70.0,11050000.0,0.0,False,70.0,0.08861,0.81395,86.0,"conversion - present, capturing none",False,False
17031062700,Cook County,IL,metro,1497,250001,False,ffiec_ratio,121.0,70.0,0.0,70.0,47270000.0,0.0,True,70.0,0.04676,0.57851,121.0,siting - outside the footprint,False,False
17031804404,Cook County,IL,metro,1684,84646,False,ffiec_ratio,145.0,72.0,2.0,70.0,14600000.0,2.778,False,70.0,0.04157,0.48276,140.97,"conversion - present, under-capturing",False,False
17167000600,Sangamon County,IL,metro,2113,46234,True,ffiec_ratio,218.0,70.0,0.0,70.0,7440000.0,0.0,True,70.0,0.03313,0.3211,218.0,siting - outside the footprint,False,False
17027900500,Clinton County,IL,metro,1774,76932,True,ffiec_ratio,120.0,70.0,0.0,70.0,9670000.0,0.0,True,70.0,0.03946,0.58333,120.0,siting - outside the footprint,False,False
55047100300,Green Lake County,WI,rural,1359,77794,False,ffiec_ratio,116.0,70.0,0.0,70.0,12460000.0,0.0,False,70.0,0.05151,0.60345,116.0,"conversion - present, capturing none",False,False
17043846314,DuPage County,IL,metro,1659,155396,False,ffiec_ratio,110.0,70.0,0.0,70.0,21240000.0,0.0,True,70.0,0.04219,0.63636,110.0,siting - outside the footprint,False,False
17043845901,DuPage County,IL,metro,1327,188789,False,ffiec_ratio,147.0,70.0,0.0,70.0,42780000.0,0.0,True,70.0,0.05275,0.47619,147.0,siting - outside the footprint,False,False
17001000100,Adams County,IL,micro,2321,96354,False,ffiec_ratio,106.0,70.0,0.0,70.0,11640000.0,0.0,True,70.0,0.03016,0.66038,106.0,siting - outside the footprint,False,False
17143003104,Peoria County,IL,metro,1436,105375,False,ffiec_ratio,90.0,70.0,0.0,70.0,13000000.0,0.0,True,70.0,0.04875,0.77778,90.0,siting - outside the footprint,False,False
17109010700,McDonough County,IL,micro,1770,101750,False,ffiec_ratio,99.0,70.0,0.0,70.0,7790000.0,0.0,True,70.0,0.03955,0.70707,99.0,siting - outside the footprint,False,False
55031030102,Douglas County,WI,metro,863,101731,False,ffiec_ratio,119.0,70.0,0.0,70.0,14050000.0,0.0,True,70.0,0.08111,0.58824,119.0,siting - outside the footprint,False,False
17031150700,Cook County,IL,metro,1417,130417,False,ffiec_ratio,111.0,70.0,0.0,70.0,22580000.0,0.0,False,70.0,0.0494,0.63063,111.0,"conversion - present, capturing none",False,False
55007960300,Bayfield County,WI,rural,1610,91042,False,ffiec_ratio,118.0,69.0,0.0,69.0,13035000.0,0.0,False,69.0,0.04286,0.58475,118.0,"conversion - present, capturing none",False,False
17097861013,Lake County,IL,metro,1251,117083,False,ffiec_ratio,142.0,70.0,1.0,69.0,18010000.0,1.429,True,69.0,0.05516,0.48592,139.97,siting - outside the footprint,False,False
55059000502,Kenosha County,WI,metro,1765,131250,False,ffiec_ratio,89.0,71.0,2.0,69.0,14705000.0,2.817,True,69.0,0.03909,0.77528,86.49,siting - outside the footprint,False,False
55059001700,Kenosha County,WI,metro,1084,110568,False,ffiec_ratio,112.0,69.0,0.0,69.0,11415000.0,0.0,False,69.0,0.06365,0.61607,112.0,"conversion - present, capturing none",False,False
55079080200,Milwaukee County,WI,metro,1887,171199,False,ffiec_ratio,97.0,69.0,0.0,69.0,21535000.0,0.0,False,69.0,0.03657,0.71134,97.0,"conversion - present, capturing none",False,False
55105002500,Rock County,WI,metro,979,84917,True,ffiec_ratio,118.0,77.0,8.0,69.0,15605000.0,10.39,False,69.0,0.07048,0.58475,105.74,"conversion - present, under-capturing",False,False
55137960100,Waushara County,WI,rural,1232,97266,False,ffiec_ratio,105.0,71.0,2.0,69.0,13635000.0,2.817,False,69.0,0.05601,0.65714,102.04,"conversion - present, under-capturing",False,False
55027960500,Dodge County,WI,micro,1509,88688,False,ffiec_ratio,111.0,69.0,0.0,69.0,17465000.0,0.0,False,69.0,0.04573,0.62162,111.0,"conversion - present, capturing none",False,False
17031160602,Cook County,IL,metro,1570,99258,True,ffiec_ratio,124.0,69.0,0.0,69.0,24495000.0,0.0,True,69.0,0.04395,0.55645,124.0,siting - outside the footprint,False,False
17083010300,Jersey County,IL,metro,1190,112457,False,ffiec_ratio,118.0,70.0,1.0,69.0,11200000.0,1.429,True,69.0,0.05798,0.58475,116.31,siting - outside the footprint,False,False
17097861510,Lake County,IL,metro,1774,114115,False,ffiec_ratio,124.0,69.0,0.0,69.0,14495000.0,0.0,False,69.0,0.0389,0.55645,124.0,"conversion - present, capturing none",False,False
17097860301,Lake County,IL,metro,1227,71985,True,ffiec_ratio,136.0,70.0,1.0,69.0,13250000.0,1.429,False,69.0,0.05623,0.50735,134.06,"conversion - present, under-capturing",False,False
17031750600,Cook County,IL,metro,1310,47063,True,ffiec_ratio,135.0,70.0,1.0,69.0,12520000.0,1.429,True,69.0,0.05267,0.51111,133.07,siting - outside the footprint,False,False
17201000104,Winnebago County,IL,metro,1089,41793,True,ffiec_ratio,105.0,71.0,2.0,69.0,8725000.0,2.817,False,69.0,0.06336,0.65714,102.04,"conversion - present, under-capturing",False,False
17197884004,Will County,IL,metro,1302,91250,True,ffiec_ratio,125.0,69.0,0.0,69.0,12885000.0,0.0,True,69.0,0.053,0.552,125.0,siting - outside the footprint,False,False
17031828802,Cook County,IL,metro,1105,72604,True,ffiec_ratio,138.0,69.0,0.0,69.0,9785000.0,0.0,True,69.0,0.06244,0.5,138.0,siting - outside the footprint,False,False
17031805301,Cook County,IL,metro,1081,146444,False,ffiec_ratio,124.0,69.0,0.0,69.0,20385000.0,0.0,False,69.0,0.06383,0.55645,124.0,"conversion - present, capturing none",False,False
55079050104,Milwaukee County,WI,metro,1424,127881,False,ffiec_ratio,119.0,73.0,4.0,69.0,21545000.0,5.479,False,69.0,0.04846,0.57983,112.48,"conversion - present, under-capturing",False,False
55101000500,Racine County,WI,metro,1904,49776,True,ffiec_ratio,144.0,70.0,1.0,69.0,17430000.0,1.429,False,69.0,0.03624,0.47917,141.94,"conversion - present, under-capturing",False,False
17031804109,Cook County,IL,metro,1145,203500,False,ffiec_ratio,96.0,69.0,0.0,69.0,23685000.0,0.0,True,69.0,0.06026,0.71875,96.0,siting - outside the footprint,False,False
17019010702,Champaign County,IL,metro,1422,129821,False,ffiec_ratio,111.0,69.0,0.0,69.0,13045000.0,0.0,True,69.0,0.04852,0.62162,111.0,siting - outside the footprint,False,False
17031824800,Cook County,IL,metro,2082,75489,True,ffiec_ratio,157.0,69.0,0.0,69.0,9395000.0,0.0,True,69.0,0.03314,0.43949,157.0,siting - outside the footprint,False,False
17097861901,Lake County,IL,metro,1093,102891,True,ffiec_ratio,131.0,71.0,2.0,69.0,13835000.0,2.817,False,69.0,0.06313,0.52672,127.31,"conversion - present, under-capturing",False,False
17031221100,Cook County,IL,metro,1988,99040,False,ffiec_ratio,114.0,69.0,0.0,69.0,33195000.0,0.0,True,69.0,0.03471,0.60526,114.0,siting - outside the footprint,False,False
17031063302,Cook County,IL,metro,2950,227485,False,ffiec_ratio,105.0,69.0,0.0,69.0,53625000.0,0.0,True,69.0,0.02339,0.65714,105.0,siting - outside the footprint,False,False
17073030202,Henry County,IL,metro,1359,78125,False,ffiec_ratio,104.0,69.0,0.0,69.0,7815000.0,0.0,True,69.0,0.05077,0.66346,104.0,siting - outside the footprint,False,False
17163501802,St. Clair County,IL,metro,1121,111944,False,ffiec_ratio,126.0,71.0,2.0,69.0,9935000.0,2.817,True,69.0,0.06155,0.54762,122.45,siting - outside the footprint,False,False
17167002700,Sangamon County,IL,metro,1507,81083,True,ffiec_ratio,94.0,69.0,0.0,69.0,7705000.0,0.0,True,69.0,0.04579,0.73404,94.0,siting - outside the footprint,False,False
17031070102,Cook County,IL,metro,1856,250001,False,ffiec_ratio,103.0,69.0,0.0,69.0,115415000.0,0.0,True,69.0,0.03718,0.6699,103.0,siting - outside the footprint,False,False
17155954600,Putnam County,IL,micro,1240,95598,False,ffiec_ratio,119.0,69.0,0.0,69.0,11785000.0,0.0,True,69.0,0.05565,0.57983,119.0,siting - outside the footprint,False,False
17019000800,Champaign County,IL,metro,2920,85331,False,ffiec_ratio,96.0,69.0,0.0,69.0,30875000.0,0.0,True,69.0,0.02363,0.71875,96.0,siting - outside the footprint,False,False
17031700302,Cook County,IL,metro,1791,100727,False,ffiec_ratio,132.0,69.0,0.0,69.0,13745000.0,0.0,True,69.0,0.03853,0.52273,132.0,siting - outside the footprint,False,False
17163503301,St. Clair County,IL,metro,1760,76577,True,ffiec_ratio,122.0,69.0,0.0,69.0,10115000.0,0.0,False,69.0,0.0392,0.56557,122.0,"conversion - present, capturing none",False,False
17031031200,Cook County,IL,metro,3413,,True,ffiec_ratio,112.0,71.0,2.0,69.0,73355000.0,2.817,False,69.0,0.02022,0.61607,108.84,"conversion - present, under-capturing",False,True
17031661100,Cook County,IL,metro,1936,76146,True,ffiec_ratio,125.0,69.0,0.0,69.0,11225000.0,0.0,True,69.0,0.03564,0.552,125.0,siting - outside the footprint,False,False
17091012600,Kankakee County,IL,metro,1528,101875,False,ffiec_ratio,117.0,69.0,0.0,69.0,9985000.0,0.0,True,69.0,0.04516,0.58974,117.0,siting - outside the footprint,False,False
17031807700,Cook County,IL,metro,2337,89867,False,ffiec_ratio,159.0,69.0,0.0,69.0,20965000.0,0.0,False,69.0,0.02953,0.43396,159.0,"conversion - present, capturing none",False,False
55075961200,Marinette County,WI,micro,1164,108813,False,ffiec_ratio,96.0,71.0,3.0,68.0,14905000.0,4.225,False,68.0,0.05842,0.70833,91.94,"conversion - present, under-capturing",False,False
55079000700,Milwaukee County,WI,metro,1393,62165,True,ffiec_ratio,150.0,73.0,5.0,68.0,10895000.0,6.849,False,68.0,0.04882,0.45333,139.73,"conversion - present, under-capturing",False,False
55133203308,Waukesha County,WI,metro,1776,108875,False,ffiec_ratio,98.0,69.0,1.0,68.0,16745000.0,1.449,False,68.0,0.03829,0.69388,96.58,"conversion - present, under-capturing",False,False
55133202303,Waukesha County,WI,metro,1169,62228,False,ffiec_ratio,96.0,69.0,1.0,68.0,15245000.0,1.449,False,68.0,0.05817,0.70833,94.61,"conversion - present, under-capturing",False,False
17031030800,Cook County,IL,metro,2211,186220,False,ffiec_ratio,101.0,70.0,2.0,68.0,48310000.0,2.857,False,68.0,0.03076,0.67327,98.11,"conversion - present, under-capturing",False,False
55089650102,Ozaukee County,WI,metro,1297,142813,False,ffiec_ratio,98.0,71.0,3.0,68.0,18695000.0,4.225,False,68.0,0.05243,0.69388,93.86,"conversion - present, under-capturing",False,False
55067960102,Langlade County,WI,rural,740,71806,False,ffiec_ratio,88.0,74.0,6.0,68.0,12980000.0,8.108,False,68.0,0.09189,0.77273,80.86,"conversion - present, under-capturing",False,False
17163501502,St. Clair County,IL,metro,1078,103188,False,ffiec_ratio,126.0,71.0,3.0,68.0,10235000.0,4.225,False,68.0,0.06308,0.53968,120.68,"conversion - present, under-capturing",False,False
55099970200,Price County,WI,rural,1262,75121,True,ffiec_ratio,130.0,71.0,3.0,68.0,10075000.0,4.225,False,68.0,0.05388,0.52308,124.51,"conversion - present, under-capturing",False,False
17043841003,DuPage County,IL,metro,1450,114505,False,ffiec_ratio,127.0,68.0,0.0,68.0,15950000.0,0.0,False,68.0,0.0469,0.53543,127.0,"conversion - present, capturing none",False,False
17043840104,DuPage County,IL,metro,2306,81442,True,ffiec_ratio,116.0,70.0,2.0,68.0,18650000.0,2.857,True,68.0,0.02949,0.58621,112.69,siting - outside the footprint,False,False
55139001700,Winnebago County,WI,metro,1154,114495,False,ffiec_ratio,111.0,73.0,5.0,68.0,16465000.0,6.849,False,68.0,0.05893,0.61261,103.4,"conversion - present, under-capturing",False,False
55123960200,Vernon County,WI,metro,1501,80893,False,ffiec_ratio,98.0,69.0,1.0,68.0,11235000.0,1.449,True,68.0,0.0453,0.69388,96.58,siting - outside the footprint,False,False
17031491100,Cook County,IL,metro,1360,90688,True,ffiec_ratio,146.0,68.0,0.0,68.0,11280000.0,0.0,True,68.0,0.05,0.46575,146.0,siting - outside the footprint,False,False
55085971300,Oneida County,WI,rural,1204,104861,False,ffiec_ratio,112.0,74.0,6.0,68.0,29800000.0,8.108,False,68.0,0.05648,0.60714,102.92,"conversion - present, under-capturing",False,False
55009021303,Brown County,WI,metro,2283,50963,True,ffiec_ratio,91.0,72.0,4.0,68.0,36610000.0,5.556,False,68.0,0.02979,0.74725,85.94,"conversion - present, under-capturing",False,False
55079120203,Milwaukee County,WI,metro,1966,89025,True,ffiec_ratio,115.0,69.0,1.0,68.0,13235000.0,1.449,False,68.0,0.03459,0.5913,113.33,"conversion - present, under-capturing",False,False
17031818402,Cook County,IL,metro,1586,109659,False,ffiec_ratio,126.0,68.0,0.0,68.0,15100000.0,0.0,True,68.0,0.04288,0.53968,126.0,siting - outside the footprint,False,False
55101001102,Racine County,WI,metro,988,126750,False,ffiec_ratio,100.0,69.0,1.0,68.0,13935000.0,1.449,False,68.0,0.06883,0.68,98.55,"conversion - present, under-capturing",False,False
17031824900,Cook County,IL,metro,1025,94153,True,ffiec_ratio,159.0,68.0,0.0,68.0,9800000.0,0.0,True,68.0,0.06634,0.42767,159.0,siting - outside the footprint,False,False
17031700402,Cook County,IL,metro,1163,100370,True,ffiec_ratio,132.0,68.0,0.0,68.0,13160000.0,0.0,True,68.0,0.05847,0.51515,132.0,siting - outside the footprint,False,False
17161022200,Rock Island County,IL,metro,1410,64493,True,ffiec_ratio,103.0,68.0,0.0,68.0,8650000.0,0.0,True,68.0,0.04823,0.66019,103.0,siting - outside the footprint,False,False
17019010204,Champaign County,IL,metro,2064,86361,True,ffiec_ratio,118.0,68.0,0.0,68.0,9360000.0,0.0,True,68.0,0.03295,0.57627,118.0,siting - outside the footprint,False,False
17031813200,Cook County,IL,metro,1593,164667,False,ffiec_ratio,106.0,68.0,0.0,68.0,20540000.0,0.0,True,68.0,0.04269,0.64151,106.0,siting - outside the footprint,False,False
55013970800,Burnett County,WI,rural,1056,81346,False,ffiec_ratio,102.0,68.0,0.0,68.0,17940000.0,0.0,True,68.0,0.06439,0.66667,102.0,siting - outside the footprint,False,False
55085970604,Oneida County,WI,rural,892,82321,False,ffiec_ratio,97.0,71.0,3.0,68.0,15655000.0,4.225,False,68.0,0.07623,0.70103,92.9,"conversion - present, under-capturing",False,False
17043846308,DuPage County,IL,metro,1447,91143,False,ffiec_ratio,116.0,68.0,0.0,68.0,36190000.0,0.0,True,68.0,0.04699,0.58621,116.0,siting - outside the footprint,False,False
17091010800,Kankakee County,IL,metro,1316,83487,False,ffiec_ratio,119.0,68.0,0.0,68.0,11710000.0,0.0,True,68.0,0.05167,0.57143,119.0,siting - outside the footprint,False,False
17019010100,Champaign County,IL,metro,2124,58891,True,ffiec_ratio,108.0,68.0,0.0,68.0,8600000.0,0.0,True,68.0,0.03202,0.62963,108.0,siting - outside the footprint,False,False
17119400952,Madison County,IL,metro,1248,77100,True,ffiec_ratio,106.0,68.0,0.0,68.0,10340000.0,0.0,True,68.0,0.05449,0.64151,106.0,siting - outside the footprint,False,False
17029000200,Coles County,IL,micro,2103,90833,False,ffiec_ratio,128.0,68.0,0.0,68.0,13160000.0,0.0,True,68.0,0.03233,0.53125,128.0,siting - outside the footprint,False,False
17141961301,Ogle County,IL,micro,929,113911,False,ffiec_ratio,102.0,68.0,0.0,68.0,14560000.0,0.0,True,68.0,0.0732,0.66667,102.0,siting - outside the footprint,False,False
17197880111,Will County,IL,metro,1144,76083,False,ffiec_ratio,123.0,68.0,0.0,68.0,13520000.0,0.0,True,68.0,0.05944,0.55285,123.0,siting - outside the footprint,False,False
17097864306,Lake County,IL,metro,721,218409,False,ffiec_ratio,99.0,68.0,0.0,68.0,35080000.0,0.0,True,68.0,0.09431,0.68687,99.0,siting - outside the footprint,False,False
17123961100,Marshall County,IL,metro,1200,91516,False,ffiec_ratio,103.0,68.0,0.0,68.0,11110000.0,0.0,True,68.0,0.05667,0.66019,103.0,siting - outside the footprint,False,False
17103000500,Lee County,IL,micro,1961,101053,False,ffiec_ratio,107.0,68.0,0.0,68.0,9130000.0,0.0,True,68.0,0.03468,0.63551,107.0,siting - outside the footprint,False,False
17031243000,Cook County,IL,metro,1137,162361,False,ffiec_ratio,115.0,68.0,0.0,68.0,41940000.0,0.0,False,68.0,0.05981,0.5913,115.0,"conversion - present, capturing none",False,False
55115100700,Shawano County,WI,micro,1314,74934,False,ffiec_ratio,112.0,73.0,5.0,68.0,9615000.0,6.849,False,68.0,0.05175,0.60714,104.33,"conversion - present, under-capturing",False,False
17031170400,Cook County,IL,metro,1597,116875,False,ffiec_ratio,122.0,68.0,0.0,68.0,17960000.0,0.0,False,68.0,0.04258,0.55738,122.0,"conversion - present, capturing none",False,False
17115001300,Macon County,IL,metro,1098,107500,False,ffiec_ratio,112.0,68.0,0.0,68.0,10480000.0,0.0,True,68.0,0.06193,0.60714,112.0,siting - outside the footprint,False,False
17055040700,Franklin County,IL,rural,1973,63125,False,ffiec_ratio,105.0,68.0,0.0,68.0,7730000.0,0.0,True,68.0,0.03447,0.64762,105.0,siting - outside the footprint,False,False
17031823605,Cook County,IL,metro,1604,141531,False,ffiec_ratio,112.0,68.0,0.0,68.0,17890000.0,0.0,True,68.0,0.04239,0.60714,112.0,siting - outside the footprint,False,False
55031020400,Douglas County,WI,metro,1403,104844,False,ffiec_ratio,107.0,68.0,0.0,68.0,9640000.0,0.0,True,68.0,0.04847,0.63551,107.0,siting - outside the footprint,False,False
17179022100,Tazewell County,IL,metro,1444,94286,False,ffiec_ratio,99.0,68.0,0.0,68.0,9730000.0,0.0,True,68.0,0.04709,0.68687,99.0,siting - outside the footprint,False,False
17031806502,Cook County,IL,metro,1405,117778,False,ffiec_ratio,149.0,68.0,0.0,68.0,14740000.0,0.0,True,68.0,0.0484,0.45638,149.0,siting - outside the footprint,False,False
17179022000,Tazewell County,IL,metro,1516,109647,False,ffiec_ratio,130.0,68.0,0.0,68.0,10870000.0,0.0,True,68.0,0.04485,0.52308,130.0,siting - outside the footprint,False,False
17043841705,DuPage County,IL,metro,2181,123810,False,ffiec_ratio,152.0,68.0,0.0,68.0,18220000.0,0.0,True,68.0,0.03118,0.44737,152.0,siting - outside the footprint,False,False
17119400801,Madison County,IL,metro,677,102000,False,ffiec_ratio,99.0,68.0,0.0,68.0,8440000.0,0.0,True,68.0,0.10044,0.68687,99.0,siting - outside the footprint,False,False
55025001804,Dane County,WI,metro,2582,81027,False,ffiec_ratio,93.0,68.0,0.0,68.0,20920000.0,0.0,False,68.0,0.02634,0.73118,93.0,"conversion - present, capturing none",False,False
17161020200,Rock Island County,IL,metro,1583,77949,True,ffiec_ratio,115.0,68.0,0.0,68.0,16300000.0,0.0,True,68.0,0.04296,0.5913,115.0,siting - outside the footprint,False,False
17031815400,Cook County,IL,metro,2485,97764,False,ffiec_ratio,135.0,68.0,0.0,68.0,21750000.0,0.0,True,68.0,0.02736,0.5037,135.0,siting - outside the footprint,False,False
55039041000,Fond du Lac County,WI,metro,1515,77450,False,ffiec_ratio,98.0,71.0,4.0,67.0,11725000.0,5.634,False,67.0,0.04422,0.68367,92.48,"conversion - present, under-capturing",False,False
17031808200,Cook County,IL,metro,1841,84595,False,ffiec_ratio,117.0,68.0,1.0,67.0,16670000.0,1.471,True,67.0,0.03639,0.57265,115.28,siting - outside the footprint,False,False
17117956700,Macoupin County,IL,metro,1328,113590,False,ffiec_ratio,130.0,68.0,1.0,67.0,9710000.0,1.471,True,67.0,0.05045,0.51538,128.09,siting - outside the footprint,False,False
17043842500,DuPage County,IL,metro,1669,182500,False,ffiec_ratio,119.0,69.0,2.0,67.0,32655000.0,2.899,True,67.0,0.04014,0.56303,115.55,siting - outside the footprint,False,False
17201000401,Winnebago County,IL,metro,878,87656,False,ffiec_ratio,102.0,68.0,1.0,67.0,8120000.0,1.471,False,67.0,0.07631,0.65686,100.5,"conversion - present, under-capturing",False,False
17097860805,Lake County,IL,metro,806,104679,False,ffiec_ratio,109.0,67.0,0.0,67.0,13875000.0,0.0,True,67.0,0.08313,0.61468,109.0,siting - outside the footprint,False,False
55001950201,Adams County,WI,rural,745,69500,False,ffiec_ratio,108.0,68.0,1.0,67.0,12120000.0,1.471,True,67.0,0.08993,0.62037,106.41,siting - outside the footprint,False,False
17201003500,Winnebago County,IL,metro,1131,75268,False,ffiec_ratio,103.0,69.0,2.0,67.0,9515000.0,2.899,False,67.0,0.05924,0.65049,100.01,"conversion - present, under-capturing",False,False
55047100100,Green Lake County,WI,rural,1420,72083,False,ffiec_ratio,104.0,70.0,3.0,67.0,11890000.0,4.286,False,67.0,0.04718,0.64423,99.54,"conversion - present, under-capturing",False,False
17031242500,Cook County,IL,metro,1569,131354,False,ffiec_ratio,108.0,68.0,1.0,67.0,37080000.0,1.471,False,67.0,0.0427,0.62037,106.41,"conversion - present, under-capturing",False,False
55141010300,Wood County,WI,micro,1567,59391,True,ffiec_ratio,112.0,71.0,4.0,67.0,9525000.0,5.634,False,67.0,0.04276,0.59821,105.69,"conversion - present, under-capturing",False,False
55079120202,Milwaukee County,WI,metro,1565,71523,False,ffiec_ratio,98.0,70.0,3.0,67.0,10470000.0,4.286,False,67.0,0.04281,0.68367,93.8,"conversion - present, under-capturing",False,False
55085971400,Oneida County,WI,rural,1866,68375,False,ffiec_ratio,115.0,67.0,0.0,67.0,9705000.0,0.0,False,67.0,0.03591,0.58261,115.0,"conversion - present, capturing none",False,False
55061960200,Kewaunee County,WI,metro,1037,86250,False,ffiec_ratio,99.0,68.0,1.0,67.0,16060000.0,1.471,False,67.0,0.06461,0.67677,97.54,"conversion - present, under-capturing",False,False
17043845502,DuPage County,IL,metro,2663,93574,False,ffiec_ratio,113.0,67.0,0.0,67.0,20825000.0,0.0,True,67.0,0.02516,0.59292,113.0,siting - outside the footprint,False,False
17105961000,Livingston County,IL,micro,956,108500,False,ffiec_ratio,87.0,67.0,0.0,67.0,9015000.0,0.0,True,67.0,0.07008,0.77011,87.0,siting - outside the footprint,False,False
17197883603,Will County,IL,metro,1023,67656,False,ffiec_ratio,140.0,67.0,0.0,67.0,9925000.0,0.0,True,67.0,0.06549,0.47857,140.0,siting - outside the footprint,False,False
17019000901,Champaign County,IL,metro,1938,53750,True,ffiec_ratio,94.0,67.0,0.0,67.0,18815000.0,0.0,True,67.0,0.03457,0.71277,94.0,siting - outside the footprint,False,False
17197880509,Will County,IL,metro,1413,91676,False,ffiec_ratio,136.0,67.0,0.0,67.0,12025000.0,0.0,True,67.0,0.04742,0.49265,136.0,siting - outside the footprint,False,False
17121952300,Marion County,IL,micro,1301,115341,False,ffiec_ratio,121.0,67.0,0.0,67.0,12915000.0,0.0,True,67.0,0.0515,0.55372,121.0,siting - outside the footprint,False,False
17197880113,Will County,IL,metro,1093,87361,True,ffiec_ratio,115.0,67.0,0.0,67.0,12265000.0,0.0,True,67.0,0.0613,0.58261,115.0,siting - outside the footprint,False,False
17195001200,Whiteside County,IL,micro,1600,73292,False,ffiec_ratio,106.0,67.0,0.0,67.0,6795000.0,0.0,True,67.0,0.04188,0.63208,106.0,siting - outside the footprint,False,False
17031808400,Cook County,IL,metro,1604,150000,False,ffiec_ratio,123.0,67.0,0.0,67.0,24045000.0,0.0,False,67.0,0.04177,0.54472,123.0,"conversion - present, capturing none",False,False
55025000402,Dane County,WI,metro,1331,125714,False,ffiec_ratio,86.0,67.0,0.0,67.0,16235000.0,0.0,False,67.0,0.05034,0.77907,86.0,"conversion - present, capturing none",False,False
17197880427,Will County,IL,metro,985,111094,False,ffiec_ratio,113.0,67.0,0.0,67.0,12735000.0,0.0,True,67.0,0.06802,0.59292,113.0,siting - outside the footprint,False,False
17043841318,DuPage County,IL,metro,907,135242,False,ffiec_ratio,106.0,67.0,0.0,67.0,15985000.0,0.0,False,67.0,0.07387,0.63208,106.0,"conversion - present, capturing none",False,False
17197880116,Will County,IL,metro,951,104034,False,ffiec_ratio,135.0,67.0,0.0,67.0,13685000.0,0.0,True,67.0,0.07045,0.4963,135.0,siting - outside the footprint,False,False
17043845808,DuPage County,IL,metro,1268,183854,False,ffiec_ratio,107.0,67.0,0.0,67.0,18765000.0,0.0,True,67.0,0.05284,0.62617,107.0,siting - outside the footprint,False,False
17197881011,Will County,IL,metro,1187,146116,False,ffiec_ratio,110.0,67.0,0.0,67.0,18005000.0,0.0,True,67.0,0.05644,0.60909,110.0,siting - outside the footprint,False,False
55059001300,Kenosha County,WI,metro,1645,89464,True,ffiec_ratio,100.0,69.0,2.0,67.0,21515000.0,2.899,False,67.0,0.04073,0.67,97.1,"conversion - present, under-capturing",False,False
17197880430,Will County,IL,metro,1098,145694,False,ffiec_ratio,130.0,67.0,0.0,67.0,16995000.0,0.0,True,67.0,0.06102,0.51538,130.0,siting - outside the footprint,False,False
17031809100,Cook County,IL,metro,1580,202031,False,ffiec_ratio,112.0,68.0,1.0,67.0,34930000.0,1.471,False,67.0,0.04241,0.59821,110.35,"conversion - present, under-capturing",False,False
17031822702,Cook County,IL,metro,1445,142125,False,ffiec_ratio,131.0,67.0,0.0,67.0,16465000.0,0.0,True,67.0,0.04637,0.51145,131.0,siting - outside the footprint,False,False
17031071000,Cook County,IL,metro,1069,250001,False,ffiec_ratio,98.0,67.0,0.0,67.0,88085000.0,0.0,False,67.0,0.06268,0.68367,98.0,"conversion - present, capturing none",False,False
55007960402,Bayfield County,WI,rural,1393,93111,False,ffiec_ratio,124.0,74.0,7.0,67.0,11540000.0,9.459,False,67.0,0.0481,0.54032,112.27,"conversion - present, under-capturing",False,False
55111000603,Sauk County,WI,micro,1393,133021,False,ffiec_ratio,89.0,67.0,0.0,67.0,16195000.0,0.0,True,67.0,0.0481,0.75281,89.0,siting - outside the footprint,False,False
17031828507,Cook County,IL,metro,1349,106635,False,ffiec_ratio,174.0,67.0,0.0,67.0,12465000.0,0.0,True,67.0,0.04967,0.38506,174.0,siting - outside the footprint,False,False
17043846412,DuPage County,IL,metro,2018,155625,False,ffiec_ratio,118.0,67.0,0.0,67.0,18075000.0,0.0,True,67.0,0.0332,0.5678,118.0,siting - outside the footprint,False,False
17043846205,DuPage County,IL,metro,1200,238600,False,ffiec_ratio,108.0,67.0,0.0,67.0,80225000.0,0.0,True,67.0,0.05583,0.62037,108.0,siting - outside the footprint,False,False
17099961900,LaSalle County,IL,micro,1862,81139,False,ffiec_ratio,89.0,67.0,0.0,67.0,10405000.0,0.0,True,67.0,0.03598,0.75281,89.0,siting - outside the footprint,False,False
17031061901,Cook County,IL,metro,2690,,False,ffiec_ratio,94.0,67.0,0.0,67.0,36425000.0,0.0,True,67.0,0.02491,0.71277,94.0,siting - outside the footprint,False,True
17031825504,Cook County,IL,metro,1212,98375,False,ffiec_ratio,162.0,68.0,1.0,67.0,11730000.0,1.471,True,67.0,0.05528,0.41358,159.62,siting - outside the footprint,False,False
17095000600,Knox County,IL,micro,1450,88603,False,ffiec_ratio,98.0,67.0,0.0,67.0,5985000.0,0.0,True,67.0,0.04621,0.68367,98.0,siting - outside the footprint,False,False
17049950400,Effingham County,IL,micro,1541,81645,False,ffiec_ratio,97.0,67.0,0.0,67.0,9465000.0,0.0,True,67.0,0.04348,0.69072,97.0,siting - outside the footprint,False,False
17093890202,Kendall County,IL,metro,1145,94129,True,ffiec_ratio,113.0,67.0,0.0,67.0,12025000.0,0.0,True,67.0,0.05852,0.59292,113.0,siting - outside the footprint,False,False
55129950501,Washburn County,WI,rural,1212,67328,False,ffiec_ratio,101.0,67.0,1.0,66.0,11635000.0,1.493,True,66.0,0.05446,0.65347,99.49,siting - outside the footprint,False,False
17197883804,Will County,IL,metro,951,94500,False,ffiec_ratio,140.0,67.0,1.0,66.0,13025000.0,1.493,True,66.0,0.0694,0.47143,137.91,siting - outside the footprint,False,False
55079021000,Milwaukee County,WI,metro,1067,78614,False,ffiec_ratio,107.0,68.0,2.0,66.0,12770000.0,2.941,False,66.0,0.06186,0.61682,103.85,"conversion - present, under-capturing",False,False
55045960600,Green County,WI,metro,1585,89770,True,ffiec_ratio,107.0,67.0,1.0,66.0,11985000.0,1.493,True,66.0,0.04164,0.61682,105.4,siting - outside the footprint,False,False
55073001402,Marathon County,WI,metro,1572,99922,False,ffiec_ratio,101.0,71.0,5.0,66.0,24435000.0,7.042,False,66.0,0.04198,0.65347,93.89,"conversion - present, under-capturing",False,False
17163503905,St. Clair County,IL,metro,1160,124286,False,ffiec_ratio,106.0,69.0,3.0,66.0,12105000.0,4.348,True,66.0,0.0569,0.62264,101.39,siting - outside the footprint,False,False
55079012500,Milwaukee County,WI,metro,1041,99286,False,ffiec_ratio,96.0,67.0,1.0,66.0,14785000.0,1.493,False,66.0,0.0634,0.6875,94.57,"conversion - present, under-capturing",False,False
55079021500,Milwaukee County,WI,metro,1256,112863,False,ffiec_ratio,121.0,70.0,4.0,66.0,12690000.0,5.714,False,66.0,0.05255,0.54545,114.09,"conversion - present, under-capturing",False,False
55025000902,Dane County,WI,metro,2782,197841,False,ffiec_ratio,87.0,67.0,1.0,66.0,22515000.0,1.493,False,66.0,0.02372,0.75862,85.7,"conversion - present, under-capturing",False,False
55079140100,Milwaukee County,WI,metro,1312,152197,False,ffiec_ratio,91.0,68.0,2.0,66.0,18500000.0,2.941,False,66.0,0.0503,0.72527,88.32,"conversion - present, under-capturing",False,False
17031830700,Cook County,IL,metro,2279,,False,ffiec_ratio,107.0,66.0,0.0,66.0,26190000.0,0.0,True,66.0,0.02896,0.61682,107.0,siting - outside the footprint,False,True
17167000400,Sangamon County,IL,metro,1191,52652,True,ffiec_ratio,113.0,66.0,0.0,66.0,6580000.0,0.0,True,66.0,0.05542,0.58407,113.0,siting - outside the footprint,False,False
17089854200,Kane County,IL,metro,1331,59301,True,ffiec_ratio,121.0,66.0,0.0,66.0,12520000.0,0.0,False,66.0,0.04959,0.54545,121.0,"conversion - present, capturing none",False,False
55079005300,Milwaukee County,WI,metro,821,78611,True,ffiec_ratio,117.0,68.0,2.0,66.0,9820000.0,2.941,False,66.0,0.08039,0.5641,113.56,"conversion - present, under-capturing",False,False
17113001103,McLean County,IL,metro,1504,112847,False,ffiec_ratio,98.0,66.0,0.0,66.0,12250000.0,0.0,True,66.0,0.04388,0.67347,98.0,siting - outside the footprint,False,False
17143003300,Peoria County,IL,metro,1294,176331,False,ffiec_ratio,101.0,66.0,0.0,66.0,16360000.0,0.0,True,66.0,0.051,0.65347,101.0,siting - outside the footprint,False,False
55043960300,Grant County,WI,micro,1770,82857,False,ffiec_ratio,99.0,66.0,0.0,66.0,9270000.0,0.0,True,66.0,0.03729,0.66667,99.0,siting - outside the footprint,False,False
17031031100,Cook County,IL,metro,3108,131458,False,ffiec_ratio,111.0,66.0,0.0,66.0,31170000.0,0.0,False,66.0,0.02124,0.59459,111.0,"conversion - present, capturing none",False,False
17049950300,Effingham County,IL,micro,1595,93586,False,ffiec_ratio,118.0,66.0,0.0,66.0,10720000.0,0.0,True,66.0,0.04138,0.55932,118.0,siting - outside the footprint,False,False
55079010700,Milwaukee County,WI,metro,1316,129954,False,ffiec_ratio,100.0,66.0,0.0,66.0,22800000.0,0.0,False,66.0,0.05015,0.66,100.0,"conversion - present, capturing none",False,False
17141961400,Ogle County,IL,micro,1946,88665,False,ffiec_ratio,101.0,66.0,0.0,66.0,9840000.0,0.0,True,66.0,0.03392,0.65347,101.0,siting - outside the footprint,False,False
17031842400,Cook County,IL,metro,1327,92034,True,ffiec_ratio,136.0,66.0,0.0,66.0,10770000.0,0.0,True,66.0,0.04974,0.48529,136.0,siting - outside the footprint,False,False
55035000802,Eau Claire County,WI,metro,1699,108938,False,ffiec_ratio,89.0,66.0,0.0,66.0,15230000.0,0.0,False,66.0,0.03885,0.74157,89.0,"conversion - present, capturing none",False,False
55079002300,Milwaukee County,WI,metro,1555,48482,True,ffiec_ratio,126.0,66.0,0.0,66.0,7050000.0,0.0,False,66.0,0.04244,0.52381,126.0,"conversion - present, capturing none",False,False
55133201508,Waukesha County,WI,metro,1157,149545,False,ffiec_ratio,98.0,68.0,2.0,66.0,16280000.0,2.941,False,66.0,0.05704,0.67347,95.12,"conversion - present, under-capturing",False,False
17031830600,Cook County,IL,metro,2163,95662,True,ffiec_ratio,119.0,66.0,0.0,66.0,29860000.0,0.0,False,66.0,0.03051,0.55462,119.0,"conversion - present, capturing none",False,False
17073031000,Henry County,IL,metro,1343,71705,False,ffiec_ratio,102.0,66.0,0.0,66.0,8200000.0,0.0,True,66.0,0.04914,0.64706,102.0,siting - outside the footprint,False,False
17199020500,Williamson County,IL,micro,1557,65608,True,ffiec_ratio,107.0,65.0,0.0,65.0,8935000.0,0.0,True,65.0,0.04175,0.60748,107.0,siting - outside the footprint,False,False
55121100400,Trempealeau County,WI,rural,1526,82721,False,ffiec_ratio,109.0,65.0,0.0,65.0,11645000.0,0.0,True,65.0,0.0426,0.59633,109.0,siting - outside the footprint,False,False
55117000201,Sheboygan County,WI,metro,1114,66908,False,ffiec_ratio,88.0,66.0,1.0,65.0,9380000.0,1.515,False,65.0,0.05835,0.73864,86.67,"conversion - present, under-capturing",False,False
17031110502,Cook County,IL,metro,1545,120875,False,ffiec_ratio,97.0,67.0,2.0,65.0,29455000.0,2.985,False,65.0,0.04207,0.6701,94.1,"conversion - present, under-capturing",False,False
55113100800,Sawyer County,WI,rural,851,82955,False,ffiec_ratio,97.0,67.0,2.0,65.0,12995000.0,2.985,True,65.0,0.07638,0.6701,94.1,siting - outside the footprint,False,False
55125950202,Vilas County,WI,rural,749,91200,False,ffiec_ratio,103.0,69.0,4.0,65.0,28465000.0,5.797,False,65.0,0.08678,0.63107,97.03,"conversion - present, under-capturing",False,False
17031808002,Cook County,IL,metro,1887,142824,False,ffiec_ratio,111.0,67.0,2.0,65.0,30755000.0,2.985,False,65.0,0.03445,0.58559,107.69,"conversion - present, under-capturing",False,False
17043843800,DuPage County,IL,metro,1440,155074,False,ffiec_ratio,110.0,66.0,1.0,65.0,42910000.0,1.515,True,65.0,0.04514,0.59091,108.33,siting - outside the footprint,False,False
55131420401,Washington County,WI,metro,1105,91125,False,ffiec_ratio,95.0,67.0,2.0,65.0,26365000.0,2.985,False,65.0,0.05882,0.68421,92.16,"conversion - present, under-capturing",False,False
17097862000,Lake County,IL,metro,2253,87832,True,ffiec_ratio,137.0,66.0,1.0,65.0,11100000.0,1.515,False,65.0,0.02885,0.47445,134.92,"conversion - present, under-capturing",False,False
55035001200,Eau Claire County,WI,metro,2393,39727,False,ffiec_ratio,95.0,66.0,1.0,65.0,9490000.0,1.515,False,65.0,0.02716,0.68421,93.56,"conversion - present, under-capturing",False,False
17031330200,Cook County,IL,metro,1772,194219,False,ffiec_ratio,119.0,66.0,1.0,65.0,26000000.0,1.515,False,65.0,0.03668,0.54622,117.2,"conversion - present, under-capturing",False,False
55085970601,Oneida County,WI,rural,1045,95714,False,ffiec_ratio,94.0,65.0,0.0,65.0,13735000.0,0.0,False,65.0,0.0622,0.69149,94.0,"conversion - present, capturing none",False,False
55079170300,Milwaukee County,WI,metro,1015,73068,True,ffiec_ratio,119.0,67.0,2.0,65.0,10655000.0,2.985,False,65.0,0.06404,0.54622,115.45,"conversion - present, under-capturing",False,False
55069960900,Lincoln County,WI,rural,1249,82544,False,ffiec_ratio,87.0,67.0,2.0,65.0,8785000.0,2.985,False,65.0,0.05204,0.74713,84.4,"conversion - present, under-capturing",False,False
17097864802,Lake County,IL,metro,1170,172300,False,ffiec_ratio,108.0,65.0,0.0,65.0,38335000.0,0.0,True,65.0,0.05556,0.60185,108.0,siting - outside the footprint,False,False
17031110400,Cook County,IL,metro,2164,128210,False,ffiec_ratio,106.0,66.0,1.0,65.0,25070000.0,1.515,False,65.0,0.03004,0.61321,104.39,"conversion - present, under-capturing",False,False
17179021605,Tazewell County,IL,metro,1086,113190,False,ffiec_ratio,85.0,65.0,0.0,65.0,9215000.0,0.0,True,65.0,0.05985,0.76471,85.0,siting - outside the footprint,False,False
17031816200,Cook County,IL,metro,1852,106382,False,ffiec_ratio,122.0,65.0,0.0,65.0,16165000.0,0.0,True,65.0,0.0351,0.53279,122.0,siting - outside the footprint,False,False
17161023100,Rock Island County,IL,metro,1269,95395,False,ffiec_ratio,103.0,65.0,0.0,65.0,8965000.0,0.0,True,65.0,0.05122,0.63107,103.0,siting - outside the footprint,False,False
17031827802,Cook County,IL,metro,1016,101719,False,ffiec_ratio,155.0,65.0,0.0,65.0,13285000.0,0.0,True,65.0,0.06398,0.41935,155.0,siting - outside the footprint,False,False
17117956900,Macoupin County,IL,metro,1350,83482,True,ffiec_ratio,146.0,68.0,3.0,65.0,7520000.0,4.412,True,65.0,0.04815,0.44521,139.56,siting - outside the footprint,False,False
17031824121,Cook County,IL,metro,1366,118177,False,ffiec_ratio,105.0,65.0,0.0,65.0,13415000.0,0.0,True,65.0,0.04758,0.61905,105.0,siting - outside the footprint,False,False
17031827804,Cook County,IL,metro,1255,112169,False,ffiec_ratio,158.0,65.0,0.0,65.0,13065000.0,0.0,True,65.0,0.05179,0.41139,158.0,siting - outside the footprint,False,False
17113001404,McLean County,IL,metro,1562,77552,True,ffiec_ratio,92.0,65.0,0.0,65.0,12965000.0,0.0,True,65.0,0.04161,0.70652,92.0,siting - outside the footprint,False,False
17097864523,Lake County,IL,metro,1662,140574,False,ffiec_ratio,97.0,65.0,0.0,65.0,15795000.0,0.0,True,65.0,0.03911,0.6701,97.0,siting - outside the footprint,False,False
55075960100,Marinette County,WI,micro,1330,76359,False,ffiec_ratio,111.0,65.0,0.0,65.0,7685000.0,0.0,True,65.0,0.04887,0.58559,111.0,siting - outside the footprint,False,False
17031160601,Cook County,IL,metro,1530,119375,False,ffiec_ratio,107.0,65.0,0.0,65.0,26265000.0,0.0,True,65.0,0.04248,0.60748,107.0,siting - outside the footprint,False,False
17031823705,Cook County,IL,metro,1758,97250,True,ffiec_ratio,105.0,65.0,0.0,65.0,27245000.0,0.0,True,65.0,0.03697,0.61905,105.0,siting - outside the footprint,False,False
17195000500,Whiteside County,IL,micro,1664,76597,False,ffiec_ratio,92.0,65.0,0.0,65.0,7135000.0,0.0,True,65.0,0.03906,0.70652,92.0,siting - outside the footprint,False,False
17179021202,Tazewell County,IL,metro,1281,116227,False,ffiec_ratio,101.0,65.0,0.0,65.0,9985000.0,0.0,True,65.0,0.05074,0.64356,101.0,siting - outside the footprint,False,False
17197880115,Will County,IL,metro,1401,97616,False,ffiec_ratio,145.0,65.0,0.0,65.0,11875000.0,0.0,True,65.0,0.0464,0.44828,145.0,siting - outside the footprint,False,False
17143004300,Peoria County,IL,metro,1057,62222,True,ffiec_ratio,86.0,65.0,0.0,65.0,7435000.0,0.0,True,65.0,0.06149,0.75581,86.0,siting - outside the footprint,False,False
17099963800,LaSalle County,IL,micro,1811,95168,False,ffiec_ratio,102.0,65.0,0.0,65.0,7465000.0,0.0,True,65.0,0.03589,0.63725,102.0,siting - outside the footprint,False,False
17031804806,Cook County,IL,metro,1061,101411,False,ffiec_ratio,113.0,65.0,0.0,65.0,13715000.0,0.0,False,65.0,0.06126,0.57522,113.0,"conversion - present, capturing none",False,False
17025972100,Clay County,IL,rural,2064,56190,False,ffiec_ratio,101.0,65.0,0.0,65.0,6805000.0,0.0,True,65.0,0.03149,0.64356,101.0,siting - outside the footprint,False,False
17119402200,Madison County,IL,metro,1345,76159,True,ffiec_ratio,99.0,65.0,0.0,65.0,7255000.0,0.0,False,65.0,0.04833,0.65657,99.0,"conversion - present, capturing none",False,False
17201000510,Winnebago County,IL,metro,1391,125833,False,ffiec_ratio,119.0,66.0,1.0,65.0,13030000.0,1.515,False,65.0,0.04673,0.54622,117.2,"conversion - present, under-capturing",False,False
55009000900,Brown County,WI,metro,1482,59208,True,ffiec_ratio,109.0,68.0,3.0,65.0,8760000.0,4.412,False,65.0,0.04386,0.59633,104.19,"conversion - present, under-capturing",False,False
17131040400,Mercer County,IL,metro,1669,93393,False,ffiec_ratio,116.0,65.0,0.0,65.0,8085000.0,0.0,True,65.0,0.03895,0.56034,116.0,siting - outside the footprint,False,False
17143003601,Peoria County,IL,metro,1175,99839,False,ffiec_ratio,91.0,65.0,0.0,65.0,23175000.0,0.0,True,65.0,0.05532,0.71429,91.0,siting - outside the footprint,False,False
17081050700,Jefferson County,IL,micro,1405,83000,False,ffiec_ratio,102.0,65.0,0.0,65.0,8675000.0,0.0,True,65.0,0.04626,0.63725,102.0,siting - outside the footprint,False,False
17031812301,Cook County,IL,metro,3386,142917,False,ffiec_ratio,112.0,65.0,0.0,65.0,23695000.0,0.0,True,65.0,0.0192,0.58036,112.0,siting - outside the footprint,False,False
17031640600,Cook County,IL,metro,1768,106250,True,ffiec_ratio,130.0,65.0,0.0,65.0,18915000.0,0.0,True,65.0,0.03676,0.5,130.0,siting - outside the footprint,False,False
55079170700,Milwaukee County,WI,metro,1284,87500,False,ffiec_ratio,114.0,66.0,2.0,64.0,12790000.0,3.03,True,64.0,0.04984,0.5614,110.55,siting - outside the footprint,False,False
55085970104,Oneida County,WI,rural,1113,97054,False,ffiec_ratio,124.0,71.0,7.0,64.0,16545000.0,9.859,False,64.0,0.0575,0.51613,111.77,"conversion - present, under-capturing",False,False
55079180400,Milwaukee County,WI,metro,1331,86900,False,ffiec_ratio,112.0,66.0,2.0,64.0,12440000.0,3.03,False,64.0,0.04808,0.57143,108.61,"conversion - present, under-capturing",False,False
55127000304,Walworth County,WI,micro,1144,106250,False,ffiec_ratio,119.0,71.0,7.0,64.0,14685000.0,9.859,False,64.0,0.05594,0.53782,107.27,"conversion - present, under-capturing",False,False
17031710400,Cook County,IL,metro,2144,56625,True,ffiec_ratio,158.0,64.0,0.0,64.0,12460000.0,0.0,True,64.0,0.02985,0.40506,158.0,siting - outside the footprint,False,False
17031243400,Cook County,IL,metro,1562,141326,False,ffiec_ratio,112.0,64.0,0.0,64.0,38200000.0,0.0,False,64.0,0.04097,0.57143,112.0,"conversion - present, capturing none",False,False
55079001700,Milwaukee County,WI,metro,1870,55968,True,ffiec_ratio,133.0,68.0,4.0,64.0,10680000.0,5.882,False,64.0,0.03422,0.4812,125.18,"conversion - present, under-capturing",False,False
17043843302,DuPage County,IL,metro,1159,133209,False,ffiec_ratio,105.0,65.0,1.0,64.0,16525000.0,1.538,True,64.0,0.05522,0.60952,103.39,siting - outside the footprint,False,False
17031710800,Cook County,IL,metro,1887,50374,True,ffiec_ratio,183.0,65.0,1.0,64.0,16785000.0,1.538,True,64.0,0.03392,0.34973,180.19,siting - outside the footprint,False,False
55081950800,Monroe County,WI,micro,1481,92754,False,ffiec_ratio,109.0,65.0,1.0,64.0,12935000.0,1.538,True,64.0,0.04321,0.58716,107.32,siting - outside the footprint,False,False
17143003700,Peoria County,IL,metro,1261,157625,False,ffiec_ratio,100.0,65.0,1.0,64.0,15285000.0,1.538,True,64.0,0.05075,0.64,98.46,siting - outside the footprint,False,False
17031231500,Cook County,IL,metro,2148,72807,True,ffiec_ratio,136.0,65.0,1.0,64.0,21105000.0,1.538,True,64.0,0.0298,0.47059,133.91,siting - outside the footprint,False,False
55083100800,Oconto County,WI,metro,1013,92188,False,ffiec_ratio,94.0,71.0,7.0,64.0,13275000.0,9.859,False,64.0,0.06318,0.68085,84.73,"conversion - present, under-capturing",False,False
55139000200,Winnebago County,WI,metro,1190,59868,True,ffiec_ratio,96.0,66.0,2.0,64.0,12860000.0,3.03,False,64.0,0.05378,0.66667,93.09,"conversion - present, under-capturing",False,False
55025001000,Dane County,WI,metro,968,161136,False,ffiec_ratio,98.0,65.0,1.0,64.0,19815000.0,1.538,False,64.0,0.06612,0.65306,96.49,"conversion - present, under-capturing",False,False
17031160400,Cook County,IL,metro,2226,84048,False,ffiec_ratio,93.0,64.0,0.0,64.0,26860000.0,0.0,False,64.0,0.02875,0.68817,93.0,"conversion - present, capturing none",False,False
17031809500,Cook County,IL,metro,2280,165089,False,ffiec_ratio,103.0,65.0,1.0,64.0,99345000.0,1.538,False,64.0,0.02807,0.62136,101.42,"conversion - present, under-capturing",False,False
55025001300,Dane County,WI,metro,1484,133109,False,ffiec_ratio,90.0,64.0,0.0,64.0,21830000.0,0.0,False,64.0,0.04313,0.71111,90.0,"conversion - present, capturing none",False,False
55079003700,Milwaukee County,WI,metro,905,54865,False,ffiec_ratio,131.0,66.0,2.0,64.0,9560000.0,3.03,False,64.0,0.07072,0.48855,127.03,"conversion - present, under-capturing",False,False
55079020900,Milwaukee County,WI,metro,1111,112917,False,ffiec_ratio,97.0,66.0,2.0,64.0,14200000.0,3.03,False,64.0,0.05761,0.65979,94.06,"conversion - present, under-capturing",False,False
55095960902,Polk County,WI,rural,1029,99421,False,ffiec_ratio,98.0,67.0,3.0,64.0,19475000.0,4.478,True,64.0,0.0622,0.65306,93.61,siting - outside the footprint,False,False
17201003300,Winnebago County,IL,metro,1377,50245,True,ffiec_ratio,115.0,66.0,2.0,64.0,6520000.0,3.03,False,64.0,0.04648,0.55652,111.52,"conversion - present, under-capturing",False,False
17097860302,Lake County,IL,metro,1029,57574,True,ffiec_ratio,135.0,64.0,0.0,64.0,10850000.0,0.0,False,64.0,0.0622,0.47407,135.0,"conversion - present, capturing none",False,False
17161022100,Rock Island County,IL,metro,1347,72014,False,ffiec_ratio,100.0,64.0,0.0,64.0,7900000.0,0.0,True,64.0,0.04751,0.64,100.0,siting - outside the footprint,False,False
55123960500,Vernon County,WI,metro,1330,88646,False,ffiec_ratio,102.0,67.0,3.0,64.0,10525000.0,4.478,True,64.0,0.04812,0.62745,97.43,siting - outside the footprint,False,False
17031062000,Cook County,IL,metro,1831,216146,False,ffiec_ratio,92.0,64.0,0.0,64.0,93550000.0,0.0,True,64.0,0.03495,0.69565,92.0,siting - outside the footprint,False,False
17111870903,McHenry County,IL,metro,1551,81619,True,ffiec_ratio,117.0,64.0,0.0,64.0,42710000.0,0.0,True,64.0,0.04126,0.54701,117.0,siting - outside the footprint,False,False
17029000900,Coles County,IL,micro,1779,119063,False,ffiec_ratio,100.0,64.0,0.0,64.0,11690000.0,0.0,True,64.0,0.03598,0.64,100.0,siting - outside the footprint,False,False
17183010600,Vermilion County,IL,micro,1915,72738,False,ffiec_ratio,99.0,64.0,0.0,64.0,7650000.0,0.0,True,64.0,0.03342,0.64646,99.0,siting - outside the footprint,False,False
55019950200,Clark County,WI,rural,1586,82292,False,ffiec_ratio,90.0,64.0,0.0,64.0,9980000.0,0.0,False,64.0,0.04035,0.71111,90.0,"conversion - present, capturing none",False,False
17203030300,Woodford County,IL,metro,939,101532,False,ffiec_ratio,90.0,64.0,0.0,64.0,8420000.0,0.0,True,64.0,0.06816,0.71111,90.0,siting - outside the footprint,False,False
17099963400,LaSalle County,IL,micro,1670,93274,False,ffiec_ratio,108.0,64.0,0.0,64.0,8010000.0,0.0,True,64.0,0.03832,0.59259,108.0,siting - outside the footprint,False,False
17031821101,Cook County,IL,metro,1444,110795,False,ffiec_ratio,116.0,65.0,1.0,64.0,16965000.0,1.538,True,64.0,0.04432,0.55172,114.22,siting - outside the footprint,False,False
17031130300,Cook County,IL,metro,1898,68375,True,ffiec_ratio,104.0,64.0,0.0,64.0,19340000.0,0.0,False,64.0,0.03372,0.61538,104.0,"conversion - present, capturing none",False,False
17031283800,Cook County,IL,metro,1621,80756,False,ffiec_ratio,117.0,64.0,0.0,64.0,18100000.0,0.0,False,64.0,0.03948,0.54701,117.0,"conversion - present, capturing none",False,False
17143003403,Peoria County,IL,metro,1383,122204,False,ffiec_ratio,85.0,64.0,0.0,64.0,11090000.0,0.0,True,64.0,0.04628,0.75294,85.0,siting - outside the footprint,False,False
17043845902,DuPage County,IL,metro,1278,173636,False,ffiec_ratio,132.0,64.0,0.0,64.0,42850000.0,0.0,True,64.0,0.05008,0.48485,132.0,siting - outside the footprint,False,False
17031062600,Cook County,IL,metro,889,250001,False,ffiec_ratio,90.0,64.0,0.0,64.0,41890000.0,0.0,True,64.0,0.07199,0.71111,90.0,siting - outside the footprint,False,False
17031839700,Cook County,IL,metro,1997,94970,False,ffiec_ratio,114.0,64.0,0.0,64.0,27160000.0,0.0,False,64.0,0.03205,0.5614,114.0,"conversion - present, capturing none",False,False
17031827902,Cook County,IL,metro,1641,85820,True,ffiec_ratio,145.0,64.0,0.0,64.0,9770000.0,0.0,True,64.0,0.039,0.44138,145.0,siting - outside the footprint,False,False
17197881401,Will County,IL,metro,1352,108529,True,ffiec_ratio,131.0,64.0,0.0,64.0,9620000.0,0.0,True,64.0,0.04734,0.48855,131.0,siting - outside the footprint,False,False
17031750100,Cook County,IL,metro,1463,86489,False,ffiec_ratio,116.0,64.0,0.0,64.0,15260000.0,0.0,True,64.0,0.04375,0.55172,116.0,siting - outside the footprint,False,False
17011965300,Bureau County,IL,micro,1372,70278,False,ffiec_ratio,100.0,64.0,0.0,64.0,7450000.0,0.0,True,64.0,0.04665,0.64,100.0,siting - outside the footprint,False,False
17139976900,Moultrie County,IL,rural,1748,104292,False,ffiec_ratio,84.0,64.0,0.0,64.0,9530000.0,0.0,True,64.0,0.03661,0.7619,84.0,siting - outside the footprint,False,False
17161021600,Rock Island County,IL,metro,1015,72344,True,ffiec_ratio,102.0,64.0,0.0,64.0,6860000.0,0.0,True,64.0,0.06305,0.62745,102.0,siting - outside the footprint,False,False
55005000601,Barron County,WI,micro,1132,69615,False,ffiec_ratio,129.0,64.0,0.0,64.0,8800000.0,0.0,False,64.0,0.05654,0.49612,129.0,"conversion - present, capturing none",False,False
17197880326,Will County,IL,metro,956,150088,False,ffiec_ratio,136.0,64.0,0.0,64.0,14220000.0,0.0,True,64.0,0.06695,0.47059,136.0,siting - outside the footprint,False,False
17043846413,DuPage County,IL,metro,1666,139167,False,ffiec_ratio,87.0,64.0,0.0,64.0,18220000.0,0.0,True,64.0,0.03842,0.73563,87.0,siting - outside the footprint,False,False
55011960500,Buffalo County,WI,rural,1368,94444,False,ffiec_ratio,91.0,63.0,0.0,63.0,12525000.0,0.0,True,63.0,0.04605,0.69231,91.0,siting - outside the footprint,False,False
55079100300,Milwaukee County,WI,metro,1261,55078,True,ffiec_ratio,105.0,63.0,0.0,63.0,9755000.0,0.0,False,63.0,0.04996,0.6,105.0,"conversion - present, capturing none",False,False
55079000501,Milwaukee County,WI,metro,1405,67055,True,ffiec_ratio,126.0,66.0,3.0,63.0,12660000.0,4.545,False,63.0,0.04484,0.5,120.27,"conversion - present, under-capturing",False,False
55063010203,La Crosse County,WI,metro,680,112321,False,ffiec_ratio,84.0,64.0,1.0,63.0,13900000.0,1.563,False,63.0,0.09265,0.75,82.69,"conversion - present, under-capturing",False,False
55079090300,Milwaukee County,WI,metro,1536,99219,False,ffiec_ratio,96.0,66.0,3.0,63.0,53350000.0,4.545,False,63.0,0.04102,0.65625,91.64,"conversion - present, under-capturing",False,False
55059000300,Kenosha County,WI,metro,1634,61495,True,ffiec_ratio,109.0,65.0,2.0,63.0,9685000.0,3.077,True,63.0,0.03856,0.57798,105.65,siting - outside the footprint,False,False
17089852905,Kane County,IL,metro,1510,77188,True,ffiec_ratio,124.0,63.0,0.0,63.0,10115000.0,0.0,False,63.0,0.04172,0.50806,124.0,"conversion - present, capturing none",False,False
55079007500,Milwaukee County,WI,metro,970,238882,False,ffiec_ratio,96.0,66.0,3.0,63.0,28550000.0,4.545,False,63.0,0.06495,0.65625,91.64,"conversion - present, under-capturing",False,False
55079018300,Milwaukee County,WI,metro,1001,106477,False,ffiec_ratio,96.0,64.0,1.0,63.0,17280000.0,1.563,False,63.0,0.06294,0.65625,94.5,"conversion - present, under-capturing",False,False
17031821402,Cook County,IL,metro,1225,92043,False,ffiec_ratio,151.0,64.0,1.0,63.0,9430000.0,1.563,True,63.0,0.05143,0.41722,148.64,siting - outside the footprint,False,False
17089850201,Kane County,IL,metro,1120,82798,True,ffiec_ratio,95.0,63.0,0.0,63.0,10895000.0,0.0,True,63.0,0.05625,0.66316,95.0,siting - outside the footprint,False,False
55111001003,Sauk County,WI,micro,715,100878,False,ffiec_ratio,94.0,63.0,0.0,63.0,11255000.0,0.0,False,63.0,0.08811,0.67021,94.0,"conversion - present, capturing none",False,False
55111000602,Sauk County,WI,micro,785,104286,False,ffiec_ratio,84.0,65.0,2.0,63.0,16635000.0,3.077,True,63.0,0.08025,0.75,81.42,siting - outside the footprint,False,False
55073002301,Marathon County,WI,metro,1170,93224,False,ffiec_ratio,87.0,64.0,1.0,63.0,11190000.0,1.563,False,63.0,0.05385,0.72414,85.64,"conversion - present, under-capturing",False,False
17099962200,LaSalle County,IL,micro,1869,120500,False,ffiec_ratio,103.0,63.0,0.0,63.0,11945000.0,0.0,True,63.0,0.03371,0.61165,103.0,siting - outside the footprint,False,False
17031062300,Cook County,IL,metro,610,250001,False,ffiec_ratio,93.0,63.0,0.0,63.0,56585000.0,0.0,True,63.0,0.10328,0.67742,93.0,siting - outside the footprint,False,False
17031640500,Cook County,IL,metro,1708,113045,False,ffiec_ratio,111.0,63.0,0.0,63.0,11595000.0,0.0,True,63.0,0.03689,0.56757,111.0,siting - outside the footprint,False,False
17011965400,Bureau County,IL,micro,1701,104143,False,ffiec_ratio,89.0,63.0,0.0,63.0,7915000.0,0.0,True,63.0,0.03704,0.70787,89.0,siting - outside the footprint,False,False
17139977100,Moultrie County,IL,rural,1179,109000,False,ffiec_ratio,91.0,63.0,0.0,63.0,9415000.0,0.0,True,63.0,0.05344,0.69231,91.0,siting - outside the footprint,False,False
17043844202,DuPage County,IL,metro,836,152656,False,ffiec_ratio,106.0,63.0,0.0,63.0,18125000.0,0.0,True,63.0,0.07536,0.59434,106.0,siting - outside the footprint,False,False
17031842100,Cook County,IL,metro,2190,68875,True,ffiec_ratio,169.0,63.0,0.0,63.0,15455000.0,0.0,True,63.0,0.02877,0.37278,169.0,siting - outside the footprint,False,False
17073030301,Henry County,IL,metro,1585,101078,False,ffiec_ratio,85.0,63.0,0.0,63.0,11615000.0,0.0,True,63.0,0.03975,0.74118,85.0,siting - outside the footprint,False,False
17091010900,Kankakee County,IL,metro,1698,86083,False,ffiec_ratio,115.0,63.0,0.0,63.0,10255000.0,0.0,True,63.0,0.0371,0.54783,115.0,siting - outside the footprint,False,False
17157950800,Randolph County,IL,rural,2027,94805,False,ffiec_ratio,110.0,63.0,0.0,63.0,12015000.0,0.0,True,63.0,0.03108,0.57273,110.0,siting - outside the footprint,False,False
17043845505,DuPage County,IL,metro,1465,138409,False,ffiec_ratio,94.0,63.0,0.0,63.0,19685000.0,0.0,True,63.0,0.043,0.67021,94.0,siting - outside the footprint,False,False
17031807100,Cook County,IL,metro,1263,177875,False,ffiec_ratio,131.0,63.0,0.0,63.0,23065000.0,0.0,False,63.0,0.04988,0.48092,131.0,"conversion - present, capturing none",False,False
55079012600,Milwaukee County,WI,metro,1028,90200,True,ffiec_ratio,105.0,63.0,0.0,63.0,10485000.0,0.0,False,63.0,0.06128,0.6,105.0,"conversion - present, capturing none",False,False
17043846702,DuPage County,IL,metro,1227,98500,False,ffiec_ratio,115.0,63.0,0.0,63.0,16165000.0,0.0,True,63.0,0.05134,0.54783,115.0,siting - outside the footprint,False,False
17183001200,Vermilion County,IL,micro,1588,84451,False,ffiec_ratio,94.0,63.0,0.0,63.0,15375000.0,0.0,True,63.0,0.03967,0.67021,94.0,siting - outside the footprint,False,False
17043845810,DuPage County,IL,metro,1814,79552,False,ffiec_ratio,91.0,63.0,0.0,63.0,16335000.0,0.0,True,63.0,0.03473,0.69231,91.0,siting - outside the footprint,False,False
17099964300,LaSalle County,IL,micro,1304,46923,False,ffiec_ratio,90.0,63.0,0.0,63.0,6105000.0,0.0,True,63.0,0.04831,0.7,90.0,siting - outside the footprint,False,False
17113000301,McLean County,IL,metro,1851,96731,False,ffiec_ratio,78.0,63.0,0.0,63.0,32445000.0,0.0,True,63.0,0.03404,0.80769,78.0,siting - outside the footprint,False,False
55079100600,Milwaukee County,WI,metro,853,106739,False,ffiec_ratio,107.0,64.0,2.0,62.0,10140000.0,3.125,False,62.0,0.07268,0.57944,103.66,"conversion - present, under-capturing",False,False
55105000300,Rock County,WI,metro,1214,54844,True,ffiec_ratio,91.0,64.0,2.0,62.0,8350000.0,3.125,False,62.0,0.05107,0.68132,88.16,"conversion - present, under-capturing",False,False
17031826401,Cook County,IL,metro,1173,64212,True,ffiec_ratio,139.0,62.0,0.0,62.0,9290000.0,0.0,True,62.0,0.05286,0.44604,139.0,siting - outside the footprint,False,False
55119960500,Taylor County,WI,rural,1391,87461,False,ffiec_ratio,88.0,65.0,3.0,62.0,9335000.0,4.615,False,62.0,0.04457,0.70455,83.94,"conversion - present, under-capturing",False,False
17031821200,Cook County,IL,metro,2590,70151,True,ffiec_ratio,117.0,63.0,1.0,62.0,13955000.0,1.587,True,62.0,0.02394,0.52991,115.14,siting - outside the footprint,False,False
55097961101,Portage County,WI,micro,1657,107892,False,ffiec_ratio,91.0,65.0,3.0,62.0,14545000.0,4.615,False,62.0,0.03742,0.68132,86.8,"conversion - present, under-capturing",False,False
17031808302,Cook County,IL,metro,1715,93984,False,ffiec_ratio,136.0,63.0,1.0,62.0,14715000.0,1.587,True,62.0,0.03615,0.45588,133.84,siting - outside the footprint,False,False
17097861508,Lake County,IL,metro,1680,125455,False,ffiec_ratio,114.0,62.0,0.0,62.0,12430000.0,0.0,False,62.0,0.0369,0.54386,114.0,"conversion - present, capturing none",False,False
17119402804,Madison County,IL,metro,826,111625,False,ffiec_ratio,111.0,67.0,5.0,62.0,14255000.0,7.463,True,62.0,0.07506,0.55856,102.72,siting - outside the footprint,False,False
17031819802,Cook County,IL,metro,899,232344,False,ffiec_ratio,89.0,62.0,0.0,62.0,30370000.0,0.0,True,62.0,0.06897,0.69663,89.0,siting - outside the footprint,False,False
17051950700,Fayette County,IL,rural,1978,105016,False,ffiec_ratio,102.0,62.0,0.0,62.0,10530000.0,0.0,True,62.0,0.03134,0.60784,102.0,siting - outside the footprint,False,False
17031051400,Cook County,IL,metro,1057,228994,False,ffiec_ratio,93.0,62.0,0.0,62.0,38860000.0,0.0,True,62.0,0.05866,0.66667,93.0,siting - outside the footprint,False,False
17119401500,Madison County,IL,metro,1037,74505,False,ffiec_ratio,104.0,62.0,0.0,62.0,5100000.0,0.0,False,62.0,0.05979,0.59615,104.0,"conversion - present, capturing none",False,False
17031150402,Cook County,IL,metro,1331,115192,False,ffiec_ratio,109.0,62.0,0.0,62.0,21440000.0,0.0,False,62.0,0.04658,0.56881,109.0,"conversion - present, capturing none",False,False
17031826700,Cook County,IL,metro,1722,38995,True,ffiec_ratio,143.0,63.0,1.0,62.0,8645000.0,1.587,True,62.0,0.036,0.43357,140.73,siting - outside the footprint,False,False
17031130100,Cook County,IL,metro,1874,124167,False,ffiec_ratio,99.0,62.0,0.0,62.0,22790000.0,0.0,False,62.0,0.03308,0.62626,99.0,"conversion - present, capturing none",False,False
17011965200,Bureau County,IL,micro,1483,74682,False,ffiec_ratio,97.0,62.0,0.0,62.0,6940000.0,0.0,True,62.0,0.04181,0.63918,97.0,siting - outside the footprint,False,False
17031730202,Cook County,IL,metro,1004,90688,False,ffiec_ratio,138.0,62.0,0.0,62.0,11380000.0,0.0,True,62.0,0.06175,0.44928,138.0,siting - outside the footprint,False,False
17031221400,Cook County,IL,metro,1562,166469,False,ffiec_ratio,100.0,62.0,0.0,62.0,33710000.0,0.0,True,62.0,0.03969,0.62,100.0,siting - outside the footprint,False,False
17089851000,Kane County,IL,metro,2728,86553,True,ffiec_ratio,136.0,62.0,0.0,62.0,12760000.0,0.0,False,62.0,0.02273,0.45588,136.0,"conversion - present, capturing none",False,False
17031820000,Cook County,IL,metro,676,250001,False,ffiec_ratio,99.0,62.0,0.0,62.0,54980000.0,0.0,True,62.0,0.09172,0.62626,99.0,siting - outside the footprint,False,False
17117956100,Macoupin County,IL,metro,1187,68553,True,ffiec_ratio,112.0,62.0,0.0,62.0,7650000.0,0.0,True,62.0,0.05223,0.55357,112.0,siting - outside the footprint,False,False
55087011104,Outagamie County,WI,metro,1531,73684,False,ffiec_ratio,84.0,65.0,3.0,62.0,13735000.0,4.615,False,62.0,0.0405,0.7381,80.12,"conversion - present, under-capturing",False,False
17099963000,LaSalle County,IL,micro,2141,89453,False,ffiec_ratio,89.0,62.0,0.0,62.0,15410000.0,0.0,True,62.0,0.02896,0.69663,89.0,siting - outside the footprint,False,False
17031805201,Cook County,IL,metro,1273,140592,False,ffiec_ratio,112.0,62.0,0.0,62.0,21570000.0,0.0,False,62.0,0.0487,0.55357,112.0,"conversion - present, capturing none",False,False
55139001600,Winnebago County,WI,metro,1458,103370,False,ffiec_ratio,84.0,63.0,1.0,62.0,11555000.0,1.587,True,62.0,0.04252,0.7381,82.67,siting - outside the footprint,False,False
17177000500,Stephenson County,IL,micro,1244,102969,False,ffiec_ratio,83.0,62.0,0.0,62.0,9180000.0,0.0,True,62.0,0.04984,0.74699,83.0,siting - outside the footprint,False,False
17043840907,DuPage County,IL,metro,1953,116229,False,ffiec_ratio,111.0,62.0,0.0,62.0,19930000.0,0.0,False,62.0,0.03175,0.55856,111.0,"conversion - present, capturing none",False,False
17031823102,Cook County,IL,metro,1526,87992,False,ffiec_ratio,103.0,62.0,0.0,62.0,15170000.0,0.0,True,62.0,0.04063,0.60194,103.0,siting - outside the footprint,False,False
17199020202,Williamson County,IL,micro,1190,116531,False,ffiec_ratio,92.0,62.0,0.0,62.0,11850000.0,0.0,True,62.0,0.0521,0.67391,92.0,siting - outside the footprint,False,False
17031816300,Cook County,IL,metro,1577,75326,True,ffiec_ratio,111.0,62.0,0.0,62.0,13430000.0,0.0,True,62.0,0.03932,0.55856,111.0,siting - outside the footprint,False,False
17031801400,Cook County,IL,metro,1134,174231,False,ffiec_ratio,109.0,62.0,0.0,62.0,30170000.0,0.0,False,62.0,0.05467,0.56881,109.0,"conversion - present, capturing none",False,False
55085970400,Oneida County,WI,rural,1294,85625,False,ffiec_ratio,85.0,66.0,5.0,61.0,12460000.0,7.576,False,61.0,0.04714,0.71765,78.56,"conversion - present, under-capturing",False,False
17031832000,Cook County,IL,metro,1138,208750,False,ffiec_ratio,93.0,62.0,1.0,61.0,33600000.0,1.613,True,61.0,0.0536,0.65591,91.5,siting - outside the footprint,False,False
17097863604,Lake County,IL,metro,1182,174516,False,ffiec_ratio,93.0,61.0,0.0,61.0,27165000.0,0.0,False,61.0,0.05161,0.65591,93.0,"conversion - present, capturing none",False,False
55079004700,Milwaukee County,WI,metro,1362,,False,ffiec_ratio,132.0,63.0,2.0,61.0,7215000.0,3.175,False,61.0,0.04479,0.46212,127.81,"conversion - present, under-capturing",False,True
17097861507,Lake County,IL,metro,991,129750,False,ffiec_ratio,124.0,61.0,0.0,61.0,14155000.0,0.0,False,61.0,0.06155,0.49194,124.0,"conversion - present, capturing none",False,False
55105001900,Rock County,WI,metro,1013,77679,True,ffiec_ratio,104.0,64.0,3.0,61.0,10820000.0,4.688,False,61.0,0.06022,0.58654,99.12,"conversion - present, under-capturing",False,False
55023960100,Crawford County,WI,rural,1159,68125,False,ffiec_ratio,101.0,63.0,2.0,61.0,13195000.0,3.175,True,61.0,0.05263,0.60396,97.79,siting - outside the footprint,False,False
17031839900,Cook County,IL,metro,2218,171065,False,ffiec_ratio,115.0,62.0,1.0,61.0,24360000.0,1.613,False,61.0,0.0275,0.53043,113.15,"conversion - present, under-capturing",False,False
55079012400,Milwaukee County,WI,metro,1188,49700,True,ffiec_ratio,100.0,64.0,3.0,61.0,11790000.0,4.688,False,61.0,0.05135,0.61,95.31,"conversion - present, under-capturing",False,False
55073000601,Marathon County,WI,metro,933,76000,True,ffiec_ratio,79.0,63.0,2.0,61.0,8825000.0,3.175,False,61.0,0.06538,0.77215,76.49,"conversion - present, under-capturing",False,False
17043841004,DuPage County,IL,metro,1558,153487,False,ffiec_ratio,99.0,63.0,2.0,61.0,16225000.0,3.175,False,61.0,0.03915,0.61616,95.86,"conversion - present, under-capturing",False,False
55139003000,Winnebago County,WI,metro,832,94719,False,ffiec_ratio,80.0,62.0,1.0,61.0,11270000.0,1.613,False,61.0,0.07332,0.7625,78.71,"conversion - present, under-capturing",False,False
55133202204,Waukesha County,WI,metro,1558,81204,True,ffiec_ratio,85.0,62.0,1.0,61.0,46940000.0,1.613,False,61.0,0.03915,0.71765,83.63,"conversion - present, under-capturing",False,False
55055101201,Jefferson County,WI,micro,904,106221,False,ffiec_ratio,107.0,65.0,4.0,61.0,18555000.0,6.154,False,61.0,0.06748,0.57009,100.42,"conversion - present, under-capturing",False,False
55079130200,Milwaukee County,WI,metro,1209,113958,False,ffiec_ratio,93.0,65.0,4.0,61.0,15295000.0,6.154,False,61.0,0.05045,0.65591,87.28,"conversion - present, under-capturing",False,False
55141010500,Wood County,WI,micro,1501,86250,False,ffiec_ratio,106.0,67.0,6.0,61.0,12165000.0,8.955,False,61.0,0.04064,0.57547,96.51,"conversion - present, under-capturing",False,False
17031520500,Cook County,IL,metro,1510,92243,True,ffiec_ratio,126.0,62.0,1.0,61.0,10500000.0,1.613,True,61.0,0.0404,0.48413,123.97,siting - outside the footprint,False,False
55087010800,Outagamie County,WI,metro,755,68066,True,ffiec_ratio,81.0,63.0,2.0,61.0,9555000.0,3.175,False,61.0,0.08079,0.75309,78.43,"conversion - present, under-capturing",False,False
17031010300,Cook County,IL,metro,3243,92241,False,ffiec_ratio,111.0,61.0,0.0,61.0,32495000.0,0.0,False,61.0,0.01881,0.54955,111.0,"conversion - present, capturing none",False,False
55079040100,Milwaukee County,WI,metro,555,233750,False,ffiec_ratio,98.0,63.0,2.0,61.0,39915000.0,3.175,False,61.0,0.10991,0.62245,94.89,"conversion - present, under-capturing",False,False
17031530200,Cook County,IL,metro,1254,44647,True,ffiec_ratio,151.0,62.0,1.0,61.0,11060000.0,1.613,True,61.0,0.04864,0.40397,148.56,siting - outside the footprint,False,False
17031823101,Cook County,IL,metro,1743,64766,True,ffiec_ratio,108.0,61.0,0.0,61.0,11045000.0,0.0,True,61.0,0.035,0.56481,108.0,siting - outside the footprint,False,False
17021958400,Christian County,IL,micro,1546,92581,False,ffiec_ratio,93.0,61.0,0.0,61.0,7035000.0,0.0,True,61.0,0.03946,0.65591,93.0,siting - outside the footprint,False,False
17043841605,DuPage County,IL,metro,1195,119000,False,ffiec_ratio,111.0,61.0,0.0,61.0,14835000.0,0.0,True,61.0,0.05105,0.54955,111.0,siting - outside the footprint,False,False
17143002100,Peoria County,IL,metro,1758,47383,True,ffiec_ratio,115.0,61.0,0.0,61.0,5385000.0,0.0,True,61.0,0.0347,0.53043,115.0,siting - outside the footprint,False,False
55139003100,Winnebago County,WI,metro,871,117143,False,ffiec_ratio,94.0,64.0,3.0,61.0,14010000.0,4.688,False,61.0,0.07003,0.64894,89.59,"conversion - present, under-capturing",False,False
55031020300,Douglas County,WI,metro,1549,76250,True,ffiec_ratio,92.0,61.0,0.0,61.0,14925000.0,0.0,True,61.0,0.03938,0.66304,92.0,siting - outside the footprint,False,False
17141961001,Ogle County,IL,micro,1195,80333,False,ffiec_ratio,85.0,62.0,1.0,61.0,10130000.0,1.613,True,61.0,0.05105,0.71765,83.63,siting - outside the footprint,False,False
17057953300,Fulton County,IL,micro,1472,95185,False,ffiec_ratio,86.0,61.0,0.0,61.0,7425000.0,0.0,True,61.0,0.04144,0.7093,86.0,siting - outside the footprint,False,False
17081050800,Jefferson County,IL,micro,1782,92212,False,ffiec_ratio,103.0,61.0,0.0,61.0,11115000.0,0.0,True,61.0,0.03423,0.59223,103.0,siting - outside the footprint,False,False
55005001001,Barron County,WI,micro,744,83833,False,ffiec_ratio,86.0,63.0,2.0,61.0,13445000.0,3.175,True,61.0,0.08199,0.7093,83.27,siting - outside the footprint,False,False
17031809700,Cook County,IL,metro,1262,157083,False,ffiec_ratio,114.0,61.0,0.0,61.0,23085000.0,0.0,False,61.0,0.04834,0.53509,114.0,"conversion - present, capturing none",False,False
17039971400,De Witt County,IL,rural,994,92119,False,ffiec_ratio,87.0,61.0,0.0,61.0,8365000.0,0.0,True,61.0,0.06137,0.70115,87.0,siting - outside the footprint,False,False
17043846410,DuPage County,IL,metro,2283,140290,False,ffiec_ratio,88.0,61.0,0.0,61.0,105435000.0,0.0,True,61.0,0.02672,0.69318,88.0,siting - outside the footprint,False,False
17031050600,Cook County,IL,metro,1198,228333,False,ffiec_ratio,92.0,61.0,0.0,61.0,36055000.0,0.0,True,61.0,0.05092,0.66304,92.0,siting - outside the footprint,False,False
17031210900,Cook County,IL,metro,1598,121645,False,ffiec_ratio,96.0,61.0,0.0,61.0,37535000.0,0.0,True,61.0,0.03817,0.63542,96.0,siting - outside the footprint,False,False
17031812801,Cook County,IL,metro,1896,154000,False,ffiec_ratio,101.0,61.0,0.0,61.0,96315000.0,0.0,True,61.0,0.03217,0.60396,101.0,siting - outside the footprint,False,False
17043841404,DuPage County,IL,metro,1317,188184,False,ffiec_ratio,103.0,61.0,0.0,61.0,19575000.0,0.0,True,61.0,0.04632,0.59223,103.0,siting - outside the footprint,False,False
55043960200,Grant County,WI,micro,1810,75085,False,ffiec_ratio,93.0,61.0,0.0,61.0,8185000.0,0.0,True,61.0,0.0337,0.65591,93.0,siting - outside the footprint,False,False
55009000100,Brown County,WI,metro,1167,63286,True,ffiec_ratio,93.0,63.0,2.0,61.0,8945000.0,3.175,False,61.0,0.05227,0.65591,90.05,"conversion - present, under-capturing",False,False
17097860908,Lake County,IL,metro,909,126305,False,ffiec_ratio,105.0,61.0,0.0,61.0,38675000.0,0.0,True,61.0,0.06711,0.58095,105.0,siting - outside the footprint,False,False
55079187400,Milwaukee County,WI,metro,2502,156966,False,ffiec_ratio,80.0,61.0,0.0,61.0,22425000.0,0.0,False,61.0,0.02438,0.7625,80.0,"conversion - present, capturing none",False,False
55135100200,Waupaca County,WI,rural,1085,101438,False,ffiec_ratio,94.0,64.0,3.0,61.0,11300000.0,4.688,False,61.0,0.05622,0.64894,89.59,"conversion - present, under-capturing",False,False
55107960100,Rusk County,WI,rural,1523,77778,False,ffiec_ratio,121.0,63.0,2.0,61.0,10195000.0,3.175,True,61.0,0.04005,0.50413,117.16,siting - outside the footprint,False,False
17043844501,DuPage County,IL,metro,1244,103478,False,ffiec_ratio,117.0,61.0,0.0,61.0,17425000.0,0.0,True,61.0,0.04904,0.52137,117.0,siting - outside the footprint,False,False
17125956500,Mason County,IL,rural,1424,63875,False,ffiec_ratio,90.0,61.0,0.0,61.0,5375000.0,0.0,True,61.0,0.04284,0.67778,90.0,siting - outside the footprint,False,False
55087011901,Outagamie County,WI,metro,1207,113056,True,ffiec_ratio,93.0,63.0,2.0,61.0,13045000.0,3.175,False,61.0,0.05054,0.65591,90.05,"conversion - present, under-capturing",False,False
17057953800,Fulton County,IL,micro,1037,92813,False,ffiec_ratio,89.0,61.0,0.0,61.0,6145000.0,0.0,True,61.0,0.05882,0.68539,89.0,siting - outside the footprint,False,False
17097862100,Lake County,IL,metro,1874,84922,True,ffiec_ratio,125.0,62.0,1.0,61.0,11130000.0,1.613,False,61.0,0.03255,0.488,122.98,"conversion - present, under-capturing",False,False
55119960600,Taylor County,WI,rural,1147,80391,False,ffiec_ratio,96.0,63.0,2.0,61.0,10945000.0,3.175,False,61.0,0.05318,0.63542,92.95,"conversion - present, under-capturing",False,False
17031829600,Cook County,IL,metro,1087,74769,False,ffiec_ratio,94.0,61.0,0.0,61.0,8615000.0,0.0,True,61.0,0.05612,0.64894,94.0,siting - outside the footprint,False,False
17031031000,Cook County,IL,metro,2195,197768,False,ffiec_ratio,98.0,61.0,0.0,61.0,27865000.0,0.0,False,61.0,0.02779,0.62245,98.0,"conversion - present, capturing none",False,False
17097864514,Lake County,IL,metro,1129,173750,False,ffiec_ratio,106.0,61.0,0.0,61.0,23505000.0,0.0,False,61.0,0.05403,0.57547,106.0,"conversion - present, capturing none",False,False
17081050100,Jefferson County,IL,micro,1632,89405,False,ffiec_ratio,108.0,61.0,0.0,61.0,9775000.0,0.0,True,61.0,0.03738,0.56481,108.0,siting - outside the footprint,False,False
17041952400,Douglas County,IL,rural,1208,91635,False,ffiec_ratio,99.0,61.0,0.0,61.0,8645000.0,0.0,True,61.0,0.0505,0.61616,99.0,siting - outside the footprint,False,False
17131040200,Mercer County,IL,metro,1518,88063,False,ffiec_ratio,109.0,61.0,0.0,61.0,5465000.0,0.0,True,61.0,0.04018,0.55963,109.0,siting - outside the footprint,False,False
55057100100,Juneau County,WI,rural,1195,78913,False,ffiec_ratio,106.0,61.0,1.0,60.0,15235000.0,1.639,True,60.0,0.05021,0.56604,104.26,siting - outside the footprint,False,False
17031691400,Cook County,IL,metro,1407,51397,True,ffiec_ratio,142.0,61.0,1.0,60.0,11405000.0,1.639,True,60.0,0.04264,0.42254,139.67,siting - outside the footprint,False,False
17031640400,Cook County,IL,metro,1222,127898,False,ffiec_ratio,101.0,61.0,1.0,60.0,10285000.0,1.639,True,60.0,0.0491,0.59406,99.34,siting - outside the footprint,False,False
55133203404,Waukesha County,WI,metro,1645,123631,False,ffiec_ratio,93.0,64.0,4.0,60.0,14280000.0,6.25,False,60.0,0.03647,0.64516,87.19,"conversion - present, under-capturing",False,False
55035000401,Eau Claire County,WI,metro,1071,130698,False,ffiec_ratio,92.0,64.0,4.0,60.0,21720000.0,6.25,False,60.0,0.05602,0.65217,86.25,"conversion - present, under-capturing",False,False
55089640101,Ozaukee County,WI,metro,1894,91406,False,ffiec_ratio,72.0,61.0,1.0,60.0,13145000.0,1.639,False,60.0,0.03168,0.83333,70.82,"conversion - present, under-capturing",False,False
55121100200,Trempealeau County,WI,rural,1359,87981,False,ffiec_ratio,92.0,61.0,1.0,60.0,10255000.0,1.639,True,60.0,0.04415,0.65217,90.49,siting - outside the footprint,False,False
17043846701,DuPage County,IL,metro,1475,101563,False,ffiec_ratio,96.0,60.0,0.0,60.0,12950000.0,0.0,True,60.0,0.04068,0.625,96.0,siting - outside the footprint,False,False
17031120400,Cook County,IL,metro,1334,129688,False,ffiec_ratio,87.0,61.0,1.0,60.0,19325000.0,1.639,False,60.0,0.04498,0.68966,85.57,"conversion - present, under-capturing",False,False
55001950204,Adams County,WI,rural,970,75441,False,ffiec_ratio,118.0,61.0,1.0,60.0,14175000.0,1.639,True,60.0,0.06186,0.50847,116.07,siting - outside the footprint,False,False
55099970500,Price County,WI,rural,964,64375,False,ffiec_ratio,88.0,60.0,0.0,60.0,10120000.0,0.0,False,60.0,0.06224,0.68182,88.0,"conversion - present, capturing none",False,False
17031813400,Cook County,IL,metro,2056,83995,True,ffiec_ratio,133.0,63.0,3.0,60.0,12625000.0,4.762,True,60.0,0.02918,0.45113,126.67,siting - outside the footprint,False,False
17051950800,Fayette County,IL,rural,1393,56786,True,ffiec_ratio,111.0,60.0,0.0,60.0,6050000.0,0.0,True,60.0,0.04307,0.54054,111.0,siting - outside the footprint,False,False
17197882801,Will County,IL,metro,995,83624,True,ffiec_ratio,96.0,60.0,0.0,60.0,9980000.0,0.0,True,60.0,0.0603,0.625,96.0,siting - outside the footprint,False,False
17043844309,DuPage County,IL,metro,887,137083,False,ffiec_ratio,114.0,61.0,1.0,60.0,20045000.0,1.639,True,60.0,0.06764,0.52632,112.13,siting - outside the footprint,False,False
17119403603,Madison County,IL,metro,823,114063,False,ffiec_ratio,88.0,60.0,0.0,60.0,11180000.0,0.0,True,60.0,0.0729,0.68182,88.0,siting - outside the footprint,False,False
17043846604,DuPage County,IL,metro,1364,104508,False,ffiec_ratio,119.0,60.0,0.0,60.0,12320000.0,0.0,True,60.0,0.04399,0.5042,119.0,siting - outside the footprint,False,False
17089853008,Kane County,IL,metro,1179,109167,True,ffiec_ratio,94.0,60.0,0.0,60.0,10510000.0,0.0,False,60.0,0.05089,0.6383,94.0,"conversion - present, capturing none",False,False
17161024300,Rock Island County,IL,metro,1376,62589,False,ffiec_ratio,85.0,60.0,0.0,60.0,6180000.0,0.0,True,60.0,0.0436,0.70588,85.0,siting - outside the footprint,False,False
17031150502,Cook County,IL,metro,1539,91164,False,ffiec_ratio,105.0,60.0,0.0,60.0,16170000.0,0.0,False,60.0,0.03899,0.57143,105.0,"conversion - present, capturing none",False,False
55023960200,Crawford County,WI,rural,1081,88681,False,ffiec_ratio,99.0,61.0,1.0,60.0,10445000.0,1.639,True,60.0,0.0555,0.60606,97.38,siting - outside the footprint,False,False
17141961302,Ogle County,IL,micro,1039,128608,False,ffiec_ratio,77.0,60.0,0.0,60.0,13440000.0,0.0,True,60.0,0.05775,0.77922,77.0,siting - outside the footprint,False,False
55078940104,Menominee County,WI,micro,600,82083,False,ffiec_ratio,107.0,63.0,3.0,60.0,17225000.0,4.762,False,60.0,0.1,0.56075,101.9,"conversion - present, under-capturing",False,False
17031811301,Cook County,IL,metro,1457,71634,False,ffiec_ratio,135.0,60.0,0.0,60.0,15080000.0,0.0,True,60.0,0.04118,0.44444,135.0,siting - outside the footprint,False,False
55111001002,Sauk County,WI,micro,1252,60203,False,ffiec_ratio,104.0,60.0,0.0,60.0,13180000.0,0.0,False,60.0,0.04792,0.57692,104.0,"conversion - present, capturing none",False,False
17031071800,Cook County,IL,metro,1175,250001,False,ffiec_ratio,107.0,60.0,0.0,60.0,59030000.0,0.0,False,60.0,0.05106,0.56075,107.0,"conversion - present, capturing none",False,False
17031030702,Cook County,IL,metro,1482,128497,False,ffiec_ratio,130.0,60.0,0.0,60.0,9980000.0,0.0,False,60.0,0.04049,0.46154,130.0,"conversion - present, capturing none",False,False
17197883100,Will County,IL,metro,1506,71683,True,ffiec_ratio,115.0,60.0,0.0,60.0,10810000.0,0.0,True,60.0,0.03984,0.52174,115.0,siting - outside the footprint,False,False
17119404100,Madison County,IL,metro,1393,81250,True,ffiec_ratio,101.0,60.0,0.0,60.0,7460000.0,0.0,True,60.0,0.04307,0.59406,101.0,siting - outside the footprint,False,False
17043841111,DuPage County,IL,metro,1550,114727,False,ffiec_ratio,112.0,60.0,0.0,60.0,14540000.0,0.0,False,60.0,0.03871,0.53571,112.0,"conversion - present, capturing none",False,False
17031804603,Cook County,IL,metro,2836,114259,False,ffiec_ratio,127.0,60.0,0.0,60.0,106860000.0,0.0,True,60.0,0.02116,0.47244,127.0,siting - outside the footprint,False,False
17097860106,Lake County,IL,metro,1171,123000,False,ffiec_ratio,109.0,60.0,0.0,60.0,12140000.0,0.0,True,60.0,0.05124,0.55046,109.0,siting - outside the footprint,False,False
55043960500,Grant County,WI,micro,1468,80662,False,ffiec_ratio,88.0,60.0,0.0,60.0,11110000.0,0.0,True,60.0,0.04087,0.68182,88.0,siting - outside the footprint,False,False
17045070300,Edgar County,IL,rural,1839,56951,True,ffiec_ratio,91.0,60.0,0.0,60.0,5340000.0,0.0,True,60.0,0.03263,0.65934,91.0,siting - outside the footprint,False,False
55073002200,Marathon County,WI,metro,1192,85125,True,ffiec_ratio,93.0,61.0,2.0,59.0,10945000.0,3.279,False,59.0,0.0495,0.63441,89.95,"conversion - present, under-capturing",False,False
17031060100,Cook County,IL,metro,1245,219306,False,ffiec_ratio,79.0,59.0,0.0,59.0,40735000.0,0.0,True,59.0,0.04739,0.74684,79.0,siting - outside the footprint,False,False
55067960101,Langlade County,WI,rural,566,94423,False,ffiec_ratio,98.0,66.0,7.0,59.0,12030000.0,10.606,False,59.0,0.10424,0.60204,87.61,"conversion - present, under-capturing",False,False
55131420108,Washington County,WI,metro,1202,121336,False,ffiec_ratio,87.0,61.0,2.0,59.0,19025000.0,3.279,True,59.0,0.04908,0.67816,84.15,siting - outside the footprint,False,False
55059000102,Kenosha County,WI,metro,1742,65588,True,ffiec_ratio,93.0,60.0,1.0,59.0,11280000.0,1.667,True,59.0,0.03387,0.63441,91.45,siting - outside the footprint,False,False
55141010800,Wood County,WI,micro,1058,87143,False,ffiec_ratio,96.0,65.0,6.0,59.0,10655000.0,9.231,False,59.0,0.05577,0.61458,87.14,"conversion - present, under-capturing",False,False
17097864515,Lake County,IL,metro,1028,198214,False,ffiec_ratio,106.0,59.0,0.0,59.0,21635000.0,0.0,True,59.0,0.05739,0.5566,106.0,siting - outside the footprint,False,False
55079018100,Milwaukee County,WI,metro,1132,133792,False,ffiec_ratio,85.0,61.0,2.0,59.0,15935000.0,3.279,False,59.0,0.05212,0.69412,82.21,"conversion - present, under-capturing",False,False
55133203104,Waukesha County,WI,metro,1512,100952,False,ffiec_ratio,75.0,61.0,2.0,59.0,9045000.0,3.279,False,59.0,0.03902,0.78667,72.54,"conversion - present, under-capturing",False,False
17201003602,Winnebago County,IL,metro,1805,63438,True,ffiec_ratio,117.0,60.0,1.0,59.0,7760000.0,1.667,False,59.0,0.03269,0.50427,115.05,"conversion - present, under-capturing",False,False
55079009400,Milwaukee County,WI,metro,1164,116827,False,ffiec_ratio,92.0,59.0,0.0,59.0,12595000.0,0.0,False,59.0,0.05069,0.6413,92.0,"conversion - present, capturing none",False,False
17031040402,Cook County,IL,metro,2507,69861,False,ffiec_ratio,87.0,60.0,1.0,59.0,93960000.0,1.667,False,59.0,0.02353,0.67816,85.55,"conversion - present, under-capturing",False,False
17031650301,Cook County,IL,metro,1641,74250,True,ffiec_ratio,112.0,60.0,1.0,59.0,10330000.0,1.667,True,59.0,0.03595,0.52679,110.13,siting - outside the footprint,False,False
55097960400,Portage County,WI,micro,2165,67284,False,ffiec_ratio,88.0,62.0,3.0,59.0,9820000.0,4.839,False,59.0,0.02725,0.67045,83.74,"conversion - present, under-capturing",False,False
55057100301,Juneau County,WI,rural,681,82368,False,ffiec_ratio,95.0,61.0,2.0,59.0,14815000.0,3.279,True,59.0,0.08664,0.62105,91.88,siting - outside the footprint,False,False
17049950200,Effingham County,IL,micro,1890,113030,False,ffiec_ratio,120.0,59.0,0.0,59.0,15465000.0,0.0,True,59.0,0.03122,0.49167,120.0,siting - outside the footprint,False,False
55079017900,Milwaukee County,WI,metro,1257,139038,False,ffiec_ratio,88.0,60.0,1.0,59.0,16130000.0,1.667,False,59.0,0.04694,0.67045,86.53,"conversion - present, under-capturing",False,False
17139977200,Moultrie County,IL,rural,1797,68991,False,ffiec_ratio,95.0,59.0,0.0,59.0,6695000.0,0.0,True,59.0,0.03283,0.62105,95.0,siting - outside the footprint,False,False
17031805801,Cook County,IL,metro,1015,138182,False,ffiec_ratio,95.0,59.0,0.0,59.0,22145000.0,0.0,True,59.0,0.05813,0.62105,95.0,siting - outside the footprint,False,False
17089850302,Kane County,IL,metro,1544,61950,True,ffiec_ratio,117.0,59.0,0.0,59.0,27985000.0,0.0,False,59.0,0.03821,0.50427,117.0,"conversion - present, capturing none",False,False
17133600502,Monroe County,IL,metro,1174,119250,False,ffiec_ratio,97.0,59.0,0.0,59.0,11585000.0,0.0,True,59.0,0.05026,0.60825,97.0,siting - outside the footprint,False,False
17183000500,Vermilion County,IL,micro,1811,65791,False,ffiec_ratio,79.0,59.0,0.0,59.0,6225000.0,0.0,True,59.0,0.03258,0.74684,79.0,siting - outside the footprint,False,False
17031804510,Cook County,IL,metro,1311,74833,True,ffiec_ratio,130.0,59.0,0.0,59.0,46795000.0,0.0,False,59.0,0.045,0.45385,130.0,"conversion - present, capturing none",False,False
55079170100,Milwaukee County,WI,metro,1126,87969,False,ffiec_ratio,91.0,59.0,0.0,59.0,12445000.0,0.0,True,59.0,0.0524,0.64835,91.0,siting - outside the footprint,False,False
17031805108,Cook County,IL,metro,2496,82938,False,ffiec_ratio,102.0,59.0,0.0,59.0,21815000.0,0.0,True,59.0,0.02364,0.57843,102.0,siting - outside the footprint,False,False
17043841320,DuPage County,IL,metro,809,102148,False,ffiec_ratio,93.0,59.0,0.0,59.0,12085000.0,0.0,False,59.0,0.07293,0.63441,93.0,"conversion - present, capturing none",False,False
17043840706,DuPage County,IL,metro,1149,120288,False,ffiec_ratio,108.0,59.0,0.0,59.0,18365000.0,0.0,True,59.0,0.05135,0.5463,108.0,siting - outside the footprint,False,False
17043841113,DuPage County,IL,metro,1351,104917,False,ffiec_ratio,102.0,59.0,0.0,59.0,18615000.0,0.0,False,59.0,0.04367,0.57843,102.0,"conversion - present, capturing none",False,False
17107953500,Logan County,IL,micro,1125,115393,False,ffiec_ratio,87.0,59.0,0.0,59.0,8855000.0,0.0,True,59.0,0.05244,0.67816,87.0,siting - outside the footprint,False,False
17031812500,Cook County,IL,metro,1708,144750,False,ffiec_ratio,94.0,59.0,0.0,59.0,26545000.0,0.0,True,59.0,0.03454,0.62766,94.0,siting - outside the footprint,False,False
17031807500,Cook County,IL,metro,1082,159853,False,ffiec_ratio,95.0,59.0,0.0,59.0,18165000.0,0.0,False,59.0,0.05453,0.62105,95.0,"conversion - present, capturing none",False,False
17031824300,Cook County,IL,metro,1501,88066,True,ffiec_ratio,138.0,59.0,0.0,59.0,10335000.0,0.0,True,59.0,0.03931,0.42754,138.0,siting - outside the footprint,False,False
17031822500,Cook County,IL,metro,1647,120268,False,ffiec_ratio,131.0,59.0,0.0,59.0,12415000.0,0.0,True,59.0,0.03582,0.45038,131.0,siting - outside the footprint,False,False
17199021100,Williamson County,IL,micro,1351,50000,True,ffiec_ratio,97.0,59.0,0.0,59.0,9545000.0,0.0,True,59.0,0.04367,0.60825,97.0,siting - outside the footprint,False,False
55129950502,Washburn County,WI,rural,1087,87188,False,ffiec_ratio,98.0,59.0,0.0,59.0,19185000.0,0.0,True,59.0,0.05428,0.60204,98.0,siting - outside the footprint,False,False
17167002002,Sangamon County,IL,metro,1225,123507,False,ffiec_ratio,80.0,59.0,0.0,59.0,12085000.0,0.0,True,59.0,0.04816,0.7375,80.0,siting - outside the footprint,False,False
17147954800,Piatt County,IL,metro,994,95341,False,ffiec_ratio,93.0,59.0,0.0,59.0,9295000.0,0.0,True,59.0,0.05936,0.63441,93.0,siting - outside the footprint,False,False
17023060100,Clark County,IL,rural,1663,96597,False,ffiec_ratio,106.0,59.0,0.0,59.0,10085000.0,0.0,True,59.0,0.03548,0.5566,106.0,siting - outside the footprint,False,False
17031491000,Cook County,IL,metro,1252,50455,True,ffiec_ratio,119.0,59.0,0.0,59.0,9505000.0,0.0,True,59.0,0.04712,0.4958,119.0,siting - outside the footprint,False,False
17031808001,Cook County,IL,metro,1408,146103,False,ffiec_ratio,108.0,59.0,0.0,59.0,19405000.0,0.0,False,59.0,0.0419,0.5463,108.0,"conversion - present, capturing none",False,False
17031831800,Cook County,IL,metro,2348,101280,True,ffiec_ratio,97.0,59.0,0.0,59.0,23495000.0,0.0,False,59.0,0.02513,0.60825,97.0,"conversion - present, capturing none",False,False
17089853007,Kane County,IL,metro,1834,87978,True,ffiec_ratio,108.0,59.0,0.0,59.0,11715000.0,0.0,False,59.0,0.03217,0.5463,108.0,"conversion - present, capturing none",False,False
17031320102,Cook County,IL,metro,2913,170625,False,ffiec_ratio,111.0,59.0,0.0,59.0,23555000.0,0.0,False,59.0,0.02025,0.53153,111.0,"conversion - present, capturing none",False,False
17197884101,Will County,IL,metro,1706,102431,False,ffiec_ratio,111.0,59.0,0.0,59.0,11415000.0,0.0,True,59.0,0.03458,0.53153,111.0,siting - outside the footprint,False,False
17197883214,Will County,IL,metro,915,150225,False,ffiec_ratio,105.0,59.0,0.0,59.0,12785000.0,0.0,True,59.0,0.06448,0.5619,105.0,siting - outside the footprint,False,False
17119401901,Madison County,IL,metro,749,83958,False,ffiec_ratio,77.0,59.0,1.0,58.0,9225000.0,1.695,False,58.0,0.07744,0.75325,75.69,"conversion - present, under-capturing",False,False
17031810702,Cook County,IL,metro,1502,105816,False,ffiec_ratio,98.0,58.0,0.0,58.0,16420000.0,0.0,True,58.0,0.03862,0.59184,98.0,siting - outside the footprint,False,False
55079100400,Milwaukee County,WI,metro,1469,83681,True,ffiec_ratio,99.0,59.0,1.0,58.0,10125000.0,1.695,False,58.0,0.03948,0.58586,97.32,"conversion - present, under-capturing",False,False
17031062400,Cook County,IL,metro,781,250001,False,ffiec_ratio,80.0,59.0,1.0,58.0,50025000.0,1.695,True,58.0,0.07426,0.725,78.64,siting - outside the footprint,False,False
55041950100,Forest County,WI,rural,623,81250,False,ffiec_ratio,84.0,59.0,1.0,58.0,9605000.0,1.695,False,58.0,0.0931,0.69048,82.58,"conversion - present, under-capturing",False,False
55105002700,Rock County,WI,metro,926,96917,False,ffiec_ratio,83.0,58.0,0.0,58.0,12880000.0,0.0,True,58.0,0.06263,0.6988,83.0,siting - outside the footprint,False,False
17177000600,Stephenson County,IL,micro,1224,105341,False,ffiec_ratio,85.0,59.0,1.0,58.0,10495000.0,1.695,True,58.0,0.04739,0.68235,83.56,siting - outside the footprint,False,False
17179021801,Tazewell County,IL,metro,1446,92955,False,ffiec_ratio,124.0,59.0,1.0,58.0,6245000.0,1.695,True,58.0,0.04011,0.46774,121.9,siting - outside the footprint,False,False
55079012800,Milwaukee County,WI,metro,1087,86597,False,ffiec_ratio,94.0,59.0,1.0,58.0,17825000.0,1.695,False,58.0,0.05336,0.61702,92.41,"conversion - present, under-capturing",False,False
55079001300,Milwaukee County,WI,metro,1618,72255,True,ffiec_ratio,119.0,62.0,4.0,58.0,7850000.0,6.452,False,58.0,0.03585,0.48739,111.32,"conversion - present, under-capturing",False,False
17031250400,Cook County,IL,metro,2040,48547,True,ffiec_ratio,136.0,60.0,2.0,58.0,17230000.0,3.333,True,58.0,0.02843,0.42647,131.47,siting - outside the footprint,False,False
55043960100,Grant County,WI,micro,1438,90769,False,ffiec_ratio,95.0,58.0,0.0,58.0,9500000.0,0.0,True,58.0,0.04033,0.61053,95.0,siting - outside the footprint,False,False
55107960500,Rusk County,WI,rural,1808,77596,True,ffiec_ratio,100.0,61.0,3.0,58.0,9095000.0,4.918,True,58.0,0.03208,0.58,95.08,siting - outside the footprint,False,False
55071000500,Manitowoc County,WI,micro,1209,65754,True,ffiec_ratio,97.0,59.0,1.0,58.0,6075000.0,1.695,False,58.0,0.04797,0.59794,95.36,"conversion - present, under-capturing",False,False
55117010900,Sheboygan County,WI,metro,1172,112000,False,ffiec_ratio,89.0,60.0,2.0,58.0,13760000.0,3.333,True,58.0,0.04949,0.65169,86.03,siting - outside the footprint,False,False
17197880903,Will County,IL,metro,1771,71065,True,ffiec_ratio,86.0,58.0,0.0,58.0,10550000.0,0.0,True,58.0,0.03275,0.67442,86.0,siting - outside the footprint,False,False
17031820300,Cook County,IL,metro,1863,72297,True,ffiec_ratio,110.0,58.0,0.0,58.0,14050000.0,0.0,True,58.0,0.03113,0.52727,110.0,siting - outside the footprint,False,False
17043846004,DuPage County,IL,metro,1556,126463,False,ffiec_ratio,98.0,58.0,0.0,58.0,17000000.0,0.0,True,58.0,0.03728,0.59184,98.0,siting - outside the footprint,False,False
17089850703,Kane County,IL,metro,736,123994,False,ffiec_ratio,85.0,58.0,0.0,58.0,15950000.0,0.0,True,58.0,0.0788,0.68235,85.0,siting - outside the footprint,False,False
17043841112,DuPage County,IL,metro,1223,174293,False,ffiec_ratio,105.0,58.0,0.0,58.0,14540000.0,0.0,False,58.0,0.04742,0.55238,105.0,"conversion - present, capturing none",False,False
17031750200,Cook County,IL,metro,1420,113322,False,ffiec_ratio,108.0,58.0,0.0,58.0,17310000.0,0.0,True,58.0,0.04085,0.53704,108.0,siting - outside the footprint,False,False
55079000101,Milwaukee County,WI,metro,2014,34625,True,ffiec_ratio,133.0,60.0,2.0,58.0,74800000.0,3.333,False,58.0,0.0288,0.43609,128.57,"conversion - present, under-capturing",False,False
17031810301,Cook County,IL,metro,1455,107065,False,ffiec_ratio,111.0,58.0,0.0,58.0,16830000.0,0.0,False,58.0,0.03986,0.52252,111.0,"conversion - present, capturing none",False,False
17021958100,Christian County,IL,micro,1180,105270,False,ffiec_ratio,83.0,58.0,0.0,58.0,7430000.0,0.0,True,58.0,0.04915,0.6988,83.0,siting - outside the footprint,False,False
17081050600,Jefferson County,IL,micro,1302,88750,False,ffiec_ratio,114.0,58.0,0.0,58.0,8040000.0,0.0,True,58.0,0.04455,0.50877,114.0,siting - outside the footprint,False,False
17031823806,Cook County,IL,metro,1770,101583,True,ffiec_ratio,103.0,58.0,0.0,58.0,11260000.0,0.0,True,58.0,0.03277,0.56311,103.0,siting - outside the footprint,False,False
17075950200,Iroquois County,IL,rural,1424,108816,False,ffiec_ratio,88.0,58.0,0.0,58.0,10590000.0,0.0,True,58.0,0.04073,0.65909,88.0,siting - outside the footprint,False,False
17199020600,Williamson County,IL,micro,1513,108064,False,ffiec_ratio,101.0,58.0,0.0,58.0,8170000.0,0.0,True,58.0,0.03833,0.57426,101.0,siting - outside the footprint,False,False
17121952200,Marion County,IL,micro,1446,87794,False,ffiec_ratio,113.0,58.0,0.0,58.0,8360000.0,0.0,True,58.0,0.04011,0.51327,113.0,siting - outside the footprint,False,False
17031829500,Cook County,IL,metro,1564,66429,True,ffiec_ratio,113.0,60.0,2.0,58.0,7610000.0,3.333,True,58.0,0.03708,0.51327,109.23,siting - outside the footprint,False,False
17031823500,Cook County,IL,metro,1467,74454,True,ffiec_ratio,119.0,58.0,0.0,58.0,10020000.0,0.0,True,58.0,0.03954,0.48739,119.0,siting - outside the footprint,False,False
17167003801,Sangamon County,IL,metro,939,75787,True,ffiec_ratio,154.0,58.0,0.0,58.0,5820000.0,0.0,True,58.0,0.06177,0.37662,154.0,siting - outside the footprint,False,False
17031030400,Cook County,IL,metro,1394,155846,False,ffiec_ratio,87.0,58.0,0.0,58.0,28340000.0,0.0,False,58.0,0.04161,0.66667,87.0,"conversion - present, capturing none",False,False
17091012300,Kankakee County,IL,metro,1435,46140,True,ffiec_ratio,121.0,58.0,0.0,58.0,7410000.0,0.0,True,58.0,0.04042,0.47934,121.0,siting - outside the footprint,False,False
17005951500,Bond County,IL,metro,1652,92667,False,ffiec_ratio,100.0,58.0,0.0,58.0,9300000.0,0.0,True,58.0,0.03511,0.58,100.0,siting - outside the footprint,False,False
55013970900,Burnett County,WI,rural,1200,82500,False,ffiec_ratio,103.0,58.0,0.0,58.0,12190000.0,0.0,True,58.0,0.04833,0.56311,103.0,siting - outside the footprint,False,False
17091011300,Kankakee County,IL,metro,902,100110,False,ffiec_ratio,92.0,58.0,0.0,58.0,8270000.0,0.0,True,58.0,0.0643,0.63043,92.0,siting - outside the footprint,False,False
17001001001,Adams County,IL,micro,1436,78043,False,ffiec_ratio,88.0,58.0,0.0,58.0,7260000.0,0.0,True,58.0,0.04039,0.65909,88.0,siting - outside the footprint,False,False
17031805107,Cook County,IL,metro,3047,76750,False,ffiec_ratio,95.0,58.0,0.0,58.0,14850000.0,0.0,True,58.0,0.01904,0.61053,95.0,siting - outside the footprint,False,False
17043841313,DuPage County,IL,metro,1170,117125,False,ffiec_ratio,96.0,58.0,0.0,58.0,16040000.0,0.0,True,58.0,0.04957,0.60417,96.0,siting - outside the footprint,False,False
17031020802,Cook County,IL,metro,2086,64588,True,ffiec_ratio,131.0,57.0,0.0,57.0,17925000.0,0.0,False,57.0,0.02733,0.43511,131.0,"conversion - present, capturing none",False,False
17043843100,DuPage County,IL,metro,1655,92742,False,ffiec_ratio,85.0,57.0,0.0,57.0,13095000.0,0.0,True,57.0,0.03444,0.67059,85.0,siting - outside the footprint,False,False
17119401000,Madison County,IL,metro,1075,74594,True,ffiec_ratio,80.0,57.0,0.0,57.0,5135000.0,0.0,True,57.0,0.05302,0.7125,80.0,siting - outside the footprint,False,False
55079001000,Milwaukee County,WI,metro,1430,61032,True,ffiec_ratio,112.0,58.0,1.0,57.0,7710000.0,1.724,False,57.0,0.03986,0.50893,110.07,"conversion - present, under-capturing",False,False
55025001802,Dane County,WI,metro,2054,125288,False,ffiec_ratio,76.0,57.0,0.0,57.0,16975000.0,0.0,False,57.0,0.02775,0.75,76.0,"conversion - present, capturing none",False,False
55107960200,Rusk County,WI,rural,816,77361,False,ffiec_ratio,99.0,58.0,1.0,57.0,13810000.0,1.724,True,57.0,0.06985,0.57576,97.29,siting - outside the footprint,False,False
55005001003,Barron County,WI,micro,677,110284,False,ffiec_ratio,90.0,59.0,2.0,57.0,9435000.0,3.39,False,57.0,0.08419,0.63333,86.95,"conversion - present, under-capturing",False,False
55089630100,Ozaukee County,WI,metro,1396,84697,False,ffiec_ratio,94.0,65.0,8.0,57.0,13375000.0,12.308,False,57.0,0.04083,0.60638,82.43,"conversion - present, under-capturing",False,False
55059002802,Kenosha County,WI,metro,1132,119659,False,ffiec_ratio,87.0,58.0,1.0,57.0,13730000.0,1.724,True,57.0,0.05035,0.65517,85.5,siting - outside the footprint,False,False
17031221500,Cook County,IL,metro,1548,110179,False,ffiec_ratio,98.0,57.0,0.0,57.0,35695000.0,0.0,True,57.0,0.03682,0.58163,98.0,siting - outside the footprint,False,False
17201002500,Winnebago County,IL,metro,836,44792,True,ffiec_ratio,108.0,59.0,2.0,57.0,4795000.0,3.39,False,57.0,0.06818,0.52778,104.34,"conversion - present, under-capturing",False,False
17031650200,Cook County,IL,metro,2065,80313,False,ffiec_ratio,107.0,57.0,0.0,57.0,9525000.0,0.0,True,57.0,0.0276,0.53271,107.0,siting - outside the footprint,False,False
17031808100,Cook County,IL,metro,1851,95870,True,ffiec_ratio,94.0,58.0,1.0,57.0,15680000.0,1.724,False,57.0,0.03079,0.60638,92.38,"conversion - present, under-capturing",False,False
17031161200,Cook County,IL,metro,1074,92679,True,ffiec_ratio,114.0,57.0,0.0,57.0,20185000.0,0.0,False,57.0,0.05307,0.5,114.0,"conversion - present, capturing none",False,False
17031190300,Cook County,IL,metro,1976,96278,False,ffiec_ratio,94.0,57.0,0.0,57.0,18085000.0,0.0,False,57.0,0.02885,0.60638,94.0,"conversion - present, capturing none",False,False
17031760802,Cook County,IL,metro,1180,138207,False,ffiec_ratio,82.0,59.0,2.0,57.0,14755000.0,3.39,True,57.0,0.04831,0.69512,79.22,siting - outside the footprint,False,False
17143002800,Peoria County,IL,metro,1530,81328,False,ffiec_ratio,90.0,57.0,0.0,57.0,6855000.0,0.0,True,57.0,0.03725,0.63333,90.0,siting - outside the footprint,False,False
17043841323,DuPage County,IL,metro,958,130682,False,ffiec_ratio,111.0,57.0,0.0,57.0,13635000.0,0.0,False,57.0,0.0595,0.51351,111.0,"conversion - present, capturing none",False,False
17043841210,DuPage County,IL,metro,1663,96905,False,ffiec_ratio,84.0,57.0,0.0,57.0,15125000.0,0.0,True,57.0,0.03428,0.67857,84.0,siting - outside the footprint,False,False
17031020801,Cook County,IL,metro,2211,86792,True,ffiec_ratio,99.0,57.0,0.0,57.0,21315000.0,0.0,False,57.0,0.02578,0.57576,99.0,"conversion - present, capturing none",False,False
17193958100,White County,IL,rural,1440,90104,False,ffiec_ratio,103.0,57.0,0.0,57.0,6755000.0,0.0,True,57.0,0.03958,0.5534,103.0,siting - outside the footprint,False,False
17115002300,Macon County,IL,metro,1203,104808,False,ffiec_ratio,79.0,57.0,0.0,57.0,9395000.0,0.0,True,57.0,0.04738,0.72152,79.0,siting - outside the footprint,False,False
17097861504,Lake County,IL,metro,3384,97194,True,ffiec_ratio,119.0,57.0,0.0,57.0,13255000.0,0.0,False,57.0,0.01684,0.47899,119.0,"conversion - present, capturing none",False,False
17167000202,Sangamon County,IL,metro,1404,53750,True,ffiec_ratio,81.0,57.0,0.0,57.0,6745000.0,0.0,True,57.0,0.0406,0.7037,81.0,siting - outside the footprint,False,False
17031811401,Cook County,IL,metro,1529,94167,False,ffiec_ratio,117.0,57.0,0.0,57.0,10755000.0,0.0,True,57.0,0.03728,0.48718,117.0,siting - outside the footprint,False,False
55039040500,Fond du Lac County,WI,metro,1978,59667,True,ffiec_ratio,94.0,59.0,2.0,57.0,10695000.0,3.39,False,57.0,0.02882,0.60638,90.81,"conversion - present, under-capturing",False,False
17099961702,LaSalle County,IL,micro,1320,95625,False,ffiec_ratio,112.0,58.0,1.0,57.0,10770000.0,1.724,True,57.0,0.04318,0.50893,110.07,siting - outside the footprint,False,False
17183010100,Vermilion County,IL,micro,1164,84280,False,ffiec_ratio,83.0,57.0,0.0,57.0,5565000.0,0.0,True,57.0,0.04897,0.68675,83.0,siting - outside the footprint,False,False
17055041100,Franklin County,IL,rural,1322,63235,True,ffiec_ratio,113.0,57.0,0.0,57.0,7075000.0,0.0,True,57.0,0.04312,0.50442,113.0,siting - outside the footprint,False,False
17031825700,Cook County,IL,metro,1449,61743,True,ffiec_ratio,115.0,57.0,0.0,57.0,8465000.0,0.0,True,57.0,0.03934,0.49565,115.0,siting - outside the footprint,False,False
17031770400,Cook County,IL,metro,1738,91406,False,ffiec_ratio,98.0,57.0,0.0,57.0,14545000.0,0.0,True,57.0,0.0328,0.58163,98.0,siting - outside the footprint,False,False
55045960700,Green County,WI,metro,1388,89048,True,ffiec_ratio,89.0,57.0,0.0,57.0,13095000.0,0.0,True,57.0,0.04107,0.64045,89.0,siting - outside the footprint,False,False
17031800800,Cook County,IL,metro,1036,190357,False,ffiec_ratio,103.0,58.0,1.0,57.0,31890000.0,1.724,False,57.0,0.05502,0.5534,101.22,"conversion - present, under-capturing",False,False
17031831900,Cook County,IL,metro,1513,156094,False,ffiec_ratio,91.0,57.0,0.0,57.0,104565000.0,0.0,True,57.0,0.03767,0.62637,91.0,siting - outside the footprint,False,False
55069960300,Lincoln County,WI,rural,830,86912,False,ffiec_ratio,92.0,62.0,5.0,57.0,13960000.0,8.065,True,57.0,0.06867,0.61957,84.58,siting - outside the footprint,False,False
17031020302,Cook County,IL,metro,1807,96912,False,ffiec_ratio,83.0,57.0,0.0,57.0,26725000.0,0.0,False,57.0,0.03154,0.68675,83.0,"conversion - present, capturing none",False,False
17117956000,Macoupin County,IL,metro,1146,95298,False,ffiec_ratio,97.0,57.0,0.0,57.0,5865000.0,0.0,True,57.0,0.04974,0.58763,97.0,siting - outside the footprint,False,False
17031220500,Cook County,IL,metro,1441,114091,False,ffiec_ratio,76.0,57.0,0.0,57.0,51145000.0,0.0,True,57.0,0.03956,0.75,76.0,siting - outside the footprint,False,False
17031812302,Cook County,IL,metro,1074,245625,False,ffiec_ratio,94.0,57.0,0.0,57.0,33035000.0,0.0,True,57.0,0.05307,0.60638,94.0,siting - outside the footprint,False,False
17031831500,Cook County,IL,metro,1372,96964,True,ffiec_ratio,99.0,57.0,0.0,57.0,15145000.0,0.0,True,57.0,0.04155,0.57576,99.0,siting - outside the footprint,False,False
17195000400,Whiteside County,IL,micro,1159,97596,False,ffiec_ratio,76.0,57.0,0.0,57.0,7815000.0,0.0,True,57.0,0.04918,0.75,76.0,siting - outside the footprint,False,False
17117957000,Macoupin County,IL,metro,1659,77542,True,ffiec_ratio,108.0,63.0,7.0,56.0,7135000.0,11.111,True,56.0,0.03376,0.51852,96.0,siting - outside the footprint,False,False
17031071100,Cook County,IL,metro,1046,250001,False,ffiec_ratio,97.0,58.0,2.0,56.0,58500000.0,3.448,False,56.0,0.05354,0.57732,93.66,"conversion - present, under-capturing",False,False
17203030502,Woodford County,IL,metro,946,78333,False,ffiec_ratio,82.0,56.0,0.0,56.0,8520000.0,0.0,True,56.0,0.0592,0.68293,82.0,siting - outside the footprint,False,False
17141961600,Ogle County,IL,micro,1315,79792,False,ffiec_ratio,73.0,57.0,1.0,56.0,12345000.0,1.754,True,56.0,0.04259,0.76712,71.72,siting - outside the footprint,False,False
55027962000,Dodge County,WI,micro,998,80507,True,ffiec_ratio,89.0,57.0,1.0,56.0,8535000.0,1.754,False,56.0,0.05611,0.62921,87.44,"conversion - present, under-capturing",False,False
17119403403,Madison County,IL,metro,1371,82955,True,ffiec_ratio,91.0,57.0,1.0,56.0,8625000.0,1.754,True,56.0,0.04085,0.61538,89.4,siting - outside the footprint,False,False
17031081000,Cook County,IL,metro,5561,250001,False,ffiec_ratio,95.0,57.0,1.0,56.0,64445000.0,1.754,False,56.0,0.01007,0.58947,93.33,"conversion - present, under-capturing",False,False
55009940004,Brown County,WI,metro,1156,89879,False,ffiec_ratio,98.0,61.0,5.0,56.0,14405000.0,8.197,False,56.0,0.04844,0.57143,89.97,"conversion - present, under-capturing",False,False
17031160800,Cook County,IL,metro,1799,91544,True,ffiec_ratio,117.0,57.0,1.0,56.0,27935000.0,1.754,False,56.0,0.03113,0.47863,114.95,"conversion - present, under-capturing",False,False
55095960702,Polk County,WI,rural,934,79833,False,ffiec_ratio,85.0,56.0,0.0,56.0,11870000.0,0.0,True,56.0,0.05996,0.65882,85.0,siting - outside the footprint,False,False
55087010100,Outagamie County,WI,metro,1133,82070,True,ffiec_ratio,68.0,57.0,1.0,56.0,30835000.0,1.754,False,56.0,0.04943,0.82353,66.81,"conversion - present, under-capturing",False,False
17201000507,Winnebago County,IL,metro,1462,90385,False,ffiec_ratio,89.0,57.0,1.0,56.0,11785000.0,1.754,False,56.0,0.0383,0.62921,87.44,"conversion - present, under-capturing",False,False
17031827200,Cook County,IL,metro,1320,68188,False,ffiec_ratio,137.0,57.0,1.0,56.0,8255000.0,1.754,True,56.0,0.04242,0.40876,134.6,siting - outside the footprint,False,False
55069960100,Lincoln County,WI,rural,1023,94732,False,ffiec_ratio,84.0,57.0,1.0,56.0,14415000.0,1.754,False,56.0,0.05474,0.66667,82.53,"conversion - present, under-capturing",False,False
55079110100,Milwaukee County,WI,metro,1934,76042,True,ffiec_ratio,107.0,57.0,1.0,56.0,11275000.0,1.754,False,56.0,0.02896,0.52336,105.12,"conversion - present, under-capturing",False,False
17091010201,Kankakee County,IL,metro,913,141250,False,ffiec_ratio,81.0,56.0,0.0,56.0,16600000.0,0.0,True,56.0,0.06134,0.69136,81.0,siting - outside the footprint,False,False
17031804808,Cook County,IL,metro,912,157601,False,ffiec_ratio,88.0,56.0,0.0,56.0,17440000.0,0.0,False,56.0,0.0614,0.63636,88.0,"conversion - present, capturing none",False,False
17031210700,Cook County,IL,metro,1569,102708,False,ffiec_ratio,87.0,56.0,0.0,56.0,25200000.0,0.0,True,56.0,0.03569,0.64368,87.0,siting - outside the footprint,False,False
17201003606,Winnebago County,IL,metro,1269,72910,True,ffiec_ratio,94.0,56.0,0.0,56.0,17590000.0,0.0,False,56.0,0.04413,0.59574,94.0,"conversion - present, capturing none",False,False
17031806400,Cook County,IL,metro,784,132500,False,ffiec_ratio,109.0,56.0,0.0,56.0,14490000.0,0.0,True,56.0,0.07143,0.51376,109.0,siting - outside the footprint,False,False
17125956300,Mason County,IL,rural,1130,87917,False,ffiec_ratio,88.0,56.0,0.0,56.0,5170000.0,0.0,True,56.0,0.04956,0.63636,88.0,siting - outside the footprint,False,False
17167000201,Sangamon County,IL,metro,1229,93456,False,ffiec_ratio,93.0,56.0,0.0,56.0,7480000.0,0.0,True,56.0,0.04557,0.60215,93.0,siting - outside the footprint,False,False
55025001902,Dane County,WI,metro,1757,128000,False,ffiec_ratio,71.0,56.0,0.0,56.0,15200000.0,0.0,False,56.0,0.03187,0.78873,71.0,"conversion - present, capturing none",False,False
55079000502,Milwaukee County,WI,metro,1711,48735,True,ffiec_ratio,111.0,58.0,2.0,56.0,23000000.0,3.448,False,56.0,0.03273,0.5045,107.17,"conversion - present, under-capturing",False,False
55079000102,Milwaukee County,WI,metro,1712,56654,True,ffiec_ratio,142.0,58.0,2.0,56.0,6510000.0,3.448,False,56.0,0.03271,0.39437,137.1,"conversion - present, under-capturing",False,False
17189950300,Washington County,IL,rural,1301,72976,False,ffiec_ratio,80.0,56.0,0.0,56.0,7560000.0,0.0,True,56.0,0.04304,0.7,80.0,siting - outside the footprint,False,False
17031811702,Cook County,IL,metro,2050,92925,True,ffiec_ratio,130.0,56.0,0.0,56.0,10170000.0,0.0,True,56.0,0.02732,0.43077,130.0,siting - outside the footprint,False,False
55079004800,Milwaukee County,WI,metro,1056,48266,True,ffiec_ratio,136.0,58.0,2.0,56.0,6900000.0,3.448,False,56.0,0.05303,0.41176,131.31,"conversion - present, under-capturing",False,False
17097861509,Lake County,IL,metro,1366,161635,False,ffiec_ratio,93.0,58.0,2.0,56.0,43800000.0,3.448,False,56.0,0.041,0.60215,89.79,"conversion - present, under-capturing",False,False
17161020302,Rock Island County,IL,metro,1253,84632,False,ffiec_ratio,82.0,56.0,0.0,56.0,5890000.0,0.0,True,56.0,0.04469,0.68293,82.0,siting - outside the footprint,False,False
17021958200,Christian County,IL,micro,1552,101200,False,ffiec_ratio,74.0,56.0,0.0,56.0,7000000.0,0.0,True,56.0,0.03608,0.75676,74.0,siting - outside the footprint,False,False
55079018200,Milwaukee County,WI,metro,753,131583,False,ffiec_ratio,81.0,57.0,1.0,56.0,14855000.0,1.754,False,56.0,0.07437,0.69136,79.58,"conversion - present, under-capturing",False,False
17011965500,Bureau County,IL,micro,1462,98438,False,ffiec_ratio,86.0,56.0,0.0,56.0,6840000.0,0.0,True,56.0,0.0383,0.65116,86.0,siting - outside the footprint,False,False
17043840102,DuPage County,IL,metro,1773,100435,False,ffiec_ratio,95.0,56.0,0.0,56.0,14030000.0,0.0,True,56.0,0.03158,0.58947,95.0,siting - outside the footprint,False,False
17097865502,Lake County,IL,metro,827,236964,False,ffiec_ratio,83.0,56.0,0.0,56.0,34340000.0,0.0,True,56.0,0.06771,0.6747,83.0,siting - outside the footprint,False,False
17043845506,DuPage County,IL,metro,1873,98229,False,ffiec_ratio,97.0,56.0,0.0,56.0,38030000.0,0.0,True,56.0,0.0299,0.57732,97.0,siting - outside the footprint,False,False
55043960800,Grant County,WI,micro,1178,100682,False,ffiec_ratio,92.0,56.0,0.0,56.0,10450000.0,0.0,True,56.0,0.04754,0.6087,92.0,siting - outside the footprint,False,False
17119401101,Madison County,IL,metro,1105,58177,True,ffiec_ratio,94.0,56.0,0.0,56.0,5540000.0,0.0,True,56.0,0.05068,0.59574,94.0,siting - outside the footprint,False,False
17001000600,Adams County,IL,micro,1866,83125,False,ffiec_ratio,87.0,56.0,0.0,56.0,9410000.0,0.0,True,56.0,0.03001,0.64368,87.0,siting - outside the footprint,False,False
55025000302,Dane County,WI,metro,949,190357,False,ffiec_ratio,73.0,56.0,0.0,56.0,16260000.0,0.0,False,56.0,0.05901,0.76712,73.0,"conversion - present, capturing none",False,False
17031151200,Cook County,IL,metro,1291,77716,False,ffiec_ratio,100.0,56.0,0.0,56.0,19270000.0,0.0,False,56.0,0.04338,0.56,100.0,"conversion - present, capturing none",False,False
17031060300,Cook County,IL,metro,1286,216328,False,ffiec_ratio,97.0,55.0,0.0,55.0,40515000.0,0.0,True,55.0,0.04277,0.56701,97.0,siting - outside the footprint,False,False
55013970600,Burnett County,WI,rural,824,85833,False,ffiec_ratio,85.0,56.0,1.0,55.0,12410000.0,1.786,True,55.0,0.06675,0.64706,83.48,siting - outside the footprint,False,False
55119960300,Taylor County,WI,rural,1082,89205,False,ffiec_ratio,97.0,56.0,1.0,55.0,9240000.0,1.786,True,55.0,0.05083,0.56701,95.27,siting - outside the footprint,False,False
17031150501,Cook County,IL,metro,1572,148088,False,ffiec_ratio,112.0,57.0,2.0,55.0,15715000.0,3.509,False,55.0,0.03499,0.49107,108.07,"conversion - present, under-capturing",False,False
55087012200,Outagamie County,WI,metro,916,100093,True,ffiec_ratio,76.0,57.0,2.0,55.0,8225000.0,3.509,False,55.0,0.06004,0.72368,73.33,"conversion - present, under-capturing",False,False
55087012300,Outagamie County,WI,metro,788,87500,True,ffiec_ratio,85.0,56.0,1.0,55.0,8060000.0,1.786,False,55.0,0.0698,0.64706,83.48,"conversion - present, under-capturing",False,False
55133203000,Waukesha County,WI,metro,942,123594,False,ffiec_ratio,81.0,58.0,3.0,55.0,13100000.0,5.172,False,55.0,0.05839,0.67901,76.81,"conversion - present, under-capturing",False,False
17031490200,Cook County,IL,metro,1388,80855,True,ffiec_ratio,130.0,56.0,1.0,55.0,9670000.0,1.786,True,55.0,0.03963,0.42308,127.68,siting - outside the footprint,False,False
55073000900,Marathon County,WI,metro,1052,84500,False,ffiec_ratio,93.0,59.0,4.0,55.0,18145000.0,6.78,False,55.0,0.05228,0.5914,86.69,"conversion - present, under-capturing",False,False
17197884006,Will County,IL,metro,719,97031,False,ffiec_ratio,93.0,56.0,1.0,55.0,11620000.0,1.786,True,55.0,0.0765,0.5914,91.34,siting - outside the footprint,False,False
17197882802,Will County,IL,metro,1051,45865,True,ffiec_ratio,92.0,55.0,0.0,55.0,23235000.0,0.0,True,55.0,0.05233,0.59783,92.0,siting - outside the footprint,False,False
17031806600,Cook County,IL,metro,1157,128352,False,ffiec_ratio,104.0,55.0,0.0,55.0,13165000.0,0.0,True,55.0,0.04754,0.52885,104.0,siting - outside the footprint,False,False
55079004600,Milwaukee County,WI,metro,1164,36468,True,ffiec_ratio,123.0,56.0,1.0,55.0,5810000.0,1.786,False,55.0,0.04725,0.44715,120.8,"conversion - present, under-capturing",False,False
17197881012,Will County,IL,metro,864,136042,False,ffiec_ratio,95.0,55.0,0.0,55.0,14195000.0,0.0,True,55.0,0.06366,0.57895,95.0,siting - outside the footprint,False,False
17113005501,McLean County,IL,metro,940,83625,False,ffiec_ratio,83.0,55.0,0.0,55.0,7425000.0,0.0,True,55.0,0.05851,0.66265,83.0,siting - outside the footprint,False,False
55139001000,Winnebago County,WI,metro,1289,77552,False,ffiec_ratio,86.0,57.0,2.0,55.0,8165000.0,3.509,False,55.0,0.04267,0.63953,82.98,"conversion - present, under-capturing",False,False
17031819500,Cook County,IL,metro,1493,122463,False,ffiec_ratio,97.0,55.0,0.0,55.0,21135000.0,0.0,True,55.0,0.03684,0.56701,97.0,siting - outside the footprint,False,False
17197883402,Will County,IL,metro,808,116574,False,ffiec_ratio,79.0,55.0,0.0,55.0,8935000.0,0.0,True,55.0,0.06807,0.6962,79.0,siting - outside the footprint,False,False
17031807000,Cook County,IL,metro,2101,64602,True,ffiec_ratio,78.0,55.0,0.0,55.0,19405000.0,0.0,False,55.0,0.02618,0.70513,78.0,"conversion - present, capturing none",False,False
17075950700,Iroquois County,IL,rural,1188,109205,False,ffiec_ratio,101.0,55.0,0.0,55.0,10615000.0,0.0,True,55.0,0.0463,0.54455,101.0,siting - outside the footprint,False,False
17031809200,Cook County,IL,metro,1675,72614,True,ffiec_ratio,122.0,55.0,0.0,55.0,28895000.0,0.0,False,55.0,0.03284,0.45082,122.0,"conversion - present, capturing none",False,False
55025001704,Dane County,WI,metro,2418,131538,False,ffiec_ratio,76.0,55.0,0.0,55.0,21865000.0,0.0,False,55.0,0.02275,0.72368,76.0,"conversion - present, capturing none",False,False
17195000300,Whiteside County,IL,micro,1274,90423,False,ffiec_ratio,71.0,55.0,0.0,55.0,6355000.0,0.0,True,55.0,0.04317,0.77465,71.0,siting - outside the footprint,False,False
17113001700,McLean County,IL,metro,1053,53606,True,ffiec_ratio,79.0,55.0,0.0,55.0,7685000.0,0.0,True,55.0,0.05223,0.6962,79.0,siting - outside the footprint,False,False
17031231200,Cook County,IL,metro,2074,33014,True,ffiec_ratio,129.0,55.0,0.0,55.0,20495000.0,0.0,True,55.0,0.02652,0.42636,129.0,siting - outside the footprint,False,False
17197883700,Will County,IL,metro,1686,80612,True,ffiec_ratio,128.0,55.0,0.0,55.0,7785000.0,0.0,True,55.0,0.03262,0.42969,128.0,siting - outside the footprint,False,False
55065970300,Lafayette County,WI,rural,1293,98704,False,ffiec_ratio,83.0,55.0,0.0,55.0,8675000.0,0.0,True,55.0,0.04254,0.66265,83.0,siting - outside the footprint,False,False
17031812600,Cook County,IL,metro,1853,157763,False,ffiec_ratio,97.0,55.0,0.0,55.0,17145000.0,0.0,True,55.0,0.02968,0.56701,97.0,siting - outside the footprint,False,False
17115001100,Macon County,IL,metro,1759,57627,True,ffiec_ratio,88.0,55.0,0.0,55.0,5925000.0,0.0,True,55.0,0.03127,0.625,88.0,siting - outside the footprint,False,False
17043845703,DuPage County,IL,metro,1822,131577,False,ffiec_ratio,87.0,55.0,0.0,55.0,18325000.0,0.0,True,55.0,0.03019,0.63218,87.0,siting - outside the footprint,False,False
17039971700,De Witt County,IL,rural,1434,80711,False,ffiec_ratio,79.0,55.0,0.0,55.0,9715000.0,0.0,True,55.0,0.03835,0.6962,79.0,siting - outside the footprint,False,False
17201001700,Winnebago County,IL,metro,1223,70033,False,ffiec_ratio,103.0,59.0,4.0,55.0,12535000.0,6.78,False,55.0,0.04497,0.53398,96.02,"conversion - present, under-capturing",False,False
17031819100,Cook County,IL,metro,1974,78406,False,ffiec_ratio,115.0,55.0,0.0,55.0,11465000.0,0.0,True,55.0,0.02786,0.47826,115.0,siting - outside the footprint,False,False
17031810100,Cook County,IL,metro,2036,196413,False,ffiec_ratio,85.0,55.0,0.0,55.0,21815000.0,0.0,False,55.0,0.02701,0.64706,85.0,"conversion - present, capturing none",False,False
17197881006,Will County,IL,metro,954,129519,False,ffiec_ratio,92.0,55.0,0.0,55.0,16445000.0,0.0,True,55.0,0.05765,0.59783,92.0,siting - outside the footprint,False,False
17031815300,Cook County,IL,metro,1391,114107,False,ffiec_ratio,105.0,55.0,0.0,55.0,14845000.0,0.0,True,55.0,0.03954,0.52381,105.0,siting - outside the footprint,False,False
17029001200,Coles County,IL,micro,1400,59375,False,ffiec_ratio,88.0,55.0,0.0,55.0,6025000.0,0.0,True,55.0,0.03929,0.625,88.0,siting - outside the footprint,False,False
17099962000,LaSalle County,IL,micro,1345,69545,False,ffiec_ratio,77.0,55.0,0.0,55.0,16485000.0,0.0,True,55.0,0.04089,0.71429,77.0,siting - outside the footprint,False,False
17089854100,Kane County,IL,metro,1198,71140,True,ffiec_ratio,98.0,55.0,0.0,55.0,8745000.0,0.0,False,55.0,0.04591,0.56122,98.0,"conversion - present, capturing none",False,False
17143004102,Peoria County,IL,metro,1560,79353,True,ffiec_ratio,92.0,55.0,0.0,55.0,18005000.0,0.0,True,55.0,0.03526,0.59783,92.0,siting - outside the footprint,False,False
17005951200,Bond County,IL,metro,1308,103438,False,ffiec_ratio,99.0,55.0,1.0,54.0,9075000.0,1.818,True,54.0,0.04128,0.54545,97.2,siting - outside the footprint,False,False
17031110501,Cook County,IL,metro,1962,126887,False,ffiec_ratio,109.0,55.0,1.0,54.0,17525000.0,1.818,False,54.0,0.02752,0.49541,107.02,"conversion - present, under-capturing",False,False
17031817200,Cook County,IL,metro,1483,64470,True,ffiec_ratio,170.0,55.0,1.0,54.0,14185000.0,1.818,True,54.0,0.03641,0.31765,166.91,siting - outside the footprint,False,False
17031806801,Cook County,IL,metro,1652,104821,False,ffiec_ratio,96.0,55.0,1.0,54.0,14635000.0,1.818,False,54.0,0.03269,0.5625,94.25,"conversion - present, under-capturing",False,False
55141010900,Wood County,WI,micro,1546,91000,False,ffiec_ratio,94.0,55.0,1.0,54.0,11385000.0,1.818,False,54.0,0.03493,0.57447,92.29,"conversion - present, under-capturing",False,False
55141011100,Wood County,WI,micro,1577,93665,False,ffiec_ratio,105.0,56.0,2.0,54.0,8170000.0,3.571,False,54.0,0.03424,0.51429,101.25,"conversion - present, under-capturing",False,False
55073002102,Marathon County,WI,metro,1079,115833,False,ffiec_ratio,80.0,62.0,8.0,54.0,16930000.0,12.903,False,54.0,0.05005,0.675,69.68,"conversion - present, under-capturing",False,False
55079018500,Milwaukee County,WI,metro,643,76094,False,ffiec_ratio,81.0,57.0,3.0,54.0,9935000.0,5.263,False,54.0,0.08398,0.66667,76.74,"conversion - present, under-capturing",False,False
55025000901,Dane County,WI,metro,950,229821,False,ffiec_ratio,74.0,56.0,2.0,54.0,21390000.0,3.571,False,54.0,0.05684,0.72973,71.36,"conversion - present, under-capturing",False,False
17031230700,Cook County,IL,metro,1978,40057,True,ffiec_ratio,131.0,57.0,3.0,54.0,41785000.0,5.263,True,54.0,0.0273,0.41221,124.11,siting - outside the footprint,False,False
55071005300,Manitowoc County,WI,micro,921,75263,False,ffiec_ratio,76.0,56.0,2.0,54.0,8930000.0,3.571,False,54.0,0.05863,0.71053,73.29,"conversion - present, under-capturing",False,False
17031823400,Cook County,IL,metro,1797,68081,True,ffiec_ratio,127.0,55.0,1.0,54.0,8565000.0,1.818,True,54.0,0.03005,0.4252,124.69,siting - outside the footprint,False,False
17031804309,Cook County,IL,metro,967,89271,False,ffiec_ratio,93.0,55.0,1.0,54.0,12895000.0,1.818,False,54.0,0.05584,0.58065,91.31,"conversion - present, under-capturing",False,False
17031730100,Cook County,IL,metro,962,85391,True,ffiec_ratio,116.0,55.0,1.0,54.0,8765000.0,1.818,True,54.0,0.05613,0.46552,113.89,siting - outside the footprint,False,False
17031814500,Cook County,IL,metro,1507,97231,False,ffiec_ratio,111.0,55.0,1.0,54.0,9905000.0,1.818,True,54.0,0.03583,0.48649,108.98,siting - outside the footprint,False,False
55079002000,Milwaukee County,WI,metro,925,49250,True,ffiec_ratio,106.0,57.0,3.0,54.0,8655000.0,5.263,False,54.0,0.05838,0.50943,100.42,"conversion - present, under-capturing",False,False
17031010701,Cook County,IL,metro,1687,79902,True,ffiec_ratio,101.0,56.0,2.0,54.0,28180000.0,3.571,False,54.0,0.03201,0.53465,97.39,"conversion - present, under-capturing",False,False
55079001900,Milwaukee County,WI,metro,1232,31630,True,ffiec_ratio,104.0,54.0,0.0,54.0,6310000.0,0.0,False,54.0,0.04383,0.51923,104.0,"conversion - present, capturing none",False,False
55099970700,Price County,WI,rural,1101,76012,False,ffiec_ratio,90.0,55.0,1.0,54.0,9185000.0,1.818,True,54.0,0.04905,0.6,88.36,siting - outside the footprint,False,False
17043846519,DuPage County,IL,metro,1367,131006,False,ffiec_ratio,74.0,54.0,0.0,54.0,14720000.0,0.0,True,54.0,0.0395,0.72973,74.0,siting - outside the footprint,False,False
17031821102,Cook County,IL,metro,1502,108306,False,ffiec_ratio,118.0,54.0,0.0,54.0,13450000.0,0.0,True,54.0,0.03595,0.45763,118.0,siting - outside the footprint,False,False
17097861902,Lake County,IL,metro,2887,82577,True,ffiec_ratio,109.0,55.0,1.0,54.0,10235000.0,1.818,False,54.0,0.0187,0.49541,107.02,"conversion - present, under-capturing",False,False
17019000500,Champaign County,IL,metro,1776,161939,False,ffiec_ratio,76.0,54.0,0.0,54.0,10830000.0,0.0,True,54.0,0.03041,0.71053,76.0,siting - outside the footprint,False,False
17091010100,Kankakee County,IL,metro,813,101731,False,ffiec_ratio,92.0,54.0,0.0,54.0,11900000.0,0.0,True,54.0,0.06642,0.58696,92.0,siting - outside the footprint,False,False
17031803014,Cook County,IL,metro,1456,104886,False,ffiec_ratio,97.0,54.0,0.0,54.0,14380000.0,0.0,True,54.0,0.03709,0.5567,97.0,siting - outside the footprint,False,False
17031803701,Cook County,IL,metro,1409,111125,False,ffiec_ratio,84.0,54.0,0.0,54.0,24650000.0,0.0,True,54.0,0.03833,0.64286,84.0,siting - outside the footprint,False,False
17197883809,Will County,IL,metro,1377,70064,True,ffiec_ratio,119.0,54.0,0.0,54.0,8240000.0,0.0,True,54.0,0.03922,0.45378,119.0,siting - outside the footprint,False,False
17031819300,Cook County,IL,metro,1003,121250,False,ffiec_ratio,102.0,54.0,0.0,54.0,12290000.0,0.0,True,54.0,0.05384,0.52941,102.0,siting - outside the footprint,False,False
17031815100,Cook County,IL,metro,1435,96957,False,ffiec_ratio,100.0,54.0,0.0,54.0,11740000.0,0.0,True,54.0,0.03763,0.54,100.0,siting - outside the footprint,False,False
17043846106,DuPage County,IL,metro,1553,163333,False,ffiec_ratio,87.0,54.0,0.0,54.0,23030000.0,0.0,True,54.0,0.03477,0.62069,87.0,siting - outside the footprint,False,False
17043843601,DuPage County,IL,metro,1301,127833,False,ffiec_ratio,98.0,54.0,0.0,54.0,13710000.0,0.0,True,54.0,0.04151,0.55102,98.0,siting - outside the footprint,False,False
17179021802,Tazewell County,IL,metro,730,93832,False,ffiec_ratio,97.0,54.0,0.0,54.0,6560000.0,0.0,True,54.0,0.07397,0.5567,97.0,siting - outside the footprint,False,False
17057952900,Fulton County,IL,micro,1198,87328,False,ffiec_ratio,83.0,54.0,0.0,54.0,8670000.0,0.0,True,54.0,0.04508,0.6506,83.0,siting - outside the footprint,False,False
17031804508,Cook County,IL,metro,876,50114,True,ffiec_ratio,86.0,54.0,0.0,54.0,10830000.0,0.0,False,54.0,0.06164,0.62791,86.0,"conversion - present, capturing none",False,False
55079080100,Milwaukee County,WI,metro,1184,126714,False,ffiec_ratio,76.0,56.0,3.0,53.0,15680000.0,5.357,False,53.0,0.04476,0.69737,71.93,"conversion - present, under-capturing",False,False
17201003604,Winnebago County,IL,metro,1159,63323,True,ffiec_ratio,102.0,56.0,3.0,53.0,17120000.0,5.357,False,53.0,0.04573,0.51961,96.54,"conversion - present, under-capturing",False,False
17031830006,Cook County,IL,metro,1185,107321,True,ffiec_ratio,108.0,55.0,2.0,53.0,12715000.0,3.636,True,53.0,0.04473,0.49074,104.07,siting - outside the footprint,False,False
17201000800,Winnebago County,IL,metro,1228,60202,True,ffiec_ratio,94.0,54.0,1.0,53.0,5830000.0,1.852,False,53.0,0.04316,0.56383,92.26,"conversion - present, under-capturing",False,False
55059000603,Kenosha County,WI,metro,1720,127500,False,ffiec_ratio,88.0,54.0,1.0,53.0,11970000.0,1.852,False,53.0,0.03081,0.60227,86.37,"conversion - present, under-capturing",False,False
17201003710,Winnebago County,IL,metro,1054,95972,False,ffiec_ratio,85.0,56.0,3.0,53.0,8970000.0,5.357,False,53.0,0.05028,0.62353,80.45,"conversion - present, under-capturing",False,False
17031290900,Cook County,IL,metro,1286,54848,True,ffiec_ratio,126.0,54.0,1.0,53.0,15380000.0,1.852,True,53.0,0.04121,0.42063,123.67,siting - outside the footprint,False,False
55079018000,Milwaukee County,WI,metro,1578,101742,False,ffiec_ratio,83.0,54.0,1.0,53.0,16730000.0,1.852,False,53.0,0.03359,0.63855,81.46,"conversion - present, under-capturing",False,False
55117000500,Sheboygan County,WI,metro,1676,60952,True,ffiec_ratio,82.0,55.0,2.0,53.0,7515000.0,3.636,False,53.0,0.03162,0.64634,79.02,"conversion - present, under-capturing",False,False
55097961102,Portage County,WI,micro,1463,66673,False,ffiec_ratio,82.0,56.0,3.0,53.0,8660000.0,5.357,False,53.0,0.03623,0.64634,77.61,"conversion - present, under-capturing",False,False
55063000800,La Crosse County,WI,metro,1118,116103,False,ffiec_ratio,69.0,54.0,1.0,53.0,12320000.0,1.852,False,53.0,0.04741,0.76812,67.72,"conversion - present, under-capturing",False,False
55079004100,Milwaukee County,WI,metro,1122,52589,True,ffiec_ratio,107.0,56.0,3.0,53.0,8840000.0,5.357,False,53.0,0.04724,0.49533,101.27,"conversion - present, under-capturing",False,False
55109120100,St. Croix County,WI,metro,1002,90068,False,ffiec_ratio,88.0,61.0,8.0,53.0,16945000.0,13.115,False,53.0,0.05289,0.60227,76.46,"conversion - present, under-capturing",False,False
55085970800,Oneida County,WI,rural,1074,99375,False,ffiec_ratio,89.0,56.0,3.0,53.0,17180000.0,5.357,False,53.0,0.04935,0.59551,84.23,"conversion - present, under-capturing",False,False
55059001800,Kenosha County,WI,metro,920,58529,True,ffiec_ratio,88.0,54.0,1.0,53.0,10010000.0,1.852,False,53.0,0.05761,0.60227,86.37,"conversion - present, under-capturing",False,False
55059001600,Kenosha County,WI,metro,1103,63710,True,ffiec_ratio,91.0,53.0,0.0,53.0,8785000.0,0.0,False,53.0,0.04805,0.58242,91.0,"conversion - present, capturing none",False,False
17097864904,Lake County,IL,metro,1178,168452,False,ffiec_ratio,84.0,53.0,0.0,53.0,22915000.0,0.0,True,53.0,0.04499,0.63095,84.0,siting - outside the footprint,False,False
17197880702,Will County,IL,metro,981,84219,True,ffiec_ratio,101.0,53.0,0.0,53.0,8255000.0,0.0,True,53.0,0.05403,0.52475,101.0,siting - outside the footprint,False,False
17019005800,Champaign County,IL,metro,1574,193750,False,ffiec_ratio,76.0,53.0,0.0,53.0,14165000.0,0.0,True,53.0,0.03367,0.69737,76.0,siting - outside the footprint,False,False
17201003100,Winnebago County,IL,metro,1343,36914,True,ffiec_ratio,98.0,55.0,2.0,53.0,6585000.0,3.636,False,53.0,0.03946,0.54082,94.44,"conversion - present, under-capturing",False,False
17167000100,Sangamon County,IL,metro,1699,89792,False,ffiec_ratio,136.0,53.0,0.0,53.0,5975000.0,0.0,True,53.0,0.03119,0.38971,136.0,siting - outside the footprint,False,False
55063000600,La Crosse County,WI,metro,1032,121000,False,ffiec_ratio,67.0,55.0,2.0,53.0,11865000.0,3.636,False,53.0,0.05136,0.79104,64.56,"conversion - present, under-capturing",False,False
55079017000,Milwaukee County,WI,metro,1605,55750,True,ffiec_ratio,96.0,53.0,0.0,53.0,6935000.0,0.0,False,53.0,0.03302,0.55208,96.0,"conversion - present, capturing none",False,False
17167003601,Sangamon County,IL,metro,1046,142578,False,ffiec_ratio,69.0,53.0,0.0,53.0,9005000.0,0.0,True,53.0,0.05067,0.76812,69.0,siting - outside the footprint,False,False
17031817102,Cook County,IL,metro,1019,71055,False,ffiec_ratio,114.0,53.0,0.0,53.0,12275000.0,0.0,True,53.0,0.05201,0.46491,114.0,siting - outside the footprint,False,False
17031063100,Cook County,IL,metro,1395,187344,False,ffiec_ratio,84.0,53.0,0.0,53.0,28995000.0,0.0,True,53.0,0.03799,0.63095,84.0,siting - outside the footprint,False,False
17135957900,Montgomery County,IL,rural,2072,87545,False,ffiec_ratio,93.0,53.0,0.0,53.0,9445000.0,0.0,True,53.0,0.02558,0.56989,93.0,siting - outside the footprint,False,False
17031020702,Cook County,IL,metro,2620,67115,True,ffiec_ratio,101.0,53.0,0.0,53.0,17225000.0,0.0,False,53.0,0.02023,0.52475,101.0,"conversion - present, capturing none",False,False
17197883000,Will County,IL,metro,1033,62461,True,ffiec_ratio,106.0,53.0,0.0,53.0,8615000.0,0.0,True,53.0,0.05131,0.5,106.0,siting - outside the footprint,False,False
17031242900,Cook County,IL,metro,879,169911,False,ffiec_ratio,113.0,53.0,0.0,53.0,32035000.0,0.0,False,53.0,0.0603,0.46903,113.0,"conversion - present, capturing none",False,False
17031842600,Cook County,IL,metro,1560,101810,False,ffiec_ratio,96.0,53.0,0.0,53.0,16165000.0,0.0,False,53.0,0.03397,0.55208,96.0,"conversion - present, capturing none",False,False
55025010100,Dane County,WI,metro,892,231500,False,ffiec_ratio,67.0,53.0,0.0,53.0,35035000.0,0.0,False,53.0,0.05942,0.79104,67.0,"conversion - present, capturing none",False,False
55079101100,Milwaukee County,WI,metro,898,81429,True,ffiec_ratio,83.0,53.0,0.0,53.0,15055000.0,0.0,False,53.0,0.05902,0.63855,83.0,"conversion - present, capturing none",False,False
17031020901,Cook County,IL,metro,2143,63403,True,ffiec_ratio,89.0,53.0,0.0,53.0,15235000.0,0.0,False,53.0,0.02473,0.59551,89.0,"conversion - present, capturing none",False,False
17043846310,DuPage County,IL,metro,1714,73979,True,ffiec_ratio,87.0,53.0,0.0,53.0,71225000.0,0.0,True,53.0,0.03092,0.6092,87.0,siting - outside the footprint,False,False
17031809900,Cook County,IL,metro,1321,162551,False,ffiec_ratio,90.0,53.0,0.0,53.0,35525000.0,0.0,False,53.0,0.04012,0.58889,90.0,"conversion - present, capturing none",False,False
17021958700,Christian County,IL,micro,1739,82500,False,ffiec_ratio,94.0,53.0,0.0,53.0,8035000.0,0.0,True,53.0,0.03048,0.56383,94.0,siting - outside the footprint,False,False
17031640700,Cook County,IL,metro,1063,79877,True,ffiec_ratio,110.0,53.0,0.0,53.0,10235000.0,0.0,True,53.0,0.04986,0.48182,110.0,siting - outside the footprint,False,False
17031691000,Cook County,IL,metro,1243,84476,True,ffiec_ratio,113.0,53.0,0.0,53.0,10415000.0,0.0,False,53.0,0.04264,0.46903,113.0,"conversion - present, capturing none",False,False
55079021800,Milwaukee County,WI,metro,797,85595,True,ffiec_ratio,77.0,53.0,0.0,53.0,9575000.0,0.0,False,53.0,0.0665,0.68831,77.0,"conversion - present, capturing none",False,False
17091011800,Kankakee County,IL,metro,1154,80694,True,ffiec_ratio,87.0,53.0,0.0,53.0,7645000.0,0.0,True,53.0,0.04593,0.6092,87.0,siting - outside the footprint,False,False
17161020101,Rock Island County,IL,metro,1014,93295,False,ffiec_ratio,92.0,53.0,0.0,53.0,10285000.0,0.0,True,53.0,0.05227,0.57609,92.0,siting - outside the footprint,False,False
17031020601,Cook County,IL,metro,2074,61907,True,ffiec_ratio,94.0,53.0,1.0,52.0,19595000.0,1.887,False,52.0,0.02507,0.55319,92.23,"conversion - present, under-capturing",False,False
55111001005,Sauk County,WI,micro,883,101885,False,ffiec_ratio,75.0,53.0,1.0,52.0,8865000.0,1.887,False,52.0,0.05889,0.69333,73.58,"conversion - present, under-capturing",False,False
17043842603,DuPage County,IL,metro,1385,146250,False,ffiec_ratio,86.0,52.0,0.0,52.0,14140000.0,0.0,True,52.0,0.03755,0.60465,86.0,siting - outside the footprint,False,False
17157950600,Randolph County,IL,rural,1976,67434,False,ffiec_ratio,98.0,52.0,0.0,52.0,6540000.0,0.0,True,52.0,0.02632,0.53061,98.0,siting - outside the footprint,False,False
17031170800,Cook County,IL,metro,1505,101019,True,ffiec_ratio,99.0,52.0,0.0,52.0,13070000.0,0.0,False,52.0,0.03455,0.52525,99.0,"conversion - present, capturing none",False,False
55009000303,Brown County,WI,metro,1261,69286,False,ffiec_ratio,84.0,57.0,5.0,52.0,8675000.0,8.772,False,52.0,0.04124,0.61905,76.63,"conversion - present, under-capturing",False,False
17135957700,Montgomery County,IL,rural,1252,78194,False,ffiec_ratio,95.0,53.0,1.0,52.0,5505000.0,1.887,True,52.0,0.04153,0.54737,93.21,siting - outside the footprint,False,False
17031821300,Cook County,IL,metro,2398,75063,True,ffiec_ratio,114.0,52.0,0.0,52.0,8170000.0,0.0,True,52.0,0.02168,0.45614,114.0,siting - outside the footprint,False,False
55025001401,Dane County,WI,metro,3228,53338,True,ffiec_ratio,85.0,54.0,2.0,52.0,16150000.0,3.704,False,52.0,0.01611,0.61176,81.85,"conversion - present, under-capturing",False,False
17045070500,Edgar County,IL,rural,1432,85000,False,ffiec_ratio,87.0,52.0,0.0,52.0,5820000.0,0.0,True,52.0,0.03631,0.5977,87.0,siting - outside the footprint,False,False
17031813500,Cook County,IL,metro,2143,82557,True,ffiec_ratio,112.0,52.0,0.0,52.0,14260000.0,0.0,True,52.0,0.02427,0.46429,112.0,siting - outside the footprint,False,False
17143003103,Peoria County,IL,metro,1521,79528,False,ffiec_ratio,74.0,52.0,0.0,52.0,27490000.0,0.0,True,52.0,0.03419,0.7027,74.0,siting - outside the footprint,False,False
17031829302,Cook County,IL,metro,951,65093,True,ffiec_ratio,105.0,52.0,0.0,52.0,10610000.0,0.0,True,52.0,0.05468,0.49524,105.0,siting - outside the footprint,False,False
17201002200,Winnebago County,IL,metro,1458,51711,True,ffiec_ratio,94.0,52.0,0.0,52.0,5570000.0,0.0,False,52.0,0.03567,0.55319,94.0,"conversion - present, capturing none",False,False
17097864524,Lake County,IL,metro,1429,155607,False,ffiec_ratio,92.0,52.0,0.0,52.0,22510000.0,0.0,True,52.0,0.03639,0.56522,92.0,siting - outside the footprint,False,False
17031818100,Cook County,IL,metro,897,140368,False,ffiec_ratio,89.0,52.0,0.0,52.0,11530000.0,0.0,True,52.0,0.05797,0.58427,89.0,siting - outside the footprint,False,False
17167001900,Sangamon County,IL,metro,1488,82143,True,ffiec_ratio,81.0,52.0,0.0,52.0,7110000.0,0.0,True,52.0,0.03495,0.64198,81.0,siting - outside the footprint,False,False
17031690900,Cook County,IL,metro,1877,50145,True,ffiec_ratio,125.0,52.0,0.0,52.0,12020000.0,0.0,False,52.0,0.0277,0.416,125.0,"conversion - present, capturing none",False,False
17031062500,Cook County,IL,metro,710,237143,False,ffiec_ratio,74.0,52.0,0.0,52.0,30810000.0,0.0,True,52.0,0.07324,0.7027,74.0,siting - outside the footprint,False,False
17123961500,Marshall County,IL,metro,831,81250,False,ffiec_ratio,75.0,52.0,0.0,52.0,5600000.0,0.0,True,52.0,0.06258,0.69333,75.0,siting - outside the footprint,False,False
17019005602,Champaign County,IL,metro,1328,94519,False,ffiec_ratio,72.0,52.0,0.0,52.0,16330000.0,0.0,True,52.0,0.03916,0.72222,72.0,siting - outside the footprint,False,False
17031720400,Cook County,IL,metro,723,140750,False,ffiec_ratio,79.0,52.0,0.0,52.0,12440000.0,0.0,True,52.0,0.07192,0.65823,79.0,siting - outside the footprint,False,False
17081051100,Jefferson County,IL,micro,892,71375,True,ffiec_ratio,160.0,52.0,0.0,52.0,3650000.0,0.0,True,52.0,0.0583,0.325,160.0,siting - outside the footprint,False,False
17187870400,Warren County,IL,rural,1866,80590,False,ffiec_ratio,78.0,52.0,0.0,52.0,5460000.0,0.0,True,52.0,0.02787,0.66667,78.0,siting - outside the footprint,False,False
17043840705,DuPage County,IL,metro,1188,132163,False,ffiec_ratio,110.0,53.0,1.0,52.0,13395000.0,1.887,True,52.0,0.04377,0.47273,107.92,siting - outside the footprint,False,False
17043845402,DuPage County,IL,metro,1175,175500,False,ffiec_ratio,103.0,52.0,0.0,52.0,28410000.0,0.0,True,52.0,0.04426,0.50485,103.0,siting - outside the footprint,False,False
17115001802,Macon County,IL,metro,864,63689,False,ffiec_ratio,92.0,52.0,0.0,52.0,4270000.0,0.0,True,52.0,0.06019,0.56522,92.0,siting - outside the footprint,False,False
17043841207,DuPage County,IL,metro,843,112833,False,ffiec_ratio,98.0,52.0,0.0,52.0,10790000.0,0.0,True,52.0,0.06168,0.53061,98.0,siting - outside the footprint,False,False
17031243100,Cook County,IL,metro,912,250001,False,ffiec_ratio,90.0,52.0,0.0,52.0,41220000.0,0.0,False,52.0,0.05702,0.57778,90.0,"conversion - present, capturing none",False,False
55129950200,Washburn County,WI,rural,836,89706,False,ffiec_ratio,86.0,52.0,0.0,52.0,8940000.0,0.0,False,52.0,0.0622,0.60465,86.0,"conversion - present, capturing none",False,False
17115003000,Macon County,IL,metro,1349,103571,False,ffiec_ratio,89.0,52.0,0.0,52.0,7240000.0,0.0,True,52.0,0.03855,0.58427,89.0,siting - outside the footprint,False,False
17031031900,Cook County,IL,metro,1417,159821,False,ffiec_ratio,79.0,52.0,0.0,52.0,29460000.0,0.0,True,52.0,0.0367,0.65823,79.0,siting - outside the footprint,False,False
55107960400,Rusk County,WI,rural,1193,72143,False,ffiec_ratio,87.0,52.0,0.0,52.0,10020000.0,0.0,True,52.0,0.04359,0.5977,87.0,siting - outside the footprint,False,False
55095960301,Polk County,WI,rural,753,90563,False,ffiec_ratio,66.0,52.0,0.0,52.0,11940000.0,0.0,True,52.0,0.06906,0.78788,66.0,siting - outside the footprint,False,False
17167001800,Sangamon County,IL,metro,869,72961,True,ffiec_ratio,71.0,52.0,0.0,52.0,4420000.0,0.0,True,52.0,0.05984,0.73239,71.0,siting - outside the footprint,False,False
17031700502,Cook County,IL,metro,1131,83082,False,ffiec_ratio,99.0,52.0,0.0,52.0,12080000.0,0.0,True,52.0,0.04598,0.52525,99.0,siting - outside the footprint,False,False
17167000300,Sangamon County,IL,metro,1008,74931,True,ffiec_ratio,90.0,52.0,0.0,52.0,4980000.0,0.0,True,52.0,0.05159,0.57778,90.0,siting - outside the footprint,False,False
17031810701,Cook County,IL,metro,1845,110233,True,ffiec_ratio,106.0,52.0,0.0,52.0,13230000.0,0.0,True,52.0,0.02818,0.49057,106.0,siting - outside the footprint,False,False
17105960900,Livingston County,IL,micro,908,93571,False,ffiec_ratio,68.0,52.0,0.0,52.0,6640000.0,0.0,True,52.0,0.05727,0.76471,68.0,siting - outside the footprint,False,False
17031170700,Cook County,IL,metro,1166,93382,False,ffiec_ratio,94.0,52.0,0.0,52.0,14870000.0,0.0,True,52.0,0.0446,0.55319,94.0,siting - outside the footprint,False,False
17097865200,Lake County,IL,metro,2128,116948,False,ffiec_ratio,90.0,52.0,1.0,51.0,19640000.0,1.923,True,51.0,0.02397,0.56667,88.27,siting - outside the footprint,False,False
17201002301,Winnebago County,IL,metro,874,39076,True,ffiec_ratio,100.0,51.0,0.0,51.0,4325000.0,0.0,False,51.0,0.05835,0.51,100.0,"conversion - present, capturing none",False,False
55121100500,Trempealeau County,WI,rural,1247,95000,False,ffiec_ratio,84.0,51.0,0.0,51.0,11215000.0,0.0,True,51.0,0.0409,0.60714,84.0,siting - outside the footprint,False,False
17031040700,Cook County,IL,metro,1683,133821,False,ffiec_ratio,86.0,52.0,1.0,51.0,25620000.0,1.923,True,51.0,0.0303,0.59302,84.35,siting - outside the footprint,False,False
55079080400,Milwaukee County,WI,metro,1990,132455,False,ffiec_ratio,74.0,52.0,1.0,51.0,11970000.0,1.923,False,51.0,0.02563,0.68919,72.58,"conversion - present, under-capturing",False,False
55079011200,Milwaukee County,WI,metro,1604,172614,False,ffiec_ratio,76.0,52.0,1.0,51.0,23750000.0,1.923,False,51.0,0.0318,0.67105,74.54,"conversion - present, under-capturing",False,False
17163503101,St. Clair County,IL,metro,865,114747,False,ffiec_ratio,117.0,56.0,5.0,51.0,10390000.0,8.929,True,51.0,0.05896,0.4359,106.55,siting - outside the footprint,False,False
55073002302,Marathon County,WI,metro,1339,101250,False,ffiec_ratio,88.0,51.0,0.0,51.0,9335000.0,0.0,False,51.0,0.03809,0.57955,88.0,"conversion - present, capturing none",False,False
17031720700,Cook County,IL,metro,1231,153011,False,ffiec_ratio,110.0,51.0,0.0,51.0,18485000.0,0.0,True,51.0,0.04143,0.46364,110.0,siting - outside the footprint,False,False
17031030604,Cook County,IL,metro,2234,101771,False,ffiec_ratio,91.0,51.0,0.0,51.0,8185000.0,0.0,False,51.0,0.02283,0.56044,91.0,"conversion - present, capturing none",False,False
17031490700,Cook County,IL,metro,836,44250,True,ffiec_ratio,118.0,51.0,0.0,51.0,8715000.0,0.0,True,51.0,0.061,0.4322,118.0,siting - outside the footprint,False,False
55139003500,Winnebago County,WI,metro,1387,91045,True,ffiec_ratio,78.0,52.0,1.0,51.0,20120000.0,1.923,False,51.0,0.03677,0.65385,76.5,"conversion - present, under-capturing",False,False
55013971000,Burnett County,WI,rural,761,94000,False,ffiec_ratio,78.0,51.0,0.0,51.0,11525000.0,0.0,True,51.0,0.06702,0.65385,78.0,siting - outside the footprint,False,False
17141960800,Ogle County,IL,micro,1350,98512,False,ffiec_ratio,99.0,51.0,0.0,51.0,8695000.0,0.0,True,51.0,0.03778,0.51515,99.0,siting - outside the footprint,False,False
55079007200,Milwaukee County,WI,metro,1436,115875,False,ffiec_ratio,81.0,55.0,4.0,51.0,10745000.0,7.273,False,51.0,0.03552,0.62963,75.11,"conversion - present, under-capturing",False,False
17019005300,Champaign County,IL,metro,2088,29063,True,ffiec_ratio,70.0,51.0,0.0,51.0,6575000.0,0.0,True,51.0,0.02443,0.72857,70.0,siting - outside the footprint,False,False
17031830300,Cook County,IL,metro,2176,44081,True,ffiec_ratio,126.0,51.0,0.0,51.0,25205000.0,0.0,True,51.0,0.02344,0.40476,126.0,siting - outside the footprint,False,False
17143001800,Peoria County,IL,metro,1335,65833,True,ffiec_ratio,87.0,51.0,0.0,51.0,5705000.0,0.0,True,51.0,0.0382,0.58621,87.0,siting - outside the footprint,False,False
17197880123,Will County,IL,metro,1361,166369,False,ffiec_ratio,102.0,51.0,0.0,51.0,13425000.0,0.0,True,51.0,0.03747,0.5,102.0,siting - outside the footprint,False,False
55087010300,Outagamie County,WI,metro,1158,78488,True,ffiec_ratio,76.0,52.0,1.0,51.0,7300000.0,1.923,False,51.0,0.04404,0.67105,74.54,"conversion - present, under-capturing",False,False
17031081401,Cook County,IL,metro,1609,210625,False,ffiec_ratio,106.0,51.0,0.0,51.0,17255000.0,0.0,False,51.0,0.0317,0.48113,106.0,"conversion - present, capturing none",False,False
17031221300,Cook County,IL,metro,1539,222708,False,ffiec_ratio,92.0,51.0,0.0,51.0,123815000.0,0.0,True,51.0,0.03314,0.55435,92.0,siting - outside the footprint,False,False
17103000300,Lee County,IL,micro,1790,61995,False,ffiec_ratio,87.0,51.0,0.0,51.0,7025000.0,0.0,True,51.0,0.02849,0.58621,87.0,siting - outside the footprint,False,False
17135957500,Montgomery County,IL,rural,1228,97083,False,ffiec_ratio,69.0,51.0,0.0,51.0,5575000.0,0.0,True,51.0,0.04153,0.73913,69.0,siting - outside the footprint,False,False
17043842709,DuPage County,IL,metro,1127,136298,False,ffiec_ratio,93.0,51.0,0.0,51.0,13285000.0,0.0,True,51.0,0.04525,0.54839,93.0,siting - outside the footprint,False,False
17177001200,Stephenson County,IL,micro,1750,55000,True,ffiec_ratio,138.0,51.0,0.0,51.0,4125000.0,0.0,True,51.0,0.02914,0.36957,138.0,siting - outside the footprint,False,False
17161021000,Rock Island County,IL,metro,1917,73625,True,ffiec_ratio,80.0,51.0,0.0,51.0,8355000.0,0.0,True,51.0,0.0266,0.6375,80.0,siting - outside the footprint,False,False
17113005502,McLean County,IL,metro,971,120089,False,ffiec_ratio,76.0,51.0,0.0,51.0,7935000.0,0.0,True,51.0,0.05252,0.67105,76.0,siting - outside the footprint,False,False
17063000500,Grundy County,IL,metro,1141,129868,False,ffiec_ratio,70.0,51.0,0.0,51.0,11685000.0,0.0,True,51.0,0.0447,0.72857,70.0,siting - outside the footprint,False,False
17119403101,Madison County,IL,metro,1652,163309,False,ffiec_ratio,83.0,51.0,0.0,51.0,14925000.0,0.0,True,51.0,0.03087,0.61446,83.0,siting - outside the footprint,False,False
55085971100,Oneida County,WI,rural,972,105694,False,ffiec_ratio,89.0,56.0,5.0,51.0,15980000.0,8.929,False,51.0,0.05247,0.57303,81.05,"conversion - present, under-capturing",False,False
17031161100,Cook County,IL,metro,800,202885,False,ffiec_ratio,77.0,51.0,0.0,51.0,27895000.0,0.0,False,51.0,0.06375,0.66234,77.0,"conversion - present, capturing none",False,False
17039971800,De Witt County,IL,rural,1614,107719,False,ffiec_ratio,77.0,51.0,0.0,51.0,5815000.0,0.0,True,51.0,0.0316,0.66234,77.0,siting - outside the footprint,False,False
17197882200,Will County,IL,metro,1366,62929,True,ffiec_ratio,104.0,51.0,0.0,51.0,18425000.0,0.0,True,51.0,0.03734,0.49038,104.0,siting - outside the footprint,False,False
17073031200,Henry County,IL,metro,1166,87109,False,ffiec_ratio,84.0,51.0,0.0,51.0,6205000.0,0.0,True,51.0,0.04374,0.60714,84.0,siting - outside the footprint,False,False
17031711000,Cook County,IL,metro,1234,77538,True,ffiec_ratio,103.0,51.0,0.0,51.0,12205000.0,0.0,True,51.0,0.04133,0.49515,103.0,siting - outside the footprint,False,False
17043841324,DuPage County,IL,metro,877,135104,False,ffiec_ratio,90.0,51.0,0.0,51.0,16095000.0,0.0,True,51.0,0.05815,0.56667,90.0,siting - outside the footprint,False,False
17161023300,Rock Island County,IL,metro,1228,53750,False,ffiec_ratio,92.0,51.0,0.0,51.0,4795000.0,0.0,True,51.0,0.04153,0.55435,92.0,siting - outside the footprint,False,False
17031650400,Cook County,IL,metro,1602,71278,True,ffiec_ratio,118.0,51.0,0.0,51.0,9805000.0,0.0,True,51.0,0.03184,0.4322,118.0,siting - outside the footprint,False,False
55055101400,Jefferson County,WI,micro,1517,88397,False,ffiec_ratio,78.0,51.0,0.0,51.0,10245000.0,0.0,False,51.0,0.03362,0.65385,78.0,"conversion - present, capturing none",False,False
17041952300,Douglas County,IL,rural,1829,96192,False,ffiec_ratio,78.0,51.0,0.0,51.0,7025000.0,0.0,True,51.0,0.02788,0.65385,78.0,siting - outside the footprint,False,False
17001010100,Adams County,IL,micro,1919,89609,False,ffiec_ratio,79.0,51.0,0.0,51.0,8405000.0,0.0,True,51.0,0.02658,0.64557,79.0,siting - outside the footprint,False,False
17095001500,Knox County,IL,micro,1702,73836,False,ffiec_ratio,70.0,51.0,0.0,51.0,4965000.0,0.0,True,51.0,0.02996,0.72857,70.0,siting - outside the footprint,False,False
17115001400,Macon County,IL,metro,1055,75761,True,ffiec_ratio,72.0,51.0,0.0,51.0,5265000.0,0.0,True,51.0,0.04834,0.70833,72.0,siting - outside the footprint,False,False
55101002900,Racine County,WI,metro,2018,37300,True,ffiec_ratio,89.0,52.0,1.0,51.0,7480000.0,1.923,False,51.0,0.02527,0.57303,87.29,"conversion - present, under-capturing",False,False
17177001100,Stephenson County,IL,micro,1444,59550,True,ffiec_ratio,89.0,51.0,0.0,51.0,12975000.0,0.0,True,51.0,0.03532,0.57303,89.0,siting - outside the footprint,False,False
17031390700,Cook County,IL,metro,3576,103309,False,ffiec_ratio,113.0,51.0,0.0,51.0,33015000.0,0.0,False,51.0,0.01426,0.45133,113.0,"conversion - present, capturing none",False,False
55043960600,Grant County,WI,micro,1347,87358,False,ffiec_ratio,71.0,51.0,0.0,51.0,8225000.0,0.0,True,51.0,0.03786,0.71831,71.0,siting - outside the footprint,False,False
17113001106,McLean County,IL,metro,1366,60234,True,ffiec_ratio,75.0,51.0,0.0,51.0,7015000.0,0.0,True,51.0,0.03734,0.68,75.0,siting - outside the footprint,False,False
17201000515,Winnebago County,IL,metro,1141,130484,False,ffiec_ratio,93.0,52.0,2.0,50.0,9610000.0,3.846,False,50.0,0.04382,0.53763,89.42,"conversion - present, under-capturing",False,False
55133201201,Waukesha County,WI,metro,1024,102743,False,ffiec_ratio,71.0,51.0,1.0,50.0,53485000.0,1.961,False,50.0,0.04883,0.70423,69.61,"conversion - present, under-capturing",False,False
55079005200,Milwaukee County,WI,metro,609,88125,False,ffiec_ratio,73.0,51.0,1.0,50.0,8935000.0,1.961,False,50.0,0.0821,0.68493,71.57,"conversion - present, under-capturing",False,False
55079180300,Milwaukee County,WI,metro,1473,63656,True,ffiec_ratio,79.0,51.0,1.0,50.0,8965000.0,1.961,False,50.0,0.03394,0.63291,77.45,"conversion - present, under-capturing",False,False
55079020100,Milwaukee County,WI,metro,1580,59537,True,ffiec_ratio,94.0,51.0,1.0,50.0,7775000.0,1.961,False,50.0,0.03165,0.53191,92.16,"conversion - present, under-capturing",False,False
55127000102,Walworth County,WI,micro,1144,129225,False,ffiec_ratio,83.0,55.0,5.0,50.0,15455000.0,9.091,False,50.0,0.04371,0.60241,75.45,"conversion - present, under-capturing",False,False
17031550200,Cook County,IL,metro,958,91691,False,ffiec_ratio,82.0,51.0,1.0,50.0,9015000.0,1.961,True,50.0,0.05219,0.60976,80.39,siting - outside the footprint,False,False
55101000400,Racine County,WI,metro,1236,47321,True,ffiec_ratio,84.0,51.0,1.0,50.0,6885000.0,1.961,False,50.0,0.04045,0.59524,82.35,"conversion - present, under-capturing",False,False
17031530600,Cook County,IL,metro,934,93831,True,ffiec_ratio,106.0,51.0,1.0,50.0,7665000.0,1.961,True,50.0,0.05353,0.4717,103.92,siting - outside the footprint,False,False
55039040200,Fond du Lac County,WI,metro,1081,74028,True,ffiec_ratio,83.0,53.0,3.0,50.0,8345000.0,5.66,False,50.0,0.04625,0.60241,78.3,"conversion - present, under-capturing",False,False
17089854302,Kane County,IL,metro,1257,80400,True,ffiec_ratio,74.0,50.0,0.0,50.0,7180000.0,0.0,True,50.0,0.03978,0.67568,74.0,siting - outside the footprint,False,False
17043844310,DuPage County,IL,metro,1307,114671,False,ffiec_ratio,98.0,51.0,1.0,50.0,12305000.0,1.961,True,50.0,0.03826,0.5102,96.08,siting - outside the footprint,False,False
55079009500,Milwaukee County,WI,metro,936,124000,False,ffiec_ratio,82.0,51.0,1.0,50.0,10815000.0,1.961,False,50.0,0.05342,0.60976,80.39,"conversion - present, under-capturing",False,False
17031250700,Cook County,IL,metro,2248,47305,True,ffiec_ratio,120.0,53.0,3.0,50.0,13675000.0,5.66,True,50.0,0.02224,0.41667,113.21,siting - outside the footprint,False,False
17031151100,Cook County,IL,metro,1920,81490,True,ffiec_ratio,98.0,51.0,1.0,50.0,19535000.0,1.961,False,50.0,0.02604,0.5102,96.08,"conversion - present, under-capturing",False,False
17031020400,Cook County,IL,metro,1658,99800,False,ffiec_ratio,92.0,50.0,0.0,50.0,14010000.0,0.0,False,50.0,0.03016,0.54348,92.0,"conversion - present, capturing none",False,False
17021958600,Christian County,IL,micro,922,98214,False,ffiec_ratio,67.0,50.0,0.0,50.0,6700000.0,0.0,True,50.0,0.05423,0.74627,67.0,siting - outside the footprint,False,False
17007010102,Boone County,IL,metro,1616,80417,False,ffiec_ratio,89.0,50.0,0.0,50.0,7120000.0,0.0,True,50.0,0.03094,0.5618,89.0,siting - outside the footprint,False,False
55079012700,Milwaukee County,WI,metro,512,121797,False,ffiec_ratio,76.0,50.0,0.0,50.0,8590000.0,0.0,False,50.0,0.09766,0.65789,76.0,"conversion - present, capturing none",False,False
17031840300,Cook County,IL,metro,1304,87750,True,ffiec_ratio,100.0,50.0,0.0,50.0,16190000.0,0.0,True,50.0,0.03834,0.5,100.0,siting - outside the footprint,False,False
17031252102,Cook County,IL,metro,2244,60365,True,ffiec_ratio,119.0,50.0,0.0,50.0,13860000.0,0.0,True,50.0,0.02228,0.42017,119.0,siting - outside the footprint,False,False
17175951500,Stark County,IL,metro,1044,93750,False,ffiec_ratio,64.0,50.0,0.0,50.0,5500000.0,0.0,True,50.0,0.04789,0.78125,64.0,siting - outside the footprint,False,False
17031770902,Cook County,IL,metro,1596,102417,False,ffiec_ratio,85.0,50.0,0.0,50.0,16290000.0,0.0,False,50.0,0.03133,0.58824,85.0,"conversion - present, capturing none",False,False
17031030101,Cook County,IL,metro,2270,83413,True,ffiec_ratio,109.0,50.0,0.0,50.0,31680000.0,0.0,False,50.0,0.02203,0.45872,109.0,"conversion - present, capturing none",False,False
17031810302,Cook County,IL,metro,1295,164954,False,ffiec_ratio,97.0,50.0,0.0,50.0,16440000.0,0.0,False,50.0,0.03861,0.51546,97.0,"conversion - present, capturing none",False,False
17097861303,Lake County,IL,metro,1420,77153,True,ffiec_ratio,98.0,50.0,0.0,50.0,8470000.0,0.0,True,50.0,0.03521,0.5102,98.0,siting - outside the footprint,False,False
17061974000,Greene County,IL,rural,1358,80368,False,ffiec_ratio,68.0,50.0,0.0,50.0,6160000.0,0.0,True,50.0,0.03682,0.73529,68.0,siting - outside the footprint,False,False
17011965600,Bureau County,IL,micro,1229,84250,False,ffiec_ratio,78.0,50.0,0.0,50.0,5360000.0,0.0,True,50.0,0.04068,0.64103,78.0,siting - outside the footprint,False,False
17097861701,Lake County,IL,metro,637,96154,False,ffiec_ratio,88.0,50.0,0.0,50.0,10500000.0,0.0,False,50.0,0.07849,0.56818,88.0,"conversion - present, capturing none",False,False
55111000303,Sauk County,WI,micro,985,101429,False,ffiec_ratio,68.0,50.0,0.0,50.0,22240000.0,0.0,False,50.0,0.05076,0.73529,68.0,"conversion - present, capturing none",False,False
17091011700,Kankakee County,IL,metro,1152,51464,True,ffiec_ratio,79.0,50.0,0.0,50.0,5540000.0,0.0,True,50.0,0.0434,0.63291,79.0,siting - outside the footprint,False,False
17043844308,DuPage County,IL,metro,1538,69554,False,ffiec_ratio,81.0,50.0,0.0,50.0,45880000.0,0.0,True,50.0,0.03251,0.61728,81.0,siting - outside the footprint,False,False
17063000600,Grundy County,IL,metro,1100,122411,False,ffiec_ratio,76.0,50.0,0.0,50.0,8770000.0,0.0,True,50.0,0.04545,0.65789,76.0,siting - outside the footprint,False,False
17187870500,Warren County,IL,rural,1779,76339,False,ffiec_ratio,78.0,50.0,0.0,50.0,4410000.0,0.0,True,50.0,0.02811,0.64103,78.0,siting - outside the footprint,False,False
55025003002,Dane County,WI,metro,1557,59797,True,ffiec_ratio,75.0,50.0,0.0,50.0,9330000.0,0.0,False,50.0,0.03211,0.66667,75.0,"conversion - present, capturing none",False,False
17189950100,Washington County,IL,rural,1320,87135,False,ffiec_ratio,78.0,50.0,0.0,50.0,5470000.0,0.0,True,50.0,0.03788,0.64103,78.0,siting - outside the footprint,False,False
55023960600,Crawford County,WI,rural,1384,78542,False,ffiec_ratio,80.0,50.0,0.0,50.0,8160000.0,0.0,True,50.0,0.03613,0.625,80.0,siting - outside the footprint,False,False
55075960900,Marinette County,WI,micro,1165,90337,False,ffiec_ratio,99.0,54.0,5.0,49.0,11350000.0,9.259,False,49.0,0.04206,0.49495,89.83,"conversion - present, under-capturing",False,False
55133201204,Waukesha County,WI,metro,1549,147986,False,ffiec_ratio,67.0,50.0,1.0,49.0,19020000.0,2.0,False,49.0,0.03163,0.73134,65.66,"conversion - present, under-capturing",False,False
17031834200,Cook County,IL,metro,2125,69700,True,ffiec_ratio,146.0,52.0,3.0,49.0,12680000.0,5.769,True,49.0,0.02306,0.33562,137.58,siting - outside the footprint,False,False
55007960100,Bayfield County,WI,rural,1329,81231,False,ffiec_ratio,94.0,50.0,1.0,49.0,11810000.0,2.0,False,49.0,0.03687,0.52128,92.12,"conversion - present, under-capturing",False,False
17201001900,Winnebago County,IL,metro,1397,40201,True,ffiec_ratio,87.0,51.0,2.0,49.0,4815000.0,3.922,False,49.0,0.03508,0.56322,83.59,"conversion - present, under-capturing",False,False
55085971001,Oneida County,WI,rural,562,86563,False,ffiec_ratio,78.0,53.0,4.0,49.0,11065000.0,7.547,False,49.0,0.08719,0.62821,72.11,"conversion - present, under-capturing",False,False
55023960400,Crawford County,WI,rural,1209,91683,False,ffiec_ratio,71.0,49.0,0.0,49.0,8975000.0,0.0,True,49.0,0.04053,0.69014,71.0,siting - outside the footprint,False,False
55139002900,Winnebago County,WI,metro,1060,46058,True,ffiec_ratio,72.0,50.0,1.0,49.0,6280000.0,2.0,False,49.0,0.04623,0.68056,70.56,"conversion - present, under-capturing",False,False
55079005100,Milwaukee County,WI,metro,1405,85357,True,ffiec_ratio,99.0,51.0,2.0,49.0,7705000.0,3.922,False,49.0,0.03488,0.49495,95.12,"conversion - present, under-capturing",False,False
17031220702,Cook County,IL,metro,1656,92656,True,ffiec_ratio,75.0,49.0,0.0,49.0,20695000.0,0.0,True,49.0,0.02959,0.65333,75.0,siting - outside the footprint,False,False
55133200600,Waukesha County,WI,metro,798,105170,False,ffiec_ratio,88.0,50.0,1.0,49.0,8450000.0,2.0,False,49.0,0.0614,0.55682,86.24,"conversion - present, under-capturing",False,False
17031817500,Cook County,IL,metro,1277,122636,False,ffiec_ratio,115.0,49.0,0.0,49.0,11595000.0,0.0,True,49.0,0.03837,0.42609,115.0,siting - outside the footprint,False,False
17077010602,Jackson County,IL,micro,1427,52697,True,ffiec_ratio,89.0,49.0,0.0,49.0,4265000.0,0.0,True,49.0,0.03434,0.55056,89.0,siting - outside the footprint,False,False
17073031100,Henry County,IL,metro,1071,83417,False,ffiec_ratio,65.0,49.0,0.0,49.0,5085000.0,0.0,True,49.0,0.04575,0.75385,65.0,siting - outside the footprint,False,False
17049950800,Effingham County,IL,micro,1748,85888,False,ffiec_ratio,98.0,49.0,0.0,49.0,7565000.0,0.0,True,49.0,0.02803,0.5,98.0,siting - outside the footprint,False,False
17031010702,Cook County,IL,metro,1948,88750,True,ffiec_ratio,91.0,49.0,0.0,49.0,22035000.0,0.0,False,49.0,0.02515,0.53846,91.0,"conversion - present, capturing none",False,False
17031824124,Cook County,IL,metro,1249,94837,False,ffiec_ratio,84.0,49.0,0.0,49.0,10375000.0,0.0,True,49.0,0.03923,0.58333,84.0,siting - outside the footprint,False,False
17117956800,Macoupin County,IL,metro,1022,91875,True,ffiec_ratio,75.0,52.0,3.0,49.0,9440000.0,5.769,True,49.0,0.04795,0.65333,70.67,siting - outside the footprint,False,False
17195000700,Whiteside County,IL,micro,1028,113750,False,ffiec_ratio,75.0,49.0,0.0,49.0,6305000.0,0.0,True,49.0,0.04767,0.65333,75.0,siting - outside the footprint,False,False
17043841504,DuPage County,IL,metro,1113,95750,True,ffiec_ratio,82.0,49.0,0.0,49.0,11375000.0,0.0,True,49.0,0.04403,0.59756,82.0,siting - outside the footprint,False,False
17161021100,Rock Island County,IL,metro,1648,91289,False,ffiec_ratio,72.0,49.0,0.0,49.0,6785000.0,0.0,True,49.0,0.02973,0.68056,72.0,siting - outside the footprint,False,False
17031150600,Cook County,IL,metro,1447,107061,False,ffiec_ratio,88.0,50.0,1.0,49.0,15500000.0,2.0,False,49.0,0.03386,0.55682,86.24,"conversion - present, under-capturing",False,False
17043846507,DuPage County,IL,metro,1579,117885,False,ffiec_ratio,77.0,49.0,0.0,49.0,12515000.0,0.0,True,49.0,0.03103,0.63636,77.0,siting - outside the footprint,False,False
17183010701,Vermilion County,IL,micro,1284,76725,False,ffiec_ratio,84.0,49.0,0.0,49.0,4185000.0,0.0,True,49.0,0.03816,0.58333,84.0,siting - outside the footprint,False,False
17031809300,Cook County,IL,metro,2063,250001,False,ffiec_ratio,79.0,49.0,0.0,49.0,25975000.0,0.0,False,49.0,0.02375,0.62025,79.0,"conversion - present, capturing none",False,False
17031071600,Cook County,IL,metro,706,250001,False,ffiec_ratio,74.0,49.0,0.0,49.0,47935000.0,0.0,False,49.0,0.06941,0.66216,74.0,"conversion - present, capturing none",False,False
17031170600,Cook County,IL,metro,953,88616,False,ffiec_ratio,92.0,49.0,0.0,49.0,13725000.0,0.0,True,49.0,0.05142,0.53261,92.0,siting - outside the footprint,False,False
17121952100,Marion County,IL,micro,1402,57500,True,ffiec_ratio,72.0,50.0,1.0,49.0,4960000.0,2.0,True,49.0,0.03495,0.68056,70.56,siting - outside the footprint,False,False
17089853100,Kane County,IL,metro,948,82426,True,ffiec_ratio,93.0,49.0,0.0,49.0,8025000.0,0.0,False,49.0,0.05169,0.52688,93.0,"conversion - present, capturing none",False,False
17031807800,Cook County,IL,metro,871,164167,False,ffiec_ratio,89.0,49.0,0.0,49.0,15125000.0,0.0,False,49.0,0.05626,0.55056,89.0,"conversion - present, capturing none",False,False
55043960400,Grant County,WI,micro,1424,82250,False,ffiec_ratio,103.0,49.0,0.0,49.0,6365000.0,0.0,True,49.0,0.03441,0.47573,103.0,siting - outside the footprint,False,False
55079000900,Milwaukee County,WI,metro,1615,52674,True,ffiec_ratio,93.0,52.0,3.0,49.0,7730000.0,5.769,False,49.0,0.03034,0.52688,87.63,"conversion - present, under-capturing",False,False
17095001600,Knox County,IL,micro,1208,83942,False,ffiec_ratio,75.0,49.0,0.0,49.0,6735000.0,0.0,True,49.0,0.04056,0.65333,75.0,siting - outside the footprint,False,False
17043845509,DuPage County,IL,metro,1318,197000,False,ffiec_ratio,86.0,49.0,0.0,49.0,18215000.0,0.0,True,49.0,0.03718,0.56977,86.0,siting - outside the footprint,False,False
17113001303,McLean County,IL,metro,802,76964,True,ffiec_ratio,70.0,49.0,0.0,49.0,5185000.0,0.0,True,49.0,0.0611,0.7,70.0,siting - outside the footprint,False,False
17031480500,Cook County,IL,metro,1236,81250,False,ffiec_ratio,98.0,49.0,0.0,49.0,8175000.0,0.0,True,49.0,0.03964,0.5,98.0,siting - outside the footprint,False,False
17043844305,DuPage County,IL,metro,1953,94297,False,ffiec_ratio,90.0,49.0,0.0,49.0,10985000.0,0.0,True,49.0,0.02509,0.54444,90.0,siting - outside the footprint,False,False
17099962900,LaSalle County,IL,micro,1467,75833,False,ffiec_ratio,68.0,49.0,0.0,49.0,5335000.0,0.0,True,49.0,0.0334,0.72059,68.0,siting - outside the footprint,False,False
17057953500,Fulton County,IL,micro,1134,61938,True,ffiec_ratio,84.0,49.0,0.0,49.0,3645000.0,0.0,True,49.0,0.04321,0.58333,84.0,siting - outside the footprint,False,False
17077010400,Jackson County,IL,micro,1946,92163,False,ffiec_ratio,97.0,49.0,0.0,49.0,8035000.0,0.0,True,49.0,0.02518,0.50515,97.0,siting - outside the footprint,False,False
17031160300,Cook County,IL,metro,1895,130625,False,ffiec_ratio,89.0,49.0,0.0,49.0,22305000.0,0.0,False,49.0,0.02586,0.55056,89.0,"conversion - present, capturing none",False,False
17031650500,Cook County,IL,metro,1502,97586,False,ffiec_ratio,92.0,48.0,0.0,48.0,8050000.0,0.0,True,48.0,0.03196,0.52174,92.0,siting - outside the footprint,False,False
55079006000,Milwaukee County,WI,metro,861,42157,True,ffiec_ratio,96.0,50.0,2.0,48.0,6650000.0,4.0,False,48.0,0.05575,0.5,92.16,"conversion - present, under-capturing",False,False
17043842708,DuPage County,IL,metro,866,191786,False,ffiec_ratio,79.0,49.0,1.0,48.0,17475000.0,2.041,True,48.0,0.05543,0.60759,77.39,siting - outside the footprint,False,False
17031660600,Cook County,IL,metro,2155,56282,True,ffiec_ratio,94.0,49.0,1.0,48.0,15855000.0,2.041,True,48.0,0.02227,0.51064,92.08,siting - outside the footprint,False,False
17031829700,Cook County,IL,metro,1067,79705,True,ffiec_ratio,109.0,49.0,1.0,48.0,12035000.0,2.041,True,48.0,0.04499,0.44037,106.78,siting - outside the footprint,False,False
17031839200,Cook County,IL,metro,1530,55577,True,ffiec_ratio,99.0,49.0,1.0,48.0,6515000.0,2.041,False,48.0,0.03137,0.48485,96.98,"conversion - present, under-capturing",False,False
55063000900,La Crosse County,WI,metro,2294,71600,False,ffiec_ratio,69.0,49.0,1.0,48.0,18325000.0,2.041,False,48.0,0.02092,0.69565,67.59,"conversion - present, under-capturing",False,False
55079170500,Milwaukee County,WI,metro,837,99779,True,ffiec_ratio,72.0,50.0,2.0,48.0,9230000.0,4.0,False,48.0,0.05735,0.66667,69.12,"conversion - present, under-capturing",False,False
17123961400,Marshall County,IL,metro,1165,88125,False,ffiec_ratio,70.0,49.0,1.0,48.0,6065000.0,2.041,True,48.0,0.0412,0.68571,68.57,siting - outside the footprint,False,False
17115001200,Macon County,IL,metro,1183,73056,False,ffiec_ratio,93.0,48.0,0.0,48.0,4850000.0,0.0,True,48.0,0.04057,0.51613,93.0,siting - outside the footprint,False,False
17081050500,Jefferson County,IL,micro,1744,75764,True,ffiec_ratio,71.0,48.0,0.0,48.0,7140000.0,0.0,True,48.0,0.02752,0.67606,71.0,siting - outside the footprint,False,False
17091011200,Kankakee County,IL,metro,697,116875,False,ffiec_ratio,67.0,48.0,0.0,48.0,8390000.0,0.0,True,48.0,0.06887,0.71642,67.0,siting - outside the footprint,False,False
17031803005,Cook County,IL,metro,1159,163438,False,ffiec_ratio,72.0,48.0,0.0,48.0,15530000.0,0.0,True,48.0,0.04142,0.66667,72.0,siting - outside the footprint,False,False
17195000100,Whiteside County,IL,micro,1333,99500,False,ffiec_ratio,78.0,48.0,0.0,48.0,7680000.0,0.0,True,48.0,0.03601,0.61538,78.0,siting - outside the footprint,False,False
17031210502,Cook County,IL,metro,1509,79945,True,ffiec_ratio,88.0,48.0,0.0,48.0,22800000.0,0.0,True,48.0,0.03181,0.54545,88.0,siting - outside the footprint,False,False
17099964100,LaSalle County,IL,micro,1427,78897,False,ffiec_ratio,75.0,48.0,0.0,48.0,6310000.0,0.0,True,48.0,0.03364,0.64,75.0,siting - outside the footprint,False,False
17015960300,Carroll County,IL,rural,1562,58702,True,ffiec_ratio,78.0,48.0,0.0,48.0,4290000.0,0.0,True,48.0,0.03073,0.61538,78.0,siting - outside the footprint,False,False
17119400200,Madison County,IL,metro,1386,43186,True,ffiec_ratio,100.0,48.0,0.0,48.0,6240000.0,0.0,True,48.0,0.03463,0.48,100.0,siting - outside the footprint,False,False
17169970200,Schuyler County,IL,rural,1344,66797,True,ffiec_ratio,64.0,48.0,0.0,48.0,4900000.0,0.0,True,48.0,0.03571,0.75,64.0,siting - outside the footprint,False,False
17031160100,Cook County,IL,metro,1014,117188,False,ffiec_ratio,77.0,48.0,0.0,48.0,16030000.0,0.0,False,48.0,0.04734,0.62338,77.0,"conversion - present, capturing none",False,False
17031500100,Cook County,IL,metro,1497,92705,True,ffiec_ratio,98.0,48.0,0.0,48.0,7810000.0,0.0,True,48.0,0.03206,0.4898,98.0,siting - outside the footprint,False,False
17095001100,Knox County,IL,micro,984,53547,True,ffiec_ratio,107.0,48.0,0.0,48.0,3680000.0,0.0,True,48.0,0.04878,0.4486,107.0,siting - outside the footprint,False,False
17031251200,Cook County,IL,metro,1245,93636,True,ffiec_ratio,112.0,48.0,0.0,48.0,11450000.0,0.0,True,48.0,0.03855,0.42857,112.0,siting - outside the footprint,False,False
55069960500,Lincoln County,WI,rural,865,86625,False,ffiec_ratio,82.0,51.0,3.0,48.0,9045000.0,5.882,False,48.0,0.05549,0.58537,77.18,"conversion - present, under-capturing",False,False
17023060300,Clark County,IL,rural,2206,88349,False,ffiec_ratio,81.0,48.0,0.0,48.0,6180000.0,0.0,True,48.0,0.02176,0.59259,81.0,siting - outside the footprint,False,False
17197881800,Will County,IL,metro,1425,77981,True,ffiec_ratio,94.0,48.0,0.0,48.0,8550000.0,0.0,True,48.0,0.03368,0.51064,94.0,siting - outside the footprint,False,False
17031815000,Cook County,IL,metro,1393,108214,True,ffiec_ratio,100.0,48.0,0.0,48.0,13280000.0,0.0,True,48.0,0.03446,0.48,100.0,siting - outside the footprint,False,False
17099964200,LaSalle County,IL,micro,1127,79167,False,ffiec_ratio,80.0,48.0,0.0,48.0,5980000.0,0.0,True,48.0,0.04259,0.6,80.0,siting - outside the footprint,False,False
17143002600,Peoria County,IL,metro,717,80583,False,ffiec_ratio,65.0,48.0,0.0,48.0,7270000.0,0.0,True,48.0,0.06695,0.73846,65.0,siting - outside the footprint,False,False
17031081100,Cook County,IL,metro,2902,230925,False,ffiec_ratio,72.0,48.0,0.0,48.0,36600000.0,0.0,False,48.0,0.01654,0.66667,72.0,"conversion - present, capturing none",False,False
17199020802,Williamson County,IL,micro,1632,94145,False,ffiec_ratio,88.0,48.0,0.0,48.0,8910000.0,0.0,True,48.0,0.02941,0.54545,88.0,siting - outside the footprint,False,False
17031820400,Cook County,IL,metro,1846,70417,True,ffiec_ratio,109.0,48.0,0.0,48.0,11170000.0,0.0,True,48.0,0.026,0.44037,109.0,siting - outside the footprint,False,False
17157950900,Randolph County,IL,rural,1384,91477,False,ffiec_ratio,77.0,48.0,0.0,48.0,5950000.0,0.0,True,48.0,0.03468,0.62338,77.0,siting - outside the footprint,False,False
17049950500,Effingham County,IL,micro,1661,95227,False,ffiec_ratio,77.0,48.0,0.0,48.0,10320000.0,0.0,True,48.0,0.0289,0.62338,77.0,siting - outside the footprint,False,False
17031140302,Cook County,IL,metro,1345,130313,False,ffiec_ratio,81.0,48.0,0.0,48.0,18850000.0,0.0,False,48.0,0.03569,0.59259,81.0,"conversion - present, capturing none",False,False
17089853300,Kane County,IL,metro,1207,80119,True,ffiec_ratio,92.0,48.0,0.0,48.0,7500000.0,0.0,False,48.0,0.03977,0.52174,92.0,"conversion - present, capturing none",False,False
17031061902,Cook County,IL,metro,2962,148906,False,ffiec_ratio,76.0,48.0,0.0,48.0,14720000.0,0.0,True,48.0,0.01621,0.63158,76.0,siting - outside the footprint,False,False
55059000800,Kenosha County,WI,metro,1065,52431,True,ffiec_ratio,101.0,48.0,1.0,47.0,7830000.0,2.083,False,47.0,0.04413,0.46535,98.9,"conversion - present, under-capturing",False,False
55079000201,Milwaukee County,WI,metro,1935,51022,True,ffiec_ratio,106.0,48.0,1.0,47.0,38800000.0,2.083,False,47.0,0.02429,0.4434,103.79,"conversion - present, under-capturing",False,False
17031051100,Cook County,IL,metro,718,222045,False,ffiec_ratio,71.0,48.0,1.0,47.0,36460000.0,2.083,True,47.0,0.06546,0.66197,69.52,siting - outside the footprint,False,False
17031813900,Cook County,IL,metro,1705,88728,True,ffiec_ratio,106.0,48.0,1.0,47.0,12790000.0,2.083,True,47.0,0.02757,0.4434,103.79,siting - outside the footprint,False,False
55079001500,Milwaukee County,WI,metro,1135,61089,True,ffiec_ratio,95.0,51.0,4.0,47.0,7795000.0,7.843,False,47.0,0.04141,0.49474,87.55,"conversion - present, under-capturing",False,False
55079020000,Milwaukee County,WI,metro,1571,59750,True,ffiec_ratio,75.0,47.0,0.0,47.0,7075000.0,0.0,False,47.0,0.02992,0.62667,75.0,"conversion - present, capturing none",False,False
55097960702,Portage County,WI,micro,1544,112400,False,ffiec_ratio,79.0,52.0,5.0,47.0,17650000.0,9.615,False,47.0,0.03044,0.59494,71.4,"conversion - present, under-capturing",False,False
55079016100,Milwaukee County,WI,metro,1142,54750,True,ffiec_ratio,80.0,47.0,0.0,47.0,7595000.0,0.0,False,47.0,0.04116,0.5875,80.0,"conversion - present, capturing none",False,False
55079000303,Milwaukee County,WI,metro,696,76875,False,ffiec_ratio,86.0,48.0,1.0,47.0,8280000.0,2.083,True,47.0,0.06753,0.54651,84.21,siting - outside the footprint,False,False
55079021100,Milwaukee County,WI,metro,517,84375,False,ffiec_ratio,62.0,49.0,2.0,47.0,8545000.0,4.082,False,47.0,0.09091,0.75806,59.47,"conversion - present, under-capturing",False,False
17055040600,Franklin County,IL,rural,1167,83125,False,ffiec_ratio,87.0,47.0,0.0,47.0,5185000.0,0.0,True,47.0,0.04027,0.54023,87.0,siting - outside the footprint,False,False
55025002601,Dane County,WI,metro,968,90665,True,ffiec_ratio,62.0,47.0,0.0,47.0,11875000.0,0.0,False,47.0,0.04855,0.75806,62.0,"conversion - present, capturing none",False,False
17199020801,Williamson County,IL,micro,914,70929,False,ffiec_ratio,84.0,47.0,0.0,47.0,7485000.0,0.0,True,47.0,0.05142,0.55952,84.0,siting - outside the footprint,False,False
17043844502,DuPage County,IL,metro,1539,172255,False,ffiec_ratio,94.0,47.0,0.0,47.0,32865000.0,0.0,True,47.0,0.03054,0.5,94.0,siting - outside the footprint,False,False
17031690400,Cook County,IL,metro,1507,65954,True,ffiec_ratio,132.0,47.0,0.0,47.0,13165000.0,0.0,False,47.0,0.03119,0.35606,132.0,"conversion - present, capturing none",False,False
55089650103,Ozaukee County,WI,metro,1052,120000,False,ffiec_ratio,76.0,47.0,0.0,47.0,9145000.0,0.0,False,47.0,0.04468,0.61842,76.0,"conversion - present, capturing none",False,False
55079007000,Milwaukee County,WI,metro,927,37500,True,ffiec_ratio,110.0,47.0,0.0,47.0,15315000.0,0.0,False,47.0,0.0507,0.42727,110.0,"conversion - present, capturing none",False,False
17079977400,Jasper County,IL,rural,1230,68333,False,ffiec_ratio,74.0,47.0,0.0,47.0,5015000.0,0.0,True,47.0,0.03821,0.63514,74.0,siting - outside the footprint,False,False
17113005601,McLean County,IL,metro,696,90250,True,ffiec_ratio,76.0,47.0,0.0,47.0,6405000.0,0.0,True,47.0,0.06753,0.61842,76.0,siting - outside the footprint,False,False
17019005702,Champaign County,IL,metro,766,141964,False,ffiec_ratio,73.0,47.0,0.0,47.0,10725000.0,0.0,True,47.0,0.06136,0.64384,73.0,siting - outside the footprint,False,False
17179020100,Tazewell County,IL,metro,1243,73929,False,ffiec_ratio,74.0,47.0,0.0,47.0,5895000.0,0.0,True,47.0,0.03781,0.63514,74.0,siting - outside the footprint,False,False
17145030600,Perry County,IL,rural,1525,61413,True,ffiec_ratio,93.0,47.0,0.0,47.0,4755000.0,0.0,True,47.0,0.03082,0.50538,93.0,siting - outside the footprint,False,False
17031827901,Cook County,IL,metro,684,98000,False,ffiec_ratio,104.0,47.0,0.0,47.0,10775000.0,0.0,True,47.0,0.06871,0.45192,104.0,siting - outside the footprint,False,False
17087977800,Johnson County,IL,rural,1398,68508,True,ffiec_ratio,93.0,47.0,0.0,47.0,6925000.0,0.0,True,47.0,0.03362,0.50538,93.0,siting - outside the footprint,False,False
55031021000,Douglas County,WI,metro,970,91094,False,ffiec_ratio,93.0,47.0,0.0,47.0,5855000.0,0.0,True,47.0,0.04845,0.50538,93.0,siting - outside the footprint,False,False
17031809600,Cook County,IL,metro,1339,161818,False,ffiec_ratio,104.0,47.0,0.0,47.0,20295000.0,0.0,False,47.0,0.0351,0.45192,104.0,"conversion - present, capturing none",False,False
17055040500,Franklin County,IL,rural,1372,72346,False,ffiec_ratio,66.0,47.0,0.0,47.0,6535000.0,0.0,True,47.0,0.03426,0.71212,66.0,siting - outside the footprint,False,False
17181950400,Union County,IL,rural,2083,,False,ffiec_ratio,81.0,47.0,0.0,47.0,6085000.0,0.0,True,47.0,0.02256,0.58025,81.0,siting - outside the footprint,False,True
17081050300,Jefferson County,IL,micro,1654,92530,False,ffiec_ratio,97.0,47.0,0.0,47.0,7005000.0,0.0,True,47.0,0.02842,0.48454,97.0,siting - outside the footprint,False,False
17167001001,Sangamon County,IL,metro,974,139250,False,ffiec_ratio,70.0,47.0,0.0,47.0,8865000.0,0.0,True,47.0,0.04825,0.67143,70.0,siting - outside the footprint,False,False
17091012000,Kankakee County,IL,metro,1579,81233,False,ffiec_ratio,97.0,47.0,0.0,47.0,6885000.0,0.0,True,47.0,0.02977,0.48454,97.0,siting - outside the footprint,False,False
17089851301,Kane County,IL,metro,1169,67356,True,ffiec_ratio,79.0,48.0,1.0,47.0,12580000.0,2.083,False,47.0,0.04021,0.59494,77.35,"conversion - present, under-capturing",False,False
17105960500,Livingston County,IL,micro,1337,65158,True,ffiec_ratio,91.0,47.0,0.0,47.0,4925000.0,0.0,True,47.0,0.03515,0.51648,91.0,siting - outside the footprint,False,False
17019005402,Champaign County,IL,metro,1930,83194,True,ffiec_ratio,86.0,47.0,0.0,47.0,13575000.0,0.0,True,47.0,0.02435,0.54651,86.0,siting - outside the footprint,False,False
17043846102,DuPage County,IL,metro,1937,88798,False,ffiec_ratio,84.0,47.0,0.0,47.0,11795000.0,0.0,True,47.0,0.02426,0.55952,84.0,siting - outside the footprint,False,False
17073030500,Henry County,IL,metro,836,111118,False,ffiec_ratio,59.0,47.0,0.0,47.0,6315000.0,0.0,True,47.0,0.05622,0.79661,59.0,siting - outside the footprint,False,False
55079007800,Milwaukee County,WI,metro,1347,107781,False,ffiec_ratio,62.0,48.0,2.0,46.0,20600000.0,4.167,False,46.0,0.03415,0.74194,59.42,"conversion - present, under-capturing",False,False
55079020500,Milwaukee County,WI,metro,1100,56815,True,ffiec_ratio,91.0,48.0,2.0,46.0,7680000.0,4.167,False,46.0,0.04182,0.50549,87.21,"conversion - present, under-capturing",False,False
17119402300,Madison County,IL,metro,773,90208,True,ffiec_ratio,67.0,47.0,1.0,46.0,6395000.0,2.128,False,46.0,0.05951,0.68657,65.57,"conversion - present, under-capturing",False,False
55133204400,Waukesha County,WI,metro,993,159063,False,ffiec_ratio,76.0,49.0,3.0,46.0,18735000.0,6.122,False,46.0,0.04632,0.60526,71.35,"conversion - present, under-capturing",False,False
55079003200,Milwaukee County,WI,metro,1181,70068,True,ffiec_ratio,110.0,48.0,2.0,46.0,7210000.0,4.167,False,46.0,0.03895,0.41818,105.42,"conversion - present, under-capturing",False,False
55003950400,Ashland County,WI,rural,1128,82941,False,ffiec_ratio,75.0,51.0,5.0,46.0,7115000.0,9.804,False,46.0,0.04078,0.61333,67.65,"conversion - present, under-capturing",False,False
17031620100,Cook County,IL,metro,1238,118828,True,ffiec_ratio,87.0,47.0,1.0,46.0,8755000.0,2.128,True,46.0,0.03716,0.52874,85.15,siting - outside the footprint,False,False
55003950300,Ashland County,WI,rural,1097,110588,True,ffiec_ratio,76.0,51.0,5.0,46.0,9235000.0,9.804,False,46.0,0.04193,0.60526,68.55,"conversion - present, under-capturing",False,False
55133201800,Waukesha County,WI,metro,603,134722,False,ffiec_ratio,66.0,48.0,2.0,46.0,10970000.0,4.167,False,46.0,0.07629,0.69697,63.25,"conversion - present, under-capturing",False,False
17043844307,DuPage County,IL,metro,1423,93071,False,ffiec_ratio,79.0,46.0,0.0,46.0,10500000.0,0.0,True,46.0,0.03233,0.58228,79.0,siting - outside the footprint,False,False
17107953000,Logan County,IL,micro,1019,104000,False,ffiec_ratio,64.0,46.0,0.0,46.0,5180000.0,0.0,True,46.0,0.04514,0.71875,64.0,siting - outside the footprint,False,False
17157951100,Randolph County,IL,rural,1576,76075,False,ffiec_ratio,72.0,46.0,0.0,46.0,5590000.0,0.0,True,46.0,0.02919,0.63889,72.0,siting - outside the footprint,False,False
17001010600,Adams County,IL,micro,2306,102440,False,ffiec_ratio,84.0,46.0,0.0,46.0,12080000.0,0.0,True,46.0,0.01995,0.54762,84.0,siting - outside the footprint,False,False
17067954100,Hancock County,IL,rural,1390,82222,False,ffiec_ratio,77.0,46.0,0.0,46.0,5420000.0,0.0,True,46.0,0.03309,0.5974,77.0,siting - outside the footprint,False,False
55117011400,Sheboygan County,WI,metro,1600,75438,False,ffiec_ratio,75.0,46.0,0.0,46.0,9530000.0,0.0,False,46.0,0.02875,0.61333,75.0,"conversion - present, capturing none",False,False
17163502603,St. Clair County,IL,metro,1079,31779,True,ffiec_ratio,93.0,47.0,1.0,46.0,3315000.0,2.128,True,46.0,0.04263,0.49462,91.02,siting - outside the footprint,False,False
17031251300,Cook County,IL,metro,1544,58992,True,ffiec_ratio,127.0,46.0,0.0,46.0,10360000.0,0.0,True,46.0,0.02979,0.3622,127.0,siting - outside the footprint,False,False
17175951400,Stark County,IL,metro,1241,86250,False,ffiec_ratio,65.0,46.0,0.0,46.0,4290000.0,0.0,True,46.0,0.03707,0.70769,65.0,siting - outside the footprint,False,False
17201003708,Winnebago County,IL,metro,1437,64032,True,ffiec_ratio,73.0,47.0,1.0,46.0,6595000.0,2.128,False,46.0,0.03201,0.63014,71.45,"conversion - present, under-capturing",False,False
17163501700,St. Clair County,IL,metro,1257,67270,True,ffiec_ratio,71.0,46.0,0.0,46.0,5880000.0,0.0,True,46.0,0.0366,0.64789,71.0,siting - outside the footprint,False,False
17119401701,Madison County,IL,metro,867,45556,True,ffiec_ratio,81.0,46.0,0.0,46.0,2550000.0,0.0,False,46.0,0.05306,0.5679,81.0,"conversion - present, capturing none",False,False
17135957300,Montgomery County,IL,rural,1305,82768,False,ffiec_ratio,69.0,46.0,0.0,46.0,4430000.0,0.0,True,46.0,0.03525,0.66667,69.0,siting - outside the footprint,False,False
17109010402,McDonough County,IL,micro,1909,60694,False,ffiec_ratio,68.0,46.0,0.0,46.0,6090000.0,0.0,True,46.0,0.0241,0.67647,68.0,siting - outside the footprint,False,False
17173959300,Shelby County,IL,rural,2189,73250,False,ffiec_ratio,78.0,46.0,0.0,46.0,5850000.0,0.0,True,46.0,0.02101,0.58974,78.0,siting - outside the footprint,False,False
17031691200,Cook County,IL,metro,869,38580,True,ffiec_ratio,97.0,46.0,0.0,46.0,11800000.0,0.0,True,46.0,0.05293,0.47423,97.0,siting - outside the footprint,False,False
17031820800,Cook County,IL,metro,1023,90848,False,ffiec_ratio,100.0,46.0,0.0,46.0,10420000.0,0.0,True,46.0,0.04497,0.46,100.0,siting - outside the footprint,False,False
17099962500,LaSalle County,IL,micro,751,111452,False,ffiec_ratio,70.0,46.0,0.0,46.0,7710000.0,0.0,True,46.0,0.06125,0.65714,70.0,siting - outside the footprint,False,False
17031190200,Cook County,IL,metro,1624,87139,True,ffiec_ratio,100.0,46.0,0.0,46.0,13250000.0,0.0,False,46.0,0.02833,0.46,100.0,"conversion - present, capturing none",False,False
17043841902,DuPage County,IL,metro,726,132500,False,ffiec_ratio,71.0,46.0,0.0,46.0,14960000.0,0.0,True,46.0,0.06336,0.64789,71.0,siting - outside the footprint,False,False
55049950200,Iowa County,WI,metro,1282,88789,True,ffiec_ratio,95.0,47.0,1.0,46.0,9735000.0,2.128,True,46.0,0.03588,0.48421,92.98,siting - outside the footprint,False,False
17031808800,Cook County,IL,metro,1627,250001,False,ffiec_ratio,74.0,47.0,1.0,46.0,30595000.0,2.128,False,46.0,0.02827,0.62162,72.43,"conversion - present, under-capturing",False,False
17031660800,Cook County,IL,metro,2212,47408,True,ffiec_ratio,94.0,46.0,0.0,46.0,10390000.0,0.0,True,46.0,0.0208,0.48936,94.0,siting - outside the footprint,False,False
17117956300,Macoupin County,IL,metro,1004,88750,False,ffiec_ratio,63.0,46.0,0.0,46.0,7620000.0,0.0,True,46.0,0.04582,0.73016,63.0,siting - outside the footprint,False,False
17043841321,DuPage County,IL,metro,781,160625,False,ffiec_ratio,76.0,46.0,0.0,46.0,11020000.0,0.0,False,46.0,0.0589,0.60526,76.0,"conversion - present, capturing none",False,False
17183010900,Vermilion County,IL,micro,1131,81346,False,ffiec_ratio,66.0,46.0,0.0,46.0,4970000.0,0.0,True,46.0,0.04067,0.69697,66.0,siting - outside the footprint,False,False
55003950700,Ashland County,WI,rural,1032,74576,False,ffiec_ratio,75.0,48.0,3.0,45.0,6940000.0,6.25,False,45.0,0.0436,0.6,70.31,"conversion - present, under-capturing",False,False
55087011001,Outagamie County,WI,metro,1436,69321,True,ffiec_ratio,60.0,47.0,2.0,45.0,18375000.0,4.255,False,45.0,0.03134,0.75,57.45,"conversion - present, under-capturing",False,False
55085970603,Oneida County,WI,rural,802,95000,False,ffiec_ratio,71.0,50.0,5.0,45.0,10110000.0,10.0,False,45.0,0.05611,0.6338,63.9,"conversion - present, under-capturing",False,False
55119960200,Taylor County,WI,rural,813,85556,False,ffiec_ratio,75.0,46.0,1.0,45.0,8600000.0,2.174,False,45.0,0.05535,0.6,73.37,"conversion - present, under-capturing",False,False
17031720500,Cook County,IL,metro,760,161400,False,ffiec_ratio,67.0,46.0,1.0,45.0,13480000.0,2.174,True,45.0,0.05921,0.67164,65.54,siting - outside the footprint,False,False
55025010200,Dane County,WI,metro,520,236250,False,ffiec_ratio,67.0,46.0,1.0,45.0,25020000.0,2.174,False,45.0,0.08654,0.67164,65.54,"conversion - present, under-capturing",False,False
17031812802,Cook County,IL,metro,1204,121250,False,ffiec_ratio,73.0,46.0,1.0,45.0,15770000.0,2.174,True,45.0,0.03738,0.61644,71.41,siting - outside the footprint,False,False
55009001701,Brown County,WI,metro,1706,50558,True,ffiec_ratio,80.0,51.0,6.0,45.0,9775000.0,11.765,False,45.0,0.02638,0.5625,70.59,"conversion - present, under-capturing",False,False
55103970100,Richland County,WI,rural,1190,89958,False,ffiec_ratio,71.0,46.0,1.0,45.0,8830000.0,2.174,True,45.0,0.03782,0.6338,69.46,siting - outside the footprint,False,False
55111000902,Sauk County,WI,micro,600,88375,False,ffiec_ratio,79.0,50.0,5.0,45.0,13550000.0,10.0,False,45.0,0.075,0.56962,71.1,"conversion - present, under-capturing",False,False
17031020100,Cook County,IL,metro,1676,61929,True,ffiec_ratio,79.0,45.0,0.0,45.0,11225000.0,0.0,False,45.0,0.02685,0.56962,79.0,"conversion - present, capturing none",False,False
17031241300,Cook County,IL,metro,816,241094,False,ffiec_ratio,74.0,45.0,0.0,45.0,30395000.0,0.0,False,45.0,0.05515,0.60811,74.0,"conversion - present, capturing none",False,False
17089852907,Kane County,IL,metro,1579,93536,True,ffiec_ratio,108.0,45.0,0.0,45.0,8275000.0,0.0,True,45.0,0.0285,0.41667,108.0,siting - outside the footprint,False,False
55011960400,Buffalo County,WI,rural,1095,89922,False,ffiec_ratio,69.0,45.0,0.0,45.0,8815000.0,0.0,True,45.0,0.0411,0.65217,69.0,siting - outside the footprint,False,False
17031150800,Cook County,IL,metro,1740,108710,False,ffiec_ratio,90.0,45.0,0.0,45.0,15615000.0,0.0,False,45.0,0.02586,0.5,90.0,"conversion - present, capturing none",False,False
17077011600,Jackson County,IL,micro,1455,109173,False,ffiec_ratio,79.0,45.0,0.0,45.0,8025000.0,0.0,True,45.0,0.03093,0.56962,79.0,siting - outside the footprint,False,False
17183011000,Vermilion County,IL,micro,1462,74871,False,ffiec_ratio,92.0,45.0,0.0,45.0,4505000.0,0.0,True,45.0,0.03078,0.48913,92.0,siting - outside the footprint,False,False
17165956200,Saline County,IL,rural,1300,85192,False,ffiec_ratio,93.0,45.0,0.0,45.0,6835000.0,0.0,True,45.0,0.03462,0.48387,93.0,siting - outside the footprint,False,False
17123961300,Marshall County,IL,metro,847,110375,False,ffiec_ratio,78.0,45.0,0.0,45.0,9275000.0,0.0,True,45.0,0.05313,0.57692,78.0,siting - outside the footprint,False,False
17031210602,Cook County,IL,metro,1636,93942,False,ffiec_ratio,79.0,45.0,0.0,45.0,22905000.0,0.0,True,45.0,0.02751,0.56962,79.0,siting - outside the footprint,False,False
17031190800,Cook County,IL,metro,1841,73654,True,ffiec_ratio,85.0,45.0,0.0,45.0,16375000.0,0.0,False,45.0,0.02444,0.52941,85.0,"conversion - present, capturing none",False,False
17057953200,Fulton County,IL,micro,1093,88026,False,ffiec_ratio,76.0,45.0,0.0,45.0,5425000.0,0.0,True,45.0,0.04117,0.59211,76.0,siting - outside the footprint,False,False
17037001900,DeKalb County,IL,metro,874,118750,False,ffiec_ratio,77.0,45.0,0.0,45.0,9555000.0,0.0,True,45.0,0.05149,0.58442,77.0,siting - outside the footprint,False,False
17031241200,Cook County,IL,metro,933,231544,False,ffiec_ratio,72.0,45.0,0.0,45.0,26305000.0,0.0,False,45.0,0.04823,0.625,72.0,"conversion - present, capturing none",False,False
17031171100,Cook County,IL,metro,1336,107188,False,ffiec_ratio,88.0,45.0,0.0,45.0,25005000.0,0.0,False,45.0,0.03368,0.51136,88.0,"conversion - present, capturing none",False,False
17031250300,Cook County,IL,metro,1670,67833,True,ffiec_ratio,127.0,45.0,0.0,45.0,13615000.0,0.0,True,45.0,0.02695,0.35433,127.0,siting - outside the footprint,False,False
17061973600,Greene County,IL,rural,986,77434,False,ffiec_ratio,70.0,45.0,0.0,45.0,4435000.0,0.0,True,45.0,0.04564,0.64286,70.0,siting - outside the footprint,False,False
17031251800,Cook County,IL,metro,1622,41193,True,ffiec_ratio,75.0,45.0,0.0,45.0,13325000.0,0.0,True,45.0,0.02774,0.6,75.0,siting - outside the footprint,False,False
55105003200,Rock County,WI,metro,991,83095,False,ffiec_ratio,71.0,48.0,3.0,45.0,13810000.0,6.25,False,45.0,0.04541,0.6338,66.56,"conversion - present, under-capturing",False,False
17095001000,Knox County,IL,micro,1657,66688,False,ffiec_ratio,72.0,45.0,0.0,45.0,2875000.0,0.0,True,45.0,0.02716,0.625,72.0,siting - outside the footprint,False,False
17031814000,Cook County,IL,metro,1430,75347,True,ffiec_ratio,92.0,45.0,0.0,45.0,11285000.0,0.0,True,45.0,0.03147,0.48913,92.0,siting - outside the footprint,False,False
17077010200,Jackson County,IL,micro,1607,75395,True,ffiec_ratio,66.0,45.0,0.0,45.0,5245000.0,0.0,True,45.0,0.028,0.68182,66.0,siting - outside the footprint,False,False
17031431200,Cook County,IL,metro,1273,67449,True,ffiec_ratio,105.0,46.0,1.0,45.0,9650000.0,2.174,True,45.0,0.03535,0.42857,102.72,siting - outside the footprint,False,False
17103000600,Lee County,IL,micro,1542,70156,False,ffiec_ratio,68.0,45.0,0.0,45.0,4725000.0,0.0,True,45.0,0.02918,0.66176,68.0,siting - outside the footprint,False,False
17031810600,Cook County,IL,metro,1843,98289,False,ffiec_ratio,101.0,45.0,0.0,45.0,12045000.0,0.0,False,45.0,0.02442,0.44554,101.0,"conversion - present, capturing none",False,False
17197883304,Will County,IL,metro,701,124375,False,ffiec_ratio,69.0,45.0,0.0,45.0,12565000.0,0.0,True,45.0,0.06419,0.65217,69.0,siting - outside the footprint,False,False
17031071700,Cook County,IL,metro,696,250001,False,ffiec_ratio,66.0,45.0,0.0,45.0,30295000.0,0.0,False,45.0,0.06466,0.68182,66.0,"conversion - present, capturing none",False,False
17199020400,Williamson County,IL,micro,1674,58111,False,ffiec_ratio,90.0,45.0,1.0,44.0,4985000.0,2.222,True,44.0,0.02628,0.48889,88.0,siting - outside the footprint,False,False
55079003800,Milwaukee County,WI,metro,1057,51182,True,ffiec_ratio,93.0,45.0,1.0,44.0,7215000.0,2.222,False,44.0,0.04163,0.47312,90.93,"conversion - present, under-capturing",False,False
17089853500,Kane County,IL,metro,1300,68024,True,ffiec_ratio,68.0,44.0,0.0,44.0,6820000.0,0.0,True,44.0,0.03385,0.64706,68.0,siting - outside the footprint,False,False
17031222200,Cook County,IL,metro,992,250001,False,ffiec_ratio,71.0,45.0,1.0,44.0,42315000.0,2.222,False,44.0,0.04435,0.61972,69.42,"conversion - present, under-capturing",False,False
17031282700,Cook County,IL,metro,1072,114597,True,ffiec_ratio,81.0,44.0,0.0,44.0,16990000.0,0.0,False,44.0,0.04104,0.54321,81.0,"conversion - present, capturing none",False,False
17117956500,Macoupin County,IL,metro,1004,113300,False,ffiec_ratio,77.0,44.0,0.0,44.0,8400000.0,0.0,True,44.0,0.04382,0.57143,77.0,siting - outside the footprint,False,False
17031805112,Cook County,IL,metro,1109,125313,False,ffiec_ratio,92.0,45.0,1.0,44.0,9815000.0,2.222,True,44.0,0.03968,0.47826,89.96,siting - outside the footprint,False,False
17031151002,Cook County,IL,metro,1715,96641,False,ffiec_ratio,75.0,44.0,0.0,44.0,13420000.0,0.0,False,44.0,0.02566,0.58667,75.0,"conversion - present, capturing none",False,False
17031827000,Cook County,IL,metro,1132,88462,True,ffiec_ratio,103.0,44.0,0.0,44.0,5180000.0,0.0,True,44.0,0.03887,0.42718,103.0,siting - outside the footprint,False,False
17089854401,Kane County,IL,metro,720,70313,True,ffiec_ratio,73.0,44.0,0.0,44.0,8940000.0,0.0,True,44.0,0.06111,0.60274,73.0,siting - outside the footprint,False,False
17031051000,Cook County,IL,metro,688,243750,False,ffiec_ratio,65.0,44.0,0.0,44.0,27750000.0,0.0,True,44.0,0.06395,0.67692,65.0,siting - outside the footprint,False,False
17031835000,Cook County,IL,metro,1950,86196,True,ffiec_ratio,93.0,44.0,0.0,44.0,9840000.0,0.0,True,44.0,0.02256,0.47312,93.0,siting - outside the footprint,False,False
17019000700,Champaign County,IL,metro,1481,49087,True,ffiec_ratio,69.0,44.0,0.0,44.0,4310000.0,0.0,True,44.0,0.02971,0.63768,69.0,siting - outside the footprint,False,False
17031804315,Cook County,IL,metro,891,111023,False,ffiec_ratio,88.0,45.0,1.0,44.0,10765000.0,2.222,False,44.0,0.04938,0.5,86.04,"conversion - present, under-capturing",False,False
17031804706,Cook County,IL,metro,713,135859,False,ffiec_ratio,84.0,44.0,0.0,44.0,12170000.0,0.0,True,44.0,0.06171,0.52381,84.0,siting - outside the footprint,False,False
17083010402,Jersey County,IL,metro,727,99167,False,ffiec_ratio,59.0,44.0,0.0,44.0,6230000.0,0.0,True,44.0,0.06052,0.74576,59.0,siting - outside the footprint,False,False
55079008000,Milwaukee County,WI,metro,901,75625,True,ffiec_ratio,71.0,44.0,0.0,44.0,8970000.0,0.0,False,44.0,0.04883,0.61972,71.0,"conversion - present, capturing none",False,False
17001010500,Adams County,IL,micro,1283,95806,False,ffiec_ratio,74.0,44.0,0.0,44.0,9740000.0,0.0,True,44.0,0.03429,0.59459,74.0,siting - outside the footprint,False,False
17189950200,Washington County,IL,rural,1460,111023,False,ffiec_ratio,80.0,44.0,0.0,44.0,5780000.0,0.0,True,44.0,0.03014,0.55,80.0,siting - outside the footprint,False,False
17049950700,Effingham County,IL,micro,1656,97902,False,ffiec_ratio,65.0,44.0,0.0,44.0,6710000.0,0.0,True,44.0,0.02657,0.67692,65.0,siting - outside the footprint,False,False
17135958000,Montgomery County,IL,rural,1541,89398,False,ffiec_ratio,71.0,44.0,0.0,44.0,4960000.0,0.0,True,44.0,0.02855,0.61972,71.0,siting - outside the footprint,False,False
17031808600,Cook County,IL,metro,942,215125,False,ffiec_ratio,76.0,44.0,0.0,44.0,34020000.0,0.0,False,44.0,0.04671,0.57895,76.0,"conversion - present, capturing none",False,False
17121951900,Marion County,IL,micro,1208,79792,False,ffiec_ratio,73.0,44.0,0.0,44.0,6540000.0,0.0,True,44.0,0.03642,0.60274,73.0,siting - outside the footprint,False,False
55011960100,Buffalo County,WI,rural,959,96406,False,ffiec_ratio,69.0,44.0,0.0,44.0,10510000.0,0.0,True,44.0,0.04588,0.63768,69.0,siting - outside the footprint,False,False
17163501607,St. Clair County,IL,metro,948,75938,False,ffiec_ratio,71.0,44.0,0.0,44.0,18030000.0,0.0,False,44.0,0.04641,0.61972,71.0,"conversion - present, capturing none",False,False
17031250600,Cook County,IL,metro,1326,86941,True,ffiec_ratio,114.0,44.0,0.0,44.0,9560000.0,0.0,True,44.0,0.03318,0.38596,114.0,siting - outside the footprint,False,False
17189950400,Washington County,IL,rural,1714,98018,False,ffiec_ratio,80.0,44.0,0.0,44.0,6630000.0,0.0,True,44.0,0.02567,0.55,80.0,siting - outside the footprint,False,False
17183010500,Vermilion County,IL,micro,1210,75234,False,ffiec_ratio,67.0,44.0,0.0,44.0,6130000.0,0.0,True,44.0,0.03636,0.65672,67.0,siting - outside the footprint,False,False
17031160501,Cook County,IL,metro,1399,69875,True,ffiec_ratio,85.0,44.0,0.0,44.0,18050000.0,0.0,False,44.0,0.03145,0.51765,85.0,"conversion - present, capturing none",False,False
17031470100,Cook County,IL,metro,1035,74741,False,ffiec_ratio,109.0,43.0,0.0,43.0,7775000.0,0.0,True,43.0,0.04155,0.3945,109.0,siting - outside the footprint,False,False
17031831700,Cook County,IL,metro,1041,140089,False,ffiec_ratio,78.0,43.0,0.0,43.0,16105000.0,0.0,False,43.0,0.04131,0.55128,78.0,"conversion - present, capturing none",False,False
17201000511,Winnebago County,IL,metro,1075,118182,False,ffiec_ratio,78.0,44.0,1.0,43.0,8640000.0,2.273,False,43.0,0.04,0.55128,76.23,"conversion - present, under-capturing",False,False
55007960200,Bayfield County,WI,rural,907,89125,False,ffiec_ratio,93.0,43.0,0.0,43.0,10895000.0,0.0,True,43.0,0.04741,0.46237,93.0,siting - outside the footprint,False,False
55127000400,Walworth County,WI,micro,1434,95000,False,ffiec_ratio,65.0,44.0,1.0,43.0,19960000.0,2.273,False,43.0,0.02999,0.66154,63.52,"conversion - present, under-capturing",False,False
55079009300,Milwaukee County,WI,metro,987,106923,False,ffiec_ratio,76.0,43.0,0.0,43.0,14435000.0,0.0,False,43.0,0.04357,0.56579,76.0,"conversion - present, capturing none",False,False
17031051200,Cook County,IL,metro,628,221528,False,ffiec_ratio,62.0,44.0,1.0,43.0,25400000.0,2.273,True,43.0,0.06847,0.69355,60.59,siting - outside the footprint,False,False
55079002600,Milwaukee County,WI,metro,968,29180,True,ffiec_ratio,91.0,44.0,1.0,43.0,4850000.0,2.273,False,43.0,0.04442,0.47253,88.93,"conversion - present, under-capturing",False,False
17031061500,Cook County,IL,metro,880,174375,False,ffiec_ratio,59.0,43.0,0.0,43.0,24965000.0,0.0,True,43.0,0.04886,0.72881,59.0,siting - outside the footprint,False,False
17031814200,Cook County,IL,metro,2266,73026,True,ffiec_ratio,100.0,43.0,0.0,43.0,9955000.0,0.0,True,43.0,0.01898,0.43,100.0,siting - outside the footprint,False,False
55055100601,Jefferson County,WI,micro,584,144750,False,ffiec_ratio,66.0,43.0,0.0,43.0,9995000.0,0.0,False,43.0,0.07363,0.65152,66.0,"conversion - present, capturing none",False,False
17197882701,Will County,IL,metro,948,89609,False,ffiec_ratio,89.0,43.0,0.0,43.0,8235000.0,0.0,True,43.0,0.04536,0.48315,89.0,siting - outside the footprint,False,False
17077010800,Jackson County,IL,micro,1463,57650,True,ffiec_ratio,81.0,43.0,0.0,43.0,5385000.0,0.0,True,43.0,0.02939,0.53086,81.0,siting - outside the footprint,False,False
17137951800,Morgan County,IL,micro,1437,95793,False,ffiec_ratio,70.0,43.0,0.0,43.0,5915000.0,0.0,True,43.0,0.02992,0.61429,70.0,siting - outside the footprint,False,False
17031672000,Cook County,IL,metro,1170,45714,True,ffiec_ratio,107.0,45.0,2.0,43.0,8035000.0,4.444,True,43.0,0.03675,0.40187,102.24,siting - outside the footprint,False,False
17031691100,Cook County,IL,metro,1119,39651,True,ffiec_ratio,93.0,43.0,0.0,43.0,12035000.0,0.0,True,43.0,0.03843,0.46237,93.0,siting - outside the footprint,False,False
17037001004,DeKalb County,IL,metro,667,97550,False,ffiec_ratio,74.0,43.0,0.0,43.0,8935000.0,0.0,True,43.0,0.06447,0.58108,74.0,siting - outside the footprint,False,False
17031681400,Cook County,IL,metro,617,50265,True,ffiec_ratio,105.0,43.0,0.0,43.0,8685000.0,0.0,True,43.0,0.06969,0.40952,105.0,siting - outside the footprint,False,False
17073030600,Henry County,IL,metro,1386,49980,True,ffiec_ratio,69.0,43.0,0.0,43.0,3715000.0,0.0,True,43.0,0.03102,0.62319,69.0,siting - outside the footprint,False,False
55111000302,Sauk County,WI,micro,556,85885,False,ffiec_ratio,64.0,43.0,0.0,43.0,6995000.0,0.0,False,43.0,0.07734,0.67188,64.0,"conversion - present, capturing none",False,False
17137952300,Morgan County,IL,micro,1283,93125,False,ffiec_ratio,72.0,43.0,0.0,43.0,5335000.0,0.0,True,43.0,0.03352,0.59722,72.0,siting - outside the footprint,False,False
17031220602,Cook County,IL,metro,2588,209044,False,ffiec_ratio,67.0,43.0,0.0,43.0,28745000.0,0.0,True,43.0,0.01662,0.64179,67.0,siting - outside the footprint,False,False
17177000300,Stephenson County,IL,micro,1643,95000,False,ffiec_ratio,75.0,43.0,0.0,43.0,5945000.0,0.0,True,43.0,0.02617,0.57333,75.0,siting - outside the footprint,False,False
55079018400,Milwaukee County,WI,metro,625,100750,False,ffiec_ratio,60.0,43.0,0.0,43.0,9555000.0,0.0,False,43.0,0.0688,0.71667,60.0,"conversion - present, capturing none",False,False
17043840901,DuPage County,IL,metro,1510,121630,False,ffiec_ratio,74.0,43.0,0.0,43.0,11085000.0,0.0,False,43.0,0.02848,0.58108,74.0,"conversion - present, capturing none",False,False
17055041200,Franklin County,IL,rural,1525,78594,False,ffiec_ratio,91.0,43.0,0.0,43.0,6055000.0,0.0,True,43.0,0.0282,0.47253,91.0,siting - outside the footprint,False,False
17113001301,McLean County,IL,metro,890,102411,True,ffiec_ratio,63.0,43.0,0.0,43.0,6355000.0,0.0,True,43.0,0.04831,0.68254,63.0,siting - outside the footprint,False,False
17039971500,De Witt County,IL,rural,917,106250,False,ffiec_ratio,72.0,43.0,0.0,43.0,7265000.0,0.0,True,43.0,0.04689,0.59722,72.0,siting - outside the footprint,False,False
17197884103,Will County,IL,metro,1003,128137,False,ffiec_ratio,78.0,43.0,0.0,43.0,9005000.0,0.0,True,43.0,0.04287,0.55128,78.0,siting - outside the footprint,False,False
17195001000,Whiteside County,IL,micro,1136,53984,True,ffiec_ratio,69.0,43.0,0.0,43.0,4185000.0,0.0,True,43.0,0.03785,0.62319,69.0,siting - outside the footprint,False,False
17167002400,Sangamon County,IL,metro,1353,38942,True,ffiec_ratio,73.0,43.0,0.0,43.0,2515000.0,0.0,True,43.0,0.03178,0.58904,73.0,siting - outside the footprint,False,False
17031190402,Cook County,IL,metro,1726,84306,True,ffiec_ratio,89.0,42.0,0.0,42.0,13990000.0,0.0,False,42.0,0.02433,0.47191,89.0,"conversion - present, capturing none",False,False
17031161300,Cook County,IL,metro,1634,89722,True,ffiec_ratio,84.0,43.0,1.0,42.0,16715000.0,2.326,False,42.0,0.0257,0.5,82.05,"conversion - present, under-capturing",False,False
17031240200,Cook County,IL,metro,805,203214,False,ffiec_ratio,74.0,43.0,1.0,42.0,28635000.0,2.326,False,42.0,0.05217,0.56757,72.28,"conversion - present, under-capturing",False,False
17177001300,Stephenson County,IL,micro,1656,57238,True,ffiec_ratio,173.0,42.0,0.0,42.0,3160000.0,0.0,True,42.0,0.02536,0.24277,173.0,siting - outside the footprint,False,False
17031832100,Cook County,IL,metro,1993,80833,True,ffiec_ratio,66.0,43.0,1.0,42.0,32165000.0,2.326,True,42.0,0.02107,0.63636,64.46,siting - outside the footprint,False,False
17031491200,Cook County,IL,metro,664,60179,True,ffiec_ratio,92.0,44.0,2.0,42.0,7690000.0,4.545,True,42.0,0.06325,0.45652,87.82,siting - outside the footprint,False,False
17031730700,Cook County,IL,metro,804,80417,True,ffiec_ratio,102.0,42.0,0.0,42.0,7600000.0,0.0,True,42.0,0.05224,0.41176,102.0,siting - outside the footprint,False,False
17201003200,Winnebago County,IL,metro,912,60135,True,ffiec_ratio,79.0,43.0,1.0,42.0,3265000.0,2.326,False,42.0,0.04605,0.53165,77.16,"conversion - present, under-capturing",False,False
17031440900,Cook County,IL,metro,1102,109861,True,ffiec_ratio,102.0,43.0,1.0,42.0,8095000.0,2.326,True,42.0,0.03811,0.41176,99.63,siting - outside the footprint,False,False
17067953800,Hancock County,IL,rural,1123,113750,False,ffiec_ratio,52.0,42.0,0.0,42.0,4390000.0,0.0,True,42.0,0.0374,0.80769,52.0,siting - outside the footprint,False,False
17037002100,DeKalb County,IL,metro,1015,85750,True,ffiec_ratio,69.0,42.0,0.0,42.0,8560000.0,0.0,True,42.0,0.04138,0.6087,69.0,siting - outside the footprint,False,False
17109010300,McDonough County,IL,micro,897,124417,False,ffiec_ratio,57.0,42.0,0.0,42.0,5860000.0,0.0,True,42.0,0.04682,0.73684,57.0,siting - outside the footprint,False,False
17031292500,Cook County,IL,metro,1435,77959,True,ffiec_ratio,94.0,42.0,0.0,42.0,9770000.0,0.0,True,42.0,0.02927,0.44681,94.0,siting - outside the footprint,False,False
17031827500,Cook County,IL,metro,1536,75886,True,ffiec_ratio,106.0,42.0,0.0,42.0,5630000.0,0.0,True,42.0,0.02734,0.39623,106.0,siting - outside the footprint,False,False
17197882702,Will County,IL,metro,1107,103897,False,ffiec_ratio,86.0,42.0,0.0,42.0,11380000.0,0.0,True,42.0,0.03794,0.48837,86.0,siting - outside the footprint,False,False
17031800100,Cook County,IL,metro,830,250001,False,ffiec_ratio,75.0,42.0,0.0,42.0,57130000.0,0.0,True,42.0,0.0506,0.56,75.0,siting - outside the footprint,False,False
17031230400,Cook County,IL,metro,746,87813,True,ffiec_ratio,74.0,42.0,0.0,42.0,16100000.0,0.0,True,42.0,0.0563,0.56757,74.0,siting - outside the footprint,False,False
17031140602,Cook County,IL,metro,1684,66250,True,ffiec_ratio,68.0,42.0,0.0,42.0,12150000.0,0.0,False,42.0,0.02494,0.61765,68.0,"conversion - present, capturing none",False,False
17197880510,Will County,IL,metro,1281,84333,False,ffiec_ratio,83.0,42.0,0.0,42.0,9240000.0,0.0,True,42.0,0.03279,0.50602,83.0,siting - outside the footprint,False,False
17099963100,LaSalle County,IL,micro,1489,101375,False,ffiec_ratio,75.0,42.0,0.0,42.0,4720000.0,0.0,True,42.0,0.02821,0.56,75.0,siting - outside the footprint,False,False
17031191100,Cook County,IL,metro,1931,56479,True,ffiec_ratio,101.0,43.0,1.0,42.0,10915000.0,2.326,True,42.0,0.02175,0.41584,98.65,siting - outside the footprint,False,False
17031010501,Cook County,IL,metro,2458,71222,True,ffiec_ratio,67.0,42.0,0.0,42.0,28300000.0,0.0,False,42.0,0.01709,0.62687,67.0,"conversion - present, capturing none",False,False
17113000108,McLean County,IL,metro,2451,,True,ffiec_ratio,59.0,42.0,0.0,42.0,7780000.0,0.0,True,42.0,0.01714,0.71186,59.0,siting - outside the footprint,False,True
55079000302,Milwaukee County,WI,metro,979,41923,True,ffiec_ratio,86.0,42.0,0.0,42.0,20600000.0,0.0,False,42.0,0.0429,0.48837,86.0,"conversion - present, capturing none",False,False
55079009100,Milwaukee County,WI,metro,684,48920,True,ffiec_ratio,84.0,42.0,0.0,42.0,6130000.0,0.0,False,42.0,0.0614,0.5,84.0,"conversion - present, capturing none",False,False
17111870103,McHenry County,IL,metro,898,111524,False,ffiec_ratio,65.0,42.0,0.0,42.0,11510000.0,0.0,False,42.0,0.04677,0.64615,65.0,"conversion - present, capturing none",False,False
17103000100,Lee County,IL,micro,1102,97188,False,ffiec_ratio,69.0,42.0,0.0,42.0,7100000.0,0.0,True,42.0,0.03811,0.6087,69.0,siting - outside the footprint,False,False
17181950100,Union County,IL,rural,1795,91017,False,ffiec_ratio,78.0,42.0,0.0,42.0,7260000.0,0.0,True,42.0,0.0234,0.53846,78.0,siting - outside the footprint,False,False
17031252202,Cook County,IL,metro,1889,47514,True,ffiec_ratio,87.0,42.0,0.0,42.0,11550000.0,0.0,True,42.0,0.02223,0.48276,87.0,siting - outside the footprint,False,False
17031730600,Cook County,IL,metro,1043,80840,True,ffiec_ratio,89.0,42.0,0.0,42.0,7040000.0,0.0,True,42.0,0.04027,0.47191,89.0,siting - outside the footprint,False,False
55021970401,Columbia County,WI,metro,1009,83098,True,ffiec_ratio,82.0,42.0,0.0,42.0,19810000.0,0.0,True,42.0,0.04163,0.5122,82.0,siting - outside the footprint,False,False
17087977700,Johnson County,IL,rural,1045,83500,False,ffiec_ratio,75.0,42.0,0.0,42.0,6240000.0,0.0,True,42.0,0.04019,0.56,75.0,siting - outside the footprint,False,False
17031560300,Cook County,IL,metro,1094,111123,True,ffiec_ratio,72.0,42.0,0.0,42.0,7890000.0,0.0,True,42.0,0.03839,0.58333,72.0,siting - outside the footprint,False,False
17149952700,Pike County,IL,rural,2067,80881,False,ffiec_ratio,77.0,42.0,0.0,42.0,4790000.0,0.0,True,42.0,0.02032,0.54545,77.0,siting - outside the footprint,False,False
17031160502,Cook County,IL,metro,1548,115102,False,ffiec_ratio,74.0,42.0,0.0,42.0,17450000.0,0.0,False,42.0,0.02713,0.56757,74.0,"conversion - present, capturing none",False,False
17041952000,Douglas County,IL,rural,1020,83654,False,ffiec_ratio,56.0,42.0,0.0,42.0,5680000.0,0.0,True,42.0,0.04118,0.75,56.0,siting - outside the footprint,False,False
55079020400,Milwaukee County,WI,metro,962,71510,True,ffiec_ratio,77.0,41.0,0.0,41.0,6695000.0,0.0,False,41.0,0.04262,0.53247,77.0,"conversion - present, capturing none",False,False
17031710500,Cook County,IL,metro,1563,,True,ffiec_ratio,87.0,41.0,0.0,41.0,12145000.0,0.0,True,41.0,0.02623,0.47126,87.0,siting - outside the footprint,False,True
17005951400,Bond County,IL,metro,1047,80481,False,ffiec_ratio,66.0,41.0,0.0,41.0,8335000.0,0.0,True,41.0,0.03916,0.62121,66.0,siting - outside the footprint,False,False
55085970103,Oneida County,WI,rural,567,88365,False,ffiec_ratio,69.0,41.0,0.0,41.0,7185000.0,0.0,False,41.0,0.07231,0.5942,69.0,"conversion - present, capturing none",False,False
55135100500,Waupaca County,WI,rural,1364,94861,False,ffiec_ratio,77.0,44.0,3.0,41.0,12420000.0,6.818,True,41.0,0.03006,0.53247,71.75,siting - outside the footprint,False,False
17031430200,Cook County,IL,metro,2716,72318,True,ffiec_ratio,93.0,41.0,0.0,41.0,65025000.0,0.0,False,41.0,0.0151,0.44086,93.0,"conversion - present, capturing none",False,False
55097961000,Portage County,WI,micro,1185,68788,True,ffiec_ratio,67.0,44.0,3.0,41.0,11290000.0,6.818,False,41.0,0.0346,0.61194,62.43,"conversion - present, under-capturing",False,False
55127000502,Walworth County,WI,micro,1540,102555,False,ffiec_ratio,81.0,43.0,2.0,41.0,10525000.0,4.651,False,41.0,0.02662,0.50617,77.23,"conversion - present, under-capturing",False,False
55023960300,Crawford County,WI,rural,1037,81875,False,ffiec_ratio,64.0,43.0,2.0,41.0,9175000.0,4.651,True,41.0,0.03954,0.64063,61.02,siting - outside the footprint,False,False
17031630400,Cook County,IL,metro,1830,90515,True,ffiec_ratio,94.0,42.0,1.0,41.0,7650000.0,2.381,True,41.0,0.0224,0.43617,91.76,siting - outside the footprint,False,False
17031490901,Cook County,IL,metro,1276,34500,True,ffiec_ratio,99.0,43.0,2.0,41.0,8165000.0,4.651,True,41.0,0.03213,0.41414,94.4,siting - outside the footprint,False,False
17031480100,Cook County,IL,metro,861,96351,False,ffiec_ratio,96.0,41.0,0.0,41.0,7235000.0,0.0,True,41.0,0.04762,0.42708,96.0,siting - outside the footprint,False,False
55133202600,Waukesha County,WI,metro,1214,95402,False,ffiec_ratio,65.0,43.0,2.0,41.0,9735000.0,4.651,False,41.0,0.03377,0.63077,61.98,"conversion - present, under-capturing",False,False
55079006200,Milwaukee County,WI,metro,711,34853,True,ffiec_ratio,87.0,42.0,1.0,41.0,5100000.0,2.381,False,41.0,0.05767,0.47126,84.93,"conversion - present, under-capturing",False,False
55003950500,Ashland County,WI,rural,847,88750,False,ffiec_ratio,69.0,48.0,7.0,41.0,10140000.0,14.583,False,41.0,0.04841,0.5942,58.94,"conversion - present, under-capturing",False,False
17201003000,Winnebago County,IL,metro,757,113387,False,ffiec_ratio,93.0,46.0,5.0,41.0,7010000.0,10.87,False,41.0,0.05416,0.44086,82.89,"conversion - present, under-capturing",False,False
17031170200,Cook County,IL,metro,1249,115741,False,ffiec_ratio,74.0,42.0,1.0,41.0,11650000.0,2.381,False,41.0,0.03283,0.55405,72.24,"conversion - present, under-capturing",False,False
55103970400,Richland County,WI,rural,1715,76466,False,ffiec_ratio,58.0,41.0,0.0,41.0,10905000.0,0.0,True,41.0,0.02391,0.7069,58.0,siting - outside the footprint,False,False
55079021200,Milwaukee County,WI,metro,954,67222,True,ffiec_ratio,67.0,41.0,0.0,41.0,16595000.0,0.0,False,41.0,0.04298,0.61194,67.0,"conversion - present, capturing none",False,False
17031242400,Cook County,IL,metro,1621,170278,False,ffiec_ratio,62.0,41.0,0.0,41.0,24035000.0,0.0,False,41.0,0.02529,0.66129,62.0,"conversion - present, capturing none",False,False
17177000200,Stephenson County,IL,micro,1259,84219,False,ffiec_ratio,68.0,41.0,0.0,41.0,5915000.0,0.0,True,41.0,0.03257,0.60294,68.0,siting - outside the footprint,False,False
17031020500,Cook County,IL,metro,2313,38922,True,ffiec_ratio,82.0,42.0,1.0,41.0,15630000.0,2.381,False,41.0,0.01773,0.5,80.05,"conversion - present, under-capturing",False,False
17165955800,Saline County,IL,rural,1244,73958,True,ffiec_ratio,67.0,41.0,0.0,41.0,4865000.0,0.0,True,41.0,0.03296,0.61194,67.0,siting - outside the footprint,False,False
55111000102,Sauk County,WI,micro,1038,70385,False,ffiec_ratio,68.0,41.0,0.0,41.0,16295000.0,0.0,False,41.0,0.0395,0.60294,68.0,"conversion - present, capturing none",False,False
17031750300,Cook County,IL,metro,1009,150000,False,ffiec_ratio,64.0,41.0,0.0,41.0,11755000.0,0.0,True,41.0,0.04063,0.64063,64.0,siting - outside the footprint,False,False
17031836400,Cook County,IL,metro,1769,98900,True,ffiec_ratio,87.0,41.0,0.0,41.0,12575000.0,0.0,False,41.0,0.02318,0.47126,87.0,"conversion - present, capturing none",False,False
17031710900,Cook County,IL,metro,685,49737,True,ffiec_ratio,86.0,41.0,0.0,41.0,8525000.0,0.0,True,41.0,0.05985,0.47674,86.0,siting - outside the footprint,False,False
17163501501,St. Clair County,IL,metro,623,101638,False,ffiec_ratio,68.0,42.0,1.0,41.0,6710000.0,2.381,False,41.0,0.06581,0.60294,66.38,"conversion - present, under-capturing",False,False
17011965100,Bureau County,IL,micro,1662,104219,False,ffiec_ratio,64.0,41.0,0.0,41.0,5385000.0,0.0,True,41.0,0.02467,0.64063,64.0,siting - outside the footprint,False,False
17031030900,Cook County,IL,metro,1519,126774,False,ffiec_ratio,71.0,41.0,0.0,41.0,20265000.0,0.0,False,41.0,0.02699,0.57746,71.0,"conversion - present, capturing none",False,False
17031010502,Cook County,IL,metro,1606,102069,True,ffiec_ratio,59.0,41.0,0.0,41.0,22405000.0,0.0,False,41.0,0.02553,0.69492,59.0,"conversion - present, capturing none",False,False
17053961700,Ford County,IL,metro,845,88788,True,ffiec_ratio,65.0,41.0,0.0,41.0,6745000.0,0.0,True,41.0,0.04852,0.63077,65.0,siting - outside the footprint,False,False
17043840906,DuPage County,IL,metro,1209,100685,True,ffiec_ratio,72.0,41.0,0.0,41.0,9625000.0,0.0,True,41.0,0.03391,0.56944,72.0,siting - outside the footprint,False,False
17031460302,Cook County,IL,metro,1276,74511,True,ffiec_ratio,99.0,41.0,0.0,41.0,8355000.0,0.0,True,41.0,0.03213,0.41414,99.0,siting - outside the footprint,False,False
55099970600,Price County,WI,rural,1073,82500,False,ffiec_ratio,60.0,44.0,3.0,41.0,8520000.0,6.818,True,41.0,0.03821,0.68333,55.91,siting - outside the footprint,False,False
17031710200,Cook County,IL,metro,1659,37955,True,ffiec_ratio,86.0,41.0,0.0,41.0,10245000.0,0.0,True,41.0,0.02471,0.47674,86.0,siting - outside the footprint,False,False
17043841706,DuPage County,IL,metro,1456,83864,False,ffiec_ratio,61.0,41.0,0.0,41.0,10795000.0,0.0,True,41.0,0.02816,0.67213,61.0,siting - outside the footprint,False,False
17027900200,Clinton County,IL,metro,685,120074,False,ffiec_ratio,53.0,41.0,0.0,41.0,8695000.0,0.0,True,41.0,0.05985,0.77358,53.0,siting - outside the footprint,False,False
17031210501,Cook County,IL,metro,1478,81389,True,ffiec_ratio,79.0,41.0,0.0,41.0,23015000.0,0.0,True,41.0,0.02774,0.51899,79.0,siting - outside the footprint,False,False
17197882400,Will County,IL,metro,1259,74792,True,ffiec_ratio,72.0,41.0,0.0,41.0,8445000.0,0.0,True,41.0,0.03257,0.56944,72.0,siting - outside the footprint,False,False
17057952800,Fulton County,IL,micro,939,83125,False,ffiec_ratio,67.0,41.0,0.0,41.0,3875000.0,0.0,True,41.0,0.04366,0.61194,67.0,siting - outside the footprint,False,False
17097864307,Lake County,IL,metro,849,217143,False,ffiec_ratio,80.0,41.0,0.0,41.0,19755000.0,0.0,True,41.0,0.04829,0.5125,80.0,siting - outside the footprint,False,False
17099964000,LaSalle County,IL,micro,1012,101563,False,ffiec_ratio,65.0,41.0,0.0,41.0,6965000.0,0.0,True,41.0,0.04051,0.63077,65.0,siting - outside the footprint,False,False
17115001700,Macon County,IL,metro,826,77188,False,ffiec_ratio,62.0,41.0,0.0,41.0,3455000.0,0.0,True,41.0,0.04964,0.66129,62.0,siting - outside the footprint,False,False
17031220300,Cook County,IL,metro,978,177391,False,ffiec_ratio,61.0,41.0,0.0,41.0,29335000.0,0.0,True,41.0,0.04192,0.67213,61.0,siting - outside the footprint,False,False
55079001600,Milwaukee County,WI,metro,949,39792,True,ffiec_ratio,74.0,41.0,1.0,40.0,4985000.0,2.439,False,40.0,0.04215,0.54054,72.2,"conversion - present, under-capturing",False,False
55085970500,Oneida County,WI,rural,785,105417,False,ffiec_ratio,68.0,45.0,5.0,40.0,11575000.0,11.111,False,40.0,0.05096,0.58824,60.44,"conversion - present, under-capturing",False,False
17119402100,Madison County,IL,metro,947,51331,True,ffiec_ratio,76.0,41.0,1.0,40.0,10615000.0,2.439,False,40.0,0.04224,0.52632,74.15,"conversion - present, under-capturing",False,False
55079001100,Milwaukee County,WI,metro,1152,63875,True,ffiec_ratio,74.0,40.0,0.0,40.0,7130000.0,0.0,False,40.0,0.03472,0.54054,74.0,"conversion - present, capturing none",False,False
17031230600,Cook County,IL,metro,2170,66114,True,ffiec_ratio,87.0,40.0,0.0,40.0,11970000.0,0.0,True,40.0,0.01843,0.45977,87.0,siting - outside the footprint,False,False
55029100900,Door County,WI,rural,650,92120,False,ffiec_ratio,68.0,44.0,4.0,40.0,10530000.0,9.091,False,40.0,0.06154,0.58824,61.82,"conversion - present, under-capturing",False,False
55079007100,Milwaukee County,WI,metro,915,92857,True,ffiec_ratio,69.0,43.0,3.0,40.0,8075000.0,6.977,False,40.0,0.04372,0.57971,64.19,"conversion - present, under-capturing",False,False
55079002800,Milwaukee County,WI,metro,808,54567,True,ffiec_ratio,77.0,41.0,1.0,40.0,13185000.0,2.439,False,40.0,0.0495,0.51948,75.12,"conversion - present, under-capturing",False,False
55059001900,Kenosha County,WI,metro,1048,134615,False,ffiec_ratio,63.0,41.0,1.0,40.0,8555000.0,2.439,True,40.0,0.03817,0.63492,61.46,siting - outside the footprint,False,False
17031821401,Cook County,IL,metro,982,53417,True,ffiec_ratio,91.0,40.0,0.0,40.0,5740000.0,0.0,True,40.0,0.04073,0.43956,91.0,siting - outside the footprint,False,False
17043846603,DuPage County,IL,metro,1209,72283,True,ffiec_ratio,71.0,40.0,0.0,40.0,8990000.0,0.0,True,40.0,0.03309,0.56338,71.0,siting - outside the footprint,False,False
17043846510,DuPage County,IL,metro,1336,132557,False,ffiec_ratio,63.0,40.0,0.0,40.0,7350000.0,0.0,True,40.0,0.02994,0.63492,63.0,siting - outside the footprint,False,False
17031806104,Cook County,IL,metro,1911,61411,True,ffiec_ratio,67.0,40.0,0.0,40.0,9580000.0,0.0,True,40.0,0.02093,0.59701,67.0,siting - outside the footprint,False,False
17075950600,Iroquois County,IL,rural,1328,91250,False,ffiec_ratio,65.0,40.0,0.0,40.0,4700000.0,0.0,True,40.0,0.03012,0.61538,65.0,siting - outside the footprint,False,False
17173959400,Shelby County,IL,rural,1338,90385,False,ffiec_ratio,77.0,40.0,0.0,40.0,5530000.0,0.0,True,40.0,0.0299,0.51948,77.0,siting - outside the footprint,False,False
17179020800,Tazewell County,IL,metro,1227,68347,True,ffiec_ratio,70.0,40.0,0.0,40.0,3330000.0,0.0,True,40.0,0.0326,0.57143,70.0,siting - outside the footprint,False,False
17031826000,Cook County,IL,metro,983,79222,True,ffiec_ratio,98.0,40.0,0.0,40.0,7760000.0,0.0,True,40.0,0.04069,0.40816,98.0,siting - outside the footprint,False,False
55065970500,Lafayette County,WI,rural,1365,99438,False,ffiec_ratio,55.0,40.0,0.0,40.0,6380000.0,0.0,True,40.0,0.0293,0.72727,55.0,siting - outside the footprint,False,False
55111000101,Sauk County,WI,micro,620,87614,False,ffiec_ratio,55.0,40.0,0.0,40.0,11390000.0,0.0,True,40.0,0.06452,0.72727,55.0,siting - outside the footprint,False,False
17031770602,Cook County,IL,metro,1496,106977,False,ffiec_ratio,86.0,40.0,0.0,40.0,14250000.0,0.0,True,40.0,0.02674,0.46512,86.0,siting - outside the footprint,False,False
17195001101,Whiteside County,IL,micro,1206,113977,False,ffiec_ratio,58.0,40.0,0.0,40.0,7000000.0,0.0,True,40.0,0.03317,0.68966,58.0,siting - outside the footprint,False,False
17031805702,Cook County,IL,metro,760,174375,False,ffiec_ratio,75.0,40.0,0.0,40.0,16180000.0,0.0,True,40.0,0.05263,0.53333,75.0,siting - outside the footprint,False,False
17031804715,Cook County,IL,metro,1196,75769,True,ffiec_ratio,79.0,40.0,0.0,40.0,6360000.0,0.0,True,40.0,0.03344,0.50633,79.0,siting - outside the footprint,False,False
17027900601,Clinton County,IL,metro,1215,104934,False,ffiec_ratio,47.0,40.0,0.0,40.0,6910000.0,0.0,True,40.0,0.03292,0.85106,47.0,siting - outside the footprint,False,False
17031240600,Cook County,IL,metro,782,250001,False,ffiec_ratio,75.0,40.0,0.0,40.0,20780000.0,0.0,False,40.0,0.05115,0.53333,75.0,"conversion - present, capturing none",False,False
17171970700,Scott County,IL,micro,1358,82639,False,ffiec_ratio,62.0,40.0,0.0,40.0,3510000.0,0.0,True,40.0,0.02946,0.64516,62.0,siting - outside the footprint,False,False
55079017500,Milwaukee County,WI,metro,1240,47522,True,ffiec_ratio,81.0,40.0,0.0,40.0,6130000.0,0.0,False,40.0,0.03226,0.49383,81.0,"conversion - present, capturing none",False,False
17001000900,Adams County,IL,micro,1228,71724,False,ffiec_ratio,61.0,40.0,0.0,40.0,4250000.0,0.0,True,40.0,0.03257,0.65574,61.0,siting - outside the footprint,False,False
17011964800,Bureau County,IL,micro,1334,79276,False,ffiec_ratio,58.0,40.0,0.0,40.0,4700000.0,0.0,True,40.0,0.02999,0.68966,58.0,siting - outside the footprint,False,False
17075950300,Iroquois County,IL,rural,1236,86071,False,ffiec_ratio,62.0,40.0,0.0,40.0,5920000.0,0.0,True,40.0,0.03236,0.64516,62.0,siting - outside the footprint,False,False
17031050700,Cook County,IL,metro,713,220750,False,ffiec_ratio,68.0,40.0,0.0,40.0,23350000.0,0.0,True,40.0,0.0561,0.58824,68.0,siting - outside the footprint,False,False
17197883605,Will County,IL,metro,1091,62961,True,ffiec_ratio,80.0,40.0,0.0,40.0,5200000.0,0.0,True,40.0,0.03666,0.5,80.0,siting - outside the footprint,False,False
17031251100,Cook County,IL,metro,1792,53661,True,ffiec_ratio,83.0,40.0,0.0,40.0,9830000.0,0.0,True,40.0,0.02232,0.48193,83.0,siting - outside the footprint,False,False
17119401200,Madison County,IL,metro,942,75333,False,ffiec_ratio,61.0,40.0,0.0,40.0,3980000.0,0.0,True,40.0,0.04246,0.65574,61.0,siting - outside the footprint,False,False
17031804312,Cook County,IL,metro,552,201250,False,ffiec_ratio,68.0,40.0,0.0,40.0,11840000.0,0.0,True,40.0,0.07246,0.58824,68.0,siting - outside the footprint,False,False
17031825900,Cook County,IL,metro,1023,40647,True,ffiec_ratio,98.0,40.0,0.0,40.0,5930000.0,0.0,True,40.0,0.0391,0.40816,98.0,siting - outside the footprint,False,False
17137951700,Morgan County,IL,micro,916,43884,True,ffiec_ratio,114.0,40.0,0.0,40.0,1990000.0,0.0,True,40.0,0.04367,0.35088,114.0,siting - outside the footprint,False,False
17089854600,Kane County,IL,metro,1580,71441,True,ffiec_ratio,61.0,40.0,0.0,40.0,10170000.0,0.0,False,40.0,0.02532,0.65574,61.0,"conversion - present, capturing none",False,False
17031160900,Cook County,IL,metro,995,139643,False,ffiec_ratio,64.0,40.0,0.0,40.0,17270000.0,0.0,False,40.0,0.0402,0.625,64.0,"conversion - present, capturing none",False,False
17031804314,Cook County,IL,metro,611,112375,False,ffiec_ratio,69.0,40.0,0.0,40.0,9820000.0,0.0,False,40.0,0.06547,0.57971,69.0,"conversion - present, capturing none",False,False
17031826304,Cook County,IL,metro,1307,63451,True,ffiec_ratio,91.0,40.0,0.0,40.0,6080000.0,0.0,True,40.0,0.0306,0.43956,91.0,siting - outside the footprint,False,False
17031020902,Cook County,IL,metro,1481,58185,True,ffiec_ratio,71.0,40.0,0.0,40.0,7400000.0,0.0,False,40.0,0.02701,0.56338,71.0,"conversion - present, capturing none",False,False
17157951300,Randolph County,IL,rural,1285,108828,False,ffiec_ratio,72.0,40.0,0.0,40.0,4260000.0,0.0,True,40.0,0.03113,0.55556,72.0,siting - outside the footprint,False,False
17161020700,Rock Island County,IL,metro,594,55625,True,ffiec_ratio,58.0,40.0,0.0,40.0,3200000.0,0.0,True,40.0,0.06734,0.68966,58.0,siting - outside the footprint,False,False
55079002900,Milwaukee County,WI,metro,720,45685,True,ffiec_ratio,80.0,40.0,1.0,39.0,6750000.0,2.5,False,39.0,0.05417,0.4875,78.0,"conversion - present, under-capturing",False,False
55079003900,Milwaukee County,WI,metro,1051,41912,True,ffiec_ratio,97.0,40.0,1.0,39.0,6140000.0,2.5,False,39.0,0.03711,0.40206,94.58,"conversion - present, under-capturing",False,False
17031251600,Cook County,IL,metro,1169,81149,True,ffiec_ratio,90.0,39.0,0.0,39.0,10005000.0,0.0,True,39.0,0.03336,0.43333,90.0,siting - outside the footprint,False,False
55025001501,Dane County,WI,metro,1312,115808,True,ffiec_ratio,58.0,40.0,1.0,39.0,10280000.0,2.5,False,39.0,0.02973,0.67241,56.55,"conversion - present, under-capturing",False,False
55037190102,Florence County,WI,micro,762,77500,False,ffiec_ratio,55.0,42.0,3.0,39.0,7920000.0,7.143,True,39.0,0.05118,0.70909,51.07,siting - outside the footprint,False,False
17031050300,Cook County,IL,metro,1204,225357,False,ffiec_ratio,70.0,40.0,1.0,39.0,25340000.0,2.5,True,39.0,0.03239,0.55714,68.25,siting - outside the footprint,False,False
17157951000,Randolph County,IL,rural,906,99375,False,ffiec_ratio,52.0,39.0,0.0,39.0,5435000.0,0.0,True,39.0,0.04305,0.75,52.0,siting - outside the footprint,False,False
17031390200,Cook County,IL,metro,912,133333,False,ffiec_ratio,102.0,39.0,0.0,39.0,13605000.0,0.0,False,39.0,0.04276,0.38235,102.0,"conversion - present, capturing none",False,False
17099963200,LaSalle County,IL,micro,1227,73966,False,ffiec_ratio,57.0,39.0,0.0,39.0,4795000.0,0.0,True,39.0,0.03178,0.68421,57.0,siting - outside the footprint,False,False
55079006100,Milwaukee County,WI,metro,697,62292,True,ffiec_ratio,94.0,39.0,0.0,39.0,4765000.0,0.0,False,39.0,0.05595,0.41489,94.0,"conversion - present, capturing none",False,False
17199020100,Williamson County,IL,micro,1455,72024,True,ffiec_ratio,81.0,39.0,0.0,39.0,5495000.0,0.0,True,39.0,0.0268,0.48148,81.0,siting - outside the footprint,False,False
17095000100,Knox County,IL,micro,1088,100024,False,ffiec_ratio,52.0,39.0,0.0,39.0,4055000.0,0.0,True,39.0,0.03585,0.75,52.0,siting - outside the footprint,False,False
17165956000,Saline County,IL,rural,1165,43651,True,ffiec_ratio,97.0,39.0,0.0,39.0,3825000.0,0.0,True,39.0,0.03348,0.40206,97.0,siting - outside the footprint,False,False
17031030703,Cook County,IL,metro,1858,103125,True,ffiec_ratio,72.0,39.0,0.0,39.0,28205000.0,0.0,False,39.0,0.02099,0.54167,72.0,"conversion - present, capturing none",False,False
17021958800,Christian County,IL,micro,1017,79963,False,ffiec_ratio,59.0,39.0,0.0,39.0,3255000.0,0.0,True,39.0,0.03835,0.66102,59.0,siting - outside the footprint,False,False
17139977000,Moultrie County,IL,rural,1093,90500,False,ffiec_ratio,58.0,39.0,0.0,39.0,4675000.0,0.0,True,39.0,0.03568,0.67241,58.0,siting - outside the footprint,False,False
17115001600,Macon County,IL,metro,653,79432,False,ffiec_ratio,60.0,39.0,0.0,39.0,4035000.0,0.0,True,39.0,0.05972,0.65,60.0,siting - outside the footprint,False,False
55055100302,Jefferson County,WI,micro,879,79618,True,ffiec_ratio,70.0,43.0,4.0,39.0,6235000.0,9.302,False,39.0,0.04437,0.55714,63.49,"conversion - present, under-capturing",False,False
17031440201,Cook County,IL,metro,2253,,True,ffiec_ratio,105.0,39.0,0.0,39.0,16855000.0,0.0,True,39.0,0.01731,0.37143,105.0,siting - outside the footprint,False,True
17179020600,Tazewell County,IL,metro,932,81607,False,ffiec_ratio,75.0,39.0,0.0,39.0,4205000.0,0.0,True,39.0,0.04185,0.52,75.0,siting - outside the footprint,False,False
17073030400,Henry County,IL,metro,1080,86161,False,ffiec_ratio,73.0,39.0,0.0,39.0,4815000.0,0.0,True,39.0,0.03611,0.53425,73.0,siting - outside the footprint,False,False
17097861304,Lake County,IL,metro,927,79764,True,ffiec_ratio,76.0,39.0,0.0,39.0,6415000.0,0.0,True,39.0,0.04207,0.51316,76.0,siting - outside the footprint,False,False
17031061000,Cook County,IL,metro,1143,243507,False,ffiec_ratio,66.0,39.0,0.0,39.0,25565000.0,0.0,True,39.0,0.03412,0.59091,66.0,siting - outside the footprint,False,False
17097862401,Lake County,IL,metro,1318,75960,True,ffiec_ratio,66.0,39.0,0.0,39.0,6425000.0,0.0,False,39.0,0.02959,0.59091,66.0,"conversion - present, capturing none",False,False
17001010200,Adams County,IL,micro,1536,91285,False,ffiec_ratio,68.0,39.0,0.0,39.0,5555000.0,0.0,True,39.0,0.02539,0.57353,68.0,siting - outside the footprint,False,False
17031802003,Cook County,IL,metro,830,193500,False,ffiec_ratio,61.0,39.0,1.0,38.0,16575000.0,2.564,False,38.0,0.04578,0.62295,59.44,"conversion - present, under-capturing",False,False
55079007900,Milwaukee County,WI,metro,1048,67399,True,ffiec_ratio,53.0,39.0,1.0,38.0,12865000.0,2.564,False,38.0,0.03626,0.71698,51.64,"conversion - present, under-capturing",False,False
17031030300,Cook County,IL,metro,1441,94167,True,ffiec_ratio,80.0,39.0,1.0,38.0,18505000.0,2.564,False,38.0,0.02637,0.475,77.95,"conversion - present, under-capturing",False,False
17043840704,DuPage County,IL,metro,1249,86938,False,ffiec_ratio,65.0,38.0,0.0,38.0,9580000.0,0.0,True,38.0,0.03042,0.58462,65.0,siting - outside the footprint,False,False
55069960200,Lincoln County,WI,rural,1089,70521,False,ffiec_ratio,69.0,41.0,3.0,38.0,9755000.0,7.317,False,38.0,0.03489,0.55072,63.95,"conversion - present, under-capturing",False,False
17117957100,Macoupin County,IL,metro,1137,78255,True,ffiec_ratio,86.0,45.0,7.0,38.0,5375000.0,15.556,True,38.0,0.03342,0.44186,72.62,siting - outside the footprint,False,False
55103970300,Richland County,WI,rural,987,99063,False,ffiec_ratio,66.0,39.0,1.0,38.0,6215000.0,2.564,True,38.0,0.0385,0.57576,64.31,siting - outside the footprint,False,False
17031490600,Cook County,IL,metro,517,85083,True,ffiec_ratio,102.0,38.0,0.0,38.0,5280000.0,0.0,True,38.0,0.0735,0.37255,102.0,siting - outside the footprint,False,False
17031803615,Cook County,IL,metro,1138,126282,False,ffiec_ratio,71.0,38.0,0.0,38.0,9870000.0,0.0,True,38.0,0.03339,0.53521,71.0,siting - outside the footprint,False,False
55079017300,Milwaukee County,WI,metro,1061,56310,True,ffiec_ratio,77.0,40.0,2.0,38.0,5590000.0,5.0,False,38.0,0.03582,0.49351,73.15,"conversion - present, under-capturing",False,False
55137960201,Waushara County,WI,rural,691,95156,False,ffiec_ratio,61.0,38.0,0.0,38.0,11040000.0,0.0,False,38.0,0.05499,0.62295,61.0,"conversion - present, capturing none",False,False
17105960300,Livingston County,IL,micro,1431,93125,False,ffiec_ratio,64.0,38.0,0.0,38.0,4910000.0,0.0,True,38.0,0.02655,0.59375,64.0,siting - outside the footprint,False,False
17001001002,Adams County,IL,micro,1199,86098,False,ffiec_ratio,53.0,38.0,0.0,38.0,4610000.0,0.0,True,38.0,0.03169,0.71698,53.0,siting - outside the footprint,False,False
17031825801,Cook County,IL,metro,1561,,True,ffiec_ratio,85.0,38.0,0.0,38.0,9210000.0,0.0,True,38.0,0.02434,0.44706,85.0,siting - outside the footprint,False,True
17097863100,Lake County,IL,metro,801,66429,True,ffiec_ratio,72.0,38.0,0.0,38.0,5930000.0,0.0,True,38.0,0.04744,0.52778,72.0,siting - outside the footprint,False,False
17031711100,Cook County,IL,metro,1033,98750,True,ffiec_ratio,90.0,38.0,0.0,38.0,7560000.0,0.0,True,38.0,0.03679,0.42222,90.0,siting - outside the footprint,False,False
17085020402,Jo Daviess County,IL,rural,1349,92992,False,ffiec_ratio,58.0,38.0,0.0,38.0,5910000.0,0.0,True,38.0,0.02817,0.65517,58.0,siting - outside the footprint,False,False
17127970300,Massac County,IL,metro,1281,87064,False,ffiec_ratio,81.0,38.0,0.0,38.0,4880000.0,0.0,True,38.0,0.02966,0.46914,81.0,siting - outside the footprint,False,False
17179020900,Tazewell County,IL,metro,753,58690,True,ffiec_ratio,69.0,38.0,0.0,38.0,3440000.0,0.0,True,38.0,0.05046,0.55072,69.0,siting - outside the footprint,False,False
17097862902,Lake County,IL,metro,960,66667,True,ffiec_ratio,79.0,38.0,0.0,38.0,7980000.0,0.0,True,38.0,0.03958,0.48101,79.0,siting - outside the footprint,False,False
55035001700,Eau Claire County,WI,metro,1266,105128,False,ffiec_ratio,52.0,38.0,0.0,38.0,7620000.0,0.0,False,38.0,0.03002,0.73077,52.0,"conversion - present, capturing none",False,False
17031804713,Cook County,IL,metro,2151,107684,False,ffiec_ratio,63.0,38.0,0.0,38.0,8410000.0,0.0,True,38.0,0.01767,0.60317,63.0,siting - outside the footprint,False,False
17085020101,Jo Daviess County,IL,rural,919,115089,False,ffiec_ratio,55.0,38.0,0.0,38.0,11390000.0,0.0,True,38.0,0.04135,0.69091,55.0,siting - outside the footprint,False,False
17195001400,Whiteside County,IL,micro,898,95000,False,ffiec_ratio,63.0,38.0,0.0,38.0,7600000.0,0.0,True,38.0,0.04232,0.60317,63.0,siting - outside the footprint,False,False
17031841300,Cook County,IL,metro,1884,100417,True,ffiec_ratio,78.0,38.0,0.0,38.0,18670000.0,0.0,False,38.0,0.02017,0.48718,78.0,"conversion - present, capturing none",False,False
17031071200,Cook County,IL,metro,1402,225917,False,ffiec_ratio,60.0,38.0,0.0,38.0,25010000.0,0.0,False,38.0,0.0271,0.63333,60.0,"conversion - present, capturing none",False,False
17197884005,Will County,IL,metro,498,131167,True,ffiec_ratio,61.0,38.0,0.0,38.0,9880000.0,0.0,True,38.0,0.07631,0.62295,61.0,siting - outside the footprint,False,False
17179021604,Tazewell County,IL,metro,829,99740,False,ffiec_ratio,56.0,38.0,0.0,38.0,7550000.0,0.0,True,38.0,0.04584,0.67857,56.0,siting - outside the footprint,False,False
17031220400,Cook County,IL,metro,1162,168295,False,ffiec_ratio,61.0,38.0,0.0,38.0,29500000.0,0.0,True,38.0,0.0327,0.62295,61.0,siting - outside the footprint,False,False
17031320400,Cook County,IL,metro,874,232941,False,ffiec_ratio,67.0,38.0,0.0,38.0,14820000.0,0.0,False,38.0,0.04348,0.56716,67.0,"conversion - present, capturing none",False,False
55111000601,Sauk County,WI,micro,601,116250,False,ffiec_ratio,55.0,38.0,0.0,38.0,8780000.0,0.0,False,38.0,0.06323,0.69091,55.0,"conversion - present, capturing none",False,False
17031828900,Cook County,IL,metro,1273,80824,True,ffiec_ratio,100.0,38.0,0.0,38.0,5990000.0,0.0,True,38.0,0.02985,0.38,100.0,siting - outside the footprint,False,False
17197880112,Will County,IL,metro,584,91176,False,ffiec_ratio,63.0,38.0,0.0,38.0,7180000.0,0.0,True,38.0,0.06507,0.60317,63.0,siting - outside the footprint,False,False
17031220901,Cook County,IL,metro,1056,104355,True,ffiec_ratio,74.0,38.0,0.0,38.0,23080000.0,0.0,True,38.0,0.03598,0.51351,74.0,siting - outside the footprint,False,False
55069960400,Lincoln County,WI,rural,881,106250,False,ffiec_ratio,62.0,38.0,0.0,38.0,6450000.0,0.0,False,38.0,0.04313,0.6129,62.0,"conversion - present, capturing none",False,False
17001000202,Adams County,IL,micro,1072,76914,False,ffiec_ratio,51.0,38.0,0.0,38.0,4400000.0,0.0,True,38.0,0.03545,0.7451,51.0,siting - outside the footprint,False,False
17161020600,Rock Island County,IL,metro,890,58375,True,ffiec_ratio,69.0,38.0,0.0,38.0,4100000.0,0.0,True,38.0,0.0427,0.55072,69.0,siting - outside the footprint,False,False
17123961200,Marshall County,IL,metro,1051,83594,False,ffiec_ratio,61.0,38.0,0.0,38.0,4560000.0,0.0,True,38.0,0.03616,0.62295,61.0,siting - outside the footprint,False,False
17031050100,Cook County,IL,metro,1117,206714,False,ffiec_ratio,59.0,38.0,0.0,38.0,28140000.0,0.0,True,38.0,0.03402,0.64407,59.0,siting - outside the footprint,False,False
17031650100,Cook County,IL,metro,1426,99722,True,ffiec_ratio,79.0,38.0,0.0,38.0,7300000.0,0.0,True,38.0,0.02665,0.48101,79.0,siting - outside the footprint,False,False
55079007700,Milwaukee County,WI,metro,2179,67197,False,ffiec_ratio,63.0,38.0,0.0,38.0,9360000.0,0.0,False,38.0,0.01744,0.60317,63.0,"conversion - present, capturing none",False,False
17031820202,Cook County,IL,metro,1310,83368,True,ffiec_ratio,96.0,38.0,0.0,38.0,7660000.0,0.0,True,38.0,0.02901,0.39583,96.0,siting - outside the footprint,False,False
17119402600,Madison County,IL,metro,1044,64554,True,ffiec_ratio,72.0,37.0,0.0,37.0,3445000.0,0.0,False,37.0,0.03544,0.51389,72.0,"conversion - present, capturing none",False,False
55079004200,Milwaukee County,WI,metro,1186,38468,True,ffiec_ratio,86.0,37.0,0.0,37.0,4635000.0,0.0,False,37.0,0.0312,0.43023,86.0,"conversion - present, capturing none",False,False
17031030102,Cook County,IL,metro,2028,82500,True,ffiec_ratio,52.0,38.0,1.0,37.0,37660000.0,2.632,False,37.0,0.01824,0.71154,50.63,"conversion - present, under-capturing",False,False
55111000903,Sauk County,WI,micro,474,95500,False,ffiec_ratio,59.0,38.0,1.0,37.0,8200000.0,2.632,False,37.0,0.07806,0.62712,57.45,"conversion - present, under-capturing",False,False
55111000901,Sauk County,WI,micro,839,86250,False,ffiec_ratio,57.0,40.0,3.0,37.0,6750000.0,7.5,False,37.0,0.0441,0.64912,52.73,"conversion - present, under-capturing",False,False
17031010100,Cook County,IL,metro,2284,96944,False,ffiec_ratio,76.0,38.0,1.0,37.0,22060000.0,2.632,False,37.0,0.0162,0.48684,74.0,"conversion - present, under-capturing",False,False
17031660400,Cook County,IL,metro,1465,59211,True,ffiec_ratio,64.0,38.0,1.0,37.0,7270000.0,2.632,True,37.0,0.02526,0.57813,62.32,siting - outside the footprint,False,False
17031460100,Cook County,IL,metro,977,52083,True,ffiec_ratio,96.0,38.0,1.0,37.0,7350000.0,2.632,True,37.0,0.03787,0.38542,93.47,siting - outside the footprint,False,False
17031520300,Cook County,IL,metro,1957,68295,True,ffiec_ratio,99.0,37.0,0.0,37.0,6105000.0,0.0,True,37.0,0.01891,0.37374,99.0,siting - outside the footprint,False,False
17029000600,Coles County,IL,micro,1513,95655,False,ffiec_ratio,71.0,37.0,0.0,37.0,5115000.0,0.0,True,37.0,0.02445,0.52113,71.0,siting - outside the footprint,False,False
17031827400,Cook County,IL,metro,1163,,True,ffiec_ratio,86.0,37.0,0.0,37.0,4755000.0,0.0,True,37.0,0.03181,0.43023,86.0,siting - outside the footprint,False,True
17197882900,Will County,IL,metro,1056,60987,True,ffiec_ratio,82.0,37.0,0.0,37.0,7665000.0,0.0,True,37.0,0.03504,0.45122,82.0,siting - outside the footprint,False,False
17151971300,Pope County,IL,rural,660,72188,True,ffiec_ratio,66.0,37.0,0.0,37.0,5405000.0,0.0,True,37.0,0.05606,0.56061,66.0,siting - outside the footprint,False,False
55079004000,Milwaukee County,WI,metro,1005,35882,True,ffiec_ratio,73.0,38.0,1.0,37.0,5210000.0,2.632,False,37.0,0.03682,0.50685,71.08,"conversion - present, under-capturing",False,False
17165955700,Saline County,IL,rural,1032,71328,False,ffiec_ratio,70.0,37.0,0.0,37.0,5115000.0,0.0,True,37.0,0.03585,0.52857,70.0,siting - outside the footprint,False,False
55079014400,Milwaukee County,WI,metro,1628,166538,False,ffiec_ratio,58.0,37.0,0.0,37.0,17785000.0,0.0,False,37.0,0.02273,0.63793,58.0,"conversion - present, capturing none",False,False
17113002102,McLean County,IL,metro,753,118250,False,ffiec_ratio,73.0,37.0,0.0,37.0,8455000.0,0.0,True,37.0,0.04914,0.50685,73.0,siting - outside the footprint,False,False
17135957600,Montgomery County,IL,rural,1402,115954,False,ffiec_ratio,60.0,37.0,0.0,37.0,7815000.0,0.0,True,37.0,0.02639,0.61667,60.0,siting - outside the footprint,False,False
17121951700,Marion County,IL,micro,1023,107222,False,ffiec_ratio,75.0,37.0,0.0,37.0,6035000.0,0.0,True,37.0,0.03617,0.49333,75.0,siting - outside the footprint,False,False
17125956400,Mason County,IL,rural,714,97596,False,ffiec_ratio,46.0,37.0,0.0,37.0,5025000.0,0.0,True,37.0,0.05182,0.80435,46.0,siting - outside the footprint,False,False
17019001206,Champaign County,IL,metro,873,165417,False,ffiec_ratio,56.0,37.0,0.0,37.0,10925000.0,0.0,True,37.0,0.04238,0.66071,56.0,siting - outside the footprint,False,False
17031802607,Cook County,IL,metro,503,135625,False,ffiec_ratio,52.0,37.0,0.0,37.0,13905000.0,0.0,True,37.0,0.07356,0.71154,52.0,siting - outside the footprint,False,False
17167000700,Sangamon County,IL,metro,690,64342,True,ffiec_ratio,63.0,37.0,0.0,37.0,3805000.0,0.0,True,37.0,0.05362,0.5873,63.0,siting - outside the footprint,False,False
17061973900,Greene County,IL,rural,807,80357,True,ffiec_ratio,56.0,37.0,0.0,37.0,3765000.0,0.0,True,37.0,0.04585,0.66071,56.0,siting - outside the footprint,False,False
17031711400,Cook County,IL,metro,888,61900,True,ffiec_ratio,78.0,37.0,0.0,37.0,7275000.0,0.0,True,37.0,0.04167,0.47436,78.0,siting - outside the footprint,False,False
17055040300,Franklin County,IL,rural,1446,60679,True,ffiec_ratio,58.0,37.0,0.0,37.0,4275000.0,0.0,True,37.0,0.02559,0.63793,58.0,siting - outside the footprint,False,False
17031700100,Cook County,IL,metro,997,98846,False,ffiec_ratio,88.0,37.0,0.0,37.0,8995000.0,0.0,True,37.0,0.03711,0.42045,88.0,siting - outside the footprint,False,False
17031090300,Cook County,IL,metro,553,142857,False,ffiec_ratio,51.0,37.0,0.0,37.0,11055000.0,0.0,False,37.0,0.06691,0.72549,51.0,"conversion - present, capturing none",False,False
17195000200,Whiteside County,IL,micro,1176,106844,False,ffiec_ratio,71.0,37.0,0.0,37.0,4975000.0,0.0,True,37.0,0.03146,0.52113,71.0,siting - outside the footprint,False,False
17113001200,McLean County,IL,metro,1147,117763,False,ffiec_ratio,56.0,37.0,0.0,37.0,7935000.0,0.0,True,37.0,0.03226,0.66071,56.0,siting - outside the footprint,False,False
17031310600,Cook County,IL,metro,2613,105933,False,ffiec_ratio,73.0,37.0,0.0,37.0,20825000.0,0.0,False,37.0,0.01416,0.50685,73.0,"conversion - present, capturing none",False,False
55099970400,Price County,WI,rural,894,77386,False,ffiec_ratio,56.0,39.0,2.0,37.0,8725000.0,5.128,False,37.0,0.04139,0.66071,53.13,"conversion - present, under-capturing",False,False
17071973300,Henderson County,IL,micro,932,71333,False,ffiec_ratio,56.0,37.0,0.0,37.0,3755000.0,0.0,True,37.0,0.0397,0.66071,56.0,siting - outside the footprint,False,False
17031841100,Cook County,IL,metro,2875,66912,True,ffiec_ratio,72.0,37.0,0.0,37.0,8515000.0,0.0,False,37.0,0.01287,0.51389,72.0,"conversion - present, capturing none",False,False
17017960200,Cass County,IL,rural,1075,87569,False,ffiec_ratio,61.0,37.0,0.0,37.0,3815000.0,0.0,True,37.0,0.03442,0.60656,61.0,siting - outside the footprint,False,False
17177000800,Stephenson County,IL,micro,1539,45037,True,ffiec_ratio,125.0,37.0,0.0,37.0,4165000.0,0.0,True,37.0,0.02404,0.296,125.0,siting - outside the footprint,False,False
17119402500,Madison County,IL,metro,647,71181,True,ffiec_ratio,56.0,37.0,0.0,37.0,4135000.0,0.0,False,37.0,0.05719,0.66071,56.0,"conversion - present, capturing none",False,False
17031491300,Cook County,IL,metro,691,47936,True,ffiec_ratio,81.0,37.0,0.0,37.0,6365000.0,0.0,True,37.0,0.05355,0.45679,81.0,siting - outside the footprint,False,False
17173959100,Shelby County,IL,rural,1464,86316,False,ffiec_ratio,61.0,37.0,0.0,37.0,4525000.0,0.0,True,37.0,0.02527,0.60656,61.0,siting - outside the footprint,False,False
17197881603,Will County,IL,metro,1658,59079,True,ffiec_ratio,61.0,37.0,0.0,37.0,6205000.0,0.0,True,37.0,0.02232,0.60656,61.0,siting - outside the footprint,False,False
17019005401,Champaign County,IL,metro,2205,36823,True,ffiec_ratio,61.0,37.0,0.0,37.0,40865000.0,0.0,True,37.0,0.01678,0.60656,61.0,siting - outside the footprint,False,False
17031230900,Cook County,IL,metro,2037,53708,True,ffiec_ratio,72.0,37.0,1.0,36.0,19305000.0,2.703,True,36.0,0.01767,0.5,70.05,siting - outside the footprint,False,False
17143002500,Peoria County,IL,metro,1273,64750,True,ffiec_ratio,74.0,37.0,1.0,36.0,3005000.0,2.703,True,36.0,0.02828,0.48649,72.0,siting - outside the footprint,False,False
55011960300,Buffalo County,WI,rural,980,98214,False,ffiec_ratio,63.0,37.0,1.0,36.0,5805000.0,2.703,True,36.0,0.03673,0.57143,61.3,siting - outside the footprint,False,False
55105002300,Rock County,WI,metro,867,65804,True,ffiec_ratio,65.0,36.0,0.0,36.0,5970000.0,0.0,False,36.0,0.04152,0.55385,65.0,"conversion - present, capturing none",False,False
17031681100,Cook County,IL,metro,926,26512,True,ffiec_ratio,91.0,36.0,0.0,36.0,8240000.0,0.0,True,36.0,0.03888,0.3956,91.0,siting - outside the footprint,False,False
17089852300,Kane County,IL,metro,1090,139583,False,ffiec_ratio,61.0,37.0,1.0,36.0,9305000.0,2.703,True,36.0,0.03303,0.59016,59.35,siting - outside the footprint,False,False
17161023700,Rock Island County,IL,metro,1025,72861,True,ffiec_ratio,68.0,36.0,0.0,36.0,3250000.0,0.0,True,36.0,0.03512,0.52941,68.0,siting - outside the footprint,False,False
17031410900,Cook County,IL,metro,2062,132025,False,ffiec_ratio,64.0,36.0,0.0,36.0,25560000.0,0.0,False,36.0,0.01746,0.5625,64.0,"conversion - present, capturing none",False,False
17075950400,Iroquois County,IL,rural,1555,45313,True,ffiec_ratio,66.0,36.0,0.0,36.0,3910000.0,0.0,True,36.0,0.02315,0.54545,66.0,siting - outside the footprint,False,False
17031710700,Cook County,IL,metro,1250,63750,True,ffiec_ratio,88.0,37.0,1.0,36.0,9515000.0,2.703,True,36.0,0.0288,0.40909,85.62,siting - outside the footprint,False,False
17031460400,Cook County,IL,metro,1338,65000,True,ffiec_ratio,105.0,36.0,0.0,36.0,6970000.0,0.0,True,36.0,0.02691,0.34286,105.0,siting - outside the footprint,False,False
17031803614,Cook County,IL,metro,1579,61132,True,ffiec_ratio,60.0,36.0,0.0,36.0,7690000.0,0.0,True,36.0,0.0228,0.6,60.0,siting - outside the footprint,False,False
17089853402,Kane County,IL,metro,1190,76293,True,ffiec_ratio,64.0,36.0,0.0,36.0,6920000.0,0.0,False,36.0,0.03025,0.5625,64.0,"conversion - present, capturing none",False,False
17091011100,Kankakee County,IL,metro,798,108333,False,ffiec_ratio,61.0,36.0,0.0,36.0,4780000.0,0.0,True,36.0,0.04511,0.59016,61.0,siting - outside the footprint,False,False
17125956800,Mason County,IL,rural,1067,90329,False,ffiec_ratio,55.0,36.0,0.0,36.0,3810000.0,0.0,True,36.0,0.03374,0.65455,55.0,siting - outside the footprint,False,False
17035972600,Cumberland County,IL,micro,1583,122705,False,ffiec_ratio,61.0,36.0,0.0,36.0,5770000.0,0.0,True,36.0,0.02274,0.59016,61.0,siting - outside the footprint,False,False
17161021900,Rock Island County,IL,metro,827,65673,True,ffiec_ratio,46.0,36.0,0.0,36.0,4350000.0,0.0,True,36.0,0.04353,0.78261,46.0,siting - outside the footprint,False,False
17113001500,McLean County,IL,metro,999,48949,True,ffiec_ratio,60.0,36.0,0.0,36.0,3180000.0,0.0,True,36.0,0.03604,0.6,60.0,siting - outside the footprint,False,False
17129010300,Menard County,IL,metro,917,99219,False,ffiec_ratio,53.0,36.0,0.0,36.0,6580000.0,0.0,True,36.0,0.03926,0.67925,53.0,siting - outside the footprint,False,False
17101881100,Lawrence County,IL,rural,1308,57165,True,ffiec_ratio,59.0,36.0,0.0,36.0,6030000.0,0.0,True,36.0,0.02752,0.61017,59.0,siting - outside the footprint,False,False
17031843600,Cook County,IL,metro,1394,111275,True,ffiec_ratio,90.0,36.0,0.0,36.0,12240000.0,0.0,False,36.0,0.02582,0.4,90.0,"conversion - present, capturing none",False,False
17045070100,Edgar County,IL,rural,981,98670,False,ffiec_ratio,58.0,36.0,0.0,36.0,3960000.0,0.0,True,36.0,0.0367,0.62069,58.0,siting - outside the footprint,False,False
17031530400,Cook County,IL,metro,782,71700,False,ffiec_ratio,70.0,36.0,0.0,36.0,5760000.0,0.0,True,36.0,0.04604,0.51429,70.0,siting - outside the footprint,False,False
17029000100,Coles County,IL,micro,1104,85385,False,ffiec_ratio,61.0,36.0,0.0,36.0,5480000.0,0.0,True,36.0,0.03261,0.59016,61.0,siting - outside the footprint,False,False
17019001400,Champaign County,IL,metro,1608,128472,False,ffiec_ratio,50.0,36.0,0.0,36.0,8000000.0,0.0,True,36.0,0.02239,0.72,50.0,siting - outside the footprint,False,False
17031520400,Cook County,IL,metro,1396,52087,True,ffiec_ratio,68.0,36.0,0.0,36.0,7320000.0,0.0,True,36.0,0.02579,0.52941,68.0,siting - outside the footprint,False,False
17167001003,Sangamon County,IL,metro,768,111419,False,ffiec_ratio,48.0,36.0,0.0,36.0,5390000.0,0.0,True,36.0,0.04688,0.75,48.0,siting - outside the footprint,False,False
17117956200,Macoupin County,IL,metro,1031,74545,True,ffiec_ratio,61.0,36.0,0.0,36.0,4870000.0,0.0,True,36.0,0.03492,0.59016,61.0,siting - outside the footprint,False,False
17031190401,Cook County,IL,metro,1250,111786,True,ffiec_ratio,73.0,37.0,1.0,36.0,8165000.0,2.703,False,36.0,0.0288,0.49315,71.03,"conversion - present, under-capturing",False,False
17145030200,Perry County,IL,rural,2405,87311,False,ffiec_ratio,64.0,36.0,0.0,36.0,5320000.0,0.0,True,36.0,0.01497,0.5625,64.0,siting - outside the footprint,False,False
17043841708,DuPage County,IL,metro,1819,75833,True,ffiec_ratio,55.0,36.0,0.0,36.0,98900000.0,0.0,True,36.0,0.01979,0.65455,55.0,siting - outside the footprint,False,False
17031838700,Cook County,IL,metro,1701,35962,True,ffiec_ratio,89.0,36.0,0.0,36.0,12080000.0,0.0,True,36.0,0.02116,0.40449,89.0,siting - outside the footprint,False,False
17019010604,Champaign County,IL,metro,1144,128438,False,ffiec_ratio,62.0,36.0,0.0,36.0,8500000.0,0.0,True,36.0,0.03147,0.58065,62.0,siting - outside the footprint,False,False
17031220701,Cook County,IL,metro,1199,96528,True,ffiec_ratio,68.0,36.0,0.0,36.0,16180000.0,0.0,True,36.0,0.03003,0.52941,68.0,siting - outside the footprint,False,False
17195001500,Whiteside County,IL,micro,1494,65815,True,ffiec_ratio,63.0,36.0,1.0,35.0,3440000.0,2.778,True,35.0,0.02343,0.55556,61.25,siting - outside the footprint,False,False
17031711500,Cook County,IL,metro,823,85417,True,ffiec_ratio,81.0,37.0,2.0,35.0,6915000.0,5.405,True,35.0,0.04253,0.4321,76.62,siting - outside the footprint,False,False
17201003601,Winnebago County,IL,metro,780,145339,False,ffiec_ratio,66.0,38.0,3.0,35.0,4610000.0,7.895,False,35.0,0.04487,0.5303,60.79,"conversion - present, under-capturing",False,False
17031500300,Cook County,IL,metro,894,72604,True,ffiec_ratio,56.0,35.0,0.0,35.0,5265000.0,0.0,True,35.0,0.03915,0.625,56.0,siting - outside the footprint,False,False
17201002000,Winnebago County,IL,metro,787,66277,True,ffiec_ratio,50.0,37.0,2.0,35.0,3385000.0,5.405,False,35.0,0.04447,0.7,47.3,"conversion - present, under-capturing",False,False
17181950200,Union County,IL,rural,834,88724,False,ffiec_ratio,54.0,35.0,0.0,35.0,7015000.0,0.0,True,35.0,0.04197,0.64815,54.0,siting - outside the footprint,False,False
17031836000,Cook County,IL,metro,1132,88986,False,ffiec_ratio,91.0,35.0,0.0,35.0,18705000.0,0.0,False,35.0,0.03092,0.38462,91.0,"conversion - present, capturing none",False,False
17097865501,Lake County,IL,metro,1200,149050,False,ffiec_ratio,59.0,36.0,1.0,35.0,28610000.0,2.778,True,35.0,0.02917,0.59322,57.36,siting - outside the footprint,False,False
55073000100,Marathon County,WI,metro,1416,52083,True,ffiec_ratio,52.0,36.0,1.0,35.0,13730000.0,2.778,False,35.0,0.02472,0.67308,50.56,"conversion - present, under-capturing",False,False
55079002100,Milwaukee County,WI,metro,857,,True,ffiec_ratio,83.0,36.0,1.0,35.0,4180000.0,2.778,False,35.0,0.04084,0.42169,80.69,"conversion - present, under-capturing",False,True
55079001200,Milwaukee County,WI,metro,1010,29583,True,ffiec_ratio,76.0,35.0,0.0,35.0,4175000.0,0.0,False,35.0,0.03465,0.46053,76.0,"conversion - present, capturing none",False,False
17195000900,Whiteside County,IL,micro,1546,95139,False,ffiec_ratio,60.0,35.0,0.0,35.0,6165000.0,0.0,True,35.0,0.02264,0.58333,60.0,siting - outside the footprint,False,False
17109010600,McDonough County,IL,micro,981,68188,True,ffiec_ratio,53.0,35.0,0.0,35.0,3135000.0,0.0,True,35.0,0.03568,0.66038,53.0,siting - outside the footprint,False,False
17031831200,Cook County,IL,metro,1541,64512,True,ffiec_ratio,83.0,35.0,0.0,35.0,11075000.0,0.0,True,35.0,0.02271,0.42169,83.0,siting - outside the footprint,False,False
17031410500,Cook County,IL,metro,1521,78924,False,ffiec_ratio,61.0,35.0,0.0,35.0,15905000.0,0.0,False,35.0,0.02301,0.57377,61.0,"conversion - present, capturing none",False,False
17031580700,Cook County,IL,metro,1683,79566,True,ffiec_ratio,54.0,35.0,0.0,35.0,7565000.0,0.0,True,35.0,0.0208,0.64815,54.0,siting - outside the footprint,False,False
55139000700,Winnebago County,WI,metro,806,49722,True,ffiec_ratio,46.0,35.0,0.0,35.0,10035000.0,0.0,False,35.0,0.04342,0.76087,46.0,"conversion - present, capturing none",False,False
17031720600,Cook County,IL,metro,629,177321,False,ffiec_ratio,56.0,35.0,0.0,35.0,10705000.0,0.0,True,35.0,0.05564,0.625,56.0,siting - outside the footprint,False,False
17183010400,Vermilion County,IL,micro,843,88438,False,ffiec_ratio,59.0,35.0,0.0,35.0,5915000.0,0.0,True,35.0,0.04152,0.59322,59.0,siting - outside the footprint,False,False
17031826800,Cook County,IL,metro,1531,61388,True,ffiec_ratio,95.0,35.0,0.0,35.0,4675000.0,0.0,True,35.0,0.02286,0.36842,95.0,siting - outside the footprint,False,False
17053961900,Ford County,IL,metro,694,113438,False,ffiec_ratio,52.0,35.0,0.0,35.0,4945000.0,0.0,True,35.0,0.05043,0.67308,52.0,siting - outside the footprint,False,False
17015960500,Carroll County,IL,rural,1097,90833,False,ffiec_ratio,57.0,35.0,0.0,35.0,5005000.0,0.0,True,35.0,0.03191,0.61404,57.0,siting - outside the footprint,False,False
17081050200,Jefferson County,IL,micro,1221,73229,False,ffiec_ratio,73.0,35.0,0.0,35.0,5095000.0,0.0,True,35.0,0.02867,0.47945,73.0,siting - outside the footprint,False,False
17031814900,Cook County,IL,metro,2906,95677,True,ffiec_ratio,101.0,36.0,1.0,35.0,21610000.0,2.778,True,35.0,0.01204,0.34653,98.19,siting - outside the footprint,False,False
17031814300,Cook County,IL,metro,1596,56280,True,ffiec_ratio,68.0,35.0,0.0,35.0,7295000.0,0.0,True,35.0,0.02193,0.51471,68.0,siting - outside the footprint,False,False
17055040100,Franklin County,IL,rural,1064,63269,False,ffiec_ratio,73.0,35.0,0.0,35.0,4265000.0,0.0,True,35.0,0.03289,0.47945,73.0,siting - outside the footprint,False,False
17103000200,Lee County,IL,micro,1279,109844,False,ffiec_ratio,72.0,35.0,0.0,35.0,7385000.0,0.0,True,35.0,0.02737,0.48611,72.0,siting - outside the footprint,False,False
17031241000,Cook County,IL,metro,924,89563,True,ffiec_ratio,50.0,35.0,0.0,35.0,16095000.0,0.0,False,35.0,0.03788,0.7,50.0,"conversion - present, capturing none",False,False
17195001700,Whiteside County,IL,micro,1389,39583,True,ffiec_ratio,51.0,35.0,0.0,35.0,3165000.0,0.0,True,35.0,0.0252,0.68627,51.0,siting - outside the footprint,False,False
17121951600,Marion County,IL,micro,1499,81319,False,ffiec_ratio,89.0,35.0,0.0,35.0,5175000.0,0.0,True,35.0,0.02335,0.39326,89.0,siting - outside the footprint,False,False
17097865000,Lake County,IL,metro,392,250001,False,ffiec_ratio,54.0,35.0,0.0,35.0,32175000.0,0.0,True,35.0,0.08929,0.64815,54.0,siting - outside the footprint,False,False
17083010500,Jersey County,IL,metro,572,106875,False,ffiec_ratio,45.0,35.0,0.0,35.0,6825000.0,0.0,True,35.0,0.06119,0.77778,45.0,siting - outside the footprint,False,False
17113005201,McLean County,IL,metro,387,114375,False,ffiec_ratio,56.0,35.0,0.0,35.0,7015000.0,0.0,True,35.0,0.09044,0.625,56.0,siting - outside the footprint,False,False
17029001000,Coles County,IL,micro,1695,57969,True,ffiec_ratio,53.0,35.0,0.0,35.0,5495000.0,0.0,True,35.0,0.02065,0.66038,53.0,siting - outside the footprint,False,False
17043841312,DuPage County,IL,metro,1239,144306,True,ffiec_ratio,70.0,35.0,0.0,35.0,9775000.0,0.0,True,35.0,0.02825,0.5,70.0,siting - outside the footprint,False,False
55113100700,Sawyer County,WI,rural,756,59271,True,ffiec_ratio,63.0,37.0,2.0,35.0,5915000.0,5.405,True,35.0,0.0463,0.55556,59.59,siting - outside the footprint,False,False
17043841707,DuPage County,IL,metro,1511,97953,True,ffiec_ratio,65.0,35.0,0.0,35.0,48075000.0,0.0,True,35.0,0.02316,0.53846,65.0,siting - outside the footprint,False,False
17031825200,Cook County,IL,metro,732,100938,False,ffiec_ratio,74.0,35.0,0.0,35.0,7255000.0,0.0,True,35.0,0.04781,0.47297,74.0,siting - outside the footprint,False,False
17031612200,Cook County,IL,metro,1241,57930,True,ffiec_ratio,66.0,35.0,0.0,35.0,6615000.0,0.0,False,35.0,0.0282,0.5303,66.0,"conversion - present, capturing none",False,False
17109011100,McDonough County,IL,micro,1173,64548,False,ffiec_ratio,52.0,35.0,0.0,35.0,5055000.0,0.0,True,35.0,0.02984,0.67308,52.0,siting - outside the footprint,False,False
17115002002,Macon County,IL,metro,864,33313,True,ffiec_ratio,57.0,35.0,0.0,35.0,2555000.0,0.0,True,35.0,0.04051,0.61404,57.0,siting - outside the footprint,False,False
17043840904,DuPage County,IL,metro,1553,65711,True,ffiec_ratio,64.0,35.0,0.0,35.0,7885000.0,0.0,True,35.0,0.02254,0.54688,64.0,siting - outside the footprint,False,False
17193958400,White County,IL,rural,1132,72500,False,ffiec_ratio,61.0,35.0,0.0,35.0,5075000.0,0.0,True,35.0,0.03092,0.57377,61.0,siting - outside the footprint,False,False
55079185600,Milwaukee County,WI,metro,1079,84583,True,ffiec_ratio,71.0,34.0,0.0,34.0,8020000.0,0.0,False,34.0,0.03151,0.47887,71.0,"conversion - present, capturing none",False,False
17031510200,Cook County,IL,metro,1174,72090,True,ffiec_ratio,74.0,36.0,2.0,34.0,4790000.0,5.556,True,34.0,0.02896,0.45946,69.89,siting - outside the footprint,False,False
17097862700,Lake County,IL,metro,1239,65647,True,ffiec_ratio,69.0,34.0,0.0,34.0,5630000.0,0.0,True,34.0,0.02744,0.49275,69.0,siting - outside the footprint,False,False
17031841800,Cook County,IL,metro,801,,True,ffiec_ratio,98.0,35.0,1.0,34.0,6865000.0,2.857,False,34.0,0.04245,0.34694,95.2,"conversion - present, under-capturing",False,True
55037190200,Florence County,WI,micro,871,83526,False,ffiec_ratio,52.0,35.0,1.0,34.0,5165000.0,2.857,True,34.0,0.03904,0.65385,50.51,siting - outside the footprint,False,False
17031040600,Cook County,IL,metro,1276,140795,False,ffiec_ratio,59.0,35.0,1.0,34.0,25695000.0,2.857,True,34.0,0.02665,0.57627,57.31,siting - outside the footprint,False,False
17025972200,Clay County,IL,rural,1115,110333,False,ffiec_ratio,61.0,34.0,0.0,34.0,4670000.0,0.0,True,34.0,0.03049,0.55738,61.0,siting - outside the footprint,False,False
17019011002,Champaign County,IL,metro,1152,109912,False,ffiec_ratio,47.0,34.0,0.0,34.0,12630000.0,0.0,True,34.0,0.02951,0.7234,47.0,siting - outside the footprint,False,False
17191955100,Wayne County,IL,rural,1293,85833,False,ffiec_ratio,65.0,34.0,0.0,34.0,3730000.0,0.0,True,34.0,0.0263,0.52308,65.0,siting - outside the footprint,False,False
17203030100,Woodford County,IL,metro,1034,94375,False,ffiec_ratio,54.0,34.0,0.0,34.0,5390000.0,0.0,True,34.0,0.03288,0.62963,54.0,siting - outside the footprint,False,False
17031440202,Cook County,IL,metro,1580,100313,True,ffiec_ratio,94.0,34.0,0.0,34.0,7260000.0,0.0,True,34.0,0.02152,0.3617,94.0,siting - outside the footprint,False,False
17031380100,Cook County,IL,metro,988,127305,False,ffiec_ratio,70.0,34.0,0.0,34.0,11040000.0,0.0,False,34.0,0.03441,0.48571,70.0,"conversion - present, capturing none",False,False
17137952200,Morgan County,IL,micro,1192,91213,False,ffiec_ratio,47.0,34.0,0.0,34.0,5840000.0,0.0,True,34.0,0.02852,0.7234,47.0,siting - outside the footprint,False,False
17031802403,Cook County,IL,metro,799,106250,False,ffiec_ratio,57.0,34.0,0.0,34.0,6860000.0,0.0,True,34.0,0.04255,0.59649,57.0,siting - outside the footprint,False,False
17031140100,Cook County,IL,metro,1269,72262,True,ffiec_ratio,55.0,34.0,0.0,34.0,18120000.0,0.0,False,34.0,0.02679,0.61818,55.0,"conversion - present, capturing none",False,False
17031140702,Cook County,IL,metro,2189,82295,True,ffiec_ratio,57.0,34.0,0.0,34.0,15230000.0,0.0,False,34.0,0.01553,0.59649,57.0,"conversion - present, capturing none",False,False
55079012200,Milwaukee County,WI,metro,641,78750,False,ffiec_ratio,56.0,34.0,0.0,34.0,5190000.0,0.0,False,34.0,0.05304,0.60714,56.0,"conversion - present, capturing none",False,False
17031040300,Cook County,IL,metro,1126,100385,False,ffiec_ratio,61.0,34.0,0.0,34.0,12520000.0,0.0,False,34.0,0.0302,0.55738,61.0,"conversion - present, capturing none",False,False
17113000501,McLean County,IL,metro,1411,79417,True,ffiec_ratio,52.0,34.0,0.0,34.0,6870000.0,0.0,True,34.0,0.0241,0.65385,52.0,siting - outside the footprint,False,False
17065973100,Hamilton County,IL,rural,1404,61923,False,ffiec_ratio,55.0,34.0,0.0,34.0,5500000.0,0.0,True,34.0,0.02422,0.61818,55.0,siting - outside the footprint,False,False
17097861403,Lake County,IL,metro,838,77159,True,ffiec_ratio,89.0,34.0,0.0,34.0,5770000.0,0.0,True,34.0,0.04057,0.38202,89.0,siting - outside the footprint,False,False
17011964700,Bureau County,IL,micro,1159,76136,False,ffiec_ratio,57.0,34.0,0.0,34.0,6100000.0,0.0,True,34.0,0.02934,0.59649,57.0,siting - outside the footprint,False,False
17163502404,St. Clair County,IL,metro,1348,53902,True,ffiec_ratio,71.0,34.0,0.0,34.0,4740000.0,0.0,True,34.0,0.02522,0.47887,71.0,siting - outside the footprint,False,False
17031010400,Cook County,IL,metro,2099,123043,False,ffiec_ratio,49.0,34.0,0.0,34.0,19390000.0,0.0,False,34.0,0.0162,0.69388,49.0,"conversion - present, capturing none",False,False
55079009200,Milwaukee County,WI,metro,708,77139,True,ffiec_ratio,65.0,34.0,0.0,34.0,19420000.0,0.0,False,34.0,0.04802,0.52308,65.0,"conversion - present, capturing none",False,False
17113005602,McLean County,IL,metro,818,84821,False,ffiec_ratio,54.0,34.0,0.0,34.0,4260000.0,0.0,True,34.0,0.04156,0.62963,54.0,siting - outside the footprint,False,False
17183011100,Vermilion County,IL,micro,921,92121,False,ffiec_ratio,57.0,34.0,0.0,34.0,3880000.0,0.0,True,34.0,0.03692,0.59649,57.0,siting - outside the footprint,False,False
17115002602,Macon County,IL,metro,767,107143,False,ffiec_ratio,52.0,34.0,0.0,34.0,5020000.0,0.0,True,34.0,0.04433,0.65385,52.0,siting - outside the footprint,False,False
17031650302,Cook County,IL,metro,1251,68750,True,ffiec_ratio,73.0,34.0,0.0,34.0,6740000.0,0.0,True,34.0,0.02718,0.46575,73.0,siting - outside the footprint,False,False
17195001600,Whiteside County,IL,micro,939,104219,False,ffiec_ratio,53.0,34.0,0.0,34.0,3540000.0,0.0,True,34.0,0.03621,0.64151,53.0,siting - outside the footprint,False,False
17155954500,Putnam County,IL,micro,1225,82692,False,ffiec_ratio,52.0,34.0,0.0,34.0,3940000.0,0.0,True,34.0,0.02776,0.65385,52.0,siting - outside the footprint,False,False
17031813802,Cook County,IL,metro,1410,79265,True,ffiec_ratio,70.0,34.0,0.0,34.0,11030000.0,0.0,True,34.0,0.02411,0.48571,70.0,siting - outside the footprint,False,False
17031440600,Cook County,IL,metro,746,115028,True,ffiec_ratio,76.0,34.0,0.0,34.0,5490000.0,0.0,True,34.0,0.04558,0.44737,76.0,siting - outside the footprint,False,False
17031140500,Cook County,IL,metro,1428,97287,False,ffiec_ratio,63.0,34.0,0.0,34.0,12500000.0,0.0,False,34.0,0.02381,0.53968,63.0,"conversion - present, capturing none",False,False
17055040800,Franklin County,IL,rural,1412,105583,False,ffiec_ratio,74.0,34.0,0.0,34.0,4850000.0,0.0,True,34.0,0.02408,0.45946,74.0,siting - outside the footprint,False,False
17031031501,Cook County,IL,metro,2094,35214,True,ffiec_ratio,52.0,34.0,0.0,34.0,15600000.0,0.0,True,34.0,0.01624,0.65385,52.0,siting - outside the footprint,False,False
17031222700,Cook County,IL,metro,830,84760,True,ffiec_ratio,57.0,34.0,0.0,34.0,15870000.0,0.0,True,34.0,0.04096,0.59649,57.0,siting - outside the footprint,False,False
17197881601,Will County,IL,metro,917,114659,False,ffiec_ratio,58.0,34.0,0.0,34.0,8030000.0,0.0,True,34.0,0.03708,0.58621,58.0,siting - outside the footprint,False,False
55049950300,Iowa County,WI,metro,1224,91146,True,ffiec_ratio,79.0,34.0,0.0,34.0,5830000.0,0.0,True,34.0,0.02778,0.43038,79.0,siting - outside the footprint,False,False
17031838100,Cook County,IL,metro,1241,212292,False,ffiec_ratio,48.0,34.0,0.0,34.0,26790000.0,0.0,False,34.0,0.0274,0.70833,48.0,"conversion - present, capturing none",False,False
55079006900,Milwaukee County,WI,metro,717,39365,True,ffiec_ratio,81.0,33.0,0.0,33.0,4725000.0,0.0,False,33.0,0.04603,0.40741,81.0,"conversion - present, capturing none",False,False
55101001001,Racine County,WI,metro,1069,90034,True,ffiec_ratio,61.0,35.0,2.0,33.0,4825000.0,5.714,False,33.0,0.03087,0.54098,57.51,"conversion - present, under-capturing",False,False
17201003811,Winnebago County,IL,metro,558,138086,False,ffiec_ratio,57.0,37.0,4.0,33.0,5285000.0,10.811,True,33.0,0.05914,0.57895,50.84,siting - outside the footprint,False,False
55025002302,Dane County,WI,metro,675,145962,False,ffiec_ratio,48.0,33.0,0.0,33.0,6205000.0,0.0,True,33.0,0.04889,0.6875,48.0,siting - outside the footprint,False,False
17031836600,Cook County,IL,metro,1130,93380,True,ffiec_ratio,68.0,34.0,1.0,33.0,11650000.0,2.941,True,33.0,0.0292,0.48529,66.0,siting - outside the footprint,False,False
55023960500,Crawford County,WI,rural,836,69125,False,ffiec_ratio,61.0,34.0,1.0,33.0,4050000.0,2.941,True,33.0,0.03947,0.54098,59.21,siting - outside the footprint,False,False
17043841503,DuPage County,IL,metro,928,101392,False,ffiec_ratio,64.0,34.0,1.0,33.0,6430000.0,2.941,True,33.0,0.03556,0.51563,62.12,siting - outside the footprint,False,False
17031190602,Cook County,IL,metro,1551,97652,True,ffiec_ratio,68.0,34.0,1.0,33.0,8440000.0,2.941,False,33.0,0.02128,0.48529,66.0,"conversion - present, under-capturing",False,False
17031816402,Cook County,IL,metro,1427,68750,True,ffiec_ratio,66.0,33.0,0.0,33.0,7165000.0,0.0,True,33.0,0.02313,0.5,66.0,siting - outside the footprint,False,False
55079011000,Milwaukee County,WI,metro,2590,127361,False,ffiec_ratio,57.0,35.0,2.0,33.0,10825000.0,5.714,False,33.0,0.01274,0.57895,53.74,"conversion - present, under-capturing",False,False
55079013000,Milwaukee County,WI,metro,786,63553,True,ffiec_ratio,66.0,33.0,0.0,33.0,8645000.0,0.0,False,33.0,0.04198,0.5,66.0,"conversion - present, capturing none",False,False
17089851302,Kane County,IL,metro,896,77054,True,ffiec_ratio,59.0,34.0,1.0,33.0,6050000.0,2.941,False,33.0,0.03683,0.55932,57.26,"conversion - present, under-capturing",False,False
55003950600,Ashland County,WI,rural,640,78487,False,ffiec_ratio,61.0,34.0,1.0,33.0,5280000.0,2.941,True,33.0,0.05156,0.54098,59.21,siting - outside the footprint,False,False
17031835800,Cook County,IL,metro,938,66250,True,ffiec_ratio,61.0,33.0,0.0,33.0,18655000.0,0.0,False,33.0,0.03518,0.54098,61.0,"conversion - present, capturing none",False,False
17031251500,Cook County,IL,metro,1453,76338,True,ffiec_ratio,82.0,33.0,0.0,33.0,10015000.0,0.0,True,33.0,0.02271,0.40244,82.0,siting - outside the footprint,False,False
17055040200,Franklin County,IL,rural,1209,77885,False,ffiec_ratio,62.0,33.0,0.0,33.0,4875000.0,0.0,True,33.0,0.0273,0.53226,62.0,siting - outside the footprint,False,False
17167001300,Sangamon County,IL,metro,740,95673,True,ffiec_ratio,48.0,33.0,0.0,33.0,4355000.0,0.0,True,33.0,0.04459,0.6875,48.0,siting - outside the footprint,False,False
55079186900,Milwaukee County,WI,metro,1586,160380,False,ffiec_ratio,44.0,34.0,1.0,33.0,10570000.0,2.941,False,33.0,0.02081,0.75,42.71,"conversion - present, under-capturing",False,False
55079015900,Milwaukee County,WI,metro,1222,55868,True,ffiec_ratio,73.0,35.0,2.0,33.0,5525000.0,5.714,False,33.0,0.027,0.45205,68.83,"conversion - present, under-capturing",False,False
17091012500,Kankakee County,IL,metro,594,65583,True,ffiec_ratio,61.0,33.0,0.0,33.0,7485000.0,0.0,True,33.0,0.05556,0.54098,61.0,siting - outside the footprint,False,False
17075950100,Iroquois County,IL,rural,1103,83125,False,ffiec_ratio,55.0,33.0,0.0,33.0,4415000.0,0.0,True,33.0,0.02992,0.6,55.0,siting - outside the footprint,False,False
55079160205,Milwaukee County,WI,metro,1613,95009,False,ffiec_ratio,44.0,33.0,0.0,33.0,5385000.0,0.0,False,33.0,0.02046,0.75,44.0,"conversion - present, capturing none",False,False
17031030706,Cook County,IL,metro,1936,138250,True,ffiec_ratio,48.0,33.0,0.0,33.0,13125000.0,0.0,False,33.0,0.01705,0.6875,48.0,"conversion - present, capturing none",False,False
55079004400,Milwaukee County,WI,metro,1319,,True,ffiec_ratio,70.0,34.0,1.0,33.0,4360000.0,2.941,False,33.0,0.02502,0.47143,67.94,"conversion - present, under-capturing",False,True
17031190601,Cook County,IL,metro,1075,90685,True,ffiec_ratio,67.0,33.0,0.0,33.0,7735000.0,0.0,False,33.0,0.0307,0.49254,67.0,"conversion - present, capturing none",False,False
17031840400,Cook County,IL,metro,1158,118942,True,ffiec_ratio,65.0,33.0,0.0,33.0,9305000.0,0.0,True,33.0,0.0285,0.50769,65.0,siting - outside the footprint,False,False
17031420800,Cook County,IL,metro,1011,52273,True,ffiec_ratio,87.0,33.0,0.0,33.0,15545000.0,0.0,False,33.0,0.03264,0.37931,87.0,"conversion - present, capturing none",False,False
55079004500,Milwaukee County,WI,metro,607,,True,ffiec_ratio,78.0,33.0,0.0,33.0,4335000.0,0.0,False,33.0,0.05437,0.42308,78.0,"conversion - present, capturing none",False,True
17055040400,Franklin County,IL,rural,1678,69931,False,ffiec_ratio,74.0,33.0,0.0,33.0,3895000.0,0.0,True,33.0,0.01967,0.44595,74.0,siting - outside the footprint,False,False
17197882602,Will County,IL,metro,891,65438,True,ffiec_ratio,61.0,33.0,0.0,33.0,5285000.0,0.0,True,33.0,0.03704,0.54098,61.0,siting - outside the footprint,False,False
17035972500,Cumberland County,IL,micro,1282,89849,False,ffiec_ratio,51.0,33.0,0.0,33.0,4375000.0,0.0,True,33.0,0.02574,0.64706,51.0,siting - outside the footprint,False,False
17031803012,Cook County,IL,metro,1017,124000,False,ffiec_ratio,65.0,33.0,0.0,33.0,9195000.0,0.0,True,33.0,0.03245,0.50769,65.0,siting - outside the footprint,False,False
17043841606,DuPage County,IL,metro,872,154063,False,ffiec_ratio,56.0,33.0,0.0,33.0,9885000.0,0.0,True,33.0,0.03784,0.58929,56.0,siting - outside the footprint,False,False
17113001600,McLean County,IL,metro,1644,63938,True,ffiec_ratio,52.0,33.0,0.0,33.0,7835000.0,0.0,True,33.0,0.02007,0.63462,52.0,siting - outside the footprint,False,False
17097861804,Lake County,IL,metro,1216,83327,True,ffiec_ratio,67.0,33.0,0.0,33.0,5495000.0,0.0,False,33.0,0.02714,0.49254,67.0,"conversion - present, capturing none",False,False
17033880300,Crawford County,IL,rural,1414,118603,False,ffiec_ratio,64.0,33.0,0.0,33.0,3735000.0,0.0,True,33.0,0.02334,0.51563,64.0,siting - outside the footprint,False,False
17031837800,Cook County,IL,metro,1331,55489,True,ffiec_ratio,66.0,33.0,0.0,33.0,23645000.0,0.0,False,33.0,0.02479,0.5,66.0,"conversion - present, capturing none",False,False
55079002500,Milwaukee County,WI,metro,695,36074,True,ffiec_ratio,81.0,33.0,0.0,33.0,14875000.0,0.0,False,33.0,0.04748,0.40741,81.0,"conversion - present, capturing none",False,False
17043845510,DuPage County,IL,metro,1595,103636,False,ffiec_ratio,58.0,33.0,0.0,33.0,55925000.0,0.0,True,33.0,0.02069,0.56897,58.0,siting - outside the footprint,False,False
17031170900,Cook County,IL,metro,646,108333,False,ffiec_ratio,52.0,33.0,0.0,33.0,8915000.0,0.0,True,33.0,0.05108,0.63462,52.0,siting - outside the footprint,False,False
55059000101,Kenosha County,WI,metro,801,95278,False,ffiec_ratio,49.0,32.0,0.0,32.0,8330000.0,0.0,True,32.0,0.03995,0.65306,49.0,siting - outside the footprint,False,False
55127000801,Walworth County,WI,micro,785,83000,False,ffiec_ratio,67.0,33.0,1.0,32.0,6785000.0,3.03,False,32.0,0.04076,0.47761,64.97,"conversion - present, under-capturing",False,False
55121100300,Trempealeau County,WI,rural,1047,81917,False,ffiec_ratio,48.0,33.0,1.0,32.0,5665000.0,3.03,True,32.0,0.03056,0.66667,46.55,siting - outside the footprint,False,False
17031811302,Cook County,IL,metro,1361,49457,True,ffiec_ratio,70.0,34.0,2.0,32.0,14140000.0,5.882,True,32.0,0.02351,0.45714,65.88,siting - outside the footprint,False,False
17031081900,Cook County,IL,metro,741,250001,False,ffiec_ratio,52.0,33.0,1.0,32.0,15745000.0,3.03,False,32.0,0.04318,0.61538,50.42,"conversion - present, under-capturing",False,False
55079002200,Milwaukee County,WI,metro,905,63811,True,ffiec_ratio,73.0,33.0,1.0,32.0,5075000.0,3.03,False,32.0,0.03536,0.43836,70.79,"conversion - present, under-capturing",False,False
17201004003,Winnebago County,IL,metro,885,68750,True,ffiec_ratio,53.0,32.0,0.0,32.0,3440000.0,0.0,True,32.0,0.03616,0.60377,53.0,siting - outside the footprint,False,False
17031251900,Cook County,IL,metro,2383,46615,True,ffiec_ratio,78.0,33.0,1.0,32.0,12195000.0,3.03,True,32.0,0.01343,0.41026,75.64,siting - outside the footprint,False,False
17031660900,Cook County,IL,metro,1641,47326,True,ffiec_ratio,85.0,32.0,0.0,32.0,7690000.0,0.0,True,32.0,0.0195,0.37647,85.0,siting - outside the footprint,False,False
17031829100,Cook County,IL,metro,1220,77850,True,ffiec_ratio,74.0,32.0,0.0,32.0,4570000.0,0.0,True,32.0,0.02623,0.43243,74.0,siting - outside the footprint,False,False
55059001100,Kenosha County,WI,metro,994,35521,True,ffiec_ratio,55.0,34.0,2.0,32.0,5300000.0,5.882,False,32.0,0.03219,0.58182,51.76,"conversion - present, under-capturing",False,False
17055041000,Franklin County,IL,rural,1041,50743,True,ffiec_ratio,56.0,32.0,0.0,32.0,2900000.0,0.0,True,32.0,0.03074,0.57143,56.0,siting - outside the footprint,False,False
17031770700,Cook County,IL,metro,1143,90865,False,ffiec_ratio,54.0,32.0,0.0,32.0,7750000.0,0.0,True,32.0,0.028,0.59259,54.0,siting - outside the footprint,False,False
17187870300,Warren County,IL,rural,1158,94740,False,ffiec_ratio,52.0,32.0,0.0,32.0,5180000.0,0.0,True,32.0,0.02763,0.61538,52.0,siting - outside the footprint,False,False
17101880800,Lawrence County,IL,rural,1357,85954,False,ffiec_ratio,56.0,32.0,0.0,32.0,4330000.0,0.0,True,32.0,0.02358,0.57143,56.0,siting - outside the footprint,False,False
17031061200,Cook County,IL,metro,870,150313,False,ffiec_ratio,53.0,32.0,0.0,32.0,25730000.0,0.0,True,32.0,0.03678,0.60377,53.0,siting - outside the footprint,False,False
17031691300,Cook County,IL,metro,1048,99948,True,ffiec_ratio,94.0,32.0,0.0,32.0,9570000.0,0.0,True,32.0,0.03053,0.34043,94.0,siting - outside the footprint,False,False
17027900404,Clinton County,IL,metro,584,74375,True,ffiec_ratio,61.0,32.0,0.0,32.0,4520000.0,0.0,True,32.0,0.05479,0.52459,61.0,siting - outside the footprint,False,False
17031490500,Cook County,IL,metro,725,111250,True,ffiec_ratio,84.0,32.0,0.0,32.0,4940000.0,0.0,True,32.0,0.04414,0.38095,84.0,siting - outside the footprint,False,False
17101880900,Lawrence County,IL,rural,914,58984,False,ffiec_ratio,60.0,32.0,0.0,32.0,3320000.0,0.0,True,32.0,0.03501,0.53333,60.0,siting - outside the footprint,False,False
17197881900,Will County,IL,metro,1579,11997,True,ffiec_ratio,56.0,32.0,0.0,32.0,5540000.0,0.0,True,32.0,0.02027,0.57143,56.0,siting - outside the footprint,False,False
17095001400,Knox County,IL,micro,710,102750,False,ffiec_ratio,62.0,32.0,0.0,32.0,4690000.0,0.0,True,32.0,0.04507,0.51613,62.0,siting - outside the footprint,False,False
17031151001,Cook County,IL,metro,869,106250,False,ffiec_ratio,61.0,32.0,0.0,32.0,11180000.0,0.0,False,32.0,0.03682,0.52459,61.0,"conversion - present, capturing none",False,False
17031801603,Cook County,IL,metro,1368,87159,True,ffiec_ratio,71.0,32.0,0.0,32.0,10160000.0,0.0,True,32.0,0.02339,0.4507,71.0,siting - outside the footprint,False,False
17195000800,Whiteside County,IL,micro,760,96938,False,ffiec_ratio,46.0,32.0,0.0,32.0,3320000.0,0.0,True,32.0,0.04211,0.69565,46.0,siting - outside the footprint,False,False
55001950203,Adams County,WI,rural,510,66827,True,ffiec_ratio,62.0,33.0,1.0,32.0,4255000.0,3.03,True,32.0,0.06275,0.51613,60.12,siting - outside the footprint,False,False
17031390600,Cook County,IL,metro,893,220455,False,ffiec_ratio,50.0,32.0,0.0,32.0,19680000.0,0.0,False,32.0,0.03583,0.64,50.0,"conversion - present, capturing none",False,False
17103000800,Lee County,IL,micro,1402,78750,False,ffiec_ratio,70.0,32.0,0.0,32.0,4540000.0,0.0,True,32.0,0.02282,0.45714,70.0,siting - outside the footprint,False,False
17057953700,Fulton County,IL,micro,994,98333,False,ffiec_ratio,55.0,32.0,0.0,32.0,4690000.0,0.0,True,32.0,0.03219,0.58182,55.0,siting - outside the footprint,False,False
17051950900,Fayette County,IL,rural,735,63566,False,ffiec_ratio,49.0,32.0,0.0,32.0,2660000.0,0.0,True,32.0,0.04354,0.65306,49.0,siting - outside the footprint,False,False
17043840000,DuPage County,IL,metro,955,98942,False,ffiec_ratio,55.0,32.0,0.0,32.0,8520000.0,0.0,True,32.0,0.03351,0.58182,55.0,siting - outside the footprint,False,False
17031430400,Cook County,IL,metro,1395,58954,True,ffiec_ratio,64.0,32.0,0.0,32.0,7130000.0,0.0,False,32.0,0.02294,0.5,64.0,"conversion - present, capturing none",False,False
17031390300,Cook County,IL,metro,1440,70273,True,ffiec_ratio,54.0,32.0,0.0,32.0,13370000.0,0.0,False,32.0,0.02222,0.59259,54.0,"conversion - present, capturing none",False,False
55009001200,Brown County,WI,metro,932,39872,True,ffiec_ratio,49.0,33.0,2.0,31.0,4575000.0,6.061,False,31.0,0.03326,0.63265,46.03,"conversion - present, under-capturing",False,False
17097863201,Lake County,IL,metro,941,98214,True,ffiec_ratio,79.0,31.0,0.0,31.0,5765000.0,0.0,True,31.0,0.03294,0.39241,79.0,siting - outside the footprint,False,False
17031530502,Cook County,IL,metro,554,84327,True,ffiec_ratio,69.0,32.0,1.0,31.0,5020000.0,3.125,True,31.0,0.05596,0.44928,66.84,siting - outside the footprint,False,False
55079185800,Milwaukee County,WI,metro,491,66818,True,ffiec_ratio,60.0,31.0,0.0,31.0,3205000.0,0.0,False,31.0,0.06314,0.51667,60.0,"conversion - present, capturing none",False,False
17031840000,Cook County,IL,metro,1019,101683,False,ffiec_ratio,60.0,32.0,1.0,31.0,13590000.0,3.125,False,31.0,0.03042,0.51667,58.13,"conversion - present, under-capturing",False,False
17031570300,Cook County,IL,metro,1821,84779,True,ffiec_ratio,71.0,31.0,0.0,31.0,6435000.0,0.0,True,31.0,0.01702,0.43662,71.0,siting - outside the footprint,False,False
55025001706,Dane County,WI,metro,2096,250001,True,ffiec_ratio,40.0,32.0,1.0,31.0,35250000.0,3.125,False,31.0,0.01479,0.775,38.75,"conversion - present, under-capturing",False,False
55095960303,Polk County,WI,rural,542,108125,False,ffiec_ratio,48.0,33.0,2.0,31.0,9675000.0,6.061,True,31.0,0.0572,0.64583,45.09,siting - outside the footprint,False,False
17109010900,McDonough County,IL,micro,1233,51908,False,ffiec_ratio,49.0,31.0,0.0,31.0,2325000.0,0.0,True,31.0,0.02514,0.63265,49.0,siting - outside the footprint,False,False
17031822900,Cook County,IL,metro,803,85078,False,ffiec_ratio,51.0,31.0,0.0,31.0,6675000.0,0.0,True,31.0,0.03861,0.60784,51.0,siting - outside the footprint,False,False
17031240700,Cook County,IL,metro,744,218281,False,ffiec_ratio,58.0,31.0,0.0,31.0,15865000.0,0.0,True,31.0,0.04167,0.53448,58.0,siting - outside the footprint,False,False
17031210601,Cook County,IL,metro,1082,112727,False,ffiec_ratio,52.0,31.0,0.0,31.0,15285000.0,0.0,True,31.0,0.02865,0.59615,52.0,siting - outside the footprint,False,False
17043840703,DuPage County,IL,metro,1704,78531,False,ffiec_ratio,47.0,31.0,0.0,31.0,7925000.0,0.0,True,31.0,0.01819,0.65957,47.0,siting - outside the footprint,False,False
55079007400,Milwaukee County,WI,metro,532,152604,False,ffiec_ratio,39.0,31.0,0.0,31.0,12995000.0,0.0,False,31.0,0.05827,0.79487,39.0,"conversion - present, capturing none",False,False
17031600700,Cook County,IL,metro,1278,,True,ffiec_ratio,64.0,31.0,0.0,31.0,12115000.0,0.0,False,31.0,0.02426,0.48438,64.0,"conversion - present, capturing none",False,True
17031560700,Cook County,IL,metro,1335,101500,False,ffiec_ratio,85.0,31.0,0.0,31.0,7635000.0,0.0,True,31.0,0.02322,0.36471,85.0,siting - outside the footprint,False,False
17075950500,Iroquois County,IL,rural,1696,82056,False,ffiec_ratio,72.0,31.0,0.0,31.0,4225000.0,0.0,True,31.0,0.01828,0.43056,72.0,siting - outside the footprint,False,False
55079006300,Milwaukee County,WI,metro,554,48365,True,ffiec_ratio,67.0,31.0,0.0,31.0,3055000.0,0.0,False,31.0,0.05596,0.46269,67.0,"conversion - present, capturing none",False,False
55079018700,Milwaukee County,WI,metro,1070,56339,True,ffiec_ratio,80.0,31.0,0.0,31.0,12625000.0,0.0,False,31.0,0.02897,0.3875,80.0,"conversion - present, capturing none",False,False
17031816700,Cook County,IL,metro,974,71850,True,ffiec_ratio,49.0,31.0,0.0,31.0,7455000.0,0.0,True,31.0,0.03183,0.63265,49.0,siting - outside the footprint,False,False
17097862300,Lake County,IL,metro,1043,59183,True,ffiec_ratio,57.0,31.0,0.0,31.0,4505000.0,0.0,True,31.0,0.02972,0.54386,57.0,siting - outside the footprint,False,False
17079977500,Jasper County,IL,rural,1474,109911,False,ffiec_ratio,57.0,31.0,0.0,31.0,5545000.0,0.0,True,31.0,0.02103,0.54386,57.0,siting - outside the footprint,False,False
17091011500,Kankakee County,IL,metro,767,55833,True,ffiec_ratio,76.0,31.0,0.0,31.0,3425000.0,0.0,True,31.0,0.04042,0.40789,76.0,siting - outside the footprint,False,False
17031200100,Cook County,IL,metro,1310,103846,False,ffiec_ratio,66.0,31.0,0.0,31.0,9275000.0,0.0,False,31.0,0.02366,0.4697,66.0,"conversion - present, capturing none",False,False
17031191301,Cook County,IL,metro,1505,79738,False,ffiec_ratio,73.0,31.0,0.0,31.0,8475000.0,0.0,True,31.0,0.0206,0.42466,73.0,siting - outside the footprint,False,False
17001000500,Adams County,IL,micro,848,43523,True,ffiec_ratio,45.0,31.0,0.0,31.0,3185000.0,0.0,True,31.0,0.03656,0.68889,45.0,siting - outside the footprint,False,False
17019011001,Champaign County,IL,metro,1222,115938,True,ffiec_ratio,52.0,31.0,0.0,31.0,9965000.0,0.0,True,31.0,0.02537,0.59615,52.0,siting - outside the footprint,False,False
55139000501,Winnebago County,WI,metro,1498,60804,True,ffiec_ratio,49.0,31.0,0.0,31.0,12685000.0,0.0,False,31.0,0.02069,0.63265,49.0,"conversion - present, capturing none",False,False
17077010100,Jackson County,IL,micro,1129,90727,False,ffiec_ratio,65.0,31.0,0.0,31.0,4095000.0,0.0,True,31.0,0.02746,0.47692,65.0,siting - outside the footprint,False,False
17113000106,McLean County,IL,metro,1464,112742,False,ffiec_ratio,41.0,31.0,0.0,31.0,6345000.0,0.0,True,31.0,0.02117,0.7561,41.0,siting - outside the footprint,False,False
17197883903,Will County,IL,metro,643,130430,False,ffiec_ratio,46.0,31.0,0.0,31.0,9375000.0,0.0,True,31.0,0.04821,0.67391,46.0,siting - outside the footprint,False,False
17089853602,Kane County,IL,metro,1167,73452,True,ffiec_ratio,64.0,31.0,0.0,31.0,5005000.0,0.0,True,31.0,0.02656,0.48438,64.0,siting - outside the footprint,False,False
17031620400,Cook County,IL,metro,1320,61563,True,ffiec_ratio,65.0,31.0,0.0,31.0,5935000.0,0.0,True,31.0,0.02348,0.47692,65.0,siting - outside the footprint,False,False
55117010100,Sheboygan County,WI,metro,567,106250,False,ffiec_ratio,47.0,33.0,2.0,31.0,6765000.0,6.061,False,31.0,0.05467,0.65957,44.15,"conversion - present, under-capturing",False,False
17029001100,Coles County,IL,micro,1619,49087,True,ffiec_ratio,67.0,31.0,0.0,31.0,4115000.0,0.0,True,31.0,0.01915,0.46269,67.0,siting - outside the footprint,False,False
17031063303,Cook County,IL,metro,938,196250,False,ffiec_ratio,50.0,31.0,0.0,31.0,10875000.0,0.0,True,31.0,0.03305,0.62,50.0,siting - outside the footprint,False,False
17089853601,Kane County,IL,metro,815,86136,True,ffiec_ratio,51.0,31.0,0.0,31.0,9275000.0,0.0,False,31.0,0.03804,0.60784,51.0,"conversion - present, capturing none",False,False
17033880600,Crawford County,IL,rural,1262,104231,False,ffiec_ratio,74.0,31.0,0.0,31.0,4755000.0,0.0,True,31.0,0.02456,0.41892,74.0,siting - outside the footprint,False,False
17137951500,Morgan County,IL,micro,1003,115165,False,ffiec_ratio,47.0,31.0,0.0,31.0,4105000.0,0.0,True,31.0,0.03091,0.65957,47.0,siting - outside the footprint,False,False
17031380600,Cook County,IL,metro,2136,95237,True,ffiec_ratio,97.0,31.0,1.0,30.0,18155000.0,3.226,False,30.0,0.01404,0.30928,93.87,"conversion - present, under-capturing",False,False
17031630800,Cook County,IL,metro,1825,98622,True,ffiec_ratio,74.0,30.0,0.0,30.0,5540000.0,0.0,True,30.0,0.01644,0.40541,74.0,siting - outside the footprint,False,False
17031837300,Cook County,IL,metro,953,37217,True,ffiec_ratio,74.0,32.0,2.0,30.0,7870000.0,6.25,False,30.0,0.03148,0.40541,69.38,"conversion - present, under-capturing",False,False
17135957800,Montgomery County,IL,rural,1594,86890,False,ffiec_ratio,57.0,31.0,1.0,30.0,3115000.0,3.226,True,30.0,0.01882,0.52632,55.16,siting - outside the footprint,False,False
55079001800,Milwaukee County,WI,metro,1203,42009,True,ffiec_ratio,67.0,31.0,1.0,30.0,6335000.0,3.226,False,30.0,0.02494,0.44776,64.84,"conversion - present, under-capturing",False,False
55079007600,Milwaukee County,WI,metro,1666,131477,False,ffiec_ratio,49.0,33.0,3.0,30.0,22755000.0,9.091,False,30.0,0.01801,0.61224,44.55,"conversion - present, under-capturing",False,False
55009001100,Brown County,WI,metro,757,79130,True,ffiec_ratio,56.0,35.0,5.0,30.0,6275000.0,14.286,False,30.0,0.03963,0.53571,48.0,"conversion - present, under-capturing",False,False
55079016000,Milwaukee County,WI,metro,980,44031,True,ffiec_ratio,58.0,30.0,0.0,30.0,3440000.0,0.0,False,30.0,0.03061,0.51724,58.0,"conversion - present, capturing none",False,False
55079009600,Milwaukee County,WI,metro,498,80069,True,ffiec_ratio,58.0,31.0,1.0,30.0,3895000.0,3.226,False,30.0,0.06024,0.51724,56.13,"conversion - present, under-capturing",False,False
17031431301,Cook County,IL,metro,1487,45379,True,ffiec_ratio,93.0,30.0,0.0,30.0,10730000.0,0.0,True,30.0,0.02017,0.32258,93.0,siting - outside the footprint,False,False
17201001300,Winnebago County,IL,metro,921,24397,True,ffiec_ratio,57.0,30.0,0.0,30.0,3400000.0,0.0,False,30.0,0.03257,0.52632,57.0,"conversion - present, capturing none",False,False
17031431302,Cook County,IL,metro,1701,,True,ffiec_ratio,71.0,30.0,0.0,30.0,17430000.0,0.0,True,30.0,0.01764,0.42254,71.0,siting - outside the footprint,False,True
17011964900,Bureau County,IL,micro,1196,69540,False,ffiec_ratio,38.0,30.0,0.0,30.0,4540000.0,0.0,True,30.0,0.02508,0.78947,38.0,siting - outside the footprint,False,False
17031831400,Cook County,IL,metro,1138,52132,True,ffiec_ratio,60.0,30.0,0.0,30.0,9730000.0,0.0,True,30.0,0.02636,0.5,60.0,siting - outside the footprint,False,False
17031803612,Cook County,IL,metro,1356,74182,True,ffiec_ratio,49.0,30.0,0.0,30.0,9700000.0,0.0,True,30.0,0.02212,0.61224,49.0,siting - outside the footprint,False,False
17031681000,Cook County,IL,metro,1134,58292,True,ffiec_ratio,88.0,30.0,0.0,30.0,7850000.0,0.0,False,30.0,0.02646,0.34091,88.0,"conversion - present, capturing none",False,False
17031190702,Cook County,IL,metro,1482,62263,True,ffiec_ratio,67.0,30.0,0.0,30.0,10620000.0,0.0,False,30.0,0.02024,0.44776,67.0,"conversion - present, capturing none",False,False
17031843900,Cook County,IL,metro,2124,60966,False,ffiec_ratio,100.0,30.0,0.0,30.0,25360000.0,0.0,False,30.0,0.01412,0.3,100.0,"conversion - present, capturing none",False,False
17057953900,Fulton County,IL,micro,1129,67458,True,ffiec_ratio,45.0,30.0,0.0,30.0,2750000.0,0.0,True,30.0,0.02657,0.66667,45.0,siting - outside the footprint,False,False
17031240800,Cook County,IL,metro,728,150500,False,ffiec_ratio,56.0,30.0,0.0,30.0,17290000.0,0.0,True,30.0,0.04121,0.53571,56.0,siting - outside the footprint,False,False
17027900401,Clinton County,IL,metro,573,95250,False,ffiec_ratio,44.0,30.0,0.0,30.0,5030000.0,0.0,True,30.0,0.05236,0.68182,44.0,siting - outside the footprint,False,False
17031030104,Cook County,IL,metro,1101,81744,False,ffiec_ratio,80.0,30.0,0.0,30.0,3490000.0,0.0,False,30.0,0.02725,0.375,80.0,"conversion - present, capturing none",False,False
17185957300,Wabash County,IL,rural,1278,81578,False,ffiec_ratio,66.0,30.0,0.0,30.0,4870000.0,0.0,True,30.0,0.02347,0.45455,66.0,siting - outside the footprint,False,False
17031210400,Cook County,IL,metro,1071,72098,True,ffiec_ratio,49.0,30.0,0.0,30.0,12740000.0,0.0,False,30.0,0.02801,0.61224,49.0,"conversion - present, capturing none",False,False
17079977300,Jasper County,IL,rural,1047,104038,False,ffiec_ratio,45.0,30.0,0.0,30.0,5860000.0,0.0,True,30.0,0.02865,0.66667,45.0,siting - outside the footprint,False,False
55079017100,Milwaukee County,WI,metro,791,64622,True,ffiec_ratio,70.0,31.0,1.0,30.0,4145000.0,3.226,False,30.0,0.03793,0.42857,67.74,"conversion - present, under-capturing",False,False
17031811701,Cook County,IL,metro,1039,100250,True,ffiec_ratio,76.0,30.0,0.0,30.0,12530000.0,0.0,True,30.0,0.02887,0.39474,76.0,siting - outside the footprint,False,False
17031820604,Cook County,IL,metro,1370,60368,True,ffiec_ratio,48.0,30.0,0.0,30.0,6130000.0,0.0,True,30.0,0.0219,0.625,48.0,siting - outside the footprint,False,False
17197880117,Will County,IL,metro,1645,105833,True,ffiec_ratio,53.0,30.0,0.0,30.0,6640000.0,0.0,True,30.0,0.01824,0.56604,53.0,siting - outside the footprint,False,False
17031837000,Cook County,IL,metro,986,,True,ffiec_ratio,75.0,30.0,0.0,30.0,9660000.0,0.0,False,30.0,0.03043,0.4,75.0,"conversion - present, capturing none",False,True
17151971200,Pope County,IL,rural,725,92344,False,ffiec_ratio,50.0,30.0,0.0,30.0,4710000.0,0.0,True,30.0,0.04138,0.6,50.0,siting - outside the footprint,False,False
17029000701,Coles County,IL,micro,1256,115040,False,ffiec_ratio,39.0,30.0,0.0,30.0,4180000.0,0.0,True,30.0,0.02389,0.76923,39.0,siting - outside the footprint,False,False
17199021001,Williamson County,IL,micro,1292,105061,True,ffiec_ratio,48.0,30.0,0.0,30.0,4790000.0,0.0,True,30.0,0.02322,0.625,48.0,siting - outside the footprint,False,False
17073030800,Henry County,IL,metro,1394,41835,True,ffiec_ratio,60.0,30.0,0.0,30.0,2520000.0,0.0,True,30.0,0.02152,0.5,60.0,siting - outside the footprint,False,False
55079013400,Milwaukee County,WI,metro,969,50313,True,ffiec_ratio,60.0,30.0,0.0,30.0,13560000.0,0.0,False,30.0,0.03096,0.5,60.0,"conversion - present, capturing none",False,False
17031824400,Cook County,IL,metro,721,75069,True,ffiec_ratio,60.0,30.0,0.0,30.0,7020000.0,0.0,True,30.0,0.04161,0.5,60.0,siting - outside the footprint,False,False
17031671500,Cook County,IL,metro,806,71377,True,ffiec_ratio,69.0,30.0,0.0,30.0,5770000.0,0.0,True,30.0,0.03722,0.43478,69.0,siting - outside the footprint,False,False
17031813600,Cook County,IL,metro,1626,74348,True,ffiec_ratio,55.0,30.0,0.0,30.0,6810000.0,0.0,True,30.0,0.01845,0.54545,55.0,siting - outside the footprint,False,False
55037190101,Florence County,WI,micro,564,65286,True,ffiec_ratio,44.0,30.0,1.0,29.0,3960000.0,3.333,True,29.0,0.05142,0.65909,42.53,siting - outside the footprint,False,False
55055101701,Jefferson County,WI,micro,520,104904,False,ffiec_ratio,44.0,30.0,1.0,29.0,7050000.0,3.333,False,29.0,0.05577,0.65909,42.53,"conversion - present, under-capturing",False,False
17031251400,Cook County,IL,metro,2063,77351,True,ffiec_ratio,68.0,29.0,0.0,29.0,8215000.0,0.0,True,29.0,0.01406,0.42647,68.0,siting - outside the footprint,False,False
55079007300,Milwaukee County,WI,metro,885,117083,False,ffiec_ratio,49.0,31.0,2.0,29.0,7395000.0,6.452,False,29.0,0.03277,0.59184,45.84,"conversion - present, under-capturing",False,False
17097862501,Lake County,IL,metro,1222,66764,True,ffiec_ratio,51.0,30.0,1.0,29.0,4560000.0,3.333,False,29.0,0.02373,0.56863,49.3,"conversion - present, under-capturing",False,False
17031191302,Cook County,IL,metro,1065,62241,True,ffiec_ratio,62.0,29.0,0.0,29.0,9425000.0,0.0,True,29.0,0.02723,0.46774,62.0,siting - outside the footprint,False,False
17187870200,Warren County,IL,rural,1035,83313,False,ffiec_ratio,50.0,29.0,0.0,29.0,4135000.0,0.0,True,29.0,0.02802,0.58,50.0,siting - outside the footprint,False,False
17031310900,Cook County,IL,metro,1926,72014,True,ffiec_ratio,57.0,29.0,0.0,29.0,12425000.0,0.0,False,29.0,0.01506,0.50877,57.0,"conversion - present, capturing none",False,False
55079016300,Milwaukee County,WI,metro,1465,45155,True,ffiec_ratio,58.0,29.0,0.0,29.0,4615000.0,0.0,False,29.0,0.0198,0.5,58.0,"conversion - present, capturing none",False,False
17031829402,Cook County,IL,metro,1362,58750,True,ffiec_ratio,57.0,29.0,0.0,29.0,2995000.0,0.0,True,29.0,0.02129,0.50877,57.0,siting - outside the footprint,False,False
17031242700,Cook County,IL,metro,801,63750,False,ffiec_ratio,56.0,29.0,0.0,29.0,15035000.0,0.0,False,29.0,0.0362,0.51786,56.0,"conversion - present, capturing none",False,False
17057953000,Fulton County,IL,micro,848,80972,False,ffiec_ratio,42.0,29.0,0.0,29.0,3215000.0,0.0,True,29.0,0.0342,0.69048,42.0,siting - outside the footprint,False,False
17031031800,Cook County,IL,metro,951,126250,False,ffiec_ratio,43.0,29.0,0.0,29.0,27485000.0,0.0,True,29.0,0.03049,0.67442,43.0,siting - outside the footprint,False,False
17031809800,Cook County,IL,metro,1045,159688,False,ffiec_ratio,45.0,29.0,0.0,29.0,12605000.0,0.0,False,29.0,0.02775,0.64444,45.0,"conversion - present, capturing none",False,False
17181950500,Union County,IL,rural,1286,85100,False,ffiec_ratio,60.0,29.0,0.0,29.0,3905000.0,0.0,True,29.0,0.02255,0.48333,60.0,siting - outside the footprint,False,False
55009000800,Brown County,WI,metro,721,65673,True,ffiec_ratio,46.0,32.0,3.0,29.0,4620000.0,9.375,False,29.0,0.04022,0.63043,41.69,"conversion - present, under-capturing",False,False
55055101202,Jefferson County,WI,micro,603,128229,False,ffiec_ratio,42.0,29.0,0.0,29.0,6255000.0,0.0,False,29.0,0.04809,0.69048,42.0,"conversion - present, capturing none",False,False
17031161000,Cook County,IL,metro,894,162321,False,ffiec_ratio,44.0,29.0,0.0,29.0,16135000.0,0.0,False,29.0,0.03244,0.65909,44.0,"conversion - present, capturing none",False,False
17031841000,Cook County,IL,metro,710,133281,False,ffiec_ratio,49.0,29.0,0.0,29.0,7245000.0,0.0,False,29.0,0.04085,0.59184,49.0,"conversion - present, capturing none",False,False
17001010400,Adams County,IL,micro,1281,110042,False,ffiec_ratio,53.0,29.0,0.0,29.0,5495000.0,0.0,True,29.0,0.02264,0.54717,53.0,siting - outside the footprint,False,False
17031817300,Cook County,IL,metro,779,84150,True,ffiec_ratio,85.0,29.0,0.0,29.0,7525000.0,0.0,True,29.0,0.03723,0.34118,85.0,siting - outside the footprint,False,False
17165955600,Saline County,IL,rural,985,105451,False,ffiec_ratio,48.0,29.0,0.0,29.0,4895000.0,0.0,True,29.0,0.02944,0.60417,48.0,siting - outside the footprint,False,False
17031220902,Cook County,IL,metro,1047,81442,True,ffiec_ratio,56.0,29.0,0.0,29.0,12515000.0,0.0,True,29.0,0.0277,0.51786,56.0,siting - outside the footprint,False,False
17031817400,Cook County,IL,metro,968,102255,True,ffiec_ratio,66.0,30.0,1.0,29.0,6130000.0,3.333,True,29.0,0.02996,0.43939,63.8,siting - outside the footprint,False,False
17099962700,LaSalle County,IL,micro,1097,60303,True,ffiec_ratio,51.0,29.0,0.0,29.0,3975000.0,0.0,True,29.0,0.02644,0.56863,51.0,siting - outside the footprint,False,False
17031242800,Cook County,IL,metro,708,219563,False,ffiec_ratio,54.0,29.0,0.0,29.0,15655000.0,0.0,False,29.0,0.04096,0.53704,54.0,"conversion - present, capturing none",False,False
17017960100,Cass County,IL,rural,834,81638,False,ffiec_ratio,41.0,29.0,0.0,29.0,3235000.0,0.0,True,29.0,0.03477,0.70732,41.0,siting - outside the footprint,False,False
17161024500,Rock Island County,IL,metro,749,55806,True,ffiec_ratio,42.0,29.0,0.0,29.0,2585000.0,0.0,True,29.0,0.03872,0.69048,42.0,siting - outside the footprint,False,False
17197881604,Will County,IL,metro,1231,81932,True,ffiec_ratio,45.0,29.0,0.0,29.0,5515000.0,0.0,True,29.0,0.02356,0.64444,45.0,siting - outside the footprint,False,False
17053961600,Ford County,IL,metro,795,91000,True,ffiec_ratio,44.0,29.0,0.0,29.0,2495000.0,0.0,True,29.0,0.03648,0.65909,44.0,siting - outside the footprint,False,False
17031020602,Cook County,IL,metro,1637,,True,ffiec_ratio,61.0,28.0,0.0,28.0,11310000.0,0.0,False,28.0,0.0171,0.45902,61.0,"conversion - present, capturing none",False,True
17031491400,Cook County,IL,metro,1072,38971,True,ffiec_ratio,73.0,29.0,1.0,28.0,7085000.0,3.448,True,28.0,0.02612,0.38356,70.48,siting - outside the footprint,False,False
55079006500,Milwaukee County,WI,metro,717,40046,True,ffiec_ratio,67.0,29.0,1.0,28.0,2975000.0,3.448,False,28.0,0.03905,0.41791,64.69,"conversion - present, under-capturing",False,False
55079000400,Milwaukee County,WI,metro,1303,50690,True,ffiec_ratio,55.0,28.0,0.0,28.0,28470000.0,0.0,False,28.0,0.02149,0.50909,55.0,"conversion - present, capturing none",False,False
17031283200,Cook County,IL,metro,824,67072,False,ffiec_ratio,46.0,28.0,0.0,28.0,9040000.0,0.0,False,28.0,0.03398,0.6087,46.0,"conversion - present, capturing none",False,False
17035972400,Cumberland County,IL,micro,1312,78854,False,ffiec_ratio,48.0,28.0,0.0,28.0,2990000.0,0.0,True,28.0,0.02134,0.58333,48.0,siting - outside the footprint,False,False
17121952700,Marion County,IL,micro,1315,40000,True,ffiec_ratio,66.0,28.0,0.0,28.0,2840000.0,0.0,True,28.0,0.02129,0.42424,66.0,siting - outside the footprint,False,False
17043840911,DuPage County,IL,metro,839,119702,False,ffiec_ratio,86.0,28.0,0.0,28.0,6920000.0,0.0,True,28.0,0.03337,0.32558,86.0,siting - outside the footprint,False,False
17031222500,Cook County,IL,metro,554,165750,False,ffiec_ratio,43.0,28.0,0.0,28.0,13360000.0,0.0,True,28.0,0.05054,0.65116,43.0,siting - outside the footprint,False,False
17031806501,Cook County,IL,metro,744,104091,True,ffiec_ratio,62.0,28.0,0.0,28.0,5970000.0,0.0,True,28.0,0.03763,0.45161,62.0,siting - outside the footprint,False,False
17031837400,Cook County,IL,metro,784,40320,True,ffiec_ratio,75.0,28.0,0.0,28.0,9870000.0,0.0,False,28.0,0.03571,0.37333,75.0,"conversion - present, capturing none",False,False
17017960300,Cass County,IL,rural,1213,81750,False,ffiec_ratio,43.0,28.0,0.0,28.0,4110000.0,0.0,True,28.0,0.02308,0.65116,43.0,siting - outside the footprint,False,False
55111000104,Sauk County,WI,micro,665,77143,True,ffiec_ratio,52.0,28.0,0.0,28.0,6090000.0,0.0,False,28.0,0.04211,0.53846,52.0,"conversion - present, capturing none",False,False
17031060200,Cook County,IL,metro,1187,203750,False,ffiec_ratio,43.0,28.0,0.0,28.0,23800000.0,0.0,True,28.0,0.02359,0.65116,43.0,siting - outside the footprint,False,False
17031130200,Cook County,IL,metro,705,108000,False,ffiec_ratio,47.0,28.0,0.0,28.0,9550000.0,0.0,False,28.0,0.03972,0.59574,47.0,"conversion - present, capturing none",False,False
17195001300,Whiteside County,IL,micro,1155,97717,False,ffiec_ratio,61.0,28.0,0.0,28.0,2920000.0,0.0,True,28.0,0.02424,0.45902,61.0,siting - outside the footprint,False,False
55079006400,Milwaukee County,WI,metro,575,60027,True,ffiec_ratio,61.0,28.0,0.0,28.0,2410000.0,0.0,False,28.0,0.0487,0.45902,61.0,"conversion - present, capturing none",False,False
17127970400,Massac County,IL,metro,1027,63750,True,ffiec_ratio,48.0,28.0,0.0,28.0,2270000.0,0.0,True,28.0,0.02726,0.58333,48.0,siting - outside the footprint,False,False
17031660500,Cook County,IL,metro,1517,75195,True,ffiec_ratio,76.0,29.0,1.0,28.0,5445000.0,3.448,True,28.0,0.01846,0.36842,73.38,siting - outside the footprint,False,False
17031660700,Cook County,IL,metro,633,35943,True,ffiec_ratio,46.0,28.0,0.0,28.0,4780000.0,0.0,True,28.0,0.04423,0.6087,46.0,siting - outside the footprint,False,False
17137951400,Morgan County,IL,micro,1015,70573,False,ffiec_ratio,53.0,28.0,0.0,28.0,2880000.0,0.0,True,28.0,0.02759,0.5283,53.0,siting - outside the footprint,False,False
17029000702,Coles County,IL,micro,1689,52257,True,ffiec_ratio,48.0,28.0,0.0,28.0,4120000.0,0.0,True,28.0,0.01658,0.58333,48.0,siting - outside the footprint,False,False
17031841200,Cook County,IL,metro,1842,81641,True,ffiec_ratio,67.0,28.0,0.0,28.0,16980000.0,0.0,False,28.0,0.0152,0.41791,67.0,"conversion - present, capturing none",False,False
55079016200,Milwaukee County,WI,metro,1254,71319,True,ffiec_ratio,51.0,28.0,0.0,28.0,3960000.0,0.0,False,28.0,0.02233,0.54902,51.0,"conversion - present, capturing none",False,False
17031833300,Cook County,IL,metro,1412,208765,False,ffiec_ratio,50.0,28.0,0.0,28.0,14350000.0,0.0,False,28.0,0.01983,0.56,50.0,"conversion - present, capturing none",False,False
17143001600,Peoria County,IL,metro,1656,29332,True,ffiec_ratio,59.0,28.0,0.0,28.0,6790000.0,0.0,True,28.0,0.01691,0.47458,59.0,siting - outside the footprint,False,False
17031815800,Cook County,IL,metro,733,120833,False,ffiec_ratio,50.0,28.0,0.0,28.0,8600000.0,0.0,True,28.0,0.0382,0.56,50.0,siting - outside the footprint,False,False
17031410700,Cook County,IL,metro,1253,165294,False,ffiec_ratio,40.0,28.0,0.0,28.0,12290000.0,0.0,False,28.0,0.02235,0.7,40.0,"conversion - present, capturing none",False,False
55051180100,Iron County,WI,rural,1261,77147,True,ffiec_ratio,56.0,34.0,6.0,28.0,4070000.0,17.647,False,28.0,0.0222,0.5,46.12,"conversion - present, under-capturing",False,False
17031310800,Cook County,IL,metro,1824,93067,True,ffiec_ratio,45.0,28.0,0.0,28.0,13300000.0,0.0,False,28.0,0.01535,0.62222,45.0,"conversion - present, capturing none",False,False
17191955000,Wayne County,IL,rural,1717,69821,False,ffiec_ratio,62.0,28.0,0.0,28.0,5020000.0,0.0,True,28.0,0.01631,0.45161,62.0,siting - outside the footprint,False,False
17031841500,Cook County,IL,metro,889,35746,True,ffiec_ratio,47.0,28.0,0.0,28.0,9010000.0,0.0,True,28.0,0.0315,0.59574,47.0,siting - outside the footprint,False,False
17101881000,Lawrence County,IL,rural,725,60833,False,ffiec_ratio,39.0,28.0,0.0,28.0,3260000.0,0.0,True,28.0,0.03862,0.71795,39.0,siting - outside the footprint,False,False
17031460301,Cook County,IL,metro,1234,81270,True,ffiec_ratio,81.0,28.0,1.0,27.0,5760000.0,3.571,True,27.0,0.02188,0.33333,78.11,siting - outside the footprint,False,False
17031390400,Cook County,IL,metro,1477,104457,True,ffiec_ratio,58.0,27.0,0.0,27.0,11015000.0,0.0,False,27.0,0.01828,0.46552,58.0,"conversion - present, capturing none",False,False
17031842800,Cook County,IL,metro,2280,66651,True,ffiec_ratio,77.0,28.0,1.0,27.0,6580000.0,3.571,True,27.0,0.01184,0.35065,74.25,siting - outside the footprint,False,False
17197883808,Will County,IL,metro,553,120446,False,ffiec_ratio,47.0,27.0,0.0,27.0,7145000.0,0.0,True,27.0,0.04882,0.57447,47.0,siting - outside the footprint,False,False
17201003707,Winnebago County,IL,metro,2029,97905,False,ffiec_ratio,51.0,28.0,1.0,27.0,5350000.0,3.571,True,27.0,0.01331,0.52941,49.18,siting - outside the footprint,False,False
55079016900,Milwaukee County,WI,metro,1123,48188,True,ffiec_ratio,53.0,28.0,1.0,27.0,3880000.0,3.571,False,27.0,0.02404,0.50943,51.11,"conversion - present, under-capturing",False,False
55079187000,Milwaukee County,WI,metro,2348,,False,ffiec_ratio,51.0,29.0,2.0,27.0,17825000.0,6.897,False,27.0,0.0115,0.52941,47.48,"conversion - present, under-capturing",False,True
17031240300,Cook County,IL,metro,613,216406,False,ffiec_ratio,44.0,28.0,1.0,27.0,25740000.0,3.571,False,27.0,0.04405,0.61364,42.43,"conversion - present, under-capturing",False,False
17031310200,Cook County,IL,metro,798,146824,False,ffiec_ratio,44.0,27.0,0.0,27.0,16005000.0,0.0,False,27.0,0.03383,0.61364,44.0,"conversion - present, capturing none",False,False
17031802610,Cook County,IL,metro,750,161375,False,ffiec_ratio,42.0,27.0,0.0,27.0,8375000.0,0.0,True,27.0,0.036,0.64286,42.0,siting - outside the footprint,False,False
17075950800,Iroquois County,IL,rural,966,90357,False,ffiec_ratio,56.0,27.0,0.0,27.0,3535000.0,0.0,True,27.0,0.02795,0.48214,56.0,siting - outside the footprint,False,False
17075950900,Iroquois County,IL,rural,947,77019,False,ffiec_ratio,53.0,27.0,0.0,27.0,4715000.0,0.0,True,27.0,0.02851,0.50943,53.0,siting - outside the footprint,False,False
17043840801,DuPage County,IL,metro,961,90375,True,ffiec_ratio,51.0,27.0,0.0,27.0,6325000.0,0.0,True,27.0,0.0281,0.52941,51.0,siting - outside the footprint,False,False
17031282800,Cook County,IL,metro,666,,False,ffiec_ratio,46.0,27.0,0.0,27.0,20235000.0,0.0,False,27.0,0.04054,0.58696,46.0,"conversion - present, capturing none",False,True
17159978100,Richland County,IL,rural,1592,79095,False,ffiec_ratio,52.0,27.0,0.0,27.0,3785000.0,0.0,True,27.0,0.01696,0.51923,52.0,siting - outside the footprint,False,False
17031261000,Cook County,IL,metro,879,48949,True,ffiec_ratio,69.0,27.0,0.0,27.0,6915000.0,0.0,True,27.0,0.03072,0.3913,69.0,siting - outside the footprint,False,False
17115002700,Macon County,IL,metro,913,80114,False,ffiec_ratio,47.0,27.0,0.0,27.0,4345000.0,0.0,True,27.0,0.02957,0.57447,47.0,siting - outside the footprint,False,False
17031560200,Cook County,IL,metro,508,58553,True,ffiec_ratio,74.0,27.0,0.0,27.0,4765000.0,0.0,True,27.0,0.05315,0.36486,74.0,siting - outside the footprint,False,False
17031838800,Cook County,IL,metro,1041,29063,True,ffiec_ratio,58.0,27.0,0.0,27.0,3935000.0,0.0,True,27.0,0.02594,0.46552,58.0,siting - outside the footprint,False,False
17031431400,Cook County,IL,metro,3244,40880,True,ffiec_ratio,79.0,27.0,0.0,27.0,9365000.0,0.0,True,27.0,0.00832,0.34177,79.0,siting - outside the footprint,False,False
17031590600,Cook County,IL,metro,1445,96856,True,ffiec_ratio,59.0,27.0,0.0,27.0,7125000.0,0.0,True,27.0,0.01869,0.45763,59.0,siting - outside the footprint,False,False
17031440700,Cook County,IL,metro,607,97596,False,ffiec_ratio,63.0,27.0,0.0,27.0,4855000.0,0.0,True,27.0,0.04448,0.42857,63.0,siting - outside the footprint,False,False
17165956100,Saline County,IL,rural,1027,74125,True,ffiec_ratio,61.0,27.0,0.0,27.0,2425000.0,0.0,True,27.0,0.02629,0.44262,61.0,siting - outside the footprint,False,False
17031031502,Cook County,IL,metro,2533,77727,True,ffiec_ratio,51.0,27.0,0.0,27.0,7345000.0,0.0,True,27.0,0.01066,0.52941,51.0,siting - outside the footprint,False,False
17031292200,Cook County,IL,metro,975,90958,True,ffiec_ratio,61.0,27.0,0.0,27.0,8845000.0,0.0,True,27.0,0.02769,0.44262,61.0,siting - outside the footprint,False,False
17031230100,Cook County,IL,metro,645,100938,True,ffiec_ratio,50.0,27.0,0.0,27.0,13625000.0,0.0,True,27.0,0.04186,0.54,50.0,siting - outside the footprint,False,False
17031839600,Cook County,IL,metro,907,103107,True,ffiec_ratio,58.0,27.0,0.0,27.0,8185000.0,0.0,False,27.0,0.02977,0.46552,58.0,"conversion - present, capturing none",False,False
17031200200,Cook County,IL,metro,1665,75028,True,ffiec_ratio,44.0,27.0,0.0,27.0,9205000.0,0.0,True,27.0,0.01622,0.61364,44.0,siting - outside the footprint,False,False
17031610300,Cook County,IL,metro,2105,61528,True,ffiec_ratio,61.0,27.0,0.0,27.0,4185000.0,0.0,True,27.0,0.01283,0.44262,61.0,siting - outside the footprint,False,False
17031250800,Cook County,IL,metro,840,87255,True,ffiec_ratio,59.0,27.0,0.0,27.0,6485000.0,0.0,True,27.0,0.03214,0.45763,59.0,siting - outside the footprint,False,False
17193958300,White County,IL,rural,1084,78466,False,ffiec_ratio,53.0,27.0,0.0,27.0,5095000.0,0.0,True,27.0,0.02491,0.50943,53.0,siting - outside the footprint,False,False
17033880400,Crawford County,IL,rural,1177,73934,True,ffiec_ratio,55.0,27.0,0.0,27.0,2525000.0,0.0,True,27.0,0.02294,0.49091,55.0,siting - outside the footprint,False,False
17031030601,Cook County,IL,metro,1974,61632,True,ffiec_ratio,48.0,27.0,0.0,27.0,14565000.0,0.0,False,27.0,0.01368,0.5625,48.0,"conversion - present, capturing none",False,False
17011965000,Bureau County,IL,micro,1430,83625,False,ffiec_ratio,54.0,27.0,0.0,27.0,3115000.0,0.0,True,27.0,0.01888,0.5,54.0,siting - outside the footprint,False,False
17021958500,Christian County,IL,micro,927,59659,False,ffiec_ratio,43.0,27.0,0.0,27.0,2925000.0,0.0,True,27.0,0.02913,0.62791,43.0,siting - outside the footprint,False,False
17173959200,Shelby County,IL,rural,1218,104676,False,ffiec_ratio,44.0,27.0,0.0,27.0,4615000.0,0.0,True,27.0,0.02217,0.61364,44.0,siting - outside the footprint,False,False
17013951300,Calhoun County,IL,metro,703,125372,False,ffiec_ratio,46.0,27.0,0.0,27.0,3395000.0,0.0,True,27.0,0.03841,0.58696,46.0,siting - outside the footprint,False,False
17157950500,Randolph County,IL,rural,838,85353,False,ffiec_ratio,39.0,27.0,0.0,27.0,3855000.0,0.0,True,27.0,0.03222,0.69231,39.0,siting - outside the footprint,False,False
17031804405,Cook County,IL,metro,1078,82962,True,ffiec_ratio,56.0,27.0,0.0,27.0,6245000.0,0.0,False,27.0,0.02505,0.48214,56.0,"conversion - present, capturing none",False,False
55079017400,Milwaukee County,WI,metro,760,60952,True,ffiec_ratio,43.0,27.0,0.0,27.0,3795000.0,0.0,False,27.0,0.03553,0.62791,43.0,"conversion - present, capturing none",False,False
17109011000,McDonough County,IL,micro,979,80750,False,ffiec_ratio,43.0,27.0,0.0,27.0,2815000.0,0.0,True,27.0,0.02758,0.62791,43.0,siting - outside the footprint,False,False
17057953100,Fulton County,IL,micro,909,84667,False,ffiec_ratio,45.0,27.0,0.0,27.0,3395000.0,0.0,True,27.0,0.0297,0.6,45.0,siting - outside the footprint,False,False
55079015800,Milwaukee County,WI,metro,985,56831,True,ffiec_ratio,43.0,27.0,0.0,27.0,3425000.0,0.0,False,27.0,0.02741,0.62791,43.0,"conversion - present, capturing none",False,False
17001000201,Adams County,IL,micro,887,74306,False,ffiec_ratio,35.0,27.0,0.0,27.0,3625000.0,0.0,True,27.0,0.03044,0.77143,35.0,siting - outside the footprint,False,False
17031830001,Cook County,IL,metro,1236,76875,True,ffiec_ratio,109.0,27.0,0.0,27.0,2015000.0,0.0,True,27.0,0.02184,0.24771,109.0,siting - outside the footprint,False,False
17167002300,Sangamon County,IL,metro,858,30714,True,ffiec_ratio,37.0,27.0,0.0,27.0,1315000.0,0.0,True,27.0,0.03147,0.72973,37.0,siting - outside the footprint,False,False
55025002500,Dane County,WI,metro,1077,68162,True,ffiec_ratio,44.0,27.0,1.0,26.0,16785000.0,3.704,False,26.0,0.02414,0.59091,42.37,"conversion - present, under-capturing",False,False
17031580501,Cook County,IL,metro,1650,80729,True,ffiec_ratio,45.0,26.0,0.0,26.0,5480000.0,0.0,True,26.0,0.01576,0.57778,45.0,siting - outside the footprint,False,False
17031834600,Cook County,IL,metro,901,46935,True,ffiec_ratio,60.0,26.0,0.0,26.0,5640000.0,0.0,False,26.0,0.02886,0.43333,60.0,"conversion - present, capturing none",False,False
17021958900,Christian County,IL,micro,1061,63047,True,ffiec_ratio,40.0,26.0,0.0,26.0,2350000.0,0.0,True,26.0,0.02451,0.65,40.0,siting - outside the footprint,False,False
55079160102,Milwaukee County,WI,metro,1262,117109,False,ffiec_ratio,49.0,26.0,0.0,26.0,4760000.0,0.0,False,26.0,0.0206,0.53061,49.0,"conversion - present, capturing none",False,False
17201002700,Winnebago County,IL,metro,968,53763,True,ffiec_ratio,51.0,27.0,1.0,26.0,2845000.0,3.704,False,26.0,0.02686,0.5098,49.11,"conversion - present, under-capturing",False,False
55079001400,Milwaukee County,WI,metro,969,46724,True,ffiec_ratio,55.0,26.0,0.0,26.0,3490000.0,0.0,False,26.0,0.02683,0.47273,55.0,"conversion - present, capturing none",False,False
17031221000,Cook County,IL,metro,1103,90577,False,ffiec_ratio,58.0,26.0,0.0,26.0,15280000.0,0.0,True,26.0,0.02357,0.44828,58.0,siting - outside the footprint,False,False
17031600900,Cook County,IL,metro,1599,83869,True,ffiec_ratio,54.0,26.0,0.0,26.0,9690000.0,0.0,False,26.0,0.01626,0.48148,54.0,"conversion - present, capturing none",False,False
17097862901,Lake County,IL,metro,1033,72232,True,ffiec_ratio,54.0,27.0,1.0,26.0,4145000.0,3.704,True,26.0,0.02517,0.48148,52.0,siting - outside the footprint,False,False
17031803016,Cook County,IL,metro,937,147750,False,ffiec_ratio,36.0,26.0,0.0,26.0,7630000.0,0.0,True,26.0,0.02775,0.72222,36.0,siting - outside the footprint,False,False
17031600400,Cook County,IL,metro,1628,67297,False,ffiec_ratio,46.0,26.0,0.0,26.0,8710000.0,0.0,False,26.0,0.01597,0.56522,46.0,"conversion - present, capturing none",False,False
17031430101,Cook County,IL,metro,1837,53623,True,ffiec_ratio,74.0,26.0,0.0,26.0,10160000.0,0.0,False,26.0,0.01415,0.35135,74.0,"conversion - present, capturing none",False,False
17115000300,Macon County,IL,metro,1188,54559,True,ffiec_ratio,75.0,26.0,0.0,26.0,2150000.0,0.0,True,26.0,0.02189,0.34667,75.0,siting - outside the footprint,False,False
17031140601,Cook County,IL,metro,864,130605,False,ffiec_ratio,49.0,26.0,0.0,26.0,10900000.0,0.0,False,26.0,0.03009,0.53061,49.0,"conversion - present, capturing none",False,False
17097864521,Lake County,IL,metro,1303,231105,False,ffiec_ratio,46.0,26.0,0.0,26.0,11150000.0,0.0,True,26.0,0.01995,0.56522,46.0,siting - outside the footprint,False,False
17125956700,Mason County,IL,rural,720,70625,False,ffiec_ratio,44.0,26.0,0.0,26.0,2740000.0,0.0,True,26.0,0.03611,0.59091,44.0,siting - outside the footprint,False,False
17031050800,Cook County,IL,metro,481,250001,False,ffiec_ratio,33.0,26.0,0.0,26.0,17900000.0,0.0,True,26.0,0.05405,0.78788,33.0,siting - outside the footprint,False,False
17201002600,Winnebago County,IL,metro,781,,True,ffiec_ratio,43.0,26.0,0.0,26.0,2520000.0,0.0,False,26.0,0.03329,0.60465,43.0,"conversion - present, capturing none",False,True
55079009000,Milwaukee County,WI,metro,634,51667,True,ffiec_ratio,59.0,27.0,1.0,26.0,3215000.0,3.704,False,26.0,0.04101,0.44068,56.81,"conversion - present, under-capturing",False,False
17119400600,Madison County,IL,metro,919,64754,True,ffiec_ratio,56.0,26.0,0.0,26.0,2910000.0,0.0,True,26.0,0.02829,0.46429,56.0,siting - outside the footprint,False,False
17055040900,Franklin County,IL,rural,928,70192,True,ffiec_ratio,49.0,26.0,0.0,26.0,2550000.0,0.0,True,26.0,0.02802,0.53061,49.0,siting - outside the footprint,False,False
17031829401,Cook County,IL,metro,312,61369,True,ffiec_ratio,52.0,26.0,0.0,26.0,3100000.0,0.0,True,26.0,0.08333,0.5,52.0,siting - outside the footprint,False,False
17161024400,Rock Island County,IL,metro,998,71050,True,ffiec_ratio,43.0,26.0,0.0,26.0,5920000.0,0.0,True,26.0,0.02605,0.60465,43.0,siting - outside the footprint,False,False
17111871313,McHenry County,IL,metro,845,88155,True,ffiec_ratio,63.0,26.0,0.0,26.0,23460000.0,0.0,False,26.0,0.03077,0.4127,63.0,"conversion - present, capturing none",False,False
55079016700,Milwaukee County,WI,metro,1162,47060,True,ffiec_ratio,41.0,26.0,0.0,26.0,4780000.0,0.0,False,26.0,0.02238,0.63415,41.0,"conversion - present, capturing none",False,False
17077010900,Jackson County,IL,micro,977,97596,True,ffiec_ratio,55.0,26.0,0.0,26.0,4200000.0,0.0,True,26.0,0.02661,0.47273,55.0,siting - outside the footprint,False,False
17031060500,Cook County,IL,metro,738,250001,False,ffiec_ratio,38.0,26.0,0.0,26.0,21080000.0,0.0,True,26.0,0.03523,0.68421,38.0,siting - outside the footprint,False,False
17067954300,Hancock County,IL,rural,1552,90000,False,ffiec_ratio,41.0,26.0,0.0,26.0,3370000.0,0.0,True,26.0,0.01675,0.63415,41.0,siting - outside the footprint,False,False
17119402400,Madison County,IL,metro,801,50278,True,ffiec_ratio,45.0,26.0,0.0,26.0,3590000.0,0.0,False,26.0,0.03246,0.57778,45.0,"conversion - present, capturing none",False,False
55079006600,Milwaukee County,WI,metro,702,36912,True,ffiec_ratio,84.0,26.0,1.0,25.0,2330000.0,3.846,False,25.0,0.03561,0.29762,80.77,"conversion - present, under-capturing",False,False
17031834900,Cook County,IL,metro,582,88750,True,ffiec_ratio,57.0,25.0,0.0,25.0,5655000.0,0.0,True,25.0,0.04296,0.4386,57.0,siting - outside the footprint,False,False
17201003709,Winnebago County,IL,metro,750,51365,True,ffiec_ratio,42.0,26.0,1.0,25.0,3840000.0,3.846,False,25.0,0.03333,0.59524,40.38,"conversion - present, under-capturing",False,False
55079018600,Milwaukee County,WI,metro,795,60386,True,ffiec_ratio,42.0,25.0,0.0,25.0,3635000.0,0.0,False,25.0,0.03145,0.59524,42.0,"conversion - present, capturing none",False,False
17031440101,Cook County,IL,metro,2346,33913,True,ffiec_ratio,63.0,26.0,1.0,25.0,8580000.0,3.846,True,25.0,0.01066,0.39683,60.58,siting - outside the footprint,False,False
55063000300,La Crosse County,WI,metro,1278,64028,True,ffiec_ratio,35.0,25.0,0.0,25.0,28195000.0,0.0,False,25.0,0.01956,0.71429,35.0,"conversion - present, capturing none",False,False
17031820605,Cook County,IL,metro,1926,51544,True,ffiec_ratio,56.0,25.0,0.0,25.0,60905000.0,0.0,True,25.0,0.01298,0.44643,56.0,siting - outside the footprint,False,False
17031671600,Cook County,IL,metro,706,50260,True,ffiec_ratio,53.0,25.0,0.0,25.0,3995000.0,0.0,True,25.0,0.03541,0.4717,53.0,siting - outside the footprint,False,False
55121100600,Trempealeau County,WI,rural,1700,91210,False,ffiec_ratio,41.0,25.0,0.0,25.0,5665000.0,0.0,True,25.0,0.01471,0.60976,41.0,siting - outside the footprint,False,False
55079011400,Milwaukee County,WI,metro,920,95833,False,ffiec_ratio,30.0,25.0,0.0,25.0,11845000.0,0.0,False,25.0,0.02717,0.83333,30.0,"conversion - present, capturing none",False,False
17031620200,Cook County,IL,metro,758,80536,True,ffiec_ratio,44.0,25.0,0.0,25.0,5485000.0,0.0,True,25.0,0.03298,0.56818,44.0,siting - outside the footprint,False,False
17051951100,Fayette County,IL,rural,1019,83869,False,ffiec_ratio,44.0,25.0,0.0,25.0,3965000.0,0.0,True,25.0,0.02453,0.56818,44.0,siting - outside the footprint,False,False
17143001900,Peoria County,IL,metro,502,80750,False,ffiec_ratio,50.0,25.0,0.0,25.0,4225000.0,0.0,True,25.0,0.0498,0.5,50.0,siting - outside the footprint,False,False
17031580400,Cook County,IL,metro,1580,60830,True,ffiec_ratio,44.0,25.0,0.0,25.0,5035000.0,0.0,True,25.0,0.01582,0.56818,44.0,siting - outside the footprint,False,False
17031140200,Cook County,IL,metro,1962,86607,True,ffiec_ratio,46.0,25.0,0.0,25.0,9915000.0,0.0,False,25.0,0.01274,0.54348,46.0,"conversion - present, capturing none",False,False
17013951200,Calhoun County,IL,metro,536,95875,False,ffiec_ratio,40.0,25.0,0.0,25.0,6385000.0,0.0,True,25.0,0.04664,0.625,40.0,siting - outside the footprint,False,False
17031061100,Cook County,IL,metro,751,192000,False,ffiec_ratio,48.0,25.0,0.0,25.0,14615000.0,0.0,True,25.0,0.03329,0.52083,48.0,siting - outside the footprint,False,False
17061973800,Greene County,IL,rural,680,95625,False,ffiec_ratio,41.0,25.0,0.0,25.0,3775000.0,0.0,True,25.0,0.03676,0.60976,41.0,siting - outside the footprint,False,False
17031816401,Cook County,IL,metro,1134,97969,True,ffiec_ratio,55.0,25.0,0.0,25.0,6865000.0,0.0,True,25.0,0.02205,0.45455,55.0,siting - outside the footprint,False,False
17173959500,Shelby County,IL,rural,1473,82794,False,ffiec_ratio,37.0,25.0,0.0,25.0,4615000.0,0.0,True,25.0,0.01697,0.67568,37.0,siting - outside the footprint,False,False
17031630900,Cook County,IL,metro,1469,65675,True,ffiec_ratio,54.0,25.0,0.0,25.0,4995000.0,0.0,True,25.0,0.01702,0.46296,54.0,siting - outside the footprint,False,False
17031420600,Cook County,IL,metro,1031,71307,True,ffiec_ratio,55.0,25.0,0.0,25.0,12975000.0,0.0,False,25.0,0.02425,0.45455,55.0,"conversion - present, capturing none",False,False
55079011300,Milwaukee County,WI,metro,1627,218281,False,ffiec_ratio,39.0,27.0,2.0,25.0,60395000.0,7.407,False,25.0,0.01537,0.64103,36.11,"conversion - present, under-capturing",False,False
17031838300,Cook County,IL,metro,1840,,False,ffiec_ratio,40.0,25.0,0.0,25.0,10115000.0,0.0,False,25.0,0.01359,0.625,40.0,"conversion - present, capturing none",False,True
17031803613,Cook County,IL,metro,1093,69423,True,ffiec_ratio,57.0,25.0,0.0,25.0,8955000.0,0.0,True,25.0,0.02287,0.4386,57.0,siting - outside the footprint,False,False
17031806802,Cook County,IL,metro,1145,149038,False,ffiec_ratio,45.0,25.0,0.0,25.0,9785000.0,0.0,True,25.0,0.02183,0.55556,45.0,siting - outside the footprint,False,False
17017960400,Cass County,IL,rural,1030,71136,True,ffiec_ratio,37.0,25.0,0.0,25.0,2115000.0,0.0,True,25.0,0.02427,0.67568,37.0,siting - outside the footprint,False,False
17031630300,Cook County,IL,metro,1433,93105,True,ffiec_ratio,82.0,25.0,0.0,25.0,5575000.0,0.0,True,25.0,0.01745,0.30488,82.0,siting - outside the footprint,False,False
17051951000,Fayette County,IL,rural,734,72188,True,ffiec_ratio,38.0,25.0,0.0,25.0,3845000.0,0.0,True,25.0,0.03406,0.65789,38.0,siting - outside the footprint,False,False
17049950100,Effingham County,IL,micro,1539,127500,False,ffiec_ratio,41.0,25.0,0.0,25.0,5685000.0,0.0,True,25.0,0.01624,0.60976,41.0,siting - outside the footprint,False,False
55079002700,Milwaukee County,WI,metro,841,36725,True,ffiec_ratio,40.0,25.0,0.0,25.0,3355000.0,0.0,False,25.0,0.02973,0.625,40.0,"conversion - present, capturing none",False,False
17145030500,Perry County,IL,rural,1016,83611,False,ffiec_ratio,50.0,25.0,0.0,25.0,3775000.0,0.0,True,25.0,0.02461,0.5,50.0,siting - outside the footprint,False,False
17097862604,Lake County,IL,metro,1551,77102,True,ffiec_ratio,53.0,25.0,1.0,24.0,6515000.0,4.0,False,24.0,0.01547,0.45283,50.88,"conversion - present, under-capturing",False,False
17031711300,Cook County,IL,metro,629,77654,True,ffiec_ratio,50.0,25.0,1.0,24.0,6155000.0,4.0,True,24.0,0.03816,0.48,48.0,siting - outside the footprint,False,False
17097862402,Lake County,IL,metro,1056,81042,True,ffiec_ratio,53.0,24.0,0.0,24.0,3380000.0,0.0,True,24.0,0.02273,0.45283,53.0,siting - outside the footprint,False,False
17031110200,Cook County,IL,metro,1376,108598,False,ffiec_ratio,51.0,25.0,1.0,24.0,8225000.0,4.0,False,24.0,0.01744,0.47059,48.96,"conversion - present, under-capturing",False,False
17031390100,Cook County,IL,metro,783,109615,False,ffiec_ratio,58.0,25.0,1.0,24.0,8795000.0,4.0,False,24.0,0.03065,0.41379,55.68,"conversion - present, under-capturing",False,False
55079016400,Milwaukee County,WI,metro,1071,30328,True,ffiec_ratio,55.0,27.0,3.0,24.0,3065000.0,11.111,False,24.0,0.02241,0.43636,48.89,"conversion - present, under-capturing",False,False
17031260600,Cook County,IL,metro,614,50400,True,ffiec_ratio,82.0,24.0,0.0,24.0,6430000.0,0.0,True,24.0,0.03909,0.29268,82.0,siting - outside the footprint,False,False
17097862200,Lake County,IL,metro,1345,75096,True,ffiec_ratio,59.0,25.0,1.0,24.0,4585000.0,4.0,False,24.0,0.01784,0.40678,56.64,"conversion - present, under-capturing",False,False
17201001000,Winnebago County,IL,metro,970,,True,ffiec_ratio,47.0,24.0,0.0,24.0,2860000.0,0.0,False,24.0,0.02474,0.51064,47.0,"conversion - present, capturing none",False,True
17031804511,Cook County,IL,metro,670,74313,True,ffiec_ratio,50.0,25.0,1.0,24.0,6295000.0,4.0,False,24.0,0.03582,0.48,48.0,"conversion - present, under-capturing",False,False
17081050400,Jefferson County,IL,micro,1625,74875,False,ffiec_ratio,50.0,24.0,0.0,24.0,3170000.0,0.0,True,24.0,0.01477,0.48,50.0,siting - outside the footprint,False,False
55079010800,Milwaukee County,WI,metro,1309,92273,True,ffiec_ratio,39.0,25.0,1.0,24.0,8835000.0,4.0,False,24.0,0.01833,0.61538,37.44,"conversion - present, under-capturing",False,False
55079186500,Milwaukee County,WI,metro,1166,,True,ffiec_ratio,49.0,24.0,0.0,24.0,42720000.0,0.0,False,24.0,0.02058,0.4898,49.0,"conversion - present, capturing none",False,True
55079002400,Milwaukee County,WI,metro,1078,55055,True,ffiec_ratio,56.0,24.0,0.0,24.0,2670000.0,0.0,False,24.0,0.02226,0.42857,56.0,"conversion - present, capturing none",False,False
55079186300,Milwaukee County,WI,metro,1822,89063,False,ffiec_ratio,37.0,25.0,1.0,24.0,24685000.0,4.0,False,24.0,0.01317,0.64865,35.52,"conversion - present, under-capturing",False,False
17173959600,Shelby County,IL,rural,1236,107596,False,ffiec_ratio,42.0,24.0,0.0,24.0,4270000.0,0.0,True,24.0,0.01942,0.57143,42.0,siting - outside the footprint,False,False
17031063400,Cook County,IL,metro,1378,207788,False,ffiec_ratio,39.0,24.0,0.0,24.0,12600000.0,0.0,True,24.0,0.01742,0.61538,39.0,siting - outside the footprint,False,False
17159978200,Richland County,IL,rural,1155,110809,False,ffiec_ratio,49.0,24.0,0.0,24.0,2340000.0,0.0,True,24.0,0.02078,0.4898,49.0,siting - outside the footprint,False,False
17161021400,Rock Island County,IL,metro,525,67468,True,ffiec_ratio,37.0,24.0,0.0,24.0,2380000.0,0.0,True,24.0,0.04571,0.64865,37.0,siting - outside the footprint,False,False
17031671300,Cook County,IL,metro,660,56844,True,ffiec_ratio,59.0,24.0,0.0,24.0,4020000.0,0.0,True,24.0,0.03636,0.40678,59.0,siting - outside the footprint,False,False
17065973300,Hamilton County,IL,rural,1059,83750,False,ffiec_ratio,46.0,24.0,0.0,24.0,3440000.0,0.0,True,24.0,0.02266,0.52174,46.0,siting - outside the footprint,False,False
17031260700,Cook County,IL,metro,463,68125,True,ffiec_ratio,55.0,24.0,0.0,24.0,6090000.0,0.0,True,24.0,0.05184,0.43636,55.0,siting - outside the footprint,False,False
17193958000,White County,IL,rural,895,55259,True,ffiec_ratio,37.0,24.0,0.0,24.0,1840000.0,0.0,True,24.0,0.02682,0.64865,37.0,siting - outside the footprint,False,False
17185957400,Wabash County,IL,rural,782,81250,False,ffiec_ratio,41.0,24.0,0.0,24.0,2500000.0,0.0,True,24.0,0.03069,0.58537,41.0,siting - outside the footprint,False,False
17031411100,Cook County,IL,metro,988,211042,False,ffiec_ratio,38.0,24.0,0.0,24.0,12320000.0,0.0,False,24.0,0.02429,0.63158,38.0,"conversion - present, capturing none",False,False
17191955300,Wayne County,IL,rural,1188,68614,False,ffiec_ratio,40.0,24.0,0.0,24.0,3200000.0,0.0,True,24.0,0.0202,0.6,40.0,siting - outside the footprint,False,False
17143000600,Peoria County,IL,metro,1198,41389,True,ffiec_ratio,45.0,24.0,0.0,24.0,2140000.0,0.0,True,24.0,0.02003,0.53333,45.0,siting - outside the footprint,False,False
17183000900,Vermilion County,IL,micro,875,37449,False,ffiec_ratio,51.0,24.0,0.0,24.0,2200000.0,0.0,True,24.0,0.02743,0.47059,51.0,siting - outside the footprint,False,False
17031291200,Cook County,IL,metro,728,41250,True,ffiec_ratio,54.0,24.0,0.0,24.0,8870000.0,0.0,True,24.0,0.03297,0.44444,54.0,siting - outside the footprint,False,False
17031252000,Cook County,IL,metro,2313,43869,True,ffiec_ratio,66.0,25.0,1.0,24.0,12955000.0,4.0,True,24.0,0.01038,0.36364,63.36,siting - outside the footprint,False,False
17031660302,Cook County,IL,metro,1431,67813,True,ffiec_ratio,59.0,24.0,0.0,24.0,4650000.0,0.0,True,24.0,0.01677,0.40678,59.0,siting - outside the footprint,False,False
17031140301,Cook County,IL,metro,917,75000,True,ffiec_ratio,47.0,25.0,1.0,24.0,9195000.0,4.0,False,24.0,0.02617,0.51064,45.12,"conversion - present, under-capturing",False,False
17031010202,Cook County,IL,metro,1139,86000,True,ffiec_ratio,36.0,24.0,0.0,24.0,12480000.0,0.0,False,24.0,0.02107,0.66667,36.0,"conversion - present, capturing none",False,False
17059972700,Gallatin County,IL,rural,1049,79777,False,ffiec_ratio,58.0,24.0,0.0,24.0,3750000.0,0.0,True,24.0,0.02288,0.41379,58.0,siting - outside the footprint,False,False
17031802506,Cook County,IL,metro,776,93319,False,ffiec_ratio,44.0,24.0,0.0,24.0,5540000.0,0.0,True,24.0,0.03093,0.54545,44.0,siting - outside the footprint,False,False
17031670100,Cook County,IL,metro,439,,True,ffiec_ratio,50.0,24.0,0.0,24.0,4370000.0,0.0,False,24.0,0.05467,0.48,50.0,"conversion - present, capturing none",False,True
17109010100,McDonough County,IL,micro,1472,84875,False,ffiec_ratio,54.0,24.0,0.0,24.0,2140000.0,0.0,True,24.0,0.0163,0.44444,54.0,siting - outside the footprint,False,False
17031813702,Cook County,IL,metro,1205,81336,True,ffiec_ratio,50.0,24.0,0.0,24.0,7630000.0,0.0,True,24.0,0.01992,0.48,50.0,siting - outside the footprint,False,False
17001010301,Adams County,IL,micro,1009,92439,False,ffiec_ratio,35.0,24.0,0.0,24.0,5440000.0,0.0,True,24.0,0.02379,0.68571,35.0,siting - outside the footprint,False,False
17031400400,Cook County,IL,metro,883,32045,True,ffiec_ratio,44.0,24.0,0.0,24.0,7170000.0,0.0,False,24.0,0.02718,0.54545,44.0,"conversion - present, capturing none",False,False
17031836800,Cook County,IL,metro,1002,,True,ffiec_ratio,62.0,24.0,0.0,24.0,7960000.0,0.0,True,24.0,0.02395,0.3871,62.0,siting - outside the footprint,False,True
17091011900,Kankakee County,IL,metro,623,71007,True,ffiec_ratio,46.0,24.0,0.0,24.0,3750000.0,0.0,True,24.0,0.03852,0.52174,46.0,siting - outside the footprint,False,False
17031030103,Cook County,IL,metro,1100,86053,False,ffiec_ratio,53.0,24.0,0.0,24.0,7470000.0,0.0,False,24.0,0.02182,0.45283,53.0,"conversion - present, capturing none",False,False
17051950600,Fayette County,IL,rural,937,67024,False,ffiec_ratio,49.0,24.0,0.0,24.0,3860000.0,0.0,True,24.0,0.02561,0.4898,49.0,siting - outside the footprint,False,False
17137952000,Morgan County,IL,micro,1307,75402,True,ffiec_ratio,37.0,24.0,0.0,24.0,6200000.0,0.0,True,24.0,0.01836,0.64865,37.0,siting - outside the footprint,False,False
55079016500,Milwaukee County,WI,metro,867,44548,True,ffiec_ratio,34.0,24.0,0.0,24.0,4180000.0,0.0,False,24.0,0.02768,0.70588,34.0,"conversion - present, capturing none",False,False
17031520200,Cook County,IL,metro,1184,49740,True,ffiec_ratio,45.0,24.0,0.0,24.0,3440000.0,0.0,True,24.0,0.02027,0.53333,45.0,siting - outside the footprint,False,False
17031610800,Cook County,IL,metro,651,134329,False,ffiec_ratio,47.0,24.0,0.0,24.0,6640000.0,0.0,False,24.0,0.03687,0.51064,47.0,"conversion - present, capturing none",False,False
17185957200,Wabash County,IL,rural,1450,86974,False,ffiec_ratio,48.0,24.0,0.0,24.0,3590000.0,0.0,True,24.0,0.01655,0.5,48.0,siting - outside the footprint,False,False
55079006800,Milwaukee County,WI,metro,820,33229,True,ffiec_ratio,54.0,23.0,0.0,23.0,2195000.0,0.0,False,23.0,0.02805,0.42593,54.0,"conversion - present, capturing none",False,False
17201002400,Winnebago County,IL,metro,899,30750,True,ffiec_ratio,56.0,24.0,1.0,23.0,2230000.0,4.167,False,23.0,0.02558,0.41071,53.67,"conversion - present, under-capturing",False,False
55059001000,Kenosha County,WI,metro,1636,133257,True,ffiec_ratio,41.0,24.0,1.0,23.0,12630000.0,4.167,False,23.0,0.01406,0.56098,39.29,"conversion - present, under-capturing",False,False
17031640800,Cook County,IL,metro,580,64423,True,ffiec_ratio,34.0,24.0,1.0,23.0,4620000.0,4.167,True,23.0,0.03966,0.67647,32.58,siting - outside the footprint,False,False
55079003600,Milwaukee County,WI,metro,595,75446,True,ffiec_ratio,65.0,27.0,4.0,23.0,3575000.0,14.815,False,23.0,0.03866,0.35385,55.37,"conversion - present, under-capturing",False,False
55009021304,Brown County,WI,metro,1240,94830,False,ffiec_ratio,31.0,25.0,2.0,23.0,4025000.0,8.0,False,23.0,0.01855,0.74194,28.52,"conversion - present, under-capturing",False,False
17031200402,Cook County,IL,metro,1336,66027,True,ffiec_ratio,51.0,23.0,0.0,23.0,8365000.0,0.0,True,23.0,0.01722,0.45098,51.0,siting - outside the footprint,False,False
17077010300,Jackson County,IL,micro,1109,75481,False,ffiec_ratio,51.0,23.0,0.0,23.0,3695000.0,0.0,True,23.0,0.02074,0.45098,51.0,siting - outside the footprint,False,False
17031200401,Cook County,IL,metro,931,73875,True,ffiec_ratio,50.0,24.0,1.0,23.0,8260000.0,4.167,True,23.0,0.0247,0.46,47.92,siting - outside the footprint,False,False
17169970300,Schuyler County,IL,rural,720,90000,False,ffiec_ratio,35.0,23.0,0.0,23.0,5155000.0,0.0,True,23.0,0.03194,0.65714,35.0,siting - outside the footprint,False,False
17031580200,Cook County,IL,metro,901,45264,True,ffiec_ratio,45.0,23.0,0.0,23.0,5445000.0,0.0,True,23.0,0.02553,0.51111,45.0,siting - outside the footprint,False,False
17031843800,Cook County,IL,metro,710,83929,True,ffiec_ratio,42.0,23.0,0.0,23.0,3925000.0,0.0,False,23.0,0.03239,0.54762,42.0,"conversion - present, capturing none",False,False
17085020500,Jo Daviess County,IL,rural,1383,67222,False,ffiec_ratio,39.0,23.0,0.0,23.0,2865000.0,0.0,True,23.0,0.01663,0.58974,39.0,siting - outside the footprint,False,False
17031612000,Cook County,IL,metro,462,75183,True,ffiec_ratio,50.0,23.0,0.0,23.0,4665000.0,0.0,False,23.0,0.04978,0.46,50.0,"conversion - present, capturing none",False,False
17165955100,Saline County,IL,rural,1114,62879,True,ffiec_ratio,43.0,23.0,0.0,23.0,2305000.0,0.0,True,23.0,0.02065,0.53488,43.0,siting - outside the footprint,False,False
17085020102,Jo Daviess County,IL,rural,1027,85152,False,ffiec_ratio,36.0,23.0,0.0,23.0,2365000.0,0.0,True,23.0,0.0224,0.63889,36.0,siting - outside the footprint,False,False
17099963300,LaSalle County,IL,micro,1180,65230,True,ffiec_ratio,33.0,23.0,0.0,23.0,2055000.0,0.0,True,23.0,0.01949,0.69697,33.0,siting - outside the footprint,False,False
17161023500,Rock Island County,IL,metro,582,68125,True,ffiec_ratio,47.0,23.0,0.0,23.0,2585000.0,0.0,True,23.0,0.03952,0.48936,47.0,siting - outside the footprint,False,False
17031250200,Cook County,IL,metro,871,51741,True,ffiec_ratio,42.0,23.0,0.0,23.0,4145000.0,0.0,True,23.0,0.02641,0.54762,42.0,siting - outside the footprint,False,False
17031836700,Cook County,IL,metro,1042,62163,True,ffiec_ratio,55.0,23.0,0.0,23.0,7765000.0,0.0,False,23.0,0.02207,0.41818,55.0,"conversion - present, capturing none",False,False
17197881201,Will County,IL,metro,894,71199,True,ffiec_ratio,43.0,23.0,0.0,23.0,4175000.0,0.0,True,23.0,0.02573,0.53488,43.0,siting - outside the footprint,False,False
17103000700,Lee County,IL,micro,716,108333,False,ffiec_ratio,34.0,23.0,0.0,23.0,2665000.0,0.0,True,23.0,0.03212,0.67647,34.0,siting - outside the footprint,False,False
55025000301,Dane County,WI,metro,2389,,True,ffiec_ratio,27.0,23.0,0.0,23.0,31945000.0,0.0,False,23.0,0.00963,0.85185,27.0,"conversion - present, capturing none",False,True
17031826902,Cook County,IL,metro,443,42070,True,ffiec_ratio,55.0,23.0,0.0,23.0,2445000.0,0.0,True,23.0,0.05192,0.41818,55.0,siting - outside the footprint,False,False
17031835200,Cook County,IL,metro,674,79375,False,ffiec_ratio,53.0,23.0,0.0,23.0,7545000.0,0.0,True,23.0,0.03412,0.43396,53.0,siting - outside the footprint,False,False
17031827100,Cook County,IL,metro,956,62841,True,ffiec_ratio,56.0,23.0,0.0,23.0,2705000.0,0.0,True,23.0,0.02406,0.41071,56.0,siting - outside the footprint,False,False
17077010601,Jackson County,IL,micro,836,91071,True,ffiec_ratio,56.0,23.0,0.0,23.0,3655000.0,0.0,True,23.0,0.02751,0.41071,56.0,siting - outside the footprint,False,False
17089853401,Kane County,IL,metro,655,60625,True,ffiec_ratio,33.0,23.0,0.0,23.0,3325000.0,0.0,True,23.0,0.03511,0.69697,33.0,siting - outside the footprint,False,False
17031834700,Cook County,IL,metro,660,54205,True,ffiec_ratio,60.0,23.0,1.0,22.0,9385000.0,4.348,False,22.0,0.03333,0.36667,57.39,"conversion - present, under-capturing",False,False
55051180200,Iron County,WI,rural,739,85313,False,ffiec_ratio,46.0,26.0,4.0,22.0,3800000.0,15.385,False,22.0,0.02977,0.47826,38.92,"conversion - present, under-capturing",False,False
17031440102,Cook County,IL,metro,2007,26844,True,ffiec_ratio,74.0,23.0,1.0,22.0,6815000.0,4.348,True,22.0,0.01096,0.2973,70.78,siting - outside the footprint,False,False
17031836100,Cook County,IL,metro,833,,True,ffiec_ratio,44.0,22.0,0.0,22.0,9690000.0,0.0,False,22.0,0.02641,0.5,44.0,"conversion - present, capturing none",False,True
55079021400,Milwaukee County,WI,metro,1682,,True,ffiec_ratio,51.0,24.0,2.0,22.0,5970000.0,8.333,False,22.0,0.01308,0.43137,46.75,"conversion - present, under-capturing",False,True
17031430900,Cook County,IL,metro,844,67446,True,ffiec_ratio,45.0,23.0,1.0,22.0,9995000.0,4.348,True,22.0,0.02607,0.48889,43.04,siting - outside the footprint,False,False
17031510100,Cook County,IL,metro,1225,91779,True,ffiec_ratio,52.0,24.0,2.0,22.0,3490000.0,8.333,True,22.0,0.01796,0.42308,47.67,siting - outside the footprint,False,False
55009001000,Brown County,WI,metro,749,144423,False,ffiec_ratio,32.0,25.0,3.0,22.0,20895000.0,12.0,False,22.0,0.02937,0.6875,28.16,"conversion - present, under-capturing",False,False
17067954200,Hancock County,IL,rural,1021,98009,False,ffiec_ratio,43.0,22.0,0.0,22.0,2510000.0,0.0,True,22.0,0.02155,0.51163,43.0,siting - outside the footprint,False,False
17031222600,Cook County,IL,metro,708,126103,False,ffiec_ratio,37.0,22.0,0.0,22.0,12550000.0,0.0,True,22.0,0.03107,0.59459,37.0,siting - outside the footprint,False,False
55079008100,Milwaukee County,WI,metro,528,,True,ffiec_ratio,41.0,22.0,0.0,22.0,6290000.0,0.0,False,22.0,0.04167,0.53659,41.0,"conversion - present, capturing none",False,True
17031421200,Cook County,IL,metro,729,41040,True,ffiec_ratio,47.0,22.0,0.0,22.0,6290000.0,0.0,False,22.0,0.03018,0.46809,47.0,"conversion - present, capturing none",False,False
17015960600,Carroll County,IL,rural,562,86875,False,ffiec_ratio,44.0,22.0,0.0,22.0,3150000.0,0.0,True,22.0,0.03915,0.5,44.0,siting - outside the footprint,False,False
17197881202,Will County,IL,metro,789,83953,True,ffiec_ratio,41.0,22.0,0.0,22.0,3370000.0,0.0,True,22.0,0.02788,0.53659,41.0,siting - outside the footprint,False,False
17031843000,Cook County,IL,metro,1152,53333,True,ffiec_ratio,57.0,22.0,0.0,22.0,5480000.0,0.0,True,22.0,0.0191,0.38596,57.0,siting - outside the footprint,False,False
55079018800,Milwaukee County,WI,metro,543,,True,ffiec_ratio,53.0,22.0,0.0,22.0,2830000.0,0.0,False,22.0,0.04052,0.41509,53.0,"conversion - present, capturing none",False,True
17031670400,Cook County,IL,metro,626,59205,True,ffiec_ratio,54.0,22.0,0.0,22.0,5450000.0,0.0,True,22.0,0.03514,0.40741,54.0,siting - outside the footprint,False,False
17031381400,Cook County,IL,metro,756,55938,True,ffiec_ratio,64.0,22.0,0.0,22.0,9480000.0,0.0,False,22.0,0.0291,0.34375,64.0,"conversion - present, capturing none",False,False
55113940002,Sawyer County,WI,rural,566,68641,False,ffiec_ratio,43.0,22.0,0.0,22.0,7840000.0,0.0,False,22.0,0.03887,0.51163,43.0,"conversion - present, capturing none",False,False
17191955200,Wayne County,IL,rural,1328,68904,False,ffiec_ratio,51.0,22.0,0.0,22.0,2700000.0,0.0,True,22.0,0.01657,0.43137,51.0,siting - outside the footprint,False,False
17031580600,Cook County,IL,metro,1684,78702,True,ffiec_ratio,59.0,22.0,0.0,22.0,4520000.0,0.0,True,22.0,0.01306,0.37288,59.0,siting - outside the footprint,False,False
17145030100,Perry County,IL,rural,1228,81875,False,ffiec_ratio,40.0,22.0,0.0,22.0,2730000.0,0.0,True,22.0,0.01792,0.55,40.0,siting - outside the footprint,False,False
55079017600,Milwaukee County,WI,metro,826,41875,True,ffiec_ratio,38.0,23.0,1.0,22.0,3145000.0,4.348,False,22.0,0.02663,0.57895,36.35,"conversion - present, under-capturing",False,False
55063000402,La Crosse County,WI,metro,1525,41154,True,ffiec_ratio,29.0,22.0,0.0,22.0,4570000.0,0.0,False,22.0,0.01443,0.75862,29.0,"conversion - present, capturing none",False,False
17031691500,Cook County,IL,metro,893,37589,True,ffiec_ratio,61.0,22.0,0.0,22.0,8190000.0,0.0,True,22.0,0.02464,0.36066,61.0,siting - outside the footprint,False,False
17031835100,Cook County,IL,metro,1437,122687,True,ffiec_ratio,60.0,22.0,0.0,22.0,3750000.0,0.0,True,22.0,0.01531,0.36667,60.0,siting - outside the footprint,False,False
17119404000,Madison County,IL,metro,1077,59375,True,ffiec_ratio,57.0,22.0,0.0,22.0,2130000.0,0.0,True,22.0,0.02043,0.38596,57.0,siting - outside the footprint,False,False
17031050900,Cook County,IL,metro,672,208259,False,ffiec_ratio,42.0,22.0,0.0,22.0,16820000.0,0.0,True,22.0,0.03274,0.52381,42.0,siting - outside the footprint,False,False
17067953700,Hancock County,IL,rural,930,63929,False,ffiec_ratio,50.0,22.0,0.0,22.0,2380000.0,0.0,True,22.0,0.02366,0.44,50.0,siting - outside the footprint,False,False
17031844700,Cook County,IL,metro,746,57500,True,ffiec_ratio,48.0,22.0,0.0,22.0,5120000.0,0.0,True,22.0,0.02949,0.45833,48.0,siting - outside the footprint,False,False
17077010700,Jackson County,IL,micro,1427,54063,True,ffiec_ratio,49.0,22.0,0.0,22.0,2330000.0,0.0,True,22.0,0.01542,0.44898,49.0,siting - outside the footprint,False,False
55009001702,Brown County,WI,metro,1860,78864,True,ffiec_ratio,32.0,21.0,0.0,21.0,12345000.0,0.0,False,21.0,0.01129,0.65625,32.0,"conversion - present, capturing none",False,False
17031681200,Cook County,IL,metro,911,28958,True,ffiec_ratio,58.0,22.0,1.0,21.0,9210000.0,4.545,False,21.0,0.02305,0.36207,55.36,"conversion - present, under-capturing",False,False
17031570200,Cook County,IL,metro,824,97500,False,ffiec_ratio,49.0,21.0,0.0,21.0,3775000.0,0.0,True,21.0,0.02549,0.42857,49.0,siting - outside the footprint,False,False
17201002100,Winnebago County,IL,metro,664,37679,True,ffiec_ratio,40.0,22.0,1.0,21.0,1610000.0,4.545,False,21.0,0.03163,0.525,38.18,"conversion - present, under-capturing",False,False
17031440800,Cook County,IL,metro,744,23654,True,ffiec_ratio,42.0,22.0,1.0,21.0,5080000.0,4.545,True,21.0,0.02823,0.5,40.09,siting - outside the footprint,False,False
17195001102,Whiteside County,IL,micro,883,62361,False,ffiec_ratio,40.0,21.0,0.0,21.0,1785000.0,0.0,True,21.0,0.02378,0.525,40.0,siting - outside the footprint,False,False
17017960500,Cass County,IL,rural,976,73050,True,ffiec_ratio,35.0,21.0,0.0,21.0,1695000.0,0.0,True,21.0,0.02152,0.6,35.0,siting - outside the footprint,False,False
17033880100,Crawford County,IL,rural,1025,105268,False,ffiec_ratio,38.0,21.0,0.0,21.0,3155000.0,0.0,True,21.0,0.02049,0.55263,38.0,siting - outside the footprint,False,False
17031690500,Cook County,IL,metro,322,,True,ffiec_ratio,41.0,21.0,0.0,21.0,5445000.0,0.0,False,21.0,0.06522,0.5122,41.0,"conversion - present, capturing none",False,True
17095000700,Knox County,IL,micro,819,51833,True,ffiec_ratio,46.0,21.0,0.0,21.0,1505000.0,0.0,True,21.0,0.02564,0.45652,46.0,siting - outside the footprint,False,False
17157951201,Randolph County,IL,rural,730,96964,False,ffiec_ratio,30.0,21.0,0.0,21.0,2425000.0,0.0,True,21.0,0.02877,0.7,30.0,siting - outside the footprint,False,False
17031020701,Cook County,IL,metro,751,120341,False,ffiec_ratio,37.0,21.0,0.0,21.0,7805000.0,0.0,False,21.0,0.02796,0.56757,37.0,"conversion - present, capturing none",False,False
17031230200,Cook County,IL,metro,682,92750,True,ffiec_ratio,34.0,21.0,0.0,21.0,9195000.0,0.0,True,21.0,0.03079,0.61765,34.0,siting - outside the footprint,False,False
17183000800,Vermilion County,IL,micro,895,91964,False,ffiec_ratio,43.0,21.0,0.0,21.0,3605000.0,0.0,True,21.0,0.02346,0.48837,43.0,siting - outside the footprint,False,False
17031813801,Cook County,IL,metro,997,50556,True,ffiec_ratio,44.0,21.0,0.0,21.0,10135000.0,0.0,True,21.0,0.02106,0.47727,44.0,siting - outside the footprint,False,False
17191954900,Wayne County,IL,rural,1340,91688,False,ffiec_ratio,49.0,21.0,0.0,21.0,4165000.0,0.0,True,21.0,0.01567,0.42857,49.0,siting - outside the footprint,False,False
17031280900,Cook County,IL,metro,464,97813,True,ffiec_ratio,35.0,21.0,0.0,21.0,7915000.0,0.0,False,21.0,0.04526,0.6,35.0,"conversion - present, capturing none",False,False
17067954000,Hancock County,IL,rural,857,64063,False,ffiec_ratio,51.0,21.0,0.0,21.0,2395000.0,0.0,True,21.0,0.0245,0.41176,51.0,siting - outside the footprint,False,False
17101880700,Lawrence County,IL,rural,1168,101008,False,ffiec_ratio,41.0,21.0,0.0,21.0,3205000.0,0.0,True,21.0,0.01798,0.5122,41.0,siting - outside the footprint,False,False
17031809402,Cook County,IL,metro,1536,129926,False,ffiec_ratio,35.0,21.0,0.0,21.0,6895000.0,0.0,False,21.0,0.01367,0.6,35.0,"conversion - present, capturing none",False,False
17031420500,Cook County,IL,metro,879,36349,True,ffiec_ratio,53.0,21.0,0.0,21.0,8875000.0,0.0,False,21.0,0.02389,0.39623,53.0,"conversion - present, capturing none",False,False
17031390500,Cook County,IL,metro,835,250001,True,ffiec_ratio,41.0,21.0,0.0,21.0,16475000.0,0.0,False,21.0,0.02515,0.5122,41.0,"conversion - present, capturing none",False,False
17031670300,Cook County,IL,metro,420,31625,True,ffiec_ratio,42.0,21.0,0.0,21.0,4335000.0,0.0,False,21.0,0.05,0.5,42.0,"conversion - present, capturing none",False,False
17033880200,Crawford County,IL,rural,1571,79727,False,ffiec_ratio,48.0,21.0,0.0,21.0,2565000.0,0.0,True,21.0,0.01337,0.4375,48.0,siting - outside the footprint,False,False
17167001600,Sangamon County,IL,metro,1292,26420,True,ffiec_ratio,30.0,21.0,0.0,21.0,1405000.0,0.0,True,21.0,0.01625,0.7,30.0,siting - outside the footprint,False,False
17031760801,Cook County,IL,metro,2287,82458,False,ffiec_ratio,30.0,21.0,0.0,21.0,5945000.0,0.0,True,21.0,0.00918,0.7,30.0,siting - outside the footprint,False,False
17031430300,Cook County,IL,metro,1050,41692,True,ffiec_ratio,50.0,21.0,0.0,21.0,4765000.0,0.0,False,21.0,0.02,0.42,50.0,"conversion - present, capturing none",False,False
17031840200,Cook County,IL,metro,896,70458,True,ffiec_ratio,34.0,21.0,0.0,21.0,7175000.0,0.0,False,21.0,0.02344,0.61765,34.0,"conversion - present, capturing none",False,False
17031411000,Cook County,IL,metro,2541,202250,False,ffiec_ratio,43.0,21.0,0.0,21.0,13985000.0,0.0,False,21.0,0.00826,0.48837,43.0,"conversion - present, capturing none",False,False
17115001900,Macon County,IL,metro,1185,31868,True,ffiec_ratio,53.0,21.0,0.0,21.0,2025000.0,0.0,True,21.0,0.01772,0.39623,53.0,siting - outside the footprint,False,False
17015960200,Carroll County,IL,rural,870,90500,False,ffiec_ratio,36.0,21.0,0.0,21.0,2805000.0,0.0,True,21.0,0.02414,0.58333,36.0,siting - outside the footprint,False,False
17137951600,Morgan County,IL,micro,1215,54073,True,ffiec_ratio,39.0,21.0,0.0,21.0,1465000.0,0.0,True,21.0,0.01728,0.53846,39.0,siting - outside the footprint,False,False
17115000502,Macon County,IL,metro,1052,48393,True,ffiec_ratio,31.0,21.0,0.0,21.0,1925000.0,0.0,True,21.0,0.01996,0.67742,31.0,siting - outside the footprint,False,False
55079021300,Milwaukee County,WI,metro,963,60368,True,ffiec_ratio,41.0,21.0,0.0,21.0,4185000.0,0.0,False,21.0,0.02181,0.5122,41.0,"conversion - present, capturing none",False,False
55079013300,Milwaukee County,WI,metro,455,57156,True,ffiec_ratio,38.0,20.0,0.0,20.0,3180000.0,0.0,False,20.0,0.04396,0.52632,38.0,"conversion - present, capturing none",False,False
55079016600,Milwaukee County,WI,metro,696,29331,True,ffiec_ratio,29.0,21.0,1.0,20.0,3075000.0,4.762,False,20.0,0.02874,0.68966,27.62,"conversion - present, under-capturing",False,False
17031301600,Cook County,IL,metro,1478,52744,True,ffiec_ratio,37.0,21.0,1.0,20.0,4195000.0,4.762,True,20.0,0.01353,0.54054,35.24,siting - outside the footprint,False,False
55079016800,Milwaukee County,WI,metro,985,44943,True,ffiec_ratio,50.0,20.0,0.0,20.0,2450000.0,0.0,False,20.0,0.0203,0.4,50.0,"conversion - present, capturing none",False,False
17031300800,Cook County,IL,metro,1121,57943,True,ffiec_ratio,36.0,20.0,0.0,20.0,5380000.0,0.0,True,20.0,0.01784,0.55556,36.0,siting - outside the footprint,False,False
17095001200,Knox County,IL,micro,705,99375,False,ffiec_ratio,34.0,20.0,0.0,20.0,2790000.0,0.0,True,20.0,0.02837,0.58824,34.0,siting - outside the footprint,False,False
17031480300,Cook County,IL,metro,507,69432,True,ffiec_ratio,56.0,20.0,0.0,20.0,3530000.0,0.0,True,20.0,0.03945,0.35714,56.0,siting - outside the footprint,False,False
17149952500,Pike County,IL,rural,979,82237,False,ffiec_ratio,33.0,20.0,0.0,20.0,2570000.0,0.0,True,20.0,0.02043,0.60606,33.0,siting - outside the footprint,False,False
17115001000,Macon County,IL,metro,589,75036,True,ffiec_ratio,34.0,20.0,0.0,20.0,1280000.0,0.0,True,20.0,0.03396,0.58824,34.0,siting - outside the footprint,False,False
17031670800,Cook County,IL,metro,435,64145,True,ffiec_ratio,65.0,20.0,0.0,20.0,3150000.0,0.0,False,20.0,0.04598,0.30769,65.0,"conversion - present, capturing none",False,False
17029000400,Coles County,IL,micro,1430,67717,False,ffiec_ratio,32.0,20.0,0.0,20.0,2420000.0,0.0,True,20.0,0.01399,0.625,32.0,siting - outside the footprint,False,False
17031681300,Cook County,IL,metro,830,30591,True,ffiec_ratio,64.0,20.0,0.0,20.0,5740000.0,0.0,True,20.0,0.0241,0.3125,64.0,siting - outside the footprint,False,False
17031580502,Cook County,IL,metro,1520,67885,True,ffiec_ratio,43.0,20.0,0.0,20.0,3970000.0,0.0,True,20.0,0.01316,0.46512,43.0,siting - outside the footprint,False,False
17153971000,Pulaski County,IL,rural,948,73482,False,ffiec_ratio,60.0,20.0,0.0,20.0,2270000.0,0.0,True,20.0,0.0211,0.33333,60.0,siting - outside the footprint,False,False
17031260900,Cook County,IL,metro,465,,True,ffiec_ratio,38.0,20.0,0.0,20.0,4550000.0,0.0,True,20.0,0.04301,0.52632,38.0,siting - outside the footprint,False,True
55079186600,Milwaukee County,WI,metro,1112,60547,True,ffiec_ratio,35.0,20.0,0.0,20.0,3070000.0,0.0,False,20.0,0.01799,0.57143,35.0,"conversion - present, capturing none",False,False
55079010600,Milwaukee County,WI,metro,389,62143,True,ffiec_ratio,38.0,20.0,0.0,20.0,5030000.0,0.0,False,20.0,0.05141,0.52632,38.0,"conversion - present, capturing none",False,False
55079009800,Milwaukee County,WI,metro,405,34861,True,ffiec_ratio,37.0,20.0,0.0,20.0,1950000.0,0.0,False,20.0,0.04938,0.54054,37.0,"conversion - present, capturing none",False,False
17031580100,Cook County,IL,metro,902,75787,True,ffiec_ratio,38.0,20.0,0.0,20.0,6160000.0,0.0,True,20.0,0.02217,0.52632,38.0,siting - outside the footprint,False,False
17001000400,Adams County,IL,micro,1522,57604,True,ffiec_ratio,43.0,21.0,1.0,20.0,2135000.0,4.762,True,20.0,0.01314,0.46512,40.95,siting - outside the footprint,False,False
17125956600,Mason County,IL,rural,726,73654,False,ffiec_ratio,41.0,20.0,0.0,20.0,2450000.0,0.0,True,20.0,0.02755,0.4878,41.0,siting - outside the footprint,False,False
17031070103,Cook County,IL,metro,1160,236331,True,ffiec_ratio,43.0,20.0,0.0,20.0,19840000.0,0.0,False,20.0,0.01724,0.46512,43.0,"conversion - present, capturing none",False,False
17057953400,Fulton County,IL,micro,815,82813,False,ffiec_ratio,29.0,20.0,0.0,20.0,1960000.0,0.0,True,20.0,0.02454,0.68966,29.0,siting - outside the footprint,False,False
17071973500,Henderson County,IL,micro,1043,76667,False,ffiec_ratio,37.0,20.0,0.0,20.0,2190000.0,0.0,True,20.0,0.01918,0.54054,37.0,siting - outside the footprint,False,False
17113000400,McLean County,IL,metro,1066,,False,ffiec_ratio,34.0,20.0,0.0,20.0,3400000.0,0.0,True,20.0,0.01876,0.58824,34.0,siting - outside the footprint,False,True
17143002000,Peoria County,IL,metro,467,147656,False,ffiec_ratio,35.0,20.0,0.0,20.0,3140000.0,0.0,True,20.0,0.04283,0.57143,35.0,siting - outside the footprint,False,False
17031816600,Cook County,IL,metro,1117,61923,True,ffiec_ratio,65.0,20.0,0.0,20.0,5290000.0,0.0,True,20.0,0.01791,0.30769,65.0,siting - outside the footprint,False,False
17097866100,Lake County,IL,metro,1193,38348,True,ffiec_ratio,47.0,22.0,2.0,20.0,5740000.0,9.091,False,20.0,0.01676,0.42553,42.73,"conversion - present, under-capturing",False,False
17183000600,Vermilion County,IL,micro,844,45833,True,ffiec_ratio,38.0,20.0,0.0,20.0,2900000.0,0.0,True,20.0,0.0237,0.52632,38.0,siting - outside the footprint,False,False
17031730300,Cook County,IL,metro,372,63580,True,ffiec_ratio,40.0,20.0,0.0,20.0,11920000.0,0.0,True,20.0,0.05376,0.5,40.0,siting - outside the footprint,False,False
17031839800,Cook County,IL,metro,1163,102028,False,ffiec_ratio,43.0,20.0,0.0,20.0,7750000.0,0.0,False,20.0,0.0172,0.46512,43.0,"conversion - present, capturing none",False,False
55079185500,Milwaukee County,WI,metro,509,44561,True,ffiec_ratio,35.0,19.0,0.0,19.0,2435000.0,0.0,False,19.0,0.03733,0.54286,35.0,"conversion - present, capturing none",False,False
17031842000,Cook County,IL,metro,388,141750,False,ffiec_ratio,41.0,19.0,0.0,19.0,7635000.0,0.0,False,19.0,0.04897,0.46341,41.0,"conversion - present, capturing none",False,False
55079013600,Milwaukee County,WI,metro,1128,80000,True,ffiec_ratio,45.0,19.0,0.0,19.0,16585000.0,0.0,False,19.0,0.01684,0.42222,45.0,"conversion - present, capturing none",False,False
55079185400,Milwaukee County,WI,metro,393,46136,True,ffiec_ratio,43.0,21.0,2.0,19.0,2505000.0,9.524,False,19.0,0.04835,0.44186,38.9,"conversion - present, under-capturing",False,False
17031240900,Cook County,IL,metro,607,143000,False,ffiec_ratio,34.0,20.0,1.0,19.0,10220000.0,5.0,True,19.0,0.0313,0.55882,32.3,siting - outside the footprint,False,False
17031310700,Cook County,IL,metro,620,64940,True,ffiec_ratio,42.0,20.0,1.0,19.0,11080000.0,5.0,False,19.0,0.03065,0.45238,39.9,"conversion - present, under-capturing",False,False
17115002906,Macon County,IL,metro,1524,36134,True,ffiec_ratio,40.0,19.0,0.0,19.0,10545000.0,0.0,True,19.0,0.01247,0.475,40.0,siting - outside the footprint,False,False
17091011600,Kankakee County,IL,metro,535,51797,True,ffiec_ratio,56.0,19.0,0.0,19.0,2075000.0,0.0,True,19.0,0.03551,0.33929,56.0,siting - outside the footprint,False,False
17177000700,Stephenson County,IL,micro,517,28400,True,ffiec_ratio,42.0,19.0,0.0,19.0,1385000.0,0.0,True,19.0,0.03675,0.45238,42.0,siting - outside the footprint,False,False
17031830500,Cook County,IL,metro,1125,77903,True,ffiec_ratio,47.0,19.0,0.0,19.0,3745000.0,0.0,True,19.0,0.01689,0.40426,47.0,siting - outside the footprint,False,False
17031630500,Cook County,IL,metro,1661,54049,True,ffiec_ratio,54.0,19.0,0.0,19.0,3735000.0,0.0,True,19.0,0.01144,0.35185,54.0,siting - outside the footprint,False,False
55063000401,La Crosse County,WI,metro,820,57300,True,ffiec_ratio,22.0,19.0,0.0,19.0,4305000.0,0.0,False,19.0,0.02317,0.86364,22.0,"conversion - present, capturing none",False,False
17031430600,Cook County,IL,metro,792,81076,False,ffiec_ratio,48.0,20.0,1.0,19.0,5380000.0,5.0,True,19.0,0.02399,0.39583,45.6,siting - outside the footprint,False,False
17031170100,Cook County,IL,metro,1112,88889,True,ffiec_ratio,33.0,19.0,0.0,19.0,3485000.0,0.0,False,19.0,0.01709,0.57576,33.0,"conversion - present, capturing none",False,False
17143001500,Peoria County,IL,metro,652,38977,True,ffiec_ratio,25.0,19.0,0.0,19.0,2655000.0,0.0,True,19.0,0.02914,0.76,25.0,siting - outside the footprint,False,False
17031670200,Cook County,IL,metro,395,48839,True,ffiec_ratio,43.0,19.0,0.0,19.0,4675000.0,0.0,False,19.0,0.0481,0.44186,43.0,"conversion - present, capturing none",False,False
17001010302,Adams County,IL,micro,1147,104904,False,ffiec_ratio,26.0,19.0,0.0,19.0,2555000.0,0.0,True,19.0,0.01656,0.73077,26.0,siting - outside the footprint,False,False
17031611500,Cook County,IL,metro,933,61765,True,ffiec_ratio,30.0,19.0,0.0,19.0,3545000.0,0.0,True,19.0,0.02036,0.63333,30.0,siting - outside the footprint,False,False
17031252201,Cook County,IL,metro,1072,56895,True,ffiec_ratio,60.0,19.0,0.0,19.0,2905000.0,0.0,True,19.0,0.01772,0.31667,60.0,siting - outside the footprint,False,False
17031842900,Cook County,IL,metro,1497,21250,True,ffiec_ratio,40.0,19.0,0.0,19.0,4485000.0,0.0,False,19.0,0.01269,0.475,40.0,"conversion - present, capturing none",False,False
17201001200,Winnebago County,IL,metro,950,28182,True,ffiec_ratio,35.0,19.0,0.0,19.0,2385000.0,0.0,False,19.0,0.02,0.54286,35.0,"conversion - present, capturing none",False,False
17121952500,Marion County,IL,micro,1060,56810,True,ffiec_ratio,36.0,19.0,0.0,19.0,1295000.0,0.0,True,19.0,0.01792,0.52778,36.0,siting - outside the footprint,False,False
17167000900,Sangamon County,IL,metro,1107,42917,True,ffiec_ratio,27.0,19.0,0.0,19.0,2285000.0,0.0,True,19.0,0.01716,0.7037,27.0,siting - outside the footprint,False,False
55025001605,Dane County,WI,metro,2479,,False,ffiec_ratio,20.0,19.0,0.0,19.0,16205000.0,0.0,False,19.0,0.00766,0.95,20.0,"conversion - present, capturing none",False,True
17167004200,Sangamon County,IL,metro,694,26174,True,ffiec_ratio,28.0,19.0,0.0,19.0,3975000.0,0.0,True,19.0,0.02738,0.67857,28.0,siting - outside the footprint,False,False
17161022600,Rock Island County,IL,metro,1006,76250,True,ffiec_ratio,34.0,19.0,0.0,19.0,1885000.0,0.0,True,19.0,0.01889,0.55882,34.0,siting - outside the footprint,False,False
55133202203,Waukesha County,WI,metro,1113,103614,True,ffiec_ratio,22.0,19.0,0.0,19.0,4415000.0,0.0,False,19.0,0.01707,0.86364,22.0,"conversion - present, capturing none",False,False
17001000800,Adams County,IL,micro,1080,51125,True,ffiec_ratio,30.0,19.0,0.0,19.0,1635000.0,0.0,True,19.0,0.01759,0.63333,30.0,siting - outside the footprint,False,False
17183000400,Vermilion County,IL,micro,1092,31560,True,ffiec_ratio,29.0,19.0,0.0,19.0,2365000.0,0.0,True,19.0,0.0174,0.65517,29.0,siting - outside the footprint,False,False
17031671400,Cook County,IL,metro,529,,True,ffiec_ratio,47.0,19.0,0.0,19.0,3415000.0,0.0,True,19.0,0.03592,0.40426,47.0,siting - outside the footprint,False,True
17197882000,Will County,IL,metro,788,19212,True,ffiec_ratio,43.0,19.0,0.0,19.0,3725000.0,0.0,True,19.0,0.02411,0.44186,43.0,siting - outside the footprint,False,False
17031410800,Cook County,IL,metro,1601,158571,False,ffiec_ratio,40.0,19.0,0.0,19.0,22775000.0,0.0,False,19.0,0.01187,0.475,40.0,"conversion - present, capturing none",False,False
17045070200,Edgar County,IL,rural,792,72375,False,ffiec_ratio,42.0,19.0,0.0,19.0,1735000.0,0.0,True,19.0,0.02399,0.45238,42.0,siting - outside the footprint,False,False
17031301200,Cook County,IL,metro,1686,62750,True,ffiec_ratio,45.0,19.0,0.0,19.0,6275000.0,0.0,False,19.0,0.01127,0.42222,45.0,"conversion - present, capturing none",False,False
17091011400,Kankakee County,IL,metro,659,48295,True,ffiec_ratio,43.0,19.0,0.0,19.0,3645000.0,0.0,True,19.0,0.02883,0.44186,43.0,siting - outside the footprint,False,False
17015960400,Carroll County,IL,rural,914,54891,False,ffiec_ratio,35.0,19.0,0.0,19.0,3245000.0,0.0,True,19.0,0.02079,0.54286,35.0,siting - outside the footprint,False,False
17115000400,Macon County,IL,metro,474,,False,ffiec_ratio,39.0,19.0,0.0,19.0,1435000.0,0.0,True,19.0,0.04008,0.48718,39.0,siting - outside the footprint,False,True
17185957500,Wabash County,IL,rural,1230,65066,False,ffiec_ratio,39.0,19.0,0.0,19.0,1855000.0,0.0,True,19.0,0.01545,0.48718,39.0,siting - outside the footprint,False,False
17031809401,Cook County,IL,metro,1686,165568,False,ffiec_ratio,31.0,19.0,0.0,19.0,10005000.0,0.0,False,19.0,0.01127,0.6129,31.0,"conversion - present, capturing none",False,False
17081050900,Jefferson County,IL,micro,1089,56111,True,ffiec_ratio,40.0,19.0,1.0,18.0,965000.0,5.263,True,18.0,0.01653,0.45,37.89,siting - outside the footprint,False,False
17097862605,Lake County,IL,metro,1682,48641,True,ffiec_ratio,47.0,18.0,0.0,18.0,2450000.0,0.0,False,18.0,0.0107,0.38298,47.0,"conversion - present, capturing none",False,False
55079185700,Milwaukee County,WI,metro,1148,31607,True,ffiec_ratio,49.0,18.0,0.0,18.0,2670000.0,0.0,False,18.0,0.01568,0.36735,49.0,"conversion - present, capturing none",False,False
17031710300,Cook County,IL,metro,558,63092,True,ffiec_ratio,34.0,18.0,0.0,18.0,3250000.0,0.0,True,18.0,0.03226,0.52941,34.0,siting - outside the footprint,False,False
17193958200,White County,IL,rural,1121,73750,False,ffiec_ratio,49.0,18.0,0.0,18.0,2110000.0,0.0,True,18.0,0.01606,0.36735,49.0,siting - outside the footprint,False,False
17031806005,Cook County,IL,metro,981,,False,ffiec_ratio,37.0,18.0,0.0,18.0,3500000.0,0.0,True,18.0,0.01835,0.48649,37.0,siting - outside the footprint,False,True
17009970400,Brown County,IL,rural,1019,86635,False,ffiec_ratio,22.0,18.0,0.0,18.0,3120000.0,0.0,True,18.0,0.01766,0.81818,22.0,siting - outside the footprint,False,False
17089854700,Kane County,IL,metro,960,60625,True,ffiec_ratio,46.0,18.0,0.0,18.0,24300000.0,0.0,False,18.0,0.01875,0.3913,46.0,"conversion - present, capturing none",False,False
17167000800,Sangamon County,IL,metro,639,36800,True,ffiec_ratio,31.0,18.0,0.0,18.0,1330000.0,0.0,True,18.0,0.02817,0.58065,31.0,siting - outside the footprint,False,False
55079018900,Milwaukee County,WI,metro,447,50804,True,ffiec_ratio,49.0,18.0,0.0,18.0,2360000.0,0.0,False,18.0,0.04027,0.36735,49.0,"conversion - present, capturing none",False,False
17031840700,Cook County,IL,metro,1335,123370,False,ffiec_ratio,42.0,18.0,0.0,18.0,10460000.0,0.0,False,18.0,0.01348,0.42857,42.0,"conversion - present, capturing none",False,False
55079017200,Milwaukee County,WI,metro,773,61944,True,ffiec_ratio,47.0,18.0,0.0,18.0,2070000.0,0.0,False,18.0,0.02329,0.38298,47.0,"conversion - present, capturing none",False,False
17145030400,Perry County,IL,rural,906,61607,False,ffiec_ratio,43.0,18.0,0.0,18.0,2410000.0,0.0,True,18.0,0.01987,0.4186,43.0,siting - outside the footprint,False,False
17031826201,Cook County,IL,metro,2196,82375,False,ffiec_ratio,72.0,18.0,0.0,18.0,2180000.0,0.0,True,18.0,0.0082,0.25,72.0,siting - outside the footprint,False,False
55079009900,Milwaukee County,WI,metro,389,39597,True,ffiec_ratio,41.0,18.0,0.0,18.0,2040000.0,0.0,False,18.0,0.04627,0.43902,41.0,"conversion - present, capturing none",False,False
55079008800,Milwaukee County,WI,metro,550,,True,ffiec_ratio,42.0,18.0,0.0,18.0,1700000.0,0.0,False,18.0,0.03273,0.42857,42.0,"conversion - present, capturing none",False,True
17031710600,Cook County,IL,metro,924,81222,True,ffiec_ratio,48.0,18.0,0.0,18.0,4980000.0,0.0,True,18.0,0.01948,0.375,48.0,siting - outside the footprint,False,False
17149952600,Pike County,IL,rural,997,95521,False,ffiec_ratio,38.0,18.0,0.0,18.0,1930000.0,0.0,True,18.0,0.01805,0.47368,38.0,siting - outside the footprint,False,False
17165955900,Saline County,IL,rural,1107,51705,False,ffiec_ratio,31.0,18.0,0.0,18.0,1810000.0,0.0,True,18.0,0.01626,0.58065,31.0,siting - outside the footprint,False,False
17121951800,Marion County,IL,micro,840,56688,True,ffiec_ratio,33.0,18.0,0.0,18.0,2330000.0,0.0,True,18.0,0.02143,0.54545,33.0,siting - outside the footprint,False,False
17031460200,Cook County,IL,metro,934,,True,ffiec_ratio,46.0,19.0,1.0,18.0,3375000.0,5.263,True,18.0,0.01927,0.3913,43.58,siting - outside the footprint,False,True
17181950300,Union County,IL,rural,870,103654,False,ffiec_ratio,34.0,18.0,0.0,18.0,1840000.0,0.0,True,18.0,0.02069,0.52941,34.0,siting - outside the footprint,False,False
17031310400,Cook County,IL,metro,699,221304,False,ffiec_ratio,33.0,18.0,0.0,18.0,8040000.0,0.0,False,18.0,0.02575,0.54545,33.0,"conversion - present, capturing none",False,False
17135957400,Montgomery County,IL,rural,925,85393,False,ffiec_ratio,41.0,18.0,0.0,18.0,2750000.0,0.0,True,18.0,0.01946,0.43902,41.0,siting - outside the footprint,False,False
17161022300,Rock Island County,IL,metro,1022,36287,True,ffiec_ratio,31.0,18.0,0.0,18.0,1970000.0,0.0,True,18.0,0.01761,0.58065,31.0,siting - outside the footprint,False,False
17159978300,Richland County,IL,rural,1338,81824,False,ffiec_ratio,34.0,18.0,0.0,18.0,2630000.0,0.0,True,18.0,0.01345,0.52941,34.0,siting - outside the footprint,False,False
17031611900,Cook County,IL,metro,537,49327,True,ffiec_ratio,35.0,18.0,0.0,18.0,3710000.0,0.0,False,18.0,0.03352,0.51429,35.0,"conversion - present, capturing none",False,False
17031420300,Cook County,IL,metro,695,104583,True,ffiec_ratio,29.0,18.0,0.0,18.0,6220000.0,0.0,False,18.0,0.0259,0.62069,29.0,"conversion - present, capturing none",False,False
17031300900,Cook County,IL,metro,1621,40661,True,ffiec_ratio,38.0,18.0,0.0,18.0,5440000.0,0.0,True,18.0,0.0111,0.47368,38.0,siting - outside the footprint,False,False
55031021100,Douglas County,WI,metro,1042,33750,True,ffiec_ratio,24.0,18.0,0.0,18.0,3890000.0,0.0,True,18.0,0.01727,0.75,24.0,siting - outside the footprint,False,False
17031813302,Cook County,IL,metro,952,60491,True,ffiec_ratio,45.0,18.0,0.0,18.0,4900000.0,0.0,True,18.0,0.01891,0.4,45.0,siting - outside the footprint,False,False
17177000400,Stephenson County,IL,micro,1016,85717,False,ffiec_ratio,33.0,18.0,0.0,18.0,2670000.0,0.0,True,18.0,0.01772,0.54545,33.0,siting - outside the footprint,False,False
17031063301,Cook County,IL,metro,2045,104810,False,ffiec_ratio,34.0,18.0,0.0,18.0,16970000.0,0.0,True,18.0,0.0088,0.52941,34.0,siting - outside the footprint,False,False
17031600600,Cook County,IL,metro,1145,98015,True,ffiec_ratio,41.0,18.0,1.0,17.0,5880000.0,5.556,False,17.0,0.01485,0.41463,38.72,"conversion - present, under-capturing",False,False
17031670900,Cook County,IL,metro,542,57988,True,ffiec_ratio,40.0,18.0,1.0,17.0,3310000.0,5.556,False,17.0,0.03137,0.425,37.78,"conversion - present, under-capturing",False,False
17031826901,Cook County,IL,metro,699,40045,True,ffiec_ratio,50.0,18.0,1.0,17.0,2240000.0,5.556,True,17.0,0.02432,0.34,47.22,siting - outside the footprint,False,False
17197882500,Will County,IL,metro,622,49829,True,ffiec_ratio,42.0,17.0,0.0,17.0,2725000.0,0.0,True,17.0,0.02733,0.40476,42.0,siting - outside the footprint,False,False
17031191200,Cook County,IL,metro,1083,57250,True,ffiec_ratio,44.0,18.0,1.0,17.0,4880000.0,5.556,True,17.0,0.0157,0.38636,41.56,siting - outside the footprint,False,False
17031814100,Cook County,IL,metro,1333,75641,True,ffiec_ratio,37.0,17.0,0.0,17.0,4775000.0,0.0,True,17.0,0.01275,0.45946,37.0,siting - outside the footprint,False,False
17031500200,Cook County,IL,metro,691,57276,True,ffiec_ratio,48.0,17.0,0.0,17.0,2505000.0,0.0,True,17.0,0.0246,0.35417,48.0,siting - outside the footprint,False,False
17145030300,Perry County,IL,rural,795,78958,False,ffiec_ratio,32.0,17.0,0.0,17.0,2855000.0,0.0,True,17.0,0.02138,0.53125,32.0,siting - outside the footprint,False,False
17051950500,Fayette County,IL,rural,1018,78929,False,ffiec_ratio,37.0,17.0,0.0,17.0,1735000.0,0.0,True,17.0,0.0167,0.45946,37.0,siting - outside the footprint,False,False
17031834800,Cook County,IL,metro,766,59167,True,ffiec_ratio,34.0,17.0,0.0,17.0,4695000.0,0.0,False,17.0,0.02219,0.5,34.0,"conversion - present, capturing none",False,False
17019010300,Champaign County,IL,metro,1208,46829,True,ffiec_ratio,27.0,17.0,0.0,17.0,2125000.0,0.0,True,17.0,0.01407,0.62963,27.0,siting - outside the footprint,False,False
17031590500,Cook County,IL,metro,801,118281,False,ffiec_ratio,30.0,17.0,0.0,17.0,4425000.0,0.0,True,17.0,0.02122,0.56667,30.0,siting - outside the footprint,False,False
17031300600,Cook County,IL,metro,1011,54992,True,ffiec_ratio,32.0,17.0,0.0,17.0,5205000.0,0.0,True,17.0,0.01682,0.53125,32.0,siting - outside the footprint,False,False
17031813701,Cook County,IL,metro,968,75655,True,ffiec_ratio,37.0,17.0,0.0,17.0,6805000.0,0.0,True,17.0,0.01756,0.45946,37.0,siting - outside the footprint,False,False
17031838200,Cook County,IL,metro,415,86688,False,ffiec_ratio,28.0,17.0,0.0,17.0,11055000.0,0.0,False,17.0,0.04096,0.60714,28.0,"conversion - present, capturing none",False,False
17031840100,Cook County,IL,metro,1181,97159,True,ffiec_ratio,31.0,17.0,0.0,17.0,6335000.0,0.0,False,17.0,0.01439,0.54839,31.0,"conversion - present, capturing none",False,False
17031301802,Cook County,IL,metro,977,,True,ffiec_ratio,27.0,17.0,0.0,17.0,2545000.0,0.0,True,17.0,0.0174,0.62963,27.0,siting - outside the footprint,False,True
17031460800,Cook County,IL,metro,1297,35337,True,ffiec_ratio,50.0,17.0,0.0,17.0,3285000.0,0.0,True,17.0,0.01311,0.34,50.0,siting - outside the footprint,False,False
17031381200,Cook County,IL,metro,1181,73646,False,ffiec_ratio,31.0,17.0,0.0,17.0,4465000.0,0.0,False,17.0,0.01439,0.54839,31.0,"conversion - present, capturing none",False,False
17019000200,Champaign County,IL,metro,878,45655,True,ffiec_ratio,33.0,17.0,0.0,17.0,2155000.0,0.0,True,17.0,0.01936,0.51515,33.0,siting - outside the footprint,False,False
17031380200,Cook County,IL,metro,1161,,True,ffiec_ratio,42.0,17.0,0.0,17.0,12465000.0,0.0,False,17.0,0.01464,0.40476,42.0,"conversion - present, capturing none",False,True
17159977900,Richland County,IL,rural,1493,75714,False,ffiec_ratio,33.0,17.0,0.0,17.0,3595000.0,0.0,True,17.0,0.01139,0.51515,33.0,siting - outside the footprint,False,False
17031611200,Cook County,IL,metro,795,61339,True,ffiec_ratio,35.0,17.0,0.0,17.0,3975000.0,0.0,False,17.0,0.02138,0.48571,35.0,"conversion - present, capturing none",False,False
17031680500,Cook County,IL,metro,495,,True,ffiec_ratio,36.0,17.0,0.0,17.0,4675000.0,0.0,False,17.0,0.03434,0.47222,36.0,"conversion - present, capturing none",False,True
17031671900,Cook County,IL,metro,382,58788,True,ffiec_ratio,28.0,17.0,0.0,17.0,2105000.0,0.0,True,17.0,0.0445,0.60714,28.0,siting - outside the footprint,False,False
17157950700,Randolph County,IL,rural,982,70000,False,ffiec_ratio,41.0,17.0,0.0,17.0,2555000.0,0.0,True,17.0,0.01731,0.41463,41.0,siting - outside the footprint,False,False
17031832900,Cook County,IL,metro,903,108864,False,ffiec_ratio,38.0,17.0,0.0,17.0,9195000.0,0.0,False,17.0,0.01883,0.44737,38.0,"conversion - present, capturing none",False,False
17031590700,Cook County,IL,metro,978,124395,False,ffiec_ratio,40.0,17.0,0.0,17.0,6945000.0,0.0,False,17.0,0.01738,0.425,40.0,"conversion - present, capturing none",False,False
17077011200,Jackson County,IL,micro,2530,31066,True,ffiec_ratio,31.0,17.0,0.0,17.0,10945000.0,0.0,True,17.0,0.00672,0.54839,31.0,siting - outside the footprint,False,False
17031611700,Cook County,IL,metro,800,66786,True,ffiec_ratio,49.0,17.0,0.0,17.0,3455000.0,0.0,False,17.0,0.02125,0.34694,49.0,"conversion - present, capturing none",False,False
17113001302,McLean County,IL,metro,466,96667,True,ffiec_ratio,25.0,17.0,0.0,17.0,2675000.0,0.0,True,17.0,0.03648,0.68,25.0,siting - outside the footprint,False,False
17031140701,Cook County,IL,metro,1050,96250,True,ffiec_ratio,30.0,17.0,0.0,17.0,5505000.0,0.0,False,17.0,0.01619,0.56667,30.0,"conversion - present, capturing none",False,False
55079008700,Milwaukee County,WI,metro,323,12689,True,ffiec_ratio,38.0,16.0,0.0,16.0,1480000.0,0.0,False,16.0,0.04954,0.42105,38.0,"conversion - present, capturing none",False,False
55079186200,Milwaukee County,WI,metro,470,34750,True,ffiec_ratio,37.0,16.0,0.0,16.0,2000000.0,0.0,False,16.0,0.03404,0.43243,37.0,"conversion - present, capturing none",False,False
17031190900,Cook County,IL,metro,618,83456,False,ffiec_ratio,41.0,17.0,1.0,16.0,5935000.0,5.882,True,16.0,0.02589,0.39024,38.59,siting - outside the footprint,False,False
17031040900,Cook County,IL,metro,1145,192115,False,ffiec_ratio,26.0,16.0,0.0,16.0,26030000.0,0.0,True,16.0,0.01397,0.61538,26.0,siting - outside the footprint,False,False
17031190701,Cook County,IL,metro,898,93690,False,ffiec_ratio,25.0,16.0,0.0,16.0,4650000.0,0.0,False,16.0,0.01782,0.64,25.0,"conversion - present, capturing none",False,False
17077011100,Jackson County,IL,micro,1370,,True,ffiec_ratio,33.0,16.0,0.0,16.0,13400000.0,0.0,True,16.0,0.01168,0.48485,33.0,siting - outside the footprint,False,True
17031300500,Cook County,IL,metro,943,101938,True,ffiec_ratio,24.0,16.0,0.0,16.0,3780000.0,0.0,True,16.0,0.01697,0.66667,24.0,siting - outside the footprint,False,False
17031837100,Cook County,IL,metro,756,66292,True,ffiec_ratio,52.0,16.0,0.0,16.0,5960000.0,0.0,False,16.0,0.02116,0.30769,52.0,"conversion - present, capturing none",False,False
17167002802,Sangamon County,IL,metro,1578,52288,True,ffiec_ratio,28.0,16.0,0.0,16.0,3730000.0,0.0,True,16.0,0.01014,0.57143,28.0,siting - outside the footprint,False,False
17031220601,Cook County,IL,metro,764,175694,False,ffiec_ratio,27.0,16.0,0.0,16.0,7580000.0,0.0,True,16.0,0.02094,0.59259,27.0,siting - outside the footprint,False,False
55025001707,Dane County,WI,metro,975,,True,ffiec_ratio,27.0,16.0,0.0,16.0,4940000.0,0.0,False,16.0,0.01641,0.59259,27.0,"conversion - present, capturing none",False,True
17033880500,Crawford County,IL,rural,1043,93929,False,ffiec_ratio,35.0,16.0,0.0,16.0,1770000.0,0.0,True,16.0,0.01534,0.45714,35.0,siting - outside the footprint,False,False
17031835500,Cook County,IL,metro,673,37833,True,ffiec_ratio,30.0,16.0,0.0,16.0,3970000.0,0.0,False,16.0,0.02377,0.53333,30.0,"conversion - present, capturing none",False,False
17031580300,Cook County,IL,metro,762,86576,True,ffiec_ratio,31.0,17.0,1.0,16.0,4405000.0,5.882,True,16.0,0.021,0.51613,29.18,siting - outside the footprint,False,False
17031300700,Cook County,IL,metro,1774,49769,True,ffiec_ratio,44.0,16.0,0.0,16.0,3850000.0,0.0,True,16.0,0.00902,0.36364,44.0,siting - outside the footprint,False,False
17047957100,Edwards County,IL,rural,892,68833,False,ffiec_ratio,38.0,16.0,0.0,16.0,1590000.0,0.0,True,16.0,0.01794,0.42105,38.0,siting - outside the footprint,False,False
17009970500,Brown County,IL,rural,1022,79561,False,ffiec_ratio,31.0,16.0,0.0,16.0,2040000.0,0.0,True,16.0,0.01566,0.51613,31.0,siting - outside the footprint,False,False
17195001800,Whiteside County,IL,micro,826,113229,False,ffiec_ratio,33.0,16.0,0.0,16.0,3110000.0,0.0,True,16.0,0.01937,0.48485,33.0,siting - outside the footprint,False,False
17121952600,Marion County,IL,micro,904,60625,True,ffiec_ratio,34.0,16.0,0.0,16.0,2240000.0,0.0,True,16.0,0.0177,0.47059,34.0,siting - outside the footprint,False,False
17031430102,Cook County,IL,metro,2392,67264,True,ffiec_ratio,37.0,16.0,0.0,16.0,4510000.0,0.0,True,16.0,0.00669,0.43243,37.0,siting - outside the footprint,False,False
17031838600,Cook County,IL,metro,645,58281,True,ffiec_ratio,31.0,16.0,0.0,16.0,3840000.0,0.0,False,16.0,0.02481,0.51613,31.0,"conversion - present, capturing none",False,False
17047956900,Edwards County,IL,rural,854,83250,False,ffiec_ratio,30.0,16.0,0.0,16.0,1970000.0,0.0,True,16.0,0.01874,0.53333,30.0,siting - outside the footprint,False,False
17031640100,Cook County,IL,metro,451,68990,True,ffiec_ratio,26.0,16.0,0.0,16.0,3380000.0,0.0,True,16.0,0.03548,0.61538,26.0,siting - outside the footprint,False,False
17031843200,Cook County,IL,metro,1039,53864,True,ffiec_ratio,35.0,16.0,0.0,16.0,10330000.0,0.0,False,16.0,0.0154,0.45714,35.0,"conversion - present, capturing none",False,False
17031520600,Cook County,IL,metro,809,94821,False,ffiec_ratio,37.0,15.0,0.0,15.0,2205000.0,0.0,True,15.0,0.01854,0.40541,37.0,siting - outside the footprint,False,False
55079006700,Milwaukee County,WI,metro,458,52125,True,ffiec_ratio,26.0,15.0,0.0,15.0,1805000.0,0.0,False,15.0,0.03275,0.57692,26.0,"conversion - present, capturing none",False,False
17031480200,Cook County,IL,metro,619,76652,True,ffiec_ratio,46.0,16.0,1.0,15.0,3020000.0,6.25,True,15.0,0.02423,0.32609,43.13,siting - outside the footprint,False,False
17031580800,Cook County,IL,metro,602,60455,True,ffiec_ratio,23.0,15.0,0.0,15.0,3305000.0,0.0,True,15.0,0.02492,0.65217,23.0,siting - outside the footprint,False,False
55079015700,Milwaukee County,WI,metro,1068,52602,True,ffiec_ratio,29.0,15.0,0.0,15.0,2185000.0,0.0,False,15.0,0.01404,0.51724,29.0,"conversion - present, capturing none",False,False
55079186100,Milwaukee County,WI,metro,734,23750,True,ffiec_ratio,29.0,15.0,0.0,15.0,2735000.0,0.0,False,15.0,0.02044,0.51724,29.0,"conversion - present, capturing none",False,False
17003957600,Alexander County,IL,metro,680,86200,True,ffiec_ratio,39.0,15.0,0.0,15.0,1425000.0,0.0,True,15.0,0.02206,0.38462,39.0,siting - outside the footprint,False,False
17197880114,Will County,IL,metro,1074,84674,True,ffiec_ratio,28.0,15.0,0.0,15.0,2725000.0,0.0,True,15.0,0.01397,0.53571,28.0,siting - outside the footprint,False,False
17031836900,Cook County,IL,metro,625,19746,True,ffiec_ratio,34.0,15.0,0.0,15.0,6425000.0,0.0,False,15.0,0.024,0.44118,34.0,"conversion - present, capturing none",False,False
17031260800,Cook County,IL,metro,693,50116,True,ffiec_ratio,37.0,15.0,0.0,15.0,5595000.0,0.0,True,15.0,0.02165,0.40541,37.0,siting - outside the footprint,False,False
17031612100,Cook County,IL,metro,398,63889,True,ffiec_ratio,34.0,15.0,0.0,15.0,3535000.0,0.0,False,15.0,0.03769,0.44118,34.0,"conversion - present, capturing none",False,False
17199021002,Williamson County,IL,micro,833,97857,False,ffiec_ratio,28.0,15.0,0.0,15.0,4165000.0,0.0,True,15.0,0.01801,0.53571,28.0,siting - outside the footprint,False,False
17031804108,Cook County,IL,metro,2175,125163,False,ffiec_ratio,26.0,15.0,0.0,15.0,75015000.0,0.0,True,15.0,0.0069,0.57692,26.0,siting - outside the footprint,False,False
17031430500,Cook County,IL,metro,2181,74105,True,ffiec_ratio,28.0,15.0,0.0,15.0,5725000.0,0.0,False,15.0,0.00688,0.53571,28.0,"conversion - present, capturing none",False,False
17031430800,Cook County,IL,metro,796,76007,True,ffiec_ratio,46.0,15.0,0.0,15.0,5795000.0,0.0,True,15.0,0.01884,0.32609,46.0,siting - outside the footprint,False,False
17031381900,Cook County,IL,metro,526,79306,True,ffiec_ratio,41.0,15.0,0.0,15.0,4525000.0,0.0,False,15.0,0.02852,0.36585,41.0,"conversion - present, capturing none",False,False
17031831300,Cook County,IL,metro,369,51161,True,ffiec_ratio,27.0,15.0,0.0,15.0,3645000.0,0.0,True,15.0,0.04065,0.55556,27.0,siting - outside the footprint,False,False
17031834500,Cook County,IL,metro,549,31055,True,ffiec_ratio,26.0,15.0,0.0,15.0,3965000.0,0.0,False,15.0,0.02732,0.57692,26.0,"conversion - present, capturing none",False,False
17183011200,Vermilion County,IL,micro,1527,68092,True,ffiec_ratio,27.0,15.0,0.0,15.0,2195000.0,0.0,True,15.0,0.00982,0.55556,27.0,siting - outside the footprint,False,False
55079185900,Milwaukee County,WI,metro,336,,True,ffiec_ratio,35.0,15.0,0.0,15.0,1945000.0,0.0,False,15.0,0.04464,0.42857,35.0,"conversion - present, capturing none",False,True
17059972800,Gallatin County,IL,rural,1049,69611,True,ffiec_ratio,41.0,15.0,0.0,15.0,1195000.0,0.0,True,15.0,0.0143,0.36585,41.0,siting - outside the footprint,False,False
17031411200,Cook County,IL,metro,824,198542,False,ffiec_ratio,24.0,14.0,0.0,14.0,7080000.0,0.0,False,14.0,0.01699,0.58333,24.0,"conversion - present, capturing none",False,False
17031611300,Cook County,IL,metro,1087,61492,True,ffiec_ratio,39.0,15.0,1.0,14.0,3065000.0,6.667,False,14.0,0.01288,0.35897,36.4,"conversion - present, under-capturing",False,False
17031301100,Cook County,IL,metro,762,66736,True,ffiec_ratio,34.0,14.0,0.0,14.0,10400000.0,0.0,True,14.0,0.01837,0.41176,34.0,siting - outside the footprint,False,False
55003940000,Ashland County,WI,rural,733,75291,False,ffiec_ratio,35.0,15.0,1.0,14.0,2035000.0,6.667,False,14.0,0.0191,0.4,32.67,"conversion - present, under-capturing",False,False
17161020103,Rock Island County,IL,metro,362,120469,False,ffiec_ratio,20.0,14.0,0.0,14.0,2480000.0,0.0,True,14.0,0.03867,0.7,20.0,siting - outside the footprint,False,False
17031301803,Cook County,IL,metro,1206,94583,True,ffiec_ratio,47.0,14.0,0.0,14.0,3390000.0,0.0,True,14.0,0.01161,0.29787,47.0,siting - outside the footprint,False,False
17031222800,Cook County,IL,metro,449,90469,False,ffiec_ratio,31.0,14.0,0.0,14.0,5990000.0,0.0,True,14.0,0.03118,0.45161,31.0,siting - outside the footprint,False,False
17031010503,Cook County,IL,metro,1455,51761,True,ffiec_ratio,20.0,14.0,0.0,14.0,11210000.0,0.0,False,14.0,0.00962,0.7,20.0,"conversion - present, capturing none",False,False
17031823603,Cook County,IL,metro,530,90489,True,ffiec_ratio,26.0,14.0,0.0,14.0,1970000.0,0.0,True,14.0,0.02642,0.53846,26.0,siting - outside the footprint,False,False
17031410600,Cook County,IL,metro,1213,152202,False,ffiec_ratio,30.0,14.0,0.0,14.0,17260000.0,0.0,False,14.0,0.01154,0.46667,30.0,"conversion - present, capturing none",False,False
17171970600,Scott County,IL,micro,688,98092,False,ffiec_ratio,21.0,14.0,0.0,14.0,1320000.0,0.0,True,14.0,0.02035,0.66667,21.0,siting - outside the footprint,False,False
17165955500,Saline County,IL,rural,1050,60947,True,ffiec_ratio,32.0,14.0,0.0,14.0,1000000.0,0.0,True,14.0,0.01333,0.4375,32.0,siting - outside the footprint,False,False
17201003605,Winnebago County,IL,metro,954,48667,True,ffiec_ratio,20.0,14.0,0.0,14.0,1500000.0,0.0,False,14.0,0.01468,0.7,20.0,"conversion - present, capturing none",False,False
17197881301,Will County,IL,metro,1005,59167,True,ffiec_ratio,29.0,14.0,0.0,14.0,1990000.0,0.0,True,14.0,0.01393,0.48276,29.0,siting - outside the footprint,False,False
55087010502,Outagamie County,WI,metro,461,91250,False,ffiec_ratio,20.0,14.0,0.0,14.0,3060000.0,0.0,False,14.0,0.03037,0.7,20.0,"conversion - present, capturing none",False,False
17197883803,Will County,IL,metro,1226,61344,True,ffiec_ratio,29.0,14.0,0.0,14.0,11540000.0,0.0,True,14.0,0.01142,0.48276,29.0,siting - outside the footprint,False,False
17183000300,Vermilion County,IL,micro,757,43365,True,ffiec_ratio,30.0,14.0,0.0,14.0,1450000.0,0.0,True,14.0,0.01849,0.46667,30.0,siting - outside the footprint,False,False
17031340500,Cook County,IL,metro,999,51667,True,ffiec_ratio,28.0,14.0,0.0,14.0,5370000.0,0.0,False,14.0,0.01401,0.5,28.0,"conversion - present, capturing none",False,False
17025971900,Clay County,IL,rural,951,86389,False,ffiec_ratio,22.0,14.0,0.0,14.0,2250000.0,0.0,True,14.0,0.01472,0.63636,22.0,siting - outside the footprint,False,False
17031301701,Cook County,IL,metro,1495,70968,True,ffiec_ratio,27.0,14.0,0.0,14.0,2980000.0,0.0,True,14.0,0.00936,0.51852,27.0,siting - outside the footprint,False,False
17031821500,Cook County,IL,metro,517,36923,True,ffiec_ratio,56.0,14.0,0.0,14.0,1950000.0,0.0,True,14.0,0.02708,0.25,56.0,siting - outside the footprint,False,False
17031040800,Cook County,IL,metro,824,201250,False,ffiec_ratio,22.0,14.0,0.0,14.0,8910000.0,0.0,True,14.0,0.01699,0.63636,22.0,siting - outside the footprint,False,False
17031222900,Cook County,IL,metro,426,,True,ffiec_ratio,23.0,14.0,0.0,14.0,11750000.0,0.0,True,14.0,0.03286,0.6087,23.0,siting - outside the footprint,False,True
17025972000,Clay County,IL,rural,1181,58050,False,ffiec_ratio,25.0,14.0,0.0,14.0,2100000.0,0.0,True,14.0,0.01185,0.56,25.0,siting - outside the footprint,False,False
17031808702,Cook County,IL,metro,455,132679,False,ffiec_ratio,17.0,14.0,0.0,14.0,6570000.0,0.0,False,14.0,0.03077,0.82353,17.0,"conversion - present, capturing none",False,False
17031310300,Cook County,IL,metro,791,82292,True,ffiec_ratio,32.0,14.0,0.0,14.0,4930000.0,0.0,False,14.0,0.0177,0.4375,32.0,"conversion - present, capturing none",False,False
17031560400,Cook County,IL,metro,473,73929,True,ffiec_ratio,25.0,14.0,0.0,14.0,2830000.0,0.0,True,14.0,0.0296,0.56,25.0,siting - outside the footprint,False,False
17061973700,Greene County,IL,rural,621,65703,True,ffiec_ratio,29.0,14.0,0.0,14.0,1030000.0,0.0,True,14.0,0.02254,0.48276,29.0,siting - outside the footprint,False,False
17109010200,McDonough County,IL,micro,855,87679,False,ffiec_ratio,20.0,14.0,0.0,14.0,1520000.0,0.0,True,14.0,0.01637,0.7,20.0,siting - outside the footprint,False,False
17143000200,Peoria County,IL,metro,769,32425,True,ffiec_ratio,24.0,14.0,0.0,14.0,830000.0,0.0,True,14.0,0.01821,0.58333,24.0,siting - outside the footprint,False,False
17031839500,Cook County,IL,metro,801,134821,False,ffiec_ratio,33.0,14.0,0.0,14.0,5700000.0,0.0,False,14.0,0.01748,0.42424,33.0,"conversion - present, capturing none",False,False
17003957700,Alexander County,IL,metro,515,72656,False,ffiec_ratio,40.0,14.0,0.0,14.0,1580000.0,0.0,True,14.0,0.02718,0.35,40.0,siting - outside the footprint,False,False
17031836300,Cook County,IL,metro,773,155365,False,ffiec_ratio,35.0,14.0,1.0,13.0,3230000.0,7.143,False,13.0,0.01682,0.37143,32.5,"conversion - present, under-capturing",False,False
17031271500,Cook County,IL,metro,493,51864,True,ffiec_ratio,39.0,15.0,2.0,13.0,2995000.0,13.333,True,13.0,0.02637,0.33333,33.8,siting - outside the footprint,False,False
17031611800,Cook County,IL,metro,551,58125,True,ffiec_ratio,43.0,15.0,2.0,13.0,3095000.0,13.333,False,13.0,0.02359,0.30233,37.27,"conversion - present, under-capturing",False,False
55113940001,Sawyer County,WI,rural,1042,48147,False,ffiec_ratio,26.0,14.0,1.0,13.0,3110000.0,7.143,False,13.0,0.01248,0.5,24.14,"conversion - present, under-capturing",False,False
17201002302,Winnebago County,IL,metro,511,63750,False,ffiec_ratio,28.0,15.0,2.0,13.0,2055000.0,13.333,True,13.0,0.02544,0.46429,24.27,siting - outside the footprint,False,False
17031410200,Cook County,IL,metro,720,104241,False,ffiec_ratio,23.0,13.0,0.0,13.0,6025000.0,0.0,False,13.0,0.01806,0.56522,23.0,"conversion - present, capturing none",False,False
17031400500,Cook County,IL,metro,1138,38669,True,ffiec_ratio,28.0,13.0,0.0,13.0,10405000.0,0.0,False,13.0,0.01142,0.46429,28.0,"conversion - present, capturing none",False,False
17163502100,St. Clair County,IL,metro,881,79271,True,ffiec_ratio,30.0,13.0,0.0,13.0,1065000.0,0.0,False,13.0,0.01476,0.43333,30.0,"conversion - present, capturing none",False,False
17031540102,Cook County,IL,metro,1249,,True,ffiec_ratio,20.0,13.0,0.0,13.0,1335000.0,0.0,True,13.0,0.01041,0.65,20.0,siting - outside the footprint,False,True
17187870100,Warren County,IL,rural,949,91979,False,ffiec_ratio,32.0,13.0,0.0,13.0,1685000.0,0.0,True,13.0,0.0137,0.40625,32.0,siting - outside the footprint,False,False
17031381800,Cook County,IL,metro,793,107665,False,ffiec_ratio,41.0,13.0,0.0,13.0,4445000.0,0.0,False,13.0,0.01639,0.31707,41.0,"conversion - present, capturing none",False,False
17091011000,Kankakee County,IL,metro,736,63966,True,ffiec_ratio,34.0,13.0,0.0,13.0,1615000.0,0.0,True,13.0,0.01766,0.38235,34.0,siting - outside the footprint,False,False
17067953900,Hancock County,IL,rural,740,83103,False,ffiec_ratio,27.0,13.0,0.0,13.0,1405000.0,0.0,True,13.0,0.01757,0.48148,27.0,siting - outside the footprint,False,False
17143005100,Peoria County,IL,metro,986,35212,True,ffiec_ratio,33.0,13.0,0.0,13.0,675000.0,0.0,True,13.0,0.01318,0.39394,33.0,siting - outside the footprint,False,False
17031310500,Cook County,IL,metro,682,78824,True,ffiec_ratio,20.0,13.0,0.0,13.0,6885000.0,0.0,False,13.0,0.01906,0.65,20.0,"conversion - present, capturing none",False,False
17031230500,Cook County,IL,metro,1268,62905,True,ffiec_ratio,32.0,13.0,0.0,13.0,4175000.0,0.0,True,13.0,0.01025,0.40625,32.0,siting - outside the footprint,False,False
17201002800,Winnebago County,IL,metro,489,40473,True,ffiec_ratio,30.0,13.0,0.0,13.0,1085000.0,0.0,False,13.0,0.02658,0.43333,30.0,"conversion - present, capturing none",False,False
17031833900,Cook County,IL,metro,795,38839,True,ffiec_ratio,38.0,13.0,0.0,13.0,2855000.0,0.0,True,13.0,0.01635,0.34211,38.0,siting - outside the footprint,False,False
55025000410,Dane County,WI,metro,1282,62099,True,ffiec_ratio,15.0,13.0,0.0,13.0,33445000.0,0.0,False,13.0,0.01014,0.86667,15.0,"conversion - present, capturing none",False,False
17071973400,Henderson County,IL,micro,729,103205,False,ffiec_ratio,24.0,13.0,0.0,13.0,2065000.0,0.0,True,13.0,0.01783,0.54167,24.0,siting - outside the footprint,False,False
17031816500,Cook County,IL,metro,1460,82847,True,ffiec_ratio,41.0,13.0,0.0,13.0,3005000.0,0.0,True,13.0,0.0089,0.31707,41.0,siting - outside the footprint,False,False
17031530100,Cook County,IL,metro,756,44931,True,ffiec_ratio,52.0,13.0,0.0,13.0,2335000.0,0.0,True,13.0,0.0172,0.25,52.0,siting - outside the footprint,False,False
17031813301,Cook County,IL,metro,959,42833,True,ffiec_ratio,44.0,13.0,0.0,13.0,3735000.0,0.0,True,13.0,0.01356,0.29545,44.0,siting - outside the footprint,False,False
17031630600,Cook County,IL,metro,880,57455,True,ffiec_ratio,39.0,13.0,0.0,13.0,2845000.0,0.0,True,13.0,0.01477,0.33333,39.0,siting - outside the footprint,False,False
17031283100,Cook County,IL,metro,1471,,True,ffiec_ratio,28.0,13.0,0.0,13.0,6295000.0,0.0,False,13.0,0.00884,0.46429,28.0,"conversion - present, capturing none",False,True
17031200300,Cook County,IL,metro,734,80323,False,ffiec_ratio,23.0,13.0,0.0,13.0,3855000.0,0.0,True,13.0,0.01771,0.56522,23.0,siting - outside the footprint,False,False
17077011701,Jackson County,IL,micro,814,98750,True,ffiec_ratio,21.0,13.0,0.0,13.0,6125000.0,0.0,True,13.0,0.01597,0.61905,21.0,siting - outside the footprint,False,False
17047957000,Edwards County,IL,rural,920,77978,False,ffiec_ratio,33.0,13.0,0.0,13.0,1655000.0,0.0,True,13.0,0.01413,0.39394,33.0,siting - outside the footprint,False,False
17031191000,Cook County,IL,metro,722,70469,False,ffiec_ratio,29.0,13.0,0.0,13.0,3255000.0,0.0,True,13.0,0.01801,0.44828,29.0,siting - outside the footprint,False,False
17023060400,Clark County,IL,rural,730,74808,False,ffiec_ratio,25.0,13.0,0.0,13.0,1985000.0,0.0,True,13.0,0.01781,0.52,25.0,siting - outside the footprint,False,False
55079009700,Milwaukee County,WI,metro,387,46708,True,ffiec_ratio,31.0,13.0,0.0,13.0,1645000.0,0.0,False,13.0,0.03359,0.41935,31.0,"conversion - present, capturing none",False,False
17031670500,Cook County,IL,metro,399,38750,True,ffiec_ratio,33.0,13.0,0.0,13.0,2775000.0,0.0,True,13.0,0.03258,0.39394,33.0,siting - outside the footprint,False,False
17065973200,Hamilton County,IL,rural,924,107238,False,ffiec_ratio,31.0,13.0,0.0,13.0,1835000.0,0.0,True,13.0,0.01407,0.41935,31.0,siting - outside the footprint,False,False
17031260500,Cook County,IL,metro,674,50625,True,ffiec_ratio,32.0,13.0,0.0,13.0,2915000.0,0.0,True,13.0,0.01929,0.40625,32.0,siting - outside the footprint,False,False
17031210800,Cook County,IL,metro,461,142404,True,ffiec_ratio,25.0,13.0,0.0,13.0,6755000.0,0.0,True,13.0,0.0282,0.52,25.0,siting - outside the footprint,False,False
55063000500,La Crosse County,WI,metro,1010,88750,True,ffiec_ratio,17.0,13.0,1.0,12.0,7525000.0,7.692,False,12.0,0.01188,0.70588,15.69,"conversion - present, under-capturing",False,False
17031190100,Cook County,IL,metro,862,85691,False,ffiec_ratio,27.0,13.0,1.0,12.0,4315000.0,7.692,False,12.0,0.01392,0.44444,24.92,"conversion - present, under-capturing",False,False
17031340300,Cook County,IL,metro,718,63250,True,ffiec_ratio,27.0,12.0,0.0,12.0,3890000.0,0.0,False,12.0,0.01671,0.44444,27.0,"conversion - present, capturing none",False,False
55133202700,Waukesha County,WI,metro,1313,69574,False,ffiec_ratio,25.0,13.0,1.0,12.0,3775000.0,7.692,False,12.0,0.00914,0.48,23.08,"conversion - present, under-capturing",False,False
17031843100,Cook County,IL,metro,493,71250,True,ffiec_ratio,25.0,12.0,0.0,12.0,3960000.0,0.0,False,12.0,0.02434,0.48,25.0,"conversion - present, capturing none",False,False
17157951202,Randolph County,IL,rural,241,111691,False,ffiec_ratio,15.0,12.0,0.0,12.0,2190000.0,0.0,True,12.0,0.04979,0.8,15.0,siting - outside the footprint,False,False
55079008900,Milwaukee County,WI,metro,383,,True,ffiec_ratio,27.0,12.0,0.0,12.0,1140000.0,0.0,False,12.0,0.03133,0.44444,27.0,"conversion - present, capturing none",False,True
17031670700,Cook County,IL,metro,239,,True,ffiec_ratio,27.0,12.0,0.0,12.0,1860000.0,0.0,True,12.0,0.05021,0.44444,27.0,siting - outside the footprint,False,True
17031560100,Cook County,IL,metro,312,88177,False,ffiec_ratio,25.0,12.0,0.0,12.0,2660000.0,0.0,True,12.0,0.03846,0.48,25.0,siting - outside the footprint,False,False
55079008600,Milwaukee County,WI,metro,328,48693,True,ffiec_ratio,27.0,12.0,0.0,12.0,1470000.0,0.0,False,12.0,0.03659,0.44444,27.0,"conversion - present, capturing none",False,False
17031420400,Cook County,IL,metro,768,40822,True,ffiec_ratio,24.0,13.0,1.0,12.0,35405000.0,7.692,False,12.0,0.01563,0.5,22.15,"conversion - present, under-capturing",False,False
17115002100,Macon County,IL,metro,694,26429,True,ffiec_ratio,67.0,12.0,0.0,12.0,600000.0,0.0,True,12.0,0.01729,0.1791,67.0,siting - outside the footprint,False,False
17031420200,Cook County,IL,metro,696,83276,True,ffiec_ratio,24.0,12.0,0.0,12.0,2490000.0,0.0,False,12.0,0.01724,0.5,24.0,"conversion - present, capturing none",False,False
17199021003,Williamson County,IL,micro,545,49177,False,ffiec_ratio,17.0,12.0,0.0,12.0,1310000.0,0.0,True,12.0,0.02202,0.70588,17.0,siting - outside the footprint,False,False
17197882100,Will County,IL,metro,806,70333,True,ffiec_ratio,26.0,12.0,0.0,12.0,2100000.0,0.0,True,12.0,0.01489,0.46154,26.0,siting - outside the footprint,False,False
17031680900,Cook County,IL,metro,1814,44375,True,ffiec_ratio,33.0,12.0,0.0,12.0,3090000.0,0.0,False,12.0,0.00662,0.36364,33.0,"conversion - present, capturing none",False,False
17097862502,Lake County,IL,metro,574,58900,True,ffiec_ratio,30.0,13.0,1.0,12.0,1815000.0,7.692,True,12.0,0.02091,0.4,27.69,siting - outside the footprint,False,False
17069970900,Hardin County,IL,rural,692,68622,False,ffiec_ratio,33.0,12.0,0.0,12.0,1860000.0,0.0,True,12.0,0.01734,0.36364,33.0,siting - outside the footprint,False,False
17031292400,Cook County,IL,metro,722,72535,True,ffiec_ratio,39.0,12.0,0.0,12.0,3720000.0,0.0,True,12.0,0.01662,0.30769,39.0,siting - outside the footprint,False,False
17031570100,Cook County,IL,metro,431,79618,True,ffiec_ratio,38.0,12.0,0.0,12.0,2590000.0,0.0,True,12.0,0.02784,0.31579,38.0,siting - outside the footprint,False,False
55105001500,Rock County,WI,metro,680,64948,False,ffiec_ratio,23.0,12.0,0.0,12.0,3380000.0,0.0,False,12.0,0.01765,0.52174,23.0,"conversion - present, capturing none",False,False
17031660301,Cook County,IL,metro,656,27778,True,ffiec_ratio,22.0,12.0,0.0,12.0,2690000.0,0.0,True,12.0,0.01829,0.54545,22.0,siting - outside the footprint,False,False
17115000200,Macon County,IL,metro,818,57955,True,ffiec_ratio,24.0,12.0,0.0,12.0,1240000.0,0.0,True,12.0,0.01467,0.5,24.0,siting - outside the footprint,False,False
55025001606,Dane County,WI,metro,2211,81148,True,ffiec_ratio,12.0,12.0,0.0,12.0,95960000.0,0.0,False,12.0,0.00543,1.0,12.0,"conversion - present, capturing none",False,False
55079160206,Milwaukee County,WI,metro,988,93750,False,ffiec_ratio,30.0,12.0,1.0,11.0,36410000.0,8.333,False,11.0,0.01113,0.36667,27.5,"conversion - present, under-capturing",False,False
55127000501,Walworth County,WI,micro,1075,53500,False,ffiec_ratio,14.0,11.0,0.0,11.0,11535000.0,0.0,False,11.0,0.01023,0.78571,14.0,"conversion - present, capturing none",False,False
17031842500,Cook County,IL,metro,1033,39268,True,ffiec_ratio,21.0,11.0,0.0,11.0,2065000.0,0.0,False,11.0,0.01065,0.52381,21.0,"conversion - present, capturing none",False,False
55079013500,Milwaukee County,WI,metro,868,42377,True,ffiec_ratio,22.0,11.0,0.0,11.0,20895000.0,0.0,False,11.0,0.01267,0.5,22.0,"conversion - present, capturing none",False,False
17095000900,Knox County,IL,micro,955,72656,True,ffiec_ratio,22.0,11.0,0.0,11.0,1235000.0,0.0,True,11.0,0.01152,0.5,22.0,siting - outside the footprint,False,False
17031570400,Cook County,IL,metro,630,73962,False,ffiec_ratio,20.0,11.0,0.0,11.0,1525000.0,0.0,True,11.0,0.01746,0.55,20.0,siting - outside the footprint,False,False
17031844600,Cook County,IL,metro,841,95310,True,ffiec_ratio,27.0,11.0,0.0,11.0,5755000.0,0.0,False,11.0,0.01308,0.40741,27.0,"conversion - present, capturing none",False,False
17031252101,Cook County,IL,metro,751,58470,True,ffiec_ratio,21.0,11.0,0.0,11.0,2465000.0,0.0,True,11.0,0.01465,0.52381,21.0,siting - outside the footprint,False,False
17031301801,Cook County,IL,metro,1209,58833,True,ffiec_ratio,22.0,11.0,0.0,11.0,2775000.0,0.0,True,11.0,0.0091,0.5,22.0,siting - outside the footprint,False,False
17031061800,Cook County,IL,metro,773,162885,False,ffiec_ratio,16.0,11.0,0.0,11.0,4845000.0,0.0,True,11.0,0.01423,0.6875,16.0,siting - outside the footprint,False,False
17077011001,Jackson County,IL,micro,775,110000,False,ffiec_ratio,31.0,11.0,0.0,11.0,3105000.0,0.0,True,11.0,0.01419,0.35484,31.0,siting - outside the footprint,False,False
17029000800,Coles County,IL,micro,667,44333,False,ffiec_ratio,17.0,11.0,0.0,11.0,8375000.0,0.0,True,11.0,0.01649,0.64706,17.0,siting - outside the footprint,False,False
17169970100,Schuyler County,IL,rural,670,96250,False,ffiec_ratio,17.0,11.0,0.0,11.0,1485000.0,0.0,True,11.0,0.01642,0.64706,17.0,siting - outside the footprint,False,False
17001000700,Adams County,IL,micro,718,,True,ffiec_ratio,12.0,11.0,0.0,11.0,1635000.0,0.0,True,11.0,0.01532,0.91667,12.0,siting - outside the footprint,False,True
55033970801,Dunn County,WI,micro,399,,True,ffiec_ratio,18.0,11.0,0.0,11.0,1985000.0,0.0,True,11.0,0.02757,0.61111,18.0,siting - outside the footprint,False,True
55035001101,Eau Claire County,WI,metro,1178,104190,False,ffiec_ratio,17.0,11.0,0.0,11.0,26515000.0,0.0,False,11.0,0.00934,0.64706,17.0,"conversion - present, capturing none",False,False
17183000100,Vermilion County,IL,micro,690,58828,True,ffiec_ratio,18.0,11.0,0.0,11.0,2185000.0,0.0,True,11.0,0.01594,0.61111,18.0,siting - outside the footprint,False,False
55079014300,Milwaukee County,WI,metro,1780,126932,False,ffiec_ratio,20.0,12.0,2.0,10.0,20970000.0,16.667,False,10.0,0.00562,0.5,16.67,"conversion - present, under-capturing",False,False
55079011100,Milwaukee County,WI,metro,915,108922,False,ffiec_ratio,17.0,11.0,1.0,10.0,45325000.0,9.091,False,10.0,0.01093,0.58824,15.45,"conversion - present, under-capturing",False,False
17031671800,Cook County,IL,metro,403,41023,True,ffiec_ratio,31.0,10.0,0.0,10.0,1580000.0,0.0,True,10.0,0.02481,0.32258,31.0,siting - outside the footprint,False,False
55078940103,Menominee County,WI,micro,400,71625,True,ffiec_ratio,15.0,10.0,0.0,10.0,1430000.0,0.0,True,10.0,0.025,0.66667,15.0,siting - outside the footprint,False,False
17031400300,Cook County,IL,metro,613,100227,True,ffiec_ratio,30.0,10.0,0.0,10.0,3910000.0,0.0,False,10.0,0.01631,0.33333,30.0,"conversion - present, capturing none",False,False
17031690300,Cook County,IL,metro,738,33854,True,ffiec_ratio,23.0,10.0,0.0,10.0,6380000.0,0.0,False,10.0,0.01355,0.43478,23.0,"conversion - present, capturing none",False,False
17031301702,Cook County,IL,metro,1202,76612,True,ffiec_ratio,28.0,10.0,0.0,10.0,1690000.0,0.0,True,10.0,0.00832,0.35714,28.0,siting - outside the footprint,False,False
55079008400,Milwaukee County,WI,metro,284,27639,True,ffiec_ratio,25.0,10.0,0.0,10.0,1320000.0,0.0,False,10.0,0.03521,0.4,25.0,"conversion - present, capturing none",False,False
55079014600,Milwaukee County,WI,metro,954,,True,ffiec_ratio,11.0,10.0,0.0,10.0,28070000.0,0.0,False,10.0,0.01048,0.90909,11.0,"conversion - present, capturing none",False,True
17031230300,Cook County,IL,metro,253,65500,True,ffiec_ratio,28.0,10.0,0.0,10.0,5000000.0,0.0,True,10.0,0.03953,0.35714,28.0,siting - outside the footprint,False,False
17031351400,Cook County,IL,metro,749,49625,True,ffiec_ratio,23.0,10.0,0.0,10.0,4180000.0,0.0,False,10.0,0.01335,0.43478,23.0,"conversion - present, capturing none",False,False
17163501200,St. Clair County,IL,metro,680,73582,True,ffiec_ratio,42.0,10.0,0.0,10.0,600000.0,0.0,False,10.0,0.01471,0.2381,42.0,"conversion - present, capturing none",False,False
17031030701,Cook County,IL,metro,917,85000,True,ffiec_ratio,22.0,10.0,0.0,10.0,8420000.0,0.0,False,10.0,0.01091,0.45455,22.0,"conversion - present, capturing none",False,False
17149952400,Pike County,IL,rural,1230,70114,False,ffiec_ratio,27.0,10.0,0.0,10.0,1200000.0,0.0,True,10.0,0.00813,0.37037,27.0,siting - outside the footprint,False,False
17031840800,Cook County,IL,metro,996,58821,True,ffiec_ratio,30.0,10.0,0.0,10.0,1900000.0,0.0,True,10.0,0.01004,0.33333,30.0,siting - outside the footprint,False,False
17069971000,Hardin County,IL,rural,853,69327,False,ffiec_ratio,36.0,10.0,0.0,10.0,1490000.0,0.0,True,10.0,0.01172,0.27778,36.0,siting - outside the footprint,False,False
17031671200,Cook County,IL,metro,242,42212,True,ffiec_ratio,26.0,10.0,0.0,10.0,2010000.0,0.0,True,10.0,0.04132,0.38462,26.0,siting - outside the footprint,False,False
17077011400,Jackson County,IL,micro,1622,52446,False,ffiec_ratio,15.0,10.0,0.0,10.0,1590000.0,0.0,True,10.0,0.00617,0.66667,15.0,siting - outside the footprint,False,False
17115000501,Macon County,IL,metro,441,,True,ffiec_ratio,15.0,10.0,0.0,10.0,1100000.0,0.0,True,10.0,0.02268,0.66667,15.0,siting - outside the footprint,False,True
17031251700,Cook County,IL,metro,442,58452,True,ffiec_ratio,19.0,10.0,0.0,10.0,2280000.0,0.0,True,10.0,0.02262,0.52632,19.0,siting - outside the footprint,False,False
17031830800,Cook County,IL,metro,1730,172500,False,ffiec_ratio,22.0,10.0,0.0,10.0,10380000.0,0.0,True,10.0,0.00578,0.45455,22.0,siting - outside the footprint,False,False
55079013700,Milwaukee County,WI,metro,776,22778,True,ffiec_ratio,27.0,10.0,0.0,10.0,7700000.0,0.0,False,10.0,0.01289,0.37037,27.0,"conversion - present, capturing none",False,False
17031570500,Cook County,IL,metro,801,81034,True,ffiec_ratio,28.0,10.0,0.0,10.0,2460000.0,0.0,True,10.0,0.01248,0.35714,28.0,siting - outside the footprint,False,False
17019005901,Champaign County,IL,metro,445,,False,ffiec_ratio,14.0,9.0,0.0,9.0,12885000.0,0.0,True,9.0,0.02022,0.64286,14.0,siting - outside the footprint,False,True
17031030603,Cook County,IL,metro,1302,89432,True,ffiec_ratio,15.0,9.0,0.0,9.0,1575000.0,0.0,False,9.0,0.00691,0.6,15.0,"conversion - present, capturing none",False,False
17031260200,Cook County,IL,metro,423,49736,True,ffiec_ratio,14.0,9.0,0.0,9.0,2725000.0,0.0,True,9.0,0.02128,0.64286,14.0,siting - outside the footprint,False,False
55079186800,Milwaukee County,WI,metro,841,37935,True,ffiec_ratio,14.0,9.0,0.0,9.0,5515000.0,0.0,False,9.0,0.0107,0.64286,14.0,"conversion - present, capturing none",False,False
17031271400,Cook County,IL,metro,610,53068,True,ffiec_ratio,27.0,9.0,0.0,9.0,1815000.0,0.0,True,9.0,0.01475,0.33333,27.0,siting - outside the footprint,False,False
17201001100,Winnebago County,IL,metro,730,44509,True,ffiec_ratio,15.0,9.0,0.0,9.0,825000.0,0.0,False,9.0,0.01233,0.6,15.0,"conversion - present, capturing none",False,False
17031611400,Cook County,IL,metro,1026,30429,True,ffiec_ratio,28.0,9.0,0.0,9.0,2285000.0,0.0,False,9.0,0.00877,0.32143,28.0,"conversion - present, capturing none",False,False
17031520100,Cook County,IL,metro,492,48403,True,ffiec_ratio,15.0,9.0,0.0,9.0,1525000.0,0.0,True,9.0,0.01829,0.6,15.0,siting - outside the footprint,False,False
55079012300,Milwaukee County,WI,metro,441,81492,True,ffiec_ratio,28.0,9.0,0.0,9.0,1435000.0,0.0,False,9.0,0.02041,0.32143,28.0,"conversion - present, capturing none",False,False
17031671100,Cook County,IL,metro,476,18553,True,ffiec_ratio,31.0,9.0,0.0,9.0,1615000.0,0.0,True,9.0,0.01891,0.29032,31.0,siting - outside the footprint,False,False
17089852904,Kane County,IL,metro,550,73388,True,ffiec_ratio,23.0,9.0,0.0,9.0,1525000.0,0.0,True,9.0,0.01636,0.3913,23.0,siting - outside the footprint,False,False
17163501400,St. Clair County,IL,metro,672,66389,True,ffiec_ratio,31.0,9.0,0.0,9.0,525000.0,0.0,False,9.0,0.01339,0.29032,31.0,"conversion - present, capturing none",False,False
17097862800,Lake County,IL,metro,732,22632,True,ffiec_ratio,20.0,9.0,0.0,9.0,1175000.0,0.0,True,9.0,0.0123,0.45,20.0,siting - outside the footprint,False,False
17031680600,Cook County,IL,metro,454,56468,True,ffiec_ratio,25.0,9.0,0.0,9.0,1875000.0,0.0,False,9.0,0.01982,0.36,25.0,"conversion - present, capturing none",False,False
17031834000,Cook County,IL,metro,1190,35976,True,ffiec_ratio,28.0,9.0,0.0,9.0,1595000.0,0.0,True,9.0,0.00756,0.32143,28.0,siting - outside the footprint,False,False
17149952800,Pike County,IL,rural,692,72500,False,ffiec_ratio,21.0,9.0,0.0,9.0,945000.0,0.0,True,9.0,0.01301,0.42857,21.0,siting - outside the footprint,False,False
17031835600,Cook County,IL,metro,351,2499,True,ffiec_ratio,21.0,9.0,1.0,8.0,1795000.0,11.111,False,8.0,0.02279,0.38095,18.67,"conversion - present, under-capturing",False,False
17159978000,Richland County,IL,rural,865,52204,True,ffiec_ratio,14.0,8.0,0.0,8.0,590000.0,0.0,True,8.0,0.00925,0.57143,14.0,siting - outside the footprint,False,False
17031340400,Cook County,IL,metro,705,33631,True,ffiec_ratio,16.0,8.0,0.0,8.0,1840000.0,0.0,False,8.0,0.01135,0.5,16.0,"conversion - present, capturing none",False,False
17115002905,Macon County,IL,metro,539,75542,False,ffiec_ratio,9.0,8.0,0.0,8.0,790000.0,0.0,True,8.0,0.01484,0.88889,9.0,siting - outside the footprint,False,False
17109010401,McDonough County,IL,micro,557,,False,ffiec_ratio,15.0,8.0,0.0,8.0,1070000.0,0.0,True,8.0,0.01436,0.53333,15.0,siting - outside the footprint,False,True
17031280400,Cook County,IL,metro,613,41503,True,ffiec_ratio,10.0,8.0,0.0,8.0,49480000.0,0.0,False,8.0,0.01305,0.8,10.0,"conversion - present, capturing none",False,False
17031271300,Cook County,IL,metro,343,45996,True,ffiec_ratio,17.0,8.0,0.0,8.0,2340000.0,0.0,True,8.0,0.02332,0.47059,17.0,siting - outside the footprint,False,False
17031231100,Cook County,IL,metro,433,66042,False,ffiec_ratio,17.0,8.0,0.0,8.0,2650000.0,0.0,True,8.0,0.01848,0.47059,17.0,siting - outside the footprint,False,False
17031670600,Cook County,IL,metro,375,60000,True,ffiec_ratio,16.0,8.0,0.0,8.0,1300000.0,0.0,True,8.0,0.02133,0.5,16.0,siting - outside the footprint,False,False
17031843300,Cook County,IL,metro,432,95354,True,ffiec_ratio,20.0,8.0,0.0,8.0,3450000.0,0.0,False,8.0,0.01852,0.4,20.0,"conversion - present, capturing none",False,False
17031260300,Cook County,IL,metro,518,41510,True,ffiec_ratio,32.0,8.0,0.0,8.0,1910000.0,0.0,True,8.0,0.01544,0.25,32.0,siting - outside the footprint,False,False
17143001300,Peoria County,IL,metro,726,49048,True,ffiec_ratio,28.0,8.0,0.0,8.0,890000.0,0.0,True,8.0,0.01102,0.28571,28.0,siting - outside the footprint,False,False
17031271200,Cook County,IL,metro,402,36944,True,ffiec_ratio,32.0,8.0,0.0,8.0,9350000.0,0.0,False,8.0,0.0199,0.25,32.0,"conversion - present, capturing none",False,False
55079014800,Milwaukee County,WI,metro,856,31477,True,ffiec_ratio,15.0,8.0,0.0,8.0,3810000.0,0.0,False,8.0,0.00935,0.53333,15.0,"conversion - present, capturing none",False,False
17143001200,Peoria County,IL,metro,757,60150,True,ffiec_ratio,15.0,8.0,0.0,8.0,2760000.0,0.0,True,8.0,0.01057,0.53333,15.0,siting - outside the footprint,False,False
55105000100,Rock County,WI,metro,540,56792,True,ffiec_ratio,11.0,8.0,1.0,7.0,7280000.0,12.5,False,7.0,0.01296,0.63636,9.63,"conversion - present, under-capturing",False,False
17163501300,St. Clair County,IL,metro,972,41592,True,ffiec_ratio,31.0,7.0,0.0,7.0,435000.0,0.0,True,7.0,0.0072,0.22581,31.0,siting - outside the footprint,False,False
17031230800,Cook County,IL,metro,386,65139,True,ffiec_ratio,10.0,7.0,0.0,7.0,3385000.0,0.0,True,7.0,0.01813,0.7,10.0,siting - outside the footprint,False,False
17031829000,Cook County,IL,metro,343,32625,True,ffiec_ratio,17.0,7.0,0.0,7.0,1045000.0,0.0,True,7.0,0.02041,0.41176,17.0,siting - outside the footprint,False,False
17031381500,Cook County,IL,metro,401,,True,ffiec_ratio,19.0,7.0,0.0,7.0,4645000.0,0.0,False,7.0,0.01746,0.36842,19.0,"conversion - present, capturing none",False,True
17115000900,Macon County,IL,metro,576,33688,True,ffiec_ratio,20.0,7.0,0.0,7.0,295000.0,0.0,True,7.0,0.01215,0.35,20.0,siting - outside the footprint,False,False
17153971100,Pulaski County,IL,rural,992,55449,True,ffiec_ratio,29.0,7.0,0.0,7.0,1225000.0,0.0,True,7.0,0.00706,0.24138,29.0,siting - outside the footprint,False,False
17031280800,Cook County,IL,metro,425,39261,True,ffiec_ratio,13.0,7.0,0.0,7.0,2575000.0,0.0,False,7.0,0.01647,0.53846,13.0,"conversion - present, capturing none",False,False
17019000301,Champaign County,IL,metro,2974,2499,True,ffiec_ratio,7.0,7.0,0.0,7.0,94015000.0,0.0,True,7.0,0.00235,1.0,7.0,siting - outside the footprint,False,False
17031410100,Cook County,IL,metro,1403,154205,False,ffiec_ratio,20.0,7.0,0.0,7.0,1625000.0,0.0,False,7.0,0.00499,0.35,20.0,"conversion - present, capturing none",False,False
17143000300,Peoria County,IL,metro,558,27604,True,ffiec_ratio,22.0,7.0,0.0,7.0,285000.0,0.0,True,7.0,0.01254,0.31818,22.0,siting - outside the footprint,False,False
17031291600,Cook County,IL,metro,626,127932,False,ffiec_ratio,10.0,7.0,0.0,7.0,3505000.0,0.0,False,7.0,0.01118,0.7,10.0,"conversion - present, capturing none",False,False
17163500900,St. Clair County,IL,metro,1188,,True,ffiec_ratio,18.0,7.0,0.0,7.0,395000.0,0.0,False,7.0,0.00589,0.38889,18.0,"conversion - present, capturing none",False,True
17031430700,Cook County,IL,metro,1210,71311,True,ffiec_ratio,21.0,7.0,0.0,7.0,23295000.0,0.0,True,7.0,0.00579,0.33333,21.0,siting - outside the footprint,False,False
55079014900,Milwaukee County,WI,metro,597,78750,True,ffiec_ratio,12.0,7.0,0.0,7.0,5895000.0,0.0,False,7.0,0.01173,0.58333,12.0,"conversion - present, capturing none",False,False
55025001604,Dane County,WI,metro,2183,37421,True,ffiec_ratio,7.0,6.0,0.0,6.0,23890000.0,0.0,False,6.0,0.00275,0.85714,7.0,"conversion - present, capturing none",False,False
17031251000,Cook County,IL,metro,407,66827,True,ffiec_ratio,18.0,6.0,0.0,6.0,1180000.0,0.0,True,6.0,0.01474,0.33333,18.0,siting - outside the footprint,False,False
17031710100,Cook County,IL,metro,496,74727,True,ffiec_ratio,25.0,6.0,0.0,6.0,1380000.0,0.0,True,6.0,0.0121,0.24,25.0,siting - outside the footprint,False,False
17031400800,Cook County,IL,metro,1314,,True,ffiec_ratio,29.0,6.0,0.0,6.0,2510000.0,0.0,False,6.0,0.00457,0.2069,29.0,"conversion - present, capturing none",False,True
17161023600,Rock Island County,IL,metro,498,33786,True,ffiec_ratio,22.0,6.0,0.0,6.0,340000.0,0.0,True,6.0,0.01205,0.27273,22.0,siting - outside the footprint,False,False
17031843500,Cook County,IL,metro,204,105625,True,ffiec_ratio,17.0,6.0,0.0,6.0,1090000.0,0.0,True,6.0,0.02941,0.35294,17.0,siting - outside the footprint,False,False
17031611600,Cook County,IL,metro,438,82424,True,ffiec_ratio,18.0,6.0,0.0,6.0,1040000.0,0.0,True,6.0,0.0137,0.33333,18.0,siting - outside the footprint,False,False
17143000900,Peoria County,IL,metro,1324,40551,True,ffiec_ratio,10.0,6.0,0.0,6.0,3130000.0,0.0,True,6.0,0.00453,0.6,10.0,siting - outside the footprint,False,False
17019000302,Champaign County,IL,metro,1906,,False,ffiec_ratio,7.0,6.0,0.0,6.0,9600000.0,0.0,True,6.0,0.00315,0.85714,7.0,siting - outside the footprint,False,True
17019011100,Champaign County,IL,metro,1169,96635,True,ffiec_ratio,8.0,6.0,0.0,6.0,2670000.0,0.0,True,6.0,0.00513,0.75,8.0,siting - outside the footprint,False,False
17031420100,Cook County,IL,metro,786,53731,True,ffiec_ratio,10.0,6.0,0.0,6.0,3780000.0,0.0,False,6.0,0.00763,0.6,10.0,"conversion - present, capturing none",False,False
17031610400,Cook County,IL,metro,556,56816,True,ffiec_ratio,16.0,6.0,0.0,6.0,940000.0,0.0,False,6.0,0.01079,0.375,16.0,"conversion - present, capturing none",False,False
17037001002,DeKalb County,IL,metro,2997,28799,True,ffiec_ratio,8.0,6.0,1.0,5.0,35370000.0,16.667,True,5.0,0.00167,0.625,6.67,siting - outside the footprint,False,False
17031260400,Cook County,IL,metro,526,,True,ffiec_ratio,19.0,5.0,0.0,5.0,1415000.0,0.0,True,5.0,0.00951,0.26316,19.0,siting - outside the footprint,False,True
17031843400,Cook County,IL,metro,477,52500,True,ffiec_ratio,15.0,5.0,0.0,5.0,1315000.0,0.0,True,5.0,0.01048,0.33333,15.0,siting - outside the footprint,False,False
17031351500,Cook County,IL,metro,380,75735,True,ffiec_ratio,9.0,5.0,0.0,5.0,935000.0,0.0,False,5.0,0.01316,0.55556,9.0,"conversion - present, capturing none",False,False
17115000600,Macon County,IL,metro,621,33681,True,ffiec_ratio,17.0,5.0,0.0,5.0,1215000.0,0.0,True,5.0,0.00805,0.29412,17.0,siting - outside the footprint,False,False
17183000200,Vermilion County,IL,micro,552,,True,ffiec_ratio,11.0,5.0,0.0,5.0,1825000.0,0.0,True,5.0,0.00906,0.45455,11.0,siting - outside the footprint,False,True
17077011702,Jackson County,IL,micro,647,35577,False,ffiec_ratio,10.0,5.0,0.0,5.0,855000.0,0.0,True,5.0,0.00773,0.5,10.0,siting - outside the footprint,False,False
17031270500,Cook County,IL,metro,605,36089,True,ffiec_ratio,17.0,5.0,0.0,5.0,1425000.0,0.0,True,5.0,0.00826,0.29412,17.0,siting - outside the footprint,False,False
17031271800,Cook County,IL,metro,253,64563,True,ffiec_ratio,15.0,5.0,0.0,5.0,2055000.0,0.0,False,5.0,0.01976,0.33333,15.0,"conversion - present, capturing none",False,False
17019005902,Champaign County,IL,metro,809,42930,True,ffiec_ratio,5.0,5.0,0.0,5.0,3655000.0,0.0,True,5.0,0.00618,1.0,5.0,siting - outside the footprint,False,False
17031260100,Cook County,IL,metro,661,56050,True,ffiec_ratio,16.0,4.0,0.0,4.0,1110000.0,0.0,True,4.0,0.00605,0.25,16.0,siting - outside the footprint,False,False
17095000800,Knox County,IL,micro,952,56373,True,ffiec_ratio,10.0,4.0,0.0,4.0,340000.0,0.0,True,4.0,0.0042,0.4,10.0,siting - outside the footprint,False,False
17031836500,Cook County,IL,metro,728,42162,True,ffiec_ratio,14.0,4.0,0.0,4.0,710000.0,0.0,False,4.0,0.00549,0.28571,14.0,"conversion - present, capturing none",False,False
17119400700,Madison County,IL,metro,667,30541,True,ffiec_ratio,25.0,4.0,0.0,4.0,350000.0,0.0,False,4.0,0.006,0.16,25.0,"conversion - present, capturing none",False,False
17115002001,Macon County,IL,metro,648,41875,True,ffiec_ratio,7.0,4.0,0.0,4.0,320000.0,0.0,True,4.0,0.00617,0.57143,7.0,siting - outside the footprint,False,False
17143005000,Peoria County,IL,metro,948,39444,True,ffiec_ratio,14.0,4.0,0.0,4.0,140000.0,0.0,True,4.0,0.00422,0.28571,14.0,siting - outside the footprint,False,False
55079008500,Milwaukee County,WI,metro,415,,True,ffiec_ratio,13.0,4.0,0.0,4.0,1330000.0,0.0,False,4.0,0.00964,0.30769,13.0,"conversion - present, capturing none",False,True
17031841700,Cook County,IL,metro,635,107292,True,ffiec_ratio,13.0,4.0,0.0,4.0,1150000.0,0.0,True,4.0,0.0063,0.30769,13.0,siting - outside the footprint,False,False
17163504501,St. Clair County,IL,metro,1021,31378,True,ffiec_ratio,15.0,4.0,0.0,4.0,300000.0,0.0,False,4.0,0.00392,0.26667,15.0,"conversion - present, capturing none",False,False
55079014700,Milwaukee County,WI,metro,724,,True,ffiec_ratio,6.0,4.0,0.0,4.0,5020000.0,0.0,False,4.0,0.00552,0.66667,6.0,"conversion - present, capturing none",False,True
17031351000,Cook County,IL,metro,2503,71636,True,ffiec_ratio,8.0,3.0,0.0,3.0,1545000.0,0.0,False,3.0,0.0012,0.375,8.0,"conversion - present, capturing none",False,False
17031461000,Cook County,IL,metro,734,,True,ffiec_ratio,7.0,3.0,0.0,3.0,325000.0,0.0,True,3.0,0.00409,0.42857,7.0,siting - outside the footprint,False,True
17089851500,Kane County,IL,metro,382,51780,False,ffiec_ratio,9.0,3.0,0.0,3.0,485000.0,0.0,False,3.0,0.00785,0.33333,9.0,"conversion - present, capturing none",False,False
55025003200,Dane County,WI,metro,1168,53005,True,ffiec_ratio,3.0,3.0,0.0,3.0,855000.0,0.0,False,3.0,0.00257,1.0,3.0,"conversion - present, capturing none",False,False
17031540101,Cook County,IL,metro,1596,,True,ffiec_ratio,14.0,3.0,0.0,3.0,615000.0,0.0,True,3.0,0.00188,0.21429,14.0,siting - outside the footprint,False,True
55079186000,Milwaukee County,WI,metro,828,32000,True,ffiec_ratio,8.0,3.0,0.0,3.0,675000.0,0.0,False,3.0,0.00362,0.375,8.0,"conversion - present, capturing none",False,False
17037001003,DeKalb County,IL,metro,1666,15823,True,ffiec_ratio,4.0,3.0,0.0,3.0,735000.0,0.0,True,3.0,0.0018,0.75,4.0,siting - outside the footprint,False,False
17031827300,Cook County,IL,metro,963,,True,ffiec_ratio,34.0,3.0,0.0,3.0,575000.0,0.0,True,3.0,0.00312,0.08824,34.0,siting - outside the footprint,False,True
17003957800,Alexander County,IL,metro,404,46354,True,ffiec_ratio,21.0,3.0,0.0,3.0,125000.0,0.0,True,3.0,0.00743,0.14286,21.0,siting - outside the footprint,False,False
17081051000,Jefferson County,IL,micro,474,,True,ffiec_ratio,7.0,3.0,0.0,3.0,195000.0,0.0,True,3.0,0.00633,0.42857,7.0,siting - outside the footprint,False,True
17087980000,Johnson County,IL,rural,5,,True,ffiec_ratio,3.0,3.0,0.0,3.0,255000.0,0.0,True,3.0,0.6,1.0,3.0,siting - outside the footprint,False,True
17197881302,Will County,IL,metro,278,54550,True,ffiec_ratio,10.0,2.0,0.0,2.0,150000.0,0.0,True,2.0,0.00719,0.2,10.0,siting - outside the footprint,False,False
17163500500,St. Clair County,IL,metro,650,56883,True,ffiec_ratio,9.0,2.0,0.0,2.0,140000.0,0.0,False,2.0,0.00308,0.22222,9.0,"conversion - present, capturing none",False,False
17167001400,Sangamon County,IL,metro,589,65682,True,ffiec_ratio,3.0,2.0,0.0,2.0,2110000.0,0.0,True,2.0,0.0034,0.66667,3.0,siting - outside the footprint,False,False
17031770500,Cook County,IL,metro,1171,76026,True,ffiec_ratio,18.0,2.0,0.0,2.0,740000.0,0.0,True,2.0,0.00171,0.11111,18.0,siting - outside the footprint,False,False
17201002900,Winnebago County,IL,metro,990,83661,True,ffiec_ratio,4.0,2.0,0.0,2.0,3010000.0,0.0,False,2.0,0.00202,0.5,4.0,"conversion - present, capturing none",False,False
17031360200,Cook County,IL,metro,797,28813,True,ffiec_ratio,6.0,2.0,0.0,2.0,290000.0,0.0,False,2.0,0.00251,0.33333,6.0,"conversion - present, capturing none",False,False
17037002200,DeKalb County,IL,metro,397,86429,True,ffiec_ratio,2.0,2.0,0.0,2.0,21350000.0,0.0,True,2.0,0.00504,1.0,2.0,siting - outside the footprint,False,False
55025000408,Dane County,WI,metro,1358,,True,ffiec_ratio,2.0,2.0,0.0,2.0,30740000.0,0.0,False,2.0,0.00147,1.0,2.0,"conversion - present, capturing none",False,True
17163502800,St. Clair County,IL,metro,740,27163,True,ffiec_ratio,8.0,2.0,0.0,2.0,190000.0,0.0,True,2.0,0.0027,0.25,8.0,siting - outside the footprint,False,False
17031836200,Cook County,IL,metro,128,248958,False,ffiec_ratio,3.0,2.0,0.0,2.0,340000.0,0.0,False,2.0,0.01563,0.66667,3.0,"conversion - present, capturing none",False,False
55025001101,Dane County,WI,metro,1820,,True,ffiec_ratio,2.0,2.0,0.0,2.0,2610000.0,0.0,False,2.0,0.0011,1.0,2.0,"conversion - present, capturing none",False,True
17019000402,Champaign County,IL,metro,1339,2499,True,ffiec_ratio,2.0,2.0,0.0,2.0,813090000.0,0.0,True,2.0,0.00149,1.0,2.0,siting - outside the footprint,False,False
17163502900,St. Clair County,IL,metro,623,46806,True,ffiec_ratio,23.0,2.0,0.0,2.0,100000.0,0.0,True,2.0,0.00321,0.08696,23.0,siting - outside the footprint,False,False
17163501100,St. Clair County,IL,metro,363,,True,ffiec_ratio,11.0,1.0,0.0,1.0,35000.0,0.0,False,1.0,0.00275,0.09091,11.0,"conversion - present, capturing none",False,True
17163502200,St. Clair County,IL,metro,339,45357,True,ffiec_ratio,7.0,1.0,0.0,1.0,65000.0,0.0,True,1.0,0.00295,0.14286,7.0,siting - outside the footprint,False,False
55025001603,Dane County,WI,metro,2232,,True,ffiec_ratio,1.0,1.0,0.0,1.0,76805000.0,0.0,False,1.0,0.00045,1.0,1.0,"conversion - present, capturing none",False,True
17113000200,McLean County,IL,metro,268,,True,ffiec_ratio,1.0,1.0,0.0,1.0,4125000.0,0.0,True,1.0,0.00373,1.0,1.0,siting - outside the footprint,False,True
17163502500,St. Clair County,IL,metro,325,43750,True,ffiec_ratio,5.0,1.0,0.0,1.0,105000.0,0.0,True,1.0,0.00308,0.2,5.0,siting - outside the footprint,False,False
55075990000,Marinette County,WI,micro,0,,True,ffiec_ratio,1.0,1.0,0.0,1.0,18615000.0,0.0,False,1.0,,1.0,1.0,"conversion - present, capturing none",False,True
17163502700,St. Clair County,IL,metro,282,,True,ffiec_ratio,10.0,1.0,0.0,1.0,55000.0,0.0,True,1.0,0.00355,0.1,10.0,siting - outside the footprint,False,True
17019000401,Champaign County,IL,metro,802,,True,ffiec_ratio,1.0,1.0,0.0,1.0,500005000.0,0.0,True,1.0,0.00125,1.0,1.0,siting - outside the footprint,False,True
55079014100,Milwaukee County,WI,metro,938,32725,True,ffiec_ratio,2.0,1.0,0.0,1.0,505000.0,0.0,False,1.0,0.00107,0.5,2.0,"conversion - present, capturing none",False,False
17031351100,Cook County,IL,metro,1056,19412,True,ffiec_ratio,2.0,1.0,0.0,1.0,405000.0,0.0,False,1.0,0.00095,0.5,2.0,"conversion - present, capturing none",False,False
17115003100,Macon County,IL,metro,454,43117,True,ffiec_ratio,15.0,1.0,0.0,1.0,365000.0,0.0,True,1.0,0.0022,0.06667,15.0,siting - outside the footprint,False,False
55025001102,Dane County,WI,metro,81,,True,ffiec_ratio,1.0,1.0,0.0,1.0,1325000.0,0.0,False,1.0,0.01235,1.0,1.0,"conversion - present, capturing none",False,True
